symbol,date,tag,state,close,reference,rvol20,closing_range,retention,penetration,result_atr,ret2,stop_proxy,turnover20
NOVARTIND,2026-10-09,NO_SETUP,,2049.0,2588.8,0.2534,0.6972,,-3.9805,0.4941,0.0192,-0.2634,176819770.0327
KIRLFER,2026-10-09,NO_SETUP,,458.7,489.0,1.3368,0.4161,,-1.7106,0.479,-0.0319,-0.0661,50545396.2487
GRAUWEIL,2026-10-09,NO_SETUP,,81.32,88.75,1.1401,0.5486,,-0.9971,0.838,0.0033,-0.0914,117901735.3782
KENNAMET,2026-10-09,NO_SETUP,,4165.7,5136.0,0.3308,0.7753,,-5.0598,0.2728,-0.0036,-0.2329,138309153.5689
ARTEMISMED,2026-10-09,NO_SETUP,,313.2,378.8,0.1518,0.6429,,-4.3197,0.3265,-0.016,-0.2095,504321857.3708
SIGNATURE,2026-10-09,NO_SETUP,,710.05,828.0,0.5575,0.3292,,-4.0668,0.0444,-0.0034,-0.1661,292549396.5558
LMW,2026-10-09,NO_SETUP,,16133.0,18600.0,0.9812,0.2333,,-3.9259,0.3959,-0.0408,-0.1529,68830091.1
AGARWALEYE,2026-10-09,NO_SETUP,,477.75,522.1,0.9363,0.7966,,-2.4089,0.4106,-0.0114,-0.0928,129021121.6138
HONAUT,2026-10-09,NO_SETUP,,32495.0,36485.0,0.4818,0.3109,,-3.9142,0.0328,-0.0255,-0.1228,151899175.5
VALIANTORG,2026-10-09,NO_SETUP,,467.7,505.0,0.7663,0.9006,,-1.1663,0.6053,-0.0253,-0.0798,78116640.1539
SAFARI,2026-10-09,NO_SETUP,,1319.6,1556.8,0.4839,0.8483,,-5.2639,0.6911,0.0003,-0.1798,61294246.1361
INDIASHLTR,2026-10-09,NO_SETUP,,643.45,688.0,0.3329,0.3606,,-1.6064,0.0026,0.0151,-0.0692,58547592.1164
PITTIENG,2026-10-09,NO_SETUP,,1023.6,1192.3498,2.0744,0.3737,,-2.3645,0.8937,-0.0848,-0.1649,107544724.1726
TVSHLTD,2026-10-09,NO_SETUP,,11441.0,13399.0,0.4336,0.1797,,-5.2526,0.2597,-0.0251,-0.1711,99197897.15
AIAENG,2026-10-09,NO_SETUP,,3737.7,4259.1001,0.4493,0.5841,,-3.979,0.0442,-0.0312,-0.1395,224859578.1536
SEAMECLTD,2026-10-09,NO_SETUP,,1571.2,1849.0,1.2236,0.7221,,-4.0355,0.0235,-0.0246,-0.1768,91800752.1356
3MINDIA,2026-10-09,NO_SETUP,,30170.0,35095.0,0.2844,0.6726,,-5.0965,0.1559,-0.0212,-0.1632,198078345.0
MANOMAY,2026-10-09,NO_SETUP,,239.33,245.43,1.838,0.9165,,-0.5472,0.7078,0.0103,-0.0255,50049876.5421
EIMCOELECO,2026-10-09,NO_SETUP,,2261.8,2448.4,0.9295,0.1877,,-1.2994,0.3001,0.0065,-0.0825,76156852.1571
SALSTEEL,2026-10-09,NO_SETUP,,85.89,102.4,1.4854,0.0971,,-2.0815,0.56,-0.0064,-0.1922,68106835.3926
DIFFNKG,2026-10-09,NO_SETUP,,428.25,477.9,0.7573,0.3289,,-1.586,0.043,-0.0543,-0.1159,68354142.8289
KANSAINER,2026-10-09,NO_SETUP,,181.29,194.49,0.4768,0.5753,,-1.8276,0.0897,-0.0577,-0.0728,56206504.7366
DALMIASUG,2026-10-09,NO_SETUP,,435.55,466.95,0.8048,0.3942,,-0.797,0.2776,-0.027,-0.0721,131784038.9104
MANGLMCEM,2026-10-09,NO_SETUP,,954.3,1057.0,0.6115,0.884,,-2.9947,0.1046,-0.0173,-0.1076,57136827.466
SATIN,2026-10-09,NO_SETUP,,223.87,244.0,0.2999,0.8797,,-1.7991,0.6101,0.0004,-0.0899,126301822.7685
RISHABH,2026-10-09,NO_SETUP,,677.9,848.4,4.7747,0.798,,-4.0997,0.8664,0.0055,-0.2515,134784204.0031
AVTNPL,2026-10-09,NO_SETUP,,94.78,102.0,20.0267,0.6818,,-0.325,1.7134,0.0679,-0.0762,95867179.9184
MAXESTATES,2026-10-09,NO_SETUP,,529.55,652.8,0.1801,0.3613,,-4.8829,0.0917,-0.0381,-0.2327,108712918.9918
NELCAST,2026-10-09,NO_SETUP,,142.48,150.84,0.7412,0.7169,,-0.7421,0.122,-0.026,-0.0587,86020864.6455
ETHOSLTD,2026-10-09,NO_SETUP,,2563.1,2781.6001,1.3145,0.3048,,-1.4029,0.3966,-0.0272,-0.0852,145811255.5264
NPST,2026-10-09,NO_SETUP,,1752.2,1931.9147,0.3447,0.5227,,-1.2668,0.3847,-0.0554,-0.1026,441797288.3324
ICRA,2026-10-09,NO_SETUP,,4424.8,4822.0,0.5242,0.9126,,-3.3147,1.0881,0.0181,-0.0898,117046648.2198
DCI,2026-10-09,NO_SETUP,,341.05,350.0,0.0548,0.2422,-4.475,0.0958,0.1988,-0.0031,-0.0262,115052552.6708
CELLO,2026-10-09,NO_SETUP,,364.95,398.0,0.4473,0.1115,,-1.1935,0.6861,-0.0658,-0.0906,737922095.2926
PAGEIND,2026-10-09,NO_SETUP,,36875.0,38465.0,0.4707,0.7179,,-1.6396,0.489,-0.0185,-0.0431,854544041.0
SANATHAN,2026-10-09,NO_SETUP,,503.2,544.3,0.1622,0.1964,,-1.4131,0.026,-0.0376,-0.0817,71144810.3193
INTERARCH,2026-10-09,NO_SETUP,,1700.1,1772.5,0.9487,0.7413,,-1.2386,0.1167,-0.0005,-0.0426,76890162.2515
KOLTEPATIL,2026-10-09,NO_SETUP,,427.9,484.9,22.2044,0.1825,,-0.8771,0.2649,-0.0184,-0.1332,71857764.5355
VAIBHAVGBL,2026-10-09,NO_SETUP,,201.67,221.79,1.1474,0.3439,,-2.3172,0.3111,0.0046,-0.0998,51198070.0869
CARRARO,2026-10-09,NO_SETUP,,508.5,564.5,0.5316,0.4756,,-3.0197,0.0784,-0.0475,-0.1101,60733066.6889
TCIEXP,2026-10-09,NO_SETUP,,466.15,583.2,0.2074,0.2117,,-3.9622,0.4551,-0.0672,-0.2511,181346699.5775
JNKINDIA,2026-10-09,NO_SETUP,,424.35,464.0,0.6096,0.4106,,-1.4015,0.0891,-0.0459,-0.0934,67165338.227
HONASA,2026-10-09,NO_SETUP,,468.7,493.0,0.1163,0.3617,,-0.9887,0.0648,-0.0175,-0.0518,1405624185.3773
CIEINDIA,2026-10-09,NO_SETUP,,370.75,398.1,0.5401,0.3858,,-2.5879,0.0993,-0.021,-0.0738,86251455.1253
CRAFTSMAN,2026-10-09,NO_SETUP,,10183.0,11999.0,0.4873,0.7531,,-5.03,0.4153,-0.0015,-0.1783,545241792.2
AKUMS,2026-10-09,NO_SETUP,,751.85,838.8,1.709,0.2162,,-1.5858,1.1784,-0.086,-0.1156,210669547.0775
LANDMARK,2026-10-09,NO_SETUP,,464.7,537.85,0.0745,0.1515,,-2.0886,0.1752,-0.0338,-0.1574,470082364.5034
RAMCOCEM,2026-10-09,NO_SETUP,,807.55,898.0,0.5392,0.2187,,-3.3169,0.4627,-0.0443,-0.112,182515483.7048
FMGOETZE,2026-10-09,NO_SETUP,,443.2,484.45,0.6842,0.5462,,-1.6919,0.464,0.0046,-0.0931,84213151.5802
MVGJL,2026-10-09,NO_SETUP,,207.87,228.85,0.5198,0.4057,,-1.1646,0.0324,-0.0213,-0.1009,80102925.4567
METROBRAND,2026-10-09,NO_SETUP,,864.65,959.0,0.2854,0.8491,,-3.3402,0.9007,0.0479,-0.1091,97249236.706
DBL,2026-10-09,NO_SETUP,,395.65,438.6099,0.1405,0.3148,,-3.0933,0.1447,-0.0332,-0.1086,91088172.0985
KINGFA,2026-10-09,NO_SETUP,,6611.0,6997.0,0.6972,0.1437,,-0.4752,0.8413,-0.0464,-0.0584,90559974.6341
RAINBOW,2026-10-09,NO_SETUP,,1250.2,1505.0,0.5092,0.7057,,-5.4071,0.4304,-0.0161,-0.2038,224459971.9682
THELEELA,2026-10-09,NO_SETUP,,587.5,607.25,0.6002,0.3445,-11.2857,0.0733,0.023,-0.0248,-0.0336,211077802.4525
PRIVISCL,2026-10-09,NO_SETUP,,3424.1,3705.0,0.4529,0.5957,,-2.2989,0.215,-0.027,-0.082,429375662.2571
PHOENIXLTD,2026-10-09,NO_SETUP,,1813.1,2035.6,1.5633,0.7646,,-4.0524,0.7949,-0.0176,-0.1227,846316622.9149
BHAGYANGR,2026-10-07,NO_SETUP,,454.55,467.9,2.8575,1.0,,-0.6052,0.9792,0.1023,-0.0294,98859301.3835
MEDPLUS,2026-10-09,NO_SETUP,,625.3,677.25,1.2951,0.4844,,-3.1904,0.4643,-0.034,-0.0831,56861616.329
BHAGERIA,2026-10-09,NO_SETUP,,364.9,415.8,0.6445,0.2685,,-1.3022,0.0852,-0.0335,-0.1395,92939241.622
ENTERO,2026-10-09,NO_SETUP,,1676.2,1890.5,0.4526,0.342,,-2.366,0.1765,-0.0217,-0.1278,360032487.4454
DIVGIITTS,2026-10-09,NO_SETUP,,1016.3,1283.1,0.5507,0.3333,,-4.0187,0.153,-0.0701,-0.2625,123416155.7658
INDOAMIN,2026-10-09,NO_SETUP,,157.72,168.0,0.8894,0.8804,,-0.9109,0.6377,-0.0016,-0.0652,104197521.3739
YASHO,2026-10-09,NO_SETUP,,4125.0,4468.6,0.7377,0.6039,,-1.1736,0.0485,-0.049,-0.0833,144697695.9701
MEDANTA,2026-10-09,NO_SETUP,,1312.7,1527.0,0.8795,0.7071,,-4.2268,0.7486,0.0144,-0.1633,352930956.5286
FINPIPE,2026-10-09,NO_SETUP,,151.16,157.5,0.6466,0.7774,,-1.5698,0.3932,-0.0179,-0.0419,52519581.5742
PGHL,2026-10-09,NO_SETUP,,5205.0,5880.0,0.566,0.5625,,-4.1295,0.331,-0.0055,-0.1297,69679391.375
JASH,2026-10-09,NO_SETUP,,560.95,619.4,0.2434,0.292,,-1.5469,0.2062,-0.043,-0.1042,634014620.5385
SOMANYCERA,2026-10-09,NO_SETUP,,591.45,631.7,0.6324,0.4756,,-1.2466,0.443,-0.0478,-0.0681,66921967.598
RESPONIND,2026-10-09,NO_SETUP,,151.72,176.8,0.1418,0.1636,,-2.5341,0.1469,-0.0501,-0.1653,103575342.3236
SPORTKING,2026-10-09,NO_SETUP,,196.45,221.5,0.6141,0.4923,,-2.4102,0.0064,-0.0261,-0.1275,50620944.7878
MAHSCOOTER,2026-10-09,NO_SETUP,,12155.0,13771.0,0.5456,0.6277,,-4.3525,0.3115,-0.0071,-0.1329,72489202.9085
SHARDAMOTR,2026-10-09,NO_SETUP,,872.3,1024.95,0.578,0.1277,,-3.8784,0.3588,-0.0568,-0.175,77224483.8354
DMCC,2026-10-09,NO_SETUP,,332.7,374.15,0.4733,0.2037,,-1.4265,0.2396,-0.0656,-0.1246,97483170.82
VADILALIND,2026-10-09,NO_SETUP,,7162.0,7937.5,0.2601,0.4408,,-2.9216,0.0224,-0.0117,-0.1083,100874503.325
TIIL,2026-10-09,NO_SETUP,,2631.1,3300.0,1.0363,0.4777,,-5.2284,0.4183,-0.031,-0.2542,88992666.2216
CENTUM,2026-10-09,NO_SETUP,,4076.7,4999.5,0.6321,0.1371,,-3.1179,0.2814,-0.0619,-0.2264,498031619.1328
ERIS,2026-10-09,NO_SETUP,,1170.7,1362.0,0.6073,0.6571,,-4.441,0.3838,0.0217,-0.1634,146678316.7179
ALICON,2026-10-09,NO_SETUP,,861.7,909.0,0.3256,0.7195,,-0.9598,0.066,-0.044,-0.0549,112192203.9607
RAMRAT,2026-10-09,NO_SETUP,,584.25,662.85,0.5799,0.0721,,-1.9769,1.0188,-0.0834,-0.1345,197847694.9259
BOSCHLTD,2026-10-09,NO_SETUP,,43545.0,49100.0,1.1671,0.956,,-4.6536,0.3291,-0.0195,-0.1276,1113099250.5
KDDL,2026-10-09,NO_SETUP,,3759.2,4270.0,0.8793,0.0951,,-2.131,0.7404,-0.0595,-0.1359,141146211.8879
TVSELECT,2026-10-09,NO_SETUP,,385.9,440.55,0.1878,0.6848,,-2.9152,0.0461,-0.028,-0.1416,73828645.6196
PIXTRANS,2026-10-09,NO_SETUP,,1753.3,1893.0,0.1258,0.4478,,-1.8804,0.0312,-0.0196,-0.0797,155032844.1243
ARROWGREEN,2026-10-09,NO_SETUP,,855.65,952.75,0.435,0.8181,,-2.0398,0.1864,-0.0422,-0.1135,59004156.8055
RACLGEAR,2026-10-09,NO_SETUP,,1460.6,1927.7,0.487,0.2789,,-4.879,0.4909,-0.0811,-0.3198,202322676.1472
KPRMILL,2026-10-09,NO_SETUP,,1053.8,1158.8,1.9944,0.7697,,-2.7544,0.0142,-0.0431,-0.0996,190764011.2673
KPIL,2026-10-09,NO_SETUP,,1391.9,1490.0,0.4926,0.4808,,-1.8214,0.2172,-0.0456,-0.0705,231122763.7499
OBEROIRLTY,2026-10-09,NO_SETUP,,1698.8,1882.9,0.8256,0.7667,,-3.6544,0.7413,-0.0214,-0.1084,788560759.2734
ORIENTCEM,2026-10-09,NO_SETUP,,111.62,126.68,0.4373,0.7741,,-4.4173,0.4731,-0.014,-0.1349,61454149.0168
RHIM,2026-10-09,NO_SETUP,,369.1,401.0,0.228,0.4601,,-2.1049,0.1697,-0.0009,-0.0864,419628058.0345
WESTLIFE,2026-10-09,NO_SETUP,,580.6,612.0,0.1273,0.7073,,-1.2464,0.1524,-0.0099,-0.0541,293189542.351
CENTURYPLY,2026-10-09,NO_SETUP,,665.7,743.05,0.2583,0.8134,,-3.6221,0.2837,-0.026,-0.1162,69960980.9963
SSWL,2026-10-09,NO_SETUP,,406.8,434.0,0.4179,0.2171,,-0.8662,0.1874,-0.041,-0.0669,567837772.8066
UNIPARTS,2026-10-09,NO_SETUP,,757.95,910.0,1.4518,0.1901,,-3.5353,0.565,-0.0669,-0.2006,92646416.7389
LUMAXIND,2026-10-09,NO_SETUP,,5270.0,6230.0,0.4992,0.5177,,-4.9405,0.1309,-0.0243,-0.1822,52629945.6
KRBL,2026-10-09,NO_SETUP,,389.2,432.2243,0.7555,0.3766,,-2.2939,0.2162,-0.0226,-0.1105,143837916.6288
FINEORG,2026-10-09,NO_SETUP,,5410.5,5666.0,0.7854,0.7242,,-1.2424,0.1809,-0.0382,-0.0472,145112494.025
STEELCAS,2026-10-09,NO_SETUP,,356.5,390.9,0.2459,0.4105,,-1.4798,0.2134,-0.045,-0.0965,92430529.0151
ARVINDFASN,2026-10-09,NO_SETUP,,402.8,455.0,1.4953,0.8266,,-3.352,0.732,0.0122,-0.1296,103163336.354
CRISIL,2026-10-09,NO_SETUP,,4423.8,4779.6001,0.4185,0.7303,,-2.719,0.1627,-0.0189,-0.0804,188083467.1752
SOBHA,2026-10-09,NO_SETUP,,1161.7,1260.0,1.7661,0.1423,,-1.4659,0.6199,-0.0302,-0.0846,120490681.3484
RAJRATAN,2026-10-09,NO_SETUP,,450.8,534.8,0.4046,0.6259,,-4.1699,0.3466,-0.0213,-0.1863,51691001.6693
UNIMECH,2026-10-09,NO_SETUP,,1734.8,1901.0,0.3386,0.1042,,-1.284,0.2071,-0.0645,-0.0958,529230362.5025
MUNJALAU,2026-10-09,NO_SETUP,,101.32,115.7,0.2141,0.3235,,-2.7371,0.0422,-0.0391,-0.1419,84331125.2332
FEDFINA,2026-10-09,NO_SETUP,,146.39,163.42,0.7225,0.8496,,-3.5268,0.2318,-0.0146,-0.1163,125122843.8412
ARVSMART,2026-10-09,NO_SETUP,,598.2,668.8,0.1963,0.3875,,-2.4871,0.428,-0.0233,-0.118,261614730.9765
JKPAPER,2026-10-09,NO_SETUP,,365.5,442.0,0.7874,0.4057,,-5.1533,0.1377,-0.0494,-0.2093,153932999.1146
GUJENERGY,2026-10-09,NO_SETUP,,223.7,255.0682,0.3853,0.8409,,-4.3426,0.5437,-0.0209,-0.1402,386905446.5278
AEGISLOG,2026-10-09,NO_SETUP,,1388.9,1528.7,0.6111,0.4841,,-1.6626,0.095,-0.0488,-0.1007,1325511002.5452
ARMANFIN,2026-10-09,NO_SETUP,,1694.2,2084.8999,0.6641,0.3735,,-5.1445,0.139,-0.027,-0.2306,67125324.9772
TIRUMALCHM,2026-10-09,NO_SETUP,,142.72,171.43,0.3484,0.3499,,-4.184,0.019,-0.0351,-0.2012,68600969.2648
ADSL,2026-10-09,NO_SETUP,,109.97,126.2,7.7266,0.6725,,-1.7896,1.9139,0.0777,-0.1476,82548289.907
TCI,2026-10-09,NO_SETUP,,851.45,955.0,0.0736,0.6275,,-3.0403,0.886,-0.0386,-0.1216,314023660.9329
SUDARSCHEM,2026-10-09,NO_SETUP,,1166.8,1302.8,0.5871,0.4345,,-2.2703,0.2087,-0.0488,-0.1166,243810577.1305
CHOICEIN,2026-10-09,NO_SETUP,,713.1,799.0,0.5192,0.3648,,-3.9123,0.1265,-0.0146,-0.1205,293127551.3802
FILATEX,2026-10-09,NO_SETUP,,109.06,114.58,0.2082,0.6892,,-0.6727,0.117,-0.023,-0.0506,723304865.5015
LUMAXTECH,2026-10-09,NO_SETUP,,1827.4,2190.0,0.8161,0.8104,,-4.1051,0.6747,-0.0118,-0.1984,287441460.1952
ARIHANTCAP,2026-10-09,NO_SETUP,,96.19,98.8,0.3855,0.5951,,-0.1896,0.1351,-0.0122,-0.0271,120217270.8638
FIVESTAR,2026-10-09,NO_SETUP,,502.25,558.0,0.5178,0.5036,,-2.7598,0.0028,-0.0139,-0.111,376716027.5131
AVADHSUGAR,2026-10-09,NO_SETUP,,945.75,978.8,0.6399,0.5188,,-0.3062,0.1375,0.0087,-0.0349,166507508.3712
NIBE,2026-10-09,NO_SETUP,,1213.2,1411.6603,0.5316,0.2028,,-3.136,0.2048,-0.0448,-0.1636,86871680.8231
SIGACHI,2026-10-09,NO_SETUP,,28.52,38.6454,0.1791,0.1486,,-5.0486,0.0285,-0.0286,-0.355,154497537.988
ABDL,2026-10-09,NO_SETUP,,711.55,753.8,0.8981,0.6682,,-1.1422,0.6542,0.0249,-0.0594,859349326.2528
GLAND,2026-10-09,NO_SETUP,,3061.8,3171.0,0.4211,0.4714,,-0.5163,0.1819,-0.0282,-0.0357,1249233658.2497
RBA,2026-10-09,NO_SETUP,,91.1,100.95,0.6672,0.2711,,-1.8823,0.406,-0.0518,-0.1081,264661603.8595
MMFL,2026-10-09,NO_SETUP,,552.15,648.35,0.5362,0.5437,,-3.2266,0.0568,-0.0246,-0.1742,50447004.6072
IZMO,2026-10-09,NO_SETUP,,858.25,979.9,0.6093,0.2577,,-2.4455,0.0771,-0.0356,-0.1417,92593164.515
INOXINDIA,2026-10-09,NO_SETUP,,2056.9,2339.5,0.4355,0.7768,,-2.7426,0.1853,-0.0121,-0.1374,607476431.7245
VSSL,2026-10-09,NO_SETUP,,373.4,428.25,0.1263,0.5912,,-2.967,0.1657,-0.0517,-0.1469,63936525.2109
INNOVACAP,2026-10-09,NO_SETUP,,1110.0,1353.5,0.4256,0.1667,,-3.8655,0.3531,-0.0482,-0.2194,160953934.8066
SHRIPISTON,2026-10-09,NO_SETUP,,4284.5,4843.0,0.6974,0.632,,-3.2227,0.0865,-0.0288,-0.1304,398396678.5449
AVL,2026-10-09,NO_SETUP,,581.05,642.0,1.3449,0.2354,,-1.8621,1.0387,-0.0645,-0.1049,86953317.5846
BBTC,2026-10-09,NO_SETUP,,1222.1,1534.2,0.2958,0.6148,,-7.4307,0.0616,-0.0373,-0.2554,269657596.4439
KSCL,2026-10-09,NO_SETUP,,676.8,845.6,0.0781,0.324,,-5.0076,0.0719,-0.0478,-0.2494,1245725810.1296
SUNDRMFAST,2026-10-09,NO_SETUP,,1127.8,1347.2,0.3274,0.6809,,-5.5365,0.5185,0.0007,-0.1945,203002456.7472
ALIVUS,2026-10-09,NO_SETUP,,1326.3,1446.0,1.1314,0.539,,-2.054,0.2344,-0.032,-0.0903,164570708.8169
ALKEM,2026-10-09,NO_SETUP,,5279.0,5466.5,0.5735,0.7297,,-1.3812,0.2433,-0.0134,-0.0355,896629337.55
AVANTIFEED,2026-10-09,NO_SETUP,,699.1,816.9,0.8625,0.2913,,-4.4938,0.0191,-0.0321,-0.1685,177212913.4937
ELLEN,2026-10-09,NO_SETUP,,348.15,394.95,0.4394,0.4928,,-1.8542,0.105,-0.0481,-0.1344,499295437.4261
PRICOLLTD,2026-10-09,NO_SETUP,,670.85,786.0,1.3977,0.8929,,-3.9479,0.738,0.0145,-0.1716,320217304.6518
HIKAL,2026-10-09,NO_SETUP,,213.66,245.0,0.4025,0.414,,-2.5089,0.1299,-0.0514,-0.1467,155927569.6237
BHARATFORG,2026-10-09,NO_SETUP,,1816.9,2023.2,0.5428,0.9583,,-3.8769,0.4988,-0.0135,-0.1135,1433434893.0618
SANOFI,2026-10-09,NO_SETUP,,2945.4,3220.8999,0.6833,0.4013,,-3.7491,0.562,-0.0259,-0.0935,56176984.1468
GHCLTEXTIL,2026-10-09,NO_SETUP,,124.05,140.97,1.3211,0.5583,,-2.3769,0.1754,-0.0461,-0.1364,63709476.226
TVSSCS,2026-10-09,NO_SETUP,,124.54,138.15,0.5791,0.3218,,-2.4759,0.3037,-0.0449,-0.1093,93745333.533
RELIGARE,2026-10-09,NO_SETUP,,217.59,261.59,1.111,0.2299,,-5.5528,0.426,-0.0326,-0.2022,170261195.0211
PGHH,2026-10-09,NO_SETUP,,6942.5,7715.0,0.3838,0.7313,,-4.4546,0.5286,0.0031,-0.1113,146256544.725
INDSWFTLAB,2026-10-09,NO_SETUP,,360.9,424.75,0.927,0.4241,,-2.1008,0.2227,-0.0772,-0.1769,255878773.1998
RATNAVEER,2026-10-09,NO_SETUP,,343.6,357.7,0.7238,0.7477,,-0.4783,0.6813,0.0213,-0.041,2316211314.7517
MEDIASSIST,2026-10-09,NO_SETUP,,301.15,342.9,0.3437,0.6574,,-3.4019,0.532,0.0038,-0.1386,88666994.2817
BIKAJI,2026-10-09,NO_SETUP,,472.05,607.5,0.2595,0.6089,,-6.5826,0.1714,-0.0238,-0.2869,247445752.6718
VIJAYA,2026-10-09,NO_SETUP,,1436.6,1593.6,0.3817,0.5523,,-2.7185,0.1056,-0.0176,-0.1093,181074212.136
AEROENTER,2026-10-09,NO_SETUP,,123.31,147.04,0.4271,0.1674,,-2.8034,0.3038,-0.0442,-0.1924,83373804.1254
HATSUN,2026-10-09,NO_SETUP,,1121.8,1349.7,0.1903,0.3853,,-4.6013,0.0236,-0.0229,-0.2032,97928771.4309
JSWHL,2026-10-09,NO_SETUP,,11346.0,11649.0,5.0709,0.8726,,-0.8604,0.5991,0.0066,-0.0267,105145884.55
KIRLOSENG,2026-10-09,NO_SETUP,,2210.4,2444.0,0.4214,0.8862,,-2.1068,0.4531,-0.0091,-0.1057,1610472413.9657
TEGA,2026-10-09,NO_SETUP,,1935.0,2198.0,0.3617,0.0845,,-2.037,0.2443,-0.0888,-0.1359,1762948046.9407
SUPRIYA,2026-10-09,NO_SETUP,,847.65,1019.8,0.4674,0.2345,,-3.6907,0.3428,-0.0468,-0.2031,273420708.2197
DIVISLAB,2026-10-09,NO_SETUP,,9340.0,9740.0,0.8002,0.3573,,-1.3357,0.1004,-0.0259,-0.0428,4463557559.625
AUROPHARMA,2026-10-09,NO_SETUP,,1693.0,1740.0,0.9158,0.9245,,-1.1132,1.2692,0.0065,-0.0278,1284120665.0859
SURAJEST,2026-10-09,NO_SETUP,,202.34,228.6,0.2009,0.7832,,-2.3001,0.5194,-0.0284,-0.1298,64225892.1297
WENDT,2026-10-09,NO_SETUP,,7748.5,9100.0,0.3355,0.5884,,-4.4998,0.1308,-0.0303,-0.1744,93648236.225
MANKIND,2026-10-09,NO_SETUP,,2368.5,2559.0,0.5168,0.5544,,-2.5357,0.1723,-0.0526,-0.0804,1462687662.9255
TRIVENI,2026-10-09,NO_SETUP,,235.67,274.7,0.6431,0.1447,,-2.7632,0.1945,-0.0386,-0.1656,173946970.4154
GUJALKALI,2026-10-09,NO_SETUP,,605.45,708.388,0.4409,0.8005,,-4.4002,0.3906,-0.0171,-0.17,51937999.5827
ZOTA,2026-10-09,NO_SETUP,,1324.1,1438.0,0.2041,0.7555,,-1.8704,0.03,-0.0134,-0.086,174178093.2889
STOVEKRAFT,2026-10-09,NO_SETUP,,802.1,847.9,0.9213,0.3396,,-1.1492,0.0382,-0.0187,-0.0571,71929875.7362
EKC,2026-10-09,NO_SETUP,,102.88,119.33,0.1188,0.4772,,-3.761,0.309,-0.025,-0.1599,158257861.1728
REFEX,2026-10-09,NO_SETUP,,254.4,297.0,0.3671,0.3593,,-3.725,0.43,-0.0449,-0.1675,176294193.8905
IPCALAB,2026-10-09,NO_SETUP,,1915.4,2038.0,0.3724,0.2189,,-1.608,0.4326,-0.0119,-0.064,484987300.2911
GMMPFAUDLR,2026-10-09,NO_SETUP,,1299.8,1533.6,0.4136,0.1962,,-2.6895,0.6233,-0.0961,-0.1799,573303173.5817
KIRLPNU,2026-10-09,NO_SETUP,,667.25,749.85,0.5105,0.4457,,-2.8005,0.1223,-0.0415,-0.1238,82239012.471
COMSYN,2026-10-09,NO_SETUP,,261.15,314.8814,0.2184,0.786,,-3.5052,0.3169,0.0012,-0.2057,174923761.0135
MANINFRA,2026-10-09,NO_SETUP,,117.16,131.95,0.8234,0.233,,-3.2497,0.149,-0.0437,-0.1262,223825625.7981
WSTCSTPAPR,2026-10-09,NO_SETUP,,727.65,777.0,0.8026,0.6967,,-1.3265,0.464,-0.0063,-0.0678,158880380.6097
IPL,2026-10-09,NO_SETUP,,128.95,152.28,0.0688,0.6275,,-5.8808,0.2814,-0.011,-0.1809,222405146.4856
DYNAMATECH,2026-10-09,NO_SETUP,,13321.0,14409.0,0.4859,0.4294,,-1.6035,0.1387,-0.0293,-0.0817,390755281.5
AJAXENGG,2026-10-09,NO_SETUP,,570.4,619.9,0.1976,0.25,,-2.088,0.0445,-0.0212,-0.0868,92620175.8428
ONEPOINT,2026-10-09,NO_SETUP,,80.36,81.0,1.2152,0.5907,-0.7529,0.2658,0.5974,0.0202,-0.008,350831182.1957
SHANTIGEAR,2026-10-09,NO_SETUP,,562.4,743.0,0.7834,0.873,,-5.3277,0.1633,-0.0404,-0.3211,52443456.3594
EIDPARRY,2026-10-09,NO_SETUP,,688.9,761.0,0.4996,0.8852,,-3.5992,0.6037,-0.0152,-0.1047,204578406.3342
SIS,2026-10-09,NO_SETUP,,416.3,436.55,0.2832,0.809,,-1.5179,0.4009,0.0073,-0.0486,122498566.6132
GODAVARIB,2026-10-09,NO_SETUP,,221.26,258.87,0.0553,0.4371,,-4.1572,0.0287,-0.022,-0.17,141467735.8273
AJANTPHARM,2026-10-09,NO_SETUP,,3410.1,3758.8999,1.3045,0.4016,,-2.8178,0.256,-0.0447,-0.1023,356071545.0947
RELAXO,2026-10-09,NO_SETUP,,286.0,348.1221,0.2744,0.5924,,-5.9278,0.4225,-0.0061,-0.2172,67131385.2767
ISGEC,2026-10-09,NO_SETUP,,909.7,931.05,0.9258,0.2751,-5.4051,0.1275,0.2808,0.0088,-0.0235,99632055.9552
MGL,2026-10-09,NO_SETUP,,1042.8,1112.0,1.1286,0.5282,,-2.4977,0.0458,0.0012,-0.0664,126740493.8297
JUBLPHARMA,2026-10-09,NO_SETUP,,931.9,1091.85,0.5065,0.4414,,-3.9414,0.0083,-0.0438,-0.1716,246251568.6317
GOCLCORP,2026-10-09,NO_SETUP,,357.5,430.874,0.1485,0.2677,,-4.1841,0.0063,-0.0281,-0.2052,96852563.7716
POWERMECH,2026-10-09,NO_SETUP,,2419.0,2535.0,0.6301,0.4043,,-0.9732,0.3495,-0.0042,-0.048,128491327.324
RPEL,2026-10-09,NO_SETUP,,1734.1,1925.0,0.2991,0.4075,,-1.5924,0.1725,-0.0477,-0.1101,188547801.5771
BALKRISIND,2026-10-09,NO_SETUP,,2010.3,2296.0,0.7482,0.66,,-4.8937,0.2411,0.0018,-0.1421,360639374.9687
360ONE,2026-10-09,NO_SETUP,,1048.0,1122.0,0.276,1.0,,-2.6946,0.2513,-0.0141,-0.0706,948314473.1208
GLOBUSSPR,2026-10-09,NO_SETUP,,780.95,856.8,0.9756,0.1798,,-2.5841,0.1091,-0.02,-0.0971,51326102.0042
ITDC,2026-10-09,NO_SETUP,,658.2,733.4546,0.0668,0.2056,,-2.397,0.1258,-0.0202,-0.1143,450434342.6079
ABBOTINDIA,2026-10-09,NO_SETUP,,26000.0,27850.0,0.3861,0.913,,-3.0584,0.7097,-0.0036,-0.0712,232394125.0
SJS,2026-10-09,NO_SETUP,,1994.8,2460.0,1.0955,0.8285,,-5.2816,0.1705,0.0062,-0.2332,439226849.2436
KIRLOSIND,2026-10-09,NO_SETUP,,3512.3,4055.0,0.0718,0.5764,,-4.2456,0.3296,-0.0054,-0.1545,152208837.9988
VIPIND,2026-10-09,NO_SETUP,,269.55,310.85,0.9962,0.2353,,-3.6004,0.6072,-0.0411,-0.1532,77093347.0678
DPABHUSHAN,2026-10-09,NO_SETUP,,2363.8,2344.5,1.2316,0.7602,0.3016,0.4896,0.8025,0.0447,0.0082,492027672.7834
PREMIERPOL,2026-10-09,NO_SETUP,,102.85,106.7,0.5325,0.8722,,-0.3783,0.6445,0.016,-0.0374,123160738.5816
MINDACORP,2026-10-09,NO_SETUP,,636.3,709.5,0.8055,0.4436,,-3.4326,0.0598,-0.0049,-0.115,129680783.7188
POLICYBZR,2026-10-09,NO_SETUP,,1012.0,1904.9,0.2306,0.5618,,-10.3133,0.1879,-0.0269,-0.8823,9800766417.2162
DWARKESH,2026-10-09,NO_SETUP,,44.6,47.95,0.4377,0.5873,,-1.2053,0.2555,-0.047,-0.0751,109984227.4888
MANYAVAR,2026-10-09,NO_SETUP,,500.75,581.1057,0.4063,0.8391,,-3.8891,0.5473,0.0011,-0.1605,166011382.3968
IONEXCHANG,2026-10-09,NO_SETUP,,390.75,461.0,0.4238,0.681,,-4.5179,0.0945,-0.029,-0.1798,114729073.9801
MAPMYINDIA,2026-10-09,NO_SETUP,,873.1,969.8,0.4484,0.4863,,-2.389,0.0485,-0.0256,-0.1108,173097809.3187
SIEMENS,2026-10-09,NO_SETUP,,3595.0,3987.8999,1.528,0.5602,,-2.9566,0.4067,-0.0522,-0.1093,902201146.0827
SHARDACROP,2026-10-09,NO_SETUP,,723.9,786.0,0.4211,0.2946,,-2.756,0.0988,-0.0245,-0.0858,69318943.0146
GRINDWELL,2026-10-09,NO_SETUP,,1990.6,2066.5,0.4515,0.3276,,-0.7013,0.2833,-0.0137,-0.0381,71536980.6191
TBOTEK,2026-10-09,NO_SETUP,,1666.4,1772.5,0.8126,0.6925,,-1.5386,0.0017,-0.0224,-0.0637,446121474.5119
GALAPREC,2026-10-09,NO_SETUP,,1071.9,1212.5,1.3421,0.3476,,-1.8038,0.5674,-0.0771,-0.1312,52189087.9211
KAPSTON,2026-10-09,NO_SETUP,,539.3,616.2,0.1802,0.2548,,-2.9545,0.1362,-0.0113,-0.1426,113639769.3545
WANBURY,2026-10-09,NO_SETUP,,196.42,249.7,1.1926,0.547,,-4.093,0.1866,-0.0115,-0.2713,64364725.4128
CAMLINFINE,2026-10-09,NO_SETUP,,89.98,106.0,0.629,0.7778,,-4.0411,0.2972,-0.048,-0.178,58506612.8136
LOKESHMACH,2026-10-09,NO_SETUP,,450.75,488.0,0.7028,0.1258,,-0.8769,0.1106,-0.0316,-0.0826,97119459.916
SOLARINDS,2026-10-09,NO_SETUP,,20000.0,22700.0,0.3682,0.7802,,-3.9935,0.1967,-0.0025,-0.135,4993584201.25
SMSPHARMA,2026-10-09,NO_SETUP,,444.65,494.45,0.2125,0.5498,,-2.0531,0.1018,-0.0516,-0.112,625876064.2684
OMAXE,2026-10-09,NO_SETUP,,100.19,126.2,0.6711,0.4187,,-3.8424,0.2846,-0.0637,-0.2596,68230120.6674
EPL,2026-10-09,NO_SETUP,,232.43,251.2,0.5666,0.6691,,-2.2347,0.0527,-0.0194,-0.0808,420436633.8801
RADICO,2026-10-09,NO_SETUP,,4550.0,4614.1001,1.1596,0.8113,,-0.2867,1.1029,0.0122,-0.0141,1321345560.949
KRISHNADEF,2026-10-09,NO_SETUP,,1230.3,1329.0,0.5087,0.4538,,-0.7388,0.1583,-0.0095,-0.0802,277704381.0682
VENKEYS,2026-10-09,NO_SETUP,,1595.8,1814.9,0.4065,0.2873,,-2.8561,0.1969,-0.0361,-0.1373,92864818.0202
LLOYDSENT,2026-10-09,NO_SETUP,,73.73,82.1,0.8039,0.2007,,-1.8508,0.1904,-0.0665,-0.1135,256908121.2755
WINDLAS,2026-10-09,NO_SETUP,,949.2,1157.0,1.6009,0.1857,,-3.1873,0.9015,-0.0712,-0.2189,90129269.6267
DCMSHRIRAM,2026-10-09,NO_SETUP,,955.55,1088.2,0.3423,0.379,,-3.209,0.0056,-0.0142,-0.1388,128882849.0853
HMAAGRO,2026-10-09,NO_SETUP,,23.28,25.5,0.2506,0.4688,,-1.3112,0.2895,-0.0654,-0.0954,95191092.0459
ANURAS,2026-10-09,NO_SETUP,,1132.4,1233.9312,0.9628,0.7702,,-2.5651,1.0227,-0.0281,-0.0897,739690717.2688
IKS,2026-10-09,NO_SETUP,,1716.6,1970.0,0.5687,0.1292,,-3.2903,0.5789,-0.012,-0.1476,430866580.4909
RSYSTEMS,2026-10-09,NO_SETUP,,274.3,297.2346,4.3394,0.7362,,-0.8182,2.0368,0.087,-0.0836,2576066456.2756
SBCL,2026-10-09,NO_SETUP,,1041.6,1186.0,0.5082,0.4588,,-2.3301,0.1664,-0.0525,-0.1386,250366699.2694
MRF,2026-10-09,NO_SETUP,,122090.0,129600.0,0.8955,0.1982,,-3.969,0.2248,-0.008,-0.0615,363615448.75
TIMKEN,2026-10-09,NO_SETUP,,2962.8,3321.0,0.4078,0.1072,,-2.9776,0.5684,-0.054,-0.1209,123520810.2287
DALBHARAT,2026-10-09,NO_SETUP,,1598.6,1814.4,0.2652,0.2815,,-4.1505,0.1191,-0.0253,-0.135,133008400.2691
CEIGALL,2026-10-09,NO_SETUP,,369.0,396.0,1.0824,0.4699,,-1.4948,0.3821,-0.0102,-0.0732,115672151.0575
CARBORUNIV,2026-10-09,NO_SETUP,,1202.6,1368.9,0.265,0.4665,,-2.8247,0.1341,-0.043,-0.1383,788005310.9442
CARERATING,2026-10-09,NO_SETUP,,1544.2,1748.3,0.5336,0.6453,,-4.3211,0.043,-0.0324,-0.1322,65347220.7618
JGCHEM,2026-10-09,NO_SETUP,,630.75,688.0,0.4363,0.2125,,-1.0047,0.2156,-0.0369,-0.0908,289012814.2229
PVP,2026-10-09,NO_SETUP,,50.97,72.04,1.1884,0.2217,,-5.3676,0.2005,-0.0356,-0.4134,84636719.6223
NRBBEARING,2026-10-09,NO_SETUP,,524.95,559.9,0.3323,0.8612,,-1.3165,0.6214,-0.0094,-0.0666,530733804.1425
OPTIEMUS,2026-10-09,NO_SETUP,,815.85,924.9,0.2422,0.4546,,-1.643,0.0193,-0.0534,-0.1337,1711237733.8408
VARROC,2026-10-09,NO_SETUP,,793.6,912.2,0.3698,0.4013,,-3.3366,0.2948,-0.0366,-0.1494,224478107.6442
CAPLIPOINT,2026-10-09,NO_SETUP,,2460.8,2990.0,0.9933,0.2044,,-3.6756,0.7821,-0.0711,-0.2151,513379626.8883
FUSION,2026-10-09,NO_SETUP,,164.03,196.68,0.6714,0.5603,,-4.4499,0.2437,-0.0266,-0.199,82623746.1366
KAJARIACER,2026-10-09,NO_SETUP,,1215.4,1265.9,0.4708,0.4385,,-1.0091,0.1349,-0.0088,-0.0416,610790016.6191
HOMEFIRST,2026-10-09,NO_SETUP,,1076.6,1273.9,0.4034,0.2214,,-4.3677,0.1165,-0.0104,-0.1833,299386915.8109
FOSECOIND,2026-10-09,NO_SETUP,,6236.5,7389.5,0.1781,0.3098,,-4.1171,0.4336,-0.0214,-0.1849,240454003.9
PANAMAPET,2026-10-09,NO_SETUP,,495.9,551.85,0.6668,0.6152,,-2.1362,0.2337,-0.0765,-0.1128,146516412.573
RATEGAIN,2026-10-09,NO_SETUP,,853.65,897.0,1.2598,0.554,,-0.7457,0.7457,-0.0011,-0.0508,202983945.4774
INDOTECH,2026-10-09,NO_SETUP,,3121.7,3676.681,1.0926,0.3566,,-2.9106,0.1742,-0.0607,-0.1778,61175035.0899
PRUDENT,2026-10-09,NO_SETUP,,3254.7,3545.0,0.973,0.8474,,-2.196,0.3575,0.0097,-0.0892,94658840.7071
NAUKRI,2026-10-09,NO_SETUP,,1219.0,1322.7,1.1315,0.646,,-2.0564,0.8488,-0.0051,-0.0851,1857525657.0173
SARDAEN,2026-10-09,NO_SETUP,,481.15,555.0,0.4705,0.0767,,-4.5515,0.8155,-0.0364,-0.1535,161001017.2482
5PAISA,2026-10-09,NO_SETUP,,339.55,379.6,0.5968,0.2902,,-1.5743,0.088,-0.0243,-0.118,51242940.8922
PENIND,2026-10-09,NO_SETUP,,171.5,190.0,0.559,0.2448,,-2.1006,0.0565,-0.0517,-0.1079,108131055.4245
BLUEDART,2026-10-09,NO_SETUP,,4560.4,4975.6001,3.3461,0.755,,-3.5829,0.0313,0.0011,-0.091,73537709.7733
TMB,2026-10-09,NO_SETUP,,874.8,931.1,0.8105,0.8352,,-1.9173,0.7148,-0.0029,-0.0644,146296237.2487
BIRLACABLE,2026-10-09,NO_SETUP,,385.2,418.8,0.7537,1.0,,-1.4818,0.8071,0.0004,-0.0872,182342461.6309
GPTINFRA,2026-10-09,NO_SETUP,,121.88,134.97,0.4795,0.2521,,-1.2873,0.1273,-0.0629,-0.1074,54381883.8588
HARSHA,2026-10-09,NO_SETUP,,441.95,484.8,0.543,0.6403,,-2.1522,0.0267,-0.0401,-0.097,78399247.9546
VSTTILLERS,2026-10-09,NO_SETUP,,4235.1,4631.7998,0.3924,0.7123,,-2.2496,0.1444,-0.0321,-0.0937,50620223.8597
VGUARD,2026-10-09,NO_SETUP,,288.2,337.65,1.1291,0.119,,-4.8992,0.4073,-0.0462,-0.1716,108371975.4574
RATNAMANI,2026-10-09,NO_SETUP,,2523.6,2918.3999,0.637,0.5581,,-3.3017,0.2341,-0.0003,-0.1564,103037266.4751
PFIZER,2026-10-09,NO_SETUP,,3808.2,4195.1001,0.3175,0.8834,,-4.5596,0.7026,-0.0018,-0.1016,147132049.6933
NAVINFLUOR,2026-10-09,NO_SETUP,,8352.5,8771.5,0.4058,0.2261,,-1.2714,0.3022,-0.0162,-0.0502,899264855.425
THERMAX,2026-10-09,NO_SETUP,,3256.3,3719.8,3.6374,0.442,,-3.2457,1.0431,0.008,-0.1423,614142702.6317
PFOCUS,2026-10-09,NO_SETUP,,261.1,362.8,1.1453,0.2123,,-5.2627,0.6423,-0.0806,-0.3895,1267960363.6912
EMUDHRA,2026-10-09,NO_SETUP,,570.15,681.6,0.1204,0.115,,-2.9238,0.0077,-0.0584,-0.1955,1534928295.5966
GRANULES,2026-10-09,NO_SETUP,,815.25,923.65,0.4817,0.2137,,-3.1282,0.0071,-0.0355,-0.133,1047090675.5081
INDOTHAI,2026-10-09,NO_SETUP,,36.75,45.49,0.7388,0.0,,-2.8097,0.6952,-0.0973,-0.2378,91326007.4203
VESUVIUS,2026-10-09,NO_SETUP,,409.0,453.8,0.1076,0.854,,-2.4766,0.136,-0.0017,-0.1095,267357540.8016
MACPOWER,2026-10-09,NO_SETUP,,1898.8,2251.0,0.911,0.2681,,-1.6284,0.6038,-0.0795,-0.1855,151042687.2344
UFLEX,2026-10-09,NO_SETUP,,621.7,690.05,0.6095,0.427,,-2.4447,0.1873,-0.0334,-0.1099,80027038.0605
JAYBARMARU,2026-10-09,NO_SETUP,,126.68,138.3,1.2398,0.4152,,-1.3081,0.202,-0.0459,-0.0917,61440763.9869
DEEPAKNTR,2026-10-09,NO_SETUP,,1621.9,1664.8,1.7417,0.7531,,-0.6882,0.8446,0.0438,-0.0265,333162270.935
DEEDEV,2026-10-09,NO_SETUP,,604.15,721.9,1.0892,0.2464,,-2.9751,0.1363,-0.032,-0.1949,117625385.2732
GANECOS,2026-10-09,NO_SETUP,,966.1,1062.4,0.7197,0.6121,,-2.2928,0.1261,-0.0328,-0.0997,77856571.9018
PTCIL,2026-10-09,NO_SETUP,,24535.0,24800.0,1.1595,0.4786,-2.65,0.1188,0.0772,-0.0061,-0.0108,596471176.75
AGI,2026-10-09,NO_SETUP,,770.45,851.0,0.3568,0.1926,,-2.2395,0.4309,-0.0217,-0.1045,135452598.6298
SOLEX,2026-10-09,NO_SETUP,,643.65,770.0,0.2943,0.3396,,-3.4811,0.2857,-0.0395,-0.1963,72701062.2666
LINDEINDIA,2026-10-09,NO_SETUP,,5996.0,6479.5,0.5142,0.3563,,-2.5415,0.1887,-0.0161,-0.0806,122020849.45
VENUSPIPES,2026-10-09,NO_SETUP,,2041.4,2347.8999,0.8993,0.2353,,-1.5284,0.6801,-0.0881,-0.1501,671953106.1737
INDIGO,2026-10-09,NO_SETUP,,4833.0,5069.5,2.214,0.495,,-1.6316,0.175,-0.0315,-0.0489,3297671497.8169
SKIPPER,2026-10-09,NO_SETUP,,530.25,596.15,0.9826,0.7557,,-2.6743,0.5683,-0.0205,-0.1243,400999675.1822
SAREGAMA,2026-10-09,NO_SETUP,,485.6,518.65,0.5333,0.4451,,-1.6124,0.2159,-0.036,-0.0681,165875335.5482
SETL,2026-10-09,NO_SETUP,,387.95,468.15,1.6385,0.0,,-3.1809,1.0788,-0.0974,-0.2067,348191906.5864
ASTRAZEN,2026-10-09,NO_SETUP,,5837.0,6906.0,0.9988,0.8365,,-5.8353,0.6653,-0.0137,-0.1831,58734453.475
NIVABUPA,2026-10-09,NO_SETUP,,77.65,83.9,0.4463,0.8409,,-2.2081,0.0674,0.0035,-0.0805,154397427.3634
ACI,2026-10-09,NO_SETUP,,455.05,497.2,0.8827,0.2691,,-1.9545,0.4353,-0.0444,-0.0926,122193303.9483
INDOBORAX,2026-10-09,NO_SETUP,,476.2,517.5,0.0771,0.3333,,-1.3012,0.2373,-0.0098,-0.0867,258762834.6378
INDNIPPON,2026-10-09,NO_SETUP,,1188.0,1564.0,0.1727,0.5,,-5.8614,0.0099,-0.0352,-0.3165,93974906.3254
GARUDA,2026-10-09,NO_SETUP,,163.63,187.6,0.7036,0.1373,,-3.3714,0.3084,-0.0517,-0.1465,67255100.8036
JSFB,2026-10-09,NO_SETUP,,489.35,551.0,0.6493,0.2823,,-2.1179,0.3091,-0.0215,-0.126,478534626.8737
ICICIBANK,2026-10-09,NO_SETUP,,1355.0,1393.0,0.5827,0.7427,,-1.546,0.2761,-0.0018,-0.028,12287782219.6887
CONCOR,2026-10-09,NO_SETUP,,442.0,508.9393,0.4265,0.6235,,-5.3388,0.6857,0.0051,-0.1514,526186738.5774
MUTHOOTFIN,2026-10-09,NO_SETUP,,2624.7,2874.2,1.2098,0.5307,,-3.1301,0.9509,-0.0112,-0.0951,1634234185.5424
RAIN,2026-10-09,NO_SETUP,,215.42,224.97,0.6821,0.5731,,-0.7444,0.4328,-0.0161,-0.0443,691444430.9925
FACT,2026-10-09,NO_SETUP,,729.4,822.35,0.3544,0.6536,,-3.6342,0.4929,-0.0235,-0.1274,137155915.3255
AETHER,2026-10-09,NO_SETUP,,1748.1,1814.1,0.3816,0.8017,,-0.8381,0.0616,-0.0221,-0.0378,613943298.3701
IBULLSLTD,2026-10-09,NO_SETUP,,36.62,38.89,1.6187,0.8146,,-0.8368,0.9044,0.1271,-0.062,698038043.2271
APTUS,2026-10-09,NO_SETUP,,215.73,257.55,0.7836,0.527,,-5.4413,0.1659,-0.017,-0.1939,419490121.6723
SDBL,2026-10-09,NO_SETUP,,71.2,83.8,0.1732,0.4819,,-3.7415,0.2382,-0.0257,-0.177,202700080.7506
CONFIPET,2026-10-09,NO_SETUP,,83.67,93.0926,0.7062,0.0618,,-1.5414,0.2771,-0.0881,-0.1126,250817781.3397
COROMANDEL,2026-10-09,NO_SETUP,,1703.4,2019.9,1.2687,0.9033,,-5.4507,0.5207,-0.0241,-0.1858,349272566.9789
FCL,2026-10-09,NO_SETUP,,57.94,61.73,0.9411,0.8543,,-0.9805,0.5829,0.0024,-0.0654,1316705427.5353
TMPV,2026-10-09,NO_SETUP,,279.9,320.15,0.5742,0.8346,,-4.8379,0.8516,-0.011,-0.1438,3279665729.7911
CONCORDBIO,2026-10-09,NO_SETUP,,1361.4,1592.0,0.8301,0.8045,,-4.2482,0.5856,0.0013,-0.1694,229201044.3154
SYNGENE,2026-10-09,NO_SETUP,,347.4,390.0,0.6449,0.3933,,-3.8424,0.1414,-0.0358,-0.1226,223483965.6487
SCODATUBES,2026-10-09,NO_SETUP,,120.24,145.76,0.3407,0.6893,,-4.6481,0.1041,-0.0215,-0.2122,51269101.3589
APOLLOTYRE,2026-10-09,NO_SETUP,,400.05,429.55,0.3095,0.4966,,-2.3501,0.1506,-0.0185,-0.0737,362790076.987
KPEL,2026-10-09,NO_SETUP,,208.13,239.8,0.577,0.7132,,-3.2135,0.1357,-0.0224,-0.1522,65814752.031
JKCEMENT,2026-10-09,NO_SETUP,,4874.0,5229.0,0.7204,0.1701,,-1.7742,0.6436,-0.0343,-0.0728,274709798.225
JYOTHYLAB,2026-10-09,NO_SETUP,,187.94,198.0,0.7891,0.8689,,-1.8585,0.3255,-0.0183,-0.0535,65867498.0414
JUSTDIAL,2026-10-09,NO_SETUP,,648.05,698.0,1.2496,0.8186,,-2.1905,0.7818,-0.0142,-0.0771,64366390.8994
HGINFRA,2026-10-09,NO_SETUP,,401.75,513.5,0.1106,0.3663,,-6.4553,0.0759,-0.0346,-0.2782,363676555.098
DIXON,2026-10-09,NO_SETUP,,12774.0,13856.3369,0.5407,0.63,,-2.7446,0.3468,-0.0192,-0.0847,3799092363.0442
EMCURE,2026-10-09,NO_SETUP,,1833.5,2100.7,0.288,0.2099,,-3.4625,0.309,-0.0441,-0.1457,388679188.2265
MANALIPETC,2026-10-09,NO_SETUP,,85.87,93.0,0.4399,0.278,,-1.0441,0.002,-0.051,-0.083,313196010.3745
WOCKPHARMA,2026-10-09,NO_SETUP,,1996.4,2360.0,0.6985,0.1322,,-3.182,0.3569,-0.0716,-0.1821,2137059949.9545
MARICO,2026-10-09,NO_SETUP,,786.15,833.2,0.596,0.5,,-2.4852,0.5266,-0.0014,-0.0598,1210611711.8971
RAYMONDLSL,2026-10-09,NO_SETUP,,596.4,720.0,0.5364,0.2605,,-4.1502,0.0,-0.0455,-0.2072,178873023.4835
TATAPOWER,2026-10-09,NO_SETUP,,342.15,377.65,1.1749,1.0,,-4.4621,0.817,-0.0087,-0.1038,1356401058.0867
NAZARA,2026-10-09,NO_SETUP,,377.65,401.9,0.8505,0.5034,,-1.6696,0.1334,-0.0021,-0.0642,578282340.2528
TVSMOTOR,2026-10-09,NO_SETUP,,3866.8,4208.1001,1.6029,0.8272,,-2.978,0.2589,-0.0151,-0.0883,2855996374.6144
RELIANCE,2026-10-09,NO_SETUP,,1170.3,1285.3,0.9674,0.5372,,-4.8746,0.3531,-0.031,-0.0983,15279207386.5142
EMIL,2026-10-09,NO_SETUP,,191.17,212.64,0.4366,0.1221,,-1.2248,0.2007,-0.0963,-0.1123,984919759.0236
JSWENERGY,2026-10-09,NO_SETUP,,462.3,534.05,0.6239,0.1646,,-5.2651,0.3677,-0.0477,-0.1552,817314601.3441
JWL,2026-10-09,NO_SETUP,,214.4,247.9,0.3521,0.2162,,-4.0248,0.2803,-0.041,-0.1562,444473338.4102
SJVN,2026-10-09,NO_SETUP,,55.27,68.29,1.6098,0.7892,,-8.528,0.6977,-0.0193,-0.2356,164971242.764
NIACL,2026-10-09,NO_SETUP,,162.23,207.45,0.4842,0.6499,,-5.1018,0.4799,0.0185,-0.2787,856786972.0996
SHAILY,2026-10-09,NO_SETUP,,3063.4,3463.2264,0.411,0.7763,,-3.7743,0.102,-0.0071,-0.1305,445137038.8014
NBCC,2026-10-09,NO_SETUP,,74.46,84.7,0.7309,0.448,,-4.8084,0.2316,-0.0297,-0.1375,399653726.0877
HEROMOTOCO,2026-10-09,NO_SETUP,,4895.5,5448.5,0.6222,0.5508,,-3.8814,0.3055,-0.0217,-0.113,2505938040.075
EMAMILTD,2026-10-09,NO_SETUP,,369.45,407.65,0.1412,0.2868,,-2.9775,0.1964,-0.016,-0.1034,862815022.9431
TTML,2026-10-09,NO_SETUP,,32.89,38.25,0.2356,0.3662,,-4.1487,0.0507,-0.0329,-0.163,229024010.0834
DLF,2026-10-09,NO_SETUP,,648.6,683.6,0.4255,0.8871,,-1.9611,0.6882,-0.0113,-0.054,2333390846.2119
JSWINFRA,2026-10-09,NO_SETUP,,338.75,375.5,0.7231,0.6021,,-2.7133,0.4117,-0.0428,-0.1085,1726531115.0963
RAYMONDREL,2026-10-09,NO_SETUP,,698.2,741.95,0.5468,0.5551,,-0.6675,0.51,-0.0051,-0.0627,1991958583.2701
TARSONS,2026-10-09,NO_SETUP,,320.95,356.85,0.1759,0.1074,,-1.5315,0.4088,-0.0607,-0.1119,141085728.7838
EMBDL,2026-10-09,NO_SETUP,,55.51,63.8,0.5137,0.2343,,-2.737,0.2954,-0.0294,-0.1493,146375961.5173
HAVELLS,2026-10-09,NO_SETUP,,1041.5,1132.4,0.8147,0.9042,,-3.3683,0.6782,-0.0179,-0.0873,775124123.1009
DMART,2026-10-09,NO_SETUP,,3516.8,3880.0,0.8234,0.1798,,-3.0931,0.764,-0.0328,-0.1033,2240828666.269
MANAPPURAM,2026-10-09,NO_SETUP,,314.8,335.1,1.1245,0.9538,,-2.0537,1.1019,0.0191,-0.0645,1307103601.5214
ALKYLAMINE,2026-10-09,NO_SETUP,,1807.6,2057.3,0.253,0.1809,,-2.5686,0.2487,-0.058,-0.1381,394014451.6721
UBL,2026-10-09,NO_SETUP,,1168.2,1289.7,0.889,0.1164,,-2.722,0.1564,-0.0148,-0.104,155046960.9609
ENDURANCE,2026-10-09,NO_SETUP,,2407.5,2780.0,0.4209,0.1122,,-4.3951,0.3473,-0.0421,-0.1547,215999271.7251
DHAMPURSUG,2026-10-09,NO_SETUP,,184.58,193.42,0.6282,0.2801,,-0.5439,0.19,-0.023,-0.0479,153727710.157
AMBUJACEM,2026-10-09,NO_SETUP,,351.5,397.55,1.51,1.0,,-4.8596,1.1081,-0.0151,-0.131,662598125.2377
HINDALCO,2026-10-09,NO_SETUP,,900.35,1029.5,0.9205,0.9819,,-6.0968,0.4824,-0.0115,-0.1434,3705839216.1252
NAVA,2026-10-09,NO_SETUP,,549.1,583.9,0.7187,0.6733,,-1.8095,0.2784,-0.0374,-0.0634,171790063.2791
UCOBANK,2026-10-09,NO_SETUP,,23.25,24.2,0.8805,0.6863,,-1.6249,0.5965,-0.0064,-0.0409,78625749.8125
YATHARTH,2026-10-09,NO_SETUP,,1022.2,1184.0,0.3276,0.2227,,-2.9273,0.1815,-0.0102,-0.1583,949045069.5452
SFL,2026-10-09,NO_SETUP,,603.65,702.0,0.6554,0.4631,,-4.375,0.1181,-0.0264,-0.1629,84069219.4772
DEVYANI,2026-10-09,NO_SETUP,,123.59,145.4,1.4228,0.4641,,-4.1037,0.0776,-0.0418,-0.1765,221922214.4451
AMBER,2026-10-09,NO_SETUP,,6445.0,7309.0,1.3155,0.2708,,-3.2858,0.5246,-0.0693,-0.1341,874043430.875
WIPRO,2026-10-09,NO_SETUP,,162.57,173.35,1.1554,0.7117,,-2.3999,1.1111,0.0186,-0.0663,3441301023.0221
RAYMOND,2026-10-09,NO_SETUP,,1186.6,1339.0,0.2401,0.6517,,-1.7827,0.2691,-0.0167,-0.1284,5467455237.363
SHAREINDIA,2026-10-09,NO_SETUP,,182.71,233.35,0.1997,0.1646,,-4.0948,0.3113,-0.1185,-0.2772,1042178804.1645
MARINE,2026-10-09,NO_SETUP,,455.65,490.85,0.336,0.3875,,-1.1043,0.1209,-0.0436,-0.0773,1042524603.8524
EMSLIMITED,2026-10-09,NO_SETUP,,320.05,391.3827,0.7092,0.1435,,-5.1274,0.1356,-0.0271,-0.2229,50862490.0175
STYRENIX,2026-10-09,NO_SETUP,,1999.2,2170.0,0.7649,0.3879,,-2.3203,0.1437,-0.001,-0.0854,56634612.1331
JSWDULUX,2026-10-09,NO_SETUP,,3005.1,3268.0,0.3688,0.5253,,-2.7605,0.1852,-0.0076,-0.0875,107705403.3125
NHPC,2026-10-09,NO_SETUP,,72.99,77.4,0.5842,1.0,,-3.0275,0.9199,0.0068,-0.0604,627104132.2911
KNRCON,2026-10-09,NO_SETUP,,112.92,127.4459,0.725,0.7002,,-3.0637,0.3023,-0.0242,-0.1286,159001407.9515
SKFINDIA,2026-10-09,NO_SETUP,,1398.8,1639.8,0.5681,0.2154,,-5.4191,0.2186,-0.0211,-0.1723,87241093.8866
TARIL,2026-10-09,NO_SETUP,,290.65,298.9789,0.5215,0.8045,,-0.4729,0.7078,0.0052,-0.0287,1290113543.535
TRANSRAILL,2026-10-09,NO_SETUP,,464.65,498.0,0.1479,0.1498,,-1.1644,0.3969,-0.0306,-0.0718,1254630961.8646
JSLL,2026-10-09,NO_SETUP,,385.15,530.75,3.8249,0.8744,,-6.1443,0.1688,-0.0768,-0.378,420096523.2639
RBLBANK,2026-10-09,NO_SETUP,,418.0,429.6,1.1401,0.9302,,-0.9558,1.6132,0.0146,-0.0278,1386866140.6504
TATAELXSI,2026-10-09,NO_SETUP,,3130.0,3532.1001,2.5099,0.7733,,-4.0691,1.4853,0.0154,-0.1285,867713696.677
TATACOMM,2026-10-09,NO_SETUP,,1656.7,1831.5,1.3338,0.6341,,-3.15,0.4229,-0.0017,-0.1055,405146383.1905
HCG,2026-10-09,NO_SETUP,,589.2,723.25,6.195,0.1339,,-3.6029,1.8743,-0.104,-0.2275,90485266.0378
HDFCLIFE,2026-10-09,NO_SETUP,,556.65,567.4,0.5612,0.62,,-0.3401,0.8182,0.0194,-0.0193,2557098118.712
ECLERX,2026-10-09,NO_SETUP,,1866.8,2017.0,0.3982,0.6266,,-1.9799,0.2975,-0.0154,-0.0805,264891109.9392
REDTAPE,2026-10-09,NO_SETUP,,112.77,132.75,0.094,0.3476,,-4.4338,0.0977,-0.0076,-0.1772,261899143.9666
NETWEB,2026-10-09,NO_SETUP,,4721.6,5055.0,0.9998,0.4046,,-1.2126,0.0358,0.0077,-0.0706,4569765172.6306
ELECON,2026-10-09,NO_SETUP,,416.4,489.5,0.2154,0.4286,,-3.8177,0.0314,-0.0563,-0.1756,1091486712.4448
NESTLEIND,2026-10-09,NO_SETUP,,1333.0,1402.8,1.3737,0.5754,,-1.9208,0.4802,0.0068,-0.0524,1699036940.4008
DYCL,2026-10-09,NO_SETUP,,420.6,483.7,0.4563,0.2707,,-2.6668,0.1607,-0.0464,-0.15,149606937.9788
NEOGEN,2026-10-09,NO_SETUP,,2378.2,2499.7,0.5352,0.1588,,-0.3506,0.0147,-0.0218,-0.0511,479322949.2274
JUBLFOOD,2026-10-09,NO_SETUP,,422.75,503.6,1.3273,0.1442,,-4.8437,0.3265,-0.0822,-0.1912,648173915.2199
EICHERMOT,2026-10-09,NO_SETUP,,7050.0,7746.0,1.6106,0.8989,,-4.5705,1.9329,0.0129,-0.0987,2566390731.55
HCLTECH,2026-10-09,NO_SETUP,,1216.7,1290.0,1.1182,0.9065,,-1.9994,1.1533,0.0268,-0.0602,3285066665.8589
EIEL,2026-10-09,NO_SETUP,,179.96,215.74,0.3904,0.4325,,-4.6489,0.1442,-0.0398,-0.1988,127471556.9314
JUBLINGREA,2026-10-09,NO_SETUP,,625.8,680.6,1.0107,0.8308,,-2.3408,0.2473,-0.0261,-0.0876,202488604.3474
MANORAMA,2026-10-09,NO_SETUP,,2043.4,2136.18,1.1159,0.9179,,-1.3139,0.6846,0.0237,-0.0454,319969409.4899
TATACONSUM,2026-10-09,NO_SETUP,,955.0,1020.3,0.7794,0.6168,,-3.3623,0.1703,-0.0139,-0.0684,1185555351.2053
HDFCBANK,2026-10-09,NO_SETUP,,707.25,749.3,0.5827,0.8047,,-2.6408,1.0118,0.0064,-0.0595,22373620096.1253
NELCO,2026-10-09,NO_SETUP,,853.35,1058.8,0.8591,0.3237,,-4.2907,0.2763,-0.0682,-0.2408,225993149.4812
TRITURBINE,2026-10-09,NO_SETUP,,511.1,574.45,2.039,0.3786,,-3.0583,0.318,-0.0383,-0.1239,256663007.0042
EIHOTEL,2026-10-09,NO_SETUP,,291.3,321.15,0.3229,0.6303,,-3.689,0.0133,-0.0175,-0.1025,110766829.5669
TRIDENT,2026-10-09,NO_SETUP,,21.96,24.01,1.0194,0.6923,,-3.8556,0.2652,-0.0157,-0.0934,67332611.1112
EDELWEISS,2026-10-09,NO_SETUP,,127.89,146.0,0.3938,0.3929,,-2.9086,0.0333,-0.0442,-0.1416,927121224.5115
HDFCAMC,2026-10-09,NO_SETUP,,2262.5,2456.2,1.3279,0.5084,,-2.9489,0.3137,-0.0226,-0.0856,1709226739.6924
HDBFS,2026-10-09,NO_SETUP,,588.65,701.55,1.2322,0.5214,,-7.3077,0.1501,-0.0191,-0.1918,260019472.3688
JTLIND,2026-10-09,NO_SETUP,,83.98,93.85,1.3843,0.5569,,-1.7764,0.0377,-0.0478,-0.1175,263136389.0808
AIIL,2026-10-09,NO_SETUP,,549.7,572.0,0.1509,0.2888,,-0.9182,0.0235,0.0001,-0.0406,255484905.183
NCC,2026-10-09,NO_SETUP,,125.06,146.75,4.9834,0.5019,,-4.3003,1.1605,-0.0143,-0.1734,563695302.461
STYLAMIND,2026-10-09,NO_SETUP,,3271.0,3425.0,0.5317,0.5342,,-0.793,0.2278,-0.024,-0.0471,137876709.2154
SHAKTIPUMP,2026-10-09,NO_SETUP,,419.0,524.45,0.5024,0.2042,,-6.6536,0.5418,-0.0635,-0.2517,221691105.951
JSWSTEEL,2026-10-09,NO_SETUP,,1168.0,1311.3,0.7105,0.1638,,-4.1936,0.2531,-0.0504,-0.1227,1897702791.3408
HBLENGINE,2026-10-09,NO_SETUP,,719.05,829.9,0.4512,0.114,,-3.5606,0.227,-0.0569,-0.1542,1423592358.5695
RCF,2026-10-09,NO_SETUP,,104.44,116.1554,0.5395,0.7243,,-4.0906,0.3431,-0.0292,-0.1122,106613297.2227
STYLEBAAZA,2026-10-09,NO_SETUP,,376.05,409.0,0.3685,0.5841,,-1.4104,0.2015,-0.0101,-0.0876,489779101.7506
NH,2026-10-09,NO_SETUP,,1719.5,1940.0,0.7458,0.4972,,-3.9704,0.496,-0.0021,-0.1282,368638692.5811
HERITGFOOD,2026-10-09,NO_SETUP,,390.15,429.9,0.3541,0.7526,,-2.5314,0.4332,-0.0216,-0.1019,194738504.0767
TATAINVEST,2026-10-09,NO_SETUP,,599.25,750.5,0.1183,0.2347,,-6.8944,0.4926,-0.0261,-0.2524,1459823867.1251
ALEMBICLTD,2026-10-09,NO_SETUP,,99.25,112.0,0.5623,0.1935,,-2.7617,0.118,-0.0417,-0.1285,78465140.1217
HEGAM,2026-10-09,NO_SETUP,,233.56,256.47,0.8601,0.4555,,-0.835,0.1725,-0.0544,-0.0981,360224209.3815
TATACHEM,2026-10-09,NO_SETUP,,589.75,832.0,0.2549,0.1751,,-8.5187,0.1202,-0.0329,-0.4108,2693128595.7969
REDINGTON,2026-10-09,NO_SETUP,,380.0,419.5,0.5248,0.0953,,-1.3208,0.527,-0.0652,-0.1039,1800777123.3008
MANINDS,2026-10-09,NO_SETUP,,867.9,1039.7,0.1884,0.3886,,-2.6339,0.1786,-0.0418,-0.1979,1455949771.0294
NEULANDLAB,2026-10-09,NO_SETUP,,20890.0,24150.0,0.5172,0.1653,,-3.9042,0.1771,-0.0353,-0.1561,1013622919.25
ELECTCAST,2026-10-09,NO_SETUP,,75.18,80.98,0.4997,0.6418,,-1.3926,0.2647,-0.0451,-0.0771,324359643.7563
NETWORK18,2026-10-09,NO_SETUP,,24.69,27.37,0.9323,0.5472,,-2.9348,0.3608,-0.0393,-0.1085,78955623.161
DRREDDY,2026-10-09,NO_SETUP,,1197.0,1252.8,0.6684,0.8681,,-2.0359,0.6656,-0.0056,-0.0466,2709765453.117
SRF,2026-10-09,NO_SETUP,,2519.5,2569.8999,0.7732,0.9384,,-0.8958,0.6482,0.0242,-0.02,549853594.0626
DREDGECORP,2026-10-09,NO_SETUP,,884.95,1054.0,0.674,0.1187,,-3.5886,0.5149,-0.0495,-0.191,83715396.1639
TRENT,2026-10-09,NO_SETUP,,2918.2,2936.0,0.7003,0.8371,,-0.0746,0.5685,0.0097,-0.0061,3042447369.2909
RECLTD,2026-10-09,NO_SETUP,,300.0,316.9,0.4568,0.9756,,-2.3135,0.6906,0.0037,-0.0563,2034943948.1817
NEWGEN,2026-10-09,NO_SETUP,,449.3,528.6,1.6028,0.4104,,-4.1693,0.3914,0.0035,-0.1765,323210898.2779
ELGIEQUIP,2026-10-09,NO_SETUP,,583.15,641.4,0.606,0.8535,,-3.1063,0.2316,-0.0314,-0.0999,175454867.7558
MAHABANK,2026-10-09,NO_SETUP,,83.16,86.25,0.7928,0.5689,,-0.857,0.4487,-0.0118,-0.0372,1095835596.3819
RALLIS,2026-10-09,NO_SETUP,,198.06,208.5,0.7228,0.8876,,-2.5513,0.5957,-0.0098,-0.0527,95216757.6538
EUREKAFORB,2026-10-09,NO_SETUP,,339.0,406.75,0.663,0.5797,,-5.1496,0.0596,-0.0362,-0.1999,76625669.4821
NUVAMA,2026-10-09,NO_SETUP,,1764.4,1886.5,0.519,0.8615,,-1.6479,0.3924,-0.0337,-0.0692,863623791.3314
CYIENTDLM,2026-10-09,NO_SETUP,,952.35,1014.65,0.6908,0.2278,,-0.5644,0.6321,-0.0364,-0.0654,446147311.7382
DABUR,2026-10-09,NO_SETUP,,386.7,395.45,0.3921,0.9395,,-1.0127,1.2378,0.0082,-0.0226,844461555.4657
WHEELS,2026-10-09,NO_SETUP,,2207.2,2498.0,0.21,0.6498,,-2.0553,0.008,-0.0336,-0.1318,491222748.8841
NUVOCO,2026-10-09,NO_SETUP,,317.1,348.75,0.8468,0.1624,,-2.2281,0.457,-0.0236,-0.0998,89979735.6636
JLHL,2026-10-09,NO_SETUP,,255.7,285.65,0.3994,0.8431,,-3.0372,0.9213,0.0228,-0.1171,54557469.3603
KIRIINDUS,2026-10-09,NO_SETUP,,544.25,583.95,0.357,0.5336,,-1.4372,0.073,-0.0216,-0.0729,323805977.4344
CUB,2026-10-09,NO_SETUP,,231.42,238.95,1.5765,0.863,,-0.6994,1.3341,0.0419,-0.0325,550140061.2218
RVNL,2026-10-09,NO_SETUP,,190.65,214.29,0.816,0.7193,,-3.8487,0.5914,-0.0267,-0.124,973549961.8737
CUMMINSIND,2026-10-09,NO_SETUP,,4830.0,5237.0,0.9968,0.8457,,-3.177,0.7489,-0.0087,-0.0843,2018104809.335
CUPID,2026-10-09,NO_SETUP,,366.1,357.0,1.3016,0.9486,0.8273,0.6776,0.5822,0.0644,0.0249,8027364407.748
UNIECOM,2026-10-09,NO_SETUP,,82.82,90.5,0.3095,0.916,,-2.3355,0.9291,0.0025,-0.0927,78322687.0377
NYKAA,2026-10-09,NO_SETUP,,343.0,346.45,1.1131,0.8584,,-0.1857,1.104,0.0051,-0.0101,1579155157.2356
JMFINANCIL,2026-10-09,NO_SETUP,,117.82,129.65,1.3407,0.1746,,-2.0588,0.7652,-0.0568,-0.1004,257333974.4571
DATAMATICS,2026-10-09,NO_SETUP,,745.8,857.5,0.2121,0.7066,,-3.7537,0.0351,-0.0236,-0.1498,115593134.8317
GVPIL,2026-10-09,NO_SETUP,,656.65,739.0,1.0721,0.5293,,-1.8996,0.0143,-0.0594,-0.1254,139645357.3094
NSLNISP,2026-10-09,NO_SETUP,,39.23,45.52,0.7078,0.3737,,-4.2497,0.0974,-0.0326,-0.1603,170910345.918
DATAPATTNS,2026-10-09,NO_SETUP,,4084.8,4928.2002,0.6543,0.4382,,-5.4303,0.084,-0.0351,-0.2065,1847395642.2784
GVT&D,2026-10-09,NO_SETUP,,4194.4,4666.8999,1.0274,0.6167,,-3.0279,0.0409,-0.0282,-0.1127,2408574434.0112
NTPC,2026-10-09,NO_SETUP,,312.0,336.25,0.9978,0.5104,,-3.8652,0.4059,-0.015,-0.0777,2390177805.2682
UNICHEMLAB,2026-10-09,NO_SETUP,,531.1,608.0,0.2482,0.5902,,-2.2871,0.0067,-0.0276,-0.1448,168418847.2224
APARINDS,2026-10-09,NO_SETUP,,17984.0,19265.0,0.7707,0.3967,,-1.4498,0.2379,-0.0097,-0.0712,2285301381.55
NTPCGREEN,2026-10-09,NO_SETUP,,92.6,95.98,1.357,0.7605,,-1.0891,0.7598,0.0462,-0.0365,283168776.8419
ETERNAL,2026-10-09,NO_SETUP,,323.45,344.4,0.6231,0.759,,-2.1427,0.4975,-0.0139,-0.0648,6763357011.7218
MASFIN,2026-10-09,NO_SETUP,,266.7,298.95,0.2798,0.7937,,-3.2123,0.3892,-0.0131,-0.1209,62621233.9348
DAMCAPITAL,2026-10-09,NO_SETUP,,143.45,163.75,0.1543,0.6166,,-2.9091,0.3364,-0.0356,-0.1415,207023215.4266
MWL,2026-10-09,NO_SETUP,,41.56,48.0,0.1361,0.8429,,-3.0301,0.3967,-0.0114,-0.155,50250008.7604
JKLAKSHMI,2026-10-09,NO_SETUP,,467.3,535.0,0.9534,0.2197,,-4.524,0.207,-0.0092,-0.1449,63272565.7921
SMLMAH,2026-10-09,NO_SETUP,,5811.5,6898.5,0.8408,0.1454,,-3.116,0.1393,-0.0465,-0.187,342892324.425
OIL,2026-10-09,NO_SETUP,,443.5,514.45,0.3103,0.306,,-6.1003,0.322,-0.0226,-0.16,853834147.8833
UNIONBANK,2026-10-09,NO_SETUP,,173.06,184.44,0.8776,0.5644,,-2.023,0.3203,-0.0005,-0.0658,1362264981.7415
EXICOM,2026-10-09,NO_SETUP,,145.43,184.34,0.6178,0.2391,,-4.5732,0.224,-0.0543,-0.2676,138317102.3524
APOLLOHOSP,2026-10-09,NO_SETUP,,8027.5,9070.5,2.6641,1.0,,-4.964,1.7205,0.014,-0.1299,4974786154.725
MASTEK,2026-10-09,NO_SETUP,,1679.9,1743.0,2.0035,0.3127,,-0.1865,0.4866,0.0338,-0.0376,167286160.6233
HUDCO,2026-10-09,NO_SETUP,,159.75,179.2,0.6869,0.9302,,-3.7923,0.5451,-0.0126,-0.1218,390329289.4791
CREDITACC,2026-10-09,NO_SETUP,,1267.5,1438.0,0.8944,0.3986,,-3.4837,0.0987,0.0225,-0.1345,235722875.1771
AFCONS,2026-10-09,NO_SETUP,,242.04,304.55,0.1163,0.6247,,-6.5764,0.0075,-0.0096,-0.2583,686449314.6293
APOLLO,2026-10-09,NO_SETUP,,388.35,424.339,0.7863,0.3309,,-1.7476,0.4453,-0.0637,-0.0927,2741252067.4809
SILVERTUC,2026-10-09,NO_SETUP,,131.18,164.71,2.354,0.2755,,-2.5293,0.5835,-0.0291,-0.2556,62216451.5802
OFSS,2026-10-09,NO_SETUP,,10510.0,12099.0,0.964,0.4749,,-4.0653,0.3078,-0.0062,-0.1512,2421979469.9
EXIDEIND,2026-10-09,NO_SETUP,,394.4,444.7,0.4573,0.528,,-4.1975,0.0443,-0.0212,-0.1275,752835125.7834
TNPETRO,2026-10-09,NO_SETUP,,118.51,144.2853,0.4045,0.4337,,-3.296,0.068,-0.0578,-0.2175,172229307.0074
UNITDSPR,2026-10-09,NO_SETUP,,1366.0,1442.0,0.9718,1.0,,-2.3378,1.4704,0.0164,-0.0556,1429161799.4243
HYUNDAI,2026-10-09,NO_SETUP,,1940.0,2232.1001,0.6281,0.9068,,-5.098,0.443,-0.0026,-0.1506,1246488019.4966
SYRMA,2026-10-09,NO_SETUP,,1719.9,1822.6,0.4258,0.7577,,-1.1818,0.5202,-0.0153,-0.0597,3918502791.1908
OLECTRA,2026-10-09,NO_SETUP,,1044.8,1295.2,0.526,0.4037,,-5.8828,0.0829,-0.0363,-0.2397,461477241.1418
APOLLOPIPE,2026-10-09,NO_SETUP,,513.7,589.5,0.8694,0.7098,,-3.1835,0.3084,-0.0334,-0.1476,108753445.3587
ZAGGLE,2026-10-09,NO_SETUP,,168.3,188.54,0.7084,0.7716,,-3.3069,0.3171,-0.0228,-0.1203,148216065.1149
OLAELEC,2026-10-09,NO_SETUP,,35.13,44.55,0.6526,0.7109,,-4.9116,0.2714,-0.0328,-0.2681,3921095024.9296
APLAPOLLO,2026-10-09,NO_SETUP,,2114.1,2270.1001,0.7168,0.9311,,-2.3243,1.152,-0.0098,-0.0738,1208519097.1029
GUJTHEM,2026-10-09,NO_SETUP,,363.5,444.2757,1.0303,0.2786,,-3.7663,0.2371,-0.0422,-0.2222,132333890.31
HSCL,2026-10-09,NO_SETUP,,659.95,692.8,0.6296,0.6417,,-1.5797,0.0058,-0.0193,-0.0498,1302258017.2789
SPLPETRO,2026-10-09,NO_SETUP,,788.55,899.0,0.4798,0.6425,,-3.2995,0.1569,-0.0224,-0.1401,214611160.0433
CROMPTON,2026-10-09,NO_SETUP,,205.11,234.0,1.3541,0.1029,,-4.0511,0.1323,-0.0265,-0.1409,483183444.0972
AFFLE,2026-10-09,NO_SETUP,,1417.5,1623.5,0.6386,0.3713,,-4.1447,0.3607,-0.0129,-0.1453,206153772.3594
CSBBANK,2026-10-09,NO_SETUP,,300.35,340.9,0.3883,0.2121,,-3.5748,0.1366,-0.0201,-0.135,282065021.217
NACLIND,2026-10-09,NO_SETUP,,129.11,165.39,0.4,0.3284,,-5.5543,0.0016,-0.0263,-0.281,75571037.7397
APLLTD,2026-10-09,NO_SETUP,,800.95,876.4,0.796,0.6991,,-2.7755,0.0178,-0.0394,-0.0942,200419744.6993
HUBTOWN,2026-10-09,NO_SETUP,,155.42,186.0,1.0636,0.3881,,-3.7254,0.0384,-0.0553,-0.1968,74103489.2965
JKTYRE,2026-10-09,NO_SETUP,,333.4,359.0,0.5591,0.8258,,-2.9008,0.3768,0.0,-0.0768,168831469.1409
HAPPSTMNDS,2026-10-09,NO_SETUP,,306.1,343.7,1.0527,0.4634,,-3.2407,0.5759,0.0049,-0.1228,188766711.7215
NMDC,2026-10-09,NO_SETUP,,71.8,86.12,1.3352,0.6646,,-7.1547,0.5759,-0.0137,-0.1994,977134594.4302
NLCINDIA,2026-10-09,NO_SETUP,,243.55,274.6922,0.609,0.6328,,-3.9565,0.2886,-0.0272,-0.1279,339719184.9881
REMSONSIND,2026-10-09,NO_SETUP,,101.46,132.8,0.918,0.4633,,-3.1939,0.3048,-0.0246,-0.3089,73816392.9226
NATIONALUM,2026-10-09,NO_SETUP,,315.9,383.0,0.6316,0.7453,,-6.1113,0.2631,-0.0168,-0.2124,1603203060.5505
DEEPAKFERT,2026-10-09,NO_SETUP,,1392.6,1421.0,0.8456,0.5108,,-0.2624,0.05,-0.0161,-0.0204,344591070.6854
ANANTRAJ,2026-10-09,NO_SETUP,,570.75,636.0,0.9359,0.1076,,-2.1231,0.5501,-0.0676,-0.1143,936770715.3165
MAITHANALL,2026-10-09,NO_SETUP,,879.25,1088.042,0.7427,0.184,,-6.2929,0.275,-0.0293,-0.2375,58620672.2935
JYOTICNC,2026-10-09,NO_SETUP,,999.7,1134.6,0.4309,0.3683,,-2.3404,0.2239,-0.0666,-0.1349,1217015442.6745
MAHSEAMLES,2026-10-09,NO_SETUP,,618.1,768.0,0.9232,0.0846,,-3.9974,0.8781,-0.1078,-0.2425,281658788.536
TORNTPOWER,2026-10-09,NO_SETUP,,1188.6,1326.9,1.9224,0.2428,,-3.3826,0.8235,-0.0387,-0.1164,264427693.1277
DCXINDIA,2026-10-09,NO_SETUP,,150.41,172.97,2.208,0.5009,,-3.6708,0.5759,-0.0473,-0.15,52436984.0914
AGIIL,2026-10-09,NO_SETUP,,254.1,292.5825,0.199,0.7531,,-3.5914,0.3987,-0.0119,-0.1514,315035839.1243
YATRA,2026-10-09,NO_SETUP,,94.74,116.95,0.8159,0.0902,,-4.5837,0.315,-0.0674,-0.2344,88826955.6735
NOCIL,2026-10-09,NO_SETUP,,164.84,211.2,0.2958,0.1286,,-4.5888,0.1102,-0.0462,-0.2812,304798257.6075
HINDZINC,2026-10-09,NO_SETUP,,543.5,610.9,0.5825,0.7799,,-4.1732,0.7674,-0.0136,-0.124,1924584282.4683
MARKSANS,2026-10-09,NO_SETUP,,309.1,350.95,0.5266,0.131,,-2.4452,0.092,-0.0502,-0.1354,709554651.5548
HINDUNILVR,2026-10-09,NO_SETUP,,1856.7,1977.0,1.0471,0.5906,,-3.3142,0.374,-0.0047,-0.0648,2367455655.1101
HINDOILEXP,2026-10-09,NO_SETUP,,169.34,195.98,0.6145,0.6934,,-4.049,0.0096,-0.0148,-0.1573,84510295.6604
ENGINERSIN,2026-10-09,NO_SETUP,,293.1,321.4,0.6443,0.5892,,-1.8793,0.3145,-0.0493,-0.0966,2079073397.1244
TATASTEEL,2026-10-09,NO_SETUP,,173.8,191.8,0.5411,0.848,,-3.7416,0.3966,-0.0105,-0.1036,4317905783.7708
JSL,2026-10-09,NO_SETUP,,709.05,790.5,0.2674,0.5325,,-3.692,0.1675,-0.0316,-0.1149,696038847.5597
HINDCOPPER,2026-10-09,NO_SETUP,,468.85,540.9476,0.7478,0.5665,,-4.4009,0.0886,-0.0231,-0.1538,2765163012.1174
DEEPINDS,2026-10-09,NO_SETUP,,746.4,808.5,0.7707,0.1,,-0.8772,0.8688,-0.0618,-0.0832,248810919.2109
TATATECH,2026-10-09,NO_SETUP,,715.85,803.0,3.1236,0.5073,,-2.6965,0.8532,0.0262,-0.1217,664060520.55
HAPPYFORGE,2026-10-09,NO_SETUP,,1922.6,2301.0,0.8261,0.1983,,-3.7848,0.2219,-0.006,-0.1968,180914565.2986
HINDPETRO,2026-10-09,NO_SETUP,,326.0,365.2,1.5757,0.3216,,-3.7242,0.0669,-0.05,-0.1202,1460153777.6761
DELTACORP,2026-10-09,NO_SETUP,,81.31,88.6,0.5438,0.7878,,-1.0025,0.5115,-0.0129,-0.0897,1720066661.1923
ANANDRATHI,2026-10-09,NO_SETUP,,2038.7,2268.3999,2.5405,0.0072,,-2.3339,1.753,-0.0416,-0.1127,982879744.7748
ENRIN,2026-10-09,NO_SETUP,,3101.0,3408.9,1.7204,0.3665,,-1.8488,0.67,-0.0727,-0.0993,1459395372.5005
KIRLOSBROS,2026-10-09,NO_SETUP,,1690.1,1936.1,0.5148,0.9043,,-4.1623,0.396,-0.0133,-0.1456,131151568.834
DELHIVERY,2026-10-09,NO_SETUP,,400.5,451.15,0.532,0.7253,,-4.3357,0.3152,0.0059,-0.1265,1162906971.0311
DCW,2026-10-09,NO_SETUP,,44.19,51.44,0.7018,0.457,,-3.4461,0.059,-0.0517,-0.1641,73568565.1938
DBREALTY,2026-10-09,NO_SETUP,,84.98,104.27,0.775,0.6039,,-4.707,0.0669,-0.0429,-0.227,94735478.8061
ULTRACEMCO,2026-10-09,NO_SETUP,,10675.0,11198.0,0.5552,0.9561,,-2.4812,1.202,0.0016,-0.049,3016426055.0
ESCORTS,2026-10-09,NO_SETUP,,2730.5,3002.2,0.3798,0.21,,-3.1198,0.5671,-0.0197,-0.0995,251173622.0266
NAM-INDIA,2026-10-09,NO_SETUP,,1045.0,1194.4,0.3015,0.6386,,-4.6023,0.1814,-0.0021,-0.143,880558253.2838
DCBBANK,2026-10-09,NO_SETUP,,203.79,229.79,1.8468,0.6026,,-2.9036,0.9814,0.0129,-0.1276,251033942.6279
ANTELOPUS,2026-10-09,NO_SETUP,,1101.5,1290.9,0.0967,0.1654,,-2.0952,0.0575,-0.0254,-0.1719,1571201729.1506
SENORES,2026-10-09,NO_SETUP,,1320.0,1495.0,0.6102,0.3596,,-2.6355,0.098,-0.0501,-0.1326,322444084.6724
WHIRLPOOL,2026-10-09,NO_SETUP,,816.75,960.0,0.1606,0.2596,,-3.2005,0.1652,-0.034,-0.1754,2740369159.1167
YESBANK,2026-10-09,NO_SETUP,,20.5,24.1,0.5913,0.2963,,-6.7763,0.0994,-0.0139,-0.1756,1857898310.7517
TALBROAUTO,2026-10-09,NO_SETUP,,402.05,485.8,0.2988,0.2928,,-3.9958,0.1737,-0.036,-0.2083,142466830.3959
MARUTI,2026-10-09,NO_SETUP,,11420.0,12693.0,0.8759,0.8317,,-5.3056,0.8228,-0.0026,-0.1115,4781305124.85
KOPRAN,2026-10-09,NO_SETUP,,251.05,295.83,0.1481,0.2278,,-2.1711,0.2029,-0.092,-0.1784,589624783.2987
SENCO,2026-10-09,NO_SETUP,,334.75,358.8,1.6258,0.7676,,-1.5602,0.1767,0.0441,-0.0718,1125224490.8364
TORNTPHARM,2026-10-09,NO_SETUP,,4656.9,5010.0,0.9815,0.9557,,-3.3325,0.379,-0.0126,-0.0758,1725150255.0218
NORTHARC,2026-10-09,NO_SETUP,,281.45,324.55,0.6103,0.6392,,-3.7923,0.0718,-0.0419,-0.1531,261623245.3346
TATVA,2026-10-09,NO_SETUP,,1804.8,2008.7,0.851,0.2298,,-1.3604,0.5407,-0.0936,-0.113,162269663.5724
SHILPAMED,2026-10-09,NO_SETUP,,1021.7,1095.0,0.4686,0.5335,,-0.9595,0.0738,-0.0462,-0.0717,848725819.6636
RENUKA,2026-10-09,NO_SETUP,,21.72,25.34,0.5297,0.2182,,-3.1884,0.09,-0.0465,-0.1667,257997755.2914
ANGELONE,2026-10-09,NO_SETUP,,292.0,310.0,0.7968,0.4105,,-1.3395,0.3241,-0.0331,-0.0616,1291095854.0777
MAHLOG,2026-10-09,NO_SETUP,,400.35,439.75,0.6053,0.7004,,-2.5306,0.3539,-0.0263,-0.0984,86783989.5391
NATCOPHARM,2026-10-09,NO_SETUP,,789.4,850.8637,0.5017,0.1368,,-2.368,0.289,-0.0256,-0.0779,380475514.6912
EQUITASBNK,2026-10-09,NO_SETUP,,66.02,74.9,0.3887,0.2598,,-3.6176,0.1914,-0.0421,-0.1345,123272121.1885
HLEGLAS,2026-10-09,NO_SETUP,,423.7,482.2071,0.4982,0.0,,-1.7328,0.8872,-0.0975,-0.1381,158596904.8449
AADHARHFC,2026-10-09,NO_SETUP,,443.65,474.85,0.3378,0.0924,,-1.8579,0.561,-0.0251,-0.0703,155576642.2915
HAL,2026-10-09,NO_SETUP,,4655.6,5052.3999,0.7583,0.6189,,-3.1779,0.0731,-0.0191,-0.0852,3094424556.9335
UJJIVANSFB,2026-10-09,NO_SETUP,,61.45,68.3,1.4997,0.1902,,-2.2776,0.3612,-0.0537,-0.1115,823760788.5031
HITECH,2026-10-09,NO_SETUP,,70.94,79.7,0.5327,0.4839,,-3.1776,0.0559,-0.0401,-0.1235,54331931.6715
TANLA,2026-10-09,NO_SETUP,,498.35,518.0,1.2835,0.3713,,-0.6011,0.3377,0.0077,-0.0394,161968453.9153
MTNL,2026-10-09,NO_SETUP,,22.91,26.94,0.2147,0.4167,,-3.8113,0.1016,-0.0272,-0.1759,74615997.7772
MCX,2026-10-09,NO_SETUP,,3318.2,3481.3999,0.9039,0.8033,,-1.2312,0.5529,-0.0132,-0.0492,5992076158.211
SAILIFE,2026-10-09,NO_SETUP,,1487.9,1675.4,0.8493,0.3582,,-2.9913,0.3383,-0.0473,-0.126,730692511.4758
CARYSIL,2026-10-09,NO_SETUP,,1021.3,1207.8732,0.5631,0.8034,,-4.8472,0.2546,0.0137,-0.1827,97803465.7902
GOODLUCK,2026-10-09,NO_SETUP,,500.25,552.0,0.5189,0.4301,,-2.1788,0.1724,-0.0034,-0.1034,232750803.7337
BEL,2026-10-09,NO_SETUP,,368.15,407.2,1.7819,0.7018,,-4.6058,0.1094,-0.0268,-0.1061,3887949408.3462
IMFA,2026-10-09,NO_SETUP,,1182.5,1313.0,0.8201,0.7238,,-2.975,0.4278,-0.0036,-0.1104,98789452.5323
VINDHYATEL,2026-10-09,NO_SETUP,,2814.4,2948.6001,0.8778,0.4698,,-0.6827,0.2797,0.0015,-0.0477,180077183.0692
KEC,2026-10-09,NO_SETUP,,369.85,429.6,15.2397,0.5899,,-3.403,1.5112,0.0203,-0.1616,679170078.3359
SURYAROSNI,2026-10-09,NO_SETUP,,208.33,229.66,0.606,0.1626,,-2.4314,0.7297,-0.0458,-0.1024,93267293.4353
INOXGREEN,2026-10-09,NO_SETUP,,128.92,179.5,19.0453,0.7357,,-4.4952,1.3981,-0.0512,-0.3923,970866508.2172
MUFIN,2026-10-09,NO_SETUP,,130.42,137.5,0.5294,0.0825,,-0.6319,0.667,-0.0351,-0.0543,114403408.1137
GLAXO,2026-10-09,NO_SETUP,,2540.3,2987.0,0.5521,0.6913,,-4.8206,0.0674,-0.0356,-0.1758,210958109.4035
WAAREERTL,2026-10-09,NO_SETUP,,802.45,864.1,0.9961,0.2281,,-2.4774,0.3266,-0.0123,-0.0768,104377814.1957
BDL,2026-10-09,NO_SETUP,,1075.9,1220.7918,0.9296,0.7341,,-4.1141,0.7679,-0.0084,-0.1347,1059763891.4493
KIMS,2026-10-09,NO_SETUP,,705.5,819.0,0.8576,0.7099,,-4.3151,0.7606,0.0166,-0.1609,459768269.7732
JINDWORLD,2026-10-09,NO_SETUP,,42.62,57.49,0.2216,0.3197,,-4.9995,0.1153,-0.0493,-0.3489,287142357.8695
AVALON,2026-10-09,NO_SETUP,,2300.5,2618.0,0.2838,0.5316,,-2.0799,0.0114,-0.0532,-0.138,1579425387.821
CARTRADE,2026-10-09,NO_SETUP,,2951.0,3170.2,1.0405,0.895,,-1.6925,0.942,0.0125,-0.0743,754603139.5237
IFCI,2026-10-09,NO_SETUP,,67.35,90.4,1.0281,0.539,,-5.4568,0.2321,0.0519,-0.3422,4968801805.6308
SANDUMA,2026-10-09,NO_SETUP,,177.68,202.55,1.0707,0.5351,,-4.1187,0.2685,-0.0194,-0.14,89991216.6056
FINOPB,2026-10-09,NO_SETUP,,139.42,150.95,1.7965,0.2452,,-0.9991,1.0805,0.0828,-0.0827,231176071.6218
ADANIPOWER,2026-10-09,NO_SETUP,,189.0,215.28,0.9883,0.4023,,-3.6538,0.1543,-0.0403,-0.139,3800179712.5653
RPOWER,2026-10-09,NO_SETUP,,20.01,22.28,0.8801,0.7778,,-3.1994,0.3125,-0.0153,-0.1134,422993269.6766
LTTS,2026-10-09,NO_SETUP,,3270.1,3441.0,1.0962,0.657,,-1.2294,0.9196,0.0055,-0.0523,181712743.6233
BECTORFOOD,2026-10-09,NO_SETUP,,205.41,247.0035,0.3236,0.2145,,-5.0595,0.0304,-0.0268,-0.2025,201320610.0797
CHALET,2026-10-09,NO_SETUP,,820.9,904.4,0.5241,0.3869,,-2.7324,0.1714,-0.0313,-0.1017,144542107.457
ABLBL,2026-10-09,NO_SETUP,,72.46,85.35,0.3969,0.4198,,-4.7184,0.2014,-0.0167,-0.1779,245630871.6034
CASTROLIND,2026-10-09,NO_SETUP,,194.67,203.4,0.5037,0.3,,-1.7394,0.3949,-0.0126,-0.0448,701212144.2129
GIPCL,2026-10-09,NO_SETUP,,166.58,204.0,0.5949,0.6382,,-5.587,0.2559,-0.0307,-0.2246,62398198.8888
VINCOFE,2026-10-09,NO_SETUP,,173.46,191.35,0.7838,0.2781,,-1.5249,0.2886,-0.0583,-0.1031,264542077.2559
ZENTEC,2026-10-09,NO_SETUP,,1528.8,1771.9,0.9596,0.8813,,-4.2429,0.2612,-0.0325,-0.159,404939946.7155
INGERRAND,2026-10-09,NO_SETUP,,4026.5,4738.8999,0.4413,0.6865,,-5.9022,0.2197,-0.0216,-0.1769,72481728.4259
VINATIORGA,2026-10-09,NO_SETUP,,1124.5,1328.5865,0.6998,0.3593,,-5.5597,0.1087,-0.0156,-0.1815,69089846.6668
MMTC,2026-10-09,NO_SETUP,,54.87,63.5,1.0194,0.5,,-4.4341,0.3451,-0.0237,-0.1573,53861985.8748
GILLETTE,2026-10-09,NO_SETUP,,7100.5,7480.0,0.5964,0.134,,-1.3999,1.0467,-0.017,-0.0534,167827954.875
CGPOWER,2026-10-09,NO_SETUP,,855.55,931.0,1.0926,0.6027,,-2.6327,0.2621,-0.0435,-0.0882,1873767172.8984
SONACOMS,2026-10-09,NO_SETUP,,783.3,837.0,0.9185,0.4241,,-1.7736,0.4121,-0.0336,-0.0686,1955189534.061
SBILIFE,2026-10-09,NO_SETUP,,1684.6,1791.4,0.9774,0.3427,,-1.9745,0.0497,-0.024,-0.0634,2155268868.5201
BERGEPAINT,2026-10-09,NO_SETUP,,471.9,474.65,0.4834,0.8504,,-0.073,0.3393,0.0172,-0.0058,190324679.7879
IGARASHI,2026-10-09,NO_SETUP,,396.1,476.9,0.0305,0.7136,,-4.9952,0.193,-0.0182,-0.204,316856907.1536
LTM,2026-10-09,NO_SETUP,,4070.0,4568.8999,0.9207,0.8693,,-3.6027,1.1704,0.0356,-0.1226,1636967842.8675
BEML,2026-10-09,NO_SETUP,,1894.7,2142.3859,1.2062,0.2675,,-2.8613,0.2416,-0.0556,-0.1307,555155446.2228
CHAMBLFERT,2026-10-09,NO_SETUP,,374.3,423.5,2.1441,0.2864,,-4.4933,0.4699,-0.0556,-0.1314,187198086.61
INDOCO,2026-10-09,NO_SETUP,,230.7,284.77,0.1205,0.1922,,-3.1486,0.446,-0.0643,-0.2344,390802375.9533
BELRISE,2026-10-09,NO_SETUP,,234.17,254.28,0.5879,0.4334,,-1.8785,0.0744,-0.0493,-0.0859,703250523.9369
ORIENTTECH,2026-10-09,NO_SETUP,,233.41,274.5,0.266,0.3012,,-3.3516,0.1444,-0.0266,-0.176,325312190.3547
J&KBANK,2026-10-09,NO_SETUP,,138.23,150.57,0.9839,0.7599,,-2.8486,0.6768,-0.0084,-0.0893,288952599.3178
KSB,2026-10-09,NO_SETUP,,784.55,900.0,0.1507,0.7609,,-3.9649,0.2795,-0.0211,-0.1472,354141539.6386
RRKABEL,2026-10-09,NO_SETUP,,2705.6,2806.8,0.7367,0.6272,,-0.7762,0.0972,-0.0062,-0.0374,838290290.9335
THANGAMAYL,2026-10-09,NO_SETUP,,4889.5,5349.5,0.4679,0.7608,,-2.246,0.4131,0.018,-0.0941,403083814.775
RICOAUTO,2026-10-09,NO_SETUP,,115.18,136.0,1.0673,0.163,,-3.3007,0.5467,-0.067,-0.1808,96645175.7127
ABFRL,2026-10-09,NO_SETUP,,43.65,51.82,0.5701,0.6744,,-5.0542,0.3011,-0.0217,-0.1872,224987047.3622
BLUESTARCO,2026-10-09,NO_SETUP,,1574.0,1593.5,0.8461,0.7243,,-0.0909,1.1107,0.0287,-0.0124,956657379.3684
BEPL,2026-10-09,NO_SETUP,,124.89,135.99,1.6188,0.7801,,-2.1175,0.312,-0.0213,-0.0889,131520452.479
UTTAMSUGAR,2026-10-09,NO_SETUP,,298.05,316.55,0.4235,0.4671,,-0.8618,0.3987,-0.0332,-0.0621,102335347.6756
JINDRILL,2026-10-09,NO_SETUP,,572.35,704.4,0.1263,0.1515,,-4.9626,0.1433,-0.0431,-0.2307,386937648.264
TECHM,2026-10-09,NO_SETUP,,1514.1,1633.2,1.0827,0.4431,,-2.5209,0.4671,0.0154,-0.0787,2912762728.9217
SUPREMEIND,2026-10-09,NO_SETUP,,3474.8,3631.8,1.2115,0.6707,,-1.2342,0.1242,-0.0212,-0.0452,533517371.0136
INOXWIND,2026-10-09,NO_SETUP,,66.65,78.89,3.9499,0.8562,,-4.1961,1.5278,-0.0067,-0.1836,770340865.8073
BORORENEW,2026-10-09,NO_SETUP,,430.4,506.8,0.3847,0.426,,-4.581,0.0196,-0.0176,-0.1775,184443216.067
GOKULAGRO,2026-10-09,NO_SETUP,,206.74,236.5,0.6334,0.2864,,-3.118,0.147,-0.0267,-0.1439,66456793.9842
MUKANDLTD,2026-10-09,NO_SETUP,,175.99,190.7,0.4047,0.5461,,-1.4875,0.2001,-0.0534,-0.0836,118985428.5569
PNBHOUSING,2026-10-09,NO_SETUP,,1158.0,1189.6,0.8139,0.2489,,-0.4589,0.2448,0.0239,-0.0273,1135012691.0062
ASTRAMICRO,2026-10-09,NO_SETUP,,1652.9,1726.0,1.1227,0.7296,,-1.0272,0.3969,-0.0283,-0.0442,458559129.6689
KPITTECH,2026-10-09,NO_SETUP,,479.0,580.95,1.2424,0.3396,,-5.5607,0.4864,-0.0108,-0.2128,851322298.82
BOROLTD,2026-10-09,NO_SETUP,,270.2,300.0,0.2329,0.2162,,-1.8681,0.0817,-0.0389,-0.1103,100301613.1792
SHRIRAMFIN,2026-10-09,NO_SETUP,,940.45,1044.9,1.1257,0.813,,-3.808,0.8834,-0.008,-0.1111,4408022990.7559
ADANIPORTS,2026-10-09,NO_SETUP,,1761.0,1824.0,5.1106,0.8731,,-1.1334,1.1124,0.0062,-0.0358,4067694533.1922
INTELLECT,2026-10-09,NO_SETUP,,584.1,696.6,4.2294,0.5566,,-4.8103,0.783,-0.0123,-0.1926,215442962.5091
63MOONS,2026-10-09,NO_SETUP,,766.3,942.8125,0.2544,0.3458,,-4.4688,0.1299,-0.0216,-0.2303,299181574.4646
FINCABLES,2026-10-09,NO_SETUP,,1388.7,1499.0,0.4004,0.2143,,-1.214,0.2318,-0.0639,-0.0794,1198145947.6455
LAURUSLABS,2026-10-09,NO_SETUP,,2036.6,2065.2,0.833,0.8071,,-0.3423,0.7701,-0.0079,-0.014,3269450720.0004
BATAINDIA,2026-10-09,NO_SETUP,,613.25,664.0,0.6118,0.8704,,-3.6189,0.7342,-0.003,-0.0828,92938665.0832
PNCINFRA,2026-10-09,NO_SETUP,,134.74,179.346,0.1761,0.5105,,-6.6609,0.039,-0.016,-0.3311,322987712.5286
CHOLAFIN,2026-10-09,NO_SETUP,,1587.6,1868.2,1.0192,0.8182,,-6.0713,0.9775,0.0146,-0.1767,2648418947.1953
THYROCARE,2026-10-09,NO_SETUP,,499.7,594.0,1.3183,0.6984,,-5.3689,0.0771,-0.026,-0.1887,142517549.8882
ABCAPITAL,2026-10-09,NO_SETUP,,380.7,410.05,2.2618,0.68,,-2.5862,1.2694,0.0231,-0.0771,1206145921.5215
PAYTM,2026-10-09,NO_SETUP,,1636.0,1855.5,1.0233,0.1507,,-2.6061,0.0827,-0.0554,-0.1342,8452997800.9389
CHOLAHLDNG,2026-10-09,NO_SETUP,,1400.4,1543.2,0.4142,0.9143,,-3.0814,0.666,-0.0016,-0.102,260201814.3823
MAXHEALTH,2026-10-09,NO_SETUP,,883.8,1072.6,1.9667,0.1215,,-5.1786,0.3462,-0.0267,-0.2136,2762853569.7549
JIOFIN,2026-10-09,NO_SETUP,,214.62,234.0,1.0754,0.774,,-3.8211,0.7579,-0.0084,-0.0903,2838186598.8914
BAYERCROP,2026-10-09,NO_SETUP,,3492.0,3999.0,0.8819,0.7661,,-5.8356,1.3707,0.0001,-0.1452,139866764.5828
WELCORP,2026-10-09,NO_SETUP,,2640.4,2900.0,0.3551,0.4305,,-1.5041,0.0787,-0.0237,-0.0983,5210990849.0714
ADVENZYMES,2026-10-09,NO_SETUP,,267.15,311.0,1.1446,0.1438,,-4.6693,0.2817,-0.0107,-0.1641,55536187.4332
MPHASIS,2026-10-09,NO_SETUP,,2360.0,2461.1001,1.6381,0.5417,,-0.9975,0.829,0.031,-0.0428,1085282306.4366
SOLARA,2026-10-09,NO_SETUP,,644.35,774.0,0.4623,0.1625,,-3.2586,0.3191,-0.0576,-0.2012,267412485.9797
PVRINOX,2026-10-09,NO_SETUP,,1327.2,1374.8,0.8214,0.5833,,-0.6875,0.3576,-0.0124,-0.0359,950831238.8132
CHEMPLASTS,2026-10-09,NO_SETUP,,214.68,235.9,0.2791,0.761,,-1.6209,0.1941,-0.0593,-0.0988,214358525.1142
GOLDIAM,2026-10-09,NO_SETUP,,305.9,340.9,0.4696,0.3333,,-2.6433,0.0128,-0.035,-0.1144,126963170.6688
AVANTEL,2026-10-09,NO_SETUP,,143.98,165.7,0.383,0.2893,,-3.2453,0.2321,-0.0607,-0.1509,290761662.165
TEJASNET,2026-10-09,NO_SETUP,,447.2,592.05,0.7624,0.098,,-6.7034,0.202,-0.0418,-0.3239,689627512.2809
SBC,2026-10-09,NO_SETUP,,62.43,64.43,1.1323,0.4889,,-0.4621,0.3338,0.0107,-0.032,896551207.1646
RKFORGE,2026-10-09,NO_SETUP,,685.45,741.0,1.1813,0.257,,-1.4647,0.6295,-0.0432,-0.081,383123000.7245
SONATSOFTW,2026-10-09,NO_SETUP,,239.15,291.95,1.9793,0.0757,,-3.3467,0.1511,-0.0361,-0.2208,330100151.0257
SANDHAR,2026-10-09,NO_SETUP,,530.3,639.8932,0.9443,0.3421,,-4.9226,0.1903,-0.0552,-0.2067,65254274.5638
GRAVITA,2026-10-09,NO_SETUP,,1466.4,1720.6,1.4671,0.2586,,-3.3811,0.3007,-0.0198,-0.1733,371353322.7703
ORIENTHOT,2026-10-09,NO_SETUP,,140.01,147.54,0.3364,0.5932,,-1.4952,0.2139,-0.0213,-0.0538,86861274.7074
SBIN,2026-10-09,NO_SETUP,,959.1,1011.9,0.727,0.9633,,-3.0843,1.1329,0.0053,-0.0551,8101706886.0352
GLENMARK,2026-10-09,NO_SETUP,,2293.0,2482.6001,0.7036,1.0,,-2.7257,1.4491,0.0047,-0.0827,1410790379.4412
TIMETECHNO,2026-10-09,NO_SETUP,,176.35,188.4,0.6535,0.104,,-1.0961,0.624,-0.0396,-0.0683,444030968.7641
UTIAMC,2026-10-09,NO_SETUP,,877.7,935.95,0.5394,0.571,,-2.7089,0.0266,-0.0164,-0.0664,67591684.9675
ASHOKA,2026-10-09,NO_SETUP,,102.02,115.79,0.9451,0.5816,,-4.1157,0.2035,-0.0193,-0.135,59973802.1554
SWIGGY,2026-10-09,NO_SETUP,,234.2,289.65,0.72,0.3273,,-5.6905,0.0825,-0.048,-0.2368,3551126868.4501
PRESTIGE,2026-10-09,NO_SETUP,,1406.8,1544.0,0.3956,0.186,,-2.6383,0.0943,-0.0157,-0.0975,843925182.7506
PCBL,2026-10-09,NO_SETUP,,312.4,356.0,0.6533,0.1098,,-3.0262,0.6428,-0.0444,-0.1396,336521430.9355
CHENNPETRO,2026-10-09,NO_SETUP,,1487.7,1677.5,0.6137,0.1513,,-1.6107,0.5373,-0.0773,-0.1276,4121833265.3891
IXIGO,2026-10-09,NO_SETUP,,150.75,169.4,1.6466,0.2427,,-2.6864,0.5846,-0.0475,-0.1237,192430673.0647
GREAVESCOT,2026-10-09,NO_SETUP,,207.22,240.4,0.3747,0.133,,-2.8696,0.4868,-0.0225,-0.1601,591460698.6614
FSL,2026-10-09,NO_SETUP,,268.1,292.0,0.5427,0.5248,,-2.0469,0.1743,0.0343,-0.0891,1028249485.1662
PNB,2026-10-09,NO_SETUP,,116.98,119.4,0.9465,0.682,,-0.5218,0.6081,0.0209,-0.0207,1506362826.3228
SAIL,2026-10-09,NO_SETUP,,171.55,188.8867,3.0123,0.4717,,-1.97,0.8003,-0.0158,-0.1011,2787251503.0434
LTFOODS,2026-10-09,NO_SETUP,,408.05,452.9738,0.7655,0.6087,,-3.3169,0.2064,-0.0243,-0.1101,151456398.6925
LT,2026-10-09,NO_SETUP,,3703.3,3965.5,0.8476,0.928,,-3.7682,1.1497,0.0005,-0.0708,5980512076.2318
GESHIP,2026-10-09,NO_SETUP,,1533.7,1583.0,0.4162,0.2559,,-0.5818,0.097,-0.0218,-0.0321,1341009858.8719
KROSS,2026-10-09,NO_SETUP,,243.05,283.0,0.5451,0.6618,,-2.512,0.2381,-0.079,-0.1644,364571846.5428
SBFC,2026-10-09,NO_SETUP,,84.4,99.87,1.3633,0.9052,,-5.5585,1.1455,0.0407,-0.1833,118214788.4249
GRWRHITECH,2026-10-09,NO_SETUP,,6997.5,7159.0,0.8852,0.6838,,-0.3451,0.2515,0.0136,-0.0231,369869838.0828
BHEL,2026-10-09,NO_SETUP,,433.6,455.95,1.358,0.7175,,-1.246,0.2889,-0.0332,-0.0515,3636881131.537
KRN,2026-10-09,NO_SETUP,,1386.1,1624.1,1.2407,0.3685,,-3.024,0.4314,-0.0661,-0.1717,326021645.9117
CDSL,2026-10-09,NO_SETUP,,1260.0,1394.4,0.7047,0.6639,,-4.1036,0.0649,-0.0118,-0.1067,1325213761.9806
ZFCVINDIA,2026-10-09,NO_SETUP,,2082.2,2560.0,0.2663,0.1572,,-6.9026,0.5344,-0.0414,-0.2295,241877205.3809
MRPL,2026-10-09,NO_SETUP,,172.13,191.9,0.4797,0.2354,,-1.9699,0.2157,-0.0587,-0.1149,1797470547.3203
PROTEAN,2026-10-09,NO_SETUP,,640.65,719.0,0.1441,0.1718,,-1.8529,0.0581,-0.0437,-0.1223,1246159165.5287
IIFL,2026-10-09,NO_SETUP,,597.7,638.25,1.1912,0.6886,,-1.501,0.8502,0.0155,-0.0678,1004222035.7995
SANSERA,2026-10-09,NO_SETUP,,4124.7,4743.5,0.8212,0.6563,,-2.8642,0.0243,-0.0321,-0.15,1421441531.196
BLACKBUCK,2026-10-09,NO_SETUP,,592.05,659.7,0.1889,0.4755,,-2.7531,0.2018,-0.0395,-0.1143,538618825.777
SWANCORP,2026-10-09,NO_SETUP,,261.5,315.35,0.267,0.628,,-4.7558,0.1189,-0.0381,-0.2059,357367280.862
STAR,2026-10-09,NO_SETUP,,1085.3,1260.9,0.7678,0.4404,,-3.9245,0.2473,-0.0139,-0.1618,278534236.1196
JAMNAAUTO,2026-10-09,NO_SETUP,,142.67,154.0,0.5798,0.0975,,-0.822,0.846,-0.06,-0.0794,522651178.5791
SHOPERSTOP,2026-10-09,NO_SETUP,,385.1,442.0,0.0489,0.5212,,-2.6515,0.0214,-0.0186,-0.1478,165224934.6893
QUADFUTURE,2026-10-09,NO_SETUP,,511.25,567.2,0.3748,0.4075,,-1.4836,0.192,-0.0433,-0.1094,719825297.2271
MOIL,2026-10-09,NO_SETUP,,234.96,256.0,0.8096,0.8896,,-2.8951,0.7673,-0.0061,-0.0895,109120279.4795
BHARTIARTL,2026-10-09,NO_SETUP,,1805.1,1893.3,0.5496,0.1989,,-2.2021,0.015,-0.0157,-0.0489,10980047670.5383
ACE,2026-10-09,NO_SETUP,,1176.9,1268.0,0.9512,0.1895,,-1.387,0.0686,-0.0584,-0.0774,416948233.3323
GHCL,2026-10-09,NO_SETUP,,386.25,432.45,0.6712,0.6484,,-4.484,0.1836,-0.0315,-0.1196,52476985.7267
INDUSINDBK,2026-10-09,NO_SETUP,,861.65,1002.7,0.4859,0.3216,,-6.1676,0.1087,-0.0151,-0.1637,2159574016.8666
OSWALPUMPS,2026-10-09,NO_SETUP,,254.35,296.35,0.5723,0.5752,,-4.4988,0.125,-0.0387,-0.1651,100637978.9114
MBAPL,2026-10-09,NO_SETUP,,165.32,173.5,0.5131,0.808,,-1.1895,0.317,-0.0161,-0.0495,132592784.5579
PGIL,2026-10-09,NO_SETUP,,1281.1,1357.9,0.2366,0.409,,-0.9434,0.1644,0.0063,-0.0599,266845466.8265
CENTRALBK,2026-10-09,NO_SETUP,,30.1,32.4,0.4435,0.6667,,-3.7582,0.1914,-0.0112,-0.0764,206643095.577
VTL,2026-10-09,NO_SETUP,,528.2,596.6,0.3398,0.2907,,-3.2975,0.0473,-0.0153,-0.1295,192122860.9473
BHARTIHEXA,2026-10-09,NO_SETUP,,1531.9,1567.4,0.4778,0.9395,,-0.7053,0.6771,0.0365,-0.0232,310643959.1626
PFC,2026-10-09,NO_SETUP,,327.8,354.75,0.5539,0.6589,,-3.3733,0.5588,0.0069,-0.0822,2852715856.3412
AUBANK,2026-10-09,NO_SETUP,,982.0,1065.7,0.8215,0.4172,,-2.867,0.2705,-0.0115,-0.0852,1482259339.3356
ZYDUSLIFE,2026-10-09,NO_SETUP,,1117.5,1232.1,0.3441,0.6612,,-3.5804,0.1817,-0.0308,-0.1026,1769432229.0306
SAPPHIRE,2026-10-09,NO_SETUP,,207.08,241.9,0.8845,0.6904,,-4.0178,0.2399,-0.037,-0.1681,176209164.7602
WEBELSOLAR,2026-10-09,NO_SETUP,,65.57,79.0884,0.8344,0.2533,,-3.8418,0.2694,-0.0515,-0.2062,117862754.5859
GENUSPOWER,2026-10-09,NO_SETUP,,296.55,331.7519,0.9463,0.8409,,-2.5578,0.6521,-0.0149,-0.1187,478564090.6635
ASAHIINDIA,2026-10-09,NO_SETUP,,945.95,995.0,0.3311,0.542,,-1.4315,0.2722,-0.031,-0.0519,109645469.3141
GENESYS,2026-10-09,NO_SETUP,,276.05,323.23,0.2891,0.1135,,-2.2165,0.2019,-0.0638,-0.1709,214007607.6137
SAKAR,2026-10-09,NO_SETUP,,1011.5,1229.85,2.2385,0.7873,,-3.1006,0.1414,-0.0084,-0.2159,128315809.7415
PFS,2026-10-09,NO_SETUP,,26.6,30.21,0.1497,0.7397,,-2.9428,0.1807,-0.0192,-0.1357,77116578.5846
ACC,2026-10-09,NO_SETUP,,1133.0,1280.3,0.8501,0.4719,,-5.6677,0.1192,-0.0279,-0.13,168814386.8054
TECHNOE,2026-10-09,NO_SETUP,,954.9,1057.25,0.4901,0.799,,-3.0138,0.3742,-0.0338,-0.1072,133782541.8825
RML,2026-10-09,NO_SETUP,,1285.2,1440.0,0.4017,0.511,,-1.9338,0.0859,-0.0383,-0.1204,71961086.3458
SUNDARMFIN,2026-10-09,NO_SETUP,,4113.6,4873.7002,0.8421,0.2859,,-5.6313,0.0236,-0.0436,-0.1848,221836926.3456
INDRAMEDCO,2026-10-09,NO_SETUP,,329.05,379.95,0.6102,0.7689,,-4.4491,0.8455,-0.0011,-0.1547,84053601.6141
QPOWER,2026-10-09,NO_SETUP,,1547.4,1681.0,0.7803,0.757,,-1.4338,0.1946,-0.0419,-0.0863,514255056.7337
GRSE,2026-10-09,NO_SETUP,,2046.0,2501.4168,1.2325,0.6389,,-6.6948,0.4989,-0.0266,-0.2226,786245947.7758
IKIO,2026-10-09,NO_SETUP,,179.27,238.8,0.522,0.3222,,-5.5597,0.1859,-0.0617,-0.3321,53660728.1332
ATUL,2026-10-09,NO_SETUP,,5882.5,6395.0,0.3884,0.1833,,-3.139,0.3067,-0.0195,-0.0871,180269703.075
SPARC,2026-10-09,NO_SETUP,,185.6,212.0,0.8426,0.1935,,-2.2357,0.2399,-0.0569,-0.1422,196236529.8406
MAZDOCK,2026-10-09,NO_SETUP,,2010.0,2417.2,1.5262,0.6143,,-7.031,0.3576,-0.0264,-0.2026,1302812279.5619
CEMPRO,2026-10-09,NO_SETUP,,1125.1,1344.6,0.7388,0.0826,,-3.9331,0.3316,-0.0112,-0.1951,265552242.4386
KAYNES,2026-10-09,NO_SETUP,,3264.0,3707.2,0.5754,0.7053,,-3.1572,0.235,-0.03,-0.1358,3550460147.74
CEATLTD,2026-10-09,NO_SETUP,,3262.3,3529.0,0.5746,0.7797,,-3.1837,0.4634,-0.012,-0.0818,154545231.6534
PAISALO,2026-10-09,NO_SETUP,,80.9,94.88,0.3671,0.56,,-3.4218,0.0606,-0.0395,-0.1728,1350228684.906
IIFLCAPS,2026-10-09,NO_SETUP,,343.75,356.4,1.0773,0.15,,-1.8295,0.098,-0.0089,-0.0368,208187409.3357
BIOCON,2026-10-09,NO_SETUP,,349.4,397.95,0.6378,0.773,,-5.2551,0.0672,-0.0294,-0.139,1065393075.637
SUMICHEM,2026-10-09,NO_SETUP,,417.3,485.5,0.5084,0.5957,,-4.3185,0.4016,-0.011,-0.1634,135186341.1283
PGEL,2026-10-09,NO_SETUP,,511.8,547.9911,0.5397,0.3706,,-1.5142,0.069,-0.0195,-0.0707,569617880.4716
TDPOWERSYS,2026-10-09,NO_SETUP,,793.75,856.1,0.6568,0.5083,,-1.084,0.0063,-0.0333,-0.0786,2639842748.2467
GSFC,2026-10-09,NO_SETUP,,147.28,157.79,0.5014,0.4048,,-2.371,0.2104,-0.0164,-0.0714,121175545.2292
GRASIM,2026-10-09,NO_SETUP,,2890.0,3324.3999,0.3476,0.8679,,-7.109,0.5495,-0.0106,-0.1503,1861246703.338
JINDALSTEL,2026-10-09,NO_SETUP,,1016.7,1187.4,1.4182,0.4589,,-4.7195,0.1999,-0.0418,-0.1679,1119848707.7858
MOBIKWIK,2026-10-09,NO_SETUP,,245.49,265.8,2.7379,0.1868,,-0.1403,0.0736,-0.0414,-0.0827,2803988851.5878
MOTILALOFS,2026-10-09,NO_SETUP,,1026.0,1090.25,0.9519,0.6756,,-1.5443,0.3465,-0.0392,-0.0626,915137188.3552
PIIND,2026-10-09,NO_SETUP,,2118.2,2428.7,0.4002,0.3253,,-4.4508,0.284,-0.0415,-0.1466,666389306.2565
SANGHVIMOV,2026-10-09,NO_SETUP,,392.6,471.9,1.0812,0.7016,,-3.3938,0.1565,-0.044,-0.202,132249039.1359
LICI,2026-10-09,NO_SETUP,,394.25,417.8,0.8136,0.9694,,-2.4101,1.565,0.0206,-0.0597,2678309267.5644
IGIL,2026-10-09,NO_SETUP,,309.05,337.9,0.7246,0.6689,,-2.7042,0.2049,-0.0252,-0.0934,168513887.9723
BLSE,2026-10-09,NO_SETUP,,149.35,339.8,2.8737,0.1586,,-9.7126,0.4403,-0.0559,-1.2752,118454733.6224
MSUMI,2026-10-09,NO_SETUP,,33.55,36.95,0.2962,0.8,,-3.8271,0.6851,-0.0006,-0.1013,376226470.7859
CESC,2026-10-09,NO_SETUP,,133.23,152.48,1.31,0.8738,,-5.1565,1.2489,0.0156,-0.1445,235103834.5567
GICRE,2026-10-09,NO_SETUP,,312.6,353.25,1.2196,0.589,,-4.4296,0.4118,-0.0125,-0.13,175411212.1031
QUESS,2026-10-09,NO_SETUP,,321.35,372.25,0.2874,0.5025,,-3.1096,0.0407,-0.0215,-0.1584,154595591.8973
ASHAPURMIN,2026-10-09,NO_SETUP,,470.8,555.7537,0.5545,0.3349,,-4.0633,0.0758,-0.0352,-0.1804,151936272.8796
TIPSMUSIC,2026-10-09,NO_SETUP,,636.35,682.5,0.5903,0.7182,,-2.0167,0.9063,-0.0055,-0.0725,150549071.8918
ATGL,2026-10-09,NO_SETUP,,563.45,674.8,0.1663,0.1696,,-5.8767,0.072,-0.0317,-0.1976,1741414910.3145
LEMONTREE,2026-10-09,NO_SETUP,,110.43,113.55,0.4762,0.7061,,-0.8462,0.1368,-0.0186,-0.0283,438393455.4898
CGCL,2026-10-09,NO_SETUP,,241.82,276.6,0.9932,0.2303,,-3.3848,0.0315,-0.0356,-0.1438,671643274.6038
BLUEJET,2026-10-09,NO_SETUP,,514.6,602.65,0.469,0.1364,,-4.072,0.2152,-0.0494,-0.1711,225720793.8089
INFY,2026-10-09,NO_SETUP,,1023.4,1097.7,1.4499,0.6822,,-2.4537,0.9697,0.0317,-0.0726,10235217135.0618
FORTIS,2026-10-09,NO_SETUP,,786.25,915.0,1.934,0.2946,,-4.3506,0.928,0.0092,-0.1638,1636512297.8538
VIMTALABS,2026-10-09,NO_SETUP,,537.45,642.0,0.9589,0.4134,,-3.9686,0.7017,-0.0525,-0.1945,83455889.2477
GPIL,2026-10-09,NO_SETUP,,206.47,254.6,1.0028,0.4889,,-6.271,0.1161,-0.0366,-0.2331,307254039.8207
INDORAMA,2026-10-09,NO_SETUP,,92.39,112.3,0.5761,0.7347,,-2.4912,0.5937,-0.0375,-0.2155,229505618.6879
KFINTECH,2026-10-09,NO_SETUP,,842.35,930.0,1.4893,0.2336,,-2.7906,0.1652,-0.0182,-0.1041,497256445.4071
V2RETAIL,2026-10-09,NO_SETUP,,154.5,220.5,0.9087,0.5654,,-7.2942,0.0426,-0.0576,-0.4272,397231782.3817
ZYDUSWELL,2026-10-09,NO_SETUP,,490.7,571.65,0.3807,0.1272,,-4.2956,0.2985,-0.0332,-0.165,92083904.453
INDUSTOWER,2026-10-09,NO_SETUP,,380.85,392.3,0.54,0.8357,,-1.0105,0.7701,-0.0109,-0.0301,1877768278.221
MSTCLTD,2026-10-09,NO_SETUP,,672.0,760.9,0.8483,0.625,,-2.6017,0.1199,-0.0383,-0.1323,150795415.2129
LTF,2026-10-09,NO_SETUP,,261.2,314.3,0.4031,0.75,,-6.0631,0.45,0.0037,-0.2033,1783960711.2154
GRAPHITE,2026-10-09,NO_SETUP,,806.6,868.95,0.401,0.6217,,-1.6273,0.1368,-0.0329,-0.0773,1384792072.998
LICHSGFIN,2026-10-09,NO_SETUP,,551.65,576.7,1.3665,0.8586,,-1.2537,0.8217,0.0703,-0.0454,2183014857.8003
AURIONPRO,2026-10-09,NO_SETUP,,601.6,723.8368,1.2215,0.2206,,-4.2781,0.2032,-0.0183,-0.2032,91934793.0449
SBICARD,2026-10-09,NO_SETUP,,562.0,671.0,0.6754,0.7066,,-6.3588,0.8674,0.0083,-0.194,698495759.595
ARVIND,2026-10-09,NO_SETUP,,509.45,597.9,1.0486,0.6449,,-4.4273,0.0562,-0.0375,-0.1736,320860141.5233
CCL,2026-10-09,NO_SETUP,,1051.5,1104.7,0.4983,0.3333,,-1.4847,0.0309,-0.0008,-0.0506,146981730.9745
JINDALSAW,2026-10-09,NO_SETUP,,269.6,320.0,0.8647,0.6323,,-4.6101,0.0582,-0.0436,-0.1869,381536220.1061
BHARATSE,2026-10-09,NO_SETUP,,210.18,229.55,19.9805,0.4116,,-0.097,0.9634,0.0273,-0.0922,50424988.2325
ABSLAMC,2026-10-09,NO_SETUP,,1004.05,1116.9,0.6394,0.5815,,-2.6429,0.0218,-0.0113,-0.1124,203413717.5879
FLUOROCHEM,2026-10-09,NO_SETUP,,4476.8,4884.6652,0.813,0.7478,,-2.8309,0.2701,-0.0174,-0.0911,465606595.0857
PETRONET,2026-10-09,NO_SETUP,,291.5,299.6,1.0514,0.373,,-0.6552,0.4736,-0.0185,-0.0278,565526177.6671
FORCEMOT,2026-10-09,NO_SETUP,,16900.0,18339.0,0.5612,0.8854,,-3.2275,0.4627,-0.0033,-0.0851,994459136.95
IGL,2026-10-09,NO_SETUP,,146.15,152.8589,1.4211,0.7735,,-1.328,1.0689,-0.0014,-0.0459,256695580.1634
BLS,2026-10-09,NO_SETUP,,216.23,241.6201,0.5567,0.5485,,-3.5364,0.1742,-0.0209,-0.1174,160712180.1462
JAGSNPHARM,2026-10-09,NO_SETUP,,225.6,251.0,0.0873,0.1392,,-2.0046,0.6574,-0.0416,-0.1126,141201077.4475
GPPL,2026-10-09,NO_SETUP,,167.9,174.77,0.5508,0.3567,,-0.7399,0.2611,-0.0264,-0.0409,233160930.0257
TCS,2026-10-09,NO_SETUP,,2156.0,2323.0,3.6515,0.5932,,-1.9259,1.2947,0.0364,-0.0775,7770433306.2609
ROLEXRINGS,2026-10-09,NO_SETUP,,169.14,199.0,0.6169,0.53,,-3.3279,0.1234,-0.0791,-0.1765,428707679.9398
PICCADIL,2026-10-09,NO_SETUP,,580.7,628.4,0.7706,0.6649,,-2.0162,0.371,-0.0141,-0.0821,69222558.4068
ATHERENERG,2026-10-09,NO_SETUP,,1434.4,1673.5,0.9885,0.9481,,-3.6172,0.4362,-0.0142,-0.1667,5348335527.362
KRSNAA,2026-10-09,NO_SETUP,,535.5,595.7895,0.1239,0.319,,-2.5019,0.1896,-0.023,-0.1126,122071650.9615
ABREL,2026-10-09,NO_SETUP,,1022.3,1346.0,1.4846,0.6849,,-7.1383,0.0976,-0.0258,-0.3166,262391351.8872
WAAREEENER,2026-10-09,NO_SETUP,,2323.0,2635.0,0.5785,0.6519,,-4.7612,0.0985,-0.0325,-0.1343,1454650797.4678
PIDILITIND,2026-10-09,NO_SETUP,,1482.0,1598.9,0.4868,0.6974,,-3.2149,0.6401,-0.0044,-0.0789,959109884.497
FEDERALBNK,2026-10-09,NO_SETUP,,330.0,347.05,0.8332,0.901,,-2.0573,1.1536,0.0201,-0.0517,2059135882.2715
GMRAIRPORT,2026-10-09,NO_SETUP,,92.31,101.28,4.5079,1.0,,-3.4485,1.7454,0.0123,-0.0972,1624818513.6584
SAMBHV,2026-10-09,NO_SETUP,,160.41,171.7,0.3448,0.6443,,-1.0655,0.4073,0.0132,-0.0704,1163392987.325
CANBK,2026-10-09,NO_SETUP,,119.59,127.6,0.7533,0.8599,,-3.0324,0.8879,0.0037,-0.067,1479465783.1101
UNOMINDA,2026-10-09,NO_SETUP,,1108.0,1284.0,0.5896,0.7544,,-5.0812,0.6915,0.0029,-0.1588,647205064.9514
KEI,2026-10-09,NO_SETUP,,4585.0,4760.0,0.4531,0.5446,,-0.9975,0.0375,-0.0198,-0.0382,1556213592.54
BALAMINES,2026-10-09,NO_SETUP,,2040.8,2415.0,0.5712,0.0892,,-2.3886,0.3754,-0.0534,-0.1834,670993389.3654
BSE,2026-10-09,NO_SETUP,,3287.2,3452.7,0.5775,0.2837,,-0.9681,0.4435,-0.0205,-0.0503,18234495173.2268
ASHOKLEY,2026-10-09,NO_SETUP,,145.06,167.04,0.9188,0.3852,,-4.9266,0.01,-0.0277,-0.1515,1837357176.0347
GODREJAGRO,2026-10-09,NO_SETUP,,628.45,698.4,0.5365,0.1923,,-2.4396,0.5385,-0.0174,-0.1113,126597667.5791
METROPOLIS,2026-10-09,NO_SETUP,,529.25,607.85,0.5047,0.803,,-4.07,0.1837,-0.0225,-0.1485,116145346.4904
ACUTAAS,2026-10-09,NO_SETUP,,3160.6,3509.8999,0.9925,0.815,,-2.6219,0.8516,-0.0043,-0.1105,1099018478.468
CANFINHOME,2026-10-09,NO_SETUP,,718.15,791.95,0.437,0.1293,,-3.4984,0.3142,-0.0122,-0.1028,198686640.3498
VMM,2026-10-09,NO_SETUP,,97.5,108.23,0.6255,0.6667,,-3.4951,0.17,-0.0299,-0.1101,1100002202.0825
WALCHANNAG,2026-10-09,NO_SETUP,,207.3,230.0,0.835,0.0889,,-1.2935,0.0633,-0.0745,-0.1095,208111037.3067
LLOYDSME,2026-10-09,NO_SETUP,,1815.5,1918.8,1.2528,0.4204,,-1.3052,0.3664,-0.0157,-0.0569,780600124.5873
ARE&M,2026-10-09,NO_SETUP,,721.0,836.5,0.652,0.3798,,-5.8685,0.0382,-0.0167,-0.1602,314614236.125
POWERGRID,2026-10-09,NO_SETUP,,249.15,274.05,1.223,0.6061,,-4.3261,0.8483,-0.0154,-0.0999,2450738447.3208
LALPATHLAB,2026-10-09,NO_SETUP,,1933.6,2038.6,0.4617,0.8467,,-1.5481,0.5608,-0.0059,-0.0543,703810128.8685
KALYANKJIL,2026-10-09,NO_SETUP,,554.0,617.829,0.5667,0.399,,-2.7382,0.0237,-0.0264,-0.1152,3755454655.615
LODHA,2026-10-09,NO_SETUP,,1064.8,1177.5,0.5579,0.544,,-2.7236,0.0215,-0.0402,-0.1058,2189563586.8085
GAIL,2026-10-09,NO_SETUP,,166.64,176.5,0.8168,0.1528,,-2.3581,0.3113,-0.0238,-0.0592,1145759952.086
COALINDIA,2026-10-09,NO_SETUP,,411.55,436.3,0.633,0.9097,,-2.8636,0.2619,-0.0071,-0.0601,2558329595.6383
ASIANENE,2026-10-09,NO_SETUP,,450.1,552.1496,1.0558,0.3882,,-3.2665,0.366,-0.0626,-0.2267,144819150.98
POONAWALLA,2026-10-09,NO_SETUP,,447.3,492.0,1.0383,0.7429,,-2.7454,0.6279,-0.0036,-0.0999,620570385.8679
GMRP&UI,2026-10-09,NO_SETUP,,98.1,106.84,0.3594,0.33,,-1.6969,0.2496,-0.0343,-0.0891,160468929.8059
GREENPLY,2026-10-09,NO_SETUP,,306.7,316.9,0.5401,0.8155,,-0.7888,0.095,-0.013,-0.0333,69315214.6608
INDIANB,2026-10-09,NO_SETUP,,829.8,869.85,1.5644,0.9296,,-1.9394,1.1111,0.0018,-0.0483,787458627.3708
LXCHEM,2026-10-09,NO_SETUP,,180.34,193.77,0.6734,0.1719,,-1.0916,0.213,-0.0526,-0.0745,246206222.4898
SCHNEIDER,2026-10-09,NO_SETUP,,1176.9,1318.8,0.7407,0.4074,,-2.2797,0.3008,-0.0631,-0.1206,340694517.9306
ASKAUTOLTD,2026-10-09,NO_SETUP,,588.15,678.75,0.8174,0.4271,,-3.0752,0.2486,-0.0613,-0.154,194685202.6093
ROUTE,2026-10-09,NO_SETUP,,416.7,506.95,0.6284,0.205,,-5.6402,0.1327,-0.023,-0.2166,111673468.4597
MOSCHIP,2026-10-09,NO_SETUP,,189.1,213.03,0.6397,0.4534,,-3.2843,0.3687,-0.0312,-0.1265,244190918.5327
SHREECEM,2026-10-09,NO_SETUP,,22080.0,23000.0,0.4877,0.8125,,-1.5347,0.9208,0.0138,-0.0417,1007696547.25
BRITANNIA,2026-10-09,NO_SETUP,,4825.0,5108.0,0.4284,0.6767,,-2.7844,0.8773,0.0094,-0.0587,1174562809.74
GODREJIND,2026-10-09,NO_SETUP,,985.4,1172.0,0.6026,0.1416,,-4.5601,0.4636,-0.0424,-0.1894,94613577.0107
KPIGREEN,2026-10-09,NO_SETUP,,325.3,386.9,0.246,0.4396,,-3.2277,0.1186,-0.0274,-0.1894,1099678247.3552
SUNTV,2026-10-09,NO_SETUP,,635.9,663.9,0.5187,0.8708,,-0.8862,0.8029,-0.0009,-0.044,2040470954.7725
UPL,2026-10-09,NO_SETUP,,488.45,580.0,0.5798,0.5481,,-6.0939,0.5234,-0.0132,-0.1874,1241300072.7639
MOREPENLAB,2026-10-09,NO_SETUP,,129.55,150.7,0.979,0.1626,,-1.0531,0.8434,-0.1185,-0.1633,2329172577.6667
ITC,2026-10-09,NO_SETUP,,266.0,271.05,1.7529,0.8417,,-0.4699,1.723,0.0011,-0.019,4846808109.3793
SUZLON,2026-10-09,NO_SETUP,,37.6,45.68,1.0148,0.9021,,-6.8164,1.0044,-0.0193,-0.2149,2323101430.7132
GODREJCP,2026-10-09,NO_SETUP,,860.5,891.0,0.6599,0.1519,,-0.9698,0.2552,-0.0058,-0.0354,806724910.8546
BALRAMCHIN,2026-10-09,NO_SETUP,,678.15,717.25,0.5756,0.1213,,-0.6957,0.3951,-0.0403,-0.0577,845582872.2475
VISHNU,2026-10-09,NO_SETUP,,654.85,732.8,0.7184,0.0806,,-2.2256,0.4228,-0.0418,-0.119,56959048.5693
GREENPANEL,2026-10-09,NO_SETUP,,153.78,176.54,0.3003,0.4757,,-3.7478,0.0691,-0.0336,-0.148,60645971.6499
VOLTAMP,2026-10-09,NO_SETUP,,10302.0,11255.0,0.7227,0.4519,,-2.5362,0.3146,-0.02,-0.0925,154429340.05
WELENT,2026-10-09,NO_SETUP,,735.9,841.9,0.1777,0.5607,,-3.3371,0.1215,-0.0065,-0.144,528678235.9317
GMDCLTD,2026-10-09,NO_SETUP,,462.15,590.8705,0.731,0.3106,,-7.7486,0.0777,-0.0313,-0.2785,381688369.8781
AWL,2026-10-09,NO_SETUP,,182.18,189.33,0.7051,0.4272,,-1.0636,0.1245,-0.0263,-0.0392,386302446.7261
POLYMED,2026-10-09,NO_SETUP,,1587.1,1772.0,0.8987,0.5764,,-3.0603,0.3587,-0.0173,-0.1165,162192386.4925
PATELENG,2026-10-09,NO_SETUP,,24.98,28.07,0.7004,0.4935,,-3.2569,0.1206,-0.0295,-0.1237,59294891.1117
AAVAS,2026-10-09,NO_SETUP,,1193.0,1342.6,0.3524,0.4924,,-3.3362,0.0612,-0.0314,-0.1254,110221195.0601
PARAGMILK,2026-10-09,NO_SETUP,,306.4,317.0,0.4296,0.64,,-0.4773,0.2148,-0.0173,-0.0346,639460408.422
AEGISVOPAK,2026-10-09,NO_SETUP,,284.8,320.95,0.6401,0.677,,-2.3557,0.0304,-0.0321,-0.1269,558676429.9325
INDGN,2026-10-09,NO_SETUP,,580.1,627.0,0.686,0.4638,,-1.9252,0.3157,-0.0445,-0.0808,295046330.7654
TEXRAIL,2026-10-09,NO_SETUP,,110.99,135.4,1.3951,0.6564,,-3.5644,0.6543,-0.0327,-0.2199,471386807.3088
KERNEX,2026-10-09,NO_SETUP,,1736.3,1796.0,0.9611,0.5073,,-0.3485,0.4229,-0.0177,-0.0344,232245982.8213
SHYAMMETL,2026-10-09,NO_SETUP,,1060.1,1148.0,0.2869,0.4223,,-2.4776,0.2184,-0.0067,-0.0829,608167733.21
CMSINFO,2026-10-09,NO_SETUP,,213.85,239.0,0.6248,0.6036,,-3.357,0.0731,-0.0207,-0.1176,193601182.4878
AXISBANK,2026-10-09,NO_SETUP,,1259.1,1259.0,0.9074,0.7336,0.0143,0.2757,0.5554,0.0134,0.0001,7077207979.9422
PATANJALI,2026-10-09,NO_SETUP,,360.45,412.9,0.2934,1.0,,-4.5948,0.4774,-0.0014,-0.1455,2280334092.0975
MIDHANI,2026-10-09,NO_SETUP,,440.5,479.9507,0.4044,0.446,,-1.7759,0.1156,-0.0397,-0.0896,462284904.0345
SAMHI,2026-10-09,NO_SETUP,,141.9,172.5,0.456,0.2421,,-4.7551,0.3441,-0.0363,-0.2156,164698923.5868
AXISCADES,2026-10-09,NO_SETUP,,2082.3,2360.0,0.6411,0.4458,,-1.9998,0.0448,-0.0727,-0.1334,631804162.7707
IDBI,2026-10-09,NO_SETUP,,83.09,88.53,0.5405,0.4578,,-1.4519,0.0319,-0.0301,-0.0655,1035771428.6577
ZENSARTECH,2026-10-09,NO_SETUP,,448.55,479.9,0.445,0.2846,,-1.1225,0.4233,0.0211,-0.0699,1679937952.9375
RPGLIFE,2026-10-09,NO_SETUP,,2719.2,3127.8,0.8562,0.2516,,-1.8696,0.6514,-0.06,-0.1503,115530527.667
TITAN,2026-10-09,NO_SETUP,,4410.0,5021.0,0.7333,0.7064,,-6.0577,0.5182,0.0075,-0.1385,3807513568.3583
SOUTHBANK,2026-10-09,NO_SETUP,,47.91,50.68,0.9365,0.8421,,-1.6134,1.0051,0.0093,-0.0578,678577233.4561
GAEL,2026-10-09,NO_SETUP,,163.43,170.95,1.6041,0.7356,,-0.7878,0.7893,0.0028,-0.046,102455007.5017
BAJFINANCE,2026-10-09,NO_SETUP,,960.0,1048.7,1.1382,0.5376,,-3.2998,0.1656,-0.004,-0.0924,6857182976.0783
PRAKASH,2026-10-09,NO_SETUP,,118.7,129.0,0.948,0.5586,,-1.586,0.7266,0.0033,-0.0868,60646250.2136
GODFRYPHLP,2026-10-09,NO_SETUP,,1813.2,2019.1,0.8542,0.8538,,-3.8093,0.805,-0.0264,-0.1136,335160859.2548
ONESOURCE,2026-10-09,NO_SETUP,,1461.3,1657.5,0.6924,0.4367,,-2.9167,0.2962,-0.044,-0.1343,435831853.2602
M&MFIN,2026-10-09,NO_SETUP,,319.45,365.0,0.8174,0.8739,,-4.0778,0.8266,-0.0071,-0.1426,576139238.0535
SUNPHARMA,2026-10-09,NO_SETUP,,1760.0,1891.5,0.8712,0.3488,,-3.5469,0.0062,-0.0118,-0.0747,2841636210.4288
COHANCE,2026-10-09,NO_SETUP,,441.0,482.25,0.3991,0.6109,,-2.2044,0.0835,-0.0317,-0.0935,505193002.5705
MFSL,2026-10-09,NO_SETUP,,1309.7,1591.8,0.5434,0.2788,,-5.4756,0.2679,-0.0263,-0.2154,2151111628.1001
IRFC,2026-10-09,NO_SETUP,,74.7,82.67,1.0852,0.5614,,-4.4278,0.2371,-0.019,-0.1067,742838147.4832
JBMA,2026-10-09,NO_SETUP,,528.6,633.45,0.5617,0.4735,,-6.0453,0.1223,-0.0336,-0.1984,144780713.2332
BAJAJFINSV,2026-10-09,NO_SETUP,,1734.7,1942.7,0.928,0.5873,,-5.4302,0.7563,-0.0049,-0.1199,1486644847.9453
ASIANTILES,2026-10-09,NO_SETUP,,45.59,52.22,0.3163,0.2828,,-3.3126,0.1119,-0.0339,-0.1454,84974894.1862
INDIAGLYCO,2026-10-09,NO_SETUP,,329.6,399.0,0.9437,0.0788,,-1.0422,0.7295,-0.1388,-0.2106,458203669.1558
PPLPHARMA,2026-10-09,NO_SETUP,,196.88,218.99,0.4954,0.5743,,-2.9174,0.0657,-0.0302,-0.1123,567456185.3331
SYNCOMF,2026-10-09,NO_SETUP,,23.28,27.49,0.4623,0.565,,-1.9013,0.1651,-0.0666,-0.1808,784795980.0526
RITES,2026-10-09,NO_SETUP,,198.66,218.9,0.1481,0.7074,,-2.7735,0.4344,-0.0104,-0.1019,830077662.1714
AEROFLEX,2026-10-09,NO_SETUP,,520.5,574.9,0.8176,0.1976,,-1.0009,0.3039,-0.0769,-0.1045,696877288.3484
RAILTEL,2026-10-09,NO_SETUP,,248.15,281.0,0.8395,0.3063,,-3.5607,0.0061,-0.0255,-0.1324,218739385.1112
AARTIIND,2026-10-09,NO_SETUP,,460.15,510.9343,1.4628,0.0314,,-1.4416,1.0518,-0.0633,-0.1104,245963494.2723
VBL,2026-10-09,NO_SETUP,,441.0,444.05,0.5434,1.0,,-0.3015,0.8898,0.0006,-0.0069,2186550286.4427
BAJAJ-AUTO,2026-10-09,NO_SETUP,,9778.0,11820.0,0.8805,0.4118,,-7.4659,0.5684,-0.0107,-0.2088,3073168938.7
AARTIDRUGS,2026-10-09,NO_SETUP,,413.3,450.2,0.3972,0.4795,,-2.0943,0.047,-0.0102,-0.0893,80336840.3124
RGL,2026-10-09,NO_SETUP,,160.74,173.8,0.5172,0.7715,,-1.2841,0.6075,-0.0459,-0.0812,136178984.4397
PRAJIND,2026-10-09,NO_SETUP,,285.8,334.0,1.0083,0.1307,,-4.2653,0.4155,-0.0486,-0.1686,129049282.38
SCI,2026-10-09,NO_SETUP,,277.25,293.8,0.423,0.391,,-1.3883,0.3887,-0.0284,-0.0597,795586425.0608
RPTECH,2026-10-09,NO_SETUP,,889.7,1004.7,0.654,0.4231,,-2.0543,0.2124,-0.0532,-0.1293,316230471.8684
ASIANPAINT,2026-10-09,NO_SETUP,,2339.1,2498.1001,0.4256,0.4152,,-2.7308,0.5555,-0.0139,-0.068,1373425554.4792
BAJAJCON,2026-10-09,NO_SETUP,,506.95,533.0,0.9863,0.8986,,-1.2873,0.9469,0.0496,-0.0514,264681631.0993
COLPAL,2026-10-09,NO_SETUP,,1817.8,1917.8,8.9727,0.6149,,-0.9882,1.6591,0.0344,-0.055,1051563723.2465
PARADEEP,2026-10-09,NO_SETUP,,146.75,159.91,0.9472,0.1733,,-1.697,0.7913,-0.0555,-0.0897,253018020.7456
CAMPUS,2026-10-09,NO_SETUP,,197.0,216.2,1.476,0.2891,,-3.0689,0.3789,-0.0546,-0.0975,72218416.0276
COCHINSHIP,2026-10-09,NO_SETUP,,1230.0,1570.033,1.9938,0.3864,,-7.3353,0.703,-0.02,-0.2764,1607618258.0716
M&M,2026-10-09,NO_SETUP,,2796.2,3146.8999,0.5183,0.6699,,-5.3142,0.7315,-0.0014,-0.1254,6915954279.452
POWERINDIA,2026-10-09,NO_SETUP,,30605.0,32700.0,1.1722,0.6075,,-1.8589,0.3662,-0.0318,-0.0685,3026787549.5
INDIACEM,2026-10-09,NO_SETUP,,297.45,359.4,0.5374,0.7919,,-5.7223,0.27,-0.0185,-0.2083,85587362.6302
INDIAMART,2026-10-09,NO_SETUP,,1606.8,1768.8,0.5778,0.6323,,-3.4721,0.099,0.0009,-0.1008,181453877.6502
IRCTC,2026-10-09,NO_SETUP,,458.8,479.4901,1.6421,0.6341,,-1.477,0.8999,0.0114,-0.0451,364575806.239
CAMS,2026-10-09,NO_SETUP,,672.5,732.6,0.8996,0.8239,,-3.2166,0.5584,-0.0318,-0.0894,814769674.8265
GNA,2026-10-09,NO_SETUP,,554.55,648.0,0.3487,0.4235,,-2.6969,0.1089,-0.0499,-0.1685,585479194.3361
IRCON,2026-10-09,NO_SETUP,,104.56,122.96,0.2913,0.7714,,-4.3644,0.3107,-0.0197,-0.176,761813957.3441
ADANIENSOL,2026-10-09,NO_SETUP,,1262.0,1439.4,0.5596,0.2027,,-3.1834,0.2168,-0.0431,-0.1406,2350287486.6183
KTKBANK,2026-10-09,NO_SETUP,,328.2,345.4,0.7177,0.8704,,-1.5545,0.7281,0.0054,-0.0524,599900752.0848
INDHOTEL,2026-10-09,NO_SETUP,,715.65,755.0,0.3118,0.4307,,-1.9774,0.2507,-0.0214,-0.055,2417176466.1025
AARTIPHARM,2026-10-09,NO_SETUP,,855.5,1002.4,0.5082,0.131,,-2.3447,0.5002,-0.1026,-0.1717,792712875.9458
JAYNECOIND,2026-10-09,NO_SETUP,,91.4,96.38,0.7596,0.4449,,-1.0272,0.023,-0.0403,-0.0545,233850842.9513
COFORGE,2026-10-09,NO_SETUP,,1867.9,1893.6,1.098,0.6408,,-0.1583,0.893,0.0251,-0.0138,3751102125.9756
ZEEL,2026-10-09,NO_SETUP,,69.97,85.1,0.9458,0.7735,,-4.6955,0.5146,-0.0021,-0.2162,1105925036.7162
PARAS,2026-10-09,NO_SETUP,,1267.9,1499.0,1.0557,0.7925,,-3.6946,0.4421,-0.0142,-0.1823,899319328.8554
ADANIENT,2026-10-09,NO_SETUP,,2634.4,3114.5,1.0526,0.7369,,-5.0045,0.4164,-0.0396,-0.1822,4359003627.7108
MOTHERSON,2026-10-09,NO_SETUP,,153.0,166.22,0.7322,0.4566,,-2.55,0.0181,-0.0389,-0.0864,1916399481.5973
VEDL,2026-10-09,NO_SETUP,,264.0,275.1,1.4658,0.9507,,-1.3732,1.4121,0.0099,-0.042,2150560426.0444
BAJAJHFL,2026-10-09,NO_SETUP,,81.51,86.45,0.8705,0.0719,,-2.1726,0.375,-0.0306,-0.0606,267110209.5081
AZAD,2026-10-09,NO_SETUP,,2910.2,3127.8999,0.4876,0.7008,,-1.3453,0.2004,-0.0453,-0.0748,2988694379.3081
ONGC,2026-10-09,NO_SETUP,,221.27,243.16,0.6991,0.7195,,-4.9224,0.3451,-0.0027,-0.0989,2606355776.0552
ICICIPRULI,2026-10-09,NO_SETUP,,460.55,501.45,0.4225,0.6511,,-2.9411,0.2837,0.0067,-0.0888,703647615.8269
VIYASH,2026-10-09,NO_SETUP,,234.06,263.4,0.6586,0.2369,,-2.7333,0.2081,-0.0279,-0.1254,584688190.7724
MAWANASUG,2026-10-09,NO_SETUP,,146.44,155.5,0.4409,0.2363,,-0.5496,0.1589,-0.0344,-0.0619,56296654.2019
BAJAJHLDNG,2026-10-09,NO_SETUP,,10820.0,11449.0,0.2818,1.0,,-2.4978,0.8736,0.0148,-0.0581,450059163.3994
GNFC,2026-10-09,NO_SETUP,,592.7,636.0,0.2706,0.12,,-1.1035,0.3076,-0.0412,-0.0731,740445773.0751
BSOFT,2026-10-09,NO_SETUP,,285.3,302.85,2.1346,0.7695,,-1.5495,1.4783,0.0261,-0.0615,503108732.4306
ICIL,2026-10-09,NO_SETUP,,436.3,485.95,0.5707,0.123,,-1.2782,0.5746,-0.0739,-0.1138,219123326.9724
SUNFLAG,2026-10-09,NO_SETUP,,439.8,479.1,0.3368,0.1718,,-1.0592,0.526,-0.0729,-0.0894,354649729.3512
BAJAJHIND,2026-10-09,NO_SETUP,,20.42,21.89,0.6409,0.716,,-1.2463,0.3819,-0.0299,-0.072,318502295.3039
IREDA,2026-10-09,NO_SETUP,,104.4,117.39,0.6322,0.5442,,-4.3561,0.2121,-0.0273,-0.1244,540439988.197
WELSPUNLIV,2026-10-09,NO_SETUP,,223.75,245.5,0.5239,0.3631,,-1.5838,0.1376,-0.0513,-0.0972,1123332217.5472
UNIVCABLES,2026-10-09,NO_SETUP,,1518.8,1669.5,0.5557,0.2091,,-1.2663,0.3998,-0.07,-0.0992,173879650.3084
SAGILITY,2026-10-09,NO_SETUP,,44.0,46.7,1.2372,0.4878,,-1.7212,0.5405,0.0206,-0.0614,575963479.2822
POLYCAB,2026-10-09,NO_SETUP,,8255.0,8463.0,0.8843,0.828,,-0.8828,0.5481,-0.0066,-0.0252,3141378534.5
IOB,2026-10-09,NO_SETUP,,30.58,33.3,0.7954,0.6379,,-3.7244,0.1484,-0.0145,-0.0889,85618118.9763
PREMIERENE,2026-10-09,NO_SETUP,,895.35,981.8,0.3822,0.6206,,-2.7384,0.374,-0.0161,-0.0966,1159656455.2081
GOKEX,2026-10-09,NO_SETUP,,667.7,792.15,0.488,0.7702,,-4.8759,0.6279,-0.0079,-0.1864,195321782.8813
IEX,2026-10-09,NO_SETUP,,104.78,118.63,0.992,0.5575,,-5.3598,0.4221,-0.0101,-0.1322,375818169.572
BRIGADE,2026-10-09,NO_SETUP,,548.8,665.75,0.5981,0.55,,-5.2992,0.0751,-0.0097,-0.2131,158502780.1859
TEMBO,2026-10-09,NO_SETUP,,55.06,63.37,1.4085,0.5074,,-2.5097,0.3208,-0.0241,-0.1509,89985796.2811
GODREJPROP,2026-10-09,NO_SETUP,,1550.0,1874.8,0.4726,0.6014,,-6.726,0.3432,-0.0191,-0.2095,1007898946.4804
BPCL,2026-10-09,NO_SETUP,,287.8,318.2,0.5009,0.7168,,-3.8748,0.2085,-0.0289,-0.1056,1429075261.1929
POKARNA,2026-10-09,NO_SETUP,,687.05,879.95,0.5742,0.5446,,-6.1826,0.2974,-0.0247,-0.2808,57102634.346
PARACABLES,2026-10-09,NO_SETUP,,55.85,68.24,0.7638,0.5228,,-3.9571,0.2816,-0.0285,-0.2218,74935513.1331
LATENTVIEW,2026-10-09,NO_SETUP,,232.01,264.8,1.2306,0.0901,,-2.7701,0.2099,0.0084,-0.1413,138790012.5186
SAMMAANCAP,2026-10-09,NO_SETUP,,126.44,152.22,1.1658,0.2378,,-5.571,0.3302,-0.0489,-0.2039,549946649.6112
FIEMIND,2026-10-09,NO_SETUP,,1747.7,2029.0,0.5938,0.4247,,-4.5517,0.0192,-0.0287,-0.161,115222502.5306
USHAMART,2026-10-09,NO_SETUP,,502.05,542.6,0.6081,0.4494,,-2.0221,0.1157,-0.035,-0.0808,535497680.3445
ITI,2026-10-09,NO_SETUP,,240.13,269.55,0.5822,0.6767,,-3.7828,0.4029,-0.0232,-0.1225,50895989.5977
ROSSTECH,2026-10-09,NO_SETUP,,1574.8,1699.0,0.3417,0.5384,,-1.0593,0.0585,-0.0293,-0.0789,734173004.9462
TI,2026-10-09,NO_SETUP,,541.0,607.8,1.6291,0.5513,,-2.7298,0.3353,-0.0191,-0.1235,558715965.0625
JISLJALEQS,2026-10-09,NO_SETUP,,27.02,31.9,0.5287,0.5132,,-3.598,0.0,-0.0333,-0.1806,122070213.5777
PNGJL,2026-10-09,NO_SETUP,,599.95,624.0,6.7677,0.5915,,-0.4305,0.6458,0.0049,-0.0401,284907499.3599
GABRIEL,2026-10-09,NO_SETUP,,1362.2,1495.0,0.3783,0.6526,,-1.9419,0.474,0.0114,-0.0975,939096099.9312
TIINDIA,2026-10-09,NO_SETUP,,2213.0,2674.5,2.7061,0.0,,-4.8955,0.3412,-0.0733,-0.2085,823338726.4559
IOC,2026-10-09,NO_SETUP,,126.35,139.3,0.8796,0.4765,,-4.464,0.0367,-0.0281,-0.1025,1112554888.0744
PRECWIRE,2026-10-09,NO_SETUP,,482.7,524.0,0.5193,0.1485,,-0.9559,0.4582,-0.0656,-0.0856,301939977.1509
BANKINDIA,2026-10-09,NO_SETUP,,134.46,142.72,1.3308,0.8429,,-2.3352,0.6301,0.0068,-0.0614,761640300.7465
PTC,2026-10-09,NO_SETUP,,148.0,158.7,0.7503,0.4918,,-2.9096,0.1813,-0.0245,-0.0723,222602809.3224
KSL,2026-10-09,NO_SETUP,,935.55,1032.9,0.3266,0.4929,,-2.1333,0.2442,0.0031,-0.1041,128153331.3599
PREMEXPLN,2026-10-09,NO_SETUP,,687.05,693.9,0.5043,0.161,,-0.2218,0.2335,0.0,-0.01,138633310.2624
SWSOLAR,2026-10-09,NO_SETUP,,162.12,192.5,0.642,0.6023,,-4.511,0.3196,-0.0356,-0.1874,206912468.8297
BANKBARODA,2026-10-09,NO_SETUP,,235.8,239.46,0.5667,0.3378,,-0.2584,0.3844,0.0053,-0.0155,1479051924.7918
IDFCFIRSTB,2026-10-09,NO_SETUP,,79.52,89.61,0.3791,0.8333,,-4.8089,0.5196,-0.0003,-0.1269,1874447068.0409
POCL,2026-10-09,NO_SETUP,,441.2,489.0,0.4931,0.8063,,-2.5701,0.5094,-0.0161,-0.1083,157454646.2356
BANDHANBNK,2026-10-09,NO_SETUP,,157.0,193.0,0.7278,0.4274,,-4.7679,0.2196,-0.0368,-0.2293,2525924628.027
ARIS,2026-10-09,NO_SETUP,,140.31,147.39,1.5984,0.5637,,-0.3258,0.5304,-0.0141,-0.0505,257752647.7354
AWFIS,2026-10-09,NO_SETUP,,247.03,304.5,0.9279,0.8785,,-4.5114,0.7178,-0.0148,-0.2326,533256201.747
VOLTAS,2026-10-09,NO_SETUP,,1033.7,1179.0,0.3225,0.2563,,-4.5565,0.0594,-0.0219,-0.1406,791519119.277
SOTL,2026-10-09,NO_SETUP,,764.8,860.4,0.4967,0.4857,,-2.1621,0.0151,-0.0485,-0.125,276232563.1228
WABAG,2026-10-09,NO_SETUP,,1936.8,2319.0,0.4573,0.427,,-4.6792,0.035,-0.0308,-0.1973,1135518674.724
ABB,2026-10-09,NO_SETUP,,6780.0,7418.5,1.9584,0.9193,,-3.3247,0.0536,-0.0321,-0.0942,1290492988.65
LUPIN,2026-10-09,NO_SETUP,,1956.5,2135.0,0.5403,0.539,,-4.1257,0.4868,-0.028,-0.0912,1351010973.4087
ACMESOLAR,2026-10-09,NO_SETUP,,418.1,476.9,0.2413,0.5593,,-2.9616,0.1271,-0.0414,-0.1406,1059017640.5506
ASTERDM,2026-10-09,NO_SETUP,,699.85,781.55,0.731,0.8244,,-3.4757,1.03,0.0287,-0.1167,884740225.9606
INDIGOPNTS,2026-10-09,NO_SETUP,,1022.7,1149.9,0.5327,0.1051,,-2.9464,0.3676,-0.0354,-0.1244,51200165.4335
ASTRAL,2026-10-09,NO_SETUP,,1409.8,1474.8,0.3327,0.1853,,-1.2672,0.0375,-0.0125,-0.0461,668038595.4718
ITCHOTELS,2026-10-09,NO_SETUP,,154.52,165.4,1.141,0.0636,,-1.9304,0.0278,-0.0292,-0.0704,252324636.3233
GMBREW,2026-10-09,NO_SETUP,,885.75,1010.0,2.3243,0.0895,,-2.4542,0.0512,-0.1007,-0.1403,104617363.5556
ORCHPHARMA,2026-10-09,NO_SETUP,,983.95,1143.5,0.562,0.5572,,-2.7704,0.0537,-0.0391,-0.1622,142166732.8374
CIPLA,2026-10-09,NO_SETUP,,1301.0,1421.0,0.6859,0.2701,,-4.0073,0.2222,-0.0197,-0.0922,1289406735.278
IDEAFORGE,2026-10-09,NO_SETUP,,668.6,775.95,0.9192,0.5671,,-2.9201,0.0189,-0.0449,-0.1606,163004330.9422
SCHAEFFLER,2026-10-09,NO_SETUP,,3667.6,4260.0,1.2891,0.3442,,-5.4092,0.7416,-0.0341,-0.1615,199036985.789
BALUFORGE,2026-10-09,NO_SETUP,,481.2,545.6368,0.9605,0.2294,,-2.1308,0.369,-0.0518,-0.1339,290663574.24
SUVEN,2026-10-09,NO_SETUP,,282.75,366.7,1.3008,0.206,,-5.2138,0.4216,-0.0746,-0.2969,148892508.8168
AWHCL,2026-10-09,NO_SETUP,,334.05,404.0,0.1822,0.1635,,-4.5795,0.3762,-0.042,-0.2094,170116560.1353
ADANIGREEN,2026-10-09,NO_SETUP,,1255.8,1377.8,1.3377,0.4754,,-2.2228,0.4346,-0.0638,-0.0971,2722907023.4173
GRMOVER,2026-10-09,NO_SETUP,,80.02,88.99,0.896,0.5805,,-2.8645,0.1182,-0.0144,-0.1121,84032296.9923
LLOYDSENGG,2026-10-09,NO_SETUP,,94.42,104.2,0.6952,0.2606,,-1.2665,0.3877,-0.0661,-0.1036,1396863597.071
TITAGARH,2026-10-09,NO_SETUP,,777.2,900.7198,0.4499,0.3723,,-4.7788,0.0342,-0.0282,-0.1589,326023469.6319
TFCILTD,2026-10-09,NO_SETUP,,147.05,154.19,2.1488,0.3942,,-0.712,0.0714,-0.0341,-0.0486,1992584623.6754
BASF,2026-10-09,NO_SETUP,,3347.4,3783.0,0.7423,0.5177,,-4.462,0.0066,-0.0308,-0.1301,59428736.3625
BOSCH-HCIL,2026-10-09,NO_SETUP,,1980.2,2037.0,0.8913,0.7191,,-0.4976,0.4528,0.0165,-0.0287,106169846.1423
IOLCP,2026-10-09,NO_SETUP,,201.15,224.0,0.7602,0.1523,,-1.1627,0.3935,-0.0866,-0.1136,731872255.8648
STARHEALTH,2026-10-09,NO_SETUP,,552.1,584.1,0.181,0.837,,-1.7791,0.3895,-0.0032,-0.058,627964250.7215
LUXIND,2026-10-09,NO_SETUP,,1130.2,1247.9,0.299,0.6689,,-1.903,0.4201,-0.0236,-0.1041,63865464.1345
ASTEC,2026-10-09,NO_SETUP,,729.3,825.95,0.1099,0.7318,,-1.9041,0.3223,-0.0253,-0.1325,216689453.7732
CLEAN,2026-10-09,NO_SETUP,,794.4,872.85,0.4917,0.2751,,-2.7258,0.0973,-0.0237,-0.0988,215663985.096
TRAVELFOOD,2026-10-09,NO_SETUP,,1183.9,1298.0,0.9996,0.663,,-3.1982,0.0701,-0.0048,-0.0964,57500531.0963
ANTHEM,2026-10-09,NO_SETUP,,862.3,962.0,0.2522,0.5289,,-2.8863,0.3617,-0.0279,-0.1156,643423334.5839
EBGNG,2026-10-09,NO_SETUP,,685.5,740.4,0.6513,0.6308,,-1.1136,0.1726,-0.0627,-0.0801,521263070.7804
SGFIN,2026-10-09,NO_SETUP,,676.05,697.0,2.1412,0.7424,,-0.2898,1.0657,0.0186,-0.031,279480597.5972
MBEL,2026-10-09,NO_SETUP,,266.61,300.74,0.5224,0.6088,,-2.3081,0.0781,-0.0826,-0.128,147350282.4763
JSWCEMENT,2026-10-09,NO_SETUP,,112.43,121.32,0.6666,0.7391,,-2.9265,0.1906,0.0026,-0.0791,216207756.1794
BLUESTONE,2026-10-09,NO_SETUP,,817.65,969.9,0.4035,0.6611,,-3.1304,0.411,-0.0162,-0.1862,1471148469.0933
REGAAL,2026-10-09,NO_SETUP,,84.09,103.0,0.5509,0.7242,,-4.3343,0.1806,-0.0164,-0.2249,79847737.3837
VIKRAMSOLR,2026-10-09,NO_SETUP,,142.32,168.62,1.0162,0.3771,,-5.6046,0.23,-0.0444,-0.1848,247816224.1918
SHREEJISPG,2026-10-09,NO_SETUP,,811.8,809.75,1.3191,0.9745,0.9111,0.112,0.5498,0.0121,0.0025,775814882.536
AHCL,2026-10-09,NO_SETUP,,28.11,37.24,0.3648,1.0,,-4.6671,0.6799,-0.0025,-0.3248,1388510598.1175
VIKRAN,2026-10-09,NO_SETUP,,55.84,63.0,0.285,0.1841,,-2.2347,0.3946,-0.0347,-0.1282,173200553.9213
GCSL,2026-10-09,NO_SETUP,,701.0,701.25,0.5648,0.7476,-0.0667,0.1967,0.1705,0.0164,-0.0004,368698385.5841
STLNETWORK,2026-10-09,NO_SETUP,,46.35,56.5,0.6242,0.1809,,-3.075,0.6824,-0.0623,-0.219,496348791.7655
SGMART,2026-10-09,NO_SETUP,,775.6,785.0,1.293,0.9031,,-0.161,1.0052,0.031,-0.0121,170028038.1027
SHRINGARMS,2026-10-09,NO_SETUP,,221.13,231.0,0.9864,0.731,,-1.1736,0.3649,0.0005,-0.0446,117393963.9342
URBANCO,2026-10-09,NO_SETUP,,159.76,177.77,0.3785,0.1289,,-2.0816,0.0681,-0.0503,-0.1127,936242861.6853
SAATVIKGL,2026-10-09,NO_SETUP,,395.95,457.45,0.3621,0.6406,,-3.8911,0.0871,-0.0231,-0.1553,70549244.2959
GKENERGY,2026-10-09,NO_SETUP,,113.08,132.0,0.4194,0.3379,,-3.7023,0.0196,-0.0135,-0.1673,53822086.7174
ATLANTAELE,2026-10-09,NO_SETUP,,1769.5,1968.3,1.1187,0.2872,,-1.3907,0.4022,-0.0567,-0.1123,274075316.4195
STYL,2026-10-09,NO_SETUP,,349.05,394.5,0.343,0.2427,,-1.9447,0.2996,-0.0559,-0.1302,53162804.0156
ARSSBL,2026-10-09,NO_SETUP,,539.6,574.7,0.8268,0.4777,,-1.3349,0.1063,-0.0552,-0.065,121212800.2294
JAINREC,2026-10-09,NO_SETUP,,288.7,308.3,0.5107,0.7897,,-1.4521,0.6554,-0.0219,-0.0679,498908688.4359
EPACKPEB,2026-10-09,NO_SETUP,,253.62,271.4,0.9494,0.167,,-0.7284,0.2218,-0.0517,-0.0701,205629133.6755
PACEDIGITK,2026-10-09,NO_SETUP,,165.13,177.9,0.7659,0.1798,,-0.9474,0.4901,-0.0019,-0.0773,516172949.407
TRUALT,2026-10-09,NO_SETUP,,427.2,472.5,0.9886,0.9215,,-2.3665,0.1694,-0.0482,-0.106,135168189.7136
MAYURUNIQ,2026-10-09,ORGANIC,A_ACCEPTED_EXPANSION,788.4,770.75,2.2391,0.8675,0.7278,0.8005,1.2709,0.0335,0.0224,81199179.593
ICICIGI,2026-10-09,ORGANIC,A_ACCEPTED_EXPANSION,1690.2,1628.6,1.708,0.8841,0.8701,1.6641,1.556,0.063,0.0364,1500709764.4795
SHANTIGOLD,2026-10-09,ORGANIC,A_ACCEPTED_EXPANSION,380.55,361.35,2.1793,0.7596,0.6725,1.4328,1.5006,0.1158,0.0505,1678118696.8506
HEXT,2026-10-09,PENDING,B_PENDING_ACCEPTANCE,538.5,528.0,176.8338,0.2547,0.2258,2.4513,1.4286,0.0653,0.0195,901555351.3502
GODIGIT,2026-10-09,PENDING,B_PENDING_ACCEPTANCE,272.85,269.85,1.6189,0.7547,0.4348,0.7712,1.2742,0.0306,0.011,303791061.5746
SKYGOLD,2026-10-09,PENDING,B_PENDING_ACCEPTANCE,921.0,901.8,2.203,0.7791,0.5614,0.9023,0.9629,0.0502,0.0208,939085999.8708
PERSISTENT,2026-10-09,PENDING,B_PENDING_ACCEPTANCE,5770.0,5759.0,1.9275,0.9345,0.3667,0.183,1.8421,0.0478,0.0019,2253294090.475
KRISHANA,2026-10-09,PENDING,B_PENDING_ACCEPTANCE,197.11,196.5,3.0337,0.817,0.1743,0.4643,1.117,0.0299,0.0031,148365911.4368
GALAXYSURF,2026-10-09,REJECTED,C_REJECTION_RECOVERY_PENDING,2502.2,2503.1,1.8408,0.8752,-0.0584,0.1583,0.9817,0.028,-0.0004,126240690.6591
VMART,2026-10-09,REJECTED,C_REJECTION_RECOVERY_PENDING,821.95,828.0,1.7771,0.4486,-0.3071,0.6582,0.3608,0.0195,-0.0074,67116515.1834
DHANBANK,2026-10-09,REJECTED,C_REJECTION_RECOVERY_PENDING,33.96,34.16,1.8905,0.8577,-1.1111,0.1003,0.73,0.0344,-0.0059,69983385.5964
KOTAKBANK,2026-10-09,REJECTED,C_REJECTION_RECOVERY_PENDING,441.0,441.5,1.5539,0.4257,-0.1333,0.386,0.6175,0.0023,-0.0011,9033298127.1143
KARURVYSYA,2026-10-09,REJECTED,C_REJECTION_RECOVERY_PENDING,339.9,340.0,1.6035,0.8123,-0.0377,0.2804,1.1323,0.0297,-0.0003,628868180.2882
CPPLUS,2026-10-09,REJECTED,C_REJECTION_RECOVERY_PENDING,4185.2,4188.9,3.2276,0.7745,-0.0503,0.4,1.1593,0.0296,-0.0009,1160219230.9512
SMCGLOBAL,2026-10-09,TRAP_RISK,D_FAILED_ACCEPTANCE,115.95,120.0,6.8192,0.5292,-1.0125,0.5269,1.0696,0.0518,-0.0349,1559086056.3697
BLUSPRING,2026-10-09,TRAP_RISK,D_FAILED_ACCEPTANCE,146.96,152.5,2.6291,0.6383,-11.08,0.0537,1.1997,0.0298,-0.0377,59329798.8108
KMEW,2026-10-09,TRAP_RISK,D_FAILED_ACCEPTANCE,3207.8,3307.0,1.899,0.4146,-3.2,0.2093,0.3302,-0.0019,-0.0309,458323269.9102
CYIENT,2026-10-09,TRAP_RISK,D_FAILED_ACCEPTANCE,1158.8,1173.5,7.7114,0.7571,-1.7294,0.1749,1.5244,0.0393,-0.0127,834117714.2871
BBOX,2026-10-09,TRAP_RISK,D_FAILED_ACCEPTANCE,892.1,913.6,7.6161,0.4429,-1.0047,0.4742,0.7878,0.0082,-0.0241,1006344591.1175
INFOBEAN,2026-10-09,TRAP_RISK,D_FAILED_ACCEPTANCE,156.19,161.75,25.8088,0.5434,-1.9107,0.4691,1.6151,0.0608,-0.0356,52368612.1434
GANDHAR,2026-10-09,TRAP_RISK,D_FAILED_ACCEPTANCE,296.55,303.0,1.7902,0.3546,-3.9091,0.1538,0.0093,-0.0089,-0.0218,194534546.4865
ARFIN,2026-10-09,TRAP_RISK,D_FAILED_ACCEPTANCE,105.14,112.69,4.3866,0.2476,-6.6228,0.213,0.4446,0.0202,-0.0718,351415195.0715
