strategy,symbol,signal_date,entry_date,entry_px,exit_date,exit_px,exit_reason,shares,gross_pnl,costs,net_pnl,net_pnl_pct,mae,mfe,sessions_held,ambiguous
high_52w,AARTIIND,2019-01-14,2019-01-15,369.5578,2019-01-22,367.8695,MOMENTUM_FAIL,2,-3.3767,19.044,-22.4207,-0.030268,-0.044409,0.015336,6,False
high_52w,TORNTPHARM,2019-01-14,2019-01-15,857.435,2019-01-22,868.6,MOMENTUM_FAIL,1,11.165,19.5732,-8.4082,-0.009785,-0.014316,0.03645,6,False
high_52w,MUTHOOTFIN,2019-01-14,2019-01-15,465.5399,2019-01-22,474.6408,MOMENTUM_FAIL,2,18.2017,19.8985,-1.6968,-0.001818,-0.015977,0.033365,6,False
high_52w,ICICIBANK,2019-01-14,2019-01-15,357.3993,2019-01-22,353.0939,MOMENTUM_FAIL,2,-8.6109,18.9307,-27.5415,-0.038446,-0.019944,0.016598,6,False
high_52w,AXISBANK,2019-01-14,2019-01-15,657.2265,2019-01-22,657.5247,MOMENTUM_FAIL,1,0.2982,18.7057,-18.4075,-0.027947,-0.011266,0.028278,6,False
high_52w,VBL,2019-01-14,2019-01-15,47.0252,2019-01-22,45.9915,MOMENTUM_FAIL,21,-21.7087,20.0556,-41.7643,-0.042199,-0.027094,0.021182,6,False
high_52w,NESTLEIND,2019-01-14,2019-01-15,512.0041,2019-01-22,509.3095,MOMENTUM_FAIL,1,-2.6946,18.0864,-20.781,-0.040499,-0.027974,0.004781,6,False
high_52w,MARICO,2019-01-14,2019-01-15,342.2299,2019-01-22,335.4854,MOMENTUM_FAIL,2,-13.489,18.7926,-32.2816,-0.047061,-0.032759,0.004699,6,False
high_52w,TITAN,2019-01-14,2019-01-15,930.4581,2019-01-22,956.3962,MOMENTUM_FAIL,1,25.9381,19.9116,6.0265,0.006463,-0.004655,0.031799,6,False
high_52w,NAUKRI,2019-01-14,2019-01-15,322.0185,2019-01-21,299.4772,STOP,3,-67.6239,19.8714,-87.4953,-0.090372,-0.089426,0.049124,5,False
high_52w,IPCALAB,2019-01-14,2019-01-15,381.4232,2019-01-22,375.4957,MOMENTUM_FAIL,2,-11.855,19.1269,-30.9819,-0.040525,-0.030508,0.016496,6,False
high_52w,HDFCBANK,2019-01-14,2019-01-15,486.2417,2019-01-22,493.3563,MOMENTUM_FAIL,2,14.2291,20.0652,-5.8362,-0.005988,0.0,0.029192,6,False
high_52w,HAVELLS,2019-01-14,2019-01-15,656.6427,2019-01-22,676.2112,MOMENTUM_FAIL,1,19.5685,18.7425,0.826,0.001255,-0.029874,0.043038,6,False
high_52w,MUTHOOTFIN,2019-01-21,2019-01-22,476.8722,2019-01-28,443.4912,STOP,2,-66.7621,19.8212,-86.5833,-0.090584,-0.077622,0.008166,5,False
high_52w,INFY,2019-01-21,2019-01-22,603.7956,2019-01-29,596.1807,MOMENTUM_FAIL,1,-7.615,18.464,-26.079,-0.043097,-0.028076,0.001821,6,False
high_52w,AARTIIND,2019-01-21,2019-01-22,370.4907,2019-01-29,366.0158,MOMENTUM_FAIL,2,-8.9496,19.0405,-27.9902,-0.037692,-0.037764,0.003219,6,False
high_52w,WIPRO,2019-01-21,2019-01-22,114.3264,2019-02-12,127.6528,TIME,8,106.611,20.009,86.6021,0.094481,0.0,0.12371,16,False
high_52w,AXISBANK,2019-01-21,2019-01-22,652.3071,2019-01-29,656.68,MOMENTUM_FAIL,1,4.3729,18.6932,-14.3203,-0.021905,-0.01036,0.031233,6,False
high_52w,ICICIBANK,2019-01-21,2019-01-22,354.529,2019-01-28,329.712,STOP,2,-49.6341,18.8229,-68.457,-0.096336,-0.091486,0.008501,5,False
high_52w,HDFCBANK,2019-01-21,2019-01-22,495.7008,2019-01-29,475.2815,MOMENTUM_FAIL,2,-40.8386,20.033,-60.8716,-0.061266,-0.043336,0.0,6,False
high_52w,TITAN,2019-01-21,2019-01-22,936.4439,2019-01-29,940.2882,MOMENTUM_FAIL,1,3.8443,19.8919,-16.0476,-0.017099,-0.017825,0.026243,6,False
high_52w,NESTLEIND,2019-01-21,2019-01-22,511.7322,2019-01-29,516.6773,MOMENTUM_FAIL,1,4.9451,18.1008,-13.1557,-0.025652,-0.011958,0.020106,6,False
high_52w,MARICO,2019-01-21,2019-01-22,337.4954,2019-01-29,326.5076,MOMENTUM_FAIL,2,-21.9756,18.7354,-40.7109,-0.060182,-0.052409,0.001191,6,False
high_52w,TORNTPHARM,2019-01-21,2019-01-22,848.874,2019-01-29,849.7574,MOMENTUM_FAIL,1,0.8834,19.5161,-18.6327,-0.021902,-0.028867,0.029828,6,False
high_52w,PIDILITIND,2019-01-21,2019-01-22,556.7658,2019-01-29,530.7755,MOMENTUM_FAIL,1,-25.9904,18.228,-44.2184,-0.079247,-0.059483,0.001681,6,False
high_52w,WIPRO,2019-01-28,2019-01-29,121.185,2019-02-20,126.6997,TIME,8,44.1169,20.1134,24.0035,0.024705,0.0,0.064045,16,False
high_52w,AARTIIND,2019-01-28,2019-01-29,368.6134,2019-02-14,342.8104,STOP,2,-51.6059,18.9378,-70.5437,-0.095479,-0.100738,0.158135,12,False
high_52w,NESTLEIND,2019-01-28,2019-01-29,515.8116,2019-02-05,526.121,MOMENTUM_FAIL,1,10.3095,18.129,-7.8195,-0.015127,-0.008787,0.024077,6,False
high_52w,INFY,2019-01-28,2019-01-29,594.2149,2019-02-20,606.6643,TIME,1,12.4494,18.4644,-6.015,-0.010101,-0.006065,0.064438,16,False
high_52w,AXISBANK,2019-01-28,2019-01-29,654.4439,2019-02-20,696.036,TIME,1,41.5922,18.778,22.8141,0.034784,0.0,0.115414,16,False
high_52w,TITAN,2019-01-28,2019-01-29,929.6795,2019-02-20,1005.1576,TIME,1,75.4781,20.0092,55.4689,0.059534,0.0,0.127356,16,False
high_52w,HAVELLS,2019-01-28,2019-01-29,663.0548,2019-02-20,660.3475,TIME,1,-2.7073,18.7242,-21.4315,-0.032252,-0.046633,0.080587,16,False
high_52w,DRREDDY,2019-01-28,2019-01-29,496.7818,2019-02-15,462.0071,STOP,2,-69.5495,19.9837,-89.5331,-0.089917,-0.284041,0.100153,13,False
high_52w,IPCALAB,2019-01-28,2019-01-29,376.5646,2019-02-05,351.2757,MOMENTUM_FAIL,2,-50.5778,19.0071,-69.5849,-0.092193,-0.074898,0.01258,6,False
high_52w,TECHM,2019-01-28,2019-01-29,554.6109,2019-02-05,566.5298,MOMENTUM_FAIL,1,11.9189,18.2961,-6.3772,-0.011473,-0.031896,0.033732,6,False
high_52w,TORNTPHARM,2019-01-28,2019-01-29,833.9042,2019-02-05,826.1813,MOMENTUM_FAIL,1,-7.7229,19.4354,-27.1582,-0.032497,-0.032482,0.028761,6,False
high_52w,HDFCBANK,2019-01-28,2019-01-29,480.0513,2019-02-05,488.3207,MOMENTUM_FAIL,2,16.5388,20.0177,-3.4789,-0.003616,-0.027066,0.019608,6,False
high_52w,NAUKRI,2019-01-28,2019-01-29,323.9642,2019-02-20,333.0172,TIME,3,27.159,20.0891,7.0699,0.007259,-0.042387,0.077807,16,False
high_52w,BATAINDIA,2019-01-28,2019-01-29,971.7762,2019-02-14,1138.2335,TARGET,1,166.4573,20.3722,146.0851,0.15,-0.008759,0.176419,12,False
high_52w,UPL,2019-01-28,2019-01-29,466.1399,2019-02-20,506.2926,TIME,2,80.3054,20.03,60.2754,0.064513,-0.002904,0.09571,16,False
high_52w,AARTIIND,2019-02-04,2019-02-05,410.4099,2019-02-06,381.6812,STOP,2,-57.4574,19.2789,-76.7363,-0.093283,-0.081962,0.0,2,False
high_52w,CGCL,2019-02-04,2019-02-05,131.6296,2019-02-12,131.1114,MOMENTUM_FAIL,7,-3.6273,19.8132,-23.4405,-0.025384,-0.025412,0.041518,6,False
high_52w,WIPRO,2019-02-04,2019-02-05,125.9507,2019-02-12,127.6528,MOMENTUM_FAIL,7,11.9143,19.677,-7.7627,-0.008785,-0.004459,0.02,6,False
high_52w,HAVELLS,2019-02-04,2019-02-05,698.2025,2019-02-12,673.0292,MOMENTUM_FAIL,1,-25.1733,18.8269,-44.0002,-0.062882,-0.040136,0.02619,6,False
high_52w,INFY,2019-02-04,2019-02-05,611.8243,2019-02-12,614.65,MOMENTUM_FAIL,1,2.8257,18.5192,-15.6935,-0.025594,-0.008032,0.033802,6,False
high_52w,AXISBANK,2019-02-04,2019-02-05,717.5526,2019-02-12,701.2537,MOMENTUM_FAIL,1,-16.2989,18.9266,-35.2255,-0.048984,-0.030471,0.017313,6,False
high_52w,NESTLEIND,2019-02-04,2019-02-05,522.8349,2019-02-12,488.7882,MOMENTUM_FAIL,1,-34.0467,18.0683,-52.115,-0.09946,-0.079693,0.01873,6,False
high_52w,RELIANCE,2019-02-04,2019-02-05,571.8874,2019-02-12,556.1294,MOMENTUM_FAIL,1,-15.758,18.3127,-34.0707,-0.059446,-0.031734,0.022601,6,False
high_52w,DRREDDY,2019-02-04,2019-02-05,527.0141,2019-02-11,490.1231,STOP,1,-36.891,18.0802,-54.9712,-0.104079,-0.077778,0.021548,5,False
high_52w,NAUKRI,2019-02-04,2019-02-05,336.6504,2019-02-12,316.0552,MOMENTUM_FAIL,2,-41.1904,18.6891,-59.8795,-0.08874,-0.071965,0.037191,6,False
high_52w,TECHM,2019-02-04,2019-02-05,567.2842,2019-02-27,622.8055,TIME,1,55.5214,18.4384,37.083,0.065227,0.0,0.117021,16,False
high_52w,GODFRYPHLP,2019-02-04,2019-02-05,274.5722,2019-02-12,253.0272,MOMENTUM_FAIL,3,-64.6349,19.2765,-83.9114,-0.101647,-0.088322,0.027614,6,False
high_52w,WIPRO,2019-02-11,2019-02-12,127.3634,2019-02-20,126.6997,MOMENTUM_FAIL,7,-4.6466,19.685,-24.3316,-0.027232,-0.034612,0.012428,6,False
high_52w,TECHM,2019-02-11,2019-02-12,610.9622,2019-02-20,612.848,MOMENTUM_FAIL,1,1.8859,18.5136,-16.6277,-0.027156,-0.040314,0.01494,6,False
high_52w,INFY,2019-02-11,2019-02-12,622.7585,2019-02-20,606.6643,MOMENTUM_FAIL,1,-16.0942,18.5268,-34.621,-0.055472,-0.051358,0.0,6,False
high_52w,UPL,2019-02-11,2019-02-12,496.6005,2019-02-20,506.2926,MOMENTUM_FAIL,2,19.3842,20.1632,-0.7791,-0.000783,-0.001177,0.028501,6,False
high_52w,CGCL,2019-02-11,2019-02-12,131.9123,2019-02-20,126.8713,MOMENTUM_FAIL,7,-35.2867,19.7571,-55.0438,-0.059481,-0.056429,0.016071,6,False
high_52w,AXISBANK,2019-02-11,2019-02-12,696.6821,2019-02-20,696.036,MOMENTUM_FAIL,1,-0.6461,18.8704,-19.5165,-0.027952,-0.028959,0.007703,6,False
high_52w,INDUSTOWER,2019-02-11,2019-02-12,250.0151,2019-02-14,232.514,STOP,3,-52.5032,18.9901,-71.4933,-0.095111,-0.091331,0.0,2,False
high_52w,HDFCBANK,2019-02-11,2019-02-12,493.8529,2019-02-20,487.0041,MOMENTUM_FAIL,2,-13.6976,20.0726,-33.7702,-0.034116,-0.02797,0.000935,6,False
high_52w,HCLTECH,2019-02-11,2019-02-12,417.3609,2019-02-20,410.3595,MOMENTUM_FAIL,2,-14.0028,19.4261,-33.4288,-0.039961,-0.046469,0.0,6,False
high_52w,HAVELLS,2019-02-11,2019-02-12,689.653,2019-02-18,641.3773,STOP,1,-48.2757,18.7437,-67.0194,-0.096966,-0.083402,0.0,4,False
high_52w,NAUKRI,2019-02-11,2019-02-12,331.8293,2019-02-20,333.0172,MOMENTUM_FAIL,3,3.5639,20.1407,-16.5768,-0.016616,-0.065084,0.043927,6,False
high_52w,ASTRAL,2019-02-11,2019-02-12,507.3277,2019-02-20,487.9586,MOMENTUM_FAIL,1,-19.3691,18.0327,-37.4018,-0.073562,-0.055123,0.021891,6,False
high_52w,RELIANCE,2019-02-11,2019-02-12,553.9605,2019-02-20,546.3694,MOMENTUM_FAIL,1,-7.5911,18.2536,-25.8447,-0.046553,-0.032201,0.000799,6,False
high_52w,COFORGE,2019-02-11,2019-02-12,244.6921,2019-02-20,237.298,MOMENTUM_FAIL,4,-29.5763,20.0026,-49.5789,-0.050544,-0.058558,0.0,6,False
high_52w,UPL,2019-02-18,2019-02-19,505.2156,2019-02-26,526.1689,MOMENTUM_FAIL,1,20.9533,18.1059,2.8474,0.005624,-0.00877,0.044763,6,False
high_52w,WIPRO,2019-02-18,2019-02-19,126.8188,2019-02-26,131.959,MOMENTUM_FAIL,7,35.9812,19.7517,16.2295,0.018242,-0.030466,0.044021,6,False
high_52w,TECHM,2019-02-18,2019-02-19,608.7745,2019-02-26,628.6143,MOMENTUM_FAIL,1,19.8398,18.5409,1.2989,0.002129,-0.026952,0.040892,6,False
high_52w,IPCALAB,2019-02-18,2019-02-19,392.5007,2019-02-26,388.8568,MOMENTUM_FAIL,2,-7.2878,19.2298,-26.5176,-0.033707,-0.029523,0.014792,6,False
high_52w,BALRAMCHIN,2019-02-18,2019-02-19,112.0455,2019-03-06,131.3928,TARGET,8,154.7786,20.03,134.7485,0.15,0.0,0.204346,11,False
high_52w,ICICIGI,2019-02-18,2019-02-19,858.3002,2019-02-26,859.7784,MOMENTUM_FAIL,1,1.4782,19.5571,-18.079,-0.021018,-0.0055,0.044444,6,False
high_52w,INFY,2019-02-18,2019-02-19,605.3539,2019-02-26,608.1386,MOMENTUM_FAIL,1,2.7847,18.4917,-15.7071,-0.02589,-0.017657,0.025571,6,False
high_52w,MUTHOOTFIN,2019-02-18,2019-02-19,455.0391,2019-02-26,460.2458,MOMENTUM_FAIL,2,10.4134,19.794,-9.3806,-0.010285,-0.008077,0.043654,6,False
high_52w,INDUSTOWER,2019-02-18,2019-02-19,243.8228,2019-02-26,238.4045,MOMENTUM_FAIL,4,-21.6731,20.004,-41.6771,-0.04264,-0.047143,0.025079,6,False
high_52w,PIIND,2019-02-18,2019-02-19,864.1395,2019-03-12,1013.9276,TARGET,1,149.7881,19.8838,129.9043,0.15,-0.015311,0.173729,15,False
high_52w,AXISBANK,2019-02-18,2019-02-19,689.0295,2019-02-26,705.7757,MOMENTUM_FAIL,1,16.7462,18.8735,-2.1273,-0.003081,-0.003029,0.032165,6,False
high_52w,HDFCBANK,2019-02-18,2019-02-19,482.6961,2019-02-26,487.5353,MOMENTUM_FAIL,2,9.6785,20.026,-10.3476,-0.010695,-0.003733,0.019261,6,False
high_52w,PFC,2019-02-18,2019-02-19,51.2921,2019-03-13,55.1062,TIME,19,72.4678,20.1926,52.2753,0.053523,0.0,0.145341,16,False
high_52w,HCLTECH,2019-02-18,2019-02-19,406.5001,2019-02-26,410.7087,MOMENTUM_FAIL,2,8.4171,19.38,-10.9629,-0.013455,-0.020992,0.045754,6,False
high_52w,NAUKRI,2019-02-18,2019-02-19,324.7407,2019-03-13,369.9012,TIME,3,135.4814,20.3195,115.1619,0.117951,-0.033222,0.15019,16,False
high_52w,UPL,2019-02-25,2019-02-26,518.2922,2019-03-20,575.6135,TIME,1,57.3213,18.2352,39.0861,0.075249,0.0,0.115821,16,False
high_52w,BALRAMCHIN,2019-02-25,2019-02-26,118.8815,2019-03-20,119.6775,TIME,8,6.3679,19.9587,-13.5909,-0.014259,-0.012603,0.135093,16,False
high_52w,WIPRO,2019-02-25,2019-02-26,130.8867,2019-03-06,125.928,MOMENTUM_FAIL,7,-34.7104,19.728,-54.4384,-0.059288,-0.058518,0.0,6,False
high_52w,PFC,2019-02-25,2019-02-26,54.487,2019-03-20,56.5674,TIME,18,37.4477,20.1475,17.3002,0.017601,-0.029091,0.12091,16,False
high_52w,TECHM,2019-02-25,2019-02-26,622.3531,2019-03-06,621.2592,MOMENTUM_FAIL,1,-1.0939,18.5556,-19.6496,-0.031504,-0.020546,0.016242,6,False
high_52w,PIIND,2019-02-25,2019-02-26,892.4559,2019-03-20,979.0164,TIME,1,86.5605,19.8746,66.6859,0.074559,-0.009847,0.136488,16,False
high_52w,ICICIGI,2019-02-25,2019-02-26,858.3002,2019-03-20,934.4505,TIME,1,76.1503,19.7092,56.4411,0.065616,0.0,0.127556,16,False
high_52w,INFY,2019-02-25,2019-02-26,613.1347,2019-03-06,599.9482,MOMENTUM_FAIL,1,-13.1866,18.4921,-31.6786,-0.051554,-0.028854,0.0,6,False
high_52w,MUTHOOTFIN,2019-02-25,2019-02-26,467.2901,2019-03-20,519.0946,TIME,2,103.609,20.0872,83.5218,0.089173,-0.03839,0.147753,16,False
high_52w,HCLTECH,2019-02-25,2019-02-26,419.1451,2019-03-06,404.6577,MOMENTUM_FAIL,2,-28.9748,19.4106,-48.3855,-0.057593,-0.039423,0.0,6,False
high_52w,IPCALAB,2019-02-25,2019-02-26,386.2575,2019-03-11,454.0568,TARGET,2,135.5986,19.468,116.1306,0.15,-0.013836,0.184654,9,False
high_52w,AXISBANK,2019-02-25,2019-02-26,689.7252,2019-03-20,751.0947,TIME,1,61.3696,18.9673,42.4023,0.061343,0.0,0.105187,16,False
high_52w,HDFCBANK,2019-02-25,2019-02-26,487.674,2019-03-06,486.0571,MOMENTUM_FAIL,2,-3.2338,20.0418,-23.2755,-0.023812,-0.019538,0.006252,6,False
high_52w,COFORGE,2019-02-25,2019-02-26,239.9158,2019-03-06,241.8814,MOMENTUM_FAIL,4,7.8624,19.9981,-12.1357,-0.012618,0.0,0.026685,6,False
high_52w,MUTHOOTFIN,2019-03-05,2019-03-06,498.7929,2019-03-28,533.7521,TIME,2,69.9185,20.2846,49.6339,0.049645,-0.016404,0.076667,16,False
high_52w,PFC,2019-03-05,2019-03-06,57.9544,2019-03-08,53.8976,STOP,17,-68.9657,19.9496,-88.9154,-0.090052,-0.08718,0.0,3,False
high_52w,IPCALAB,2019-03-05,2019-03-06,426.1465,2019-03-28,466.2055,TIME,2,80.118,19.6919,60.4261,0.070744,-0.017273,0.103067,16,False
high_52w,ICICIGI,2019-03-05,2019-03-06,927.6318,2019-03-13,924.9615,MOMENTUM_FAIL,1,-2.6704,19.8414,-22.5118,-0.024215,-0.027449,0.02601,6,False
high_52w,PIIND,2019-03-05,2019-03-06,934.2958,2019-03-28,1001.3765,TIME,1,67.0806,20.0116,47.069,0.050269,0.0,0.085593,16,False
high_52w,BALRAMCHIN,2019-03-05,2019-03-06,129.3229,2019-03-13,122.7678,MOMENTUM_FAIL,7,-45.8858,19.659,-65.5447,-0.072246,-0.056481,0.041637,6,False
high_52w,AXISBANK,2019-03-05,2019-03-06,729.3794,2019-03-13,733.4542,MOMENTUM_FAIL,1,4.0748,19.0181,-14.9432,-0.020443,-0.017918,0.0233,6,False
high_52w,UPL,2019-03-05,2019-03-06,540.9069,2019-03-13,560.7216,MOMENTUM_FAIL,1,19.8147,18.2543,1.5604,0.002879,-0.017577,0.040842,6,False
high_52w,IDFCFIRSTB,2019-03-05,2019-03-06,51.1319,2019-03-13,49.7406,MOMENTUM_FAIL,19,-26.4356,19.9783,-46.4139,-0.047671,-0.057337,0.0,6,False
high_52w,RECLTD,2019-03-05,2019-03-06,59.5644,2019-03-13,59.3746,MOMENTUM_FAIL,16,-3.0367,19.9479,-22.9847,-0.024065,-0.046107,0.014574,6,False
high_52w,TIINDIA,2019-03-05,2019-03-06,372.9262,2019-03-13,376.7535,MOMENTUM_FAIL,2,7.6547,19.0949,-11.4402,-0.015305,-0.0225,0.045921,6,False
high_52w,VBL,2019-03-05,2019-03-06,47.7173,2019-03-13,47.0165,MOMENTUM_FAIL,20,-14.015,19.9311,-33.9461,-0.035492,-0.024213,0.001638,6,False
high_52w,CARBORUNIV,2019-03-05,2019-03-06,375.1184,2019-03-13,368.4163,MOMENTUM_FAIL,2,-13.4041,19.0705,-32.4746,-0.043191,-0.033419,0.017609,6,False
high_52w,TECHM,2019-03-05,2019-03-06,612.5462,2019-03-13,595.9124,MOMENTUM_FAIL,1,-16.6338,18.4826,-35.1164,-0.057203,-0.029557,0.016564,6,False
high_52w,GODFRYPHLP,2019-03-05,2019-03-06,282.1252,2019-03-19,331.1376,TARGET,3,147.0371,19.8032,127.2339,0.15,-0.060109,0.183608,10,False
high_52w,NAUKRI,2019-03-05,2019-03-06,345.0327,2019-03-28,364.1953,TIME,2,38.3252,18.9218,19.4033,0.028057,-0.046366,0.089318,16,False
high_52w,HAVELLS,2019-03-05,2019-03-06,686.6131,2019-03-28,722.4731,TIME,1,35.8601,18.9022,16.9579,0.024644,-0.016118,0.07464,16,False
high_52w,GODFRYPHLP,2019-03-11,2019-03-12,299.778,2019-04-04,326.257,TIME,3,79.4371,19.8891,59.548,0.066069,-0.004103,0.143933,16,False
high_52w,PIIND,2019-03-11,2019-03-12,991.0752,2019-03-19,981.9457,MOMENTUM_FAIL,1,-9.1295,20.0962,-29.2256,-0.029424,-0.02463,0.014778,6,False
high_52w,UPL,2019-03-11,2019-03-12,553.8295,2019-03-19,573.0905,MOMENTUM_FAIL,1,19.2609,18.3077,0.9532,0.001717,-0.008889,0.039944,6,False
high_52w,MUTHOOTFIN,2019-03-11,2019-03-12,522.8574,2019-03-19,522.9886,MOMENTUM_FAIL,1,0.1312,18.138,-18.0068,-0.034364,-0.012469,0.025774,6,False
high_52w,IPCALAB,2019-03-11,2019-03-12,454.2048,2019-03-19,446.6011,MOMENTUM_FAIL,2,-15.2072,19.7348,-34.942,-0.038381,-0.063432,0.0,6,False
high_52w,PETRONET,2019-03-11,2019-03-12,175.5435,2019-03-19,177.1394,MOMENTUM_FAIL,5,7.9794,19.6524,-11.6729,-0.01327,-0.028099,0.024587,6,False
high_52w,AXISBANK,2019-03-11,2019-03-12,734.1498,2019-03-19,756.2131,MOMENTUM_FAIL,1,22.0633,19.0748,2.9884,0.004062,-0.009476,0.032896,6,False
high_52w,RECLTD,2019-03-11,2019-03-12,59.5068,2019-03-26,69.72,TARGET,16,163.4115,20.283,143.1285,0.15,-0.031852,0.184445,10,False
high_52w,RBLBANK,2019-03-11,2019-03-12,617.8099,2019-03-19,627.4888,MOMENTUM_FAIL,1,9.6789,18.5584,-8.8795,-0.014341,-0.0235,0.028043,6,False
high_52w,HAVELLS,2019-03-11,2019-03-12,711.2166,2019-03-19,726.7954,MOMENTUM_FAIL,1,15.5788,18.9648,-3.386,-0.00475,-0.010284,0.037465,6,False
high_52w,ASTRAL,2019-03-11,2019-03-12,540.8238,2019-03-15,502.9661,STOP,1,-37.8577,18.1365,-55.9942,-0.103309,-0.075899,0.063742,4,False
high_52w,RELIANCE,2019-03-11,2019-03-12,582.9091,2019-03-19,609.3124,MOMENTUM_FAIL,1,26.4033,18.4451,7.9582,0.013623,-0.004328,0.047915,6,False
high_52w,ICICIBANK,2019-03-11,2019-03-12,361.6569,2019-04-04,371.9421,TIME,2,20.5704,19.026,1.5444,0.002131,0.0,0.083466,16,False
high_52w,SRF,2019-03-11,2019-03-12,463.0739,2019-03-19,466.8435,MOMENTUM_FAIL,2,7.5391,19.856,-12.3169,-0.01327,-0.013062,0.030479,6,False
high_52w,CARBORUNIV,2019-03-11,2019-03-12,377.047,2019-03-19,348.9854,MOMENTUM_FAIL,2,-56.1232,18.9998,-75.123,-0.099403,-0.078005,0.0,6,False
high_52w,NAUKRI,2019-03-11,2019-03-12,350.4173,2019-04-04,360.5146,TIME,2,20.1946,18.9304,1.2642,0.0018,0.0,0.07258,16,False
high_52w,GODFRYPHLP,2019-03-18,2019-03-19,328.4274,2019-03-27,324.6943,MOMENTUM_FAIL,3,-11.1994,20.0675,-31.2669,-0.031665,-0.030751,0.014451,6,False
high_52w,HDFCBANK,2019-03-18,2019-03-19,524.2279,2019-03-27,531.1459,MOMENTUM_FAIL,1,6.918,18.1576,-11.2396,-0.021394,-0.00727,0.025798,6,False
high_52w,ICICIBANK,2019-03-18,2019-03-19,381.1749,2019-03-27,376.1997,MOMENTUM_FAIL,2,-9.9504,19.1287,-29.0791,-0.038061,-0.03991,0.000125,6,False
high_52w,UPL,2019-03-18,2019-03-19,571.6751,2019-03-27,554.9987,MOMENTUM_FAIL,1,-16.6764,18.3099,-34.9863,-0.061066,-0.040797,0.012917,6,False
high_52w,AXISBANK,2019-03-18,2019-03-19,750.3494,2019-03-27,754.6229,MOMENTUM_FAIL,1,4.2735,19.107,-14.8335,-0.019726,-0.025761,0.019868,6,False
high_52w,IDFCFIRSTB,2019-03-18,2019-03-19,52.1754,2019-03-27,53.368,MOMENTUM_FAIL,19,22.6591,20.162,2.4971,0.002513,-0.02,0.039048,6,False
high_52w,RECLTD,2019-03-18,2019-03-19,64.3334,2019-04-11,66.8239,TIME,15,37.3573,20.0807,17.2765,0.017864,-0.046249,0.095581,16,False
high_52w,RELIANCE,2019-03-18,2019-03-19,601.9867,2019-03-27,597.2285,MOMENTUM_FAIL,1,-4.7582,18.4622,-23.2204,-0.038489,-0.031838,0.020588,6,False
high_52w,SRF,2019-03-18,2019-03-19,469.6877,2019-03-27,474.3535,MOMENTUM_FAIL,2,9.3315,19.9155,-10.584,-0.011242,-0.014994,0.027789,6,False
high_52w,PETRONET,2019-03-18,2019-03-19,179.8596,2019-03-27,171.2275,MOMENTUM_FAIL,5,-43.1606,19.6394,-62.7999,-0.06968,-0.056261,0.004235,6,False
high_52w,BAJFINANCE,2019-03-18,2019-03-19,284.1064,2019-03-27,285.5851,MOMENTUM_FAIL,3,4.4362,19.5379,-15.1017,-0.01768,-0.044027,0.02872,6,False
high_52w,CGCL,2019-03-18,2019-03-19,143.0777,2019-04-01,167.896,TARGET,6,148.9095,19.858,129.0515,0.15,-0.023708,0.178795,8,False
high_52w,KAJARIACER,2019-03-18,2019-03-19,539.6329,2019-03-27,531.9771,MOMENTUM_FAIL,1,-7.6558,18.193,-25.8488,-0.047796,-0.048183,0.012111,6,False
high_52w,PIDILITIND,2019-03-18,2019-03-19,564.0854,2019-04-11,613.0903,TIME,1,49.0049,18.4116,30.5933,0.054117,-0.008722,0.103595,16,False
high_52w,MANAPPURAM,2019-03-18,2019-03-19,109.5497,2019-03-27,106.4823,MOMENTUM_FAIL,9,-27.6065,20.0369,-47.6434,-0.048217,-0.0588,0.0008,6,False
high_52w,RECLTD,2019-03-25,2019-03-26,68.7634,2019-04-01,63.95,STOP,14,-67.3881,19.8577,-87.2458,-0.09043,-0.073398,0.0,4,False
high_52w,NAUKRI,2019-03-25,2019-03-26,373.1241,2019-04-03,360.5049,MOMENTUM_FAIL,2,-25.2383,19.0296,-44.2679,-0.059191,-0.060021,0.0,6,False
high_52w,HDFCBANK,2019-03-25,2019-03-26,525.7062,2019-04-03,529.5983,MOMENTUM_FAIL,1,3.8921,18.1577,-14.2656,-0.027077,0.0,0.02465,6,False
high_52w,SRF,2019-03-25,2019-03-26,473.7983,2019-04-01,440.6324,STOP,2,-66.3318,19.7961,-86.1279,-0.090693,-0.106698,0.013527,4,False
high_52w,ICICIGI,2019-03-25,2019-03-26,958.4353,2019-04-03,962.679,MOMENTUM_FAIL,1,4.2437,19.9856,-15.7419,-0.016389,-0.021891,0.039801,6,False
high_52w,POWERGRID,2019-03-25,2019-03-26,77.9904,2019-04-03,77.5274,MOMENTUM_FAIL,12,-5.5556,19.8704,-25.426,-0.027109,-0.034875,0.012614,6,False
high_52w,PIIND,2019-03-25,2019-03-26,989.1224,2019-04-18,1002.1577,TIME,1,13.0353,20.1331,-7.0978,-0.00716,-0.018065,0.075863,16,False
high_52w,PIDILITIND,2019-03-25,2019-03-26,563.5334,2019-04-18,602.6031,TIME,1,39.0697,18.389,20.6806,0.036618,0.0,0.117963,16,False
high_52w,AXISBANK,2019-03-25,2019-03-26,742.7963,2019-04-18,766.4497,TIME,1,23.6534,19.1146,4.5389,0.006097,-0.000535,0.053853,16,False
high_52w,UPL,2019-03-25,2019-03-26,560.3216,2019-04-18,574.7827,TIME,1,14.4611,18.3254,-3.8643,-0.006881,-0.017572,0.056504,16,False
high_52w,GODFRYPHLP,2019-03-25,2019-03-26,322.958,2019-04-18,335.8069,TIME,3,38.5466,20.0995,18.4471,0.018998,-0.014337,0.08414,16,False
high_52w,CGCL,2019-03-25,2019-03-26,140.8634,2019-03-28,164.9587,TARGET,7,168.6669,20.437,148.23,0.15,0.0,0.177257,3,False
high_52w,CUB,2019-03-25,2019-03-26,143.0024,2019-04-03,142.0403,MOMENTUM_FAIL,6,-5.7728,19.5412,-25.3139,-0.029439,-0.020683,0.038873,6,False
high_52w,DRREDDY,2019-03-25,2019-03-26,530.0145,2019-04-03,525.1151,MOMENTUM_FAIL,1,-4.8994,18.158,-23.0574,-0.043408,-0.029738,0.011376,6,False
high_52w,IPCALAB,2019-03-25,2019-03-26,447.4757,2019-04-18,468.3918,TIME,2,41.8324,19.7941,22.0383,0.024571,-0.008469,0.095114,16,False
high_52w,PFC,2019-03-25,2019-03-26,58.9698,2019-04-03,59.3413,MOMENTUM_FAIL,16,5.9439,19.9261,-13.9821,-0.014787,-0.02268,0.041579,6,False
high_52w,MUTHOOTFIN,2019-03-25,2019-03-26,519.357,2019-04-18,550.0846,TIME,1,30.7276,18.1855,12.5421,0.024097,-0.007329,0.072399,16,False
high_52w,VBL,2019-04-01,2019-04-02,52.1215,2019-04-16,48.473,STOP,19,-69.3216,19.9704,-89.292,-0.089969,-0.079111,0.0605,11,False
high_52w,CARBORUNIV,2019-04-01,2019-04-02,395.369,2019-04-09,367.5485,MOMENTUM_FAIL,2,-55.6409,19.1556,-74.7965,-0.094384,-0.07561,0.0,6,False
high_52w,IDFCFIRSTB,2019-04-01,2019-04-02,55.9023,2019-04-09,54.3122,MOMENTUM_FAIL,17,-27.0319,19.8877,-46.9196,-0.049264,-0.048,0.0,6,False
high_52w,PIDILITIND,2019-04-01,2019-04-02,604.7389,2019-04-09,611.7946,MOMENTUM_FAIL,1,7.0556,18.4978,-11.4422,-0.01888,-0.005873,0.029406,6,False
high_52w,GODFRYPHLP,2019-04-01,2019-04-02,333.0866,2019-04-09,319.4275,MOMENTUM_FAIL,2,-27.3182,18.6873,-46.0054,-0.068909,-0.044048,0.0,6,False
high_52w,KAJARIACER,2019-04-01,2019-04-02,564.4671,2019-04-09,567.8281,MOMENTUM_FAIL,1,3.361,18.3203,-14.9593,-0.026444,-0.007443,0.038538,6,False
high_52w,IPCALAB,2019-04-01,2019-04-02,473.7121,2019-04-09,454.8365,MOMENTUM_FAIL,2,-37.7512,19.8536,-57.6048,-0.060669,-0.063026,0.034461,6,False
high_52w,RELIANCE,2019-04-01,2019-04-02,618.807,2019-04-09,590.6773,MOMENTUM_FAIL,1,-28.1297,18.4856,-46.6153,-0.075167,-0.055079,0.003576,6,False
high_52w,MUTHOOTFIN,2019-04-01,2019-04-02,539.9214,2019-04-09,536.9022,MOMENTUM_FAIL,1,-3.0191,18.2036,-21.2228,-0.039221,-0.024798,0.024149,6,False
high_52w,HAVELLS,2019-04-01,2019-04-02,737.8147,2019-04-09,722.4258,MOMENTUM_FAIL,1,-15.3889,19.0141,-34.403,-0.046526,-0.031801,0.004249,6,False
high_52w,CUB,2019-04-01,2019-04-02,147.2074,2019-04-09,143.0381,MOMENTUM_FAIL,6,-25.0158,19.6085,-44.6244,-0.050413,-0.050109,0.0,6,False
high_52w,BAJFINANCE,2019-04-01,2019-04-02,293.2986,2019-04-09,291.7375,MOMENTUM_FAIL,3,-4.6833,19.6358,-24.3191,-0.027578,-0.014993,0.034779,6,False
high_52w,BAJAJFINSV,2019-04-01,2019-04-02,716.8756,2019-04-09,734.9833,MOMENTUM_FAIL,1,18.1077,18.9938,-0.8862,-0.001233,0.0,0.035096,6,False
high_52w,PETRONET,2019-04-01,2019-04-02,179.8958,2019-04-09,174.0927,MOMENTUM_FAIL,5,-29.0154,19.6689,-48.6843,-0.054007,-0.051613,0.007057,6,False
high_52w,HDFCBANK,2019-04-01,2019-04-02,535.8926,2019-04-09,528.3279,MOMENTUM_FAIL,1,-7.5648,18.1774,-25.7421,-0.047931,-0.022845,0.001272,6,False
high_52w,UPL,2019-04-01,2019-04-02,578.4442,2019-04-09,581.3057,MOMENTUM_FAIL,1,2.8615,18.3783,-15.5168,-0.026767,-0.041489,0.011596,6,False
high_52w,SIEMENS,2019-04-01,2019-04-02,642.9407,2019-04-09,651.436,MOMENTUM_FAIL,1,8.4954,18.6621,-10.1667,-0.015778,-0.010053,0.031431,6,False
high_52w,HCLTECH,2019-04-01,2019-04-02,430.5488,2019-04-09,433.7101,MOMENTUM_FAIL,2,6.3226,19.5788,-13.2563,-0.015361,-0.026171,0.020991,6,False
high_52w,ICICIBANK,2019-04-01,2019-04-02,382.7057,2019-04-09,379.9789,MOMENTUM_FAIL,2,-5.4536,19.1508,-24.6044,-0.032075,-0.0375,0.007,6,False
high_52w,ICICIGI,2019-04-08,2019-04-09,993.9116,2019-05-06,1009.7902,TIME,1,15.8786,20.1591,-4.2805,-0.004297,-0.005949,0.07369,16,False
high_52w,CGCL,2019-04-08,2019-04-09,169.6957,2019-04-22,157.817,STOP,5,-59.3935,19.3917,-78.7852,-0.092652,-0.080511,0.05497,8,False
high_52w,INFY,2019-04-08,2019-04-09,630.6621,2019-04-15,586.5157,STOP,1,-44.1463,18.503,-62.6494,-0.099122,-0.074545,0.0,5,False
high_52w,SRF,2019-04-08,2019-04-09,482.1653,2019-04-16,484.5323,MOMENTUM_FAIL,2,4.734,20.0115,-15.2775,-0.015808,-0.017798,0.008667,6,False
high_52w,PIDILITIND,2019-04-08,2019-04-09,613.6665,2019-04-16,620.002,MOMENTUM_FAIL,1,6.3355,18.5341,-12.1986,-0.019835,-0.006687,0.026632,6,False
high_52w,IGL,2019-04-08,2019-04-09,138.4633,2019-04-16,141.3333,MOMENTUM_FAIL,7,20.0903,20.0635,0.0269,2.8e-05,-0.031013,0.029272,6,False
high_52w,BAJAJFINSV,2019-04-08,2019-04-09,731.0789,2019-04-16,754.8788,MOMENTUM_FAIL,1,23.7999,19.0654,4.7345,0.006462,0.0,0.038147,6,False
high_52w,UPL,2019-04-08,2019-04-09,580.598,2019-04-16,574.6904,MOMENTUM_FAIL,1,-5.9076,18.3695,-24.2771,-0.041723,-0.034446,0.00212,6,False
high_52w,HDFCBANK,2019-04-08,2019-04-09,530.4876,2019-04-16,532.4394,MOMENTUM_FAIL,1,1.9517,18.1739,-16.2222,-0.030513,-0.028564,0.005791,6,False
high_52w,INDHOTEL,2019-04-08,2019-04-09,148.9113,2019-04-16,145.3265,MOMENTUM_FAIL,6,-21.5089,19.6588,-41.1677,-0.045976,-0.04593,0.0,6,False
high_52w,HAVELLS,2019-04-08,2019-04-09,725.8455,2019-04-16,720.1934,MOMENTUM_FAIL,1,-5.6522,18.9833,-24.6355,-0.033866,-0.033503,0.001112,6,False
high_52w,SIEMENS,2019-04-08,2019-04-09,646.3839,2019-04-16,671.8137,MOMENTUM_FAIL,1,25.4298,18.7111,6.7187,0.010372,-0.000961,0.045324,6,False
high_52w,KAJARIACER,2019-04-08,2019-04-09,569.602,2019-04-16,583.4662,MOMENTUM_FAIL,1,13.8643,18.3633,-4.4991,-0.007881,-0.016964,0.040813,6,False
high_52w,MUTHOOTFIN,2019-04-08,2019-04-09,536.9898,2019-04-16,547.9422,MOMENTUM_FAIL,1,10.9524,18.2197,-7.2673,-0.013504,-0.010918,0.033778,6,False
high_52w,BAJFINANCE,2019-04-08,2019-04-09,292.4987,2019-04-16,294.0453,MOMENTUM_FAIL,3,4.6398,19.6446,-15.0049,-0.017062,-0.010127,0.015067,6,False
high_52w,GODFRYPHLP,2019-04-15,2019-04-16,348.4243,2019-04-24,324.0346,STOP,2,-48.7794,18.7731,-67.5525,-0.096729,-0.076163,0.0,5,False
high_52w,IGL,2019-04-15,2019-04-16,141.0923,2019-04-25,135.6151,MOMENTUM_FAIL,7,-38.3405,20.0222,-58.3627,-0.058964,-0.054969,0.024068,6,False
high_52w,PIDILITIND,2019-04-15,2019-04-16,623.9617,2019-04-23,580.2844,STOP,1,-43.6773,18.4757,-62.153,-0.099393,-0.080769,0.002077,4,False
high_52w,NAUKRI,2019-04-15,2019-04-16,379.3558,2019-05-13,374.0102,TIME,2,-10.6911,19.1119,-29.803,-0.039195,-0.046329,0.05575,16,False
high_52w,KAJARIACER,2019-04-15,2019-04-16,585.5669,2019-04-25,578.1915,MOMENTUM_FAIL,1,-7.3754,18.3875,-25.7629,-0.043901,-0.019531,0.003747,6,False
high_52w,SIEMENS,2019-04-15,2019-04-16,670.8823,2019-04-25,673.8459,MOMENTUM_FAIL,1,2.9636,18.7688,-15.8052,-0.023507,-0.029912,0.011191,6,False
high_52w,BAJAJFINSV,2019-04-15,2019-04-16,751.7961,2019-04-25,763.8976,MOMENTUM_FAIL,1,12.1016,19.1291,-7.0275,-0.009327,-0.012275,0.0249,6,False
high_52w,WIPRO,2019-04-15,2019-04-16,132.2369,2019-04-25,133.9843,MOMENTUM_FAIL,7,12.2319,19.8635,-7.6316,-0.008227,-0.03827,0.015788,6,False
high_52w,MUTHOOTFIN,2019-04-15,2019-04-16,549.6828,2019-04-25,517.8605,MOMENTUM_FAIL,1,-31.8223,18.1862,-50.0085,-0.090779,-0.069665,0.013235,6,False
high_52w,OBEROIRLTY,2019-04-15,2019-04-16,583.8245,2019-04-18,542.9568,STOP,1,-40.8677,18.312,-59.1797,-0.101144,-0.090834,0.0,2,False
high_52w,HDFCBANK,2019-04-15,2019-04-16,529.1824,2019-04-25,522.8303,MOMENTUM_FAIL,1,-6.3521,18.1515,-24.5036,-0.046204,-0.021541,0.014863,6,False
high_52w,PFC,2019-04-15,2019-04-16,60.4311,2019-04-25,58.4002,MOMENTUM_FAIL,16,-32.494,19.9465,-52.4405,-0.054118,-0.056557,0.0,6,False
high_52w,SRF,2019-04-15,2019-04-16,479.4478,2019-04-25,491.9059,MOMENTUM_FAIL,2,24.9162,20.0296,4.8866,0.005085,-0.017736,0.031978,6,False
high_52w,WIPRO,2019-04-22,2019-04-23,131.488,2019-05-02,133.2809,MOMENTUM_FAIL,7,12.5497,19.842,-7.2922,-0.007905,0.0,0.033655,6,False
high_52w,RBLBANK,2019-04-22,2019-04-23,659.1392,2019-05-02,641.1847,MOMENTUM_FAIL,1,-17.9545,18.6766,-36.6311,-0.055453,-0.030837,0.006167,6,False
high_52w,BAJAJFINSV,2019-04-22,2019-04-23,745.8199,2019-05-02,754.8688,MOMENTUM_FAIL,1,9.0489,19.0976,-10.0487,-0.013444,-0.005188,0.034615,6,False
high_52w,KAJARIACER,2019-04-22,2019-04-23,575.1571,2019-05-02,568.155,MOMENTUM_FAIL,1,-7.0021,18.3443,-25.3464,-0.043973,-0.056895,0.019317,6,False
high_52w,UPL,2019-04-22,2019-04-23,576.7827,2019-05-02,593.1514,MOMENTUM_FAIL,1,16.3687,18.3988,-2.0301,-0.003512,0.0,0.040489,6,False
high_52w,HDFCBANK,2019-04-22,2019-04-23,526.0873,2019-05-02,544.1622,MOMENTUM_FAIL,1,18.0749,18.1882,-0.1133,-0.000215,-0.013391,0.036047,6,False
high_52w,BALRAMCHIN,2019-04-22,2019-04-23,133.8178,2019-05-16,133.9583,TIME,7,0.9833,19.8873,-18.904,-0.020137,-0.062281,0.105668,16,False
high_52w,HAVELLS,2019-04-22,2019-04-23,724.3732,2019-05-02,732.4001,MOMENTUM_FAIL,1,8.0269,19.005,-10.978,-0.015122,-0.004655,0.023539,6,False
high_52w,HCLTECH,2019-04-22,2019-04-23,427.6785,2019-05-16,416.687,TIME,2,-21.9831,19.4969,-41.48,-0.048389,-0.041357,0.07709,16,False
high_52w,DRREDDY,2019-04-22,2019-04-23,531.8186,2019-05-16,531.9136,TIME,1,0.095,18.1758,-18.0807,-0.033924,-0.014444,0.058382,16,False
high_52w,NAUKRI,2019-04-22,2019-04-23,370.0082,2019-05-16,368.9079,TIME,2,-2.2006,19.0502,-21.2508,-0.028654,-0.018395,0.082421,16,False
high_52w,SIEMENS,2019-04-22,2019-04-23,658.7179,2019-05-02,648.9241,MOMENTUM_FAIL,1,-9.7937,18.6915,-28.4852,-0.043149,-0.017953,0.029864,6,False
high_52w,SRF,2019-04-22,2019-04-23,474.9477,2019-05-16,538.67,TIME,2,127.4447,20.2004,107.2443,0.112655,-0.042248,0.154635,16,False
high_52w,HCLTECH,2019-04-30,2019-05-02,453.8216,2019-05-09,440.8665,MOMENTUM_FAIL,2,-25.9103,19.7097,-45.6201,-0.050152,-0.051196,0.0,6,False
high_52w,WIPRO,2019-04-30,2019-05-02,135.5048,2019-05-09,132.1008,MOMENTUM_FAIL,7,-23.8286,19.8866,-43.7153,-0.045987,-0.033495,0.0,6,False
high_52w,BALRAMCHIN,2019-04-30,2019-05-02,141.0284,2019-05-08,131.1565,STOP,7,-69.1039,19.9577,-89.0616,-0.09002,-0.079017,0.049137,5,False
high_52w,SRF,2019-04-30,2019-05-02,498.7145,2019-05-09,472.152,MOMENTUM_FAIL,2,-53.125,20.0334,-73.1584,-0.073187,-0.057617,0.013183,6,False
high_52w,TECHM,2019-04-30,2019-05-02,629.8212,2019-05-09,610.7734,MOMENTUM_FAIL,1,-19.0478,18.5506,-37.5984,-0.059567,-0.04276,0.0,6,False
high_52w,UPL,2019-04-30,2019-05-02,595.059,2019-05-09,583.9209,MOMENTUM_FAIL,1,-11.1381,18.4199,-29.5581,-0.049564,-0.034074,0.007239,6,False
high_52w,HDFCBANK,2019-04-30,2019-05-02,536.7012,2019-05-09,529.171,MOMENTUM_FAIL,1,-7.5302,18.1809,-25.7111,-0.047801,-0.022337,0.023456,6,False
high_52w,DRREDDY,2019-04-30,2019-05-02,555.4613,2019-05-09,550.8276,MOMENTUM_FAIL,1,-4.6336,18.266,-22.8996,-0.041136,-0.029539,0.009231,6,False
high_52w,ICICIBANK,2019-04-30,2019-05-02,386.2457,2019-05-09,364.9099,MOMENTUM_FAIL,2,-42.6717,19.1049,-61.7766,-0.079796,-0.064776,0.009041,6,False
high_52w,HAVELLS,2019-04-30,2019-05-02,739.8096,2019-05-09,704.567,MOMENTUM_FAIL,1,-35.2426,18.982,-54.2246,-0.073135,-0.06953,0.0,6,False
high_52w,BAJFINANCE,2019-04-30,2019-05-02,300.1056,2019-05-09,288.1158,MOMENTUM_FAIL,3,-35.9692,19.6583,-55.6275,-0.061652,-0.067852,0.022617,6,False
high_52w,RELIANCE,2019-04-30,2019-05-02,616.1512,2019-05-08,573.0206,STOP,1,-43.1306,18.4438,-61.5744,-0.099716,-0.071696,0.018319,5,False
high_52w,RBLBANK,2019-04-30,2019-05-02,656.9614,2019-05-09,640.6039,MOMENTUM_FAIL,1,-16.3576,18.6707,-35.0282,-0.053202,-0.044862,0.0,6,False
high_52w,BAJAJFINSV,2019-05-06,2019-05-07,765.342,2019-05-14,733.6387,MOMENTUM_FAIL,1,-31.7033,19.0971,-50.8003,-0.066231,-0.059598,0.0,6,False
high_52w,DRREDDY,2019-05-06,2019-05-07,557.5502,2019-05-14,533.1669,MOMENTUM_FAIL,1,-24.3833,18.2346,-42.6179,-0.076271,-0.059928,0.004019,6,False
high_52w,KOTAKBANK,2019-05-06,2019-05-07,280.1917,2019-05-14,274.8164,MOMENTUM_FAIL,3,-16.1258,19.4465,-35.5723,-0.042227,-0.030993,0.003475,6,False
high_52w,HDFCBANK,2019-05-06,2019-05-07,543.2611,2019-05-14,528.478,MOMENTUM_FAIL,1,-14.7831,18.1938,-32.9769,-0.060569,-0.034142,0.0,6,False
high_52w,RELIANCE,2019-05-06,2019-05-07,617.3905,2019-05-08,574.1732,STOP,1,-43.2173,18.4489,-61.6662,-0.099664,-0.073559,0.0,2,False
high_52w,ICICIBANK,2019-05-06,2019-05-07,380.7922,2019-05-14,363.9531,MOMENTUM_FAIL,2,-33.6781,19.0772,-52.7553,-0.069119,-0.057161,0.0,6,False
high_52w,SRF,2019-05-06,2019-05-07,500.5944,2019-05-14,506.5264,MOMENTUM_FAIL,1,5.932,18.0558,-12.1238,-0.024166,-0.091316,0.021734,6,False
high_52w,UPL,2019-05-06,2019-05-07,584.6595,2019-05-14,587.7363,MOMENTUM_FAIL,1,3.0768,18.405,-15.3282,-0.02616,-0.011999,0.019261,6,False
high_52w,BALRAMCHIN,2019-05-06,2019-05-07,144.3996,2019-05-07,134.2917,STOP,6,-60.6478,19.4648,-80.1127,-0.092265,0.0,0.0,1,False
high_52w,WIPRO,2019-05-06,2019-05-07,132.827,2019-05-14,129.1733,MOMENTUM_FAIL,7,-25.5758,19.8039,-45.3798,-0.0487,-0.032633,0.005467,6,False
high_52w,TECHM,2019-05-06,2019-05-07,620.09,2019-05-14,595.9879,MOMENTUM_FAIL,1,-24.1021,18.4992,-42.6013,-0.068552,-0.043066,0.004501,6,False
high_52w,NAUKRI,2019-05-06,2019-05-07,386.5612,2019-05-14,369.6674,MOMENTUM_FAIL,2,-33.7877,19.1257,-52.9134,-0.068292,-0.053778,0.0,6,False
high_52w,FEDERALBNK,2019-05-06,2019-05-07,94.9106,2019-05-14,92.3251,MOMENTUM_FAIL,10,-25.8549,19.8849,-45.7398,-0.048087,-0.053492,0.0,6,False
high_52w,RBLBANK,2019-05-06,2019-05-07,646.5564,2019-05-14,630.2958,MOMENTUM_FAIL,1,-16.2607,18.6269,-34.8876,-0.053841,-0.05232,0.014746,6,False
high_52w,UPL,2019-05-13,2019-05-14,586.5671,2019-06-04,626.7996,TIME,1,40.2325,18.4887,21.7438,0.036989,0.0,0.099296,16,False
high_52w,KOTAKBANK,2019-05-13,2019-05-14,275.9193,2019-06-04,304.3061,TIME,3,85.1602,19.5986,65.5616,0.079031,-0.007094,0.120562,16,False
high_52w,TECHM,2019-05-13,2019-05-14,617.676,2019-05-21,583.1636,MOMENTUM_FAIL,1,-34.5124,18.4678,-52.9802,-0.085586,-0.068148,0.0,6,False
high_52w,WIPRO,2019-05-13,2019-05-14,131.1703,2019-05-21,130.2172,MOMENTUM_FAIL,7,-6.6721,19.7934,-26.4655,-0.028761,-0.023184,0.00865,6,False
high_52w,HDFCBANK,2019-05-13,2019-05-14,530.5107,2019-06-04,566.4525,TIME,1,35.9418,18.2432,17.6985,0.033289,-0.007271,0.073606,16,False
high_52w,RBLBANK,2019-05-13,2019-05-14,637.8454,2019-05-21,648.3955,MOMENTUM_FAIL,1,10.5501,18.6448,-8.0946,-0.012663,-0.051214,0.045296,6,False
high_52w,BAJAJFINSV,2019-05-13,2019-05-14,729.1019,2019-06-04,827.9766,TIME,1,98.8748,19.2099,79.6648,0.109026,0.0,0.145878,16,False
high_52w,DRREDDY,2019-05-13,2019-05-14,529.027,2019-05-20,491.9951,STOP,1,-37.0319,18.0884,-55.1203,-0.103965,-0.087318,0.024427,5,False
high_52w,CUB,2019-05-13,2019-05-14,139.2608,2019-06-04,154.0848,TIME,7,103.7684,20.2574,83.5109,0.085481,-0.003327,0.118219,16,False
high_52w,VBL,2019-05-13,2019-05-14,52.4111,2019-06-04,54.5799,TIME,19,41.208,20.2187,20.9893,0.021032,-0.023702,0.062928,16,False
high_52w,SRF,2019-05-13,2019-05-14,486.8311,2019-05-20,570.2058,TARGET,2,166.7494,20.3808,146.3686,0.15,0.0,0.17567,5,False
high_52w,HAVELLS,2019-05-13,2019-05-14,699.1047,2019-05-21,719.956,MOMENTUM_FAIL,1,20.8513,18.9244,1.9269,0.00275,-0.030505,0.041851,6,False
high_52w,NAUKRI,2019-05-13,2019-05-14,373.903,2019-05-21,365.237,MOMENTUM_FAIL,2,-17.332,19.0523,-36.3843,-0.048549,-0.061458,0.000755,6,False
high_52w,SRF,2019-05-20,2019-05-21,568.5053,2019-05-28,562.9826,MOMENTUM_FAIL,1,-5.5227,18.3192,-23.842,-0.041847,-0.024347,0.022154,6,False
high_52w,BAJFINANCE,2019-05-20,2019-05-21,331.43,2019-05-28,330.6301,MOMENTUM_FAIL,3,-2.3997,20.1235,-22.5231,-0.022603,-0.018256,0.029242,6,False
high_52w,UPL,2019-05-20,2019-05-21,626.4428,2019-05-28,629.6517,MOMENTUM_FAIL,1,3.2089,18.5817,-15.3728,-0.024486,-0.026179,0.029321,6,False
high_52w,BAJAJFINSV,2019-05-20,2019-05-21,820.6211,2019-05-28,809.6201,MOMENTUM_FAIL,1,-11.001,19.3726,-30.3736,-0.036932,-0.031436,0.007768,6,False
high_52w,HDFCBANK,2019-05-20,2019-05-21,563.1493,2019-05-28,558.1138,MOMENTUM_FAIL,1,-5.0355,18.2976,-23.3331,-0.041343,-0.048769,0.000779,6,False
high_52w,KOTAKBANK,2019-05-20,2019-05-21,298.6724,2019-05-28,300.2622,MOMENTUM_FAIL,3,4.7694,19.7231,-14.9537,-0.016653,-0.009514,0.035196,6,False
high_52w,PRIVISCL,2019-05-20,2019-05-21,404.1226,2019-06-12,413.3407,TIME,2,18.4361,19.3803,-0.9442,-0.001166,-0.018416,0.088155,16,False
high_52w,SBIN,2019-05-20,2019-05-21,313.5165,2019-06-12,311.7944,TIME,3,-5.1664,19.8909,-25.0573,-0.026583,-0.035704,0.052327,16,False
high_52w,FEDERALBNK,2019-05-20,2019-05-21,97.7781,2019-05-28,101.1157,MOMENTUM_FAIL,10,33.3762,20.1266,13.2496,0.013521,-0.034615,0.041827,6,False
high_52w,AXISBANK,2019-05-20,2019-05-21,784.8357,2019-05-28,803.4205,MOMENTUM_FAIL,1,18.5849,19.2818,-0.6969,-0.000886,-0.024693,0.041028,6,False
high_52w,ICICIBANK,2019-05-20,2019-05-21,390.9339,2019-06-12,399.9275,TIME,2,17.9871,19.268,-1.2809,-0.001635,-0.017254,0.07489,16,False
high_52w,SIEMENS,2019-05-20,2019-05-21,671.9548,2019-06-12,711.1579,TIME,1,39.2031,18.8471,20.3559,0.030228,-0.028898,0.10047,16,False
high_52w,MUTHOOTFIN,2019-05-20,2019-05-21,553.432,2019-06-12,569.678,TIME,1,16.2459,18.2999,-2.054,-0.003703,-0.018549,0.058709,16,False
high_52w,AARTIIND,2019-05-27,2019-05-28,445.1537,2019-05-29,413.9929,STOP,2,-62.3215,19.5624,-81.8839,-0.091772,-0.072177,0.0,2,False
high_52w,SIEMENS,2019-05-27,2019-05-28,718.4113,2019-06-04,715.335,MOMENTUM_FAIL,1,-3.0764,18.9572,-22.0336,-0.030603,-0.020743,0.029308,6,False
high_52w,DEEPAKNTR,2019-05-27,2019-05-28,304.0428,2019-06-04,314.6747,MOMENTUM_FAIL,3,31.8956,19.8464,12.0492,0.013181,-0.018196,0.042722,6,False
high_52w,AXISBANK,2019-05-27,2019-05-28,811.2718,2019-06-04,817.7318,MOMENTUM_FAIL,1,6.46,19.3687,-12.9087,-0.015877,-0.028298,0.014027,6,False
high_52w,RBLBANK,2019-05-27,2019-05-28,681.3041,2019-06-04,669.0601,MOMENTUM_FAIL,1,-12.244,18.7818,-31.0258,-0.04544,-0.033457,0.002841,6,False
high_52w,FEDERALBNK,2019-05-27,2019-05-28,101.5388,2019-06-04,101.3508,MOMENTUM_FAIL,9,-1.6923,19.7852,-21.4775,-0.023451,-0.016667,0.015278,6,False
high_52w,ICICIBANK,2019-05-27,2019-05-28,416.2403,2019-06-04,400.9799,MOMENTUM_FAIL,2,-30.5208,19.383,-49.9037,-0.059815,-0.047696,0.0,6,False
high_52w,MUTHOOTFIN,2019-05-27,2019-05-28,575.7479,2019-06-04,576.3726,MOMENTUM_FAIL,1,0.6247,18.3623,-17.7377,-0.030741,-0.032713,0.017674,6,False
high_52w,IGL,2019-05-27,2019-05-28,145.255,2019-06-04,150.8855,MOMENTUM_FAIL,6,33.7833,19.6788,14.1045,0.016148,-0.016742,0.044646,6,False
high_52w,SOBHA,2019-05-27,2019-05-28,504.5951,2019-06-19,520.5865,TIME,1,15.9914,18.0932,-2.1018,-0.004156,-0.029182,0.090892,16,False
high_52w,HINDPETRO,2019-05-27,2019-05-28,148.695,2019-06-19,143.1582,TIME,6,-33.2208,19.6295,-52.8503,-0.059109,-0.052048,0.053546,16,False
high_52w,BALRAMCHIN,2019-05-27,2019-05-28,147.7708,2019-06-04,153.0617,MOMENTUM_FAIL,6,31.7454,19.7384,12.007,0.013513,-0.042775,0.045627,6,False
high_52w,CUB,2019-05-27,2019-05-28,153.9423,2019-06-04,154.0848,MOMENTUM_FAIL,6,0.8553,19.8318,-18.9766,-0.0205,-0.025463,0.00463,6,False
high_52w,SBIN,2019-05-27,2019-05-28,327.1575,2019-06-04,319.408,MOMENTUM_FAIL,3,-23.2486,20.0269,-43.2755,-0.043996,-0.045159,0.0,6,False
high_52w,TRENT,2019-06-03,2019-06-04,409.1814,2019-06-12,397.9724,MOMENTUM_FAIL,2,-22.4182,19.3398,-41.758,-0.050915,-0.059394,0.018182,6,False
high_52w,PFC,2019-06-03,2019-06-04,63.205,2019-06-26,67.5887,TIME,15,65.7559,20.0671,45.6888,0.048086,-0.002351,0.072884,16,False
high_52w,NAUKRI,2019-06-03,2019-06-04,444.0099,2019-06-18,412.9292,STOP,2,-62.1614,19.553,-81.7144,-0.091818,-0.085526,0.050833,10,False
high_52w,IOC,2019-06-03,2019-06-04,70.5296,2019-06-12,67.4388,MOMENTUM_FAIL,14,-43.2718,20.0112,-63.283,-0.06395,-0.063824,0.0,6,False
high_52w,ASTRAL,2019-06-03,2019-06-04,601.5077,2019-06-12,593.9332,MOMENTUM_FAIL,1,-7.5745,18.4544,-26.0289,-0.043178,-0.06935,0.019202,6,False
high_52w,BAJAJFINSV,2019-06-03,2019-06-04,831.1739,2019-06-12,821.2784,MOMENTUM_FAIL,1,-9.8954,19.4194,-29.3149,-0.035192,-0.029101,0.002139,6,False
high_52w,NESTLEIND,2019-06-03,2019-06-04,528.1428,2019-06-12,532.4907,MOMENTUM_FAIL,1,4.3479,18.1689,-13.821,-0.026112,-0.019311,0.018767,6,False
high_52w,IGL,2019-06-03,2019-06-04,148.9795,2019-06-12,147.1391,MOMENTUM_FAIL,6,-11.0419,19.6819,-30.7238,-0.034296,-0.019118,0.031765,6,False
high_52w,HDFCBANK,2019-06-03,2019-06-04,567.0761,2019-06-12,560.62,MOMENTUM_FAIL,1,-6.4561,18.3113,-24.7674,-0.04358,-0.018737,0.00611,6,False
high_52w,BAJFINANCE,2019-06-03,2019-06-04,340.7822,2019-06-12,339.9434,MOMENTUM_FAIL,2,-1.6776,18.8045,-20.482,-0.029986,-0.026903,0.014085,6,False
high_52w,BPCL,2019-06-03,2019-06-04,130.0866,2019-06-10,120.9805,STOP,7,-63.7424,19.6452,-83.3876,-0.091374,-0.070053,0.0,4,False
high_52w,AXISBANK,2019-06-03,2019-06-04,802.5757,2019-06-12,808.5388,MOMENTUM_FAIL,1,5.9631,19.331,-13.3679,-0.01662,-0.007739,0.022785,6,False
high_52w,KAJARIACER,2019-06-03,2019-06-04,602.6523,2019-06-12,569.7888,MOMENTUM_FAIL,1,-32.8634,18.4078,-51.2712,-0.08489,-0.05794,0.0,6,False
high_52w,FEDERALBNK,2019-06-03,2019-06-04,101.5388,2019-06-12,98.8123,MOMENTUM_FAIL,9,-24.5386,19.7387,-44.2774,-0.048346,-0.043519,0.0,6,False
high_52w,PIDILITIND,2019-06-03,2019-06-04,620.506,2019-06-12,614.2903,MOMENTUM_FAIL,1,-6.2157,18.5374,-24.7531,-0.039805,-0.0362,0.009282,6,False
high_52w,BHARTIARTL,2019-06-10,2019-06-11,342.6845,2019-06-18,325.8335,MOMENTUM_FAIL,2,-33.702,18.7553,-52.4573,-0.076372,-0.060055,0.005372,6,False
high_52w,NESTLEIND,2019-06-10,2019-06-11,535.1997,2019-06-18,521.6593,MOMENTUM_FAIL,1,-13.5404,18.1623,-31.7027,-0.059106,-0.038707,0.0,6,False
high_52w,HAVELLS,2019-06-10,2019-06-11,750.6863,2019-06-18,735.6774,MOMENTUM_FAIL,1,-15.009,19.0692,-34.0781,-0.045297,-0.034419,0.0,6,False
high_52w,WIPRO,2019-06-10,2019-06-11,134.8013,2019-06-18,135.2552,MOMENTUM_FAIL,7,3.1772,19.9208,-16.7436,-0.017705,-0.003367,0.015488,6,False
high_52w,BAJFINANCE,2019-06-10,2019-06-11,342.9639,2019-06-18,340.278,MOMENTUM_FAIL,2,-5.3719,18.8154,-24.1872,-0.035185,-0.022901,0.009273,6,False
high_52w,ASTRAL,2019-06-10,2019-06-11,600.2193,2019-06-18,578.6069,MOMENTUM_FAIL,1,-21.6125,18.4204,-40.0329,-0.066552,-0.067019,0.015469,6,False
high_52w,BAJAJFINSV,2019-06-10,2019-06-11,827.6929,2019-06-18,821.3432,MOMENTUM_FAIL,1,-6.3497,19.412,-25.7617,-0.031057,-0.025915,0.001203,6,False
high_52w,CUB,2019-06-10,2019-06-11,153.9423,2019-06-18,153.0514,MOMENTUM_FAIL,6,-5.3452,19.8192,-25.1644,-0.027185,-0.012731,0.013889,6,False
high_52w,ADANIPORTS,2019-06-10,2019-06-11,405.8325,2019-06-18,402.6791,MOMENTUM_FAIL,2,-6.3068,19.3444,-25.6512,-0.031534,-0.014363,0.011067,6,False
high_52w,HDFCBANK,2019-06-10,2019-06-11,566.2677,2019-06-18,558.3564,MOMENTUM_FAIL,1,-7.9113,18.3049,-26.2162,-0.046195,-0.019376,0.003039,6,False
high_52w,AXISBANK,2019-06-10,2019-06-11,812.1166,2019-06-18,770.9716,MOMENTUM_FAIL,1,-41.1449,19.2753,-60.4203,-0.074236,-0.057578,0.007649,6,False
high_52w,VBL,2019-06-10,2019-06-11,54.6118,2019-06-17,50.7889,STOP,18,-68.8108,19.9406,-88.7514,-0.090088,-0.159968,0.005196,5,False
high_52w,PIDILITIND,2019-06-10,2019-06-11,615.3223,2019-06-18,594.1076,MOMENTUM_FAIL,1,-21.2147,18.485,-39.6997,-0.064378,-0.039002,0.010179,6,False
high_52w,MUTHOOTFIN,2019-06-10,2019-06-11,573.6947,2019-06-18,555.3065,MOMENTUM_FAIL,1,-18.3882,18.315,-36.7032,-0.063837,-0.038043,0.012292,6,False
high_52w,WIPRO,2019-06-17,2019-06-18,135.936,2019-06-25,129.491,MOMENTUM_FAIL,7,-45.1153,19.856,-64.9713,-0.06813,-0.058931,0.0,6,False
high_52w,CUB,2019-06-17,2019-06-18,153.6216,2019-06-25,152.6951,MOMENTUM_FAIL,6,-5.5592,19.8106,-25.3698,-0.027464,-0.045001,0.000464,6,False
high_52w,ADANIPORTS,2019-06-17,2019-06-18,406.0236,2019-06-20,377.602,STOP,2,-56.8433,19.2431,-76.0864,-0.093493,-0.082843,0.0,3,False
high_52w,HDFCBANK,2019-06-17,2019-06-18,558.5296,2019-06-25,564.488,MOMENTUM_FAIL,1,5.9584,18.3005,-12.3421,-0.022049,-0.000538,0.015994,6,False
high_52w,MANAPPURAM,2019-06-17,2019-06-18,123.7139,2019-06-21,115.0539,STOP,8,-69.2798,19.9679,-89.2477,-0.089979,-0.075391,0.022404,4,False
high_52w,INFY,2019-06-17,2019-06-18,614.8188,2019-06-25,621.3806,MOMENTUM_FAIL,1,6.5618,18.5394,-11.9776,-0.019439,-0.005809,0.022562,6,False
high_52w,NESTLEIND,2019-06-17,2019-06-18,523.8197,2019-06-25,532.9619,MOMENTUM_FAIL,1,9.1422,18.1604,-9.0182,-0.017179,-0.004785,0.024767,6,False
high_52w,BAJFINANCE,2019-06-17,2019-06-18,336.8551,2019-06-25,347.1188,MOMENTUM_FAIL,2,20.5274,18.8165,1.7109,0.002534,0.0,0.035982,6,False
high_52w,BAJAJFINSV,2019-06-17,2019-06-18,811.1589,2019-06-25,831.2935,MOMENTUM_FAIL,1,20.1345,19.3961,0.7385,0.000908,0.0,0.040521,6,False
high_52w,LALPATHLAB,2019-06-17,2019-06-18,515.6875,2019-07-09,521.5208,TIME,1,5.8334,18.1193,-12.286,-0.023773,-0.055276,0.079044,16,False
high_52w,FEDERALBNK,2019-06-17,2019-06-18,99.7525,2019-06-25,97.7311,MOMENTUM_FAIL,10,-20.2136,20.1008,-40.3144,-0.040326,-0.049481,0.002356,6,False
high_52w,HAVELLS,2019-06-17,2019-06-18,727.6504,2019-06-25,744.7018,MOMENTUM_FAIL,1,17.0514,19.0372,-1.9857,-0.002723,0.0,0.033094,6,False
high_52w,SBILIFE,2019-06-17,2019-06-18,692.5034,2019-06-25,666.2239,MOMENTUM_FAIL,1,-26.2794,18.8006,-45.08,-0.064955,-0.044868,0.017762,6,False
high_52w,TRENT,2019-06-24,2019-06-25,421.3329,2019-07-16,442.1144,TIME,2,41.563,19.5727,21.9902,0.026039,-0.025309,0.094055,16,False
high_52w,LALPATHLAB,2019-06-24,2019-06-25,554.5127,2019-06-28,515.6968,STOP,1,-38.8159,18.1924,-57.0083,-0.102584,-0.0954,0.003492,4,False
high_52w,NESTLEIND,2019-06-24,2019-06-25,531.7872,2019-07-02,544.7542,MOMENTUM_FAIL,1,12.9669,18.2018,-5.2349,-0.009823,0.0,0.029383,6,False
high_52w,BAJAJFINSV,2019-06-24,2019-06-25,831.6769,2019-07-02,844.1122,MOMENTUM_FAIL,1,12.4352,19.467,-7.0318,-0.008437,-0.005497,0.026946,6,False
high_52w,VOLTAS,2019-06-24,2019-06-25,607.6885,2019-07-02,618.6249,MOMENTUM_FAIL,1,10.9364,18.5182,-7.5819,-0.012449,0.0,0.04586,6,False
high_52w,BAJFINANCE,2019-06-24,2019-06-25,343.7736,2019-07-02,359.8454,MOMENTUM_FAIL,2,32.1437,18.8986,13.2451,0.019222,0.0,0.049262,6,False
high_52w,HDFCBANK,2019-06-24,2019-06-25,562.4311,2019-07-02,579.8976,MOMENTUM_FAIL,1,17.4666,18.3404,-0.8738,-0.00155,0.0,0.032089,6,False
high_52w,HAVELLS,2019-06-24,2019-06-25,743.3719,2019-07-02,751.3988,MOMENTUM_FAIL,1,8.0269,19.0852,-11.0583,-0.014843,-0.005048,0.031052,6,False
high_52w,CONCOR,2019-06-24,2019-06-25,501.9014,2019-07-16,501.4478,TIME,1,-0.4536,18.0483,-18.502,-0.036783,-0.06363,0.053416,16,False
high_52w,INFY,2019-06-24,2019-06-25,617.9751,2019-07-02,614.6526,MOMENTUM_FAIL,1,-3.3225,18.5326,-21.8551,-0.035289,-0.021304,0.010014,6,False
high_52w,ICICIBANK,2019-06-24,2019-06-25,409.3994,2019-07-02,417.8668,MOMENTUM_FAIL,2,16.9348,19.4218,-2.487,-0.003031,0.0,0.037392,6,False
high_52w,SBILIFE,2019-06-24,2019-06-25,666.8661,2019-07-16,766.5009,TIME,1,99.6347,18.9487,80.686,0.120729,0.0,0.17763,16,False
high_52w,SRF,2019-06-24,2019-06-25,582.0933,2019-07-02,597.4736,MOMENTUM_FAIL,1,15.3803,18.4192,-3.0389,-0.005209,-0.012048,0.03007,6,False
high_52w,RECLTD,2019-06-24,2019-06-25,68.4989,2019-07-09,63.704,STOP,14,-67.1289,19.8426,-86.9715,-0.090493,-0.133848,0.091055,11,False
high_52w,VBL,2019-06-24,2019-06-25,54.1948,2019-07-02,55.5876,MOMENTUM_FAIL,18,25.0705,20.1001,4.9704,0.005084,-0.022227,0.03115,6,False
high_52w,POWERGRID,2019-06-24,2019-06-25,76.7751,2019-07-16,80.5945,TIME,12,45.8337,19.9135,25.9203,0.028073,0.0,0.065327,16,False
high_52w,SBIN,2019-06-24,2019-06-25,319.6799,2019-07-02,330.3752,MOMENTUM_FAIL,3,32.0858,20.0448,12.0409,0.012528,0.0,0.034874,6,False
high_52w,ADANIPOWER,2019-07-01,2019-07-02,12.15,2019-07-23,12.62,TIME,82,38.54,20.2153,18.3247,0.018353,-0.013992,0.131687,16,False
high_52w,TRENT,2019-07-01,2019-07-02,458.2832,2019-07-08,426.2034,STOP,2,-64.1596,19.6695,-83.8292,-0.09126,-0.103896,0.0,5,False
high_52w,SIEMENS,2019-07-01,2019-07-02,754.7073,2019-07-08,701.8778,STOP,1,-52.8295,19.0091,-71.8387,-0.09498,-0.078384,0.022476,5,False
high_52w,CONCOR,2019-07-01,2019-07-02,526.2162,2019-07-09,498.0908,MOMENTUM_FAIL,1,-28.1254,18.0947,-46.22,-0.087643,-0.106897,0.001724,6,False
high_52w,TORNTPOWER,2019-07-01,2019-07-02,244.8608,2019-07-23,259.544,TIME,4,58.733,20.1852,38.5478,0.039271,0.0,0.078007,16,False
high_52w,BAJFINANCE,2019-07-01,2019-07-02,358.6722,2019-07-08,333.5651,STOP,2,-50.2141,18.8567,-69.0708,-0.096077,-0.087591,0.017032,5,False
high_52w,NTPC,2019-07-01,2019-07-02,108.0328,2019-07-08,100.4705,STOP,9,-68.0606,19.8969,-87.9575,-0.090266,-0.101049,0.01014,5,False
high_52w,HDFCBANK,2019-07-01,2019-07-02,578.2707,2019-07-09,552.9713,MOMENTUM_FAIL,1,-25.2994,18.3202,-43.6196,-0.075267,-0.046222,0.00615,6,False
high_52w,BAJAJFINSV,2019-07-01,2019-07-02,851.4977,2019-07-08,791.8929,STOP,1,-59.6048,19.404,-79.0089,-0.092586,-0.127027,0.003626,5,False
high_52w,VOLTAS,2019-07-01,2019-07-02,629.8011,2019-07-08,567.1088,GAP_STOP,1,-62.6923,18.4616,-81.1539,-0.128575,-0.099543,0.0,5,False
high_52w,OBEROIRLTY,2019-07-01,2019-07-02,602.2149,2019-07-05,560.0599,STOP,1,-42.155,18.387,-60.542,-0.100313,-0.074164,0.036839,4,False
high_52w,NESTLEIND,2019-07-01,2019-07-02,539.9804,2019-07-09,532.106,MOMENTUM_FAIL,1,-7.8744,18.194,-26.0684,-0.048171,-0.019393,0.011804,6,False
high_52w,FEDERALBNK,2019-07-01,2019-07-02,102.9491,2019-07-09,100.3636,MOMENTUM_FAIL,9,-23.2694,19.7949,-43.0643,-0.046377,-0.054338,0.008219,6,False
high_52w,SBIN,2019-07-01,2019-07-02,328.2452,2019-07-09,325.8433,MOMENTUM_FAIL,3,-7.2057,20.0733,-27.279,-0.027641,-0.026646,0.031617,6,False
high_52w,CUB,2019-07-01,2019-07-02,155.3321,2019-07-08,144.4588,STOP,6,-65.2395,19.7325,-84.9719,-0.090973,-0.089241,0.000229,5,False
high_52w,SBILIFE,2019-07-01,2019-07-02,731.0829,2019-07-09,749.8539,MOMENTUM_FAIL,1,18.7711,19.0552,-0.2841,-0.000388,-0.000541,0.049324,6,False
high_52w,ICICIBANK,2019-07-01,2019-07-02,420.0195,2019-07-09,409.9735,MOMENTUM_FAIL,2,-20.0921,19.4361,-39.5282,-0.046953,-0.038724,0.005467,6,False
high_52w,KPIL,2019-07-01,2019-07-02,488.8085,2019-07-08,454.5919,STOP,2,-68.4332,19.9186,-88.3518,-0.090177,-0.094805,0.022263,5,False
high_52w,VBL,2019-07-08,2019-07-09,55.6108,2019-07-16,54.7508,MOMENTUM_FAIL,17,-14.62,19.8921,-34.5121,-0.036426,-0.019005,0.011195,6,False
high_52w,NESTLEIND,2019-07-08,2019-07-09,538.15,2019-07-16,533.0894,MOMENTUM_FAIL,1,-5.0606,18.192,-23.2526,-0.043114,-0.029967,0.0,6,False
high_52w,SBILIFE,2019-07-08,2019-07-09,745.9021,2019-07-30,787.7911,TIME,1,41.889,19.1648,22.7242,0.030399,-0.030662,0.070861,16,False
high_52w,PETRONET,2019-07-08,2019-07-09,178.3,2019-07-16,180.7663,MOMENTUM_FAIL,5,12.3316,19.7194,-7.3878,-0.008269,-0.019528,0.034784,6,False
high_52w,HDFCBANK,2019-07-08,2019-07-09,558.7122,2019-07-16,555.7721,MOMENTUM_FAIL,1,-2.9401,18.2831,-21.2233,-0.037903,-0.015642,0.005886,6,False
high_52w,BRIGADE,2019-07-08,2019-07-09,130.8257,2019-07-16,132.4489,MOMENTUM_FAIL,7,11.3628,19.82,-8.4572,-0.009215,-0.036666,0.044259,6,False
high_52w,BHARTIARTL,2019-07-08,2019-07-09,336.0763,2019-07-16,331.1201,MOMENTUM_FAIL,2,-9.9124,18.7479,-28.6604,-0.042547,-0.019242,0.025,6,False
high_52w,ICICIBANK,2019-07-08,2019-07-09,407.5816,2019-07-16,406.2421,MOMENTUM_FAIL,2,-2.679,19.3665,-22.0455,-0.026985,-0.010446,0.016432,6,False
high_52w,CANFINHOME,2019-07-08,2019-07-09,340.8374,2019-07-16,352.1107,MOMENTUM_FAIL,2,22.5465,18.8542,3.6922,0.005405,0.0,0.043454,6,False
high_52w,FEDERALBNK,2019-07-08,2019-07-09,98.6243,2019-07-16,100.7867,MOMENTUM_FAIL,10,21.6241,20.1384,1.4857,0.001503,-0.029552,0.037178,6,False
high_52w,SBIN,2019-07-08,2019-07-09,320.405,2019-07-16,330.2392,MOMENTUM_FAIL,3,29.5026,20.0488,9.4539,0.009814,-0.006224,0.036917,6,False
high_52w,CONCOR,2019-07-08,2019-07-09,498.0908,2019-07-16,501.4478,MOMENTUM_FAIL,2,6.7139,20.15,-13.4361,-0.013458,-0.004827,0.029873,6,False
high_52w,LALPATHLAB,2019-07-08,2019-07-09,530.8965,2019-07-16,506.5479,MOMENTUM_FAIL,1,-24.3486,18.1221,-42.4707,-0.079824,-0.079137,0.0,6,False
high_52w,POWERGRID,2019-07-08,2019-07-09,77.9132,2019-07-16,80.5945,MOMENTUM_FAIL,12,32.1762,19.9433,12.2329,0.013055,0.0,0.039118,6,False
high_52w,KOTAKBANK,2019-07-08,2019-07-09,292.3135,2019-07-16,298.5253,MOMENTUM_FAIL,3,18.6353,19.6708,-1.0355,-0.001178,-0.0069,0.028086,6,False
high_52w,AXISBANK,2019-07-08,2019-07-09,774.6656,2019-07-16,757.3015,MOMENTUM_FAIL,1,-17.3641,19.1656,-36.5297,-0.047053,-0.044316,0.014772,6,False
high_52w,INFY,2019-07-15,2019-07-16,645.3852,2019-07-23,656.2249,MOMENTUM_FAIL,1,10.8396,18.6772,-7.8376,-0.012118,-0.000321,0.034749,6,False
high_52w,SBILIFE,2019-07-15,2019-07-16,773.5647,2019-07-23,766.5997,MOMENTUM_FAIL,1,-6.965,19.1822,-26.1472,-0.033727,-0.065326,0.012899,6,False
high_52w,TORNTPOWER,2019-07-15,2019-07-16,258.3239,2019-07-23,259.544,MOMENTUM_FAIL,3,3.6603,19.2097,-15.5495,-0.020021,-0.018893,0.01873,6,False
high_52w,INTELLECT,2019-07-15,2019-07-16,278.4582,2019-07-18,258.9661,STOP,3,-58.4762,19.3383,-77.8145,-0.092946,-0.105806,0.00035,3,False
high_52w,CANFINHOME,2019-07-15,2019-07-16,351.4975,2019-08-06,364.0913,TIME,2,25.1877,18.9497,6.2381,0.008854,-0.019055,0.121041,16,False
high_52w,VBL,2019-07-15,2019-07-16,55.2778,2019-07-23,54.6957,MOMENTUM_FAIL,18,-10.4766,20.11,-30.5866,-0.030673,-0.067313,0.011,6,False
high_52w,SOBHA,2019-07-15,2019-07-16,536.484,2019-07-23,537.0468,MOMENTUM_FAIL,1,0.5627,18.1964,-17.6337,-0.032797,-0.05201,0.010315,6,False
high_52w,KOTAKBANK,2019-07-15,2019-07-16,299.8276,2019-07-23,297.044,MOMENTUM_FAIL,3,-8.3507,19.711,-28.0617,-0.03113,-0.043667,0.025763,6,False
high_52w,POWERGRID,2019-07-15,2019-07-16,79.0127,2019-07-23,81.1925,MOMENTUM_FAIL,12,26.1575,19.9868,6.1707,0.006494,-0.010742,0.030273,6,False
high_52w,FEDERALBNK,2019-07-15,2019-07-16,101.3978,2019-07-18,94.3,STOP,9,-63.8806,19.6533,-83.5339,-0.091336,-0.071791,0.002898,3,False
high_52w,HDFCLIFE,2019-07-15,2019-07-16,484.2361,2019-07-23,499.1048,MOMENTUM_FAIL,2,29.7373,20.0799,9.6574,0.00995,-0.029084,0.036786,6,False
high_52w,PETRONET,2019-07-15,2019-07-16,178.0824,2019-07-23,174.673,MOMENTUM_FAIL,5,-17.0467,19.655,-36.7017,-0.041129,-0.036253,0.026476,6,False
high_52w,SBIN,2019-07-15,2019-07-16,324.9369,2019-07-23,310.1629,MOMENTUM_FAIL,3,-44.3219,19.9558,-64.2778,-0.065795,-0.048815,0.042678,6,False
high_52w,TIMKEN,2019-07-15,2019-07-16,679.4338,2019-07-22,631.8735,STOP,1,-47.5604,18.702,-66.2624,-0.097313,-0.077305,0.016551,5,False
high_52w,TRENT,2019-07-15,2019-07-16,443.4039,2019-07-23,416.8783,MOMENTUM_FAIL,2,-53.0512,19.5665,-72.6176,-0.081708,-0.069797,0.013137,6,False
high_52w,HDFCBANK,2019-07-15,2019-07-16,562.0011,2019-07-23,526.0916,MOMENTUM_FAIL,1,-35.9095,18.2299,-54.1394,-0.096123,-0.072767,0.004549,6,False
high_52w,NESTLEIND,2019-07-15,2019-07-16,529.5996,2019-07-23,522.258,MOMENTUM_FAIL,1,-7.3416,18.1513,-25.4928,-0.048031,-0.031551,0.010127,6,False
high_52w,TORNTPOWER,2019-07-22,2019-07-23,259.7544,2019-07-30,251.6765,MOMENTUM_FAIL,3,-24.2336,19.1711,-43.4046,-0.055578,-0.042436,0.007127,6,False
high_52w,INFY,2019-07-22,2019-07-23,653.6915,2019-07-30,658.426,MOMENTUM_FAIL,1,4.7345,18.6998,-13.9654,-0.021317,-0.006099,0.016773,6,False
high_52w,MCX,2019-07-22,2019-07-23,160.714,2019-07-26,149.464,STOP,6,-67.4999,19.8642,-87.3641,-0.090402,-0.071331,0.0,4,False
high_52w,BRIGADE,2019-07-22,2019-07-23,132.0613,2019-07-30,128.1559,MOMENTUM_FAIL,7,-27.3381,19.7777,-47.1158,-0.050856,-0.039181,0.04568,6,False
high_52w,POWERGRID,2019-07-22,2019-07-23,78.9742,2019-07-30,80.3438,MOMENTUM_FAIL,12,16.4353,19.965,-3.5297,-0.003716,0.0,0.047386,6,False
high_52w,HDFCLIFE,2019-07-22,2019-07-23,481.8807,2019-08-14,507.3978,TIME,2,51.0341,20.1034,30.9308,0.032024,-0.032383,0.1111,16,False
high_52w,SBILIFE,2019-07-22,2019-07-23,754.7937,2019-08-14,802.3635,TIME,1,47.5698,19.2139,28.3559,0.037486,-0.014987,0.082461,16,False
high_52w,COFORGE,2019-07-22,2019-07-23,246.768,2019-07-26,229.4942,STOP,4,-69.095,19.9572,-89.0522,-0.090022,-0.084345,0.008449,4,False
high_52w,PHOENIXLTD,2019-07-22,2019-07-23,325.3337,2019-08-05,302.5603,STOP,3,-68.3201,19.912,-88.2321,-0.090204,-0.071824,0.060686,10,False
high_52w,PETRONET,2019-07-22,2019-07-23,173.9114,2019-07-30,169.1601,MOMENTUM_FAIL,5,-23.7565,19.5533,-43.3098,-0.049698,-0.042544,0.00292,6,False
high_52w,ADANIPORTS,2019-07-22,2019-07-23,390.83,2019-07-24,363.4719,STOP,2,-54.7162,19.1191,-73.8353,-0.094254,-0.075795,0.0,2,False
high_52w,NMDC,2019-07-22,2019-07-23,18.4379,2019-07-30,17.4,MOMENTUM_FAIL,54,-56.0435,20.0199,-76.0634,-0.076229,-0.059807,0.010554,6,False
high_52w,NESTLEIND,2019-07-22,2019-07-23,514.7115,2019-07-30,525.2537,MOMENTUM_FAIL,1,10.5422,18.1248,-7.5826,-0.0147,-0.000553,0.034104,6,False
high_52w,MUTHOOTFIN,2019-07-22,2019-07-23,552.8517,2019-07-29,514.152,STOP,1,-38.6996,18.1856,-56.8852,-0.10267,-0.077501,0.0,5,False
high_52w,SBIN,2019-07-22,2019-07-23,318.3203,2019-07-30,296.8845,MOMENTUM_FAIL,3,-64.3076,19.8313,-84.1389,-0.087915,-0.072181,0.0,6,False
high_52w,SBILIFE,2019-07-29,2019-07-30,788.3839,2019-08-06,777.714,MOMENTUM_FAIL,1,-10.6699,19.2372,-29.9071,-0.037852,-0.056955,0.007018,6,False
high_52w,INFY,2019-07-29,2019-07-30,657.7615,2019-08-06,643.2673,MOMENTUM_FAIL,1,-14.4942,18.6779,-33.172,-0.050322,-0.037442,0.009976,6,False
high_52w,TORNTPOWER,2019-07-29,2019-07-30,258.1977,2019-08-05,240.1239,STOP,3,-54.2215,19.0903,-73.3118,-0.094439,-0.088969,0.0,5,False
high_52w,POWERGRID,2019-07-29,2019-07-30,80.1702,2019-08-06,76.4278,MOMENTUM_FAIL,12,-44.9079,19.9007,-64.8086,-0.067219,-0.055583,0.040664,6,False
high_52w,ICICIBANK,2019-07-29,2019-07-30,415.2911,2019-08-05,386.2207,STOP,2,-58.1408,19.3187,-77.4595,-0.093056,-0.086028,0.0,5,False
high_52w,NESTLEIND,2019-07-29,2019-07-30,531.5049,2019-08-06,538.9582,MOMENTUM_FAIL,1,7.4533,18.1894,-10.7362,-0.020155,-0.030102,0.027767,6,False
high_52w,KOTAKBANK,2019-07-29,2019-07-30,299.2312,2019-08-06,295.3143,MOMENTUM_FAIL,3,-11.7506,19.6965,-31.4472,-0.034955,-0.035449,0.019734,6,False
high_52w,VBL,2019-07-29,2019-07-30,55.5876,2019-08-05,51.6965,STOP,17,-66.1492,19.7855,-85.9347,-0.090739,-0.0772,0.023519,5,False
high_52w,PHOENIXLTD,2019-07-29,2019-07-30,332.1366,2019-08-05,308.887,STOP,3,-69.7487,19.9953,-89.7439,-0.089871,-0.090835,0.0,5,False
high_52w,BRIGADE,2019-07-29,2019-07-30,131.8893,2019-08-06,132.5481,MOMENTUM_FAIL,7,4.6117,19.8377,-15.226,-0.016456,-0.068455,0.026827,6,False
high_52w,BERGEPAINT,2019-07-29,2019-07-30,268.57,2019-08-22,290.6162,TIME,3,66.1385,19.4667,46.6718,0.0578,-0.020335,0.100478,16,False
high_52w,RITES,2019-07-29,2019-07-30,85.5776,2019-08-06,85.9688,MOMENTUM_FAIL,11,4.3027,19.9136,-15.6109,-0.016547,-0.040969,0.039445,6,False
high_52w,PIDILITIND,2019-07-29,2019-07-30,600.2199,2019-08-22,656.8403,TIME,1,56.6204,18.5797,38.0407,0.06324,-0.046543,0.11254,16,False
high_52w,LALPATHLAB,2019-07-29,2019-07-30,526.6219,2019-08-06,521.4176,MOMENTUM_FAIL,1,-5.2043,18.143,-23.3473,-0.044237,-0.053769,0.0,6,False
high_52w,ICICIPRULI,2019-07-29,2019-07-30,391.9808,2019-08-06,389.9077,MOMENTUM_FAIL,2,-4.1463,19.2318,-23.3781,-0.029755,-0.036519,0.034882,6,False
high_52w,SBILIFE,2019-08-05,2019-08-06,778.6031,2019-08-14,802.3635,MOMENTUM_FAIL,1,23.7604,19.266,4.4944,0.00576,-0.033498,0.049359,6,False
high_52w,PIDILITIND,2019-08-05,2019-08-06,612.6682,2019-08-29,663.0162,TIME,1,50.348,18.6195,31.7285,0.051674,0.0,0.102536,16,False
high_52w,NESTLEIND,2019-08-05,2019-08-06,533.1509,2019-08-29,589.0923,TIME,1,55.9414,18.2951,37.6463,0.070457,0.0,0.11997,16,False
high_52w,INFY,2019-08-05,2019-08-06,646.8805,2019-08-14,643.558,MOMENTUM_FAIL,1,-3.3224,18.6547,-21.9771,-0.0339,-0.023947,0.023048,6,False
high_52w,BHARTIARTL,2019-08-05,2019-08-06,334.2826,2019-08-29,324.2759,TIME,2,-20.0134,18.7122,-38.7256,-0.057797,-0.038407,0.069613,16,False
high_52w,BERGEPAINT,2019-08-05,2019-08-06,270.2165,2019-08-29,297.2823,TIME,3,81.1974,19.5183,61.6791,0.07592,0.0,0.104027,16,False
high_52w,TRENT,2019-08-05,2019-08-06,446.6945,2019-08-14,441.2778,MOMENTUM_FAIL,2,-10.8333,19.6802,-30.5136,-0.03408,-0.043164,0.011125,6,False
high_52w,BRIGADE,2019-08-05,2019-08-06,131.6452,2019-08-14,130.5716,MOMENTUM_FAIL,7,-7.5155,19.8058,-27.3213,-0.029584,-0.035403,0.034291,6,False
high_52w,MARICO,2019-08-05,2019-08-06,336.6558,2019-08-29,349.9779,TIME,2,26.6442,18.8273,7.8169,0.011584,-0.005214,0.074198,16,False
high_52w,TATACONSUM,2019-08-05,2019-08-06,248.137,2019-08-14,252.8724,MOMENTUM_FAIL,4,18.9417,20.1596,-1.2178,-0.001224,-0.003053,0.047138,6,False
high_52w,KOTAKBANK,2019-08-05,2019-08-06,289.1507,2019-08-29,288.4648,TIME,3,-2.0578,19.5886,-21.6464,-0.0249,-0.005638,0.055835,16,False
high_52w,MUTHOOTFIN,2019-08-05,2019-08-06,544.5503,2019-08-29,549.7276,TIME,1,5.1773,18.2399,-13.0626,-0.023935,-0.02885,0.074502,16,False
high_52w,POWERGRID,2019-08-05,2019-08-06,77.3923,2019-08-14,79.1478,MOMENTUM_FAIL,12,21.0652,19.8943,1.1709,0.001258,-0.019192,0.041127,6,False
high_52w,PETRONET,2019-08-05,2019-08-06,171.4451,2019-08-14,177.2119,MOMENTUM_FAIL,5,28.8342,19.6083,9.2259,0.010739,-0.02052,0.042522,6,False
high_52w,BERGEPAINT,2019-08-13,2019-08-14,290.7367,2019-08-22,290.6162,MOMENTUM_FAIL,3,-0.3615,19.6121,-19.9736,-0.02285,-0.012983,0.016574,6,False
high_52w,MARICO,2019-08-13,2019-08-14,354.6588,2019-08-22,352.4984,MOMENTUM_FAIL,2,-4.3208,18.9163,-23.2371,-0.032688,-0.015228,0.01967,6,False
high_52w,PIDILITIND,2019-08-13,2019-08-14,650.8815,2019-08-22,656.8403,MOMENTUM_FAIL,1,5.9588,18.6904,-12.7317,-0.019518,-0.006672,0.025945,6,False
high_52w,KOTAKBANK,2019-08-13,2019-08-14,301.2193,2019-08-22,293.9126,MOMENTUM_FAIL,3,-21.9203,19.701,-41.6213,-0.045958,-0.028119,0.00297,6,False
high_52w,NESTLEIND,2019-08-13,2019-08-14,550.9493,2019-09-06,584.3255,TIME,1,33.3762,18.3243,15.0519,0.02726,0.0,0.088734,16,False
high_52w,TRENT,2019-08-13,2019-08-14,447.241,2019-09-06,457.6766,TIME,2,20.8712,19.7494,1.1218,0.001251,-0.021556,0.087222,16,False
high_52w,HDFCLIFE,2019-08-13,2019-08-14,478.4457,2019-09-06,520.0582,TIME,2,83.2251,20.1399,63.0852,0.065783,0.0,0.168718,16,False
high_52w,INFY,2019-08-13,2019-08-14,643.8072,2019-08-22,660.9178,MOMENTUM_FAIL,1,17.1106,18.6833,-1.5727,-0.002438,-0.016256,0.036963,6,False
high_52w,TATACONSUM,2019-08-13,2019-08-14,250.1259,2019-08-22,245.0116,MOMENTUM_FAIL,3,-15.3428,19.0672,-34.41,-0.045757,-0.028209,0.026127,6,False
high_52w,PETRONET,2019-08-13,2019-08-14,174.3104,2019-08-22,176.4771,MOMENTUM_FAIL,5,10.8339,19.6321,-8.7982,-0.010073,-0.001351,0.039994,6,False
high_52w,BRIGADE,2019-08-13,2019-08-14,129.9127,2019-09-06,145.0538,TIME,7,105.9873,19.9857,86.0017,0.094365,-0.010518,0.160781,16,False
high_52w,VBL,2019-08-13,2019-08-14,55.3183,2019-08-22,55.6919,MOMENTUM_FAIL,18,6.724,20.1481,-13.4241,-0.013452,-0.018137,0.036354,6,False
high_52w,AARTIIND,2019-08-13,2019-08-14,431.1677,2019-08-16,400.986,STOP,2,-60.3635,19.4483,-79.8117,-0.092351,-0.106215,0.0,2,False
high_52w,POWERGRID,2019-08-13,2019-08-14,77.566,2019-09-06,79.4519,TIME,12,22.6306,19.9063,2.7243,0.00292,-0.023504,0.065655,16,False
high_52w,SBILIFE,2019-08-19,2019-08-20,839.7573,2019-08-27,824.197,MOMENTUM_FAIL,1,-15.5602,19.4442,-35.0044,-0.041593,-0.052294,0.008235,6,False
high_52w,MARICO,2019-08-19,2019-08-20,357.6743,2019-08-27,347.3675,MOMENTUM_FAIL,2,-20.6136,18.9086,-39.5221,-0.055128,-0.063672,0.0,6,False
high_52w,PIDILITIND,2019-08-19,2019-08-20,661.0137,2019-08-27,661.9064,MOMENTUM_FAIL,1,0.8926,18.7229,-17.8303,-0.026915,-0.017847,0.021898,6,False
high_52w,TRENT,2019-08-19,2019-08-20,471.9387,2019-08-27,469.2056,MOMENTUM_FAIL,2,-5.4662,19.9043,-25.3706,-0.02682,-0.026745,0.030325,6,False
high_52w,BERGEPAINT,2019-08-19,2019-08-20,290.817,2019-08-27,295.5957,MOMENTUM_FAIL,3,14.3361,19.6431,-5.3069,-0.00607,-0.013256,0.019056,6,False
high_52w,LALPATHLAB,2019-08-19,2019-08-20,561.5558,2019-08-27,555.0162,MOMENTUM_FAIL,1,-6.5397,18.2878,-24.8275,-0.044116,-0.051013,0.025148,6,False
high_52w,NESTLEIND,2019-08-19,2019-08-20,561.1661,2019-09-12,581.6827,TIME,1,20.5166,18.3413,2.1754,0.003868,-0.011887,0.068912,16,False
high_52w,VBL,2019-08-19,2019-08-20,57.2381,2019-08-27,55.8054,MOMENTUM_FAIL,17,-24.3555,19.9891,-44.3446,-0.045473,-0.05107,0.0,6,False
high_52w,BRIGADE,2019-08-19,2019-08-20,134.2074,2019-08-27,135.5983,MOMENTUM_FAIL,7,9.7361,19.9166,-10.1805,-0.010813,-0.042182,0.019818,6,False
high_52w,POWERGRID,2019-08-19,2019-08-20,80.8184,2019-08-27,80.6427,MOMENTUM_FAIL,12,-2.1081,20.0207,-22.1289,-0.022768,-0.037923,0.011594,6,False
high_52w,INFY,2019-08-19,2019-08-20,652.1964,2019-08-27,651.7395,MOMENTUM_FAIL,1,-0.4569,18.6829,-19.1399,-0.029283,-0.005222,0.031521,6,False
high_52w,TATACONSUM,2019-08-19,2019-08-20,254.7193,2019-08-27,252.3042,MOMENTUM_FAIL,3,-7.2454,19.1419,-26.3872,-0.034456,-0.045734,0.018405,6,False
high_52w,JKCEMENT,2019-08-19,2019-08-20,988.1545,2019-09-12,988.4451,TIME,1,0.2906,20.103,-19.8125,-0.020006,-0.046863,0.063775,16,False
high_52w,MCX,2019-08-19,2019-08-20,158.3005,2019-09-11,185.4763,TARGET,6,163.0544,20.2725,142.7819,0.15,-0.0544,0.171806,15,False
high_52w,KOTAKBANK,2019-08-19,2019-08-20,296.3581,2019-08-27,298.5451,MOMENTUM_FAIL,3,6.5611,19.6974,-13.1363,-0.014743,-0.029821,0.021603,6,False
high_52w,PIDILITIND,2019-08-26,2019-08-27,670.6636,2019-09-04,656.5024,MOMENTUM_FAIL,1,-14.1612,18.733,-32.8942,-0.04894,-0.039532,0.0,6,False
high_52w,REDINGTON,2019-08-26,2019-08-27,44.7367,2019-08-27,41.6052,STOP,22,-68.8946,19.9455,-88.84,-0.090069,0.0,0.0,1,False
high_52w,MCX,2019-08-26,2019-08-27,165.8334,2019-09-04,154.2251,STOP,6,-69.65,19.9895,-89.6395,-0.089893,-0.080485,0.08258,6,False
high_52w,BERGEPAINT,2019-08-26,2019-08-27,294.391,2019-09-04,289.0099,MOMENTUM_FAIL,3,-16.1431,19.6263,-35.7694,-0.040413,-0.027418,0.017733,6,False
high_52w,COFORGE,2019-08-26,2019-08-27,256.5868,2019-09-19,251.5718,TIME,3,-15.0451,19.1496,-34.1948,-0.044326,-0.038625,0.10614,16,False
high_52w,INFY,2019-08-26,2019-08-27,657.0139,2019-09-04,682.1815,MOMENTUM_FAIL,1,25.1676,18.7555,6.4121,0.009738,-0.005942,0.03976,6,False
high_52w,PETRONET,2019-08-26,2019-08-27,183.4992,2019-09-19,188.4517,TIME,5,24.7624,19.8545,4.9079,0.005338,0.0,0.090433,16,False
high_52w,KOTAKBANK,2019-08-26,2019-08-27,301.0205,2019-09-03,279.9491,STOP,3,-63.2143,19.6144,-82.8287,-0.09152,-0.071961,0.0,5,False
high_52w,TRENT,2019-08-26,2019-08-27,474.8706,2019-09-04,464.435,MOMENTUM_FAIL,2,-20.8713,19.8977,-40.769,-0.042833,-0.068439,0.017162,6,False
high_52w,TATACONSUM,2019-08-26,2019-08-27,255.7137,2019-09-04,252.8724,MOMENTUM_FAIL,3,-8.5238,19.1519,-27.6757,-0.035998,-0.028333,0.044444,6,False
high_52w,LALPATHLAB,2019-08-26,2019-08-27,563.9253,2019-09-19,590.6761,TIME,1,26.7509,18.3656,8.3853,0.014837,-0.026807,0.142899,16,False
high_52w,NESTLEIND,2019-08-26,2019-08-27,572.2884,2019-09-04,578.155,MOMENTUM_FAIL,1,5.8667,18.3584,-12.4917,-0.02178,0.0,0.048138,6,False
high_52w,NAM-INDIA,2019-08-26,2019-08-27,210.9372,2019-09-17,196.1716,STOP,4,-59.0624,19.3724,-78.4348,-0.092757,-0.134285,0.129789,14,False
high_52w,NAM-INDIA,2019-09-03,2019-09-04,233.3256,2019-09-12,215.9674,MOMENTUM_FAIL,4,-69.4329,19.7294,-89.1624,-0.095326,-0.078636,0.021382,6,False
high_52w,INFY,2019-09-03,2019-09-04,673.4185,2019-09-12,678.1115,MOMENTUM_FAIL,1,4.6929,18.783,-14.0901,-0.020878,0.0,0.044712,6,False
high_52w,ICICIPRULI,2019-09-03,2019-09-04,417.8957,2019-09-26,443.7612,TIME,2,51.7311,19.5644,32.1667,0.038403,-0.028939,0.073234,16,False
high_52w,PETRONET,2019-09-03,2019-09-04,195.3629,2019-09-12,194.8085,MOMENTUM_FAIL,5,-2.7719,20.0489,-22.8208,-0.023311,-0.010405,0.021378,6,False
high_52w,NESTLEIND,2019-09-03,2019-09-04,588.2999,2019-09-12,581.6827,MOMENTUM_FAIL,1,-6.6173,18.4006,-25.0179,-0.042433,-0.017299,0.015768,6,False
high_52w,BERGEPAINT,2019-09-03,2019-09-04,290.0138,2019-09-12,294.5516,MOMENTUM_FAIL,3,13.6132,19.6314,-6.0182,-0.006902,-0.005539,0.031016,6,False
high_52w,CANFINHOME,2019-09-03,2019-09-04,385.8359,2019-09-12,370.5533,MOMENTUM_FAIL,2,-30.5651,19.1261,-49.6912,-0.064254,-0.054034,0.0,6,False
high_52w,PIDILITIND,2019-09-03,2019-09-04,652.3047,2019-09-12,661.7134,MOMENTUM_FAIL,1,9.4087,18.7035,-9.2948,-0.014218,0.0,0.027146,6,False
high_52w,TATACONSUM,2019-09-03,2019-09-04,257.5605,2019-09-12,248.4211,MOMENTUM_FAIL,3,-27.4183,19.1368,-46.555,-0.06012,-0.054238,0.0,6,False
high_52w,MARICO,2019-09-03,2019-09-04,347.5476,2019-09-12,347.2325,MOMENTUM_FAIL,2,-0.6301,18.8637,-19.4938,-0.027984,-0.015152,0.011396,6,False
high_52w,BRIGADE,2019-09-03,2019-09-04,144.2119,2019-09-12,143.9191,MOMENTUM_FAIL,6,-1.7569,19.58,-21.3369,-0.024605,-0.047969,0.040609,6,False
high_52w,PHOENIXLTD,2019-09-03,2019-09-04,334.2564,2019-09-12,343.1298,MOMENTUM_FAIL,2,17.7468,18.7889,-1.0421,-0.001555,-0.047858,0.03864,6,False
high_52w,LALPATHLAB,2019-09-09,2019-09-11,613.6835,2019-10-03,658.6313,TIME,1,44.9479,18.6128,26.3351,0.04282,-0.05946,0.138224,16,False
high_52w,CREDITACC,2019-09-09,2019-09-11,605.201,2019-09-18,612.394,MOMENTUM_FAIL,1,7.193,18.5001,-11.3071,-0.018642,-0.036066,0.016393,6,False
high_52w,MCX,2019-09-09,2019-09-11,177.855,2019-09-18,172.6024,MOMENTUM_FAIL,5,-26.2629,19.6314,-45.8944,-0.051496,-0.034622,0.030331,6,False
high_52w,ICICIPRULI,2019-09-09,2019-09-11,439.368,2019-09-13,408.6123,STOP,2,-61.5115,19.5152,-81.0267,-0.092007,-0.076396,0.0,3,False
high_52w,NAM-INDIA,2019-09-09,2019-09-11,227.5945,2019-09-16,211.6629,STOP,4,-63.7265,19.6443,-83.3707,-0.091378,-0.101268,0.0,4,False
high_52w,NESTLEIND,2019-09-09,2019-09-11,594.7484,2019-09-18,596.1403,MOMENTUM_FAIL,1,1.3919,18.4441,-17.0522,-0.028609,-0.02566,0.003972,6,False
high_52w,PETRONET,2019-09-09,2019-09-11,196.6196,2019-09-18,194.6607,MOMENTUM_FAIL,5,-9.7941,20.0611,-29.8553,-0.030302,-0.022369,0.017669,6,False
high_52w,BERGEPAINT,2019-09-09,2019-09-11,295.5555,2019-09-18,295.676,MOMENTUM_FAIL,3,0.3614,19.6746,-19.3133,-0.021734,-0.027174,0.011685,6,False
high_52w,PIDILITIND,2019-09-09,2019-09-11,665.3563,2019-09-18,631.9437,MOMENTUM_FAIL,1,-33.4127,18.6714,-52.0841,-0.078109,-0.063089,0.006998,6,False
high_52w,INFY,2019-09-09,2019-09-11,683.012,2019-09-18,689.2832,MOMENTUM_FAIL,1,6.2712,18.8268,-12.5556,-0.018343,-0.013924,0.019032,6,False
high_52w,VOLTAS,2019-09-09,2019-09-11,622.9426,2019-09-18,609.1317,MOMENTUM_FAIL,1,-13.8109,18.5322,-32.3431,-0.051807,-0.039535,0.0,6,False
high_52w,PHOENIXLTD,2019-09-09,2019-09-11,342.7107,2019-10-03,344.3634,TIME,2,3.3054,18.8309,-15.5255,-0.022602,-0.0193,0.108533,16,False
high_52w,ASTRAL,2019-09-16,2019-09-17,626.5955,2019-09-20,582.7338,STOP,1,-43.8617,18.4865,-62.3481,-0.099286,-0.156649,0.123714,4,False
high_52w,PETRONET,2019-09-16,2019-09-17,198.0978,2019-09-20,184.231,STOP,5,-69.3342,19.9711,-89.3054,-0.089966,-0.070149,0.014925,4,False
high_52w,NESTLEIND,2019-09-16,2019-09-17,591.0934,2019-10-10,640.1873,TIME,1,49.0938,18.5258,30.568,0.051601,-0.017951,0.10846,16,False
high_52w,PHOENIXLTD,2019-09-16,2019-09-17,354.8331,2019-10-10,345.502,TIME,2,-18.6623,18.8885,-37.5509,-0.052798,-0.052804,0.070661,16,False
high_52w,BERGEPAINT,2019-09-16,2019-09-17,292.5437,2019-09-23,343.1696,TARGET,3,151.8775,19.945,131.9325,0.15,-0.005353,0.201647,5,False
high_52w,INFY,2019-09-16,2019-09-17,690.6538,2019-09-23,642.308,STOP,1,-48.3458,18.7478,-67.0936,-0.096933,-0.107757,0.004209,5,False
high_52w,PIDILITIND,2019-09-16,2019-09-17,654.4519,2019-10-10,655.634,TIME,1,1.1821,18.6958,-17.5137,-0.026703,-0.050428,0.101076,16,False
high_52w,VOLTAS,2019-09-16,2019-09-17,612.3187,2019-10-10,650.806,TIME,1,38.4872,18.5939,19.8934,0.032418,-0.023659,0.111988,16,False
high_52w,CANFINHOME,2019-09-16,2019-09-17,380.1757,2019-09-20,353.5634,STOP,2,-53.2246,19.0322,-72.2568,-0.094823,-0.077916,0.0,4,False
high_52w,IGL,2019-09-16,2019-09-17,147.8208,2019-10-10,163.554,TIME,6,94.3988,19.8672,74.5316,0.08385,-0.052993,0.118376,16,False
high_52w,MCX,2019-09-16,2019-09-17,178.7237,2019-10-10,188.2884,TIME,5,47.8234,19.8006,28.0228,0.03129,-0.06824,0.07555,16,False
high_52w,TIMKEN,2019-09-16,2019-09-17,685.5884,2019-10-10,730.6373,TIME,1,45.049,18.9166,26.1324,0.038034,-0.034976,0.118275,16,False
high_52w,BERGEPAINT,2019-09-23,2019-09-24,345.3502,2019-10-01,348.121,MOMENTUM_FAIL,2,5.5416,18.8577,-13.3161,-0.019237,-0.02093,0.034419,6,False
high_52w,BAJFINANCE,2019-09-23,2019-09-24,390.9668,2019-10-01,387.8002,MOMENTUM_FAIL,2,-6.3332,19.2188,-25.552,-0.032607,-0.03354,0.021553,6,False
high_52w,SIEMENS,2019-09-23,2019-09-24,815.6709,2019-10-17,915.8941,TIME,1,100.2232,19.5782,80.6449,0.098654,-0.014498,0.129689,16,False
high_52w,PIDILITIND,2019-09-23,2019-09-24,720.2155,2019-10-01,694.4264,MOMENTUM_FAIL,1,-25.7891,18.9186,-44.7077,-0.06194,-0.054666,0.0,6,False
high_52w,CREDITACC,2019-09-23,2019-09-24,674.6503,2019-10-01,664.8778,MOMENTUM_FAIL,1,-9.7725,18.7588,-28.5313,-0.042198,-0.069118,0.004118,6,False
high_52w,TRENT,2019-09-23,2019-09-24,511.8425,2019-09-30,476.0135,STOP,1,-35.829,18.0183,-53.8472,-0.104973,-0.075728,0.027185,5,False
high_52w,LALPATHLAB,2019-09-23,2019-09-24,672.9192,2019-10-01,632.9232,MOMENTUM_FAIL,1,-39.996,18.6899,-58.686,-0.087021,-0.076761,0.0,6,False
high_52w,KOTAKBANK,2019-09-23,2019-09-24,324.7404,2019-10-01,327.7028,MOMENTUM_FAIL,3,8.8873,20.0617,-11.1744,-0.011445,-0.032327,0.031011,6,False
high_52w,IGL,2019-09-23,2019-09-24,157.552,2019-10-01,154.5289,MOMENTUM_FAIL,6,-18.1385,19.8846,-38.0231,-0.040135,-0.040476,0.011064,6,False
high_52w,CONCOR,2019-09-23,2019-09-24,539.2974,2019-10-17,551.865,TIME,1,12.5676,18.2327,-5.6652,-0.010482,-0.048997,0.137004,16,False
high_52w,BRIGADE,2019-09-30,2019-10-01,160.3168,2019-10-01,149.0946,STOP,6,-67.3331,19.8545,-87.1875,-0.090443,0.0,0.0,1,False
high_52w,HDFCLIFE,2019-09-30,2019-10-01,592.9783,2019-10-10,572.9572,MOMENTUM_FAIL,1,-20.0211,18.3931,-38.4142,-0.06464,-0.053211,0.0,6,False
high_52w,ELGIEQUIP,2019-09-30,2019-10-01,147.6946,2019-10-03,137.356,STOP,6,-62.0317,19.5455,-81.5772,-0.091855,-0.095082,0.0,2,False
high_52w,ICICIPRULI,2019-09-30,2019-10-01,460.6429,2019-10-10,440.8489,MOMENTUM_FAIL,2,-39.5881,19.7395,-59.3276,-0.064256,-0.053901,0.015859,6,False
high_52w,SIEMENS,2019-09-30,2019-10-01,857.386,2019-10-25,914.7934,TIME,1,57.4074,19.6672,37.7403,0.043922,-0.01692,0.130719,16,False
high_52w,BAJAJFINSV,2019-09-30,2019-10-01,853.9677,2019-10-10,817.1876,MOMENTUM_FAIL,1,-36.7801,19.4609,-56.241,-0.065715,-0.046202,0.0,6,False
high_52w,BAJFINANCE,2019-09-30,2019-10-01,396.3092,2019-10-10,383.5749,MOMENTUM_FAIL,2,-25.4686,19.2249,-44.6936,-0.056264,-0.06386,0.0,6,False
high_52w,KEI,2019-09-30,2019-10-01,536.0294,2019-10-01,498.5073,STOP,1,-37.5221,18.117,-55.639,-0.103572,0.0,0.0,1,False
high_52w,UNITDSPR,2019-09-30,2019-10-01,648.2175,2019-10-03,602.8423,STOP,1,-45.3752,18.5747,-63.9499,-0.09844,-0.073977,0.0,2,False
high_52w,NESTLEIND,2019-09-30,2019-10-01,643.3907,2019-10-10,640.1873,MOMENTUM_FAIL,1,-3.2034,18.6402,-21.8436,-0.033877,-0.039823,0.001512,6,False
high_52w,BERGEPAINT,2019-09-30,2019-10-01,349.8477,2019-10-25,395.2252,TIME,2,90.7549,19.0692,71.6857,0.102229,-0.030877,0.161616,16,False
high_52w,SBILIFE,2019-09-30,2019-10-01,835.8055,2019-10-10,817.2321,MOMENTUM_FAIL,1,-18.5734,19.4213,-37.9948,-0.04536,-0.047636,0.002364,6,False
high_52w,KOTAKBANK,2019-09-30,2019-10-01,325.8339,2019-10-10,315.0973,MOMENTUM_FAIL,3,-32.2096,19.9919,-52.2015,-0.053286,-0.055559,0.003326,6,False
high_52w,MARICO,2019-09-30,2019-10-01,354.6588,2019-10-10,346.1073,MOMENTUM_FAIL,2,-17.1029,18.8902,-35.9931,-0.050633,-0.048223,0.0,6,False
high_52w,DIXON,2019-09-30,2019-10-01,578.5704,2019-10-25,593.8662,TIME,1,15.2958,18.4041,-3.1084,-0.005361,-0.020654,0.112565,16,False
high_52w,MANAPPURAM,2019-09-30,2019-10-01,124.6463,2019-10-10,122.4805,MOMENTUM_FAIL,8,-17.3266,20.1052,-37.4318,-0.037456,-0.064894,0.0,6,False
high_52w,ADANIGREEN,2019-10-07,2019-10-09,68.3,2019-10-14,80.0175,TARGET,14,164.0451,20.3015,143.7436,0.15,0.0,0.189605,4,False
high_52w,DIXON,2019-10-07,2019-10-09,587.5427,2019-10-31,601.4643,TIME,1,13.9216,18.4392,-4.5176,-0.007672,-0.016593,0.095575,16,False
high_52w,CREDITACC,2019-10-07,2019-10-09,671.5747,2019-10-11,624.5645,STOP,1,-47.0102,18.67,-65.6802,-0.097587,-0.08177,0.0,3,False
high_52w,BERGEPAINT,2019-10-07,2019-10-09,350.5706,2019-10-31,412.8432,TARGET,2,124.5452,19.1441,105.4011,0.15,0.0,0.222795,16,False
high_52w,CUB,2019-10-07,2019-10-09,158.5826,2019-10-16,152.6523,MOMENTUM_FAIL,6,-35.5819,19.8752,-55.4571,-0.058157,-0.042577,0.009236,6,False
high_52w,SIEMENS,2019-10-07,2019-10-09,858.7971,2019-10-31,934.8324,TIME,1,76.0353,19.7111,56.3243,0.065442,0.0,0.128862,16,False
high_52w,BLUESTARCO,2019-10-07,2019-10-09,389.1303,2019-10-16,382.7944,MOMENTUM_FAIL,2,-12.6719,19.1904,-31.8623,-0.040851,-0.051714,0.006159,6,False
high_52w,NESTLEIND,2019-10-07,2019-10-09,632.0877,2019-10-31,692.4012,TIME,1,60.3135,18.7218,41.5917,0.065657,0.0,0.110069,16,False
high_52w,NAM-INDIA,2019-10-07,2019-10-09,230.5631,2019-10-15,214.4237,STOP,4,-64.5577,19.6927,-84.2504,-0.091154,-0.07171,0.0,5,False
high_52w,SBILIFE,2019-10-07,2019-10-09,816.0466,2019-10-22,958.3867,TARGET,1,142.3401,19.6656,122.6746,0.15,-0.024576,0.207627,9,False
high_52w,MUTHOOTFIN,2019-10-07,2019-10-09,598.0637,2019-10-16,574.4981,MOMENTUM_FAIL,1,-23.5656,18.4073,-41.9729,-0.070028,-0.057388,0.024477,6,False
high_52w,NAUKRI,2019-10-07,2019-10-09,450.0692,2019-10-16,440.2551,MOMENTUM_FAIL,2,-19.6282,19.6908,-39.319,-0.043586,-0.038458,0.042768,6,False
high_52w,ICICIPRULI,2019-10-07,2019-10-09,450.0795,2019-10-16,459.9025,MOMENTUM_FAIL,2,19.6459,19.7709,-0.125,-0.000139,-0.044308,0.031257,6,False
high_52w,CGCL,2019-10-07,2019-10-09,202.6006,2019-10-16,185.678,MOMENTUM_FAIL,4,-67.6906,19.2141,-86.9046,-0.107002,-0.097254,0.0,6,False
high_52w,INDHOTEL,2019-10-07,2019-10-09,148.0377,2019-10-16,141.0333,MOMENTUM_FAIL,6,-42.0261,19.5949,-61.6211,-0.069224,-0.064578,0.0,6,False
high_52w,BHARTIARTL,2019-10-14,2019-10-15,368.1735,2019-10-23,340.1828,MOMENTUM_FAIL,2,-55.9813,18.9252,-74.9065,-0.101505,-0.089744,0.016667,6,False
high_52w,NESTLEIND,2019-10-14,2019-10-15,655.5784,2019-11-06,678.6268,TIME,1,23.0483,18.7451,4.3033,0.00655,-0.005095,0.070293,16,False
high_52w,ADANIGREEN,2019-10-14,2019-10-15,79.8,2019-11-04,93.4885,TARGET,12,164.2619,20.3079,143.954,0.15,-0.006266,0.201128,14,False
high_52w,IGL,2019-10-14,2019-10-15,166.3343,2019-10-23,161.237,MOMENTUM_FAIL,5,-25.4863,19.3898,-44.8761,-0.053841,-0.033961,0.012205,6,False
high_52w,SIEMENS,2019-10-14,2019-10-15,891.1418,2019-11-06,949.8756,TIME,1,58.7339,19.8124,38.9215,0.043581,0.0,0.087889,16,False
high_52w,BERGEPAINT,2019-10-14,2019-10-15,385.5072,2019-11-06,398.0763,TIME,2,25.1383,19.2368,5.9015,0.007638,-0.025417,0.111979,16,False
high_52w,DABUR,2019-10-14,2019-10-15,425.2664,2019-10-23,437.4606,MOMENTUM_FAIL,2,24.3884,19.571,4.8174,0.005652,-0.018753,0.046664,6,False
high_52w,BLUESTARCO,2019-10-14,2019-10-15,385.3809,2019-11-06,376.8617,TIME,2,-17.0384,19.1498,-36.1883,-0.046849,-0.045443,0.086761,16,False
high_52w,RELIANCE,2019-10-14,2019-10-15,606.7134,2019-11-06,638.9526,TIME,1,32.2393,18.5575,13.6818,0.022501,0.0,0.093321,16,False
high_52w,MCX,2019-10-14,2019-10-15,186.2355,2019-10-23,218.2695,TARGET,5,160.17,20.188,139.982,0.15,0.0,0.202525,6,False
high_52w,SBILIFE,2019-10-14,2019-10-15,819.0104,2019-10-22,961.8096,TARGET,1,142.7991,19.679,123.1201,0.15,0.0,0.203257,5,False
high_52w,SCI,2019-10-22,2019-10-23,48.5884,2019-10-30,57.3389,TARGET,20,175.0103,20.3896,154.6207,0.158766,-0.020853,0.21327,6,False
high_52w,SBILIFE,2019-10-22,2019-10-23,982.0221,2019-10-30,987.7522,MOMENTUM_FAIL,1,5.7301,20.0882,-14.3581,-0.014589,-0.039587,0.036217,6,False
high_52w,NAM-INDIA,2019-10-22,2019-10-23,257.5281,2019-10-31,302.7312,TARGET,3,135.6093,19.4683,116.141,0.15,-0.026577,0.194364,7,False
high_52w,BLUESTARCO,2019-10-22,2019-10-23,414.7354,2019-10-30,402.4906,MOMENTUM_FAIL,2,-24.4896,19.3825,-43.8721,-0.052776,-0.065629,0.001316,6,False
high_52w,MANAPPURAM,2019-10-22,2019-10-23,139.8956,2019-11-14,144.0505,TIME,7,29.0843,20.1241,8.9601,0.00913,-0.006319,0.098262,16,False
high_52w,SIEMENS,2019-10-22,2019-10-23,945.5009,2019-10-30,932.1228,MOMENTUM_FAIL,1,-13.3781,19.8951,-33.2732,-0.035114,-0.049254,0.003552,6,False
high_52w,MCX,2019-10-22,2019-10-23,209.0227,2019-11-14,214.7149,TIME,4,22.7685,19.5067,3.2618,0.003893,-0.029464,0.089286,16,False
high_52w,DABUR,2019-10-22,2019-10-23,439.5471,2019-10-30,426.8892,MOMENTUM_FAIL,2,-25.3158,19.5904,-44.9062,-0.050971,-0.035971,0.010549,6,False
high_52w,NESTLEIND,2019-10-22,2019-10-23,699.0718,2019-10-30,693.3648,MOMENTUM_FAIL,1,-5.707,18.8702,-24.5771,-0.03508,-0.041723,0.0,6,False
high_52w,ICICIPRULI,2019-10-22,2019-10-23,474.9578,2019-11-14,519.5025,TIME,2,89.0895,20.1224,68.9671,0.072445,-0.014758,0.11856,16,False
high_52w,LALPATHLAB,2019-10-22,2019-10-23,710.3562,2019-11-14,752.627,TIME,1,42.2708,19.0155,23.2553,0.032666,-0.056037,0.110741,16,False
high_52w,ADANIENT,2019-10-29,2019-10-30,192.428,2019-11-21,203.4677,TIME,5,55.1986,20.105,35.0937,0.036395,-0.001544,0.092102,16,False
high_52w,ICICIPRULI,2019-10-29,2019-10-30,498.3552,2019-11-06,514.2126,MOMENTUM_FAIL,2,31.7148,20.2031,11.5117,0.011524,0.0,0.037176,6,False
high_52w,KEI,2019-10-29,2019-10-30,570.4104,2019-11-06,516.9452,MOMENTUM_FAIL,1,-53.4653,18.2297,-71.6949,-0.125416,-0.099595,0.034922,6,False
high_52w,KPRMILL,2019-10-29,2019-10-30,130.3626,2019-11-06,126.7966,MOMENTUM_FAIL,7,-24.9614,19.7323,-44.6937,-0.048871,-0.048184,0.0,6,False
high_52w,RELIANCE,2019-10-29,2019-10-30,659.0356,2019-11-06,638.9526,MOMENTUM_FAIL,1,-20.0829,18.6719,-38.7548,-0.058677,-0.034798,0.00652,6,False
high_52w,JUBLFOOD,2019-10-29,2019-10-30,308.8825,2019-11-06,306.4724,MOMENTUM_FAIL,3,-7.2303,19.828,-27.0583,-0.029137,-0.013503,0.022834,6,False
high_52w,MUTHOOTFIN,2019-10-29,2019-10-30,625.3781,2019-11-06,616.0502,MOMENTUM_FAIL,1,-9.328,18.5516,-27.8796,-0.044483,-0.031402,0.025764,6,False
high_52w,ICICIBANK,2019-10-29,2019-10-30,459.4098,2019-11-06,461.0402,MOMENTUM_FAIL,2,3.2609,19.8163,-16.5554,-0.017979,-0.038622,0.01023,6,False
high_52w,TIMKEN,2019-10-29,2019-10-30,777.094,2019-11-21,777.1409,TIME,1,0.047,19.2113,-19.1644,-0.024608,-0.007246,0.111111,16,False
high_52w,IGL,2019-10-29,2019-10-30,169.3353,2019-11-06,172.6231,MOMENTUM_FAIL,5,16.4392,19.5385,-3.0993,-0.003653,0.0,0.031014,6,False
high_52w,GRANULES,2019-10-29,2019-10-30,125.6995,2019-11-01,116.9005,STOP,7,-61.5928,19.5199,-81.1127,-0.091983,-0.075343,0.013588,3,False
high_52w,VOLTAS,2019-10-29,2019-10-30,695.3777,2019-11-06,650.0817,MOMENTUM_FAIL,1,-45.2961,18.774,-64.07,-0.091936,-0.069305,0.0,6,False
high_52w,COCHINSHIP,2019-10-29,2019-10-30,162.26,2019-11-21,171.5239,TIME,6,55.5832,20.154,35.4293,0.036312,-0.017802,0.084031,16,False
high_52w,LALPATHLAB,2019-10-29,2019-10-30,766.2749,2019-11-01,712.6356,STOP,1,-53.6392,19.0563,-72.6956,-0.094662,-0.105659,0.0,3,False
high_52w,ADANIPOWER,2019-11-04,2019-11-05,14.32,2019-11-13,12.67,MOMENTUM_FAIL,69,-113.85,19.8703,-133.7203,-0.135038,-0.131285,0.007682,6,False
high_52w,CUPID,2019-11-04,2019-11-05,1.8824,2019-11-11,2.2041,TARGET,530,170.4713,20.4898,149.9814,0.15,-0.020343,0.176471,5,False
high_52w,TIINDIA,2019-11-04,2019-11-05,431.6647,2019-11-13,438.0069,MOMENTUM_FAIL,2,12.6844,19.6012,-6.9168,-0.007994,-0.01287,0.04533,6,False
high_52w,BAJAJFINSV,2019-11-04,2019-11-05,876.7841,2019-11-13,894.5538,MOMENTUM_FAIL,1,17.7698,19.6684,-1.8986,-0.002161,-0.008972,0.025795,6,False
high_52w,COFORGE,2019-11-04,2019-11-05,293.0674,2019-11-13,274.2272,MOMENTUM_FAIL,3,-56.5206,19.5273,-76.0479,-0.086308,-0.066904,0.006088,6,False
high_52w,CANFINHOME,2019-11-04,2019-11-05,406.5899,2019-11-08,378.1286,STOP,2,-56.9226,19.2477,-76.1703,-0.093465,-0.070185,0.0,4,False
high_52w,ADANIGREEN,2019-11-04,2019-11-05,93.2,2019-11-08,86.676,STOP,10,-65.24,19.7325,-84.9725,-0.090973,-0.103004,0.0,4,False
high_52w,ADANIENT,2019-11-04,2019-11-05,198.0221,2019-11-27,211.4381,TIME,5,67.0799,20.2473,46.8326,0.047197,-0.02975,0.0885,16,False
high_52w,IGL,2019-11-04,2019-11-05,173.8809,2019-11-27,179.927,TIME,5,30.2304,19.6626,10.5678,0.012129,-0.024239,0.113452,16,False
high_52w,ADANIENSOL,2019-11-04,2019-11-05,286.7,2019-11-13,266.631,STOP,3,-60.207,19.4391,-79.6461,-0.092399,-0.07534,0.063481,6,False
high_52w,MANAPPURAM,2019-11-04,2019-11-05,150.2829,2019-11-13,144.0947,MOMENTUM_FAIL,6,-37.1289,19.6618,-56.7907,-0.062845,-0.049118,0.01647,6,False
high_52w,NH,2019-11-04,2019-11-05,274.1108,2019-11-27,292.6345,TIME,3,55.571,19.5154,36.0556,0.04375,-0.047448,0.139108,16,False
high_52w,MUTHOOTFIN,2019-11-04,2019-11-05,630.5554,2019-11-13,580.3002,MOMENTUM_FAIL,1,-50.2552,18.4902,-68.7454,-0.108786,-0.083381,0.0,6,False
high_52w,FORTIS,2019-11-04,2019-11-05,148.903,2019-11-15,138.4798,STOP,6,-62.5392,19.5751,-82.1143,-0.09171,-0.14,0.073333,8,False
high_52w,SIEMENS,2019-11-04,2019-11-05,948.0411,2019-11-13,922.6679,MOMENTUM_FAIL,1,-25.3732,19.8814,-45.2546,-0.047631,-0.033045,0.017535,6,False
high_52w,CHOLAFIN,2019-11-04,2019-11-05,310.696,2019-11-06,288.9473,STOP,3,-65.2462,19.7328,-84.979,-0.090972,-0.071045,0.0,2,False
high_52w,BEL,2019-11-04,2019-11-05,34.1622,2019-11-13,32.3252,MOMENTUM_FAIL,29,-53.2731,20.0047,-73.2778,-0.073804,-0.070252,0.0,6,False
high_52w,FORTIS,2019-11-11,2019-11-13,157.4401,2019-11-15,146.4192,STOP,6,-66.1248,19.7841,-85.9089,-0.090745,-0.186633,0.015132,3,False
high_52w,ICICIBANK,2019-11-11,2019-11-13,476.4818,2019-11-20,474.7554,MOMENTUM_FAIL,2,-3.4527,19.9468,-23.3995,-0.024501,-0.026268,0.025966,6,False
high_52w,JUBLFOOD,2019-11-11,2019-11-13,319.3688,2019-11-20,312.9944,MOMENTUM_FAIL,3,-19.1233,19.9366,-39.0599,-0.040679,-0.029631,0.006006,6,False
high_52w,AUBANK,2019-11-11,2019-11-13,357.8611,2019-11-14,421.2628,TARGET,2,126.8033,19.2103,107.593,0.15,0.0,0.17875,2,False
high_52w,IGL,2019-11-11,2019-11-13,188.4445,2019-11-20,186.1938,MOMENTUM_FAIL,5,-11.2538,19.8856,-31.1394,-0.032977,-0.032787,0.009368,6,False
high_52w,NH,2019-11-11,2019-11-13,287.1167,2019-12-04,293.8169,TIME,3,20.1004,19.6079,0.4924,0.00057,-0.039121,0.060398,16,False
high_52w,ICICIPRULI,2019-11-11,2019-11-13,525.9789,2019-11-20,497.6505,MOMENTUM_FAIL,1,-28.3284,18.0932,-46.4216,-0.088065,-0.057148,0.000188,6,False
high_52w,BAJAJFINSV,2019-11-11,2019-11-13,885.5518,2019-11-20,904.6069,MOMENTUM_FAIL,1,19.0551,19.708,-0.6529,-0.000736,0.0,0.033866,6,False
high_52w,ADANIENT,2019-11-11,2019-11-13,206.9331,2019-11-13,192.4478,STOP,4,-57.9413,19.3071,-77.2484,-0.093122,0.0,0.0,1,False
high_52w,PFOCUS,2019-11-11,2019-11-13,84.45,2019-11-15,78.5385,STOP,11,-65.0265,19.72,-84.7465,-0.091029,-0.204855,0.043221,3,False
high_52w,IPCALAB,2019-11-11,2019-11-13,512.2473,2019-12-04,552.4326,TIME,1,40.1852,18.1748,22.0105,0.042875,0.0,0.130637,16,False
high_52w,DLF,2019-11-11,2019-11-13,198.3646,2019-11-20,200.1577,MOMENTUM_FAIL,5,8.9652,20.1362,-11.1709,-0.011238,-0.036632,0.040438,6,False
high_52w,HDFCBANK,2019-11-11,2019-11-13,587.9203,2019-11-20,593.2314,MOMENTUM_FAIL,1,5.3111,18.4233,-13.1122,-0.022254,-0.003764,0.018265,6,False
high_52w,COFORGE,2019-11-11,2019-11-13,290.8302,2019-11-20,278.9604,MOMENTUM_FAIL,3,-35.6094,19.5415,-55.1509,-0.063073,-0.06815,0.0,6,False
high_52w,CREDITACC,2019-11-11,2019-11-13,704.4143,2019-11-19,829.4664,TARGET,1,125.0521,19.159,105.8931,0.15,-0.001056,0.18,5,False
high_52w,DEEPAKNTR,2019-11-11,2019-11-13,357.6194,2019-11-20,337.7517,MOMENTUM_FAIL,2,-39.7355,18.8692,-58.6046,-0.081758,-0.059892,0.0,6,False
high_52w,SCI,2019-11-11,2019-11-13,56.9244,2019-11-14,52.9397,STOP,17,-67.7401,19.8782,-87.6183,-0.090344,-0.076861,0.0,2,False
high_52w,NAUKRI,2019-11-18,2019-11-19,531.3897,2019-11-20,494.1925,STOP,1,-37.1973,18.098,-55.2953,-0.103831,-0.071601,0.0,2,False
high_52w,CREDITACC,2019-11-18,2019-11-19,791.722,2019-11-25,736.3015,STOP,1,-55.4205,19.1602,-74.5807,-0.093995,-0.083835,0.021303,5,False
high_52w,IPCALAB,2019-11-18,2019-11-19,568.7358,2019-11-26,544.3663,MOMENTUM_FAIL,1,-24.3695,18.2818,-42.6513,-0.07483,-0.083041,0.0,6,False
high_52w,DLF,2019-11-18,2019-11-19,205.0649,2019-11-26,207.66,MOMENTUM_FAIL,4,10.3807,19.4146,-9.034,-0.01099,-0.038196,0.042798,6,False
high_52w,CHOLAFIN,2019-11-18,2019-11-19,322.2723,2019-11-26,305.0059,MOMENTUM_FAIL,3,-51.7991,19.9069,-71.706,-0.074005,-0.059361,0.0,6,False
high_52w,BAJAJFINSV,2019-11-18,2019-11-19,903.6853,2019-11-26,908.7966,MOMENTUM_FAIL,1,5.1113,19.7562,-14.6448,-0.01617,-0.009813,0.016538,6,False
high_52w,MUTHOOTFIN,2019-11-18,2019-11-19,638.9015,2019-11-26,608.552,MOMENTUM_FAIL,1,-30.3495,18.5659,-48.9155,-0.076395,-0.053161,0.0,6,False
high_52w,DIXON,2019-11-18,2019-11-19,669.1501,2019-11-20,622.3096,STOP,1,-46.8405,18.6601,-65.5006,-0.097673,-0.096256,0.01137,2,False
high_52w,RITES,2019-11-18,2019-11-19,108.9822,2019-11-28,101.3534,STOP,9,-68.6588,19.9317,-88.5905,-0.090124,-0.084247,0.052675,8,False
high_52w,SRF,2019-11-18,2019-11-19,628.4177,2019-11-26,609.5632,MOMENTUM_FAIL,1,-18.8546,18.5451,-37.3996,-0.059384,-0.039714,0.01706,6,False
high_52w,VOLTAS,2019-11-18,2019-11-19,687.8928,2019-11-26,676.8827,MOMENTUM_FAIL,1,-11.0101,18.8122,-29.8223,-0.043258,-0.032081,0.010249,6,False
high_52w,MGL,2019-11-18,2019-11-19,857.5065,2019-11-26,855.4233,MOMENTUM_FAIL,1,-2.0833,19.5465,-21.6298,-0.025169,-0.019242,0.025705,6,False
high_52w,HDFCBANK,2019-11-18,2019-11-19,589.481,2019-11-26,594.0234,MOMENTUM_FAIL,1,4.5424,18.4283,-13.8859,-0.023505,-0.002608,0.01715,6,False
high_52w,RELIANCE,2019-11-18,2019-11-19,653.2466,2019-12-10,695.5272,TIME,1,42.2806,18.7744,23.5062,0.035905,0.0,0.100511,16,False
high_52w,ICICIBANK,2019-11-18,2019-11-19,477.5848,2019-11-26,489.8133,MOMENTUM_FAIL,2,24.4571,20.013,4.4441,0.004643,-0.013455,0.039361,6,False
high_52w,ADANIGREEN,2019-11-25,2019-11-26,114.5,2019-11-29,136.0,TARGET,8,172.0,20.148,151.852,0.165416,0.0,0.21179,4,False
high_52w,REDINGTON,2019-11-25,2019-11-26,51.3081,2019-11-26,47.7165,STOP,19,-68.2398,19.9073,-88.1471,-0.090224,0.0,0.0,1,False
high_52w,ADANIENT,2019-11-25,2019-11-26,212.6263,2019-12-03,205.7945,MOMENTUM_FAIL,4,-27.327,19.4656,-46.7926,-0.054897,-0.052154,0.031432,6,False
high_52w,PHOENIXLTD,2019-11-25,2019-11-26,380.5249,2019-12-03,369.6591,MOMENTUM_FAIL,2,-21.7316,19.0992,-40.8309,-0.053534,-0.045661,0.009497,6,False
high_52w,DLF,2019-11-25,2019-11-26,209.7362,2019-12-03,206.5748,MOMENTUM_FAIL,4,-12.6456,19.4467,-32.0922,-0.03817,-0.03892,0.008774,6,False
high_52w,BAJAJFINSV,2019-11-25,2019-11-26,913.6488,2019-12-03,905.6531,MOMENTUM_FAIL,1,-7.9957,19.7716,-27.7672,-0.030325,-0.029444,0.012514,6,False
high_52w,BHARTIARTL,2019-11-25,2019-11-26,420.0954,2019-12-17,415.328,TIME,2,-9.5348,19.4583,-28.993,-0.034432,-0.061573,0.091236,16,False
high_52w,RELIANCE,2019-11-25,2019-11-26,698.2659,2019-12-03,703.0751,MOMENTUM_FAIL,1,4.8093,18.8882,-14.0789,-0.020119,-0.012914,0.029558,6,False
high_52w,DRREDDY,2019-11-25,2019-11-26,558.811,2019-12-03,546.9661,MOMENTUM_FAIL,1,-11.845,18.2654,-30.1104,-0.053765,-0.023491,0.024553,6,False
high_52w,HDFCBANK,2019-11-25,2019-11-26,595.6073,2019-12-03,584.8688,MOMENTUM_FAIL,1,-10.7386,18.4231,-29.1616,-0.048854,-0.020689,0.00571,6,False
high_52w,JUBLFOOD,2019-11-25,2019-11-26,316.3587,2019-12-03,310.5253,MOMENTUM_FAIL,3,-17.5002,19.9018,-37.402,-0.039323,-0.022388,0.024005,6,False
high_52w,MFSL,2019-11-25,2019-11-26,511.45,2019-12-03,526.85,MOMENTUM_FAIL,1,15.4,18.1209,-2.721,-0.005308,-0.031968,0.034901,6,False
high_52w,TIINDIA,2019-11-25,2019-11-26,460.1801,2019-12-17,470.4063,TIME,2,20.4524,19.8578,0.5946,0.000645,-0.052244,0.087607,16,False
high_52w,GRANULES,2019-11-25,2019-11-26,127.8957,2019-12-02,118.943,STOP,7,-62.6689,19.5826,-82.2515,-0.091673,-0.091603,0.037404,5,False
high_52w,MGL,2019-11-25,2019-11-26,868.2567,2019-12-03,855.7567,MOMENTUM_FAIL,1,-12.5001,19.5707,-32.0708,-0.036856,-0.0179,0.021211,6,False
high_52w,ICICIBANK,2019-11-25,2019-11-26,481.2773,2019-12-03,488.5186,MOMENTUM_FAIL,2,14.4825,20.0238,-5.5413,-0.005744,0.0,0.03627,6,False
high_52w,ADANIENSOL,2019-12-02,2019-12-03,333.0,2019-12-10,336.7,MOMENTUM_FAIL,2,7.4,18.7572,-11.3572,-0.017016,-0.069069,0.035135,6,False
high_52w,TIINDIA,2019-12-02,2019-12-03,488.9905,2019-12-10,474.5853,MOMENTUM_FAIL,2,-28.8104,20.0008,-48.8112,-0.049801,-0.062236,0.005429,6,False
high_52w,CUB,2019-12-02,2019-12-03,163.9056,2019-12-10,163.1197,MOMENTUM_FAIL,6,-4.7156,20.0729,-24.7885,-0.025151,-0.018309,0.03313,6,False
high_52w,GODFRYPHLP,2019-12-02,2019-12-03,400.1233,2019-12-10,377.0027,MOMENTUM_FAIL,2,-46.2412,19.2148,-65.4561,-0.081616,-0.064468,0.032946,6,False
high_52w,BHARTIARTL,2019-12-02,2019-12-03,436.8991,2019-12-10,421.9835,MOMENTUM_FAIL,2,-29.8314,19.5588,-49.3902,-0.0564,-0.045592,0.004322,6,False
high_52w,RELIANCE,2019-12-02,2019-12-03,709.2425,2019-12-10,695.5272,MOMENTUM_FAIL,1,-13.7153,18.8968,-32.6121,-0.045881,-0.037043,0.0,6,False
high_52w,TRIDENT,2019-12-02,2019-12-03,6.3127,2019-12-09,5.8709,STOP,158,-69.819,19.9994,-89.8183,-0.089855,-0.075314,0.009763,5,False
high_52w,SRF,2019-12-02,2019-12-03,630.7512,2019-12-10,632.4014,MOMENTUM_FAIL,1,1.6502,18.5967,-16.9465,-0.026809,-0.017353,0.017276,6,False
high_52w,HDFCBANK,2019-12-02,2019-12-03,590.832,2019-12-10,582.1201,MOMENTUM_FAIL,1,-8.7119,18.407,-27.1189,-0.045799,-0.02681,0.0,6,False
high_52w,ICICIBANK,2019-12-02,2019-12-03,488.9022,2019-12-24,518.97,TIME,2,60.1357,20.1812,39.9545,0.040772,-0.000883,0.077979,16,False
high_52w,TATACONSUM,2019-12-02,2019-12-03,299.4691,2019-12-10,296.2964,MOMENTUM_FAIL,3,-9.5183,19.7041,-29.2224,-0.032456,-0.015338,0.018185,6,False
high_52w,AUBANK,2019-12-02,2019-12-03,417.0076,2019-12-10,396.5051,MOMENTUM_FAIL,2,-41.005,19.3681,-60.3731,-0.072231,-0.085519,0.0,6,False
high_52w,MGL,2019-12-02,2019-12-03,857.5066,2019-12-10,854.3815,MOMENTUM_FAIL,1,-3.1251,19.5444,-22.6695,-0.026379,-0.015695,0.018319,6,False
high_52w,PERSISTENT,2019-12-02,2019-12-03,318.9005,2019-12-10,315.9974,MOMENTUM_FAIL,3,-8.7094,19.9519,-28.6613,-0.029893,-0.022832,0.02342,6,False
high_52w,TORNTPHARM,2019-12-02,2019-12-03,860.8251,2019-12-10,834.7083,MOMENTUM_FAIL,1,-26.1168,19.5116,-45.6284,-0.05289,-0.031694,0.020217,6,False
high_52w,COROMANDEL,2019-12-09,2019-12-10,475.4811,2019-12-17,473.4358,MOMENTUM_FAIL,2,-4.0906,19.9371,-24.0276,-0.025212,-0.020237,0.016717,6,False
high_52w,SRF,2019-12-09,2019-12-10,633.2996,2019-12-17,632.7725,MOMENTUM_FAIL,1,-0.5272,18.603,-19.1302,-0.030141,-0.005489,0.03082,6,False
high_52w,KOTAKBANK,2019-12-09,2019-12-10,331.043,2019-12-17,340.6463,MOMENTUM_FAIL,3,28.8098,20.1821,8.6277,0.008668,-0.003544,0.039039,6,False
high_52w,ICICIBANK,2019-12-09,2019-12-10,504.5355,2019-12-17,519.018,MOMENTUM_FAIL,1,14.4825,18.0899,-3.6073,-0.007134,0.0,0.032221,6,False
high_52w,MGL,2019-12-09,2019-12-10,865.84,2019-12-17,893.1318,MOMENTUM_FAIL,1,27.2918,19.6415,7.6503,0.008816,-0.015207,0.041578,6,False
high_52w,DIXON,2019-12-09,2019-12-10,701.9225,2019-12-17,706.7222,MOMENTUM_FAIL,1,4.7997,18.9036,-14.1039,-0.020049,-0.040958,0.033439,6,False
high_52w,RELIANCE,2019-12-09,2019-12-10,700.0247,2019-12-17,695.8613,MOMENTUM_FAIL,1,-4.1634,18.8773,-23.0407,-0.032842,-0.013644,0.013899,6,False
high_52w,PERSISTENT,2019-12-09,2019-12-10,316.7232,2019-12-17,315.2014,MOMENTUM_FAIL,3,-4.5653,19.9327,-24.4981,-0.025727,-0.016854,0.005248,6,False
high_52w,DRREDDY,2019-12-09,2019-12-10,556.6105,2019-12-17,540.9478,MOMENTUM_FAIL,1,-15.6627,18.2484,-33.911,-0.060791,-0.046669,0.003455,6,False
high_52w,ADANIENSOL,2019-12-09,2019-12-10,334.0,2020-01-01,333.9,TIME,2,-0.2,18.7502,-18.9502,-0.028307,-0.03997,0.050749,16,False
high_52w,TATACONSUM,2019-12-09,2019-12-10,299.2797,2019-12-17,307.9456,MOMENTUM_FAIL,3,25.9977,19.774,6.2237,0.006917,-0.021044,0.044462,6,False
high_52w,MFSL,2019-12-09,2019-12-10,520.0,2019-12-17,510.1,MOMENTUM_FAIL,1,-9.9,18.1055,-28.0055,-0.053739,-0.041635,0.0,6,False
high_52w,TRIDENT,2019-12-16,2019-12-17,7.3076,2019-12-17,6.7961,STOP,136,-69.5688,19.9848,-89.5535,-0.089912,0.0,0.0,1,False
high_52w,BAJAJFINSV,2019-12-16,2019-12-17,924.7879,2019-12-24,926.0881,MOMENTUM_FAIL,1,1.3002,19.8375,-18.5373,-0.020001,-0.003178,0.014997,6,False
high_52w,DLF,2019-12-16,2019-12-17,217.4745,2019-12-24,215.7758,MOMENTUM_FAIL,4,-6.7946,19.5893,-26.3839,-0.030264,-0.027121,0.011065,6,False
high_52w,NAVINFLUOR,2019-12-16,2019-12-17,926.035,2020-01-08,1065.033,TIME,1,138.998,20.1232,118.8748,0.12809,-0.00496,0.165031,16,False
high_52w,ICICIBANK,2019-12-16,2019-12-17,518.8262,2019-12-24,518.97,MOMENTUM_FAIL,1,0.1439,18.121,-17.9772,-0.034574,-0.013402,0.015805,6,False
high_52w,DIXON,2019-12-16,2019-12-17,711.303,2020-01-07,837.4219,TARGET,1,126.119,19.1902,106.9287,0.15,-0.006006,0.208165,15,False
high_52w,APLAPOLLO,2019-12-16,2019-12-17,162.619,2019-12-24,165.5717,MOMENTUM_FAIL,6,17.7162,20.086,-2.3698,-0.002423,-0.045317,0.038882,6,False
high_52w,KOTAKBANK,2019-12-16,2019-12-17,341.1931,2019-12-24,340.2983,MOMENTUM_FAIL,2,-1.7894,18.8077,-20.5971,-0.030118,-0.016754,0.010926,6,False
high_52w,BALRAMCHIN,2019-12-16,2019-12-17,162.0011,2019-12-24,165.5736,MOMENTUM_FAIL,6,21.435,20.0779,1.3572,0.001393,0.0,0.046163,6,False
high_52w,MANAPPURAM,2019-12-16,2019-12-17,153.1851,2019-12-24,153.0521,MOMENTUM_FAIL,6,-0.7981,19.8093,-20.6074,-0.022372,-0.017082,0.026636,6,False
high_52w,PHOENIXLTD,2019-12-16,2019-12-17,386.1187,2019-12-24,386.589,MOMENTUM_FAIL,2,0.9406,19.1927,-18.2521,-0.023584,-0.036987,0.013397,6,False
high_52w,BBOX,2019-12-16,2019-12-17,25.4295,2019-12-30,29.777,TARGET,39,169.5508,20.4629,149.0879,0.15,-0.004702,0.208072,9,False
high_52w,MGL,2019-12-16,2019-12-17,866.7566,2019-12-24,874.2567,MOMENTUM_FAIL,1,7.5001,19.6051,-12.105,-0.013935,0.0,0.047015,6,False
high_52w,SRF,2019-12-16,2019-12-17,638.4747,2019-12-24,650.1817,MOMENTUM_FAIL,1,11.707,18.6498,-6.9428,-0.01085,-0.020034,0.038676,6,False
high_52w,HDFCBANK,2019-12-16,2019-12-17,587.0117,2019-12-24,600.5923,MOMENTUM_FAIL,1,13.5806,18.4363,-4.8557,-0.008254,0.0,0.036111,6,False
high_52w,NAVINFLUOR,2019-12-23,2019-12-24,972.2047,2020-01-15,1023.2114,TIME,1,51.0067,20.1389,30.8678,0.031681,-0.03171,0.13071,16,False
high_52w,MUTHOOTFIN,2019-12-23,2019-12-24,664.9218,2020-01-01,678.9362,MOMENTUM_FAIL,1,14.0144,18.7661,-4.7518,-0.007131,-0.004833,0.035642,6,False
high_52w,SRF,2019-12-23,2019-12-24,653.5991,2020-01-01,671.6824,MOMENTUM_FAIL,1,18.0832,18.7266,-0.6434,-0.000982,-0.007723,0.032716,6,False
high_52w,DIXON,2019-12-23,2019-12-24,745.8879,2020-01-15,824.0197,TIME,1,78.1318,19.2386,58.8932,0.078785,-0.006155,0.152145,16,False
high_52w,HDFCBANK,2019-12-23,2019-12-24,604.9949,2020-01-01,595.6772,MOMENTUM_FAIL,1,-9.3176,18.4656,-27.7832,-0.045823,-0.026143,0.0,6,False
high_52w,APLAPOLLO,2019-12-23,2019-12-24,166.4069,2020-01-15,190.1021,TIME,5,118.4762,19.6845,98.7917,0.118476,-0.002096,0.167193,16,False
high_52w,BBOX,2019-12-23,2019-12-24,26.2466,2019-12-31,30.7314,TARGET,38,170.4211,20.4884,149.9328,0.15,-0.001139,0.176917,5,False
high_52w,NMDC,2019-12-23,2019-12-24,20.0514,2020-01-15,21.2595,TIME,49,59.1975,20.1992,38.9983,0.039606,-0.044885,0.064699,16,False
high_52w,IGL,2019-12-23,2019-12-24,190.6732,2020-01-01,187.6722,MOMENTUM_FAIL,5,-15.0049,19.925,-34.9299,-0.036559,-0.037033,0.009837,6,False
high_52w,BAJAJFINSV,2019-12-23,2019-12-24,925.6099,2020-01-01,934.4175,MOMENTUM_FAIL,1,8.8076,19.8563,-11.0486,-0.011911,-5e-06,0.020662,6,False
high_52w,BALRAMCHIN,2019-12-23,2019-12-24,166.7168,2020-01-15,179.8636,TIME,5,65.7341,19.5836,46.1504,0.055243,-0.018572,0.114286,16,False
high_52w,ICICIBANK,2019-12-23,2019-12-24,519.8332,2020-01-01,514.7979,MOMENTUM_FAIL,1,-5.0353,18.1147,-23.1501,-0.044436,-0.011624,0.018819,6,False
high_52w,KOTAKBANK,2019-12-23,2019-12-24,338.9861,2020-01-01,332.8425,MOMENTUM_FAIL,2,-12.2872,18.7677,-31.0549,-0.045706,-0.020294,0.005895,6,False
high_52w,TIINDIA,2019-12-23,2019-12-24,492.6287,2020-01-01,482.3533,MOMENTUM_FAIL,2,-20.5508,20.0484,-40.5992,-0.041117,-0.041717,0.0,6,False
high_52w,AVANTIFEED,2019-12-23,2019-12-24,536.6633,2020-01-01,558.2603,MOMENTUM_FAIL,1,21.597,18.24,3.357,0.006242,-0.032452,0.048891,6,False
high_52w,BBOX,2019-12-30,2019-12-31,30.2922,2020-01-01,28.1718,STOP,32,-67.8546,19.8849,-87.7394,-0.090316,-0.077632,0.0,2,False
high_52w,APLAPOLLO,2019-12-30,2019-12-31,180.6053,2020-01-21,196.0074,TIME,5,77.0106,19.8998,57.1108,0.063106,-0.047795,0.100133,16,False
high_52w,MANAPPURAM,2019-12-30,2019-12-31,159.6159,2020-01-07,154.826,MOMENTUM_FAIL,6,-28.739,19.9153,-48.6543,-0.050693,-0.049458,0.002223,6,False
high_52w,MUTHOOTFIN,2019-12-30,2019-12-31,683.7563,2020-01-07,669.4742,MOMENTUM_FAIL,1,-14.2821,18.788,-33.0702,-0.04826,-0.027415,0.016906,6,False
high_52w,NMDC,2019-12-30,2019-12-31,20.7081,2020-01-07,20.7649,MOMENTUM_FAIL,48,2.7243,20.1326,-17.4083,-0.017475,-0.027017,0.030932,6,False
high_52w,DLF,2019-12-30,2019-12-31,218.9372,2020-01-07,212.8032,MOMENTUM_FAIL,4,-24.5361,19.5778,-44.1139,-0.050263,-0.051078,0.010345,6,False
high_52w,BAJAJFINSV,2019-12-30,2019-12-31,938.7966,2020-01-07,906.241,MOMENTUM_FAIL,1,-32.5557,19.8277,-52.3834,-0.055677,-0.042495,0.01152,6,False
high_52w,MFSL,2019-12-30,2019-12-31,540.15,2020-01-09,502.3395,STOP,1,-37.8105,18.1338,-55.9443,-0.103346,-0.132186,0.05193,8,False
high_52w,COROMANDEL,2019-12-30,2019-12-31,488.2641,2020-01-07,496.1198,MOMENTUM_FAIL,2,15.7115,20.0853,-4.3738,-0.004469,0.0,0.034177,6,False
high_52w,BAJFINANCE,2019-12-30,2019-12-31,412.5306,2020-01-07,389.2815,MOMENTUM_FAIL,2,-46.4982,19.3191,-65.8173,-0.079599,-0.061973,0.011479,6,False
high_52w,BALRAMCHIN,2019-12-30,2019-12-31,174.1476,2020-01-21,174.8145,TIME,5,3.3343,19.6134,-16.2792,-0.018655,-0.02489,0.06674,16,False
high_52w,CUB,2019-12-30,2019-12-31,167.7639,2020-01-07,162.8339,MOMENTUM_FAIL,5,-24.6502,19.4217,-44.0719,-0.052426,-0.037479,0.002555,6,False
high_52w,SRF,2019-12-30,2019-12-31,666.7906,2020-01-07,667.4155,MOMENTUM_FAIL,1,0.6249,18.7468,-18.1219,-0.027118,-0.008918,0.017968,6,False
high_52w,ICICIBANK,2019-12-30,2019-12-31,521.5595,2020-01-07,501.5144,MOMENTUM_FAIL,1,-20.0451,18.0914,-38.1366,-0.072961,-0.040732,0.0,6,False
high_52w,JUBLFOOD,2019-12-30,2019-12-31,320.0968,2020-01-07,333.2095,MOMENTUM_FAIL,3,39.3382,20.0649,19.2733,0.020026,0.0,0.046404,6,False
high_52w,TIMKEN,2019-12-30,2019-12-31,860.6223,2020-01-07,846.216,MOMENTUM_FAIL,1,-14.4063,19.5346,-33.9409,-0.039352,-0.031025,0.015703,6,False
high_52w,COFORGE,2020-01-06,2020-01-07,306.7306,2020-01-23,359.5535,TARGET,3,158.4687,20.1381,138.3305,0.15,-0.008439,0.24141,13,False
high_52w,NH,2020-01-06,2020-01-07,337.9584,2020-01-28,354.7084,TIME,2,33.5002,18.8522,14.6479,0.021624,-0.031778,0.083236,16,False
high_52w,JUBLFOOD,2020-01-06,2020-01-07,332.0979,2020-01-14,338.492,MOMENTUM_FAIL,3,19.1822,20.1759,-0.9937,-0.000995,-0.006191,0.038478,6,False
high_52w,PHOENIXLTD,2020-01-06,2020-01-07,425.7206,2020-01-14,424.1613,MOMENTUM_FAIL,2,-3.1187,19.5188,-22.6375,-0.026529,-0.01936,0.031105,6,False
high_52w,HCLTECH,2020-01-06,2020-01-07,453.9787,2020-01-14,463.5731,MOMENTUM_FAIL,2,19.1887,19.8029,-0.6141,-0.000675,-0.007903,0.02646,6,False
high_52w,NMDC,2020-01-06,2020-01-07,21.0811,2020-01-08,19.6054,STOP,47,-69.3569,19.9724,-89.3293,-0.089961,-0.091539,0.0,2,False
high_52w,IEX,2020-01-06,2020-01-07,50.6981,2020-01-08,47.1194,GAP_STOP,19,-67.9952,19.8589,-87.854,-0.091006,-0.075,0.012941,2,False
high_52w,SRF,2020-01-06,2020-01-07,666.9858,2020-01-14,691.5912,MOMENTUM_FAIL,1,24.6054,18.7964,5.809,0.00869,-0.010101,0.043024,6,False
high_52w,MUTHOOTFIN,2020-01-06,2020-01-07,681.971,2020-01-14,682.2834,MOMENTUM_FAIL,1,0.3124,18.8102,-18.4978,-0.027065,-0.031414,0.004647,6,False
high_52w,DIXON,2020-01-06,2020-01-07,804.6212,2020-01-28,881.1498,TIME,1,76.5286,19.4833,57.0453,0.070742,0.0,0.113366,16,False
high_52w,MFSL,2020-01-06,2020-01-07,554.0,2020-01-09,515.22,STOP,1,-38.78,18.1903,-56.9703,-0.10261,-0.153881,0.025632,3,False
high_52w,COROMANDEL,2020-01-06,2020-01-07,495.0042,2020-01-28,579.6447,TARGET,2,169.2809,20.455,148.8259,0.15,-0.015682,0.171941,16,False
high_52w,BRIGADE,2020-01-06,2020-01-07,158.1207,2020-01-28,168.4059,TIME,6,61.7111,20.0616,41.6495,0.043805,-0.003935,0.10162,16,False
high_52w,EIDPARRY,2020-01-06,2020-01-07,218.8712,2020-01-14,221.155,MOMENTUM_FAIL,4,9.1354,19.6453,-10.5099,-0.011978,-0.023913,0.03913,6,False
high_52w,DLF,2020-01-13,2020-01-14,237.9054,2020-01-21,242.6239,MOMENTUM_FAIL,4,18.8739,19.9866,-1.1127,-0.001167,0.0,0.047204,6,False
high_52w,TATACONSUM,2020-01-13,2020-01-14,341.4252,2020-02-04,359.7986,TIME,2,36.747,18.8881,17.8589,0.026096,0.0,0.108044,16,False
high_52w,REDINGTON,2020-01-13,2020-01-14,54.509,2020-01-14,50.6934,STOP,18,-68.6813,19.9331,-88.6144,-0.090119,0.0,0.0,1,False
high_52w,TATACHEM,2020-01-13,2020-01-14,276.592,2020-02-04,287.4721,TIME,3,32.6403,19.5002,13.1402,0.015801,0.0,0.089195,16,False
high_52w,TIMKEN,2020-01-13,2020-01-14,899.1016,2020-01-21,867.5673,MOMENTUM_FAIL,1,-31.5343,19.6622,-51.1965,-0.056818,-0.060543,0.0,6,False
high_52w,SRF,2020-01-13,2020-01-14,687.627,2020-01-21,704.89,MOMENTUM_FAIL,1,17.263,18.8686,-1.6056,-0.00233,-0.000341,0.037998,6,False
high_52w,COROMANDEL,2020-01-13,2020-01-14,504.4404,2020-02-04,576.1647,TIME,1,71.7243,18.206,53.5182,0.105863,0.0,0.183192,16,False
high_52w,WELCORP,2020-01-13,2020-01-14,148.5527,2020-02-04,161.3745,TIME,6,76.9312,19.8502,57.0811,0.063902,-0.047951,0.104039,16,False
high_52w,COFORGE,2020-01-13,2020-01-14,328.0854,2020-01-21,333.1051,MOMENTUM_FAIL,3,15.0591,20.1166,-5.0576,-0.005127,-0.004903,0.025585,6,False
high_52w,POLYMED,2020-01-13,2020-01-14,231.611,2020-01-29,271.4702,TARGET,4,159.4369,20.1665,139.2704,0.15,-0.004025,0.323305,12,False
high_52w,JUBLFOOD,2020-01-13,2020-01-14,340.7545,2020-01-21,347.0993,MOMENTUM_FAIL,2,12.6897,18.8335,-6.1438,-0.008995,-0.01097,0.03265,6,False
high_52w,BRIGADE,2020-01-13,2020-01-14,169.8699,2020-01-21,165.6241,MOMENTUM_FAIL,5,-21.2292,19.4731,-40.7023,-0.047817,-0.034691,0.025425,6,False
high_52w,BAJAJFINSV,2020-01-13,2020-01-14,941.1479,2020-01-21,949.9457,MOMENTUM_FAIL,1,8.7978,19.9219,-11.1241,-0.011794,0.0,0.033702,6,False
high_52w,MOTILALOFS,2020-01-13,2020-01-14,861.4535,2020-01-21,827.6037,MOMENTUM_FAIL,1,-33.8498,19.4985,-53.3483,-0.061793,-0.05398,0.0,6,False
high_52w,NHPC,2020-01-20,2020-01-21,19.8931,2020-01-23,18.5006,STOP,50,-69.626,19.9881,-89.6141,-0.089899,-0.072761,0.08209,3,False
high_52w,PRESTIGE,2020-01-20,2020-01-21,407.9512,2020-01-21,379.3947,STOP,2,-57.1132,19.2588,-76.372,-0.0934,0.0,0.0,1,False
high_52w,NMDC,2020-01-20,2020-01-21,22.3784,2020-01-23,20.8119,STOP,44,-68.9255,19.9473,-88.8728,-0.090061,-0.07971,0.012319,3,False
high_52w,AJANTPHARM,2020-01-20,2020-01-21,746.5653,2020-01-28,721.7417,MOMENTUM_FAIL,1,-24.8236,19.0318,-43.8553,-0.058615,-0.04123,0.0,6,False
high_52w,POLYMED,2020-01-20,2020-01-21,257.1274,2020-01-28,255.41,MOMENTUM_FAIL,3,-5.1523,19.1766,-24.329,-0.031471,-0.007634,0.030534,6,False
high_52w,COCHINSHIP,2020-01-20,2020-01-21,181.053,2020-01-23,168.3793,STOP,5,-63.3685,19.6234,-82.9919,-0.091477,-0.100686,0.0,3,False
high_52w,BHARTIARTL,2020-01-20,2020-01-21,481.4577,2020-01-28,463.757,MOMENTUM_FAIL,2,-35.4014,19.9238,-55.3252,-0.057331,-0.046863,0.034019,6,False
high_52w,COROMANDEL,2020-01-20,2020-01-21,551.1564,2020-02-11,565.3806,TIME,1,14.2242,18.2862,-4.062,-0.007354,-0.005651,0.082905,16,False
high_52w,NH,2020-01-20,2020-01-21,357.5658,2020-01-28,354.7084,MOMENTUM_FAIL,2,-5.7148,18.938,-24.6527,-0.034398,-0.062414,0.011298,6,False
high_52w,SJVN,2020-01-20,2020-01-21,19.6271,2020-01-23,18.2532,STOP,50,-68.6948,19.9338,-88.6286,-0.090116,-0.086876,0.0,3,False
high_52w,GRANULES,2020-01-20,2020-01-21,144.2,2020-02-11,159.3974,TIME,6,91.1849,19.7689,71.4159,0.082363,-0.062791,0.134553,16,False
high_52w,DRREDDY,2020-01-20,2020-01-21,584.7017,2020-02-11,610.6593,TIME,1,25.9576,18.4517,7.5059,0.012809,-0.018998,0.072671,16,False
high_52w,BERGEPAINT,2020-01-20,2020-01-21,453.4528,2020-01-28,450.3607,MOMENTUM_FAIL,2,-6.1841,19.7468,-25.9309,-0.02853,-0.047999,0.008679,6,False
high_52w,TRENT,2020-01-20,2020-01-21,595.576,2020-01-28,584.3453,MOMENTUM_FAIL,1,-11.2307,18.4219,-29.6526,-0.04968,-0.052149,0.009595,6,False
high_52w,TORNTPHARM,2020-01-20,2020-01-21,926.2085,2020-01-28,876.5363,MOMENTUM_FAIL,1,-49.6722,19.7397,-69.4119,-0.074778,-0.061432,0.018271,6,False
high_52w,JUBLFOOD,2020-01-20,2020-01-21,346.0566,2020-01-28,345.1418,MOMENTUM_FAIL,2,-1.8296,18.8487,-20.6783,-0.029812,-0.00921,0.040394,6,False
high_52w,DRREDDY,2020-01-27,2020-01-28,610.4297,2020-02-04,620.3515,MOMENTUM_FAIL,1,9.9218,18.5277,-8.6059,-0.014067,-0.028464,0.027461,6,False
high_52w,FACT,2020-01-27,2020-01-28,52.5765,2020-01-29,48.8961,STOP,18,-66.2464,19.7911,-86.0375,-0.090714,-0.078673,0.0,2,False
high_52w,IGL,2020-01-27,2020-01-28,222.8014,2020-02-04,226.7071,MOMENTUM_FAIL,4,15.6228,19.7249,-4.1021,-0.004593,-0.005051,0.032683,6,False
high_52w,LALPATHLAB,2020-01-27,2020-01-28,846.6002,2020-02-04,811.8563,MOMENTUM_FAIL,1,-34.7439,19.434,-54.1779,-0.063855,-0.052079,0.02809,6,False
high_52w,TORNTPOWER,2020-01-27,2020-01-28,273.4699,2020-02-03,254.327,STOP,3,-57.4287,19.2772,-76.7059,-0.093293,-0.077692,0.012308,5,False
high_52w,LAURUSLABS,2020-01-27,2020-01-28,82.146,2020-02-18,83.7227,TIME,12,18.9208,20.1308,-1.21,-0.001225,-0.023104,0.089929,16,False
high_52w,JUBLFOOD,2020-01-27,2020-01-28,357.084,2020-02-18,360.5073,TIME,2,6.8466,18.9595,-12.1129,-0.016924,-0.053333,0.087521,16,False
high_52w,DIXON,2020-01-27,2020-01-28,865.615,2020-02-18,896.9435,TIME,1,31.3285,19.6488,11.6797,0.013464,-0.056658,0.126258,16,False
high_52w,TIMKEN,2020-01-27,2020-01-28,938.5193,2020-02-04,931.1989,MOMENTUM_FAIL,1,-7.3204,19.8779,-27.1983,-0.028917,-0.06,0.01025,6,False
high_52w,CREDITACC,2020-01-27,2020-01-28,840.4357,2020-02-03,742.661,GAP_STOP,1,-97.7747,19.2796,-117.0543,-0.138974,-0.119348,0.041672,5,False
high_52w,APLAPOLLO,2020-01-27,2020-01-28,203.3376,2020-02-03,189.1039,STOP,4,-56.9345,19.2484,-76.1829,-0.093461,-0.082729,0.004156,5,False
high_52w,JUBLFOOD,2020-02-03,2020-02-04,384.4309,2020-02-11,359.1595,MOMENTUM_FAIL,2,-50.5427,19.0736,-69.6163,-0.090347,-0.068577,0.00458,6,False
high_52w,NESTLEIND,2020-02-03,2020-02-04,762.6568,2020-02-11,743.9229,MOMENTUM_FAIL,1,-18.7339,19.1121,-37.846,-0.049516,-0.027439,0.009113,6,False
high_52w,ESCORTS,2020-02-03,2020-02-04,808.1915,2020-02-11,826.9599,MOMENTUM_FAIL,1,18.7684,19.3808,-0.6124,-0.000756,-0.008982,0.042959,6,False
high_52w,PIDILITIND,2020-02-03,2020-02-04,757.5122,2020-02-11,763.9534,MOMENTUM_FAIL,1,6.4412,19.1417,-12.7005,-0.01673,-0.029618,0.018471,6,False
high_52w,DIXON,2020-02-03,2020-02-04,959.9688,2020-02-11,919.9668,MOMENTUM_FAIL,1,-40.002,19.902,-59.904,-0.062266,-0.063268,0.0,6,False
high_52w,DEEPAKNTR,2020-02-03,2020-02-04,407.0465,2020-02-11,400.5531,MOMENTUM_FAIL,2,-12.9867,19.341,-32.3277,-0.039624,-0.063809,0.0,6,False
high_52w,BERGEPAINT,2020-02-03,2020-02-04,462.6889,2020-02-11,468.07,MOMENTUM_FAIL,2,10.7621,19.8593,-9.0972,-0.009809,-0.02083,0.036278,6,False
high_52w,DABUR,2020-02-03,2020-02-04,463.3467,2020-02-11,473.2982,MOMENTUM_FAIL,2,19.9028,19.8834,0.0194,2.1e-05,0.0,0.039743,6,False
high_52w,COROMANDEL,2020-02-03,2020-02-04,588.8547,2020-02-11,565.3806,MOMENTUM_FAIL,1,-23.4742,18.3686,-41.8428,-0.070903,-0.046416,0.0,6,False
high_52w,SRF,2020-02-03,2020-02-04,751.8261,2020-02-26,806.9323,TIME,1,55.1062,19.2168,35.8894,0.047632,-0.019468,0.108396,16,False
high_52w,SWANCORP,2020-02-10,2020-02-11,149.4147,2020-02-12,138.9557,STOP,6,-62.7542,19.5876,-82.3418,-0.091649,-0.076051,0.0,2,False
high_52w,TATAINVEST,2020-02-10,2020-02-11,89.9894,2020-02-17,83.6902,STOP,11,-69.2919,19.9686,-89.2605,-0.089976,-0.085877,0.0,5,False
high_52w,TRENT,2020-02-10,2020-02-11,696.2052,2020-03-04,679.4586,TIME,1,-16.7465,18.8356,-35.5821,-0.050997,-0.038544,0.148751,16,False
high_52w,AARTIIND,2020-02-10,2020-02-11,500.6037,2020-02-13,465.5614,STOP,1,-35.0423,17.9724,-53.0147,-0.10567,-0.094305,0.0,3,False
high_52w,NAM-INDIA,2020-02-10,2020-02-11,325.1075,2020-03-04,327.5605,TIME,3,7.3588,20.0632,-12.7044,-0.012997,-0.047826,0.158312,16,False
high_52w,TDPOWERSYS,2020-02-10,2020-02-11,16.0979,2020-03-04,14.9711,STOP,61,-68.7382,19.9364,-88.6746,-0.090105,-0.105967,0.077381,16,False
high_52w,BAJFINANCE,2020-02-10,2020-02-11,460.1266,2020-02-18,462.1664,MOMENTUM_FAIL,2,4.0796,19.824,-15.7444,-0.017071,-0.007473,0.016466,6,False
high_52w,SRF,2020-02-10,2020-02-11,812.39,2020-02-18,814.5027,MOMENTUM_FAIL,1,2.1127,19.3646,-17.2519,-0.02119,-0.007898,0.018541,6,False
high_52w,ADANIENT,2020-02-10,2020-02-11,242.7751,2020-02-28,218.8145,GAP_STOP,4,-95.8428,19.8353,-115.678,-0.118861,-0.115008,0.064437,13,False
high_52w,TATAELXSI,2020-02-10,2020-02-11,979.9011,2020-02-17,911.308,STOP,1,-68.5931,19.9279,-88.521,-0.09014,-0.082754,0.032331,5,False
high_52w,NATCOPHARM,2020-02-10,2020-02-11,684.9464,2020-02-13,637.0001,STOP,1,-47.9462,18.7245,-66.6708,-0.097125,-0.090278,0.0,3,False
high_52w,AJANTPHARM,2020-02-10,2020-02-11,871.9236,2020-02-18,810.889,STOP,1,-61.0347,19.4874,-80.522,-0.092148,-0.092527,0.055801,6,False
high_52w,PIDILITIND,2020-02-10,2020-02-11,765.232,2020-02-18,762.2647,MOMENTUM_FAIL,1,-2.9673,19.1551,-22.1224,-0.028846,-0.011664,0.013241,6,False
high_52w,ESCORTS,2020-02-10,2020-02-11,835.8427,2020-02-18,848.7849,MOMENTUM_FAIL,1,12.9422,19.4857,-6.5434,-0.007811,-0.01457,0.024112,6,False
high_52w,MUTHOOTFIN,2020-02-17,2020-02-18,776.5901,2020-03-12,716.1142,GAP_STOP,1,-60.4758,19.086,-79.5618,-0.102227,-0.137931,0.097126,16,False
high_52w,PRIVISCL,2020-02-17,2020-02-18,481.5248,2020-02-27,564.0777,TARGET,2,165.1059,20.3326,144.7733,0.15,-0.065803,0.181847,7,False
high_52w,TORNTPHARM,2020-02-17,2020-02-18,980.1801,2020-03-12,911.5675,STOP,1,-68.6126,19.9291,-88.5417,-0.090135,-0.086888,0.067312,16,False
high_52w,AEGISLOG,2020-02-17,2020-02-18,232.7682,2020-02-27,216.4745,STOP,4,-65.1751,19.7287,-84.9038,-0.09099,-0.079523,0.061829,7,False
high_52w,TIMKEN,2020-02-17,2020-02-18,992.9535,2020-02-18,923.4468,STOP,1,-69.5067,19.9812,-89.4879,-0.089926,0.0,0.0,1,False
high_52w,BHARTIARTL,2020-02-17,2020-02-18,531.8219,2020-02-26,505.9553,MOMENTUM_FAIL,1,-25.8665,18.1229,-43.9895,-0.082534,-0.076418,0.0,6,False
high_52w,TECHM,2020-02-17,2020-02-18,636.1009,2020-02-26,625.3881,MOMENTUM_FAIL,1,-10.7128,18.5941,-29.3068,-0.045972,-0.020779,0.024899,6,False
high_52w,BAJFINANCE,2020-02-17,2020-02-18,463.2737,2020-02-26,467.2174,MOMENTUM_FAIL,2,7.8874,19.8584,-11.971,-0.012892,-0.003816,0.032289,6,False
high_52w,ESCORTS,2020-02-17,2020-02-18,844.439,2020-02-26,790.7124,MOMENTUM_FAIL,1,-53.7266,19.3862,-73.1128,-0.086393,-0.074143,0.034612,6,False
high_52w,TORNTPOWER,2020-02-17,2020-02-18,278.7935,2020-02-26,265.013,MOMENTUM_FAIL,3,-41.3416,19.3774,-60.719,-0.072439,-0.053653,0.006257,6,False
high_52w,NESTLEIND,2020-02-17,2020-02-18,770.5578,2020-02-26,755.2233,MOMENTUM_FAIL,1,-15.3344,19.1524,-34.4869,-0.044658,-0.025338,0.015788,6,False
high_52w,DRREDDY,2020-02-17,2020-02-18,629.1826,2020-02-25,585.1399,STOP,1,-44.0428,18.497,-62.5398,-0.099182,-0.070453,0.023403,5,False
high_52w,SHRIRAMFIN,2020-02-17,2020-02-18,224.3166,2020-02-28,208.6144,STOP,4,-62.8086,19.5908,-82.3994,-0.091634,-0.086218,0.070478,8,False
high_52w,HCLTECH,2020-02-17,2020-02-18,480.1141,2020-02-26,456.752,MOMENTUM_FAIL,2,-46.7241,19.8894,-66.6135,-0.069221,-0.062678,0.007824,6,False
high_52w,GMRAIRPORT,2020-02-24,2020-02-25,23.1088,2020-02-27,21.4912,STOP,43,-69.5575,19.9841,-89.5417,-0.089915,-0.116959,0.0,3,False
high_52w,TRENT,2020-02-24,2020-02-25,787.1442,2020-02-26,732.0441,STOP,1,-55.1001,19.1415,-74.2416,-0.094112,-0.07197,0.0,2,False
high_52w,MUTHOOTFIN,2020-02-24,2020-02-25,832.8259,2020-03-02,774.5281,STOP,1,-58.2978,19.3279,-77.6257,-0.093004,-0.088532,0.022562,5,False
high_52w,MFSL,2020-02-24,2020-02-25,592.2,2020-03-03,591.4,MOMENTUM_FAIL,1,-0.8,18.4289,-19.2289,-0.032399,-0.036896,0.026005,6,False
high_52w,TIINDIA,2020-02-24,2020-02-25,543.7598,2020-03-03,518.9809,MOMENTUM_FAIL,1,-24.7789,18.1755,-42.9544,-0.078823,-0.095841,0.0434,6,False
high_52w,PERSISTENT,2020-02-24,2020-02-25,340.9673,2020-03-03,335.7507,MOMENTUM_FAIL,2,-10.4331,18.7882,-29.2213,-0.042757,-0.066759,0.00911,6,False
high_52w,CANFINHOME,2020-02-24,2020-02-25,486.0683,2020-03-03,457.8145,MOMENTUM_FAIL,2,-56.5077,19.9197,-76.4274,-0.078446,-0.067443,0.0,6,False
high_52w,SHRIRAMFIN,2020-02-24,2020-02-25,235.3743,2020-02-27,218.8981,STOP,4,-65.9048,19.7712,-85.676,-0.090801,-0.073809,0.0,3,False
high_52w,POLYMED,2020-02-24,2020-02-25,324.9424,2020-02-26,302.1964,STOP,3,-68.2379,19.9072,-88.1451,-0.090224,-0.072788,0.020387,2,False
high_52w,RITES,2020-02-24,2020-02-25,119.7118,2020-02-28,109.555,GAP_STOP,8,-81.2546,19.8084,-101.0629,-0.105297,-0.104688,0.0025,4,False
high_52w,BAJFINANCE,2020-02-24,2020-02-25,471.093,2020-02-28,438.1165,STOP,2,-65.953,19.774,-85.7271,-0.090789,-0.110961,0.0,4,False
high_52w,IPCALAB,2020-02-24,2020-02-25,719.3769,2020-02-26,669.0205,STOP,1,-50.3564,18.865,-69.2214,-0.096014,-0.071776,0.0,2,False
high_52w,COROMANDEL,2020-02-24,2020-02-25,576.9083,2020-03-03,575.6998,MOMENTUM_FAIL,1,-1.2085,18.3635,-19.572,-0.033852,-0.067601,0.019821,6,False
high_52w,DEEPAKNTR,2020-03-02,2020-03-03,496.9844,2020-03-09,462.1955,STOP,2,-69.5778,19.9853,-89.5631,-0.08991,-0.096236,0.057917,5,False
high_52w,CANFINHOME,2020-03-02,2020-03-03,469.8424,2020-03-06,436.9534,STOP,2,-65.7779,19.7638,-85.5418,-0.090834,-0.116454,0.0,4,False
high_52w,TORNTPOWER,2020-03-02,2020-03-03,277.3544,2020-03-11,268.0657,MOMENTUM_FAIL,3,-27.8663,19.3866,-47.2529,-0.056666,-0.046541,0.012578,6,False
high_52w,AUBANK,2020-03-02,2020-03-03,577.5231,2020-03-06,537.0965,STOP,1,-40.4266,18.2862,-58.7129,-0.101441,-0.136796,0.022419,4,False
high_52w,COROMANDEL,2020-03-02,2020-03-03,567.2398,2020-03-11,578.3493,MOMENTUM_FAIL,1,11.1095,18.3478,-7.2383,-0.012733,-0.045153,0.032533,6,False
high_52w,NESTLEIND,2020-03-02,2020-03-03,750.1126,2020-03-11,746.313,MOMENTUM_FAIL,1,-3.7995,19.0896,-22.8891,-0.030448,-0.026605,0.0437,6,False
high_52w,IPCALAB,2020-03-02,2020-03-03,711.2807,2020-03-12,661.4911,STOP,1,-49.7897,18.832,-68.6216,-0.096266,-0.134182,0.059147,7,False
high_52w,DABUR,2020-03-02,2020-03-03,467.811,2020-03-11,453.8603,MOMENTUM_FAIL,2,-27.9013,19.8238,-47.7252,-0.050898,-0.052783,0.043738,6,False
high_52w,PIDILITIND,2020-03-02,2020-03-03,739.7082,2020-03-13,687.9286,STOP,1,-51.7796,18.9479,-70.7275,-0.095407,-0.112234,0.115322,8,False
high_52w,PERSISTENT,2020-03-02,2020-03-03,331.4827,2020-03-11,325.4838,MOMENTUM_FAIL,3,-17.9968,20.0924,-38.0892,-0.038218,-0.027182,0.021102,6,False
high_52w,TIINDIA,2020-03-02,2020-03-03,550.6429,2020-03-03,512.0979,STOP,1,-38.545,18.1766,-56.7216,-0.102785,0.0,0.0,1,False
high_52w,MFSL,2020-03-02,2020-03-03,575.1,2020-03-06,534.843,STOP,1,-40.257,18.2764,-58.5334,-0.101557,-0.170579,0.063989,4,False
high_52w,SHRIRAMFIN,2020-03-02,2020-03-03,225.8536,2020-03-04,210.0438,STOP,4,-63.239,19.6159,-82.8549,-0.091513,-0.123702,0.0,2,False
high_52w,BERGEPAINT,2020-03-02,2020-03-03,448.7737,2020-03-09,417.3596,STOP,2,-62.8283,19.5919,-82.4202,-0.091628,-0.07452,0.0,5,False
high_52w,PIDILITIND,2020-03-09,2020-03-11,782.7224,2020-03-13,714.8182,GAP_STOP,1,-67.9042,19.0967,-87.0009,-0.110909,-0.161021,0.032517,3,False
high_52w,TORNTPOWER,2020-03-09,2020-03-11,270.813,2020-03-12,251.8561,STOP,3,-56.8707,19.2447,-76.1154,-0.093483,-0.097907,0.0,2,False
high_52w,NESTLEIND,2020-03-09,2020-03-11,744.2948,2020-03-13,692.1942,STOP,1,-52.1006,18.9667,-71.0673,-0.095274,-0.122157,0.0,3,False
high_52w,IPCALAB,2020-03-09,2020-03-11,712.0146,2020-03-12,662.1736,STOP,1,-49.841,18.835,-68.676,-0.096243,-0.135074,0.0,2,False
high_52w,COROMANDEL,2020-03-09,2020-03-11,565.2409,2020-03-12,525.6741,STOP,1,-39.5669,18.2361,-57.803,-0.10204,-0.087089,0.003701,2,False
high_52w,PERSISTENT,2020-03-09,2020-03-11,325.2941,2020-03-12,302.5235,STOP,3,-68.3118,19.9115,-88.2233,-0.090206,-0.081493,0.0,2,False
high_52w,BIOCON,2020-03-09,2020-03-11,299.5874,2020-03-12,278.6163,STOP,3,-62.9134,19.5969,-82.5102,-0.091604,-0.117987,0.0,2,False
high_52w,DABUR,2020-03-09,2020-03-11,446.2339,2020-03-13,395.2677,GAP_STOP,2,-101.9325,19.4908,-121.4233,-0.135757,-0.162776,0.0,3,False
high_52w,TORNTPHARM,2020-03-09,2020-03-11,960.3525,2020-03-13,827.8703,GAP_STOP,1,-132.4822,19.7153,-152.1975,-0.158135,-0.147477,0.019622,3,False
high_52w,DRREDDY,2020-03-09,2020-03-11,587.4668,2020-03-12,546.3442,STOP,1,-41.1227,18.3268,-59.4495,-0.100976,-0.086792,0.0,2,False
high_52w,KOTAKBANK,2020-03-09,2020-03-11,313.3377,2020-03-12,291.4041,STOP,3,-65.8009,19.7652,-85.5661,-0.090828,-0.142771,0.0,2,False
high_52w,AJANTPHARM,2020-03-09,2020-03-11,869.162,2020-03-12,808.3207,STOP,1,-60.8413,19.4761,-80.3175,-0.092206,-0.098104,0.0,2,False
high_52w,COROMANDEL,2020-03-16,2020-03-17,518.7573,2020-03-19,478.7814,GAP_STOP,1,-39.9759,18.039,-58.0149,-0.11159,-0.09086,0.033782,3,False
high_52w,PIDILITIND,2020-03-16,2020-03-17,714.6728,2020-03-19,664.6457,STOP,1,-50.0271,18.8458,-68.8729,-0.09616,-0.099478,0.083576,3,False
high_52w,TORNTPOWER,2020-03-16,2020-03-17,243.3393,2020-03-23,226.3055,STOP,4,-68.135,19.9012,-88.0362,-0.090249,-0.126344,0.055735,5,False
high_52w,TORNTPHARM,2020-03-16,2020-03-17,894.1914,2020-03-19,827.4817,GAP_STOP,1,-66.7097,19.5698,-86.2796,-0.096278,-0.176891,0.039719,3,False
high_52w,NESTLEIND,2020-03-16,2020-03-17,674.3002,2020-03-18,627.0992,STOP,1,-47.201,18.6811,-65.8821,-0.097491,-0.075862,0.016414,2,False
high_52w,IPCALAB,2020-03-16,2020-03-17,649.643,2020-03-19,604.168,STOP,1,-45.475,18.5805,-64.0555,-0.098386,-0.096386,0.028953,3,False
high_52w,DRREDDY,2020-03-16,2020-03-17,541.541,2020-03-18,503.6331,STOP,1,-37.9079,18.1394,-56.0473,-0.10327,-0.073834,0.0,2,False
high_52w,BIOCON,2020-03-16,2020-03-17,266.9591,2020-03-18,248.272,STOP,3,-56.0614,19.1975,-75.2589,-0.093766,-0.076852,0.0,2,False
high_52w,ASTRAL,2020-03-16,2020-03-17,573.1777,2020-03-18,533.0553,STOP,1,-40.1224,18.2685,-58.391,-0.10165,-0.096949,0.0,2,False
high_52w,TIINDIA,2020-03-16,2020-03-17,455.4648,2020-03-18,423.5823,STOP,2,-63.7651,19.6465,-83.4116,-0.091368,-0.103152,0.009674,2,False
high_52w,DABUR,2020-03-16,2020-03-17,401.313,2020-03-19,372.4352,GAP_STOP,2,-57.7555,19.2014,-76.957,-0.095672,-0.095017,0.013325,3,False
high_52w,DRREDDY,2020-03-23,2020-03-24,545.3683,2020-04-07,645.7896,TARGET,1,100.4214,18.4373,81.9841,0.15,-0.019053,0.268632,9,False
high_52w,ZFCVINDIA,2020-03-23,2020-03-24,912.5188,2020-04-20,1044.2445,TIME,1,131.7257,20.0513,111.6744,0.122113,0.0,0.166471,16,False
high_52w,TORNTPHARM,2020-03-23,2020-03-24,851.1671,2020-04-07,1004.0188,TARGET,1,152.8517,19.8353,133.0164,0.155934,-0.065239,0.304541,9,False
high_52w,BIOCON,2020-03-23,2020-03-24,254.1056,2020-04-07,298.7786,TARGET,3,134.0192,19.4217,114.5975,0.15,0.0,0.245136,9,False
high_52w,COROMANDEL,2020-03-23,2020-03-24,466.6957,2020-03-24,434.027,STOP,2,-65.3374,19.7382,-85.0756,-0.090948,0.0,0.0,1,False
high_52w,INDIACEM,2020-03-23,2020-03-24,89.7062,2020-03-24,83.4267,STOP,11,-69.0738,19.9559,-89.0297,-0.090027,0.0,0.0,1,False
high_52w,DABUR,2020-03-23,2020-03-24,364.7158,2020-04-07,429.179,TARGET,2,128.9265,19.2725,109.6539,0.15,-0.002805,0.246972,9,False
high_52w,PIDILITIND,2020-03-23,2020-03-24,609.8975,2020-04-15,720.3122,TARGET,1,110.4147,18.7301,91.6846,0.15,-0.057966,0.184267,13,False
high_52w,POWERGRID,2020-03-23,2020-03-24,61.5492,2020-04-20,66.9938,TIME,16,87.1121,20.2656,66.8465,0.067731,-0.031568,0.139428,16,False
high_52w,NESTLEIND,2020-03-30,2020-03-31,737.0333,2020-04-27,834.7744,TIME,1,97.741,19.2411,78.4999,0.106276,-0.053253,0.159061,16,False
high_52w,INDIACEM,2020-03-30,2020-03-31,103.4085,2020-04-09,101.2398,MOMENTUM_FAIL,9,-19.5185,19.82,-39.3385,-0.042177,-0.046711,0.029075,6,False
high_52w,DRREDDY,2020-03-30,2020-03-31,583.6397,2020-04-07,689.988,TARGET,1,106.3483,18.6109,87.7374,0.15,-0.008164,0.185443,4,False
high_52w,TORNTPHARM,2020-03-30,2020-03-31,920.3178,2020-04-07,1078.806,TARGET,1,158.4882,20.1387,138.3495,0.15,-0.024095,0.206521,4,False
high_52w,BIOCON,2020-03-30,2020-03-31,274.869,2020-04-08,322.7576,TARGET,3,143.6659,19.7044,123.9615,0.15,-0.01295,0.241007,5,False
high_52w,TORNTPOWER,2020-03-30,2020-03-31,243.3393,2020-04-27,266.8882,TIME,4,94.1957,20.2318,73.9639,0.075823,-0.02276,0.126523,16,False
high_52w,AJANTPHARM,2020-03-30,2020-03-31,811.1062,2020-04-09,952.6812,TARGET,1,141.575,19.6431,121.9319,0.15,-0.054935,0.178271,6,False
high_52w,COROMANDEL,2020-03-30,2020-03-31,501.4654,2020-04-07,466.3629,STOP,1,-35.1026,17.9759,-53.0785,-0.105616,-0.073229,0.019652,4,False
high_52w,DABUR,2020-03-30,2020-03-31,405.4051,2020-04-08,476.1697,TARGET,2,141.5292,19.6418,121.8874,0.15,-0.027185,0.18697,5,False
high_52w,SJVN,2020-03-30,2020-03-31,15.5763,2020-04-15,18.238,TARGET,64,170.3458,20.4862,149.8597,0.15,0.0,0.182045,8,False
high_52w,DRREDDY,2020-04-07,2020-04-08,674.5344,2020-05-04,753.7563,TIME,1,79.2219,18.9395,60.2824,0.089174,0.0,0.161503,16,False
high_52w,NESTLEIND,2020-04-07,2020-04-08,774.2827,2020-05-04,811.7853,TIME,1,37.5026,19.2757,18.2268,0.023489,-0.01921,0.1033,16,False
high_52w,BIOCON,2020-04-07,2020-04-08,318.7689,2020-05-04,353.9186,TIME,3,105.449,20.1827,85.2663,0.088968,0.0,0.140819,16,False
high_52w,DABUR,2020-04-07,2020-04-08,441.1188,2020-05-04,435.957,TIME,2,-10.3236,19.6342,-29.9578,-0.033882,-0.018132,0.088235,16,False
high_52w,TORNTPOWER,2020-04-07,2020-04-08,257.2942,2020-05-04,288.4747,TIME,3,93.5417,19.3797,74.162,0.09587,-0.040169,0.145424,16,False
high_52w,INDIACEM,2020-04-07,2020-04-08,100.5498,2020-05-04,99.4654,TIME,9,-9.7592,19.7312,-29.4904,-0.032517,-0.029412,0.092157,16,False
high_52w,SUNPHARMA,2020-04-07,2020-04-08,393.5653,2020-04-24,462.4963,TARGET,2,137.862,19.5343,118.3277,0.15,0.0,0.186158,11,False
high_52w,AJANTPHARM,2020-04-07,2020-04-08,822.7421,2020-05-04,911.8585,TIME,1,89.1164,19.5855,69.5309,0.084327,-0.068301,0.168999,16,False
high_52w,CIPLA,2020-04-07,2020-04-08,474.2132,2020-04-09,555.6338,TARGET,2,162.8412,20.2663,142.575,0.15,0.0,0.227487,2,False
high_52w,DRREDDY,2020-04-13,2020-04-15,731.9415,2020-05-07,734.3622,TIME,1,2.4207,19.0255,-16.6048,-0.022636,-0.011765,0.070405,16,False
high_52w,CIPLA,2020-04-13,2020-04-15,576.7947,2020-04-22,560.3339,MOMENTUM_FAIL,1,-16.4608,18.332,-34.7928,-0.060189,-0.056994,0.017454,6,False
high_52w,SUNPHARMA,2020-04-13,2020-04-15,446.0719,2020-04-22,445.5553,MOMENTUM_FAIL,2,-1.0332,19.6949,-20.7282,-0.023183,-0.055696,0.03327,6,False
high_52w,NESTLEIND,2020-04-13,2020-04-15,774.6128,2020-05-07,797.1834,TIME,1,22.5706,19.2467,3.3239,0.004282,0.0,0.10283,16,False
high_52w,ZYDUSLIFE,2020-04-13,2020-04-15,341.6021,2020-04-16,317.6899,STOP,2,-47.8243,18.7174,-66.5417,-0.097184,-0.071509,0.0,2,False
high_52w,LUPIN,2020-04-13,2020-04-15,814.4021,2020-04-16,757.394,STOP,1,-57.0082,19.2527,-76.2608,-0.093436,-0.07182,0.0,2,False
high_52w,INDIACEM,2020-04-13,2020-04-15,106.1687,2020-04-22,101.782,MOMENTUM_FAIL,9,-39.4806,19.8842,-59.3648,-0.061993,-0.06546,0.005571,6,False
high_52w,DABUR,2020-04-13,2020-04-15,446.4199,2020-05-06,415.1705,STOP,2,-62.4988,19.5727,-82.0715,-0.091721,-0.076875,0.075313,15,False
high_52w,GRANULES,2020-04-13,2020-04-15,171.0833,2020-04-21,156.4638,GAP_STOP,5,-73.0977,19.3931,-92.4908,-0.107888,-0.121749,0.0,5,False
high_52w,TORNTPOWER,2020-04-13,2020-04-15,253.8054,2020-05-07,281.5408,TIME,3,83.2062,19.3145,63.8917,0.083729,-0.016151,0.163918,16,False
high_52w,BIOCON,2020-04-20,2020-04-21,345.7615,2020-05-13,333.4517,TIME,2,-24.6197,18.7998,-43.4195,-0.062651,-0.04461,0.05133,16,False
high_52w,SUNPHARMA,2020-04-20,2020-04-21,439.4499,2020-05-13,424.8907,TIME,2,-29.1182,19.5818,-48.7001,-0.055289,-0.042428,0.078978,16,False
high_52w,DRREDDY,2020-04-20,2020-04-21,733.8551,2020-05-13,723.2539,TIME,1,-10.6012,19.0071,-29.6083,-0.040258,-0.02605,0.077497,16,False
high_52w,CIPLA,2020-04-20,2020-04-21,551.5549,2020-05-13,544.1118,TIME,1,-7.4431,18.2438,-25.6869,-0.04647,-0.020415,0.09455,16,False
high_52w,DABUR,2020-04-20,2020-04-21,452.4652,2020-05-05,420.7927,STOP,2,-63.3451,19.622,-82.9672,-0.091483,-0.075026,0.060946,10,False
high_52w,NESTLEIND,2020-04-20,2020-04-21,781.2582,2020-05-13,767.8815,TIME,1,-13.3767,19.2016,-32.5783,-0.041609,-0.023809,0.072795,16,False
high_52w,LUPIN,2020-04-20,2020-04-21,764.0273,2020-05-13,806.0464,TIME,1,42.0192,19.2416,22.7776,0.029747,0.0,0.138906,16,False
high_52w,TORNTPOWER,2020-04-20,2020-04-21,252.9333,2020-05-13,266.1032,TIME,3,39.5098,19.2144,20.2954,0.026688,-0.012759,0.167931,16,False
high_52w,INDIACEM,2020-04-20,2020-04-21,101.1412,2020-04-28,99.3668,MOMENTUM_FAIL,9,-15.9697,19.7411,-35.7107,-0.039145,-0.034113,0.032164,6,False
high_52w,LAURUSLABS,2020-04-20,2020-04-21,78.9684,2020-04-21,92.5281,TARGET,12,162.7164,20.2626,142.4538,0.15,0.0,0.0,1,False
high_52w,ZYDUSLIFE,2020-04-20,2020-04-21,317.7525,2020-04-28,314.0908,MOMENTUM_FAIL,3,-10.9852,19.9327,-30.9179,-0.032363,-0.017437,0.043215,6,False
high_52w,AARTIIND,2020-04-20,2020-04-21,453.8486,2020-04-28,532.1154,TARGET,2,156.5337,20.0814,136.4522,0.15,-0.023243,0.205405,6,False
high_52w,LAURUSLABS,2020-04-27,2020-04-28,103.5776,2020-05-04,96.3271,STOP,9,-65.2539,19.7333,-84.9872,-0.09097,-0.089639,0.007737,4,False
high_52w,LUPIN,2020-04-27,2020-04-28,864.3929,2020-04-30,803.8854,STOP,1,-60.5075,19.4567,-79.9642,-0.092307,-0.098278,0.0,3,False
high_52w,CIPLA,2020-04-27,2020-04-28,588.5797,2020-05-06,564.6758,MOMENTUM_FAIL,1,-23.9039,18.3666,-42.2705,-0.071661,-0.05869,0.010133,6,False
high_52w,BIOCON,2020-04-27,2020-04-28,361.8285,2020-05-06,349.2715,MOMENTUM_FAIL,2,-25.1139,18.9345,-44.0484,-0.060736,-0.056292,0.002596,6,False
high_52w,SUNPHARMA,2020-04-27,2020-04-28,464.9517,2020-04-30,432.4051,STOP,2,-65.0932,19.7239,-84.8172,-0.091012,-0.073939,0.0,3,False
high_52w,NESTLEIND,2020-04-27,2020-04-28,835.9694,2020-05-06,804.9424,MOMENTUM_FAIL,1,-31.027,19.3967,-50.4236,-0.060186,-0.048758,0.001308,6,False
high_52w,AJANTPHARM,2020-04-27,2020-04-28,949.4969,2020-05-06,899.1984,MOMENTUM_FAIL,1,-50.2986,19.8368,-70.1353,-0.073705,-0.064575,0.006438,6,False
high_52w,DRREDDY,2020-04-27,2020-04-28,771.1698,2020-05-06,737.2039,MOMENTUM_FAIL,1,-33.9659,19.1171,-53.083,-0.068684,-0.055819,0.015819,6,False
high_52w,TORNTPOWER,2020-04-27,2020-04-28,267.7168,2020-05-20,265.7979,TIME,3,-5.7566,19.3095,-25.0661,-0.031142,-0.050497,0.103437,16,False
high_52w,AARTIIND,2020-04-27,2020-04-28,512.7263,2020-05-20,491.3586,TIME,1,-21.3677,18.0515,-39.4191,-0.076714,-0.059856,0.14067,16,False
high_52w,DABUR,2020-04-27,2020-04-28,459.4406,2020-05-05,427.2797,STOP,2,-64.3217,19.679,-84.0006,-0.091217,-0.089069,0.002733,5,False
high_52w,IPCALAB,2020-04-27,2020-04-28,818.4131,2020-05-06,758.194,MOMENTUM_FAIL,1,-60.2191,19.2631,-79.4822,-0.096906,-0.078243,0.0,6,False
high_52w,TORNTPOWER,2020-05-04,2020-05-05,290.4372,2020-05-08,270.1066,STOP,3,-60.9918,19.4849,-80.4767,-0.092161,-0.099099,0.0,4,False
high_52w,BIOCON,2020-05-04,2020-05-05,362.7678,2020-05-12,339.5818,MOMENTUM_FAIL,2,-46.3718,18.8991,-65.2709,-0.089766,-0.079722,0.0,6,False
high_52w,CIPLA,2020-05-04,2020-05-05,594.5437,2020-05-12,544.0641,MOMENTUM_FAIL,1,-50.4795,18.3376,-68.8172,-0.115495,-0.091244,0.0,6,False
high_52w,AARTIIND,2020-05-04,2020-05-05,547.5622,2020-05-11,509.2328,STOP,1,-38.3294,18.164,-56.4934,-0.102947,-0.090412,0.042563,5,False
high_52w,DRREDDY,2020-05-04,2020-05-05,761.602,2020-05-12,722.0675,MOMENTUM_FAIL,1,-39.5345,19.0653,-58.5998,-0.076775,-0.05549,0.038241,6,False
high_52w,NESTLEIND,2020-05-04,2020-05-05,817.1124,2020-05-12,812.0411,MOMENTUM_FAIL,1,-5.0713,19.3699,-24.4412,-0.029846,-0.042442,0.019862,6,False
high_52w,AJANTPHARM,2020-05-04,2020-05-05,915.9854,2020-05-12,894.0475,MOMENTUM_FAIL,1,-21.9378,19.753,-41.6909,-0.045415,-0.031165,0.028455,6,False
high_52w,DIXON,2020-05-04,2020-05-05,926.4663,2020-05-07,861.6137,STOP,1,-64.8526,19.7099,-84.5625,-0.091075,-0.070146,0.0,3,False
high_52w,BHARTIARTL,2020-05-04,2020-05-05,507.8906,2020-05-12,528.5178,MOMENTUM_FAIL,1,20.6272,18.1165,2.5106,0.004932,-0.025186,0.048327,6,False
high_52w,SUNPHARMA,2020-05-04,2020-05-05,441.2814,2020-05-12,435.7396,MOMENTUM_FAIL,2,-11.0837,19.634,-30.7177,-0.034729,-0.046402,0.012239,6,False
high_52w,LAURUSLABS,2020-05-04,2020-05-05,97.8895,2020-05-08,91.0372,STOP,10,-68.5227,19.9238,-88.4465,-0.090156,-0.13139,0.034345,4,False
high_52w,DEEPAKNTR,2020-05-04,2020-05-05,482.329,2020-05-27,489.3257,TIME,2,13.9933,20.0317,-6.0384,-0.006246,-0.022824,0.151755,16,False
high_52w,DABUR,2020-05-04,2020-05-05,438.0496,2020-05-12,412.1479,MOMENTUM_FAIL,2,-51.8034,19.5238,-71.3273,-0.081237,-0.067516,0.0,6,False
high_52w,RELIANCE,2020-05-11,2020-05-12,696.7964,2020-05-14,648.0207,STOP,1,-48.7757,18.7729,-67.5486,-0.09673,-0.077451,0.0,3,False
high_52w,COROMANDEL,2020-05-11,2020-05-12,571.7487,2020-05-19,563.7535,MOMENTUM_FAIL,1,-7.9952,18.3279,-26.3231,-0.045939,-0.04065,0.029268,6,False
high_52w,NESTLEIND,2020-05-11,2020-05-12,818.8795,2020-05-14,761.5579,STOP,1,-57.3216,19.271,-76.5925,-0.093329,-0.079959,0.008007,3,False
high_52w,BIOCON,2020-05-11,2020-05-12,350.013,2020-05-15,321.3397,GAP_STOP,2,-57.3467,18.7691,-76.1158,-0.108496,-0.094068,0.0,4,False
high_52w,AJANTPHARM,2020-05-11,2020-05-12,918.7469,2020-05-19,854.4346,STOP,1,-64.3123,19.6784,-83.9907,-0.091219,-0.084468,0.067243,6,False
high_52w,BHARTIARTL,2020-05-11,2020-05-12,503.1705,2020-06-03,520.7767,TIME,1,17.6062,18.0905,-0.4842,-0.00096,0.0,0.148218,16,False
high_52w,LUPIN,2020-05-11,2020-05-12,816.371,2020-05-19,807.1028,MOMENTUM_FAIL,1,-9.2682,19.3582,-28.6264,-0.034989,-0.025059,0.023529,6,False
high_52w,DRREDDY,2020-05-11,2020-05-12,739.2514,2020-05-19,707.9454,MOMENTUM_FAIL,1,-31.306,18.9877,-50.2937,-0.067885,-0.064545,0.0,6,False
high_52w,IGL,2020-05-11,2020-05-12,218.5206,2020-05-14,203.2242,STOP,4,-61.1858,19.4962,-80.6819,-0.092103,-0.070282,0.0,3,False
high_52w,CIPLA,2020-05-11,2020-05-12,560.1432,2020-05-19,567.7293,MOMENTUM_FAIL,1,7.5861,18.3106,-10.7245,-0.019104,-0.036457,0.037138,6,False
high_52w,SUNPHARMA,2020-05-11,2020-05-12,436.7728,2020-05-19,414.8873,MOMENTUM_FAIL,2,-43.7711,19.5294,-63.3005,-0.072306,-0.066129,0.00957,6,False
high_52w,ADANIGREEN,2020-05-11,2020-05-12,222.0,2020-06-01,260.3708,TARGET,4,153.4833,19.9921,133.4912,0.15,-0.01464,0.175676,14,False
high_52w,DEEPAKNTR,2020-05-11,2020-05-12,505.9121,2020-05-19,492.6038,MOMENTUM_FAIL,1,-13.3083,18.0391,-31.3474,-0.061827,-0.046228,0.023211,6,False
high_52w,INDIACEM,2020-05-18,2020-05-19,116.273,2020-05-26,136.275,TARGET,8,160.0161,20.1835,139.8327,0.15,-0.011446,0.186944,5,False
high_52w,COROMANDEL,2020-05-18,2020-05-19,579.1861,2020-06-10,624.4146,TIME,1,45.2285,18.4677,26.7608,0.046103,-0.041734,0.12183,16,False
high_52w,CIPLA,2020-05-18,2020-05-19,572.5482,2020-06-10,613.5333,TIME,1,40.9851,18.431,22.5541,0.039306,-0.007667,0.11625,16,False
high_52w,LUPIN,2020-05-18,2020-05-19,829.337,2020-06-10,891.6213,TIME,1,62.2844,19.5587,42.7257,0.051406,-0.026636,0.085061,16,False
high_52w,ADANIGREEN,2020-05-18,2020-05-19,230.0,2020-06-02,269.6097,TARGET,4,158.439,20.1373,138.3017,0.15,-0.013043,0.190217,10,False
high_52w,SYNGENE,2020-05-18,2020-05-19,336.1398,2020-06-10,357.1299,TIME,2,41.9803,18.8541,23.1262,0.034325,0.0,0.148601,16,False
high_52w,TATACOMM,2020-05-18,2020-05-19,415.5445,2020-06-10,430.5381,TIME,2,29.9872,19.5003,10.4869,0.012591,-0.006309,0.148644,16,False
high_52w,BIOCON,2020-05-18,2020-05-19,330.2383,2020-06-02,386.7017,TARGET,3,169.3903,20.4582,148.9321,0.15,-0.0,0.185629,10,False
high_52w,RELIANCE,2020-05-18,2020-05-19,654.9436,2020-05-27,649.7966,MOMENTUM_FAIL,1,-5.147,18.685,-23.832,-0.036308,-0.043926,0.003054,6,False
high_52w,DRREDDY,2020-05-18,2020-05-19,708.0507,2020-06-10,786.9568,TIME,1,78.9061,19.0804,59.8257,0.084309,-0.001892,0.132386,16,False
high_52w,AJANTPHARM,2020-05-18,2020-05-19,875.3989,2020-06-10,929.1417,TIME,1,53.7428,19.7358,34.007,0.038763,-0.021693,0.114419,16,False
high_52w,ESCORTS,2020-05-18,2020-05-19,783.8832,2020-06-01,921.2423,TARGET,1,137.3591,19.5196,117.8395,0.15,0.0,0.202632,9,False
high_52w,INDIACEM,2020-05-26,2020-05-27,132.8341,2020-05-29,123.5357,STOP,7,-65.0887,19.7237,-84.8124,-0.091013,-0.082004,0.0,3,False
high_52w,TATACOMM,2020-05-26,2020-05-27,474.6452,2020-05-29,441.42,STOP,2,-66.4503,19.803,-86.2533,-0.090663,-0.077713,0.0,3,False
high_52w,LUPIN,2020-05-26,2020-05-27,870.1556,2020-05-29,809.2447,STOP,1,-60.9109,19.4802,-80.3911,-0.092185,-0.072296,0.0,3,False
high_52w,ADANIGREEN,2020-05-26,2020-05-27,240.0,2020-06-03,287.4,TARGET,4,189.6,20.3696,169.2304,0.175897,0.0,0.1975,6,False
high_52w,CIPLA,2020-05-26,2020-05-27,601.1757,2020-06-03,611.8633,MOMENTUM_FAIL,1,10.6876,18.4902,-7.8026,-0.012951,-0.00627,0.045476,6,False
high_52w,AUROPHARMA,2020-05-26,2020-05-27,695.596,2020-06-17,762.4207,TIME,1,66.8247,19.0032,47.8215,0.068599,-0.018755,0.118991,16,False
high_52w,BIOCON,2020-05-26,2020-05-27,353.968,2020-06-17,391.6389,TIME,2,75.3419,19.0726,56.2693,0.07931,-0.043156,0.118715,16,False
high_52w,AJANTPHARM,2020-05-26,2020-05-27,935.8129,2020-06-03,890.6964,MOMENTUM_FAIL,1,-45.1165,19.7896,-64.9061,-0.069207,-0.051228,0.021254,6,False
high_52w,ESCORTS,2020-05-26,2020-05-27,832.7864,2020-06-17,954.9963,TIME,1,122.21,19.6952,102.5147,0.12283,-0.004932,0.157529,16,False
high_52w,DRREDDY,2020-05-26,2020-05-27,739.5479,2020-06-17,762.597,TIME,1,23.0491,19.0996,3.9495,0.005329,-0.005757,0.084158,16,False
high_52w,SYNGENE,2020-05-26,2020-05-27,349.5061,2020-06-17,364.6547,TIME,2,30.2972,18.9432,11.354,0.016207,-0.036261,0.104674,16,False
high_52w,DIXON,2020-05-26,2020-05-27,907.3229,2020-06-03,1063.7987,TARGET,1,156.4757,20.0797,136.396,0.15,0.0,0.225275,6,False
high_52w,TORNTPOWER,2020-05-26,2020-05-27,272.1213,2020-06-17,281.0176,TIME,3,26.6889,19.4314,7.2575,0.008871,-0.028846,0.121635,16,False
high_52w,BHARTIARTL,2020-05-26,2020-05-27,529.6033,2020-06-03,520.7767,MOMENTUM_FAIL,1,-8.8266,18.1483,-26.9749,-0.050823,-0.030659,0.020143,6,False
high_52w,TATACONSUM,2020-05-26,2020-05-27,354.7791,2020-06-03,347.2497,MOMENTUM_FAIL,2,-15.0587,18.8954,-33.9541,-0.047748,-0.046049,0.02189,6,False
high_52w,ESCORTS,2020-06-01,2020-06-02,928.7779,2020-06-09,902.0817,MOMENTUM_FAIL,1,-26.6962,19.7974,-46.4936,-0.04995,-0.034708,0.032137,6,False
high_52w,BIOCON,2020-06-01,2020-06-02,384.6189,2020-06-09,377.3517,MOMENTUM_FAIL,2,-14.5344,19.1485,-33.6829,-0.043692,-0.028278,0.029563,6,False
high_52w,CIPLA,2020-06-01,2020-06-02,615.394,2020-06-09,610.7659,MOMENTUM_FAIL,1,-4.628,18.519,-23.1471,-0.037531,-0.018375,0.038533,6,False
high_52w,AUROPHARMA,2020-06-01,2020-06-02,704.4866,2020-06-23,777.2545,TIME,1,72.7679,19.0528,53.7151,0.076081,-0.000274,0.12037,16,False
high_52w,DRREDDY,2020-06-01,2020-06-02,762.5587,2020-06-09,789.1191,MOMENTUM_FAIL,1,26.5603,19.204,7.3564,0.009626,-0.018507,0.039398,6,False
high_52w,MUTHOOTFIN,2020-06-01,2020-06-02,813.094,2020-06-18,954.9769,TARGET,1,141.8829,19.6522,122.2307,0.15,0.0,0.349325,13,False
high_52w,RELIANCE,2020-06-01,2020-06-02,685.9601,2020-06-22,808.1543,TARGET,1,122.1942,19.0752,103.119,0.15,-0.019004,0.182307,15,False
high_52w,TORNTPOWER,2020-06-01,2020-06-02,282.5439,2020-06-23,279.3604,TIME,3,-9.5504,19.4896,-29.04,-0.034185,-0.030715,0.080259,16,False
high_52w,SYNGENE,2020-06-01,2020-06-02,354.1597,2020-06-23,416.9881,TARGET,2,125.6569,19.1767,106.4802,0.15,-0.031591,0.185351,16,False
high_52w,NESTLEIND,2020-06-01,2020-06-02,812.741,2020-06-09,769.751,MOMENTUM_FAIL,1,-42.99,19.2742,-62.2643,-0.076443,-0.0547,0.003979,6,False
high_52w,ZYDUSLIFE,2020-06-01,2020-06-02,338.133,2020-06-23,353.6955,TIME,2,31.125,18.8489,12.2761,0.018113,0.0,0.093189,16,False
high_52w,COROMANDEL,2020-06-01,2020-06-02,608.006,2020-06-09,611.4922,MOMENTUM_FAIL,1,3.4863,18.5044,-15.0181,-0.024647,-0.042813,0.029052,6,False
high_52w,LUPIN,2020-06-01,2020-06-02,820.1168,2020-06-23,900.7935,TIME,1,80.6767,19.5572,61.1195,0.074363,0.0,0.119569,16,False
high_52w,LTFOODS,2020-06-08,2020-06-09,33.7992,2020-06-12,29.1453,GAP_STOP,29,-134.9617,19.7939,-154.7556,-0.157541,-0.137691,0.05007,4,False
high_52w,LUPIN,2020-06-08,2020-06-09,864.2969,2020-06-30,875.726,TIME,1,11.4291,19.6027,-8.1736,-0.009436,0.0,0.06234,16,False
high_52w,MUTHOOTFIN,2020-06-08,2020-06-09,843.1849,2020-06-18,989.7279,TARGET,1,146.5429,19.7887,126.7542,0.15,-0.018332,0.301172,8,False
high_52w,RELIANCE,2020-06-08,2020-06-09,701.3785,2020-06-30,766.0189,TIME,1,64.6404,19.0232,45.6172,0.064897,-0.040569,0.156316,16,False
high_52w,GRANULES,2020-06-08,2020-06-09,178.9065,2020-06-12,209.8055,TARGET,5,154.4949,20.0217,134.4732,0.15,-0.006559,0.188303,4,False
high_52w,DRREDDY,2020-06-08,2020-06-09,752.034,2020-06-30,754.8948,TIME,1,2.8608,19.1113,-16.2504,-0.021562,-0.001145,0.066158,16,False
high_52w,ESCORTS,2020-06-08,2020-06-09,918.3668,2020-06-16,915.3104,MOMENTUM_FAIL,1,-3.0565,19.8015,-22.858,-0.024836,-0.069007,0.025897,6,False
high_52w,SUNPHARMA,2020-06-08,2020-06-09,462.1339,2020-06-12,427.3799,GAP_STOP,2,-69.508,19.6911,-89.1991,-0.096297,-0.075203,0.030488,4,False
high_52w,BHARTIARTL,2020-06-08,2020-06-09,547.5401,2020-06-16,514.4044,MOMENTUM_FAIL,1,-33.1357,18.1745,-51.3102,-0.093506,-0.074138,0.0,6,False
high_52w,BIOCON,2020-06-08,2020-06-09,378.6865,2020-06-16,380.7628,MOMENTUM_FAIL,2,4.1527,19.1364,-14.9838,-0.019741,-0.012924,0.034595,6,False
high_52w,TORNTPOWER,2020-06-08,2020-06-09,287.8206,2020-06-16,283.2416,MOMENTUM_FAIL,3,-13.7369,19.548,-33.2849,-0.038464,-0.048485,0.018182,6,False
high_52w,AUROPHARMA,2020-06-08,2020-06-09,729.6123,2020-06-30,745.7507,TIME,1,16.1384,19.0436,-2.9053,-0.003973,0.0,0.085761,16,False
high_52w,CIPLA,2020-06-08,2020-06-09,609.6686,2020-06-16,608.6189,MOMENTUM_FAIL,1,-1.0497,18.5022,-19.5518,-0.032,-0.035373,0.022852,6,False
high_52w,LUPIN,2020-06-15,2020-06-16,906.2679,2020-06-23,900.7935,MOMENTUM_FAIL,1,-5.4744,19.7455,-25.2199,-0.027768,-0.033171,0.006783,6,False
high_52w,RELIANCE,2020-06-15,2020-06-16,738.5535,2020-07-07,823.004,TIME,1,84.4505,19.2205,65.23,0.088129,-0.024893,0.139341,16,False
high_52w,ZYDUSLIFE,2020-06-15,2020-06-16,352.6836,2020-06-23,353.6955,MOMENTUM_FAIL,2,2.0237,18.9125,-16.8888,-0.023891,-0.02582,0.015847,6,False
high_52w,BIOCON,2020-06-15,2020-06-16,385.5087,2020-06-23,392.0344,MOMENTUM_FAIL,2,13.0513,19.2122,-6.1609,-0.007973,-0.025135,0.037702,6,False
high_52w,CIPLA,2020-06-15,2020-06-16,615.0124,2020-07-07,607.426,TIME,1,-7.5863,18.5114,-26.0978,-0.042342,-0.036385,0.074476,16,False
high_52w,DRREDDY,2020-06-15,2020-06-16,777.8673,2020-06-23,786.2583,MOMENTUM_FAIL,1,8.391,19.2316,-10.8406,-0.013906,-0.022878,0.01599,6,False
high_52w,MUTHOOTFIN,2020-06-15,2020-06-16,884.4341,2020-06-18,1037.3651,TARGET,1,152.931,19.9759,132.9552,0.15,0.0,0.240486,3,False
high_52w,GRANULES,2020-06-15,2020-06-16,205.4564,2020-06-23,206.4343,MOMENTUM_FAIL,4,3.9116,19.4081,-15.4965,-0.018815,-0.043313,0.049024,6,False
high_52w,AUROPHARMA,2020-06-15,2020-06-16,753.4817,2020-06-23,777.2545,MOMENTUM_FAIL,1,23.7727,19.1599,4.6128,0.006109,-0.013146,0.047518,6,False
high_52w,COROMANDEL,2020-06-15,2020-06-16,622.8807,2020-07-07,701.2056,TIME,1,78.325,18.7196,59.6054,0.095484,0.0,0.147463,16,False
high_52w,LAURUSLABS,2020-06-15,2020-06-16,100.1765,2020-07-07,107.518,TIME,9,66.0736,19.8715,46.2021,0.051133,-0.029854,0.146927,16,False
high_52w,SUNPHARMA,2020-06-15,2020-06-16,459.6917,2020-06-23,470.0709,MOMENTUM_FAIL,2,20.7585,19.8543,0.9042,0.000981,-0.021046,0.027789,6,False
high_52w,LTFOODS,2020-06-15,2020-06-16,34.0342,2020-06-18,39.8554,TARGET,29,168.8138,20.4413,148.3725,0.15,-0.031768,0.240331,3,False
high_52w,SYNGENE,2020-06-15,2020-06-16,367.526,2020-07-03,432.4245,TARGET,2,129.7969,19.298,110.4989,0.15,-0.016837,0.195447,14,False
high_52w,LAURUSLABS,2020-06-22,2020-06-23,114.3478,2020-06-24,106.3434,STOP,8,-64.0347,19.6622,-83.697,-0.091294,-0.093846,0.0,2,False
high_52w,SYNGENE,2020-06-22,2020-06-23,398.3677,2020-06-30,396.9321,MOMENTUM_FAIL,2,-2.8713,19.2883,-22.1596,-0.027752,-0.018268,0.049584,6,False
high_52w,EIDPARRY,2020-06-22,2020-06-23,264.2632,2020-07-08,245.7647,STOP,3,-55.4953,19.1645,-74.6598,-0.093968,-0.07328,0.065178,12,False
high_52w,CIPLA,2020-06-22,2020-06-23,643.1626,2020-06-30,610.9567,MOMENTUM_FAIL,1,-32.2059,18.5801,-50.786,-0.078791,-0.067804,0.0,6,False
high_52w,COROMANDEL,2020-06-22,2020-06-23,678.5216,2020-07-14,714.2675,TIME,1,35.7459,18.8678,16.8781,0.02482,-0.019593,0.067206,16,False
high_52w,LUPIN,2020-06-22,2020-06-23,898.2483,2020-06-30,875.726,MOMENTUM_FAIL,1,-22.5223,19.6769,-42.1992,-0.046877,-0.029885,0.011815,6,False
high_52w,AUROPHARMA,2020-06-22,2020-06-23,763.9185,2020-06-30,745.7507,MOMENTUM_FAIL,1,-18.1678,19.1186,-37.2865,-0.048703,-0.034662,0.037002,6,False
high_52w,RELIANCE,2020-06-22,2020-06-23,786.6516,2020-06-30,766.0189,MOMENTUM_FAIL,1,-20.6327,19.2096,-39.8423,-0.050537,-0.031114,0.012971,6,False
high_52w,CCL,2020-06-22,2020-06-23,235.4593,2020-06-29,218.9772,STOP,4,-65.9286,19.7726,-85.7012,-0.090795,-0.072379,0.03004,5,False
high_52w,DRREDDY,2020-06-22,2020-06-23,774.5951,2020-06-30,754.8948,MOMENTUM_FAIL,1,-19.7002,19.1606,-38.8608,-0.05006,-0.030238,0.021937,6,False
high_52w,SUNPHARMA,2020-06-22,2020-06-23,463.261,2020-06-30,444.2403,MOMENTUM_FAIL,2,-38.0415,19.7647,-57.8062,-0.062254,-0.047445,0.020681,6,False
high_52w,ESCORTS,2020-06-22,2020-06-23,940.8125,2020-07-13,1102.4746,TARGET,1,161.6621,20.2317,141.4304,0.15,-0.006294,0.172386,15,False
high_52w,EIDPARRY,2020-06-29,2020-06-30,274.9688,2020-07-01,255.721,STOP,3,-57.7435,19.2955,-77.039,-0.093187,-0.079079,0.0,2,False
high_52w,TATACOMM,2020-06-29,2020-06-30,575.7833,2020-07-07,579.9686,MOMENTUM_FAIL,1,4.1853,18.3697,-14.1844,-0.024581,-0.037623,0.018452,6,False
high_52w,TARIL,2020-06-29,2020-06-30,6.9648,2020-06-30,6.4772,STOP,143,-69.7173,19.9934,-89.7107,-0.089878,0.0,0.0,1,False
high_52w,ESCORTS,2020-06-29,2020-06-30,994.8735,2020-07-21,1119.1848,TIME,1,124.3113,20.3839,103.9273,0.104235,-0.022562,0.131864,16,False
high_52w,COROMANDEL,2020-06-29,2020-06-30,696.3249,2020-07-07,701.2056,MOMENTUM_FAIL,1,4.8808,18.8801,-13.9994,-0.020061,-0.016222,0.023364,6,False
high_52w,IOB,2020-06-29,2020-06-30,13.15,2020-06-30,12.2295,STOP,75,-69.0375,19.9538,-88.9913,-0.090035,0.0,0.0,1,False
high_52w,BIOCON,2020-06-29,2020-06-30,395.4949,2020-07-07,395.6927,MOMENTUM_FAIL,2,0.3955,19.2707,-18.8752,-0.023811,-0.03875,0.015875,6,False
high_52w,LUPIN,2020-06-29,2020-06-30,898.0082,2020-07-07,836.06,MOMENTUM_FAIL,1,-61.9482,19.5957,-81.5438,-0.090607,-0.072513,0.0,6,False
high_52w,SYNGENE,2020-06-29,2020-06-30,408.0213,2020-07-21,419.6549,TIME,2,23.2674,19.4231,3.8443,0.004701,-0.025237,0.153725,16,False
high_52w,AUROPHARMA,2020-06-29,2020-06-30,763.4353,2020-07-07,750.0995,MOMENTUM_FAIL,1,-13.3358,19.1264,-32.4622,-0.042428,-0.032278,0.003165,6,False
high_52w,ZYDUSLIFE,2020-06-29,2020-06-30,354.37,2020-07-07,348.6847,MOMENTUM_FAIL,2,-11.3706,18.8995,-30.2701,-0.042617,-0.056288,0.033311,6,False
high_52w,RELIANCE,2020-06-29,2020-06-30,780.8079,2020-07-21,889.8481,TIME,1,109.0402,19.449,89.5913,0.114491,-0.016667,0.143841,16,False
high_52w,TATACONSUM,2020-06-29,2020-06-30,370.1408,2020-07-21,390.6035,TIME,2,40.9253,19.1391,21.7862,0.029365,-0.01933,0.128222,16,False
high_52w,PATANJALI,2020-06-29,2020-06-30,443.111,2020-07-02,399.9161,GAP_STOP,2,-86.3898,19.4961,-105.8859,-0.119219,-0.097481,0.0,3,False
high_52w,DRREDDY,2020-06-29,2020-06-30,765.4291,2020-07-07,731.6545,MOMENTUM_FAIL,1,-33.7746,19.0932,-52.8678,-0.068919,-0.0465,0.0,6,False
high_52w,BDL,2020-07-06,2020-07-07,199.7119,2020-07-08,185.7321,STOP,4,-55.9193,19.1892,-75.1086,-0.093816,-0.085608,0.011663,2,False
high_52w,HAL,2020-07-06,2020-07-07,425.9704,2020-07-15,396.1525,STOP,2,-59.6359,19.4058,-79.0417,-0.092576,-0.10466,0.062827,7,False
high_52w,RELIANCE,2020-07-06,2020-07-07,839.5006,2020-07-14,865.2272,MOMENTUM_FAIL,1,25.7266,19.5271,6.1995,0.007369,-0.039651,0.04715,6,False
high_52w,LTFOODS,2020-07-06,2020-07-07,44.2821,2020-07-13,41.1824,STOP,22,-68.1944,19.9047,-88.0991,-0.090234,-0.133758,0.004246,5,False
high_52w,TATACONSUM,2020-07-06,2020-07-07,389.6018,2020-07-28,394.0377,TIME,2,8.8719,19.2382,-10.3663,-0.013275,-0.014814,0.071866,16,False
high_52w,SYNGENE,2020-07-06,2020-07-07,431.6847,2020-07-14,417.9717,MOMENTUM_FAIL,2,-27.4258,19.5197,-46.9455,-0.054256,-0.045871,0.038991,6,False
high_52w,BIOCON,2020-07-06,2020-07-07,399.2521,2020-07-28,394.5062,TIME,2,-9.4919,19.2823,-28.7742,-0.035957,-0.02105,0.10686,16,False
high_52w,COROMANDEL,2020-07-06,2020-07-07,700.9267,2020-07-14,714.2675,MOMENTUM_FAIL,1,13.3407,18.9168,-5.5761,-0.007938,-0.017972,0.033092,6,False
high_52w,LAURUSLABS,2020-07-13,2020-07-14,121.6187,2020-07-24,142.4485,TARGET,8,166.639,20.3775,146.2615,0.15,-0.02496,0.194445,9,False
high_52w,LALPATHLAB,2020-07-13,2020-07-14,898.6887,2020-08-04,878.3083,TIME,1,-20.3803,19.6832,-40.0635,-0.044483,-0.036035,0.077593,16,False
high_52w,RELIANCE,2020-07-13,2020-07-14,872.9001,2020-07-15,811.7971,STOP,1,-61.103,19.4914,-80.5944,-0.092128,-0.070321,0.023164,2,False
high_52w,NEULANDLAB,2020-07-13,2020-07-14,663.7877,2020-07-14,617.3226,STOP,1,-46.4651,18.6382,-65.1033,-0.097865,0.0,0.0,1,False
high_52w,GRANULES,2020-07-13,2020-07-14,238.4116,2020-07-24,279.324,TARGET,4,163.6497,20.29,143.3597,0.15,-0.027481,0.27543,9,False
high_52w,POLYMED,2020-07-13,2020-07-14,364.2598,2020-08-04,402.9279,TIME,2,77.3362,19.1636,58.1726,0.079676,-0.010304,0.171773,16,False
high_52w,BIOCON,2020-07-13,2020-07-14,415.072,2020-08-04,409.1395,TIME,2,-11.8649,19.4111,-31.276,-0.037593,-0.06384,0.0505,16,False
high_52w,BSOFT,2020-07-13,2020-07-14,94.9971,2020-07-31,111.3051,TARGET,10,163.0804,20.2733,142.8071,0.15,-0.023099,0.176131,14,False
high_52w,AUROPHARMA,2020-07-13,2020-07-14,785.6619,2020-07-21,773.2924,MOMENTUM_FAIL,1,-12.3696,19.2222,-31.5918,-0.040123,-0.018573,0.040529,6,False
high_52w,SUNPHARMA,2020-07-13,2020-07-14,469.6482,2020-07-21,448.2792,MOMENTUM_FAIL,2,-42.738,19.8091,-62.5471,-0.066444,-0.05,0.0191,6,False
high_52w,DEEPAKNTR,2020-07-13,2020-07-14,539.1341,2020-07-16,501.3947,STOP,1,-37.7394,18.1296,-55.869,-0.103401,-0.071967,0.009438,3,False
high_52w,TATACONSUM,2020-07-13,2020-07-14,400.6679,2020-07-21,390.6035,MOMENTUM_FAIL,2,-20.1288,19.2726,-39.4014,-0.049062,-0.030595,0.015952,6,False
high_52w,HCLTECH,2020-07-13,2020-07-14,473.1874,2020-07-28,554.4492,TARGET,2,162.5235,20.257,142.2666,0.15,-0.020013,0.187992,11,False
high_52w,INFY,2020-07-13,2020-07-14,676.0026,2020-07-16,796.6548,TARGET,1,120.6521,19.0301,101.6221,0.15,0.0,0.204994,3,False
high_52w,NAUKRI,2020-07-20,2020-07-21,640.749,2020-07-28,611.3781,MOMENTUM_FAIL,1,-29.371,18.5757,-47.9467,-0.074666,-0.057927,0.00907,6,False
high_52w,CDSL,2020-07-20,2020-07-21,149.3512,2020-08-11,166.257,TIME,6,101.4352,19.9203,81.5149,0.090767,-0.042996,0.16479,16,False
high_52w,COROMANDEL,2020-07-20,2020-07-21,761.1072,2020-07-28,732.1063,MOMENTUM_FAIL,1,-29.0009,19.0847,-48.0856,-0.063041,-0.045923,0.03016,6,False
high_52w,MCX,2020-07-20,2020-07-21,270.9831,2020-07-28,318.2699,TARGET,3,141.8605,19.6515,122.209,0.15,-0.015152,0.191253,6,False
high_52w,LAURUSLABS,2020-07-20,2020-07-21,128.8257,2020-07-29,151.0568,TARGET,7,155.6173,20.0546,135.5627,0.15,-0.013378,0.207054,7,False
high_52w,HCLTECH,2020-07-20,2020-07-21,510.285,2020-08-11,536.8245,TIME,1,26.5395,18.1387,8.4008,0.016427,-0.013991,0.104625,16,False
high_52w,LALPATHLAB,2020-07-20,2020-07-21,928.2807,2020-07-28,929.0681,MOMENTUM_FAIL,1,0.7874,19.8512,-19.0638,-0.020492,-0.017225,0.033472,6,False
high_52w,GRANULES,2020-07-20,2020-07-21,261.0989,2020-08-05,306.8549,TARGET,3,137.2683,19.5169,117.7514,0.15,-0.014794,0.200138,12,False
high_52w,WIPRO,2020-07-20,2020-07-21,126.9149,2020-07-28,125.525,MOMENTUM_FAIL,7,-9.7292,19.6614,-29.3906,-0.03301,-0.057271,0.0,6,False
high_52w,DRREDDY,2020-07-20,2020-07-21,789.6675,2020-07-28,780.2499,MOMENTUM_FAIL,1,-9.4176,19.2452,-28.6628,-0.036218,-0.033486,0.019426,6,False
high_52w,CCL,2020-07-20,2020-07-21,239.352,2020-07-24,222.5974,STOP,4,-67.0186,19.8361,-86.8547,-0.090521,-0.107497,0.035303,4,False
high_52w,INFY,2020-07-20,2020-07-21,805.6276,2020-07-28,820.8451,MOMENTUM_FAIL,1,15.2175,19.3627,-4.1452,-0.005134,-0.046931,0.023863,6,False
high_52w,ZYDUSLIFE,2020-07-20,2020-07-21,362.3198,2020-07-28,344.0593,MOMENTUM_FAIL,2,-36.5211,18.9154,-55.4365,-0.076335,-0.067819,0.0,6,False
high_52w,AUROPHARMA,2020-07-20,2020-07-21,799.1912,2020-07-28,764.595,MOMENTUM_FAIL,1,-34.5962,19.2341,-53.8303,-0.067209,-0.06844,0.018803,6,False
high_52w,RELIANCE,2020-07-20,2020-07-21,875.1569,2020-08-11,963.0788,TIME,1,87.9219,19.8043,68.1175,0.077665,0.0,0.133987,16,False
high_52w,PERSISTENT,2020-07-27,2020-07-28,409.0654,2020-08-10,480.3969,TARGET,2,142.6629,19.675,122.9879,0.15,0.0,0.194291,10,False
high_52w,CDSL,2020-07-27,2020-07-28,164.786,2020-08-04,163.6418,MOMENTUM_FAIL,6,-6.865,20.0908,-26.9558,-0.027204,-0.04492,0.025082,6,False
high_52w,DEEPAKFERT,2020-07-27,2020-07-28,131.0668,2020-08-03,153.6449,TARGET,7,158.0467,20.1258,137.921,0.15,-0.057124,0.17613,5,False
high_52w,HCLTECH,2020-07-27,2020-07-28,551.1126,2020-08-04,543.7722,MOMENTUM_FAIL,1,-7.3405,18.2421,-25.5826,-0.046319,-0.021297,0.022792,6,False
high_52w,DEEPAKNTR,2020-07-27,2020-07-28,598.8747,2020-08-12,556.9535,STOP,1,-41.9212,18.3734,-60.2946,-0.10046,-0.073529,0.100245,12,False
high_52w,MCX,2020-07-27,2020-07-28,296.3643,2020-08-18,306.2276,TIME,3,29.5899,19.7444,9.8455,0.01105,-0.009635,0.158029,16,False
high_52w,RELIANCE,2020-07-27,2020-07-28,973.1888,2020-08-03,905.0656,STOP,1,-68.1232,19.9005,-88.0237,-0.090251,-0.071005,0.012337,5,False
high_52w,INFY,2020-07-27,2020-07-28,806.4802,2020-08-04,809.7623,MOMENTUM_FAIL,1,3.2821,19.342,-16.06,-0.01987,-0.005761,0.042759,6,False
high_52w,POLYMED,2020-07-27,2020-07-28,401.2982,2020-08-04,402.9279,MOMENTUM_FAIL,2,3.2595,19.3256,-16.0661,-0.019974,-0.064731,0.038641,6,False
high_52w,HDFCLIFE,2020-07-27,2020-07-28,624.1876,2020-08-04,602.7436,MOMENTUM_FAIL,1,-21.444,18.5219,-39.9659,-0.063889,-0.055818,0.013994,6,False
high_52w,HINDZINC,2020-07-27,2020-07-28,124.562,2020-08-04,122.5405,MOMENTUM_FAIL,8,-16.1724,20.1047,-36.2771,-0.036325,-0.030549,0.016468,6,False
high_52w,LAURUSLABS,2020-07-27,2020-07-28,142.1626,2020-07-31,166.4591,TARGET,7,170.0753,20.4782,149.5971,0.15,0.0,0.301833,4,False
high_52w,NATCOPHARM,2020-07-27,2020-07-28,690.5861,2020-08-10,813.4967,TARGET,1,122.9106,19.0962,103.8144,0.15,-0.01387,0.191401,10,False
high_52w,IRB,2020-07-27,2020-07-28,5.9536,2020-08-04,5.9123,MOMENTUM_FAIL,167,-6.8991,20.1141,-27.0132,-0.02711,-0.026531,0.047347,6,False
high_52w,NEULANDLAB,2020-07-27,2020-07-28,697.3217,2020-08-03,821.2755,TARGET,1,123.9537,19.1268,104.8269,0.15,-0.039616,0.255561,5,False
high_52w,NEULANDLAB,2020-08-03,2020-08-04,873.5605,2020-08-04,812.4112,STOP,1,-61.1492,19.4941,-80.6433,-0.092114,0.0,0.0,1,False
high_52w,LAURUSLABS,2020-08-03,2020-08-04,197.9976,2020-08-24,231.8531,TARGET,5,169.2777,20.4549,148.8228,0.15,-0.017804,0.232443,15,False
high_52w,TATACOMM,2020-08-03,2020-08-04,754.2811,2020-08-13,701.4814,STOP,1,-52.7997,19.0074,-71.8071,-0.094992,-0.079268,0.079817,8,False
high_52w,PERSISTENT,2020-08-03,2020-08-04,467.0948,2020-08-11,465.2599,MOMENTUM_FAIL,2,-3.6699,19.8671,-23.537,-0.02514,-0.051071,0.045919,6,False
high_52w,BSOFT,2020-08-03,2020-08-04,114.9748,2020-08-06,134.7758,TARGET,8,158.4078,20.1364,138.2714,0.15,-0.027833,0.188867,3,False
high_52w,DEEPAKFERT,2020-08-03,2020-08-04,151.5223,2020-08-05,140.9157,STOP,6,-63.6394,19.6392,-83.2785,-0.091402,-0.07853,0.0,2,False
high_52w,NATCOPHARM,2020-08-03,2020-08-04,775.8317,2020-08-25,804.7977,TIME,1,28.9659,19.2649,9.701,0.012477,-0.067901,0.104938,16,False
high_52w,DEEPAKNTR,2020-08-03,2020-08-04,637.5765,2020-08-07,589.0892,GAP_STOP,1,-48.4873,18.5234,-67.0107,-0.104873,-0.107973,0.0,4,False
high_52w,ZYDUSLIFE,2020-08-03,2020-08-04,383.5194,2020-08-11,380.3876,MOMENTUM_FAIL,2,-6.2635,19.156,-25.4195,-0.033067,-0.034673,0.03392,6,False
high_52w,DRREDDY,2020-08-03,2020-08-04,872.5679,2020-08-25,852.7312,TIME,1,-19.8367,19.574,-39.4107,-0.045068,-0.024433,0.050301,16,False
high_52w,IPCALAB,2020-08-03,2020-08-04,925.5456,2020-08-25,999.0706,TIME,1,73.525,19.9878,53.5372,0.057718,0.0,0.149524,16,False
high_52w,CIPLA,2020-08-10,2020-08-11,764.4474,2020-08-18,729.856,MOMENTUM_FAIL,1,-34.5915,19.0874,-53.6789,-0.070066,-0.060604,0.0,6,False
high_52w,LAURUSLABS,2020-08-10,2020-08-11,224.2405,2020-08-11,208.5437,STOP,4,-62.7874,19.5895,-82.3769,-0.09164,0.0,0.0,1,False
high_52w,NATCOPHARM,2020-08-10,2020-08-11,823.7225,2020-08-18,779.0402,MOMENTUM_FAIL,1,-44.6822,19.3171,-63.9994,-0.077526,-0.060465,0.006337,6,False
high_52w,AUROPHARMA,2020-08-10,2020-08-11,927.7189,2020-08-13,862.7785,STOP,1,-64.9403,19.715,-84.6553,-0.091052,-0.088542,0.0,3,False
high_52w,NAUKRI,2020-08-10,2020-08-11,690.5144,2020-08-12,642.1783,STOP,1,-48.336,18.7472,-67.0832,-0.096938,-0.085225,0.0,2,False
high_52w,M&M,2020-08-10,2020-08-11,594.7719,2020-08-18,587.8329,MOMENTUM_FAIL,1,-6.9389,18.4273,-25.3662,-0.042556,-0.035635,0.029524,6,False
high_52w,SUNPHARMA,2020-08-10,2020-08-11,514.7345,2020-08-18,494.0699,MOMENTUM_FAIL,1,-20.6646,18.0614,-38.7259,-0.075071,-0.052828,0.0,6,False
high_52w,LUPIN,2020-08-10,2020-08-11,932.5722,2020-09-01,918.2651,TIME,1,-14.3071,19.8386,-34.1457,-0.036535,-0.048305,0.072872,16,False
high_52w,HAL,2020-08-10,2020-08-11,460.3156,2020-08-13,539.584,TARGET,2,158.5367,20.1401,138.3966,0.15,0.0,0.277956,3,False
high_52w,GRANULES,2020-08-10,2020-08-11,326.0887,2020-08-14,303.2625,STOP,3,-68.4786,19.9212,-88.3999,-0.090167,-0.09237,0.0,4,False
high_52w,BLS,2020-08-10,2020-08-11,23.8507,2020-08-17,28.9987,TARGET,41,211.0703,20.4888,190.5815,0.194468,0.0,0.220416,5,False
high_52w,LTFOODS,2020-08-10,2020-08-11,55.6112,2020-08-18,53.7778,MOMENTUM_FAIL,17,-31.1667,19.8584,-51.0251,-0.053855,-0.087067,0.035503,6,False
high_52w,DRREDDY,2020-08-10,2020-08-11,908.0719,2020-08-18,870.5843,MOMENTUM_FAIL,1,-37.4876,19.688,-57.1755,-0.062826,-0.051972,0.0,6,False
high_52w,GPIL,2020-08-17,2020-08-18,71.5718,2020-08-19,66.5618,STOP,13,-65.1304,19.7261,-84.8565,-0.091002,-0.081292,0.0,2,False
high_52w,APLAPOLLO,2020-08-17,2020-08-18,224.5223,2020-09-08,240.6761,TIME,4,64.6153,19.8537,44.7616,0.049732,-0.026214,0.094092,16,False
high_52w,JINDALSTEL,2020-08-17,2020-08-18,221.8616,2020-08-31,206.3313,STOP,4,-62.1212,19.5507,-81.672,-0.09183,-0.108252,0.059228,10,False
high_52w,JSL,2020-08-17,2020-08-18,46.5121,2020-08-31,43.2562,STOP,21,-68.3728,19.9151,-88.2878,-0.090192,-0.109474,0.115789,10,False
high_52w,TATACONSUM,2020-08-17,2020-08-18,520.439,2020-08-25,520.4389,MOMENTUM_FAIL,1,-0.0001,18.1275,-18.1276,-0.034755,-0.010082,0.020896,6,False
high_52w,EMAMILTD,2020-08-17,2020-08-18,317.0147,2020-08-25,319.7057,MOMENTUM_FAIL,3,8.0731,19.9622,-11.889,-0.012474,-0.037635,0.027731,6,False
high_52w,CDSL,2020-08-17,2020-08-18,173.1222,2020-08-25,178.2126,MOMENTUM_FAIL,5,25.4524,19.6368,5.8155,0.006704,-0.019018,0.041273,6,False
high_52w,HCLTECH,2020-08-17,2020-08-18,564.4193,2020-08-25,550.7986,MOMENTUM_FAIL,1,-13.6207,18.2855,-31.9062,-0.056406,-0.03373,0.0,6,False
high_52w,TORNTPOWER,2020-08-17,2020-08-18,307.0086,2020-08-25,306.8778,MOMENTUM_FAIL,3,-0.3925,19.8182,-20.2106,-0.021896,-0.028409,0.048011,6,False
high_52w,LUPIN,2020-08-17,2020-08-18,964.7632,2020-08-25,939.774,MOMENTUM_FAIL,1,-24.9891,19.9528,-44.9419,-0.046482,-0.037575,0.019188,6,False
high_52w,TIINDIA,2020-08-17,2020-08-18,593.9855,2020-09-08,634.1357,TIME,1,40.1502,18.5198,21.6304,0.036336,-0.024754,0.136773,16,False
high_52w,ECLERX,2020-08-17,2020-08-18,233.6094,2020-09-08,235.4687,TIME,4,7.4372,19.8908,-12.4536,-0.013298,-0.040648,0.154065,16,False
high_52w,INFY,2020-08-17,2020-08-18,821.7402,2020-08-25,799.7452,MOMENTUM_FAIL,1,-21.995,19.355,-41.3499,-0.05021,-0.031435,0.007937,6,False
high_52w,WIPRO,2020-08-17,2020-08-18,129.7631,2020-08-25,123.0186,MOMENTUM_FAIL,7,-47.2113,19.6693,-66.8806,-0.073469,-0.054082,0.004214,6,False
high_52w,ECLERX,2020-08-24,2020-08-25,268.9363,2020-08-26,250.1108,STOP,3,-56.4766,19.2217,-75.6983,-0.09362,-0.07216,0.0,2,False
high_52w,JUBLFOOD,2020-08-24,2020-08-25,420.5484,2020-09-01,424.28,MOMENTUM_FAIL,2,7.4632,19.4967,-12.0335,-0.014276,-0.028404,0.039882,6,False
high_52w,TIINDIA,2020-08-24,2020-08-25,643.542,2020-09-01,637.7498,MOMENTUM_FAIL,1,-5.7922,18.6355,-24.4277,-0.037875,-0.042234,0.010078,6,False
high_52w,CUPID,2020-08-24,2020-08-25,2.708,2020-08-27,2.5092,GAP_STOP,368,-73.1741,19.9889,-93.163,-0.093281,-0.131294,0.037587,3,False
high_52w,DEEPAKFERT,2020-08-24,2020-08-25,163.5995,2020-08-31,152.1475,STOP,6,-68.7118,19.9348,-88.6466,-0.090112,-0.110869,0.013348,5,False
high_52w,PERSISTENT,2020-08-24,2020-08-25,526.1967,2020-08-25,489.3629,STOP,1,-36.8338,18.0768,-54.9106,-0.104126,0.0,0.0,1,False
high_52w,CCL,2020-08-24,2020-08-25,275.288,2020-08-28,256.0179,STOP,3,-57.8105,19.2995,-77.1099,-0.093165,-0.085015,0.0,4,False
high_52w,LAURUSLABS,2020-08-24,2020-08-25,235.7953,2020-08-26,219.2896,STOP,4,-66.0227,19.7781,-85.8008,-0.090771,-0.081312,0.0,2,False
high_52w,FSL,2020-08-24,2020-08-25,53.6164,2020-09-15,62.8066,TARGET,18,165.4227,20.3419,145.0808,0.15,-0.055285,0.203252,16,False
high_52w,CDSL,2020-08-24,2020-08-25,177.9091,2020-09-02,208.6536,TARGET,5,153.7226,19.9991,133.7235,0.15,-0.005119,0.287964,7,False
high_52w,APLAPOLLO,2020-08-24,2020-08-25,235.714,2020-09-01,235.7533,MOMENTUM_FAIL,4,0.1572,19.9115,-19.7543,-0.020906,-0.02622,0.042144,6,False
high_52w,NLCINDIA,2020-08-24,2020-08-25,47.6578,2020-08-31,44.3217,STOP,20,-66.7209,19.8188,-86.5396,-0.090595,-0.085485,0.0,5,False
high_52w,TIINDIA,2020-08-31,2020-09-01,637.7498,2020-09-22,593.1073,STOP,1,-44.6425,18.532,-63.1745,-0.098842,-0.122807,0.058764,16,False
high_52w,APLAPOLLO,2020-08-31,2020-09-01,229.5335,2020-09-14,269.071,TARGET,4,158.15,20.1288,138.0212,0.15,-0.004259,0.198587,10,False
high_52w,GODREJIND,2020-08-31,2020-09-01,439.85,2020-09-09,409.0,GAP_STOP,2,-61.7,19.5189,-81.2189,-0.092124,-0.090599,0.089008,7,False
high_52w,IEX,2020-08-31,2020-09-01,58.4588,2020-09-08,58.2614,MOMENTUM_FAIL,17,-3.3555,20.1194,-23.475,-0.02357,-0.028571,0.027792,6,False
high_52w,HCLTECH,2020-08-31,2020-09-01,545.6172,2020-09-14,646.0771,TARGET,1,100.4599,18.4384,82.0215,0.15,-0.008561,0.190493,10,False
high_52w,WELSPUNLIV,2020-08-31,2020-09-01,50.8789,2020-09-15,59.5985,TARGET,19,165.6712,20.3492,145.322,0.15,-0.013514,0.203668,11,False
high_52w,TATACONSUM,2020-08-31,2020-09-01,501.7888,2020-09-22,481.183,TIME,1,-20.6058,18.0068,-38.6126,-0.076782,-0.067681,0.12538,16,False
high_52w,JUBLFOOD,2020-08-31,2020-09-01,414.6252,2020-09-22,455.4855,TIME,2,81.7207,19.5979,62.1228,0.074751,0.0,0.154095,16,False
high_52w,RELIANCE,2020-08-31,2020-09-01,947.8234,2020-09-08,951.0278,MOMENTUM_FAIL,1,3.2044,19.9387,-16.7343,-0.017617,-0.026548,0.018452,6,False
high_52w,CGCL,2020-08-31,2020-09-01,204.8309,2020-09-08,212.5639,MOMENTUM_FAIL,4,30.932,19.4525,11.4795,0.01398,-0.018186,0.048112,6,False
high_52w,GRANULES,2020-09-07,2020-09-08,366.8376,2020-09-09,340.9288,GAP_STOP,2,-51.8176,18.9224,-70.74,-0.096208,-0.081575,0.0,2,False
high_52w,CGPOWER,2020-09-07,2020-09-08,22.8686,2020-09-10,20.6459,GAP_STOP,43,-95.5738,19.8875,-115.4613,-0.11716,-0.097192,0.0,3,False
high_52w,WELSPUNLIV,2020-09-07,2020-09-08,56.9196,2020-09-29,67.4784,TARGET,17,179.5005,20.3813,159.1192,0.164083,-0.059534,0.185505,16,False
high_52w,TIINDIA,2020-09-07,2020-09-08,663.3944,2020-09-09,616.9568,STOP,1,-46.4376,18.6366,-65.0742,-0.097879,-0.096642,0.0,2,False
high_52w,CGCL,2020-09-07,2020-09-08,213.1297,2020-09-15,213.9785,MOMENTUM_FAIL,4,3.3951,19.5366,-16.1416,-0.018893,-0.048672,0.034956,6,False
high_52w,HCLTECH,2020-09-07,2020-09-08,556.451,2020-09-21,658.5887,TARGET,1,102.1377,18.4876,83.6501,0.15,0.0,0.202401,10,False
high_52w,ATGL,2020-09-07,2020-09-08,195.8258,2020-09-21,182.118,STOP,5,-68.539,19.9248,-88.4638,-0.090152,-0.070609,0.0961,10,False
high_52w,JSWSTEEL,2020-09-07,2020-09-08,269.1873,2020-09-15,272.5757,MOMENTUM_FAIL,3,10.1652,19.3606,-9.1953,-0.011362,-0.047377,0.029895,6,False
high_52w,ADANIGREEN,2020-09-07,2020-09-08,560.0,2020-09-15,662.6873,TARGET,1,102.6873,18.5037,84.1836,0.15,-0.0425,0.197857,6,False
high_52w,APLAPOLLO,2020-09-07,2020-09-08,239.2906,2020-09-29,280.3392,TARGET,4,164.1942,20.3059,143.8883,0.15,-0.014495,0.199031,16,False
high_52w,JUBLFOOD,2020-09-07,2020-09-08,444.0438,2020-09-29,468.3191,TIME,2,48.5507,19.7788,28.7719,0.032327,-0.01474,0.092841,16,False
high_52w,ASTRAL,2020-09-07,2020-09-08,691.6274,2020-09-15,668.3043,MOMENTUM_FAIL,1,-23.323,18.8029,-42.1259,-0.060776,-0.05615,0.024116,6,False
high_52w,LAURUSLABS,2020-09-07,2020-09-08,236.187,2020-09-17,276.7549,TARGET,4,162.2716,20.2496,142.022,0.15,-0.014801,0.181592,8,False
high_52w,HCLTECH,2020-09-14,2020-09-15,622.7481,2020-10-07,651.8761,TIME,1,29.1279,18.6188,10.5091,0.016839,-0.014917,0.074395,16,False
high_52w,APLAPOLLO,2020-09-14,2020-09-15,267.6531,2020-09-22,250.6445,MOMENTUM_FAIL,3,-51.0259,19.2166,-70.2425,-0.087289,-0.073001,0.041429,6,False
high_52w,LAURUSLABS,2020-09-14,2020-09-15,264.1926,2020-10-06,310.4278,TARGET,3,138.7056,19.5591,119.1466,0.15,-0.068643,0.178095,15,False
high_52w,SYNGENE,2020-09-14,2020-09-15,541.5861,2020-10-07,558.3683,TIME,1,16.7822,18.251,-1.4688,-0.002706,-0.034735,0.090859,16,False
high_52w,ADANIGREEN,2020-09-14,2020-09-15,654.0,2020-09-23,608.22,STOP,1,-45.78,18.5983,-64.3783,-0.098223,-0.100535,0.067125,7,False
high_52w,WIPRO,2020-09-14,2020-09-15,139.9937,2020-10-07,152.7992,TIME,7,89.6379,20.2503,69.3876,0.070652,-0.015462,0.09554,16,False
high_52w,COFORGE,2020-09-14,2020-09-15,403.6729,2020-10-07,448.7044,TIME,2,90.063,19.5224,70.5407,0.087183,-0.04529,0.131763,16,False
high_52w,PERSISTENT,2020-09-14,2020-09-15,556.7007,2020-09-22,561.491,MOMENTUM_FAIL,1,4.7902,18.2904,-13.5002,-0.024197,-0.064854,0.029966,6,False
high_52w,IEX,2020-09-14,2020-09-15,64.3806,2020-09-21,59.8739,STOP,15,-67.5996,19.87,-87.4696,-0.090378,-0.09434,0.034434,5,False
high_52w,FSL,2020-09-14,2020-09-15,60.7653,2020-10-07,60.2422,TIME,16,-8.3695,20.0182,-28.3877,-0.029134,-0.035868,0.12482,16,False
high_52w,WELSPUNLIV,2020-09-14,2020-09-15,58.8349,2020-09-22,54.7165,STOP,16,-65.8951,19.7707,-85.6658,-0.090804,-0.084307,0.0601,6,False
high_52w,EMAMILTD,2020-09-14,2020-09-15,354.1521,2020-09-18,329.3615,STOP,2,-49.5813,18.8198,-68.4011,-0.09636,-0.080547,0.022543,4,False
high_52w,INFY,2020-09-21,2020-09-22,860.1887,2020-09-29,860.1887,MOMENTUM_FAIL,1,-0.0,19.5621,-19.5621,-0.022692,-0.038652,0.02775,6,False
high_52w,WIPRO,2020-09-21,2020-09-22,143.7306,2020-09-29,141.9533,MOMENTUM_FAIL,6,-10.6636,19.5497,-30.2132,-0.034958,-0.041059,0.020292,6,False
high_52w,HCLTECH,2020-09-21,2020-09-22,640.7761,2020-09-29,639.8314,MOMENTUM_FAIL,1,-0.9447,18.6337,-19.5784,-0.030488,-0.036796,0.037902,6,False
high_52w,CGCL,2020-09-21,2020-09-22,215.7232,2020-09-29,210.4892,MOMENTUM_FAIL,4,-20.9359,19.5309,-40.4667,-0.046794,-0.053333,0.025137,6,False
high_52w,NATCOPHARM,2020-09-21,2020-09-22,871.1766,2020-09-22,810.1942,STOP,1,-60.9824,19.4843,-80.4667,-0.092164,0.0,0.0,1,False
high_52w,BERGEPAINT,2020-09-21,2020-09-22,458.6792,2020-10-14,488.4704,TIME,2,59.5823,19.9248,39.6575,0.043136,-0.015556,0.085252,16,False
high_52w,COROMANDEL,2020-09-21,2020-09-22,750.0548,2020-09-22,697.5509,STOP,1,-52.5038,18.9902,-71.494,-0.09511,0.0,0.0,1,False
high_52w,JUBLFOOD,2020-09-21,2020-09-22,456.0976,2020-10-14,457.0848,TIME,2,1.9744,19.7857,-17.8113,-0.019483,-0.03119,0.06396,16,False
high_52w,TECHM,2020-09-21,2020-09-22,624.5439,2020-09-29,604.973,MOMENTUM_FAIL,1,-19.5709,18.5273,-38.0982,-0.060869,-0.057314,0.024527,6,False
high_52w,COFORGE,2020-09-28,2020-09-29,448.6295,2020-10-07,448.7044,MOMENTUM_FAIL,2,0.1498,19.7189,-19.5691,-0.021762,-0.048017,0.018351,6,False
high_52w,PERSISTENT,2020-09-28,2020-09-29,612.3471,2020-10-19,569.4828,STOP,1,-42.8643,18.4283,-61.2926,-0.099876,-0.172291,0.08239,14,False
high_52w,GRANULES,2020-09-28,2020-09-29,395.4402,2020-10-05,367.7594,STOP,2,-55.3616,19.1567,-74.5184,-0.094016,-0.071093,0.0,4,False
high_52w,NATCOPHARM,2020-09-28,2020-09-29,907.3878,2020-10-07,892.5195,MOMENTUM_FAIL,1,-14.8683,19.7311,-34.5994,-0.038048,-0.029336,0.032718,6,False
high_52w,JUBLFOOD,2020-09-28,2020-09-29,482.2387,2020-10-07,463.4424,MOMENTUM_FAIL,2,-37.5925,19.9259,-57.5185,-0.059507,-0.056275,0.0,6,False
high_52w,NAUKRI,2020-09-28,2020-09-29,703.261,2020-10-07,675.8338,MOMENTUM_FAIL,1,-27.4272,18.8436,-46.2708,-0.065651,-0.051319,0.024445,6,False
high_52w,BERGEPAINT,2020-09-28,2020-09-29,478.755,2020-10-07,490.1635,MOMENTUM_FAIL,2,22.817,20.0195,2.7975,0.002915,-0.035029,0.030482,6,False
high_52w,SYNGENE,2020-09-28,2020-09-29,583.1704,2020-10-07,558.3683,MOMENTUM_FAIL,1,-24.8021,18.3419,-43.144,-0.07382,-0.066129,0.0,6,False
high_52w,APLAPOLLO,2020-09-28,2020-09-29,276.5014,2020-10-21,286.6368,TIME,3,30.4064,19.4945,10.9119,0.013126,-0.052949,0.083156,16,False
high_52w,HCLTECH,2020-09-28,2020-09-29,659.2369,2020-10-07,651.8761,MOMENTUM_FAIL,1,-7.3608,18.6986,-26.0594,-0.039443,-0.036183,0.00215,6,False
high_52w,INFY,2020-09-28,2020-09-29,867.8613,2020-10-21,978.9868,TIME,1,111.1255,19.8208,91.3047,0.104977,-0.01277,0.165029,16,False
high_52w,BIOCON,2020-09-28,2020-09-29,446.9093,2020-10-07,447.0576,MOMENTUM_FAIL,2,0.2966,19.7047,-19.4081,-0.021666,-0.017035,0.038164,6,False
high_52w,WELSPUNLIV,2020-10-05,2020-10-06,73.6664,2020-10-07,68.5098,STOP,13,-67.0364,19.8372,-86.8736,-0.090516,-0.076,0.0,2,False
high_52w,TRIDENT,2020-10-05,2020-10-06,7.7152,2020-10-06,7.1751,STOP,129,-69.6681,19.9906,-89.6587,-0.089889,0.0,0.0,1,False
high_52w,WIPRO,2020-10-05,2020-10-06,152.6625,2020-10-27,152.2295,TIME,6,-2.5978,19.7924,-22.3902,-0.024391,-0.028358,0.139403,16,False
high_52w,TECHM,2020-10-05,2020-10-06,673.334,2020-10-13,683.7694,MOMENTUM_FAIL,1,10.4354,18.7944,-8.359,-0.012387,-0.020703,0.038131,6,False
high_52w,ADANIENT,2020-10-05,2020-10-06,328.4549,2020-10-13,312.3015,MOMENTUM_FAIL,3,-48.4605,19.992,-68.4524,-0.069318,-0.059654,0.018822,6,False
high_52w,INFY,2020-10-05,2020-10-06,899.4044,2020-10-27,939.9573,TIME,1,40.5529,19.8103,20.7426,0.023012,-0.018483,0.12417,16,False
high_52w,BSOFT,2020-10-05,2020-10-06,189.5446,2020-10-12,176.2765,STOP,5,-66.3406,19.7966,-86.1372,-0.09069,-0.080136,0.016999,5,False
high_52w,ADANIGREEN,2020-10-05,2020-10-06,749.5,2020-10-08,697.035,STOP,1,-52.465,18.9879,-71.4529,-0.095126,-0.110607,0.0,3,False
high_52w,BIOCON,2020-10-05,2020-10-06,455.9068,2020-10-13,446.4149,MOMENTUM_FAIL,2,-18.9838,19.7414,-38.7253,-0.042378,-0.037411,0.036652,6,False
high_52w,DABUR,2020-10-05,2020-10-06,489.1284,2020-10-13,479.7983,MOMENTUM_FAIL,2,-18.6601,20.0226,-38.6827,-0.039456,-0.021936,0.013448,6,False
high_52w,BERGEPAINT,2020-10-05,2020-10-06,473.2724,2020-10-27,490.486,TIME,2,34.4272,19.9968,14.4303,0.015212,0.0,0.061329,16,False
high_52w,IEX,2020-10-05,2020-10-06,65.9445,2020-10-08,61.3284,STOP,15,-69.2418,19.9657,-89.2075,-0.089988,-0.101543,0.0,3,False
high_52w,JSWSTEEL,2020-10-05,2020-10-06,275.5405,2020-10-13,272.9051,MOMENTUM_FAIL,3,-7.9061,19.4043,-27.3104,-0.032967,-0.045773,0.0193,6,False
high_52w,COFORGE,2020-10-12,2020-10-13,501.5846,2020-10-15,466.4737,STOP,1,-35.1109,17.9764,-53.0873,-0.105608,-0.072693,0.033424,3,False
high_52w,INFY,2020-10-12,2020-10-13,968.0747,2020-10-20,969.7368,MOMENTUM_FAIL,1,1.6621,20.021,-18.3589,-0.018923,-0.037911,0.044427,6,False
high_52w,WIPRO,2020-10-12,2020-10-13,171.939,2020-10-14,159.9032,STOP,5,-60.1786,19.4375,-79.6161,-0.092408,-0.076862,0.0,2,False
high_52w,AMBUJACEM,2020-10-12,2020-10-13,212.634,2020-11-03,235.0638,TIME,4,89.719,19.704,70.0149,0.082139,0.0,0.121519,16,False
high_52w,HAVELLS,2020-10-12,2020-10-13,678.3779,2020-10-20,682.3712,MOMENTUM_FAIL,1,3.9932,18.8025,-14.8093,-0.021783,-0.03383,0.010709,6,False
high_52w,CIPLA,2020-10-12,2020-10-13,772.9401,2020-10-20,729.3312,MOMENTUM_FAIL,1,-43.609,19.1049,-62.7139,-0.08096,-0.066296,0.0,6,False
high_52w,BERGEPAINT,2020-10-12,2020-10-13,486.9788,2020-10-20,496.0089,MOMENTUM_FAIL,2,18.0601,20.0793,-2.0191,-0.002069,-0.018212,0.024834,6,False
high_52w,ZYDUSLIFE,2020-10-12,2020-10-13,422.5459,2020-10-20,412.6206,MOMENTUM_FAIL,2,-19.8506,19.4579,-39.3085,-0.046412,-0.06203,0.0,6,False
high_52w,HCLTECH,2020-10-12,2020-10-13,681.9881,2020-11-03,643.8112,TIME,1,-38.1769,18.7319,-56.9088,-0.083263,-0.05795,0.051252,16,False
high_52w,SRF,2020-10-12,2020-10-13,856.3509,2020-10-20,878.5626,MOMENTUM_FAIL,1,22.2117,19.5911,2.6206,0.003053,-0.018847,0.034995,6,False
high_52w,JSL,2020-10-12,2020-10-13,50.8206,2020-10-19,59.5311,TARGET,19,165.4994,20.3442,145.1553,0.15,-0.028902,0.194605,5,False
high_52w,BIOCON,2020-10-12,2020-10-13,456.6978,2020-10-20,434.8467,MOMENTUM_FAIL,2,-43.7022,19.6978,-63.4,-0.06926,-0.066032,0.0,6,False
high_52w,BBOX,2020-10-19,2020-10-20,96.0582,2020-10-23,112.5306,TARGET,10,164.7238,20.3214,144.4024,0.15,-0.064938,0.172199,4,False
high_52w,JSL,2020-10-19,2020-10-20,58.5563,2020-10-26,54.4573,STOP,17,-69.6819,19.9914,-89.6733,-0.089886,-0.122074,0.003345,5,False
high_52w,GPIL,2020-10-19,2020-10-20,88.1259,2020-11-10,84.6812,TIME,11,-37.8916,19.946,-57.8377,-0.059534,-0.060635,0.106354,16,False
high_52w,JSWSTEEL,2020-10-19,2020-10-20,291.7765,2020-11-10,315.1185,TIME,3,70.0262,19.7686,50.2576,0.05729,-0.033548,0.089193,16,False
high_52w,PCBL,2020-10-19,2020-10-20,56.8862,2020-11-10,60.7751,TIME,17,66.112,20.148,45.964,0.047426,-0.003273,0.128727,16,False
high_52w,AMBUJACEM,2020-10-19,2020-10-20,224.2078,2020-10-27,229.5461,MOMENTUM_FAIL,4,21.3532,19.7603,1.5929,0.001772,-0.029812,0.028411,6,False
high_52w,HAVELLS,2020-10-19,2020-10-20,678.9071,2020-10-27,697.0934,MOMENTUM_FAIL,1,18.1863,18.8337,-0.6474,-0.000951,-0.007441,0.040323,6,False
high_52w,SRF,2020-10-19,2020-10-20,872.7256,2020-10-27,858.1528,MOMENTUM_FAIL,1,-14.5728,19.5854,-34.1582,-0.039054,-0.037155,0.021445,6,False
high_52w,BERGEPAINT,2020-10-19,2020-10-20,492.542,2020-10-27,490.486,MOMENTUM_FAIL,2,-4.1119,20.0811,-24.193,-0.024506,-0.03724,0.019807,6,False
high_52w,TATACOMM,2020-10-19,2020-10-20,858.3412,2020-11-10,975.1733,TIME,1,116.8322,19.7922,97.04,0.112809,-0.057535,0.145371,16,False
high_52w,DABUR,2020-10-19,2020-10-20,486.2826,2020-10-27,488.1487,MOMENTUM_FAIL,2,3.7323,20.0442,-16.3119,-0.016735,-0.03089,0.02264,6,False
high_52w,CEATLTD,2020-10-19,2020-10-20,987.1008,2020-10-27,1155.9314,TARGET,1,168.8306,20.4418,148.3888,0.15,-0.017274,0.198657,6,False
high_52w,LAURUSLABS,2020-10-19,2020-10-20,326.5687,2020-10-27,316.8745,MOMENTUM_FAIL,3,-29.0828,20.0075,-49.0903,-0.049998,-0.085457,0.025187,6,False
high_52w,BBOX,2020-10-26,2020-10-27,119.5148,2020-10-27,111.1487,STOP,8,-66.9283,19.8309,-86.7592,-0.090543,0.0,0.0,1,False
high_52w,CGPOWER,2020-10-26,2020-10-27,26.6718,2020-11-02,32.0555,TARGET,37,199.1985,20.5026,178.696,0.180681,-0.012963,0.211111,5,False
high_52w,APLAPOLLO,2020-10-26,2020-10-27,299.3958,2020-11-17,325.1888,TIME,3,77.3792,19.8801,57.4991,0.063877,-0.007696,0.098786,16,False
high_52w,TATACOMM,2020-10-26,2020-10-27,898.9945,2020-10-28,836.0649,STOP,1,-62.9296,19.5978,-82.5274,-0.091599,-0.075026,0.0,2,False
high_52w,PCBL,2020-10-26,2020-10-27,62.8644,2020-10-29,58.4639,STOP,15,-66.0076,19.7772,-85.7848,-0.090775,-0.076012,0.00691,3,False
high_52w,HAVELLS,2020-10-26,2020-10-27,693.918,2020-11-17,817.3446,TARGET,1,123.4266,19.1114,104.3153,0.15,-0.012965,0.178118,16,False
high_52w,KAJARIACER,2020-10-26,2020-10-27,541.3556,2020-11-03,542.9617,MOMENTUM_FAIL,1,1.6062,18.2191,-16.613,-0.030621,-0.033944,0.025044,6,False
high_52w,ZYDUSWELL,2020-10-26,2020-10-27,371.9454,2020-11-03,346.48,MOMENTUM_FAIL,2,-50.9308,18.9673,-69.8981,-0.093758,-0.073016,0.015344,6,False
high_52w,WELSPUNLIV,2020-10-26,2020-10-27,72.6842,2020-11-02,67.5963,STOP,13,-66.1426,19.7851,-85.9277,-0.090741,-0.102703,0.033784,5,False
high_52w,MCX,2020-10-26,2020-10-27,342.0493,2020-10-29,318.1058,STOP,2,-47.8869,18.7211,-66.608,-0.097154,-0.075202,0.015274,3,False
high_52w,DABUR,2020-10-26,2020-10-27,480.4981,2020-11-03,480.8713,MOMENTUM_FAIL,2,0.7465,19.9893,-19.2428,-0.01998,-0.021262,0.021359,6,False
high_52w,LINDEINDIA,2020-10-26,2020-10-27,806.0753,2020-11-03,817.2687,MOMENTUM_FAIL,1,11.1934,19.3564,-8.163,-0.010105,-0.023429,0.033462,6,False
high_52w,HAVELLS,2020-11-02,2020-11-03,752.0853,2020-11-24,789.8051,TIME,1,37.7197,19.1825,18.5373,0.024594,-0.011899,0.09391,16,False
high_52w,ADANIGREEN,2020-11-02,2020-11-03,881.0,2020-11-03,819.33,STOP,1,-61.67,19.5244,-81.1944,-0.091961,0.0,0.0,1,False
high_52w,CGCL,2020-11-02,2020-11-03,236.2817,2020-11-10,236.5174,MOMENTUM_FAIL,4,0.943,19.9227,-18.9797,-0.020038,-0.041908,0.029735,6,False
high_52w,BERGEPAINT,2020-11-02,2020-11-03,506.6515,2020-11-24,517.7778,TIME,1,11.1264,18.092,-6.9656,-0.013718,0.0,0.0662,16,False
high_52w,ADANIENT,2020-11-02,2020-11-03,343.013,2020-11-23,404.1153,TARGET,2,122.2044,19.0755,103.1289,0.15,-0.018895,0.202616,15,False
high_52w,AMBUJACEM,2020-11-02,2020-11-03,235.1535,2020-11-24,244.648,TIME,4,37.9781,19.979,17.999,0.019094,-0.009348,0.109082,16,False
high_52w,ATGL,2020-11-02,2020-11-03,220.6348,2020-11-17,258.7942,TARGET,4,152.6376,19.9673,132.6703,0.15,-0.040724,0.328507,11,False
high_52w,VOLTAS,2020-11-02,2020-11-03,705.5031,2020-11-24,756.7365,TIME,1,51.2334,19.0133,32.2201,0.04557,-0.026457,0.107758,16,False
high_52w,LINDEINDIA,2020-11-02,2020-11-03,812.1404,2020-11-24,887.7825,TIME,1,75.6421,19.5132,56.1288,0.068961,-0.016211,0.143898,16,False
high_52w,APLAPOLLO,2020-11-02,2020-11-03,306.3722,2020-11-24,316.3897,TIME,3,30.0526,19.8721,10.1805,0.011052,0.0,0.073765,16,False
high_52w,TATACOMM,2020-11-02,2020-11-03,895.2988,2020-11-24,972.1246,TIME,1,76.8258,19.8668,56.959,0.063481,-0.030908,0.098091,16,False
high_52w,CGPOWER,2020-11-02,2020-11-03,30.6231,2020-11-13,35.8644,TARGET,32,167.7217,20.4093,147.3124,0.15,-0.035484,0.179032,9,False
high_52w,SRF,2020-11-02,2020-11-03,867.7505,2020-11-19,1018.0979,TARGET,1,150.3473,19.9002,130.4471,0.15,-0.016974,0.177148,13,False
high_52w,TIINDIA,2020-11-02,2020-11-03,651.5127,2020-11-20,768.3722,TARGET,1,116.8595,18.9189,97.9406,0.15,-0.00304,0.208055,14,False
high_52w,VOLTAS,2020-11-09,2020-11-10,778.6588,2020-11-11,724.1527,STOP,1,-54.5061,19.1069,-73.613,-0.094332,-0.070479,0.0,2,False
high_52w,HDFCBANK,2020-11-09,2020-11-10,632.2024,2020-11-17,656.172,MOMENTUM_FAIL,1,23.9696,18.6483,5.3213,0.008399,-0.007369,0.042594,6,False
high_52w,TECHM,2020-11-09,2020-11-10,713.3704,2020-11-17,691.4867,MOMENTUM_FAIL,1,-21.8837,18.8976,-40.7813,-0.057042,-0.068291,0.0,6,False
high_52w,KAJARIACER,2020-11-09,2020-11-10,560.3929,2020-12-02,641.0764,TIME,1,80.6835,18.4605,62.223,0.110792,-0.035151,0.154261,16,False
high_52w,JSWSTEEL,2020-11-09,2020-11-10,313.4244,2020-12-02,346.7434,TIME,3,99.9571,20.1038,79.8533,0.08474,-0.011561,0.113363,16,False
high_52w,ARE&M,2020-11-09,2020-11-10,765.0403,2020-11-17,781.7952,MOMENTUM_FAIL,1,16.7549,19.1945,-2.4395,-0.003182,-0.003742,0.040059,6,False
high_52w,ADANIGREEN,2020-11-09,2020-11-10,914.95,2020-11-18,1072.6069,TARGET,1,157.6569,20.1144,137.5425,0.15,-0.054484,0.200066,7,False
high_52w,APLAPOLLO,2020-11-09,2020-11-10,321.7989,2020-11-17,325.1888,MOMENTUM_FAIL,3,10.1699,20.027,-9.8572,-0.010188,-0.023191,0.02229,6,False
high_52w,TATACOMM,2020-11-09,2020-11-10,947.0394,2020-11-17,923.5713,MOMENTUM_FAIL,1,-23.4681,19.881,-43.3491,-0.045673,-0.04478,0.027317,6,False
high_52w,HAVELLS,2020-11-09,2020-11-10,799.6199,2020-11-17,812.8025,MOMENTUM_FAIL,1,13.1826,19.3332,-6.1506,-0.007675,-0.030084,0.022383,6,False
high_52w,ADANIENT,2020-11-09,2020-11-10,357.0726,2020-12-01,420.3521,TARGET,2,126.5591,19.2031,107.356,0.15,-0.01131,0.183887,15,False
high_52w,KPRMILL,2020-11-09,2020-11-10,152.193,2020-12-02,156.9709,TIME,6,28.6677,19.8441,8.8235,0.009642,-0.039322,0.079284,16,False
high_52w,MARICO,2020-11-09,2020-11-10,356.0807,2020-11-17,351.2162,MOMENTUM_FAIL,2,-9.7289,18.9173,-28.6462,-0.040137,-0.052043,0.0,6,False
high_52w,KOTAKBANK,2020-11-09,2020-11-10,344.1655,2020-12-02,360.7077,TIME,2,33.0844,18.9038,14.1806,0.020556,-0.006152,0.125592,16,False
high_52w,TIINDIA,2020-11-09,2020-11-10,694.2868,2020-11-23,817.7706,TARGET,1,123.4837,19.113,104.3707,0.15,0.0,0.195094,10,False
high_52w,ASTRAL,2020-11-17,2020-11-18,817.6389,2020-11-25,808.124,MOMENTUM_FAIL,1,-9.515,19.3631,-28.878,-0.035242,-0.066998,0.005818,6,False
high_52w,ADANIENT,2020-11-17,2020-11-18,392.8198,2020-12-07,461.6353,TARGET,2,137.6311,19.5276,118.1036,0.15,-0.040995,0.18378,13,False
high_52w,TATASTEEL,2020-11-17,2020-11-18,43.6924,2020-12-02,51.1844,TARGET,22,164.8245,20.3244,144.5001,0.15,-0.015444,0.172973,10,False
high_52w,SARDAEN,2020-11-17,2020-11-18,29.7996,2020-12-10,30.8942,TIME,33,36.1199,20.1559,15.964,0.016198,-0.039493,0.157159,16,False
high_52w,HDFCLIFE,2020-11-17,2020-11-18,660.0097,2020-11-25,652.7472,MOMENTUM_FAIL,1,-7.2625,18.7021,-25.9646,-0.039254,-0.043866,0.023792,6,False
high_52w,DALBHARAT,2020-11-17,2020-11-18,958.6419,2020-12-01,1123.0652,TARGET,1,164.4233,20.3126,144.1107,0.15,-0.038608,0.21878,9,False
high_52w,AMBUJACEM,2020-11-17,2020-11-18,256.2021,2020-11-25,245.6549,MOMENTUM_FAIL,3,-31.6417,19.111,-50.7527,-0.065888,-0.050337,0.0,6,False
high_52w,JUBLFOOD,2020-11-17,2020-11-18,496.1681,2020-12-10,509.0313,TIME,2,25.7265,20.1725,5.554,0.005585,-0.04803,0.058476,16,False
high_52w,KAJARIACER,2020-11-17,2020-11-18,581.5085,2020-11-25,583.6813,MOMENTUM_FAIL,1,2.1728,18.3898,-16.217,-0.027827,-0.038018,0.025101,6,False
high_52w,ADANIENSOL,2020-11-17,2020-11-18,370.9,2020-11-25,344.937,STOP,2,-51.926,18.9565,-70.8825,-0.095346,-0.071043,0.066056,6,False
high_52w,NAUKRI,2020-11-17,2020-11-18,767.7267,2020-11-25,789.5668,MOMENTUM_FAIL,1,21.8401,19.2162,2.6239,0.00341,-0.03715,0.040967,6,False
high_52w,CHAMBLFERT,2020-11-17,2020-11-18,164.0962,2020-11-25,167.5379,MOMENTUM_FAIL,6,20.65,20.1294,0.5207,0.000528,-0.045711,0.043291,6,False
high_52w,HAVELLS,2020-11-17,2020-11-18,805.5857,2020-11-25,784.657,MOMENTUM_FAIL,1,-20.9287,19.2889,-40.2176,-0.049815,-0.0301,0.021261,6,False
high_52w,INOXWIND,2020-11-23,2020-11-24,14.7375,2020-11-25,13.35,GAP_STOP,67,-92.9625,19.91,-112.8725,-0.114062,-0.15352,0.0,2,False
high_52w,ZENSARTECH,2020-11-23,2020-11-24,204.2223,2020-12-02,201.5442,MOMENTUM_FAIL,4,-10.7126,19.3575,-30.0701,-0.03673,-0.062458,0.043565,6,False
high_52w,WOCKPHARMA,2020-11-23,2020-11-24,400.4443,2020-11-25,372.4132,STOP,2,-56.0622,19.1976,-75.2598,-0.093765,-0.10221,0.0,2,False
high_52w,TIINDIA,2020-11-23,2020-11-24,835.679,2020-12-02,820.7278,MOMENTUM_FAIL,1,-14.9511,19.4282,-34.3793,-0.04105,-0.057938,0.016528,6,False
high_52w,ARE&M,2020-11-23,2020-11-24,823.0955,2020-12-16,899.3131,TIME,1,76.2176,19.5607,56.6569,0.068684,-0.016935,0.100239,16,False
high_52w,ADANIENT,2020-11-23,2020-11-24,408.724,2020-12-16,461.921,TIME,2,106.394,19.5983,86.7957,0.105947,-0.041229,0.140644,16,False
high_52w,CHOLAFIN,2020-11-23,2020-11-24,348.8776,2020-12-16,372.4057,TIME,2,47.0563,18.9721,28.0842,0.040162,-0.008907,0.116641,16,False
high_52w,TATASTEEL,2020-11-23,2020-11-24,46.2186,2020-12-16,54.1364,TARGET,21,166.2738,20.3668,145.907,0.15,-0.015421,0.185236,16,False
high_52w,CGCL,2020-11-23,2020-11-24,275.2769,2020-12-02,275.8427,MOMENTUM_FAIL,3,1.6975,19.4205,-17.7229,-0.021414,-0.020212,0.042823,6,False
high_52w,INDIACEM,2020-11-23,2020-11-24,156.338,2020-11-26,145.3943,STOP,6,-65.6619,19.7571,-85.419,-0.090864,-0.071904,0.038011,3,False
high_52w,NAUKRI,2020-11-23,2020-11-24,790.2896,2020-12-16,898.836,TIME,1,108.5464,19.488,89.0584,0.112445,-0.010926,0.171647,16,False
high_52w,ACE,2020-12-01,2020-12-02,126.5641,2020-12-02,117.7046,STOP,7,-62.0164,19.5446,-81.561,-0.09186,0.0,0.0,1,False
high_52w,CARBORUNIV,2020-12-01,2020-12-02,373.9123,2020-12-09,364.5401,MOMENTUM_FAIL,2,-18.7444,19.0495,-37.7939,-0.050428,-0.058747,0.038512,6,False
high_52w,TATAPOWER,2020-12-01,2020-12-02,66.3561,2020-12-23,70.7958,TIME,15,66.5948,20.2684,46.3264,0.046442,-0.044604,0.103597,16,False
high_52w,MOTHERSON,2020-12-01,2020-12-02,40.897,2020-12-09,41.4489,MOMENTUM_FAIL,24,13.2468,20.1014,-6.8546,-0.006968,-0.00482,0.03856,6,False
high_52w,KAJARIACER,2020-12-01,2020-12-02,636.7777,2020-12-09,623.6454,MOMENTUM_FAIL,1,-13.1323,18.592,-31.7243,-0.049711,-0.026558,0.022255,6,False
high_52w,GRASIM,2020-12-01,2020-12-02,872.9306,2020-12-23,873.3663,TIME,1,0.4357,19.6168,-19.1811,-0.021925,-0.042371,0.058178,16,False
high_52w,TATACHEM,2020-12-01,2020-12-02,375.1359,2020-12-04,441.2128,TARGET,2,132.1539,19.3671,112.7868,0.15,0.0,0.212826,3,False
high_52w,TECHM,2020-12-01,2020-12-02,733.8635,2020-12-23,775.6677,TIME,1,41.8042,19.1138,22.6904,0.030852,-0.007859,0.069896,16,False
high_52w,ADANIPORTS,2020-12-01,2020-12-02,410.7268,2020-12-23,455.0475,TIME,2,88.6413,19.579,69.0622,0.08389,0.0,0.130737,16,False
high_52w,KEC,2020-12-01,2020-12-02,362.2689,2020-12-09,353.9272,MOMENTUM_FAIL,2,-16.6833,18.9554,-35.6387,-0.049081,-0.0525,0.0,6,False
high_52w,ADANIENT,2020-12-01,2020-12-02,419.3434,2020-12-23,462.27,TIME,2,85.853,19.6461,66.2069,0.078769,-0.025918,0.126977,16,False
high_52w,GPIL,2020-12-01,2020-12-02,105.5076,2020-12-23,109.1714,TIME,9,32.9743,20.0066,12.9676,0.013627,-0.025727,0.142132,16,False
high_52w,APOLLOTYRE,2020-12-01,2020-12-02,172.1048,2020-12-09,169.8378,MOMENTUM_FAIL,5,-11.3348,19.5404,-30.8752,-0.035801,-0.017204,0.031989,6,False
high_52w,GRANULES,2020-12-01,2020-12-02,419.5157,2020-12-07,390.1496,STOP,2,-58.7322,19.3532,-78.0854,-0.092863,-0.08528,0.004439,4,False
high_52w,TATASTEEL,2020-12-01,2020-12-02,49.4028,2020-12-23,52.414,TIME,20,60.2247,20.2246,40.0001,0.040395,-0.001195,0.108844,16,False
high_52w,JINDALSTEL,2020-12-01,2020-12-02,248.2409,2020-12-23,258.1823,TIME,4,39.7658,20.2037,19.5621,0.019658,-0.029144,0.139374,16,False
high_52w,SCI,2020-12-07,2020-12-08,67.6256,2020-12-10,79.2386,TARGET,14,162.5829,20.2587,142.3242,0.15,-0.038647,0.220152,3,False
high_52w,TEJASNET,2020-12-07,2020-12-08,133.2211,2020-12-22,122.6591,GAP_STOP,7,-73.9343,19.7171,-93.6514,-0.100206,-0.079282,0.166791,11,False
high_52w,TATAINVEST,2020-12-07,2020-12-08,96.9795,2020-12-15,92.8976,MOMENTUM_FAIL,10,-40.8189,19.9418,-60.7607,-0.062516,-0.064077,0.0,6,False
high_52w,IFCI,2020-12-07,2020-12-08,8.6,2020-12-08,7.998,STOP,116,-69.832,20.0001,-89.8321,-0.089852,0.0,0.0,1,False
high_52w,ADANIPORTS,2020-12-07,2020-12-08,456.9324,2020-12-15,459.8807,MOMENTUM_FAIL,2,5.8965,19.8008,-13.9042,-0.015182,-0.033213,0.014703,6,False
high_52w,TATACHEM,2020-12-07,2020-12-08,472.3746,2020-12-15,462.4579,MOMENTUM_FAIL,2,-19.8335,19.8788,-39.7123,-0.041943,-0.025756,0.003402,6,False
high_52w,CGPOWER,2020-12-07,2020-12-08,48.2067,2020-12-10,44.4529,GAP_STOP,20,-75.0761,19.8481,-94.9242,-0.098241,-0.096311,0.0,3,False
high_52w,SYNGENE,2020-12-07,2020-12-08,610.2991,2020-12-15,606.9328,MOMENTUM_FAIL,1,-3.3663,18.5001,-21.8664,-0.035751,-0.039585,0.002596,6,False
high_52w,APLAPOLLO,2020-12-07,2020-12-08,384.449,2020-12-15,383.481,MOMENTUM_FAIL,2,-1.9359,19.1727,-21.1085,-0.027393,-0.066094,0.02106,6,False
high_52w,GPIL,2020-12-07,2020-12-08,118.1057,2020-12-15,116.4625,MOMENTUM_FAIL,8,-13.146,19.8928,-33.0388,-0.034891,-0.065753,0.009997,6,False
high_52w,AARTIIND,2020-12-07,2020-12-08,622.7118,2020-12-15,598.8113,MOMENTUM_FAIL,1,-23.9005,18.5107,-42.4112,-0.067959,-0.049951,0.0,6,False
high_52w,SUNPHARMA,2020-12-07,2020-12-08,547.7119,2020-12-15,537.9716,MOMENTUM_FAIL,1,-9.7403,18.2229,-27.9632,-0.050943,-0.037629,0.00335,6,False
high_52w,TECHM,2020-12-07,2020-12-08,773.0907,2020-12-15,758.4061,MOMENTUM_FAIL,1,-14.6847,19.1644,-33.8491,-0.043689,-0.049259,0.0,6,False
high_52w,TRIDENT,2020-12-07,2020-12-08,9.2128,2020-12-15,8.8952,MOMENTUM_FAIL,108,-34.3099,20.0614,-54.3713,-0.054526,-0.054187,0.019705,6,False
high_52w,MARICO,2020-12-07,2020-12-08,370.6278,2020-12-30,373.8245,TIME,2,6.3934,19.0729,-12.6796,-0.017068,-0.027375,0.052,16,False
high_52w,TVSMOTOR,2020-12-07,2020-12-08,495.9188,2020-12-15,470.4521,MOMENTUM_FAIL,2,-50.9333,20.0143,-70.9476,-0.071375,-0.064093,0.007448,6,False
high_52w,PETRONET,2020-12-07,2020-12-08,215.6185,2020-12-10,200.5252,STOP,4,-60.3732,19.4488,-79.822,-0.092348,-0.071667,0.0,3,False
high_52w,TARIL,2020-12-14,2020-12-15,11.5092,2020-12-18,10.7035,STOP,86,-69.2851,19.9682,-89.2533,-0.089978,-0.092275,0.012876,4,False
high_52w,MMTC,2020-12-14,2020-12-15,25.7,2020-12-15,23.901,STOP,38,-68.362,19.9144,-88.2764,-0.090194,0.0,0.0,1,False
high_52w,JPPOWER,2020-12-14,2020-12-15,3.95,2020-12-16,3.55,GAP_STOP,252,-100.8,19.9278,-120.7278,-0.121021,-0.151899,0.0,2,False
high_52w,CYIENT,2020-12-14,2020-12-15,480.6246,2020-12-21,446.9808,STOP,2,-67.2874,19.8518,-87.1393,-0.090454,-0.185069,0.013825,5,False
high_52w,HINDCOPPER,2020-12-14,2020-12-15,52.0878,2020-12-17,60.9945,TARGET,19,169.2282,20.4534,148.7748,0.15,-0.038104,0.239777,3,False
high_52w,JWL,2020-12-14,2020-12-15,19.6574,2020-12-16,18.2814,STOP,50,-68.8009,19.94,-88.7409,-0.090091,-0.113636,0.0,2,False
high_52w,ELGIEQUIP,2020-12-14,2020-12-15,158.5077,2020-12-22,149.2125,MOMENTUM_FAIL,6,-55.7712,19.8322,-75.6034,-0.079322,-0.114506,0.006173,6,False
high_52w,INTELLECT,2020-12-14,2020-12-15,300.9082,2020-12-21,279.8447,STOP,3,-63.1907,19.613,-82.8038,-0.091526,-0.090144,0.070076,5,False
high_52w,RECLTD,2020-12-14,2020-12-15,69.7292,2020-12-21,64.8482,STOP,14,-68.3347,19.9129,-88.2475,-0.090201,-0.095016,0.029043,5,False
high_52w,NESTLEIND,2020-12-14,2020-12-15,868.4957,2020-12-22,872.8828,MOMENTUM_FAIL,1,4.3871,19.6061,-15.219,-0.017485,-0.024935,0.014878,6,False
high_52w,NLCINDIA,2020-12-14,2020-12-15,48.7611,2020-12-21,45.3479,STOP,20,-68.2656,19.9088,-88.1744,-0.090217,-0.10705,0.006092,5,False
high_52w,LINDEINDIA,2020-12-14,2020-12-15,933.9369,2020-12-22,897.2993,MOMENTUM_FAIL,1,-36.6376,19.7989,-56.4365,-0.060297,-0.070855,0.006336,6,False
high_52w,BERGEPAINT,2020-12-14,2020-12-15,549.0605,2021-01-06,631.2987,TIME,1,82.2382,18.4158,63.8224,0.115986,0.0,0.172834,16,False
high_52w,KOTAKBANK,2020-12-14,2020-12-15,387.3105,2020-12-22,378.3534,MOMENTUM_FAIL,2,-17.9141,19.1643,-37.0785,-0.047762,-0.031776,0.01078,6,False
high_52w,MARICO,2020-12-14,2020-12-15,383.5999,2020-12-22,369.6087,MOMENTUM_FAIL,2,-27.9824,19.1125,-47.0949,-0.061251,-0.060266,0.012077,6,False
high_52w,VEDL,2020-12-14,2020-12-15,69.8797,2020-12-21,64.9881,STOP,14,-68.4821,19.9214,-88.4036,-0.090166,-0.104288,0.053173,5,False
high_52w,BBOX,2020-12-21,2020-12-22,139.7029,2021-01-13,148.4817,TIME,7,61.4514,20.1844,41.2671,0.042107,-0.016833,0.169187,16,False
high_52w,KAJARIACER,2020-12-21,2020-12-22,638.6674,2021-01-13,709.8561,TIME,1,71.1888,18.7717,52.4171,0.081894,0.0,0.116864,16,False
high_52w,KOTAKBANK,2020-12-21,2020-12-22,383.7316,2021-01-13,374.2079,TIME,2,-19.0474,19.1318,-38.1792,-0.049639,-0.027461,0.050259,16,False
high_52w,NH,2020-12-21,2020-12-22,408.2752,2021-01-13,469.3114,TIME,2,122.0723,19.6264,102.4459,0.125188,-0.001453,0.159666,16,False
high_52w,NESTLEIND,2020-12-21,2020-12-22,856.2494,2020-12-30,864.6825,MOMENTUM_FAIL,1,8.4331,19.5626,-11.1296,-0.01297,-0.001352,0.035385,6,False
high_52w,BERGEPAINT,2020-12-21,2020-12-22,563.0893,2021-01-13,642.2637,TIME,1,79.1744,18.4688,60.7056,0.107573,0.0,0.173898,16,False
high_52w,PIDILITIND,2020-12-21,2020-12-22,816.1527,2021-01-13,868.9766,TIME,1,52.824,19.4837,33.3402,0.040761,0.0,0.093759,16,False
high_52w,HCLTECH,2020-12-21,2020-12-22,695.2972,2021-01-11,818.9374,TARGET,1,123.6402,19.1176,104.5226,0.15,0.0,0.20463,14,False
high_52w,CGCL,2020-12-21,2020-12-22,276.3143,2021-01-11,324.4267,TARGET,3,144.3373,19.7241,124.6133,0.15,0.0,0.218259,14,False
high_52w,MFSL,2020-12-21,2020-12-22,647.9,2021-01-13,717.2,TIME,1,69.3,18.8068,50.4932,0.077764,-0.008489,0.142846,16,False
high_52w,TECHM,2020-12-21,2020-12-22,744.4577,2021-01-11,875.7112,TARGET,1,131.2535,19.3407,111.9128,0.15,0.0,0.188517,14,False
high_52w,FSL,2020-12-28,2020-12-29,96.6839,2020-12-29,89.916,STOP,10,-67.6787,19.8746,-87.5534,-0.090359,0.0,0.0,1,False
high_52w,CARBORUNIV,2020-12-28,2020-12-29,408.2771,2021-01-05,399.6371,MOMENTUM_FAIL,2,-17.2799,19.3427,-36.6226,-0.044752,-0.056671,0.001076,6,False
high_52w,ADANIENT,2020-12-28,2020-12-29,490.5884,2020-12-31,456.2472,STOP,2,-68.6824,19.9331,-88.6155,-0.090119,-0.114329,0.00813,3,False
high_52w,SAIL,2020-12-28,2020-12-29,54.2559,2021-01-04,63.5451,TARGET,18,167.2054,20.3941,146.8112,0.15,-0.016988,0.236293,5,False
high_52w,JSWSTEEL,2020-12-28,2020-12-29,366.7442,2021-01-05,372.015,MOMENTUM_FAIL,2,10.5416,19.0486,-8.5069,-0.011573,-0.02823,0.039651,6,False
high_52w,USHAMART,2020-12-28,2020-12-29,32.0597,2020-12-30,29.8156,STOP,31,-69.5696,19.9848,-89.5545,-0.089912,-0.083333,0.069941,2,False
high_52w,COROMANDEL,2020-12-28,2020-12-29,813.0631,2020-12-30,756.1487,STOP,1,-56.9144,19.2472,-76.1616,-0.093468,-0.078367,0.0,2,False
high_52w,APLAPOLLO,2020-12-28,2020-12-29,402.8627,2021-01-08,473.2336,TARGET,2,140.7418,19.6187,121.123,0.15,-0.017195,0.180366,9,False
high_52w,TATAPOWER,2020-12-28,2020-12-29,74.4716,2021-01-19,81.5369,TIME,13,91.8483,20.2049,71.6434,0.07384,-0.035897,0.128205,16,False
high_52w,KOTAKBANK,2020-12-28,2020-12-29,394.2693,2021-01-05,389.6467,MOMENTUM_FAIL,2,-9.2453,19.2407,-28.486,-0.036046,-0.024206,0.022189,6,False
high_52w,KPITTECH,2020-12-28,2020-12-29,129.2804,2021-01-19,135.0251,TIME,7,40.2133,19.833,20.3802,0.022471,-0.044063,0.110157,16,False
high_52w,BERGEPAINT,2020-12-28,2020-12-29,597.4359,2021-01-19,636.5394,TIME,1,39.1034,18.5323,20.5712,0.034357,-0.003374,0.10641,16,False
high_52w,CHOLAFIN,2021-01-04,2021-01-05,426.1702,2021-01-12,437.0711,MOMENTUM_FAIL,2,21.8017,19.5734,2.2283,0.002609,-0.032176,0.043981,6,False
high_52w,TATASTEEL,2021-01-04,2021-01-05,57.9472,2021-01-22,53.8909,STOP,17,-68.9572,19.9491,-88.9064,-0.090054,-0.077656,0.064774,14,False
high_52w,MMTC,2021-01-04,2021-01-05,29.9,2021-01-11,27.807,STOP,33,-69.069,19.9557,-89.0247,-0.090028,-0.083612,0.046823,5,False
high_52w,SARDAEN,2021-01-04,2021-01-05,36.488,2021-01-12,35.6404,MOMENTUM_FAIL,27,-22.8835,20.0433,-42.9268,-0.043478,-0.031059,0.037563,6,False
high_52w,SAIL,2021-01-04,2021-01-05,66.1964,2021-01-12,63.5988,MOMENTUM_FAIL,15,-38.964,20.0433,-59.0073,-0.059297,-0.06962,0.010127,6,False
high_52w,SUZLON,2021-01-04,2021-01-05,6.6111,2021-01-05,6.1484,STOP,150,-69.417,19.9759,-89.3929,-0.089947,0.0,0.0,1,False
high_52w,NCC,2021-01-04,2021-01-05,57.7901,2021-01-12,56.2766,MOMENTUM_FAIL,17,-25.7305,20.0259,-45.7563,-0.046473,-0.053175,0.022222,6,False
high_52w,STLTECH,2021-01-04,2021-01-05,189.9864,2021-01-12,186.0529,MOMENTUM_FAIL,5,-19.6674,19.901,-39.5684,-0.041563,-0.033903,0.022257,6,False
high_52w,HCLTECH,2021-01-04,2021-01-05,764.9336,2021-01-27,758.7175,TIME,1,-6.2161,19.1472,-25.3634,-0.033085,-0.023178,0.103185,16,False
high_52w,BEL,2021-01-04,2021-01-05,39.6702,2021-01-12,41.0281,MOMENTUM_FAIL,25,33.9485,20.1868,13.7617,0.013846,-0.003462,0.045769,6,False
high_52w,JSWSTEEL,2021-01-04,2021-01-05,376.4858,2021-01-12,376.0622,MOMENTUM_FAIL,2,-0.8472,19.1077,-19.9548,-0.026444,-0.018375,0.03275,6,False
high_52w,FACT,2021-01-11,2021-01-12,92.6941,2021-01-12,86.2055,STOP,10,-64.8859,19.7118,-84.5977,-0.091066,0.0,0.0,1,False
high_52w,TMPV,2021-01-11,2021-01-12,221.1506,2021-01-20,259.3899,TARGET,4,152.9571,19.9766,132.9805,0.15,0.0,0.222467,7,False
high_52w,HFCL,2021-01-11,2021-01-12,32.6477,2021-01-13,30.3624,STOP,30,-68.5602,19.926,-88.4862,-0.090147,-0.071212,0.0,2,False
high_52w,JWL,2021-01-11,2021-01-12,26.7063,2021-01-19,24.8368,STOP,37,-69.1692,19.9615,-89.1307,-0.090004,-0.089219,0.130112,6,False
high_52w,HCLTECH,2021-01-11,2021-01-12,831.9997,2021-01-18,773.7597,STOP,1,-58.24,19.3245,-77.5645,-0.093023,-0.071388,0.014259,5,False
high_52w,ANANTRAJ,2021-01-11,2021-01-12,28.6777,2021-01-15,33.7705,TARGET,34,173.1542,20.3996,152.7546,0.156323,0.0,0.255173,4,False
high_52w,WIPRO,2021-01-11,2021-01-12,204.1348,2021-01-19,196.0687,MOMENTUM_FAIL,4,-32.2642,19.3121,-51.5763,-0.063027,-0.045206,0.043532,6,False
high_52w,RVNL,2021-01-11,2021-01-12,29.4155,2021-01-14,27.3564,STOP,33,-67.9497,19.8904,-87.8401,-0.090293,-0.088235,0.004412,3,False
high_52w,ASHOKLEY,2021-01-11,2021-01-12,52.2261,2021-02-03,61.1543,TARGET,19,169.6351,20.4653,149.1698,0.15,-0.066265,0.180293,16,False
high_52w,CGCL,2021-01-11,2021-01-12,330.0682,2021-01-19,339.593,MOMENTUM_FAIL,3,28.5746,20.1693,8.4053,0.00847,-0.028571,0.046857,6,False
high_52w,NH,2021-01-11,2021-01-12,469.4102,2021-01-19,474.2042,MOMENTUM_FAIL,2,9.588,19.9136,-10.3257,-0.010975,-0.069804,0.029691,6,False
high_52w,CEMPRO,2021-01-11,2021-01-12,72.8705,2021-01-15,67.7696,STOP,13,-66.3122,19.795,-86.1072,-0.090698,-0.074848,0.0,4,False
high_52w,M&M,2021-01-11,2021-01-12,745.778,2021-02-03,786.6095,TIME,1,40.8315,19.1622,21.6693,0.028993,-0.06127,0.087284,16,False
high_52w,TATACONSUM,2021-01-11,2021-01-12,603.4822,2021-01-18,561.2384,STOP,1,-42.2438,18.3922,-60.6359,-0.100258,-0.081568,0.000632,5,False
high_52w,KAJARIACER,2021-01-11,2021-01-12,709.5255,2021-01-19,727.0036,MOMENTUM_FAIL,1,17.4781,18.9615,-1.4834,-0.002086,-0.023901,0.031957,6,False
high_52w,IEX,2021-01-18,2021-01-19,72.4281,2021-02-09,84.8727,TARGET,13,161.7788,20.2351,141.5436,0.15,-0.055555,0.196378,15,False
high_52w,PCBL,2021-01-18,2021-01-19,76.7446,2021-02-08,89.8576,TARGET,13,170.469,20.4898,149.9792,0.15,0.0,0.171226,14,False
high_52w,JBMA,2021-01-18,2021-01-19,64.6903,2021-01-20,75.7728,TARGET,15,166.2371,20.3658,145.8713,0.15,0.0,0.179801,2,False
high_52w,HDFCBANK,2021-01-18,2021-01-19,695.0033,2021-01-27,656.7079,MOMENTUM_FAIL,1,-38.2955,18.7866,-57.0821,-0.081953,-0.057414,0.006167,6,False
high_52w,CGCL,2021-01-18,2021-01-19,338.2728,2021-01-27,344.4497,MOMENTUM_FAIL,2,12.3538,18.8118,-6.458,-0.009525,-0.024254,0.045442,6,False
high_52w,GODREJCP,2021-01-18,2021-01-19,742.5477,2021-01-27,735.1859,MOMENTUM_FAIL,1,-7.3619,19.0504,-26.4123,-0.035492,-0.021364,0.034092,6,False
high_52w,KAJARIACER,2021-01-18,2021-01-19,710.8007,2021-02-03,836.8419,TARGET,1,126.0412,19.188,106.8532,0.15,0.0,0.183176,11,False
high_52w,SIEMENS,2021-01-18,2021-01-19,931.4262,2021-02-10,1065.8896,TIME,1,134.4635,20.1367,114.3268,0.122476,-0.037084,0.169036,16,False
high_52w,DABUR,2021-01-18,2021-01-19,504.6517,2021-01-27,493.8387,MOMENTUM_FAIL,1,-10.8129,18.0388,-28.8518,-0.057047,-0.026064,0.012893,6,False
high_52w,CANFINHOME,2021-01-18,2021-01-19,475.9626,2021-01-27,454.4314,MOMENTUM_FAIL,2,-43.0624,19.8618,-62.9242,-0.065958,-0.092766,0.049522,6,False
high_52w,JKTYRE,2021-01-25,2021-01-27,131.4481,2021-01-28,120.5254,GAP_STOP,7,-76.4583,19.6595,-96.1178,-0.104233,-0.123209,0.0,2,False
high_52w,PRIVISCL,2021-01-25,2021-01-27,661.4422,2021-02-05,615.1412,STOP,1,-46.301,18.6286,-64.9296,-0.09795,-0.115774,0.100038,8,False
high_52w,ANANTRAJ,2021-01-25,2021-01-27,39.2093,2021-01-28,36.2427,GAP_STOP,25,-74.1664,19.918,-94.0844,-0.095772,-0.078184,0.001261,2,False
high_52w,TVSMOTOR,2021-01-25,2021-01-27,527.8007,2021-02-03,625.5015,TARGET,1,97.7007,18.3576,79.3432,0.15,-0.040332,0.196777,6,False
high_52w,AUROPHARMA,2021-01-25,2021-01-27,967.8815,2021-01-28,900.1298,STOP,1,-67.7517,19.8789,-87.6306,-0.090341,-0.072451,0.0,2,False
high_52w,LAURUSLABS,2021-01-25,2021-01-27,374.2146,2021-01-28,348.0196,STOP,2,-52.39,18.9835,-71.3736,-0.095156,-0.081102,0.0,2,False
high_52w,KAJARIACER,2021-01-25,2021-01-27,799.5151,2021-02-17,939.2951,TARGET,1,139.78,19.5905,120.1895,0.15,-0.048095,0.183998,16,False
high_52w,UPL,2021-01-25,2021-01-27,553.3566,2021-02-01,514.6216,STOP,1,-38.735,18.1876,-56.9226,-0.102643,-0.132874,0.0,4,False
high_52w,CARBORUNIV,2021-01-25,2021-01-27,414.4276,2021-02-01,385.4177,STOP,2,-58.0199,19.3117,-77.3315,-0.093096,-0.091284,0.045465,4,False
high_52w,AEGISLOG,2021-01-25,2021-01-27,260.9106,2021-02-17,274.6426,TIME,3,41.1961,19.3189,21.8771,0.027889,-0.010883,0.138091,16,False
high_52w,CGCL,2021-01-25,2021-01-27,347.5146,2021-02-16,323.1886,STOP,2,-48.652,18.7657,-67.4177,-0.096788,-0.103256,0.055767,15,False
high_52w,ICICIBANK,2021-02-01,2021-02-02,587.9294,2021-02-09,607.4471,MOMENTUM_FAIL,1,19.5177,18.4522,1.0655,0.001808,-0.006525,0.049266,6,False
high_52w,CUMMINSIND,2021-02-01,2021-02-02,667.4356,2021-02-23,739.3401,TIME,1,71.9045,18.8946,53.0099,0.07925,0.0,0.117753,16,False
high_52w,NCC,2021-02-01,2021-02-02,62.3766,2021-02-04,73.1008,TARGET,15,160.8626,20.2083,140.6543,0.15,-0.017647,0.172059,3,False
high_52w,SHRIRAMFIN,2021-02-01,2021-02-02,246.935,2021-02-23,250.1033,TIME,4,12.6733,20.1265,-7.4532,-0.007529,-0.0175,0.12864,16,False
high_52w,PCBL,2021-02-01,2021-02-02,87.0509,2021-02-09,88.2534,MOMENTUM_FAIL,11,13.2272,20.0002,-6.773,-0.007058,-0.049334,0.048347,6,False
high_52w,ATGL,2021-02-01,2021-02-02,391.3522,2021-02-16,459.9405,TARGET,2,137.1766,19.5143,117.6623,0.15,-0.040306,0.298214,11,False
high_52w,NATIONALUM,2021-02-01,2021-02-02,37.4624,2021-02-23,41.604,TIME,26,107.6807,20.262,87.4187,0.089554,-0.028141,0.118593,16,False
high_52w,IEX,2021-02-01,2021-02-02,76.3723,2021-02-11,89.4276,TARGET,13,169.7194,20.4678,149.2516,0.15,0.0,0.29771,8,False
high_52w,ADANIENSOL,2021-02-01,2021-02-02,488.3,2021-02-08,571.9022,TARGET,2,167.2044,20.3941,146.8103,0.15,-0.01239,0.208274,5,False
high_52w,SIEMENS,2021-02-01,2021-02-02,974.2526,2021-02-23,1071.076,TIME,1,96.8235,20.2409,76.5826,0.078435,0.0,0.123529,16,False
high_52w,CARBORUNIV,2021-02-01,2021-02-02,424.5808,2021-02-08,498.3151,TARGET,2,147.4685,19.8158,127.6527,0.15,-0.052541,0.18648,5,False
high_52w,TVSMOTOR,2021-02-01,2021-02-02,566.438,2021-02-23,582.2338,TIME,1,15.7958,18.3539,-2.5581,-0.004506,-0.000607,0.136089,16,False
high_52w,NCC,2021-02-08,2021-02-09,91.5927,2021-02-09,85.1813,STOP,10,-64.1149,19.6669,-83.7818,-0.091273,0.0,0.0,1,False
high_52w,GRAPHITE,2021-02-08,2021-02-09,386.5725,2021-02-17,454.4206,TARGET,2,135.6962,19.4709,116.2253,0.15,-0.063084,0.189252,7,False
high_52w,KARURVYSYA,2021-02-08,2021-02-09,44.9113,2021-02-10,41.7675,STOP,22,-69.1634,19.9612,-89.1246,-0.090006,-0.091681,0.0,2,False
high_52w,TEJASNET,2021-02-08,2021-02-09,179.2557,2021-02-10,166.7078,STOP,5,-62.7395,19.5867,-82.3262,-0.091653,-0.101445,0.0,2,False
high_52w,ADANIENSOL,2021-02-08,2021-02-09,570.0,2021-02-15,674.236,TARGET,1,104.236,18.549,85.6869,0.15,-0.024386,0.238596,5,False
high_52w,INTELLECT,2021-02-08,2021-02-09,467.5059,2021-02-09,434.7805,STOP,2,-65.4508,19.7448,-85.1956,-0.090918,0.0,0.0,1,False
high_52w,M&M,2021-02-08,2021-02-09,877.5246,2021-02-16,861.192,MOMENTUM_FAIL,1,-16.3327,19.602,-35.9347,-0.040861,-0.046692,0.0,6,False
high_52w,RAMCOCEM,2021-02-08,2021-02-09,922.6166,2021-03-02,977.2784,TIME,1,54.6618,19.937,34.7248,0.037555,-0.025041,0.080079,16,False
high_52w,ANANTRAJ,2021-02-08,2021-02-09,44.2032,2021-02-11,41.0882,GAP_STOP,22,-68.5298,19.8967,-88.4265,-0.090731,-0.076063,0.06264,3,False
high_52w,ADANIENT,2021-02-08,2021-02-09,629.6384,2021-02-15,743.1103,TARGET,1,113.4719,18.8197,94.6522,0.15,-0.014807,0.247842,5,False
high_52w,AEGISLOG,2021-02-08,2021-02-09,295.3107,2021-02-10,274.639,STOP,3,-62.0152,19.5445,-81.5598,-0.09186,-0.072982,0.0,2,False
high_52w,AFFLE,2021-02-08,2021-02-09,859.0,2021-02-09,798.87,STOP,1,-60.13,19.4346,-79.5646,-0.092423,0.0,0.0,1,False
high_52w,EXIDEIND,2021-02-08,2021-02-09,212.0719,2021-02-16,204.4323,MOMENTUM_FAIL,4,-30.5584,19.4496,-50.0081,-0.058823,-0.051528,0.0,6,False
high_52w,CIEINDIA,2021-02-15,2021-02-16,195.7843,2021-02-18,182.0794,STOP,5,-68.5245,19.9239,-88.4484,-0.090156,-0.073288,0.012777,3,False
high_52w,CHOLAFIN,2021-02-15,2021-02-16,522.8437,2021-02-23,512.2581,MOMENTUM_FAIL,1,-10.5856,18.1161,-28.7017,-0.054776,-0.033775,0.042479,6,False
high_52w,ADANIENSOL,2021-02-15,2021-02-16,690.0,2021-02-17,812.8199,TARGET,1,122.8199,19.0936,103.7263,0.15,0.0,0.188406,2,False
high_52w,KIRLOSENG,2021-02-15,2021-02-16,151.4787,2021-02-22,140.8752,STOP,6,-63.621,19.6381,-83.2592,-0.091407,-0.074335,0.058428,5,False
high_52w,MOTHERSON,2021-02-15,2021-02-16,56.3516,2021-03-09,56.8904,TIME,17,9.1598,19.9937,-10.8338,-0.011284,-0.035448,0.111007,16,False
high_52w,ADANIENT,2021-02-15,2021-02-16,757.8196,2021-03-03,891.1424,TARGET,1,133.3228,19.4013,113.9215,0.15,-0.040132,0.243289,12,False
high_52w,POLYMED,2021-02-15,2021-02-16,608.3674,2021-02-23,718.5451,TARGET,1,110.1778,18.7231,91.4546,0.15,-0.006413,0.217225,6,False
high_52w,RADICO,2021-02-15,2021-02-16,563.9652,2021-02-23,547.0907,MOMENTUM_FAIL,1,-16.8745,18.277,-35.1515,-0.062193,-0.049344,0.004287,6,False
high_52w,ICICIBANK,2021-02-15,2021-02-16,645.8592,2021-02-19,600.6491,STOP,1,-45.2101,18.5651,-63.7752,-0.098529,-0.080784,0.0,4,False
high_52w,AXISBANK,2021-02-15,2021-02-16,795.0646,2021-02-19,739.4101,STOP,1,-55.6545,19.1738,-74.8283,-0.093911,-0.072153,0.0,4,False
high_52w,LICHSGFIN,2021-02-15,2021-02-16,430.2872,2021-02-19,400.1671,STOP,2,-60.2402,19.4411,-79.6813,-0.092389,-0.077459,0.013516,4,False
high_52w,SHRIRAMFIN,2021-02-15,2021-02-16,273.8073,2021-02-19,254.6408,STOP,3,-57.4995,19.2813,-76.7809,-0.093269,-0.084185,0.000464,4,False
high_52w,IDFCFIRSTB,2021-02-15,2021-02-16,54.1134,2021-02-19,63.3805,TARGET,18,166.8081,20.3825,146.4256,0.15,-0.028466,0.226814,4,False
high_52w,BAJFINANCE,2021-02-15,2021-02-16,563.8384,2021-02-22,524.3697,STOP,1,-39.4687,18.2304,-57.6991,-0.102109,-0.07885,0.001312,5,False
high_52w,TIINDIA,2021-02-15,2021-02-16,995.2898,2021-03-04,1165.3886,TARGET,1,170.0988,20.4789,149.6199,0.15,-0.015072,0.182413,13,False
high_52w,JUBLFOOD,2021-02-22,2021-02-23,617.594,2021-03-02,616.3106,MOMENTUM_FAIL,1,-1.2834,18.5351,-19.8186,-0.03202,-0.064786,0.019821,6,False
high_52w,VEDL,2021-02-22,2021-02-23,97.9515,2021-03-17,107.7802,TIME,10,98.2871,20.2661,78.021,0.079479,-0.013705,0.134116,16,False
high_52w,ZENSARTECH,2021-02-22,2021-02-23,252.752,2021-03-16,297.2154,TARGET,3,133.3904,19.4033,113.987,0.15,-0.046931,0.256318,15,False
high_52w,TATACHEM,2021-02-22,2021-02-23,591.2374,2021-03-03,698.7623,TARGET,1,107.5249,18.6454,88.8795,0.15,0.0,0.214474,7,False
high_52w,POLYMED,2021-02-22,2021-02-23,703.5806,2021-03-12,828.5036,TARGET,1,124.923,19.1552,105.7678,0.15,-0.050186,0.185793,13,False
high_52w,TRENT,2021-02-22,2021-02-23,820.7705,2021-02-24,763.3166,STOP,1,-57.4539,19.2787,-76.7326,-0.093285,-0.075039,0.0,2,False
high_52w,BBOX,2021-02-22,2021-02-23,199.0916,2021-03-17,204.1437,TIME,5,25.2601,20.1847,5.0754,0.005087,-0.068068,0.052052,16,False
high_52w,HINDALCO,2021-02-22,2021-02-23,309.0915,2021-03-17,313.3637,TIME,3,12.8166,19.8715,-7.0549,-0.007592,0.0,0.122224,16,False
high_52w,TORNTPOWER,2021-02-22,2021-02-23,339.6503,2021-03-02,344.9268,MOMENTUM_FAIL,2,10.553,18.8198,-8.2668,-0.012143,-0.0547,0.03329,6,False
high_52w,INDUSTOWER,2021-02-22,2021-02-23,243.9558,2021-02-24,226.8789,STOP,4,-68.3076,19.9113,-88.2189,-0.090207,-0.086835,0.053221,2,False
high_52w,CDSL,2021-02-22,2021-02-23,286.1069,2021-03-17,290.304,TIME,3,12.5911,19.5799,-6.9888,-0.008125,-0.067908,0.066425,16,False
high_52w,ADANIPORTS,2021-02-22,2021-02-23,657.3176,2021-03-17,665.2924,TIME,1,7.9748,18.7217,-10.7469,-0.016314,-0.039118,0.129118,16,False
high_52w,KARURVYSYA,2021-02-22,2021-02-23,47.8851,2021-03-02,45.1401,MOMENTUM_FAIL,20,-54.8999,19.8621,-74.762,-0.077894,-0.068471,0.017516,6,False
high_52w,NATIONALUM,2021-02-22,2021-02-23,39.872,2021-03-03,46.6853,TARGET,25,170.3327,20.4858,149.847,0.15,0.0,0.208688,7,False
high_52w,ABCAPITAL,2021-02-22,2021-02-23,107.0,2021-02-25,125.3442,TARGET,9,165.0982,20.3324,144.7658,0.15,0.0,0.190187,3,False
high_52w,NBCC,2021-03-01,2021-03-02,31.4107,2021-03-16,29.212,STOP,31,-68.1613,19.9027,-88.064,-0.090242,-0.077,0.078,10,False
high_52w,DEEPAKFERT,2021-03-01,2021-03-02,198.4199,2021-03-05,184.5305,STOP,5,-69.447,19.9777,-89.4246,-0.08994,-0.082547,0.0,4,False
high_52w,FACT,2021-03-01,2021-03-02,106.7976,2021-03-02,99.3217,STOP,9,-67.2825,19.8515,-87.134,-0.090456,0.0,0.0,1,False
high_52w,BEML,2021-03-01,2021-03-02,478.0268,2021-03-08,560.038,TARGET,2,164.0224,20.3009,143.7216,0.15,-0.02383,0.205107,5,False
high_52w,ENGINERSIN,2021-03-01,2021-03-02,75.0648,2021-03-09,69.8103,STOP,13,-68.309,19.9114,-88.2203,-0.090207,-0.076705,0.060227,6,False
high_52w,HUDCO,2021-03-01,2021-03-02,41.5668,2021-03-04,38.6572,STOP,24,-69.8323,20.0001,-89.8324,-0.089852,-0.072477,0.0,3,False
high_52w,ANANTRAJ,2021-03-01,2021-03-02,51.4221,2021-03-08,60.2257,TARGET,19,167.2694,20.396,146.8734,0.15,0.0,0.202885,5,False
high_52w,RADICO,2021-03-01,2021-03-02,598.0104,2021-03-15,556.1497,STOP,1,-41.8607,18.3698,-60.2306,-0.100499,-0.112129,0.072607,9,False
high_52w,ABCAPITAL,2021-03-01,2021-03-02,130.1,2021-03-19,120.993,STOP,7,-63.749,19.6456,-83.3946,-0.091372,-0.111837,0.073789,13,False
high_52w,KEC,2021-03-01,2021-03-02,440.3951,2021-03-24,409.5674,STOP,2,-61.6553,19.5235,-81.1789,-0.091965,-0.087672,0.052062,16,False
high_52w,BEL,2021-03-01,2021-03-02,45.6031,2021-03-09,43.1526,MOMENTUM_FAIL,21,-51.4596,19.8689,-71.3285,-0.074319,-0.058804,0.047313,6,False
high_52w,AEGISLOG,2021-03-01,2021-03-02,302.5725,2021-03-09,286.7456,MOMENTUM_FAIL,3,-47.4807,19.6661,-67.1469,-0.073812,-0.059846,0.049231,6,False
high_52w,ELGIEQUIP,2021-03-08,2021-03-09,200.0426,2021-03-17,194.4165,MOMENTUM_FAIL,4,-22.5043,19.2629,-41.7671,-0.052084,-0.060895,0.020298,6,False
high_52w,APLAPOLLO,2021-03-08,2021-03-09,683.3927,2021-03-10,635.5552,STOP,1,-47.8375,18.7182,-66.5557,-0.097178,-0.079547,0.0,2,False
high_52w,VEDL,2021-03-08,2021-03-09,108.835,2021-03-17,107.7802,MOMENTUM_FAIL,9,-9.4931,20.0466,-29.5398,-0.030092,-0.056608,0.020705,6,False
high_52w,GAIL,2021-03-08,2021-03-09,81.7458,2021-03-15,76.0236,STOP,12,-68.6665,19.9322,-88.5987,-0.090122,-0.086185,0.0,4,False
high_52w,JINDALSAW,2021-03-08,2021-03-09,39.7099,2021-03-15,36.9302,STOP,25,-69.4922,19.9803,-89.4726,-0.08993,-0.094988,0.0,4,False
high_52w,IRCTC,2021-03-08,2021-03-09,391.253,2021-03-16,363.8653,STOP,2,-54.7754,19.1226,-73.898,-0.094232,-0.078049,0.006683,5,False
high_52w,KAJARIACER,2021-03-08,2021-03-09,964.0762,2021-03-17,912.676,MOMENTUM_FAIL,1,-51.4002,19.8961,-71.2963,-0.073792,-0.058573,0.002331,6,False
high_52w,UPL,2021-03-08,2021-03-09,596.4941,2021-03-17,573.1613,MOMENTUM_FAIL,1,-23.3329,18.4012,-41.734,-0.069813,-0.046609,0.008754,6,False
high_52w,IOC,2021-03-08,2021-03-09,48.449,2021-03-17,46.4392,MOMENTUM_FAIL,20,-40.197,19.9396,-60.1366,-0.061926,-0.043436,0.00244,6,False
high_52w,OIL,2021-03-08,2021-03-09,68.9037,2021-03-17,67.6481,MOMENTUM_FAIL,14,-17.5791,19.9674,-37.5465,-0.038837,-0.022779,0.015946,6,False
high_52w,BLUESTARCO,2021-03-08,2021-03-09,459.1865,2021-03-17,422.251,MOMENTUM_FAIL,2,-73.871,19.6574,-93.5284,-0.101619,-0.087315,0.008086,6,False
high_52w,NMDC,2021-03-08,2021-03-09,24.1624,2021-03-09,22.4711,STOP,41,-69.3462,19.9718,-89.318,-0.089963,0.0,0.0,1,False
high_52w,POLYMED,2021-03-15,2021-03-16,869.1668,2021-03-17,808.3251,STOP,1,-60.8417,19.4761,-80.3178,-0.092206,-0.1125,0.0,2,False
high_52w,DEEPAKFERT,2021-03-15,2021-03-16,219.9466,2021-03-25,204.5503,STOP,4,-61.585,19.5195,-81.1045,-0.091985,-0.080851,0.061489,8,False
high_52w,INTELLECT,2021-03-15,2021-03-16,515.2305,2021-03-17,610.9845,TARGET,1,95.754,18.3005,77.4535,0.15,0.0,0.224764,2,False
high_52w,VTL,2021-03-15,2021-03-16,231.4006,2021-03-23,233.7558,MOMENTUM_FAIL,4,9.4208,19.8575,-10.4367,-0.011251,-0.03321,0.045335,6,False
high_52w,IIFL,2021-03-15,2021-03-16,309.7783,2021-03-22,288.0938,STOP,3,-65.0534,19.7216,-84.775,-0.091022,-0.09853,0.083203,5,False
high_52w,FORTIS,2021-03-15,2021-03-16,187.2703,2021-04-05,219.4645,TARGET,5,160.9712,20.2115,140.7598,0.15,-0.029419,0.205142,13,False
high_52w,ATGL,2021-03-15,2021-03-16,754.6009,2021-03-19,701.7789,STOP,1,-52.8221,19.0087,-71.8308,-0.094983,-0.112258,0.030562,4,False
high_52w,KPRMILL,2021-03-15,2021-03-16,217.091,2021-03-18,201.8946,STOP,4,-60.7855,19.4729,-80.2583,-0.092223,-0.104366,0.0,3,False
high_52w,JSWSTEEL,2021-03-15,2021-03-16,408.44,2021-03-23,415.8285,MOMENTUM_FAIL,2,14.777,19.4093,-4.6323,-0.005658,-0.055191,0.034682,6,False
high_52w,WELSPUNLIV,2021-03-15,2021-03-16,82.8993,2021-03-17,77.0963,STOP,12,-69.6354,19.9887,-89.624,-0.089897,-0.072275,0.0,2,False
high_52w,IEX,2021-03-15,2021-03-16,107.0409,2021-04-08,107.8694,TIME,9,7.4563,20.013,-12.5567,-0.013006,-0.059051,0.125412,16,False
high_52w,VEDL,2021-03-15,2021-03-16,108.835,2021-03-23,107.2768,MOMENTUM_FAIL,9,-14.0238,20.0374,-34.0612,-0.034698,-0.03348,0.020705,6,False
high_52w,TATACHEM,2021-03-15,2021-03-16,722.5417,2021-03-17,671.9638,STOP,1,-50.5779,18.8779,-69.4558,-0.095917,-0.073135,0.0,2,False
high_52w,OIL,2021-03-15,2021-03-16,68.9038,2021-03-19,64.0805,STOP,14,-67.5257,19.8657,-87.3914,-0.090396,-0.11997,0.011389,4,False
high_52w,ATGL,2021-03-22,2021-03-23,831.6235,2021-04-01,983.3722,TARGET,1,151.7488,19.7505,131.9983,0.158377,0.0,0.305882,7,False
high_52w,ADANIENT,2021-03-22,2021-03-23,996.1338,2021-04-06,1166.3633,TARGET,1,170.2295,20.4828,149.7467,0.15,-0.022022,0.242242,9,False
high_52w,CHOLAFIN,2021-03-22,2021-03-23,565.532,2021-03-25,525.9447,STOP,1,-39.5872,18.2373,-57.8246,-0.102025,-0.080731,0.0,3,False
high_52w,JSWSTEEL,2021-03-22,2021-03-23,418.8404,2021-04-06,492.2552,TARGET,2,146.8297,19.766,127.0637,0.151354,-0.037079,0.216405,9,False
high_52w,GPIL,2021-03-22,2021-03-23,165.1176,2021-04-05,193.3491,TARGET,6,169.3889,20.4581,148.9308,0.15,-0.019129,0.192024,8,False
high_52w,PERSISTENT,2021-03-22,2021-03-23,944.1398,2021-03-25,878.05,STOP,1,-66.0898,19.782,-85.8718,-0.090754,-0.103905,0.0,3,False
high_52w,GODREJIND,2021-03-22,2021-03-23,521.0,2021-04-16,537.95,TIME,1,16.95,18.1644,-1.2144,-0.002326,-0.038388,0.064299,16,False
high_52w,AMBUJACEM,2021-03-22,2021-03-23,285.9848,2021-03-31,297.1953,MOMENTUM_FAIL,3,33.6313,19.6212,14.0101,0.016294,-0.014132,0.046265,6,False
high_52w,NMDC,2021-03-22,2021-03-23,24.1624,2021-04-16,26.7325,TIME,41,105.373,20.3276,85.0454,0.08566,-0.052795,0.135093,16,False
high_52w,CANFINHOME,2021-03-22,2021-03-23,572.4261,2021-03-25,532.3563,STOP,1,-40.0698,18.2655,-58.3353,-0.101687,-0.07763,0.0,3,False
high_52w,BBOX,2021-03-22,2021-03-23,211.0491,2021-03-31,247.724,TARGET,4,146.6996,19.7933,126.9063,0.15,0.0,0.21898,6,False
high_52w,KEI,2021-03-22,2021-03-23,545.9998,2021-03-25,507.7798,STOP,1,-38.22,18.1576,-56.3776,-0.103031,-0.073818,0.0,3,False
high_52w,KIRLOSBROS,2021-03-22,2021-03-23,205.1303,2021-04-01,240.8885,TARGET,4,143.0331,19.6859,123.3472,0.15,-0.033019,0.312736,7,False
high_52w,TORNTPOWER,2021-03-22,2021-03-23,382.0401,2021-03-31,375.8323,MOMENTUM_FAIL,2,-12.4155,19.131,-31.5465,-0.041197,-0.05513,0.0,6,False
high_52w,INTELLECT,2021-03-22,2021-03-23,671.9424,2021-03-23,624.9064,STOP,1,-47.036,18.6715,-65.7074,-0.097574,0.0,0.0,1,False
high_52w,JSWSTEEL,2021-03-30,2021-03-31,439.8765,2021-04-07,515.9796,TARGET,2,152.2061,19.9546,132.2515,0.15,0.0,0.212047,5,False
high_52w,ECLERX,2021-03-30,2021-03-31,362.3732,2021-04-26,389.385,TIME,2,54.0235,19.1002,34.9233,0.048082,0.0,0.166055,16,False
high_52w,TATASTEEL,2021-03-30,2021-03-31,66.9725,2021-04-08,78.4844,TARGET,14,161.167,20.2172,140.9498,0.15,0.0,0.20107,6,False
high_52w,GODREJIND,2021-03-30,2021-03-31,546.0,2021-04-08,541.55,MOMENTUM_FAIL,1,-4.45,18.2264,-22.6764,-0.041441,-0.047619,0.005037,6,False
high_52w,BBOX,2021-03-30,2021-03-31,246.0844,2021-04-06,288.1851,TARGET,4,168.4027,20.4292,147.9735,0.15,0.0,0.192056,4,False
high_52w,KSB,2021-03-30,2021-03-31,170.2684,2021-04-08,173.103,MOMENTUM_FAIL,5,14.1729,19.5536,-5.3807,-0.006306,-0.027144,0.041196,6,False
high_52w,APLAPOLLO,2021-03-30,2021-03-31,687.8144,2021-04-01,639.6674,STOP,1,-48.147,18.7362,-66.8832,-0.097028,-0.073643,0.028571,2,False
high_52w,NMDC,2021-03-30,2021-03-31,24.9128,2021-04-26,26.7606,TIME,40,73.9129,20.2882,53.6247,0.053695,0.0,0.100903,16,False
high_52w,KIRLOSBROS,2021-03-30,2021-03-31,230.7716,2021-04-15,214.6176,STOP,4,-64.616,19.6961,-84.3122,-0.091138,-0.071698,0.166876,10,False
high_52w,CDSL,2021-03-30,2021-03-31,308.1532,2021-04-08,361.1964,TARGET,3,159.1296,20.1575,138.9721,0.15,-0.022113,0.178284,6,False
high_52w,VEDL,2021-03-30,2021-03-31,110.1535,2021-04-12,102.4427,STOP,9,-69.3967,19.9748,-89.3714,-0.089952,-0.087051,0.065941,8,False
high_52w,PIDILITIND,2021-03-30,2021-03-31,886.8591,2021-04-26,890.3242,TIME,1,3.4651,19.6818,-16.2167,-0.018246,-0.042076,0.053825,16,False
high_52w,AUBANK,2021-03-30,2021-03-31,636.1975,2021-04-08,622.231,MOMENTUM_FAIL,1,-13.9665,18.5879,-32.5544,-0.051059,-0.062383,0.0,6,False
high_52w,ADANIENSOL,2021-03-30,2021-03-31,887.0,2021-04-05,1040.3284,TARGET,1,153.3284,19.9875,133.3409,0.15,0.0,0.239121,3,False
high_52w,SAIL,2021-04-05,2021-04-06,78.2358,2021-04-12,72.7593,STOP,12,-65.7181,19.7603,-85.4784,-0.090849,-0.091948,0.071817,5,False
high_52w,BBOX,2021-04-05,2021-04-06,285.9227,2021-04-09,335.5232,TARGET,3,148.8014,19.8549,128.9465,0.15,0.0,0.183523,4,False
high_52w,GPIL,2021-04-05,2021-04-06,194.1413,2021-04-13,180.5514,STOP,5,-67.9495,19.8904,-87.8399,-0.090293,-0.071734,0.055213,6,False
high_52w,JINDALSTEL,2021-04-05,2021-04-06,386.0431,2021-04-29,447.1191,TIME,2,122.1519,19.4388,102.713,0.132743,-0.020143,0.170959,16,False
high_52w,NMDC,2021-04-05,2021-04-06,26.6387,2021-04-13,25.9634,MOMENTUM_FAIL,37,-24.9879,20.0409,-45.0288,-0.045586,-0.062324,0.029577,6,False
high_52w,FORTIS,2021-04-05,2021-04-06,217.3487,2021-04-12,202.1343,STOP,4,-60.8576,19.4771,-80.3347,-0.092201,-0.081982,0.019868,5,False
high_52w,JSWSTEEL,2021-04-05,2021-04-06,492.2552,2021-04-08,576.4699,TARGET,2,168.4294,20.43,147.9994,0.15,0.0,0.221797,3,False
high_52w,SARDAEN,2021-04-05,2021-04-06,44.048,2021-04-12,40.9647,STOP,22,-67.834,19.8837,-87.7177,-0.090321,-0.086861,0.033535,5,False
high_52w,VEDL,2021-04-05,2021-04-06,111.5678,2021-04-12,103.7581,STOP,8,-62.478,19.5715,-82.0495,-0.091727,-0.098625,0.052428,5,False
high_52w,TATASTEEL,2021-04-05,2021-04-06,73.8469,2021-04-29,86.5111,TARGET,13,164.6351,20.3188,144.3163,0.15,-0.036722,0.184409,16,False
high_52w,ECLERX,2021-04-05,2021-04-06,369.2882,2021-04-29,409.116,TIME,2,79.6556,19.2108,60.4448,0.081661,-0.00072,0.14422,16,False
high_52w,COFORGE,2021-04-05,2021-04-06,571.3237,2021-04-13,541.4462,MOMENTUM_FAIL,1,-29.8775,18.2815,-48.159,-0.08411,-0.076164,0.047688,6,False
high_52w,CIPLA,2021-04-12,2021-04-13,879.7682,2021-04-22,901.1432,MOMENTUM_FAIL,1,21.375,19.6883,1.6867,0.001913,-0.041271,0.048159,6,False
high_52w,FLUOROCHEM,2021-04-12,2021-04-13,715.7125,2021-05-06,809.7307,TIME,1,94.0182,19.1435,74.8747,0.104387,-0.047288,0.171071,16,False
high_52w,ECLERX,2021-04-12,2021-04-13,400.6053,2021-04-15,372.5629,STOP,2,-56.0847,19.1989,-75.2836,-0.093757,-0.077012,0.0,2,False
high_52w,DABUR,2021-04-12,2021-04-13,519.7712,2021-04-22,530.0223,MOMENTUM_FAIL,1,10.2512,18.1456,-7.8944,-0.015155,0.0,0.04809,6,False
high_52w,COFORGE,2021-04-12,2021-04-13,588.1823,2021-04-13,547.0096,STOP,1,-41.1728,18.3297,-59.5025,-0.100943,0.0,0.0,1,False
high_52w,LAURUSLABS,2021-04-12,2021-04-13,413.0034,2021-05-04,484.9447,TARGET,2,143.8826,19.7108,124.1719,0.15,0.0,0.200357,14,False
high_52w,ZYDUSLIFE,2021-04-12,2021-04-13,493.3717,2021-04-26,582.9881,TARGET,2,179.2328,20.4614,158.7713,0.160553,-0.050391,0.181641,8,False
high_52w,PERSISTENT,2021-04-12,2021-04-13,972.8446,2021-04-19,904.7455,STOP,1,-68.0991,19.8991,-87.9983,-0.090257,-0.073086,0.0,4,False
high_52w,EMAMILTD,2021-04-12,2021-04-13,464.3813,2021-05-06,443.7676,TIME,2,-41.2275,19.7677,-60.9952,-0.06553,-0.050984,0.076772,16,False
high_52w,TECHM,2021-04-12,2021-04-13,854.8993,2021-04-15,795.0563,STOP,1,-59.8429,19.4179,-79.2609,-0.092511,-0.071483,0.0,2,False
high_52w,PIDILITIND,2021-04-12,2021-04-13,896.5516,2021-04-22,865.4389,MOMENTUM_FAIL,1,-31.1127,19.6523,-50.765,-0.056499,-0.052432,0.0,6,False
high_52w,ELGIEQUIP,2021-04-19,2021-04-20,218.9755,2021-05-12,208.8975,TIME,4,-40.3118,19.5464,-59.8582,-0.06819,-0.0563,0.072386,16,False
high_52w,CIPLA,2021-04-19,2021-04-20,920.9439,2021-04-28,868.5558,MOMENTUM_FAIL,1,-52.3881,19.712,-72.1,-0.078118,-0.066418,0.0,6,False
high_52w,GLENMARK,2021-04-19,2021-04-20,574.0067,2021-04-27,533.8262,STOP,1,-40.1805,18.2719,-58.4524,-0.10161,-0.071453,0.005983,5,False
high_52w,WIPRO,2021-04-19,2021-04-20,217.4051,2021-04-28,223.4796,MOMENTUM_FAIL,4,24.2983,19.6514,4.6469,0.005332,-0.009244,0.038866,6,False
high_52w,ZYDUSLIFE,2021-04-19,2021-04-20,522.2802,2021-05-12,619.1261,TARGET,1,96.8458,18.3325,78.5133,0.15,-0.00369,0.242989,16,False
high_52w,SUNPHARMA,2021-04-19,2021-04-20,611.1676,2021-04-28,610.7877,MOMENTUM_FAIL,1,-0.3798,18.5099,-18.8897,-0.03084,-0.021202,0.022056,6,False
high_52w,MARICO,2021-04-19,2021-04-20,398.5391,2021-04-28,385.5138,MOMENTUM_FAIL,2,-26.0507,19.2426,-45.2933,-0.0567,-0.053492,0.0,6,False
high_52w,DABUR,2021-04-19,2021-04-20,537.3714,2021-04-28,506.7113,MOMENTUM_FAIL,1,-30.6602,18.1366,-48.7967,-0.090608,-0.068554,0.0,6,False
high_52w,LAURUSLABS,2021-04-19,2021-04-20,436.997,2021-05-12,477.3548,TIME,2,80.7156,19.7848,60.9309,0.069563,-0.0054,0.134451,16,False
high_52w,ELECON,2021-04-19,2021-04-20,34.3993,2021-04-22,40.2771,TARGET,29,170.4536,20.4893,149.9643,0.15,0.0,0.177098,2,False
high_52w,TATACONSUM,2021-04-19,2021-04-20,646.1724,2021-04-28,645.9816,MOMENTUM_FAIL,1,-0.1908,18.658,-18.8488,-0.029106,-0.024138,0.023105,6,False
high_52w,KPRMILL,2021-04-19,2021-04-20,242.415,2021-05-03,283.9474,TARGET,4,166.1296,20.3626,145.767,0.15,-0.051266,0.314888,9,False
high_52w,APARINDS,2021-04-26,2021-04-27,531.2749,2021-04-27,494.0856,STOP,1,-37.1892,18.0976,-55.2868,-0.103837,0.0,0.0,1,False
high_52w,SAIL,2021-04-26,2021-04-27,85.5571,2021-04-30,100.2581,TARGET,11,161.7111,20.2332,141.4779,0.15,-0.008955,0.207462,4,False
high_52w,JSWENERGY,2021-04-26,2021-04-27,103.3301,2021-05-11,121.106,TARGET,9,159.9831,20.1825,139.8006,0.15,-0.007484,0.173994,11,False
high_52w,AARTIIND,2021-04-26,2021-04-27,727.8289,2021-05-05,861.1002,TARGET,1,133.2713,19.2746,113.9967,0.156284,0.0,0.183784,7,False
high_52w,ICICIPRULI,2021-04-26,2021-04-27,540.6622,2021-05-04,547.4848,MOMENTUM_FAIL,1,6.8226,18.2268,-11.4042,-0.021047,-0.054224,0.034108,6,False
high_52w,JSWSTEEL,2021-04-26,2021-04-27,621.8134,2021-05-19,664.3561,TIME,1,42.5428,18.6422,23.9006,0.038353,-0.015137,0.170059,16,False
high_52w,COHANCE,2021-04-26,2021-04-27,530.1364,2021-05-04,528.5744,MOMENTUM_FAIL,1,-1.562,18.1653,-19.7273,-0.037131,-0.020532,0.022005,6,False
high_52w,USHAMART,2021-04-26,2021-04-27,40.5518,2021-05-03,47.4969,TARGET,24,166.6844,20.3789,146.3055,0.15,-0.035294,0.345882,5,False
high_52w,LAURUSLABS,2021-04-26,2021-04-27,459.6138,2021-05-19,478.783,TIME,2,38.3384,19.8895,18.4489,0.020026,-0.037227,0.078627,16,False
high_52w,STLTECH,2021-04-26,2021-04-27,232.8612,2021-05-19,232.5662,TIME,4,-1.18,19.8606,-21.0406,-0.02254,-0.065456,0.05152,16,False
high_52w,ZYDUSLIFE,2021-04-26,2021-04-27,546.3706,2021-05-04,548.4424,MOMENTUM_FAIL,1,2.0718,18.2412,-16.1695,-0.02953,-0.015873,0.036949,6,False
high_52w,TATASTEEL,2021-04-26,2021-04-27,79.9874,2021-05-06,93.705,TARGET,12,164.6103,20.3181,144.2922,0.15,0.0,0.190552,8,False
high_52w,JINDALSTEL,2021-04-26,2021-04-27,438.0142,2021-05-04,428.9094,MOMENTUM_FAIL,2,-18.2096,19.5919,-37.8015,-0.043057,-0.028315,0.032023,6,False
high_52w,KPRMILL,2021-04-26,2021-04-27,251.6672,2021-05-03,295.9627,TARGET,3,132.8864,19.3885,113.4979,0.15,0.0,0.266547,5,False
high_52w,NMDC,2021-04-26,2021-04-27,26.9107,2021-05-05,31.5097,TARGET,37,170.1618,20.4808,149.6811,0.15,0.0,0.172534,7,False
high_52w,ZYDUSWELL,2021-04-26,2021-04-27,426.8517,2021-05-04,407.8313,MOMENTUM_FAIL,2,-38.0408,19.4573,-57.498,-0.067204,-0.05023,0.0,6,False
high_52w,USHAMART,2021-05-03,2021-05-04,54.5779,2021-05-04,50.7574,STOP,18,-68.7681,19.9381,-88.7063,-0.090098,0.0,0.0,1,False
high_52w,BALRAMCHIN,2021-05-03,2021-05-04,316.9843,2021-05-04,294.7954,STOP,3,-66.5667,19.8098,-86.3765,-0.090633,0.0,0.0,1,False
high_52w,EIDPARRY,2021-05-03,2021-05-04,392.0649,2021-05-04,364.6204,STOP,2,-54.8891,19.1292,-74.0183,-0.09419,0.0,0.0,1,False
high_52w,SARDAEN,2021-05-03,2021-05-04,54.7416,2021-05-14,50.9097,STOP,18,-68.9744,19.9501,-88.9246,-0.09005,-0.076705,0.08626,8,False
high_52w,JINDALSAW,2021-05-03,2021-05-04,43.3198,2021-05-04,40.2875,STOP,23,-69.7449,19.9951,-89.74,-0.089872,0.0,0.0,1,False
high_52w,SAIL,2021-05-03,2021-05-04,110.4155,2021-05-24,102.6864,STOP,9,-69.5618,19.9844,-89.5461,-0.089914,-0.097147,0.166538,14,False
high_52w,LTFOODS,2021-05-03,2021-05-04,77.8715,2021-05-11,77.9674,MOMENTUM_FAIL,12,1.1502,19.878,-18.7278,-0.019998,-0.075692,0.014769,6,False
high_52w,GPIL,2021-05-03,2021-05-04,246.335,2021-05-14,229.0916,STOP,4,-68.9738,19.9501,-88.9239,-0.09005,-0.093069,0.118713,8,False
high_52w,MARICO,2021-05-03,2021-05-04,424.4962,2021-05-26,430.2592,TIME,2,11.5261,19.5383,-8.0122,-0.009417,-0.00298,0.07638,16,False
high_52w,KPRMILL,2021-05-03,2021-05-04,286.8493,2021-05-11,294.0889,MOMENTUM_FAIL,3,21.7189,19.6078,2.1111,0.002448,-0.038147,0.036104,6,False
high_52w,NATIONALUM,2021-05-03,2021-05-04,53.8113,2021-05-10,63.0316,TARGET,18,165.966,20.3578,145.6081,0.15,-0.03701,0.191582,5,False
high_52w,RHIM,2021-05-03,2021-05-04,324.0846,2021-05-06,301.3987,STOP,3,-68.0578,19.8967,-87.9545,-0.090267,-0.072028,0.0,3,False
high_52w,TATASTEEL,2021-05-03,2021-05-04,90.628,2021-05-26,91.2775,TIME,11,7.1443,20.1539,-13.0096,-0.013022,-0.029736,0.160454,16,False
high_52w,ICICIPRULI,2021-05-03,2021-05-04,548.7702,2021-05-11,566.1727,MOMENTUM_FAIL,1,17.4025,18.2826,-0.8801,-0.0016,-0.006306,0.041171,6,False
high_52w,KIRLOSENG,2021-05-03,2021-05-04,177.5056,2021-05-26,208.1876,TARGET,5,153.4101,19.9899,133.4202,0.15,-0.05029,0.274355,16,False
high_52w,CARBORUNIV,2021-05-03,2021-05-04,570.7976,2021-05-06,530.8418,STOP,1,-39.9558,18.2588,-58.2146,-0.101766,-0.073413,0.046227,3,False
high_52w,GMDCLTD,2021-05-10,2021-05-11,64.6779,2021-06-02,63.2358,TIME,15,-21.6321,19.9824,-41.6145,-0.042801,-0.035811,0.126351,16,False
high_52w,BHEL,2021-05-10,2021-05-11,63.9342,2021-05-12,74.8996,TARGET,15,164.4808,20.3143,144.1664,0.15,0.0,0.178462,2,False
high_52w,HINDCOPPER,2021-05-10,2021-05-11,174.2715,2021-05-14,162.0725,STOP,5,-60.995,19.4851,-80.4801,-0.09216,-0.083333,0.048611,3,False
high_52w,GALLANTT,2021-05-10,2021-05-11,67.4583,2021-05-14,62.7362,STOP,14,-66.1091,19.7831,-85.8922,-0.090749,-0.109559,0.013235,3,False
high_52w,HINDALCO,2021-05-10,2021-05-11,398.2811,2021-05-14,370.4014,STOP,2,-55.7594,19.1799,-74.9393,-0.093873,-0.112571,0.006749,3,False
high_52w,NAVA,2021-05-10,2021-05-11,42.4954,2021-05-21,39.5207,STOP,23,-68.4176,19.9177,-88.3353,-0.090181,-0.107521,0.088453,8,False
high_52w,NATIONALUM,2021-05-10,2021-05-11,61.309,2021-05-12,57.0173,STOP,16,-68.666,19.9322,-88.5982,-0.090122,-0.071338,0.044586,2,False
high_52w,TORNTPOWER,2021-05-10,2021-05-11,400.1311,2021-05-19,386.1194,MOMENTUM_FAIL,2,-28.0233,19.252,-47.2753,-0.058946,-0.055851,0.005319,6,False
high_52w,GLENMARK,2021-05-10,2021-05-11,620.2216,2021-05-19,602.9524,MOMENTUM_FAIL,1,-17.2692,18.5137,-35.7829,-0.057568,-0.052365,0.012498,6,False
high_52w,NMDC,2021-05-10,2021-05-11,36.5813,2021-05-17,34.0206,STOP,27,-69.1387,19.9597,-89.0984,-0.090012,-0.081795,0.093333,4,False
high_52w,RKFORGE,2021-05-10,2021-05-11,125.6537,2021-05-19,124.5639,MOMENTUM_FAIL,7,-7.6287,19.6284,-27.2571,-0.030921,-0.03735,0.047039,6,False
high_52w,KIRLOSENG,2021-05-10,2021-05-11,186.7127,2021-05-26,218.8206,TARGET,5,160.5395,20.1988,140.3407,0.15,0.0,0.211514,11,False
high_52w,TATASTEEL,2021-05-10,2021-05-11,100.3744,2021-05-17,93.3482,STOP,9,-63.2359,19.6157,-82.8516,-0.091514,-0.072689,0.047773,4,False
high_52w,ZYDUSLIFE,2021-05-10,2021-05-11,603.8504,2021-06-02,604.5731,TIME,1,0.7227,18.4812,-17.7585,-0.029345,-0.040214,0.075082,16,False
high_52w,VEDL,2021-05-10,2021-05-11,138.1773,2021-05-19,135.5403,MOMENTUM_FAIL,7,-18.4587,19.9765,-38.4353,-0.03965,-0.069049,0.014053,6,False
high_52w,WIPRO,2021-05-10,2021-05-11,236.565,2021-05-19,233.6876,MOMENTUM_FAIL,4,-11.5097,19.9021,-31.4118,-0.033123,-0.048653,0.008881,6,False
high_52w,WELSPUNLIV,2021-05-10,2021-05-11,94.2439,2021-05-12,87.6468,STOP,10,-65.9707,19.7751,-85.7458,-0.090784,-0.07556,0.0,2,False
high_52w,GRAPHITE,2021-05-10,2021-05-11,699.9852,2021-05-14,650.9862,STOP,1,-48.999,18.7859,-67.7848,-0.096626,-0.099226,0.007032,3,False
high_52w,HFCL,2021-05-17,2021-05-18,42.8378,2021-05-26,50.4556,TARGET,23,175.2095,20.447,154.7625,0.156734,-0.055427,0.187067,7,False
high_52w,KPITTECH,2021-05-17,2021-05-18,233.3612,2021-05-25,229.9337,MOMENTUM_FAIL,4,-13.7103,19.8435,-33.5538,-0.035868,-0.031237,0.036822,6,False
high_52w,CDSL,2021-05-17,2021-05-18,410.7452,2021-05-25,418.2197,MOMENTUM_FAIL,2,14.9489,19.4291,-4.4802,-0.005442,-0.010333,0.039036,6,False
high_52w,KIRLOSBROS,2021-05-17,2021-05-18,275.5713,2021-05-26,323.5686,TARGET,3,143.9921,19.714,124.2782,0.15,-0.029319,0.253686,7,False
high_52w,UPL,2021-05-17,2021-05-18,730.5642,2021-05-25,749.5222,MOMENTUM_FAIL,1,18.958,19.0534,-0.0953,-0.00013,-0.017386,0.037991,6,False
high_52w,CHAMBLFERT,2021-05-17,2021-05-18,251.9466,2021-06-08,251.726,TIME,3,-0.6619,19.1201,-19.782,-0.026115,-0.036778,0.087391,16,False
high_52w,CESC,2021-05-17,2021-05-18,54.1112,2021-05-25,53.5732,MOMENTUM_FAIL,18,-9.6834,20.023,-29.7063,-0.030433,-0.014514,0.028737,6,False
high_52w,MOTHERSON,2021-05-17,2021-05-18,63.8687,2021-05-25,63.2116,MOMENTUM_FAIL,15,-9.8565,19.9552,-29.8117,-0.03105,-0.044856,0.020164,6,False
high_52w,LTFOODS,2021-05-17,2021-05-18,83.7658,2021-05-25,84.1491,MOMENTUM_FAIL,11,4.217,19.8293,-15.6122,-0.016907,-0.037757,0.035469,6,False
high_52w,RKFORGE,2021-05-17,2021-05-18,127.6272,2021-05-25,122.9635,MOMENTUM_FAIL,7,-32.6456,19.6358,-52.2814,-0.058393,-0.048619,0.000616,6,False
high_52w,PIDILITIND,2021-05-17,2021-05-18,921.7035,2021-06-08,1005.4705,TIME,1,83.767,19.9924,63.7746,0.069041,-0.008886,0.116778,16,False
high_52w,OIL,2021-05-17,2021-05-18,69.6885,2021-05-25,70.1594,MOMENTUM_FAIL,14,6.592,20.063,-13.471,-0.013777,-0.024024,0.024024,6,False
high_52w,CGCL,2021-05-17,2021-05-18,443.0458,2021-05-25,433.6624,MOMENTUM_FAIL,2,-18.7668,19.6333,-38.4001,-0.043242,-0.031503,0.0,6,False
high_52w,CYIENT,2021-05-17,2021-05-18,686.6066,2021-06-08,726.4914,TIME,1,39.8848,18.9104,20.9744,0.030481,0.0,0.080645,16,False
high_52w,BSOFT,2021-05-24,2021-05-25,275.873,2021-06-08,323.9171,TARGET,3,144.1323,19.7181,124.4143,0.15,0.0,0.291275,11,False
high_52w,LAURUSLABS,2021-05-24,2021-05-25,513.1576,2021-06-01,524.4845,MOMENTUM_FAIL,1,11.3269,18.1198,-6.793,-0.013209,-0.021113,0.030614,6,False
high_52w,CHOLAHLDNG,2021-05-24,2021-05-25,644.3381,2021-06-01,642.7447,MOMENTUM_FAIL,1,-1.5934,18.6474,-20.2409,-0.031345,-0.037635,0.012597,6,False
high_52w,ELECON,2021-05-24,2021-05-25,49.7885,2021-05-28,58.2972,TARGET,20,170.1732,20.4811,149.6921,0.15,0.0,0.186241,4,False
high_52w,KPIL,2021-05-24,2021-05-25,410.4452,2021-06-01,392.2095,MOMENTUM_FAIL,2,-36.4714,19.3219,-55.7933,-0.067819,-0.051335,0.005755,6,False
high_52w,BSE,2021-05-24,2021-05-25,82.72,2021-05-26,96.8607,TARGET,12,169.6884,20.4669,149.2215,0.15,0.0,0.185357,2,False
high_52w,CHENNPETRO,2021-05-24,2021-05-25,112.6186,2021-06-01,107.8112,MOMENTUM_FAIL,8,-38.4592,19.6559,-58.1151,-0.064364,-0.054194,0.030438,6,False
high_52w,CCL,2021-05-24,2021-05-25,315.8643,2021-06-15,328.8338,TIME,3,38.9085,20.0104,18.8981,0.0199,0.0,0.13803,16,False
high_52w,KIRLOSBROS,2021-05-24,2021-05-25,291.7301,2021-05-26,342.23,TARGET,3,151.4995,19.9339,131.5656,0.15,0.0,0.184245,2,False
high_52w,MOTILALOFS,2021-05-24,2021-05-25,823.5761,2021-06-01,761.4689,MOMENTUM_FAIL,1,-62.1072,19.281,-81.3883,-0.098607,-0.078765,0.0,6,False
high_52w,IOC,2021-05-24,2021-05-25,53.8375,2021-06-01,53.5937,MOMENTUM_FAIL,18,-4.3888,20.0129,-24.4017,-0.025125,-0.018569,0.029892,6,False
high_52w,GRAPHITE,2021-05-24,2021-05-25,724.1007,2021-05-28,673.4136,STOP,1,-50.687,18.8843,-69.5713,-0.09587,-0.079144,0.0,4,False
high_52w,REDINGTON,2021-05-31,2021-06-01,108.1215,2021-06-01,100.553,STOP,9,-68.1165,19.9001,-88.0167,-0.090253,0.0,0.0,1,False
high_52w,MINDACORP,2021-05-31,2021-06-01,124.4926,2021-06-22,130.2761,TIME,8,46.2682,20.2295,26.0387,0.026088,-0.028346,0.117716,16,False
high_52w,BSE,2021-05-31,2021-06-01,100.5085,2021-06-08,96.2578,MOMENTUM_FAIL,9,-38.2563,19.6716,-57.9279,-0.063899,-0.051662,0.0,6,False
high_52w,CONCOR,2021-05-31,2021-06-01,637.2458,2021-06-22,655.991,TIME,1,18.7452,18.6589,0.0863,0.000135,-0.020928,0.094687,16,False
high_52w,CDSL,2021-05-31,2021-06-01,466.8159,2021-06-08,462.8075,MOMENTUM_FAIL,2,-8.0169,19.8559,-27.8728,-0.029789,-0.032124,0.008536,6,False
high_52w,INDHOTEL,2021-05-31,2021-06-01,134.1245,2021-06-08,128.9805,MOMENTUM_FAIL,7,-36.0078,19.821,-55.8288,-0.059334,-0.052557,0.022727,6,False
high_52w,AVANTIFEED,2021-05-31,2021-06-01,557.1397,2021-06-08,535.1424,MOMENTUM_FAIL,1,-21.9973,18.2377,-40.235,-0.072059,-0.043239,0.035058,6,False
high_52w,LAURUSLABS,2021-05-31,2021-06-01,517.8853,2021-06-08,614.0505,TARGET,1,96.1652,18.3126,77.8526,0.15,0.0,0.220331,6,False
high_52w,AEGISLOG,2021-05-31,2021-06-01,339.0208,2021-06-22,333.5745,TIME,2,-10.8926,18.7708,-29.6634,-0.043653,-0.058081,0.06522,16,False
high_52w,CASTROLIND,2021-06-07,2021-06-08,115.7382,2021-06-15,111.9889,MOMENTUM_FAIL,8,-29.9949,19.7785,-49.7734,-0.053639,-0.056283,0.0,6,False
high_52w,RADICO,2021-06-07,2021-06-08,699.159,2021-06-29,755.9009,TIME,1,56.742,18.9977,37.7443,0.053867,-0.050035,0.164432,16,False
high_52w,PNBHOUSING,2021-06-07,2021-06-08,735.6487,2021-06-09,684.1533,STOP,1,-51.4954,18.9314,-70.4268,-0.095525,-0.099311,0.0,2,False
high_52w,CESC,2021-06-07,2021-06-08,58.9019,2021-06-29,61.0498,TIME,16,34.3671,19.9793,14.3878,0.015233,-0.0286,0.093333,16,False
high_52w,LAURUSLABS,2021-06-07,2021-06-08,566.3448,2021-06-25,670.0147,TARGET,1,103.6699,18.5325,85.1374,0.15,0.0,0.187478,14,False
high_52w,TRITURBINE,2021-06-07,2021-06-08,117.8054,2021-06-11,109.5591,STOP,8,-65.9711,19.7751,-85.7461,-0.090784,-0.076016,0.0,4,False
high_52w,FINCABLES,2021-06-07,2021-06-08,477.706,2021-06-09,444.2666,STOP,2,-66.8788,19.828,-86.7068,-0.090555,-0.154871,0.013916,2,False
high_52w,KSB,2021-06-07,2021-06-08,206.8138,2021-06-14,192.3369,STOP,4,-57.9079,19.3051,-77.213,-0.093133,-0.072189,0.0,5,False
high_52w,GAIL,2021-06-07,2021-06-08,90.3964,2021-06-15,87.6017,MOMENTUM_FAIL,11,-30.7412,20.066,-50.8072,-0.050984,-0.058859,0.012485,6,False
high_52w,CHOLAHLDNG,2021-06-07,2021-06-08,687.1612,2021-06-15,685.4183,MOMENTUM_FAIL,1,-1.7429,18.828,-20.5708,-0.029871,-0.03971,0.030435,6,False
high_52w,KPIL,2021-06-07,2021-06-08,424.2401,2021-06-15,412.6184,MOMENTUM_FAIL,2,-23.2434,19.4653,-42.7087,-0.050226,-0.046771,0.026726,6,False
high_52w,IRCTC,2021-06-07,2021-06-08,406.7028,2021-06-15,400.4045,MOMENTUM_FAIL,2,-12.5965,19.3389,-31.9354,-0.039176,-0.04972,0.01504,6,False
high_52w,PCBL,2021-06-07,2021-06-08,105.0022,2021-06-09,97.6521,STOP,9,-66.1514,19.7856,-85.937,-0.090738,-0.07362,0.0,2,False
high_52w,SARDAEN,2021-06-14,2021-06-15,70.5108,2021-06-16,65.575,STOP,14,-69.1006,19.9575,-89.058,-0.09002,-0.097397,0.0,2,False
high_52w,ECLERX,2021-06-14,2021-06-15,597.7496,2021-06-17,555.9071,STOP,1,-41.8425,18.3688,-60.2112,-0.10051,-0.096802,0.0,3,False
high_52w,NAVA,2021-06-14,2021-06-15,54.0196,2021-06-17,50.2382,STOP,18,-68.0647,19.8971,-87.9618,-0.090266,-0.0725,0.049583,3,False
high_52w,DEEPAKFERT,2021-06-14,2021-06-15,420.2384,2021-06-21,382.8943,GAP_STOP,2,-74.6882,19.3268,-94.015,-0.111615,-0.088864,0.048998,5,False
high_52w,ACE,2021-06-14,2021-06-15,206.6554,2021-06-15,242.6498,TARGET,4,143.9779,19.7135,124.2643,0.15,0.0,0.0,1,False
high_52w,NBCC,2021-06-14,2021-06-15,36.3108,2021-06-18,33.769,STOP,27,-68.6274,19.9299,-88.5573,-0.090131,-0.100346,0.000865,4,False
high_52w,GODREJCP,2021-06-14,2021-06-15,874.5383,2021-06-22,833.217,MOMENTUM_FAIL,1,-41.3213,19.5386,-60.8599,-0.069439,-0.050019,0.02357,6,False
high_52w,JSL,2021-06-14,2021-06-15,105.5579,2021-06-16,98.1689,STOP,9,-66.5015,19.806,-86.3075,-0.09065,-0.071429,0.0,2,False
high_52w,SAMMAANCAP,2021-06-14,2021-06-15,263.3639,2021-06-18,244.9285,STOP,3,-55.3064,19.1535,-74.4599,-0.094037,-0.109064,0.041501,4,False
high_52w,WIPRO,2021-06-14,2021-06-15,256.4558,2021-06-22,254.195,MOMENTUM_FAIL,3,-6.7823,19.1648,-25.9471,-0.033652,-0.046839,0.00187,6,False
high_52w,SUMICHEM,2021-06-14,2021-06-15,388.2234,2021-06-18,361.0477,STOP,2,-54.3513,19.0978,-73.4491,-0.09439,-0.09433,0.0,4,False
high_52w,POWERGRID,2021-06-14,2021-06-15,108.4272,2021-06-18,100.8373,STOP,9,-68.3091,19.9114,-88.2205,-0.090207,-0.08162,0.0,4,False
high_52w,ICICIPRULI,2021-06-14,2021-06-15,586.2943,2021-06-22,597.722,MOMENTUM_FAIL,1,11.4278,18.4289,-7.0011,-0.011915,-0.038806,0.028037,6,False
high_52w,HFCL,2021-06-21,2021-06-22,57.8261,2021-06-23,67.7203,TARGET,17,168.2022,20.4233,147.7788,0.15,0.0,0.243798,2,False
high_52w,COROMANDEL,2021-06-21,2021-06-22,878.7616,2021-06-29,855.5311,MOMENTUM_FAIL,1,-23.2305,19.5932,-42.8237,-0.048626,-0.045504,0.035753,6,False
high_52w,APLAPOLLO,2021-06-21,2021-06-22,807.6906,2021-06-29,774.4545,MOMENTUM_FAIL,1,-33.2361,19.2728,-52.5089,-0.064869,-0.054167,0.0,6,False
high_52w,SHRIPISTON,2021-06-21,2021-06-22,452.5844,2021-07-13,453.09,TIME,2,1.011,19.7541,-18.743,-0.020662,-0.029736,0.115804,16,False
high_52w,TARIL,2021-06-21,2021-06-22,15.5102,2021-07-12,18.1616,TARGET,64,169.6903,20.467,149.2233,0.15,-0.031847,0.197452,15,False
high_52w,TATACONSUM,2021-06-21,2021-06-22,717.655,2021-06-29,727.2972,MOMENTUM_FAIL,1,9.6422,18.9799,-9.3377,-0.012983,0.0,0.031952,6,False
high_52w,GALLANTT,2021-06-28,2021-06-29,75.5433,2021-07-20,75.8905,TIME,13,4.5138,20.0859,-15.5721,-0.015822,-0.014445,0.155614,16,False
high_52w,TITAGARH,2021-06-28,2021-06-29,69.2523,2021-07-20,70.8466,TIME,14,22.32,20.0693,2.2508,0.002316,-0.019425,0.098561,16,False
high_52w,GLENMARK,2021-06-28,2021-06-29,654.4168,2021-07-06,636.2154,MOMENTUM_FAIL,1,-18.2014,18.6562,-36.8576,-0.056198,-0.032761,0.001424,6,False
high_52w,OIL,2021-06-28,2021-06-29,85.0179,2021-06-29,79.0666,STOP,11,-65.4638,19.7455,-85.2093,-0.090915,0.0,0.0,1,False
high_52w,FSL,2021-06-28,2021-06-29,157.6353,2021-06-29,184.708,TARGET,6,162.4364,20.2544,142.1819,0.15,0.0,0.0,1,False
high_52w,TECHM,2021-06-28,2021-06-29,907.2568,2021-07-06,858.6215,MOMENTUM_FAIL,1,-48.6353,19.6618,-68.2971,-0.075114,-0.05523,0.0,6,False
high_52w,TATACONSUM,2021-06-28,2021-06-29,735.3085,2021-07-06,731.6625,MOMENTUM_FAIL,1,-3.6459,19.0274,-22.6733,-0.030768,-0.022182,0.006655,6,False
high_52w,ICICIPRULI,2021-06-28,2021-06-29,614.1422,2021-07-06,622.1785,MOMENTUM_FAIL,1,8.0364,18.5395,-10.5032,-0.017065,-0.015347,0.02496,6,False
high_52w,USHAMART,2021-06-28,2021-06-29,56.2,2021-07-02,52.266,STOP,17,-66.878,19.8279,-86.7059,-0.090556,-0.081494,0.0,4,False
high_52w,BALRAMCHIN,2021-06-28,2021-06-29,353.2802,2021-07-06,334.3095,MOMENTUM_FAIL,2,-37.9414,18.8362,-56.7776,-0.080182,-0.057534,0.002055,6,False
high_52w,COFORGE,2021-06-28,2021-06-29,775.0939,2021-07-06,788.5016,MOMENTUM_FAIL,1,13.4077,19.2301,-5.8224,-0.007495,-0.012579,0.038126,6,False
high_52w,OLECTRA,2021-07-05,2021-07-06,262.0842,2021-07-08,243.7383,STOP,3,-55.0377,19.1378,-74.1755,-0.094135,-0.096535,0.0,3,False
high_52w,AVANTIFEED,2021-07-05,2021-07-06,608.3425,2021-07-13,595.1349,MOMENTUM_FAIL,1,-13.2076,18.4718,-31.6794,-0.051961,-0.068802,0.006957,6,False
high_52w,SUZLON,2021-07-05,2021-07-06,8.4935,2021-07-07,7.6671,GAP_STOP,117,-96.6879,19.9291,-116.6171,-0.117096,-0.097297,0.0,2,False
high_52w,GRAVITA,2021-07-05,2021-07-06,140.0958,2021-07-12,164.0722,TARGET,7,167.8347,20.4126,147.4221,0.15,-0.043266,0.172366,5,False
high_52w,ABREL,2021-07-05,2021-07-06,645.0902,2021-07-28,760.9551,TARGET,1,115.8649,18.8898,96.9751,0.15,0.0,0.25,16,False
high_52w,CCL,2021-07-05,2021-07-06,382.1957,2021-07-13,369.6569,MOMENTUM_FAIL,2,-25.0776,19.1065,-44.1841,-0.057677,-0.04583,0.021413,6,False
high_52w,RKFORGE,2021-07-05,2021-07-06,143.3462,2021-07-13,146.0757,MOMENTUM_FAIL,6,16.3768,19.595,-3.2181,-0.003734,-0.04,0.026781,6,False
high_52w,OIL,2021-07-05,2021-07-06,90.9299,2021-07-13,88.4447,MOMENTUM_FAIL,10,-24.8515,19.7189,-44.5704,-0.048909,-0.037112,0.014385,6,False
high_52w,MOTILALOFS,2021-07-05,2021-07-06,852.6434,2021-07-12,1000.6512,TARGET,1,148.0077,19.8316,128.1761,0.15,-0.003807,0.190568,5,False
high_52w,ECLERX,2021-07-05,2021-07-06,713.0109,2021-07-13,692.3324,MOMENTUM_FAIL,1,-20.6785,18.8985,-39.577,-0.055386,-0.043689,0.023453,6,False
high_52w,WELSPUNLIV,2021-07-05,2021-07-06,104.6672,2021-07-14,122.6502,TARGET,9,161.8468,20.2371,141.6097,0.15,-0.034775,0.174812,7,False
high_52w,GRAVITA,2021-07-12,2021-07-13,159.1109,2021-08-02,186.4121,TARGET,6,163.8074,20.2946,143.5128,0.15,0.0,0.222734,14,False
high_52w,VTL,2021-07-12,2021-07-13,301.9533,2021-07-27,354.0364,TARGET,3,156.2492,20.0731,136.1761,0.15,-0.028558,0.249068,10,False
high_52w,WELSPUNLIV,2021-07-12,2021-07-13,112.1926,2021-07-19,131.5627,TARGET,8,154.9609,20.0354,134.9255,0.15,0.0,0.179307,5,False
high_52w,REDINGTON,2021-07-12,2021-07-13,141.4244,2021-07-20,133.5355,MOMENTUM_FAIL,7,-55.2218,19.9977,-75.2195,-0.075816,-0.087065,0.019164,6,False
high_52w,AMBUJACEM,2021-07-12,2021-07-13,359.4537,2021-08-04,403.2367,TIME,2,87.566,19.1439,68.4221,0.094968,-0.01459,0.144157,16,False
high_52w,CDSL,2021-07-12,2021-07-13,515.9073,2021-07-14,611.7661,TARGET,1,95.8589,18.3036,77.5553,0.15,0.0,0.215174,2,False
high_52w,MOTILALOFS,2021-07-12,2021-07-13,997.0115,2021-07-30,927.2207,STOP,1,-69.7908,19.9977,-89.7885,-0.089861,-0.09208,0.154519,13,False
high_52w,OBEROIRLTY,2021-07-12,2021-07-13,689.636,2021-07-20,678.1601,MOMENTUM_FAIL,1,-11.4759,18.8186,-30.2945,-0.043832,-0.048931,0.032432,6,False
high_52w,JSL,2021-07-12,2021-07-13,124.0649,2021-07-15,115.3803,STOP,8,-69.4763,19.9794,-89.4557,-0.089933,-0.076164,0.0,3,False
high_52w,RKFORGE,2021-07-12,2021-07-13,145.5062,2021-08-02,170.7005,TARGET,6,151.166,19.9242,131.2419,0.15,-0.011876,0.20108,14,False
high_52w,BRIGADE,2021-07-12,2021-07-13,240.1778,2021-08-04,249.975,TIME,4,39.1888,20.0664,19.1225,0.019861,-0.048926,0.099135,16,False
high_52w,IRCTC,2021-07-12,2021-07-13,433.8138,2021-08-04,475.4488,TIME,2,83.27,19.7631,63.5069,0.073036,-0.012077,0.115266,16,False
high_52w,TARIL,2021-07-12,2021-07-13,18.0294,2021-07-14,16.7673,STOP,55,-69.413,19.9757,-89.3887,-0.089948,-0.089041,0.0,2,False
high_52w,EMAMILTD,2021-07-12,2021-07-13,528.5536,2021-07-19,491.5549,STOP,1,-36.9988,18.0865,-55.0852,-0.103991,-0.079471,0.0,5,False
high_52w,BSE,2021-07-19,2021-07-20,140.9971,2021-07-22,131.1273,STOP,7,-69.0886,19.9568,-89.0453,-0.090023,-0.088155,0.0,2,False
high_52w,CDSL,2021-07-19,2021-07-20,721.7515,2021-07-23,639.1544,GAP_STOP,1,-82.5971,18.8094,-101.4064,-0.140194,-0.11444,0.0,3,False
high_52w,IEX,2021-07-19,2021-07-20,134.7025,2021-07-28,128.535,MOMENTUM_FAIL,7,-43.1724,19.8235,-62.9959,-0.066664,-0.056834,0.035535,6,False
high_52w,WELSPUNLIV,2021-07-19,2021-07-20,130.834,2021-08-10,121.6756,STOP,7,-64.1087,19.6665,-83.7752,-0.091274,-0.133835,0.093233,15,False
high_52w,JBMA,2021-07-19,2021-07-20,104.6725,2021-07-23,97.3454,STOP,9,-65.9437,19.7735,-85.7172,-0.090791,-0.080764,0.0,3,False
high_52w,PRESTIGE,2021-07-19,2021-07-20,333.7674,2021-08-11,356.4301,TIME,2,45.3253,18.8409,26.4844,0.039588,-0.042456,0.117752,16,False
high_52w,JSWENERGY,2021-07-19,2021-07-20,190.4212,2021-07-23,223.1035,TARGET,5,163.4111,20.283,143.1282,0.15,0.0,0.250761,3,False
high_52w,RADICO,2021-07-19,2021-07-20,823.8431,2021-08-11,880.289,TIME,1,56.4459,19.5236,36.9224,0.044719,-0.022759,0.099479,16,False
high_52w,ECLERX,2021-07-19,2021-07-20,748.7496,2021-07-26,696.3371,STOP,1,-52.4125,18.9848,-71.3973,-0.095147,-0.076459,0.010123,4,False
high_52w,NATIONALUM,2021-07-19,2021-07-20,68.4161,2021-07-28,66.776,MOMENTUM_FAIL,14,-22.9615,19.9276,-42.8891,-0.04468,-0.065068,0.00742,6,False
high_52w,UNOMINDA,2021-07-19,2021-07-20,360.3114,2021-08-11,347.4731,TIME,2,-25.6765,18.9205,-44.597,-0.061752,-0.058114,0.142622,16,False
high_52w,RKFORGE,2021-07-19,2021-07-20,150.2189,2021-08-03,176.1431,TARGET,6,155.5451,20.0525,135.4926,0.15,0.0,0.19268,10,False
high_52w,CAPLIPOINT,2021-07-26,2021-07-27,941.4891,2021-07-27,875.5849,STOP,1,-65.9042,19.7712,-85.6754,-0.090801,0.0,0.0,1,False
high_52w,CIEINDIA,2021-07-26,2021-07-27,254.8783,2021-08-03,252.4239,MOMENTUM_FAIL,3,-7.3631,19.1436,-26.5068,-0.03459,-0.029815,0.033333,6,False
high_52w,TITAGARH,2021-07-26,2021-07-27,81.2095,2021-08-03,95.1163,TARGET,12,166.8813,20.3846,146.4967,0.15,-0.058896,0.18773,6,False
high_52w,UNOMINDA,2021-07-26,2021-07-27,373.2449,2021-08-09,347.1177,STOP,2,-52.2543,18.9756,-71.2299,-0.095212,-0.090752,0.103029,10,False
high_52w,ACE,2021-07-26,2021-07-27,263.7081,2021-07-28,245.2485,STOP,3,-55.3787,19.1577,-74.5364,-0.09401,-0.078553,0.0,2,False
high_52w,USHAMART,2021-07-26,2021-07-27,66.5526,2021-07-28,61.8939,STOP,14,-65.2215,19.7314,-84.953,-0.090978,-0.087455,0.030824,2,False
high_52w,RKFORGE,2021-07-26,2021-07-27,162.6685,2021-08-10,190.5206,TARGET,6,167.1131,20.3914,146.7217,0.15,-0.016055,0.201772,11,False
high_52w,GPIL,2021-07-26,2021-07-27,414.3795,2021-08-03,385.3729,STOP,2,-58.0131,19.3113,-77.3244,-0.093098,-0.070902,0.087698,6,False
high_52w,TATASTEEL,2021-07-26,2021-07-27,113.4001,2021-08-17,129.6728,TIME,8,130.1817,20.0257,110.156,0.121159,-0.006692,0.16692,16,False
high_52w,TITAGARH,2021-08-02,2021-08-03,91.8215,2021-08-05,85.394,STOP,10,-64.2751,19.6762,-83.9513,-0.091229,-0.093326,0.02713,3,False
high_52w,OLECTRA,2021-08-02,2021-08-03,324.3617,2021-08-06,301.6563,STOP,3,-68.1159,19.9001,-88.0161,-0.090253,-0.073846,0.058462,4,False
high_52w,GRAVITA,2021-08-02,2021-08-03,191.5685,2021-08-10,170.2559,MOMENTUM_FAIL,5,-106.5628,19.7575,-126.3203,-0.131592,-0.1605,0.030875,6,False
high_52w,RHIM,2021-08-02,2021-08-03,359.9484,2021-08-11,334.752,STOP,2,-50.3928,18.8671,-69.2599,-0.095998,-0.106108,0.058379,7,False
high_52w,RKFORGE,2021-08-02,2021-08-03,176.1391,2021-08-25,180.2933,TIME,5,20.7711,19.691,1.0801,0.001224,-0.062639,0.109864,16,False
high_52w,VEDL,2021-08-02,2021-08-03,150.4272,2021-08-10,146.1121,MOMENTUM_FAIL,6,-25.8906,19.6883,-45.5789,-0.050389,-0.038885,0.01753,6,False
high_52w,DLF,2021-08-02,2021-08-03,337.4776,2021-08-10,318.6945,MOMENTUM_FAIL,2,-37.5663,18.7035,-56.2698,-0.083186,-0.0671,0.014974,6,False
high_52w,PRESTIGE,2021-08-02,2021-08-03,360.5281,2021-08-10,348.0859,MOMENTUM_FAIL,2,-24.8845,18.924,-43.8085,-0.060623,-0.058751,0.024377,6,False
high_52w,TATAPOWER,2021-08-02,2021-08-03,129.9192,2021-08-10,125.7142,MOMENTUM_FAIL,7,-29.4348,19.7101,-49.1449,-0.053921,-0.054688,0.019345,6,False
high_52w,CARBORUNIV,2021-08-02,2021-08-03,693.5394,2021-08-10,687.1606,MOMENTUM_FAIL,1,-6.3789,18.8454,-25.2243,-0.036291,-0.064596,0.01691,6,False
high_52w,OBEROIRLTY,2021-08-02,2021-08-03,724.6991,2021-08-06,673.9702,STOP,1,-50.7289,18.8867,-69.6156,-0.095852,-0.072035,0.0,4,False
high_52w,ECLERX,2021-08-02,2021-08-03,781.2634,2021-08-05,726.575,STOP,1,-54.6884,19.1175,-73.8059,-0.094264,-0.103255,0.012766,3,False
high_52w,PFC,2021-08-02,2021-08-03,77.6411,2021-08-10,74.3662,MOMENTUM_FAIL,12,-39.2987,19.784,-59.0827,-0.063276,-0.048152,0.013065,6,False
high_52w,IRCTC,2021-08-09,2021-08-10,508.629,2021-08-17,509.5068,MOMENTUM_FAIL,1,0.8778,18.0794,-17.2016,-0.033746,-0.051407,0.023959,6,False
high_52w,LAURUSLABS,2021-08-09,2021-08-10,696.4071,2021-08-17,684.3907,MOMENTUM_FAIL,1,-12.0164,18.8461,-30.8625,-0.04422,-0.0326,0.023619,6,False
high_52w,USHAMART,2021-08-09,2021-08-10,69.2242,2021-08-10,64.3785,STOP,14,-67.8397,19.884,-87.7238,-0.09032,0.0,0.0,1,False
high_52w,TATACHEM,2021-08-09,2021-08-10,789.1416,2021-09-01,782.3945,TIME,1,-6.7471,19.2484,-25.9955,-0.03287,-0.039448,0.051831,16,False
high_52w,GABRIEL,2021-08-09,2021-08-10,141.703,2021-08-10,131.7838,STOP,7,-69.4345,19.977,-89.4114,-0.089943,0.0,0.0,1,False
high_52w,RKFORGE,2021-08-09,2021-08-10,185.2739,2021-08-17,181.8749,MOMENTUM_FAIL,5,-16.9949,19.8069,-36.8018,-0.03964,-0.054666,0.030965,6,False
high_52w,ZYDUSWELL,2021-08-09,2021-08-10,447.1558,2021-08-17,435.8833,MOMENTUM_FAIL,2,-22.5451,19.6603,-42.2054,-0.04709,-0.062616,0.003088,6,False
high_52w,CUMMINSIND,2021-08-09,2021-08-10,849.6651,2021-09-01,936.1671,TIME,1,86.502,19.6938,66.8082,0.078457,-0.002191,0.133351,16,False
high_52w,SUNPHARMA,2021-08-09,2021-08-10,749.9094,2021-08-17,744.4036,MOMENTUM_FAIL,1,-5.5058,19.0852,-24.5911,-0.032721,-0.028229,0.006393,6,False
high_52w,TDPOWERSYS,2021-08-16,2021-08-17,24.7218,2021-08-18,22.9913,STOP,40,-69.221,19.9645,-89.1856,-0.089992,-0.082677,0.0,2,False
high_52w,ELECON,2021-08-16,2021-08-17,88.5405,2021-08-20,82.3427,STOP,11,-68.1762,19.9036,-88.0798,-0.090239,-0.118592,0.0,3,False
high_52w,KPITTECH,2021-08-16,2021-08-17,344.1333,2021-08-20,320.044,STOP,2,-48.1787,18.7381,-66.9167,-0.097013,-0.079882,0.056354,3,False
high_52w,GRAVITA,2021-08-16,2021-08-17,210.1925,2021-08-18,195.4791,STOP,4,-58.8539,19.3603,-78.2142,-0.092824,-0.086744,0.0,2,False
high_52w,TATASTEEL,2021-08-16,2021-08-17,131.0267,2021-08-20,121.8549,STOP,7,-64.2031,19.672,-83.8751,-0.091249,-0.103067,0.0,3,False
high_52w,VEDL,2021-08-16,2021-08-17,161.047,2021-08-17,149.7737,STOP,6,-67.6397,19.8723,-87.5121,-0.090368,0.0,0.0,1,False
high_52w,TITAGARH,2021-08-16,2021-08-17,98.8962,2021-08-20,91.9735,STOP,10,-69.2274,19.9649,-89.1922,-0.089991,-0.078086,0.0,3,False
high_52w,GABRIEL,2021-08-16,2021-08-17,149.7935,2021-08-18,139.308,STOP,6,-62.9133,19.5969,-82.5101,-0.091604,-0.081176,0.002237,2,False
high_52w,HCLTECH,2021-08-16,2021-08-17,909.8653,2021-09-08,966.4041,TIME,1,56.5388,19.887,36.6518,0.040195,-0.010766,0.085504,16,False
high_52w,CUMMINSIND,2021-08-16,2021-08-17,915.7396,2021-09-08,969.2974,TIME,1,53.5578,19.9057,33.6521,0.036668,-0.012449,0.081758,16,False
high_52w,ZENSARTECH,2021-08-16,2021-08-17,401.3921,2021-08-25,397.1948,MOMENTUM_FAIL,2,-8.3946,19.3026,-27.6972,-0.034426,-0.044897,0.047397,6,False
high_52w,BHARTIARTL,2021-08-16,2021-08-17,600.7145,2021-08-25,580.2501,MOMENTUM_FAIL,1,-20.4644,18.4248,-38.8892,-0.064597,-0.042662,0.0,6,False
high_52w,FORTIS,2021-08-16,2021-08-17,255.5671,2021-08-30,300.4665,TARGET,3,134.6983,19.4416,115.2566,0.15,0.0,0.180035,9,False
high_52w,WIPRO,2021-08-16,2021-08-17,280.3201,2021-08-25,288.4956,MOMENTUM_FAIL,3,24.5266,19.5309,4.9957,0.005928,0.0,0.047332,6,False
high_52w,NESTLEIND,2021-08-23,2021-08-24,950.7824,2021-08-31,920.8753,MOMENTUM_FAIL,1,-29.9071,19.8837,-49.7908,-0.052254,-0.037313,0.011194,6,False
high_52w,HCLTECH,2021-08-23,2021-08-24,949.4547,2021-08-31,961.1202,MOMENTUM_FAIL,1,11.6656,19.9628,-8.2972,-0.00872,-0.023674,0.02179,6,False
high_52w,BLS,2021-08-23,2021-08-24,40.9864,2021-08-25,47.9989,TARGET,24,168.2998,20.4262,147.8736,0.15,0.0,0.228571,2,False
high_52w,BAJFINANCE,2021-08-23,2021-08-24,660.6653,2021-09-15,722.9921,TIME,1,62.3267,18.8465,43.4802,0.065669,0.0,0.132768,16,False
high_52w,EMAMILTD,2021-08-23,2021-08-24,558.5373,2021-08-31,545.9222,MOMENTUM_FAIL,1,-12.6151,18.2627,-30.8778,-0.055163,-0.050737,0.005728,6,False
high_52w,GODREJCP,2021-08-23,2021-08-24,981.736,2021-09-15,1070.458,TIME,1,88.722,20.256,68.466,0.069588,-0.030479,0.101113,16,False
high_52w,DABUR,2021-08-23,2021-08-24,572.1103,2021-08-31,584.8134,MOMENTUM_FAIL,1,12.7031,18.3716,-5.6684,-0.009886,-0.026069,0.026069,6,False
high_52w,WIPRO,2021-08-23,2021-08-24,290.4824,2021-08-31,292.7433,MOMENTUM_FAIL,3,6.7826,19.6235,-12.8409,-0.014703,-0.016824,0.010692,6,False
high_52w,IEX,2021-08-30,2021-08-31,150.2921,2021-09-01,176.2276,TARGET,6,155.6131,20.0545,135.5586,0.15,0.0,0.175615,2,False
high_52w,ASTERDM,2021-08-30,2021-08-31,162.2272,2021-09-22,157.9978,TIME,6,-25.3764,19.9883,-45.3647,-0.046504,-0.030028,0.103352,16,False
high_52w,RKFORGE,2021-08-30,2021-08-31,202.367,2021-09-07,191.9539,MOMENTUM_FAIL,4,-41.6523,19.2631,-60.9154,-0.075089,-0.062476,0.0,6,False
high_52w,TRENT,2021-08-30,2021-08-31,990.449,2021-09-07,994.4307,MOMENTUM_FAIL,1,3.9816,20.1202,-16.1386,-0.016259,-0.010904,0.04191,6,False
high_52w,MAXHEALTH,2021-08-30,2021-08-31,358.18,2021-09-22,369.5579,TIME,2,22.7558,19.0011,3.7546,0.00523,-0.017756,0.116937,16,False
high_52w,BAJFINANCE,2021-08-30,2021-08-31,698.2087,2021-09-22,759.9992,TIME,1,61.7905,19.004,42.7865,0.061147,0.0,0.102654,16,False
high_52w,BLS,2021-08-30,2021-08-31,51.6477,2021-09-09,60.4863,TARGET,19,167.9333,20.4155,147.5178,0.15,-0.048181,0.188474,8,False
high_52w,CARBORUNIV,2021-08-30,2021-08-31,789.0274,2021-09-14,927.1833,TARGET,1,138.1558,19.5429,118.6129,0.15,-0.001244,0.184018,10,False
high_52w,HAL,2021-08-30,2021-08-31,639.4684,2021-09-07,635.8109,MOMENTUM_FAIL,1,-3.6576,18.6227,-22.2803,-0.034766,-0.036261,0.028814,6,False
high_52w,PRESTIGE,2021-09-06,2021-09-07,481.5929,2021-09-07,447.8814,STOP,2,-67.423,19.8597,-87.2827,-0.090421,0.0,0.0,1,False
high_52w,SOBHA,2021-09-06,2021-09-07,808.4201,2021-09-08,751.8307,STOP,1,-56.5894,19.2283,-75.8177,-0.09358,-0.097324,0.0,2,False
high_52w,WIPRO,2021-09-06,2021-09-07,315.146,2021-09-15,307.8611,MOMENTUM_FAIL,3,-21.8546,19.8776,-41.7321,-0.044044,-0.052174,0.0,6,False
high_52w,IRCTC,2021-09-06,2021-09-07,582.1082,2021-09-14,688.2193,TARGET,1,106.1111,18.604,87.5071,0.15,0.0,0.232394,5,False
high_52w,VBL,2021-09-06,2021-09-07,124.565,2021-09-15,123.1955,MOMENTUM_FAIL,8,-10.9554,20.1154,-31.0709,-0.031111,-0.035941,0.0,6,False
high_52w,BRIGADE,2021-09-06,2021-09-07,289.869,2021-09-20,269.5782,STOP,3,-60.8725,19.4779,-80.3504,-0.092197,-0.074617,0.053571,9,False
high_52w,OBEROIRLTY,2021-09-06,2021-09-07,801.3686,2021-09-13,745.2728,STOP,1,-56.0958,19.1995,-75.2953,-0.093753,-0.078611,0.0,4,False
high_52w,NATIONALUM,2021-09-06,2021-09-07,78.0615,2021-09-15,74.9766,MOMENTUM_FAIL,12,-37.0194,19.81,-56.8293,-0.060535,-0.051525,0.025013,6,False
high_52w,ABREL,2021-09-06,2021-09-07,855.8525,2021-09-15,829.9996,MOMENTUM_FAIL,1,-25.8529,19.4912,-45.3441,-0.052866,-0.042175,0.016628,6,False
high_52w,TRIDENT,2021-09-06,2021-09-07,22.1698,2021-09-29,24.8134,TIME,45,118.9653,20.3847,98.5806,0.098598,-0.033473,0.129707,16,False
high_52w,HCLTECH,2021-09-06,2021-09-07,986.8898,2021-09-29,1041.5186,TIME,1,54.6287,20.2083,34.4204,0.034802,-0.038674,0.134885,16,False
high_52w,TRITURBINE,2021-09-06,2021-09-07,143.8716,2021-09-07,133.8006,STOP,6,-60.4261,19.4519,-79.878,-0.092332,0.0,0.0,1,False
high_52w,AMBUJACEM,2021-09-06,2021-09-07,420.6537,2021-09-15,420.5575,MOMENTUM_FAIL,2,-0.1924,19.482,-19.6744,-0.023335,-0.019787,0.009836,6,False
high_52w,ZENSARTECH,2021-09-13,2021-09-14,449.3875,2021-09-15,526.9635,TARGET,2,155.152,20.041,135.111,0.15,-0.006272,0.186964,2,False
high_52w,ACE,2021-09-13,2021-09-14,275.5704,2021-09-17,256.2805,STOP,3,-57.8698,19.3029,-77.1727,-0.093145,-0.072842,0.013489,4,False
high_52w,PFC,2021-09-13,2021-09-14,81.9894,2021-09-21,78.6863,MOMENTUM_FAIL,12,-39.638,20.0036,-59.6416,-0.060487,-0.058633,0.01295,6,False
high_52w,BHARTIARTL,2021-09-13,2021-09-14,658.46,2021-10-05,674.9248,TIME,1,16.4648,18.7438,-2.2791,-0.003454,-0.021316,0.083453,16,False
high_52w,HINDALCO,2021-09-13,2021-09-14,467.0138,2021-09-20,434.3228,STOP,2,-65.3819,19.7408,-85.1227,-0.090936,-0.084247,0.010143,5,False
high_52w,IRCTC,2021-09-13,2021-09-14,665.512,2021-10-05,784.5395,TARGET,1,119.0275,18.9825,100.045,0.15,0.0,0.208512,16,False
high_52w,BPCL,2021-09-13,2021-09-14,178.2622,2021-09-21,167.0053,MOMENTUM_FAIL,5,-56.2844,19.5789,-75.8633,-0.084929,-0.065412,0.000811,6,False
high_52w,ZYDUSWELL,2021-09-13,2021-09-14,475.362,2021-09-21,476.94,MOMENTUM_FAIL,2,3.1559,19.9508,-16.7949,-0.017627,-0.043527,0.027739,6,False
high_52w,MARICO,2021-09-13,2021-09-14,538.8197,2021-09-21,525.4194,MOMENTUM_FAIL,1,-13.4002,18.1779,-31.5781,-0.058478,-0.038696,0.0,6,False
high_52w,INDHOTEL,2021-09-20,2021-09-21,153.8688,2021-09-27,180.3582,TARGET,6,158.9365,20.1519,138.7846,0.15,0.0,0.244955,5,False
high_52w,JSWENERGY,2021-09-20,2021-09-21,326.327,2021-09-30,382.1847,TARGET,3,167.5731,20.4049,147.1682,0.15,-0.005376,0.181302,8,False
high_52w,GMRAIRPORT,2021-09-20,2021-09-21,30.9018,2021-10-01,36.1863,TARGET,32,169.1029,20.4497,148.6532,0.15,0.0,0.214286,9,False
high_52w,NHPC,2021-09-20,2021-09-21,23.7354,2021-09-28,23.9043,MOMENTUM_FAIL,42,7.0951,20.1538,-13.0587,-0.013071,-0.032028,0.02847,6,False
high_52w,ZYDUSWELL,2021-09-20,2021-09-21,475.7565,2021-09-28,465.3715,MOMENTUM_FAIL,2,-20.77,19.9054,-40.6754,-0.042655,-0.054726,0.007483,6,False
high_52w,NESTLEIND,2021-09-20,2021-09-21,955.5127,2021-09-28,924.5176,MOMENTUM_FAIL,1,-30.9951,19.9015,-50.8966,-0.05315,-0.036681,0.0,6,False
high_52w,ITC,2021-09-20,2021-09-21,184.9973,2021-09-28,187.202,MOMENTUM_FAIL,5,11.0235,19.8582,-8.8347,-0.00953,0.0,0.04618,6,False
high_52w,DABUR,2021-09-20,2021-09-21,609.702,2021-09-28,589.377,MOMENTUM_FAIL,1,-20.325,18.4631,-38.7881,-0.063479,-0.041593,0.016977,6,False
high_52w,BHARTIARTL,2021-09-20,2021-09-21,684.8932,2021-09-28,671.9327,MOMENTUM_FAIL,1,-12.9605,18.7955,-31.756,-0.046265,-0.033228,0.041638,6,False
high_52w,ONGC,2021-09-20,2021-09-21,95.934,2021-10-05,112.3871,TARGET,10,164.5314,20.3158,144.2156,0.15,0.0,0.270062,11,False
high_52w,KEI,2021-09-20,2021-09-21,867.4944,2021-10-05,1017.8021,TARGET,1,150.3077,19.899,130.4086,0.15,-0.03599,0.206099,11,False
high_52w,EIHOTEL,2021-09-27,2021-09-28,140.6623,2021-09-28,130.8159,STOP,7,-68.9245,19.9472,-88.8718,-0.090062,0.0,0.0,1,False
high_52w,PHOENIXLTD,2021-09-27,2021-09-28,491.167,2021-10-05,476.0511,MOMENTUM_FAIL,2,-30.2318,20.0163,-50.2481,-0.05104,-0.05696,0.0,6,False
high_52w,TATACHEM,2021-09-27,2021-09-28,855.9619,2021-10-05,866.3853,MOMENTUM_FAIL,1,10.4233,19.5655,-9.1422,-0.010657,-0.026692,0.035064,6,False
high_52w,INDHOTEL,2021-09-27,2021-09-28,182.2922,2021-10-05,184.9673,MOMENTUM_FAIL,5,13.3756,19.8058,-6.4303,-0.00704,-0.065252,0.024371,6,False
high_52w,DLF,2021-09-27,2021-09-28,402.1028,2021-10-05,398.888,MOMENTUM_FAIL,2,-6.4297,19.3126,-25.7423,-0.03194,-0.033413,0.030191,6,False
high_52w,ONGC,2021-09-27,2021-09-28,104.9648,2021-10-06,122.9939,TARGET,9,162.2616,20.2493,142.0123,0.15,-0.017278,0.218265,7,False
high_52w,NTPC,2021-09-27,2021-09-28,108.0709,2021-10-04,126.581,TARGET,9,166.5908,20.3761,146.2146,0.15,0.0,0.171373,5,False
high_52w,ANANTRAJ,2021-09-27,2021-09-28,73.933,2021-10-20,68.7577,STOP,13,-67.279,19.8513,-87.1303,-0.090456,-0.105157,0.087073,16,False
high_52w,HDFCBANK,2021-09-27,2021-09-28,763.6107,2021-10-05,746.509,MOMENTUM_FAIL,1,-17.1018,19.1195,-36.2212,-0.047331,-0.040901,0.0,6,False
high_52w,ICICIBANK,2021-09-27,2021-09-28,706.1383,2021-10-05,670.5475,MOMENTUM_FAIL,1,-35.5907,18.8392,-54.4299,-0.076913,-0.062934,0.0,6,False
high_52w,IOC,2021-09-27,2021-09-28,58.7216,2021-10-18,69.2589,TARGET,16,168.596,20.2405,148.3555,0.157557,0.0,0.179444,14,False
high_52w,KOTAKBANK,2021-09-27,2021-09-28,405.8037,2021-10-05,394.3358,MOMENTUM_FAIL,2,-22.9358,19.3103,-42.2461,-0.051939,-0.033382,0.009804,6,False
high_52w,PRESTIGE,2021-09-27,2021-09-28,497.4662,2021-09-28,462.6436,STOP,2,-69.6453,19.9892,-89.6345,-0.089895,0.0,0.0,1,False
high_52w,JSWENERGY,2021-09-27,2021-09-28,336.2689,2021-10-14,396.3266,TARGET,2,120.1155,19.0143,101.1012,0.15,0.0,0.182609,13,False
high_52w,HINDALCO,2021-09-27,2021-09-28,464.8871,2021-10-20,495.8699,TIME,2,61.9656,19.9821,41.9835,0.045056,-0.017155,0.147536,16,False
high_52w,USHAMART,2021-10-04,2021-10-05,91.5038,2021-10-11,85.0986,STOP,10,-64.0527,19.6633,-83.716,-0.091289,-0.080813,0.0,5,False
high_52w,GODFRYPHLP,2021-10-04,2021-10-05,412.7638,2021-10-06,383.8703,STOP,2,-57.7869,19.2981,-77.085,-0.093173,-0.077186,0.0,2,False
high_52w,NATIONALUM,2021-10-04,2021-10-05,82.1296,2021-10-06,76.3805,STOP,12,-68.9889,19.951,-88.9399,-0.090047,-0.075961,0.0,2,False
high_52w,TRITURBINE,2021-10-04,2021-10-05,176.653,2021-10-08,164.2873,STOP,5,-61.8286,19.5336,-81.3622,-0.091914,-0.070784,0.008746,4,False
high_52w,RKFORGE,2021-10-04,2021-10-05,221.9946,2021-10-27,229.0249,TIME,4,28.1211,19.7367,8.3844,0.009422,-0.023365,0.115143,16,False
high_52w,CANFINHOME,2021-10-04,2021-10-05,676.4237,2021-10-12,665.2833,MOMENTUM_FAIL,1,-11.1404,18.7635,-29.9039,-0.044112,-0.061092,0.014921,6,False
high_52w,TATAPOWER,2021-10-04,2021-10-05,163.3656,2021-10-12,191.3258,TARGET,6,167.7609,20.4104,147.3505,0.15,0.0,0.17574,6,False
high_52w,CANBK,2021-10-04,2021-10-05,30.8078,2021-10-12,31.6626,MOMENTUM_FAIL,32,27.3545,20.1484,7.2061,0.007294,-0.056593,0.032967,6,False
high_52w,BALRAMCHIN,2021-10-04,2021-10-05,381.8329,2021-10-08,355.1046,STOP,2,-53.4566,19.0457,-72.5023,-0.094733,-0.071229,0.0,4,False
high_52w,PGEL,2021-10-11,2021-10-12,56.6148,2021-10-12,52.6518,STOP,17,-67.3716,19.8567,-87.2283,-0.090434,0.0,0.0,1,False
high_52w,IEX,2021-10-11,2021-10-12,242.192,2021-10-19,283.6899,TARGET,4,165.9915,20.3586,145.6329,0.15,-0.004323,0.215666,5,False
high_52w,TMPV,2021-10-11,2021-10-12,412.1001,2021-10-13,483.9016,TARGET,2,143.6029,19.7026,123.9003,0.15,0.0,0.238416,2,False
high_52w,TATAPOWER,2021-10-11,2021-10-12,188.4021,2021-10-13,220.7716,TARGET,5,161.8476,20.2372,141.6105,0.15,0.0,0.192406,2,False
high_52w,SCI,2021-10-11,2021-10-12,130.3878,2021-10-20,125.2884,MOMENTUM_FAIL,7,-35.6964,19.7112,-55.4076,-0.060574,-0.068891,0.044133,6,False
high_52w,BSE,2021-10-11,2021-10-12,150.7205,2021-10-20,142.1737,MOMENTUM_FAIL,6,-51.281,19.644,-70.925,-0.078258,-0.079284,0.037921,6,False
high_52w,GMRAIRPORT,2021-10-11,2021-10-12,39.1453,2021-10-20,36.4052,STOP,25,-68.5044,19.9227,-88.4271,-0.090161,-0.070196,0.06099,6,False
high_52w,MCX,2021-10-11,2021-10-12,396.1423,2021-10-20,373.276,MOMENTUM_FAIL,2,-45.7325,19.1823,-64.9148,-0.081755,-0.073802,0.0435,6,False
high_52w,TORNTPOWER,2021-10-11,2021-10-12,486.5026,2021-10-20,447.2772,MOMENTUM_FAIL,2,-78.4508,19.8787,-98.3296,-0.100837,-0.084779,0.0,6,False
high_52w,BPCL,2021-10-11,2021-10-12,183.3709,2021-10-20,178.0233,MOMENTUM_FAIL,5,-26.7379,19.7469,-46.4849,-0.05059,-0.039617,0.034445,6,False
high_52w,LEMONTREE,2021-10-11,2021-10-12,56.15,2021-10-19,52.2195,STOP,17,-66.8185,19.8245,-86.643,-0.09057,-0.081923,0.0,5,False
high_52w,NHPC,2021-10-18,2021-10-19,30.5773,2021-10-19,28.4369,STOP,32,-68.4931,19.9221,-88.4151,-0.090163,0.0,0.0,1,False
high_52w,NATIONALUM,2021-10-18,2021-10-19,97.5684,2021-10-19,90.7386,STOP,10,-68.2979,19.9107,-88.2086,-0.09021,0.0,0.0,1,False
high_52w,VEDL,2021-10-18,2021-10-19,193.1159,2021-10-20,179.5978,STOP,5,-67.5906,19.8695,-87.46,-0.09038,-0.081024,0.0,2,False
high_52w,SJVN,2021-10-18,2021-10-19,28.5878,2021-10-19,26.5867,STOP,34,-68.039,19.8956,-87.9347,-0.090272,0.0,0.0,1,False
high_52w,HINDZINC,2021-10-18,2021-10-19,254.9526,2021-10-20,237.1059,STOP,3,-53.54,19.0506,-72.5906,-0.0947,-0.101615,0.0,2,False
high_52w,UNIONBANK,2021-10-18,2021-10-19,41.1053,2021-10-19,38.228,STOP,24,-69.057,19.955,-89.0119,-0.090031,0.0,0.0,1,False
high_52w,HINDALCO,2021-10-18,2021-10-19,529.4628,2021-10-21,492.4004,STOP,1,-37.0624,18.0902,-55.1526,-0.10394,-0.102428,0.0,3,False
high_52w,TDPOWERSYS,2021-10-18,2021-10-19,37.1784,2021-10-19,34.5759,STOP,26,-67.6646,19.8738,-87.5384,-0.090362,0.0,0.0,1,False
high_52w,INDIANB,2021-10-18,2021-10-19,150.2788,2021-10-19,139.7593,STOP,6,-63.1171,19.6088,-82.7259,-0.091547,0.0,0.0,1,False
high_52w,JSL,2021-10-18,2021-10-19,183.0128,2021-10-20,170.2019,STOP,5,-64.0545,19.6634,-83.7179,-0.091289,-0.094435,0.0,2,False
high_52w,CANBK,2021-10-18,2021-10-19,34.007,2021-10-20,31.6266,STOP,29,-69.0343,19.9536,-88.9879,-0.090036,-0.070931,0.0,2,False
high_52w,CESC,2021-10-18,2021-10-19,77.6719,2021-10-25,72.2349,STOP,12,-65.2444,19.7327,-84.9772,-0.090972,-0.096562,0.0,5,False
high_52w,BEL,2021-10-18,2021-10-19,68.7319,2021-10-20,63.9206,STOP,14,-67.3572,19.8559,-87.2131,-0.090437,-0.074589,0.0,2,False
high_52w,ICICIBANK,2021-10-18,2021-10-19,726.2421,2021-11-10,751.1556,TIME,1,24.9135,19.0473,5.8662,0.00806,-0.023311,0.148344,16,False
high_52w,ICICIBANK,2021-10-25,2021-10-26,797.1349,2021-11-02,770.4419,MOMENTUM_FAIL,1,-26.693,19.2415,-45.9346,-0.057499,-0.054061,0.024496,6,False
high_52w,KEC,2021-10-25,2021-10-26,514.9697,2021-10-28,478.9219,STOP,1,-36.0479,18.031,-54.0789,-0.104785,-0.126168,0.0,3,False
high_52w,AXISBANK,2021-10-25,2021-10-26,844.2213,2021-10-27,785.1258,STOP,1,-59.0955,19.3744,-78.4698,-0.092747,-0.073963,0.0,2,False
high_52w,INDIANB,2021-10-25,2021-10-26,163.7431,2021-10-28,152.2811,STOP,6,-68.7721,19.9383,-88.7105,-0.090097,-0.090186,0.022812,3,False
high_52w,SBIN,2021-10-25,2021-10-26,464.3257,2021-11-02,477.2236,MOMENTUM_FAIL,2,25.7958,19.9037,5.8921,0.006331,-0.037825,0.037923,6,False
high_52w,CGPOWER,2021-10-25,2021-10-26,142.2494,2021-11-08,166.5593,TARGET,7,170.1694,20.481,149.6884,0.15,-0.007639,0.177083,9,False
high_52w,CANBK,2021-10-25,2021-10-26,34.3625,2021-11-08,40.2345,TARGET,29,170.2882,20.4845,149.8037,0.15,-0.058621,0.211823,9,False
high_52w,KOTAKBANK,2021-10-25,2021-10-26,428.5804,2021-11-02,413.0942,MOMENTUM_FAIL,2,-30.9724,19.4863,-50.4586,-0.058739,-0.064748,0.045718,6,False
high_52w,MRPL,2021-10-25,2021-10-26,52.4053,2021-10-28,48.737,STOP,19,-69.6991,19.9924,-89.6915,-0.089882,-0.087396,0.0,3,False
high_52w,SHRIRAMFIN,2021-10-25,2021-10-26,274.623,2021-11-01,255.3994,STOP,3,-57.6708,19.2913,-76.9621,-0.093212,-0.073828,0.038597,5,False
high_52w,FEDERALBNK,2021-10-25,2021-10-26,98.9143,2021-11-02,97.906,MOMENTUM_FAIL,10,-10.0835,20.0861,-30.1696,-0.030434,-0.067961,0.0,6,False
high_52w,BANKBARODA,2021-10-25,2021-10-26,83.212,2021-11-17,83.7701,TIME,11,6.14,19.8074,-13.6675,-0.014899,-0.040248,0.114551,16,False
high_52w,SUNTV,2021-10-25,2021-10-26,496.456,2021-11-17,487.3095,TIME,2,-18.2931,20.0853,-38.3783,-0.038568,-0.047703,0.07927,16,False
high_52w,HDFCBANK,2021-10-25,2021-10-26,772.0329,2021-11-02,751.7963,MOMENTUM_FAIL,1,-20.2366,19.1487,-39.3853,-0.050904,-0.054545,0.009121,6,False
high_52w,GODFRYPHLP,2021-10-25,2021-10-26,408.877,2021-11-03,380.2556,STOP,2,-57.2428,19.2664,-76.5092,-0.093356,-0.073054,0.054453,7,False
high_52w,RKFORGE,2021-10-25,2021-10-26,237.2015,2021-10-28,220.5974,STOP,4,-66.4164,19.801,-86.2175,-0.090671,-0.078265,0.0,3,False
high_52w,SUNPHARMA,2021-10-25,2021-10-26,777.6316,2021-11-02,776.1088,MOMENTUM_FAIL,1,-1.5229,19.2104,-20.7333,-0.026604,-0.046083,0.026255,6,False
high_52w,MINDACORP,2021-11-01,2021-11-02,165.2323,2021-11-22,153.666,STOP,6,-69.3976,19.9748,-89.3724,-0.089952,-0.082689,0.069899,13,False
high_52w,TRITURBINE,2021-11-01,2021-11-02,197.3648,2021-11-16,183.5492,STOP,5,-69.0777,19.9562,-89.0338,-0.090026,-0.070684,0.126488,10,False
high_52w,SARDAEN,2021-11-01,2021-11-02,87.0824,2021-11-12,80.9866,STOP,11,-67.0534,19.8382,-86.8916,-0.090512,-0.088427,0.055506,8,False
high_52w,BLUESTARCO,2021-11-01,2021-11-02,484.9646,2021-11-25,477.431,TIME,2,-15.0672,19.9948,-35.062,-0.03607,-0.020979,0.09041,16,False
high_52w,SUNTV,2021-11-01,2021-11-02,521.8457,2021-11-10,501.3151,MOMENTUM_FAIL,1,-20.5306,18.0917,-38.6223,-0.073849,-0.04706,0.02676,6,False
high_52w,UNITDSPR,2021-11-01,2021-11-02,945.9448,2021-11-10,943.0297,MOMENTUM_FAIL,1,-2.9151,19.9183,-22.8333,-0.024085,-0.015049,0.047715,6,False
high_52w,TVSMOTOR,2021-11-01,2021-11-02,661.8724,2021-11-09,780.3363,TARGET,1,118.4639,18.9659,99.4979,0.15,0.0,0.202201,5,False
high_52w,CANBK,2021-11-01,2021-11-02,36.5631,2021-11-25,36.4023,TIME,27,-4.3418,20.0896,-24.4314,-0.024694,-0.044444,0.146296,16,False
high_52w,SBIN,2021-11-01,2021-11-02,470.9119,2021-11-22,437.948,STOP,2,-65.9277,19.7726,-85.7002,-0.090795,-0.072455,0.053419,13,False
high_52w,VBL,2021-11-01,2021-11-02,121.4048,2021-11-25,119.9958,TIME,8,-11.2715,20.0081,-31.2796,-0.032136,-0.031942,0.101952,16,False
high_52w,BHARTIARTL,2021-11-01,2021-11-02,687.7139,2021-11-10,709.8655,MOMENTUM_FAIL,1,22.1516,18.8789,3.2726,0.004748,-0.023158,0.035789,6,False
high_52w,ASHOKLEY,2021-11-01,2021-11-02,65.6061,2021-11-22,61.0136,STOP,15,-68.8864,19.945,-88.8314,-0.090071,-0.098795,0.056799,13,False
high_52w,CANBK,2021-11-08,2021-11-09,41.472,2021-11-12,38.569,STOP,24,-69.673,19.9909,-89.6638,-0.089888,-0.075306,0.0,4,False
high_52w,VBL,2021-11-08,2021-11-09,132.9922,2021-11-11,123.6827,STOP,7,-65.1662,19.7282,-84.8943,-0.090993,-0.09396,0.0,3,False
high_52w,KPRMILL,2021-11-08,2021-11-09,534.1603,2021-11-16,507.0369,MOMENTUM_FAIL,1,-27.1234,18.1302,-45.2536,-0.084534,-0.057273,0.00183,6,False
high_52w,UNIONBANK,2021-11-08,2021-11-09,45.2997,2021-11-11,42.1288,STOP,22,-69.7616,19.996,-89.7576,-0.089868,-0.091667,0.007407,3,False
high_52w,OLECTRA,2021-11-08,2021-11-09,656.6578,2021-11-15,787.8994,TARGET,1,131.2416,18.9699,112.2716,0.170601,-0.010563,0.199863,5,False
high_52w,PHOENIXLTD,2021-11-08,2021-11-09,545.1629,2021-11-11,507.0015,STOP,1,-38.1614,18.1542,-56.3156,-0.103075,-0.071227,0.009091,3,False
high_52w,J&KBANK,2021-11-08,2021-11-09,45.5651,2021-11-15,42.3755,STOP,21,-66.9807,19.8339,-86.8146,-0.09053,-0.109015,0.005241,5,False
high_52w,USHAMART,2021-11-08,2021-11-09,95.4159,2021-11-15,88.7368,STOP,10,-66.7911,19.8229,-86.614,-0.090577,-0.135,0.025,5,False
high_52w,HINDPETRO,2021-11-08,2021-11-09,189.8702,2021-11-16,184.5656,MOMENTUM_FAIL,5,-26.5228,19.8846,-46.4074,-0.048777,-0.031682,0.021889,6,False
high_52w,SHRIRAMFIN,2021-11-08,2021-11-09,308.4353,2021-11-16,301.4911,MOMENTUM_FAIL,3,-20.8327,19.7946,-40.6274,-0.043811,-0.059074,0.0,6,False
high_52w,BANKBARODA,2021-11-08,2021-11-09,91.1983,2021-11-15,84.8144,STOP,10,-63.8388,19.6508,-83.4896,-0.091348,-0.077213,0.016949,5,False
high_52w,MANAPPURAM,2021-11-08,2021-11-09,199.7589,2021-11-15,185.7758,STOP,4,-55.9325,19.19,-75.1225,-0.093811,-0.113435,0.020687,5,False
high_52w,CHOLAFIN,2021-11-08,2021-11-09,634.0558,2021-11-16,637.8701,MOMENTUM_FAIL,1,3.8143,18.615,-14.8007,-0.023292,-0.014062,0.042812,6,False
high_52w,EIHOTEL,2021-11-08,2021-11-09,149.7119,2021-11-12,139.232,STOP,6,-62.879,19.5949,-82.4739,-0.091614,-0.070302,0.018397,4,False
high_52w,UNITDSPR,2021-11-08,2021-11-09,970.7231,2021-11-16,908.7289,MOMENTUM_FAIL,1,-61.9942,19.9026,-81.8968,-0.084183,-0.068469,0.006306,6,False
high_52w,ASAHIINDIA,2021-11-15,2021-11-16,509.9429,2021-11-18,474.2469,STOP,1,-35.696,18.0105,-53.7065,-0.105089,-0.073197,0.0,3,False
high_52w,JBMA,2021-11-15,2021-11-16,153.7389,2021-11-16,180.2082,TARGET,6,158.8158,20.1483,138.6675,0.15,0.0,0.0,1,False
high_52w,BSE,2021-11-15,2021-11-16,158.9657,2021-12-02,186.2444,TARGET,6,163.6725,20.2906,143.3819,0.15,-0.050836,0.291031,12,False
high_52w,HINDPETRO,2021-11-15,2021-11-16,192.8232,2021-11-17,179.3256,STOP,5,-67.4881,19.8635,-87.3516,-0.090405,-0.077283,0.0,2,False
high_52w,UNOMINDA,2021-11-15,2021-11-16,466.7882,2021-11-18,434.113,STOP,2,-65.3503,19.7389,-85.0893,-0.090945,-0.078095,0.0,3,False
high_52w,CDSL,2021-11-15,2021-11-16,754.4536,2021-11-18,701.6419,STOP,1,-52.8118,19.0081,-71.8199,-0.094987,-0.07678,0.0,3,False
high_52w,ECLERX,2021-11-15,2021-11-16,831.5027,2021-11-18,773.2975,STOP,1,-58.2052,19.3225,-77.5277,-0.093035,-0.07824,0.04832,3,False
high_52w,FINCABLES,2021-11-15,2021-11-16,531.6808,2021-12-08,556.6813,TIME,1,25.0005,18.2259,6.7746,0.012714,-0.069404,0.098556,16,False
high_52w,TORNTPOWER,2021-11-15,2021-11-16,489.2403,2021-11-23,452.1691,GAP_STOP,2,-74.1424,19.9106,-94.053,-0.095912,-0.079351,0.000826,5,False
high_52w,ASHOKLEY,2021-11-15,2021-11-16,69.1066,2021-11-18,64.2691,STOP,14,-67.7244,19.8773,-87.6017,-0.090348,-0.094118,0.0,3,False
high_52w,EMBASSY,2021-11-15,2021-11-16,278.2609,2021-11-24,274.6427,MOMENTUM_FAIL,3,-10.8546,19.4327,-30.2873,-0.036203,-0.021153,0.01799,6,False
high_52w,ELECON,2021-11-22,2021-11-23,95.557,2021-12-14,97.0536,TIME,10,14.9655,19.9953,-5.0299,-0.005252,-0.050321,0.124519,16,False
high_52w,BHARTIARTL,2021-11-22,2021-11-23,719.0833,2021-11-30,702.916,MOMENTUM_FAIL,1,-16.1673,18.9334,-35.1007,-0.048707,-0.03,0.049396,6,False
high_52w,EMBASSY,2021-11-22,2021-11-23,275.881,2021-11-30,268.7192,MOMENTUM_FAIL,3,-21.4856,19.3809,-40.8665,-0.049269,-0.09397,0.026771,6,False
high_52w,FINCABLES,2021-11-22,2021-11-23,564.7429,2021-11-26,525.2109,STOP,1,-39.532,18.2341,-57.7661,-0.102064,-0.072139,0.007647,4,False
high_52w,BLUESTARCO,2021-11-22,2021-11-23,506.2817,2021-11-26,470.842,STOP,1,-35.4397,17.9956,-53.4353,-0.105314,-0.110957,0.0,4,False
high_52w,ASAHIINDIA,2021-11-22,2021-11-23,503.1385,2021-11-26,467.9188,STOP,1,-35.2197,17.9828,-53.2025,-0.105511,-0.076833,0.027048,4,False
high_52w,BEML,2021-11-29,2021-11-30,753.7734,2021-12-20,701.0092,STOP,1,-52.7641,19.0053,-71.7695,-0.095006,-0.103188,0.126418,15,False
high_52w,TTML,2021-11-29,2021-11-30,110.0,2021-12-03,130.25,TARGET,9,182.25,20.4813,161.7687,0.163046,0.0,0.184091,4,False
high_52w,SCI,2021-11-29,2021-11-30,141.2886,2021-12-17,131.3984,STOP,7,-69.2314,19.9651,-89.1965,-0.08999,-0.081126,0.060927,14,False
high_52w,WELCORP,2021-11-29,2021-11-30,161.9696,2021-12-01,150.6318,STOP,6,-68.0273,19.8949,-87.9222,-0.090275,-0.082726,0.0,2,False
high_52w,ELGIEQUIP,2021-11-29,2021-11-30,267.8064,2021-12-06,314.6012,TARGET,3,140.3846,19.6083,120.7763,0.15,-0.013387,0.177333,5,False
high_52w,CIPLA,2021-11-29,2021-11-30,925.9288,2021-12-06,861.1138,STOP,1,-64.815,19.7077,-84.5227,-0.091085,-0.075129,0.022487,5,False
high_52w,EMBASSY,2021-11-29,2021-11-30,269.5025,2021-11-30,250.6373,STOP,3,-56.5955,19.2286,-75.8242,-0.093578,0.0,0.0,1,False
high_52w,POWERGRID,2021-11-29,2021-11-30,117.6144,2021-12-21,121.3137,TIME,8,29.5943,19.9632,9.6311,0.010214,0.0,0.080629,16,False
high_52w,TORNTPOWER,2021-11-29,2021-11-30,476.6289,2021-12-21,481.7901,TIME,2,10.3223,19.9761,-9.6538,-0.010105,-0.009416,0.142279,16,False
high_52w,TRIDENT,2021-11-29,2021-11-30,48.682,2021-12-02,43.9542,GAP_STOP,20,-94.5554,19.8486,-114.404,-0.117245,-0.097115,0.0,3,False
high_52w,FORTIS,2021-11-29,2021-11-30,286.1418,2021-12-07,271.4997,MOMENTUM_FAIL,3,-43.9263,19.4652,-63.3915,-0.073685,-0.066609,0.019601,6,False
high_52w,ELECON,2021-11-29,2021-11-30,101.5676,2021-12-06,94.4579,STOP,9,-63.9876,19.6595,-83.6471,-0.091307,-0.070773,0.024155,5,False
high_52w,BHARTIARTL,2021-11-29,2021-11-30,714.2573,2021-12-07,674.5387,MOMENTUM_FAIL,1,-39.7186,18.865,-58.5836,-0.081841,-0.062365,0.0,6,False
high_52w,MINDACORP,2021-11-29,2021-11-30,167.9845,2021-12-07,160.2193,MOMENTUM_FAIL,5,-38.826,19.3975,-58.2234,-0.069169,-0.058806,0.003511,6,False
high_52w,IDEA,2021-12-06,2021-12-07,14.85,2021-12-20,13.8105,STOP,67,-69.6465,19.9893,-89.6358,-0.089894,-0.107744,0.131313,10,False
high_52w,POONAWALLA,2021-12-06,2021-12-07,216.5622,2021-12-14,215.9194,MOMENTUM_FAIL,4,-2.5711,19.5825,-22.1535,-0.025518,-0.044521,0.021461,6,False
high_52w,ELGIEQUIP,2021-12-06,2021-12-07,299.2871,2021-12-14,301.8408,MOMENTUM_FAIL,3,7.6613,19.7368,-12.0755,-0.01342,-0.034788,0.036265,6,False
high_52w,BEML,2021-12-06,2021-12-07,836.44,2021-12-14,794.3331,MOMENTUM_FAIL,1,-42.107,19.3761,-61.483,-0.073345,-0.072444,0.0,6,False
high_52w,ZEEL,2021-12-06,2021-12-07,338.8275,2021-12-14,347.5575,MOMENTUM_FAIL,2,17.46,18.8269,-1.3669,-0.002013,-0.027289,0.038925,6,False
high_52w,TORNTPOWER,2021-12-06,2021-12-07,500.5053,2021-12-28,489.1506,TIME,1,-11.3547,18.0202,-29.375,-0.058563,-0.056671,0.087787,16,False
high_52w,BSE,2021-12-06,2021-12-07,199.2601,2021-12-14,233.3112,TARGET,5,170.2553,20.4835,149.7718,0.15,0.0,0.233932,6,False
high_52w,EMBASSY,2021-12-06,2021-12-07,269.9874,2021-12-14,271.0543,MOMENTUM_FAIL,3,3.2006,19.3565,-16.156,-0.019903,-0.038104,0.00829,6,False
high_52w,WELCORP,2021-12-06,2021-12-07,156.6383,2021-12-20,145.6736,STOP,6,-65.7881,19.7644,-85.5525,-0.090831,-0.084337,0.168675,10,False
high_52w,UNOMINDA,2021-12-13,2021-12-14,512.6273,2021-12-22,607.9782,TARGET,1,95.3509,18.2887,77.0622,0.15,-0.057526,0.208711,7,False
high_52w,CGPOWER,2021-12-13,2021-12-14,173.8604,2022-01-04,202.1127,TIME,5,141.2617,19.8882,121.3734,0.139317,-0.066193,0.169886,16,False
high_52w,WELCORP,2021-12-13,2021-12-14,175.5104,2021-12-16,163.2247,STOP,5,-61.4286,19.5103,-80.939,-0.092031,-0.085484,0.024462,3,False
high_52w,GRAVITA,2021-12-13,2021-12-14,238.3974,2021-12-17,221.7096,STOP,4,-66.7513,19.8206,-86.5718,-0.090587,-0.09309,0.003691,4,False
high_52w,MAXHEALTH,2021-12-13,2021-12-14,398.6733,2021-12-21,394.6488,MOMENTUM_FAIL,2,-8.049,19.2804,-27.3294,-0.034201,-0.052841,0.021934,6,False
high_52w,BSOFT,2021-12-13,2021-12-14,471.2923,2021-12-20,438.3019,STOP,2,-65.9809,19.7757,-85.7566,-0.090782,-0.091766,0.035516,5,False
high_52w,ANANTRAJ,2021-12-13,2021-12-14,79.8258,2021-12-15,74.238,STOP,12,-67.0537,19.8382,-86.8919,-0.090512,-0.083747,0.0,2,False
high_52w,BSE,2021-12-13,2021-12-14,221.212,2021-12-17,205.7271,STOP,4,-61.9394,19.5401,-81.4795,-0.091882,-0.070574,0.135742,4,False
high_52w,PGEL,2021-12-13,2021-12-14,65.6985,2021-12-20,61.0996,STOP,15,-68.9835,19.9507,-88.9341,-0.090048,-0.07297,0.130967,5,False
high_52w,CDSL,2021-12-13,2021-12-14,754.4774,2021-12-20,701.6639,STOP,1,-52.8134,19.0082,-71.8216,-0.094986,-0.090592,0.091504,5,False
high_52w,TORNTPOWER,2021-12-13,2021-12-14,515.9441,2021-12-20,479.828,STOP,1,-36.1161,18.035,-54.1511,-0.104726,-0.084899,0.055236,5,False
high_52w,APARINDS,2021-12-20,2021-12-21,725.2732,2022-01-11,737.826,TIME,1,12.5528,19.018,-6.4652,-0.008895,-0.005371,0.11008,16,False
high_52w,UNOMINDA,2021-12-20,2021-12-21,518.6535,2021-12-22,614.9377,TARGET,1,96.2842,18.316,77.9681,0.15,0.0,0.194667,2,False
high_52w,POWERGRID,2021-12-20,2021-12-21,124.1616,2021-12-28,124.9604,MOMENTUM_FAIL,8,6.3905,20.1371,-13.7467,-0.013809,-0.030769,0.026014,6,False
high_52w,TTML,2021-12-20,2021-12-21,173.0,2021-12-23,154.1,GAP_STOP,5,-94.5,19.39,-113.89,-0.131377,-0.109249,0.0,3,False
high_52w,MAXHEALTH,2021-12-20,2021-12-21,391.5187,2022-01-11,388.3388,TIME,2,-6.3597,19.2234,-25.5831,-0.0326,-0.010152,0.162563,16,False
high_52w,BLUESTARCO,2021-12-20,2021-12-21,487.7988,2021-12-28,490.8752,MOMENTUM_FAIL,2,6.1529,20.0619,-13.9091,-0.014226,-0.046482,0.021006,6,False
high_52w,NESTLEIND,2021-12-20,2021-12-21,903.4501,2021-12-28,920.9604,MOMENTUM_FAIL,1,17.5104,19.7804,-2.2701,-0.002507,0.0,0.025362,6,False
high_52w,GRAVITA,2021-12-27,2021-12-28,296.2248,2021-12-29,275.4891,STOP,3,-62.2072,19.5557,-81.7629,-0.091805,-0.075578,0.0,2,False
high_52w,PGEL,2021-12-27,2021-12-28,77.8934,2022-01-18,81.6787,TIME,12,45.4237,19.9693,25.4544,0.027173,-0.022246,0.117387,16,False
high_52w,KPRMILL,2021-12-27,2021-12-28,666.6008,2022-01-18,718.5507,TIME,1,51.95,18.8505,33.0995,0.049546,-0.036217,0.127566,16,False
high_52w,KPITTECH,2021-12-27,2021-12-28,544.9506,2022-01-07,645.3072,TARGET,1,100.3567,18.4354,81.9213,0.15,-0.003381,0.334519,9,False
high_52w,MAXHEALTH,2021-12-27,2021-12-28,425.9505,2022-01-07,396.134,STOP,2,-59.6331,19.4057,-79.0388,-0.092577,-0.080252,0.068587,9,False
high_52w,GMRAIRPORT,2021-12-27,2021-12-28,41.6679,2022-01-18,43.4,TIME,23,39.8374,20.0578,19.7796,0.020594,-0.036757,0.120766,16,False
high_52w,GODREJIND,2021-12-27,2021-12-28,645.0,2022-01-04,627.8,MOMENTUM_FAIL,1,-17.2,18.6185,-35.8185,-0.055411,-0.04155,0.005194,6,False
high_52w,POWERGRID,2021-12-27,2021-12-28,125.5985,2022-01-04,127.9993,MOMENTUM_FAIL,7,16.8054,19.6766,-2.8712,-0.003259,-0.024195,0.030728,6,False
high_52w,BSOFT,2021-12-27,2021-12-28,496.3999,2022-01-18,500.0,TIME,2,7.2002,20.1367,-12.9365,-0.013002,-0.007253,0.103607,16,False
high_52w,VTL,2021-12-27,2021-12-28,446.3033,2022-01-17,523.8953,TARGET,2,155.184,20.015,135.169,0.151101,-0.017593,0.182899,15,False
high_52w,UNOMINDA,2021-12-27,2021-12-28,604.4537,2022-01-04,571.7291,MOMENTUM_FAIL,1,-32.7246,18.4156,-51.1402,-0.084421,-0.083844,0.01904,6,False
high_52w,JPPOWER,2022-01-03,2022-01-04,7.45,2022-01-05,6.9285,STOP,133,-69.3595,19.9726,-89.3321,-0.08996,-0.073825,0.0,2,False
high_52w,ECLERX,2022-01-03,2022-01-04,932.9461,2022-01-11,942.3256,MOMENTUM_FAIL,1,9.3795,19.8884,-10.509,-0.01124,-0.040963,0.043494,6,False
high_52w,GRAVITA,2022-01-03,2022-01-04,317.5374,2022-01-06,295.0516,GAP_STOP,3,-67.4572,19.815,-87.2722,-0.091414,-0.088978,0.0,3,False
high_52w,SUZLON,2022-01-03,2022-01-04,10.0085,2022-01-05,9.0903,GAP_STOP,99,-90.9032,19.9287,-110.8319,-0.111612,-0.110092,0.0,2,False
high_52w,BSOFT,2022-01-03,2022-01-04,533.0093,2022-01-11,534.7391,MOMENTUM_FAIL,1,1.7298,18.1841,-16.4543,-0.030803,-0.057544,0.027807,6,False
high_52w,JBMA,2022-01-03,2022-01-04,249.3191,2022-01-10,295.9374,TARGET,4,186.473,20.5207,165.9524,0.166043,-0.0384,0.187938,5,False
high_52w,VTL,2022-01-03,2022-01-04,477.8449,2022-01-25,459.3091,TIME,2,-37.0714,19.8899,-56.9613,-0.059472,-0.052823,0.16129,16,False
high_52w,KPRMILL,2022-01-03,2022-01-04,692.9912,2022-01-24,644.4818,STOP,1,-48.5094,18.7573,-67.2667,-0.096855,-0.119887,0.084626,15,False
high_52w,FORTIS,2022-01-03,2022-01-04,309.7182,2022-01-06,286.8863,GAP_STOP,3,-68.4955,19.7138,-88.2093,-0.094728,-0.092148,0.0,3,False
high_52w,SUNPHARMA,2022-01-03,2022-01-04,811.4211,2022-01-11,792.2897,MOMENTUM_FAIL,1,-19.1313,19.3172,-38.4486,-0.047281,-0.040997,0.0,6,False
high_52w,CARBORUNIV,2022-01-03,2022-01-04,993.1541,2022-01-11,968.8649,MOMENTUM_FAIL,1,-24.2891,20.0741,-44.3632,-0.044572,-0.0458,0.0,6,False
high_52w,POONAWALLA,2022-01-10,2022-01-11,293.1006,2022-01-11,272.5835,STOP,3,-61.5511,19.5175,-81.0686,-0.091995,0.0,0.0,1,False
high_52w,ELGIEQUIP,2022-01-10,2022-01-11,350.6579,2022-01-18,344.8136,MOMENTUM_FAIL,2,-11.6886,18.8675,-30.556,-0.043475,-0.030952,0.019328,6,False
high_52w,ASAHIINDIA,2022-01-10,2022-01-11,542.3875,2022-02-02,555.8488,TIME,1,13.4612,18.2476,-4.7864,-0.008805,-0.032545,0.108909,16,False
high_52w,INDIACEM,2022-01-10,2022-01-11,249.2372,2022-01-18,234.7872,MOMENTUM_FAIL,4,-57.7999,20.0219,-77.8218,-0.07789,-0.066773,0.039384,6,False
high_52w,KPITTECH,2022-01-10,2022-01-11,730.1561,2022-01-13,679.0452,STOP,1,-51.1109,18.909,-70.0199,-0.095688,-0.086321,0.0,3,False
high_52w,VTL,2022-01-10,2022-01-11,508.4424,2022-01-18,520.5715,MOMENTUM_FAIL,1,12.1292,18.1016,-5.9724,-0.011721,-0.021866,0.044717,6,False
high_52w,GMRAIRPORT,2022-01-10,2022-01-11,43.75,2022-01-24,40.6875,STOP,22,-67.375,19.8569,-87.2319,-0.090433,-0.094857,0.053714,10,False
high_52w,TRIDENT,2022-01-17,2022-01-18,65.5334,2022-01-18,60.9461,STOP,15,-68.8101,19.9406,-88.7507,-0.090088,0.0,0.0,1,False
high_52w,SUZLON,2022-01-17,2022-01-18,11.7531,2022-01-19,10.8808,GAP_STOP,84,-73.2735,19.9495,-93.2229,-0.09422,-0.09375,0.0,2,False
high_52w,DEEPAKFERT,2022-01-17,2022-01-18,541.194,2022-01-19,503.3104,STOP,1,-37.8836,18.138,-56.0216,-0.103289,-0.102833,0.0,2,False
high_52w,HFCL,2022-01-17,2022-01-18,89.7153,2022-01-21,83.4352,STOP,11,-69.0808,19.9563,-89.0371,-0.090025,-0.079558,0.005525,4,False
high_52w,VTL,2022-01-17,2022-01-18,527.6044,2022-01-24,490.6721,STOP,1,-36.9323,18.0826,-55.0149,-0.104046,-0.103077,0.051767,5,False
high_52w,CHAMBLFERT,2022-01-17,2022-01-18,423.6335,2022-01-24,393.9791,STOP,2,-59.3087,19.3868,-78.6955,-0.092679,-0.079067,0.023857,5,False
high_52w,WELCORP,2022-01-17,2022-01-18,185.4182,2022-01-19,172.439,STOP,5,-64.8964,19.7125,-84.6088,-0.091064,-0.082697,0.0,2,False
high_52w,GRAVITA,2022-01-17,2022-01-18,327.1182,2022-01-24,304.22,STOP,3,-68.6948,19.9338,-88.6287,-0.090116,-0.133891,0.015541,5,False
high_52w,ONGC,2022-01-17,2022-01-18,129.1858,2022-01-25,126.7678,MOMENTUM_FAIL,7,-16.9257,19.7139,-36.6396,-0.040429,-0.035651,0.016043,6,False
high_52w,POWERGRID,2022-01-24,2022-01-25,129.7619,2022-02-02,130.0658,MOMENTUM_FAIL,7,2.1271,19.7697,-17.6426,-0.019381,-0.019906,0.027166,6,False
high_52w,ONGC,2022-01-24,2022-01-25,125.1175,2022-02-16,129.3777,TIME,7,29.8211,19.6888,10.1322,0.011544,-0.040491,0.081902,16,False
high_52w,CHOLAFIN,2022-01-24,2022-01-25,637.028,2022-02-02,633.2631,MOMENTUM_FAIL,1,-3.7648,18.6122,-22.377,-0.035051,-0.031727,0.046112,6,False
high_52w,EMBASSY,2022-01-24,2022-01-25,269.9128,2022-02-02,276.2988,MOMENTUM_FAIL,3,19.1579,19.3881,-0.2302,-0.000284,-0.013267,0.027999,6,False
high_52w,BDL,2022-01-24,2022-01-25,211.0141,2022-02-03,247.8936,TARGET,4,147.518,19.7944,127.7236,0.150991,0.0,0.218864,7,False
high_52w,APARINDS,2022-01-24,2022-01-25,751.2445,2022-01-31,698.6574,STOP,1,-52.5871,18.995,-71.5821,-0.095077,-0.143086,0.111524,4,False
high_52w,JBMA,2022-01-24,2022-01-25,293.1863,2022-02-09,272.6633,STOP,3,-61.5691,19.5185,-81.0877,-0.09199,-0.078859,0.067715,11,False
high_52w,NH,2022-01-24,2022-01-25,622.6185,2022-02-16,647.8237,TIME,1,25.2052,18.6103,6.5949,0.010569,0.0,0.077949,16,False
high_52w,AVANTIFEED,2022-01-24,2022-01-25,576.3025,2022-02-02,563.4342,MOMENTUM_FAIL,1,-12.8683,18.3372,-31.2055,-0.05403,-0.033494,0.017684,6,False
high_52w,CANBK,2022-01-31,2022-02-01,43.1394,2022-02-14,40.1196,STOP,23,-69.4544,19.9781,-89.4325,-0.089938,-0.085344,0.070433,10,False
high_52w,BDL,2022-01-31,2022-02-01,241.6591,2022-02-08,224.7429,STOP,4,-67.6645,19.8738,-87.5383,-0.090362,-0.074916,0.064298,6,False
high_52w,BANKBARODA,2022-01-31,2022-02-01,93.2592,2022-02-22,86.7311,STOP,10,-65.2815,19.7349,-85.0164,-0.090962,-0.087937,0.093923,16,False
high_52w,SBIN,2022-01-31,2022-02-01,497.5767,2022-02-08,486.0509,MOMENTUM_FAIL,2,-23.0516,20.085,-43.1367,-0.043252,-0.045868,0.009284,6,False
high_52w,ONGC,2022-01-31,2022-02-01,133.561,2022-02-08,128.1495,MOMENTUM_FAIL,7,-37.8806,19.8006,-57.6812,-0.061561,-0.045977,0.000287,6,False
high_52w,POWERGRID,2022-01-31,2022-02-01,131.8891,2022-02-08,127.665,MOMENTUM_FAIL,7,-29.5686,19.7681,-49.3366,-0.053323,-0.03917,0.003687,6,False
high_52w,GRAVITA,2022-01-31,2022-02-01,334.4505,2022-02-22,340.671,TIME,2,12.4408,18.7797,-6.3389,-0.009456,-0.011455,0.1727,16,False
high_52w,EMBASSY,2022-01-31,2022-02-01,275.9184,2022-02-08,285.8636,MOMENTUM_FAIL,3,29.8355,19.4859,10.3496,0.012476,-0.004569,0.042049,6,False
high_52w,TMPV,2022-01-31,2022-02-01,494.9098,2022-02-08,480.0528,MOMENTUM_FAIL,2,-29.714,20.049,-49.763,-0.050165,-0.056791,0.012697,6,False
high_52w,NAVA,2022-01-31,2022-02-01,61.268,2022-02-15,56.9792,STOP,16,-68.6201,19.9295,-88.5496,-0.090133,-0.082707,0.082707,11,False
high_52w,CCL,2022-01-31,2022-02-01,458.6205,2022-02-22,441.3799,TIME,2,-34.4813,19.7328,-54.2141,-0.058977,-0.058817,0.08754,16,False
high_52w,SUNPHARMA,2022-01-31,2022-02-01,806.5669,2022-02-22,811.3964,TIME,1,4.8295,19.3455,-14.516,-0.017958,-0.019227,0.065993,16,False
high_52w,NH,2022-01-31,2022-02-01,644.463,2022-02-08,649.3557,MOMENTUM_FAIL,1,4.8927,18.6612,-13.7685,-0.021318,-0.033742,0.041411,6,False
high_52w,RPOWER,2022-02-07,2022-02-08,18.9,2022-02-09,17.577,STOP,52,-68.796,19.9397,-88.7357,-0.090092,-0.113757,0.0,2,False
high_52w,PFOCUS,2022-02-07,2022-02-08,98.95,2022-02-09,91.3,GAP_STOP,10,-76.4999,19.9523,-96.4523,-0.097263,-0.110157,0.0,2,False
high_52w,BANKBARODA,2022-02-07,2022-02-08,97.8964,2022-02-14,91.0437,STOP,10,-68.5275,19.9241,-88.4516,-0.090155,-0.076754,0.042105,5,False
high_52w,ELGIEQUIP,2022-02-07,2022-02-08,412.5387,2022-02-10,383.661,STOP,2,-57.7554,19.2962,-77.0517,-0.093183,-0.095238,0.0,3,False
high_52w,GMDCLTD,2022-02-07,2022-02-08,118.2939,2022-02-08,110.0133,STOP,8,-66.2446,19.791,-86.0356,-0.090715,0.0,0.0,1,False
high_52w,JSL,2022-02-07,2022-02-08,216.8932,2022-02-11,201.7106,STOP,4,-60.7301,19.4696,-80.1997,-0.09224,-0.083521,0.0,4,False
high_52w,TARIL,2022-02-07,2022-02-08,22.433,2022-02-08,20.8627,STOP,44,-69.0938,19.9571,-89.0509,-0.090022,0.0,0.0,1,False
high_52w,HSCL,2022-02-07,2022-02-08,66.6681,2022-02-09,62.0013,STOP,14,-65.3347,19.738,-85.0727,-0.090949,-0.080357,0.0,2,False
high_52w,EMBASSY,2022-02-07,2022-02-08,277.1169,2022-03-02,286.8926,TIME,3,29.3273,19.5001,9.8272,0.011795,0.0,0.078498,16,False
high_52w,ONGC,2022-02-07,2022-02-08,132.0259,2022-02-15,126.0003,MOMENTUM_FAIL,7,-42.1792,19.7464,-61.9256,-0.06686,-0.090698,0.025291,6,False
high_52w,VEDL,2022-02-07,2022-02-08,195.0535,2022-02-15,197.0133,MOMENTUM_FAIL,5,9.799,20.068,-10.269,-0.010506,-0.034759,0.047794,6,False
high_52w,SUNPHARMA,2022-02-07,2022-02-08,843.3068,2022-02-15,841.1355,MOMENTUM_FAIL,1,-2.1713,19.4864,-21.6577,-0.025626,-0.022767,0.019551,6,False
high_52w,NH,2022-02-07,2022-02-08,666.1098,2022-02-15,642.4367,MOMENTUM_FAIL,1,-23.6731,18.6944,-42.3675,-0.063466,-0.065143,0.0,6,False
high_52w,SBIN,2022-02-07,2022-02-08,489.8472,2022-02-15,480.0593,MOMENTUM_FAIL,2,-19.5757,20.0269,-39.6026,-0.040335,-0.071709,0.01578,6,False
high_52w,NAVA,2022-02-07,2022-02-08,63.2949,2022-02-14,58.8643,STOP,15,-66.4596,19.8036,-86.2632,-0.09066,-0.097525,0.048035,5,False
high_52w,POWERGRID,2022-02-07,2022-02-08,130.0658,2022-02-15,123.6536,MOMENTUM_FAIL,7,-44.8851,19.683,-64.5681,-0.070763,-0.070094,0.007944,6,False
high_52w,BALRAMCHIN,2022-02-07,2022-02-08,430.6631,2022-02-14,400.5166,STOP,2,-60.2928,19.4441,-79.737,-0.092373,-0.108326,0.008428,5,False
high_52w,BLUESTARCO,2022-02-07,2022-02-08,511.1266,2022-02-15,507.1538,MOMENTUM_FAIL,1,-3.9728,18.0801,-22.0529,-0.043052,-0.056872,0.008531,6,False
high_52w,RHIM,2022-02-14,2022-02-15,482.5144,2022-02-24,448.7384,STOP,2,-67.552,19.8672,-87.4193,-0.09039,-0.074712,0.141931,8,False
high_52w,SUNPHARMA,2022-02-14,2022-02-15,827.4172,2022-02-22,811.3964,MOMENTUM_FAIL,1,-16.0207,19.3911,-35.4119,-0.042705,-0.043942,0.021623,6,False
high_52w,EMBASSY,2022-02-14,2022-02-15,291.2281,2022-02-22,283.3969,MOMENTUM_FAIL,3,-23.4935,19.5713,-43.0648,-0.049184,-0.047415,0.023642,6,False
high_52w,ONGC,2022-02-14,2022-02-15,130.4907,2022-02-15,121.3563,STOP,7,-63.9404,19.6567,-83.5972,-0.09132,0.0,0.0,1,False
high_52w,CIPLA,2022-02-14,2022-02-15,879.4405,2022-02-22,876.418,MOMENTUM_FAIL,1,-3.0224,19.6372,-22.6597,-0.02571,-0.028149,0.042496,6,False
high_52w,NH,2022-02-14,2022-02-15,637.0497,2022-02-22,630.9214,MOMENTUM_FAIL,1,-6.1283,18.6074,-24.7357,-0.038744,-0.069046,0.031808,6,False
high_52w,CHOLAFIN,2022-02-14,2022-02-15,660.4274,2022-03-07,614.1975,STOP,1,-46.2299,18.6245,-64.8544,-0.097986,-0.104231,0.05794,14,False
high_52w,HINDALCO,2022-02-14,2022-02-15,508.9204,2022-02-22,499.0117,MOMENTUM_FAIL,1,-9.9087,18.0587,-27.9674,-0.054834,-0.047298,0.027163,6,False
high_52w,VEDL,2022-02-14,2022-02-15,195.4508,2022-02-22,185.4399,MOMENTUM_FAIL,5,-50.0544,19.9545,-70.0089,-0.071482,-0.080352,0.01626,6,False
high_52w,NATIONALUM,2022-02-14,2022-02-15,97.9268,2022-02-22,95.4617,MOMENTUM_FAIL,10,-24.6515,20.0147,-44.6663,-0.045512,-0.0813,0.018715,6,False
high_52w,BIOCON,2022-02-14,2022-02-15,389.1176,2022-02-22,379.9718,MOMENTUM_FAIL,2,-18.2915,19.1788,-37.4704,-0.048043,-0.041418,0.033795,6,False
high_52w,CGCL,2022-02-14,2022-02-15,555.5675,2022-02-22,560.0008,MOMENTUM_FAIL,1,4.4333,18.2849,-13.8516,-0.024878,-0.006791,0.018676,6,False
high_52w,BLUESTARCO,2022-02-14,2022-02-15,488.3559,2022-03-09,477.7458,TIME,2,-21.2202,20.0109,-41.2311,-0.042122,-0.02877,0.125,16,False
high_52w,POWERGRID,2022-02-14,2022-02-15,122.7723,2022-02-22,123.7786,MOMENTUM_FAIL,8,8.0499,20.0936,-12.0436,-0.012235,-0.024113,0.022697,6,False
high_52w,SBIN,2022-02-14,2022-02-15,459.2031,2022-03-03,427.0589,STOP,2,-64.2884,19.677,-83.9655,-0.091226,-0.074502,0.051793,12,False
high_52w,ELGIEQUIP,2022-02-14,2022-02-15,378.1605,2022-02-21,351.6892,STOP,2,-52.9425,19.0157,-71.9582,-0.094935,-0.12974,0.049351,5,False
high_52w,CHOLAFIN,2022-02-21,2022-02-22,659.2365,2022-03-07,613.0899,STOP,1,-46.1466,18.6196,-64.7662,-0.09803,-0.102613,0.059851,9,False
high_52w,EMBASSY,2022-02-21,2022-02-22,282.9808,2022-03-02,286.8926,MOMENTUM_FAIL,3,11.7355,19.5385,-7.803,-0.009171,-0.013102,0.040107,6,False
high_52w,SUNPHARMA,2022-02-21,2022-02-22,801.9951,2022-03-02,787.5093,MOMENTUM_FAIL,1,-14.4858,19.2869,-33.7727,-0.042019,-0.025119,0.020335,6,False
high_52w,NH,2022-02-21,2022-02-22,593.0641,2022-03-11,700.872,TARGET,1,107.8078,18.6537,89.1541,0.15,0.0,0.208333,13,False
high_52w,COHANCE,2022-02-21,2022-02-22,531.9807,2022-02-24,494.7421,STOP,1,-37.2387,18.1004,-55.3391,-0.103798,-0.212615,0.0,3,False
high_52w,CGCL,2022-02-21,2022-02-22,556.7466,2022-03-16,586.0341,TIME,1,29.2875,18.3405,10.947,0.01962,-0.032529,0.133079,16,False
high_52w,ONGC,2022-02-21,2022-02-22,129.1502,2022-03-02,126.3965,MOMENTUM_FAIL,7,-19.2757,19.7081,-38.9838,-0.043027,-0.064264,0.011111,6,False
high_52w,BLUESTARCO,2022-02-21,2022-02-22,503.8593,2022-03-10,468.5892,STOP,1,-35.2702,17.9857,-53.2559,-0.105465,-0.071202,0.082212,12,False
high_52w,SBIN,2022-02-21,2022-02-22,458.1969,2022-03-02,433.8188,MOMENTUM_FAIL,2,-48.756,19.7002,-68.4562,-0.074539,-0.067678,0.008884,6,False
high_52w,RHIM,2022-02-21,2022-02-22,487.4968,2022-02-24,449.3958,GAP_STOP,2,-76.2019,19.8917,-96.0936,-0.098343,-0.084168,0.058116,3,False
high_52w,FEDERALBNK,2022-02-21,2022-02-22,93.8726,2022-03-02,92.24,MOMENTUM_FAIL,10,-16.3257,19.8605,-36.1861,-0.038464,-0.052685,0.044501,6,False
high_52w,VBL,2022-02-21,2022-02-22,121.5364,2022-03-16,123.8803,TIME,8,18.7506,20.0736,-1.323,-0.001358,-0.051571,0.099458,16,False
high_52w,POWERGRID,2022-02-21,2022-02-22,121.3111,2022-03-16,130.7749,TIME,8,75.7104,20.182,55.5284,0.057092,-0.022142,0.150361,16,False
high_52w,HINDALCO,2022-02-21,2022-02-22,485.1878,2022-03-02,568.308,TARGET,2,166.2404,20.3659,145.8746,0.15,0.0,0.223849,6,False
high_52w,HINDALCO,2022-02-28,2022-03-02,556.0955,2022-03-24,601.2404,TIME,1,45.145,18.37,26.775,0.048043,-0.033551,0.08857,16,False
high_52w,NH,2022-02-28,2022-03-02,677.378,2022-03-07,629.9616,STOP,1,-47.4165,18.6936,-66.1101,-0.097384,-0.07763,0.0,4,False
high_52w,VEDL,2022-02-28,2022-03-02,203.3959,2022-03-09,203.5826,MOMENTUM_FAIL,4,0.7465,19.3668,-18.6203,-0.022837,-0.035156,0.044271,6,False
high_52w,CHOLAFIN,2022-02-28,2022-03-02,674.969,2022-03-07,627.7212,STOP,1,-47.2478,18.6838,-65.9316,-0.097468,-0.123529,0.022059,4,False
high_52w,POWERGRID,2022-02-28,2022-03-02,129.7754,2022-03-24,131.6495,TIME,7,13.1183,19.7925,-6.6742,-0.007331,-0.01781,0.075331,16,False
high_52w,NATIONALUM,2022-02-28,2022-03-02,100.834,2022-03-15,93.7756,STOP,9,-63.5254,19.6325,-83.158,-0.091434,-0.07582,0.087705,10,False
high_52w,BIRET,2022-02-28,2022-03-02,225.792,2022-03-09,219.0574,MOMENTUM_FAIL,4,-26.9381,19.6887,-46.6268,-0.051513,-0.046294,0.0018,6,False
high_52w,EMBASSY,2022-02-28,2022-03-02,282.9127,2022-03-09,277.6314,MOMENTUM_FAIL,3,-15.8441,19.4815,-35.3256,-0.04153,-0.02276,0.016287,6,False
high_52w,BLUESTARCO,2022-02-28,2022-03-02,513.7427,2022-03-07,477.7807,STOP,1,-35.962,18.026,-53.988,-0.104858,-0.076245,0.011694,4,False
high_52w,CGCL,2022-02-28,2022-03-02,559.1989,2022-03-09,561.8401,MOMENTUM_FAIL,1,2.6412,18.2966,-15.6553,-0.027935,-0.021675,0.018808,6,False
high_52w,SUNPHARMA,2022-02-28,2022-03-02,810.0054,2022-03-09,832.9332,MOMENTUM_FAIL,1,22.9278,19.3969,3.5309,0.00435,-0.041748,0.049091,6,False
high_52w,VBL,2022-02-28,2022-03-02,124.4333,2022-03-07,115.723,STOP,8,-69.6826,19.9914,-89.6741,-0.089886,-0.073651,0.069841,4,False
high_52w,BEL,2022-02-28,2022-03-02,65.572,2022-03-24,66.0337,TIME,15,6.9267,20.0972,-13.1705,-0.013361,-0.020718,0.091303,16,False
high_52w,ONGC,2022-03-07,2022-03-08,147.3786,2022-03-09,137.0621,STOP,6,-61.899,19.5378,-81.4368,-0.091894,-0.085,0.0,2,False
high_52w,HINDALCO,2022-03-07,2022-03-08,597.422,2022-03-10,554.4037,GAP_STOP,1,-43.0183,18.365,-61.3833,-0.102523,-0.077994,0.0,3,False
high_52w,GMDCLTD,2022-03-07,2022-03-08,145.5116,2022-03-28,170.7068,TARGET,6,151.1711,19.9243,131.2468,0.15,-0.04006,0.181928,14,False
high_52w,GAIL,2022-03-07,2022-03-08,89.5857,2022-03-10,83.3147,STOP,11,-68.981,19.9505,-88.9315,-0.090048,-0.092174,0.0,3,False
high_52w,BALRAMCHIN,2022-03-07,2022-03-08,436.0884,2022-03-30,468.4056,TIME,2,64.6345,19.7443,44.8902,0.051357,-0.036496,0.163839,16,False
high_52w,POWERGRID,2022-03-07,2022-03-08,133.6796,2022-03-15,130.9623,MOMENTUM_FAIL,7,-19.0213,19.8425,-38.8637,-0.041441,-0.034579,0.009346,6,False
high_52w,VEDL,2022-03-07,2022-03-08,209.9639,2022-03-15,196.1522,MOMENTUM_FAIL,4,-55.2471,19.3638,-74.6108,-0.088644,-0.075967,0.005519,6,False
high_52w,BIRET,2022-03-07,2022-03-08,225.097,2022-03-15,221.6817,MOMENTUM_FAIL,4,-13.661,19.704,-33.365,-0.036975,-0.049425,0.0,6,False
high_52w,NATIONALUM,2022-03-07,2022-03-08,104.5533,2022-03-14,97.2345,STOP,9,-65.8686,19.7691,-85.6377,-0.090811,-0.07747,0.0,5,False
high_52w,COALINDIA,2022-03-07,2022-03-08,136.0445,2022-03-15,124.4555,MOMENTUM_FAIL,7,-81.1227,19.7859,-100.9086,-0.105731,-0.092592,0.008466,6,False
high_52w,OIL,2022-03-07,2022-03-08,139.4343,2022-03-10,129.6739,STOP,7,-68.3228,19.9122,-88.235,-0.090204,-0.076027,0.0,3,False
high_52w,BEL,2022-03-07,2022-03-08,68.3838,2022-03-15,64.9401,MOMENTUM_FAIL,14,-48.2115,19.8743,-68.0858,-0.070962,-0.060984,0.046431,6,False
high_52w,CIPLA,2022-03-07,2022-03-08,900.0221,2022-03-30,987.2895,TIME,1,87.2674,19.908,67.3594,0.074679,0.0,0.154584,16,False
high_52w,EMBASSY,2022-03-07,2022-03-08,279.1598,2022-03-15,287.3541,MOMENTUM_FAIL,3,24.5829,19.5163,5.0666,0.006037,-0.007996,0.04296,6,False
high_52w,CGCL,2022-03-07,2022-03-08,550.8985,2022-03-30,582.0253,TIME,1,31.1268,18.3195,12.8073,0.023197,-0.006678,0.145108,16,False
high_52w,NH,2022-03-07,2022-03-08,647.4283,2022-03-30,763.6553,TARGET,1,116.227,18.9004,97.3266,0.15,-0.020305,0.18626,16,False
high_52w,SUNPHARMA,2022-03-07,2022-03-08,792.5938,2022-03-30,883.1539,TIME,1,90.5601,19.4611,71.099,0.089509,0.0,0.126846,16,False
high_52w,SARDAEN,2022-03-07,2022-03-08,90.0373,2022-03-11,105.4321,TARGET,11,169.3431,20.4568,148.8863,0.15,-0.007661,0.231254,4,False
high_52w,BSE,2022-03-14,2022-03-15,329.7011,2022-03-15,306.622,STOP,3,-69.2372,19.9655,-89.2027,-0.089989,0.0,0.0,1,False
high_52w,USHAMART,2022-03-14,2022-03-15,103.4308,2022-03-30,121.2223,TARGET,9,160.1235,20.1866,139.9369,0.15,-0.031365,0.257841,11,False
high_52w,BALRAMCHIN,2022-03-14,2022-03-15,491.5729,2022-03-15,457.1628,STOP,2,-68.8202,19.9412,-88.7614,-0.090086,0.0,0.0,1,False
high_52w,CREDITACC,2022-03-14,2022-03-15,795.3929,2022-03-15,739.7154,STOP,1,-55.6775,19.1751,-74.8526,-0.093902,0.0,0.0,1,False
high_52w,SUNPHARMA,2022-03-14,2022-03-15,857.3481,2022-03-23,864.1592,MOMENTUM_FAIL,1,6.8111,19.564,-12.7529,-0.014842,-0.014826,0.041737,6,False
high_52w,CGCL,2022-03-14,2022-03-15,585.7511,2022-04-06,581.2707,TIME,1,-4.4804,18.3942,-22.8746,-0.038967,-0.014332,0.076973,16,False
high_52w,CUMMINSIND,2022-03-14,2022-03-15,974.2216,2022-04-06,1050.2262,TIME,1,76.0046,20.1984,55.8063,0.057158,-0.025138,0.107489,16,False
high_52w,SARDAEN,2022-03-14,2022-03-15,107.1407,2022-04-06,118.1042,TIME,9,98.672,20.2025,78.4696,0.0812,-0.063927,0.13242,16,False
high_52w,GMDCLTD,2022-03-14,2022-03-15,150.2889,2022-03-23,142.0053,MOMENTUM_FAIL,6,-49.7017,19.6363,-69.338,-0.076726,-0.0662,0.000292,6,False
high_52w,VEDL,2022-03-14,2022-03-15,203.3906,2022-04-06,237.2251,TIME,4,135.3379,19.6408,115.6971,0.1419,-0.031275,0.172014,16,False
high_52w,VTL,2022-03-14,2022-03-15,539.5024,2022-03-21,501.7372,STOP,1,-37.7652,18.1311,-55.8963,-0.103381,-0.092857,0.0,4,False
high_52w,CHOLAFIN,2022-03-14,2022-03-15,674.4728,2022-04-06,697.5507,TIME,1,23.078,18.8249,4.253,0.006292,0.0,0.088962,16,False
high_52w,NH,2022-03-14,2022-03-15,687.9544,2022-03-23,682.3696,MOMENTUM_FAIL,1,-5.5847,18.8235,-24.4082,-0.035402,-0.031609,0.017241,6,False
high_52w,POWERGRID,2022-03-14,2022-03-15,133.1799,2022-03-23,131.2434,MOMENTUM_FAIL,7,-13.5552,19.8388,-33.3941,-0.035742,-0.042917,0.013133,6,False
high_52w,BIRET,2022-03-14,2022-03-15,223.175,2022-03-23,224.55,MOMENTUM_FAIL,4,5.5,19.7106,-14.2105,-0.015884,-0.017721,0.036767,6,False
high_52w,EMBASSY,2022-03-14,2022-03-15,285.629,2022-03-23,286.9078,MOMENTUM_FAIL,3,3.8364,19.556,-15.7196,-0.018305,-0.066887,0.01298,6,False
high_52w,VEDL,2022-03-21,2022-03-22,221.9256,2022-03-29,225.0239,MOMENTUM_FAIL,4,12.3932,19.7035,-7.3103,-0.008217,-0.016556,0.032493,6,False
high_52w,SUNPHARMA,2022-03-21,2022-03-22,876.6304,2022-03-29,881.9547,MOMENTUM_FAIL,1,5.3243,19.6424,-14.318,-0.016297,-0.03097,0.013351,6,False
high_52w,CUMMINSIND,2022-03-21,2022-03-22,993.9734,2022-04-12,1027.7063,TIME,1,33.7329,20.1957,13.5372,0.01359,-0.00878,0.096951,16,False
high_52w,USHAMART,2022-03-21,2022-03-22,109.7283,2022-03-30,128.495,TARGET,9,168.9008,20.4438,148.457,0.15,-0.029565,0.185652,7,False
high_52w,SARDAEN,2022-03-21,2022-03-22,110.4185,2022-04-12,115.4037,TIME,9,44.8671,20.2175,24.6496,0.02475,-0.069473,0.098804,16,False
high_52w,ANGELONE,2022-03-21,2022-03-22,150.1926,2022-03-29,139.5918,MOMENTUM_FAIL,6,-63.6049,19.6056,-83.2105,-0.092136,-0.091436,0.012226,6,False
high_52w,JINDALSTEL,2022-03-21,2022-03-22,482.8335,2022-04-11,565.5891,TARGET,2,165.5112,20.3445,145.1667,0.15,-0.007866,0.180509,15,False
high_52w,BALRAMCHIN,2022-03-21,2022-03-22,486.4138,2022-03-29,459.1582,MOMENTUM_FAIL,2,-54.5111,19.9267,-74.4379,-0.07635,-0.065539,0.008605,6,False
high_52w,BRIGADE,2022-03-21,2022-03-22,386.5166,2022-03-29,383.9285,MOMENTUM_FAIL,2,-5.1762,19.1836,-24.3598,-0.031443,-0.033193,0.022575,6,False
high_52w,CHOLAFIN,2022-03-21,2022-03-22,691.8433,2022-04-12,735.2199,TIME,1,43.3766,18.9396,24.437,0.035244,-0.017217,0.087446,16,False
high_52w,BIRET,2022-03-21,2022-03-22,221.0756,2022-04-12,237.6492,TIME,4,66.2946,19.7989,46.4957,0.052464,0.0,0.088243,16,False
high_52w,CREDITACC,2022-03-21,2022-03-22,795.6905,2022-04-11,934.8781,TARGET,1,139.1877,19.5732,119.6145,0.15,-0.031796,0.18697,15,False
high_52w,LEMONTREE,2022-03-28,2022-03-29,67.95,2022-03-31,63.1935,STOP,14,-66.591,19.8112,-86.4022,-0.090627,-0.077998,0.048565,3,False
high_52w,EIHOTEL,2022-03-28,2022-03-29,156.4007,2022-04-05,157.4336,MOMENTUM_FAIL,6,6.197,19.905,-13.708,-0.014576,-0.044025,0.031132,6,False
high_52w,USHAMART,2022-03-28,2022-03-29,118.3157,2022-04-05,138.6341,TARGET,8,162.5469,20.2576,142.2893,0.15,0.0,0.209678,6,False
high_52w,NAVA,2022-03-28,2022-03-29,67.579,2022-04-05,68.0628,MOMENTUM_FAIL,14,6.7719,19.9387,-13.1668,-0.013886,-0.051125,0.035447,6,False
high_52w,HINDALCO,2022-03-28,2022-03-29,609.0224,2022-03-31,566.3908,STOP,1,-42.6316,18.4148,-61.0463,-0.100018,-0.098175,0.0,3,False
high_52w,GMDCLTD,2022-03-28,2022-03-29,168.6094,2022-04-07,197.9137,TARGET,5,146.5216,19.7881,126.7335,0.15,-0.022095,0.187419,8,False
high_52w,ITC,2022-03-28,2022-03-29,207.26,2022-04-05,209.1951,MOMENTUM_FAIL,4,7.7404,19.4463,-11.706,-0.014089,-0.032679,0.018673,6,False
high_52w,VEDL,2022-03-28,2022-03-29,227.519,2022-04-05,229.7124,MOMENTUM_FAIL,4,8.7738,19.7906,-11.0168,-0.012079,-0.044228,0.024825,6,False
high_52w,INDHOTEL,2022-03-28,2022-03-29,230.9527,2022-04-05,232.1351,MOMENTUM_FAIL,4,4.7296,19.8404,-15.1108,-0.016321,-0.00128,0.047355,6,False
high_52w,CHOLAFIN,2022-03-28,2022-03-29,720.2317,2022-04-05,699.387,MOMENTUM_FAIL,1,-20.8447,18.9287,-39.7734,-0.055103,-0.044515,0.01702,6,False
high_52w,BIRET,2022-03-28,2022-03-29,229.1628,2022-04-05,233.576,MOMENTUM_FAIL,4,17.653,19.8365,-2.1835,-0.002377,-0.008871,0.027258,6,False
high_52w,NH,2022-03-28,2022-03-29,716.8662,2022-04-21,699.9145,TIME,1,-16.9518,18.9224,-35.8742,-0.049934,-0.028611,0.071355,16,False
high_52w,RHIM,2022-03-28,2022-03-29,596.9149,2022-04-21,606.3914,TIME,1,9.4765,18.4697,-8.9932,-0.015033,-0.04689,0.10311,16,False
high_52w,HSCL,2022-04-04,2022-04-05,82.3431,2022-04-12,75.6961,MOMENTUM_FAIL,12,-79.7636,19.9399,-99.7035,-0.100682,-0.096386,0.0,6,False
high_52w,ADANIPOWER,2022-04-04,2022-04-05,43.0,2022-04-07,51.39,TARGET,23,192.97,20.4989,172.4711,0.174009,0.0,0.195116,3,False
high_52w,HAL,2022-04-04,2022-04-05,743.4043,2022-04-28,773.5433,TIME,1,30.139,19.1304,11.0086,0.014776,-0.026104,0.120637,16,False
high_52w,VEDL,2022-04-04,2022-04-05,233.1671,2022-04-12,228.6705,MOMENTUM_FAIL,4,-17.9865,19.8315,-37.818,-0.04046,-0.025988,0.036571,6,False
high_52w,POWERGRID,2022-04-04,2022-04-05,143.6431,2022-04-12,145.6109,MOMENTUM_FAIL,6,11.8063,19.5932,-7.7869,-0.009015,-0.006741,0.04327,6,False
high_52w,JINDALSTEL,2022-04-04,2022-04-05,544.4887,2022-04-12,550.7034,MOMENTUM_FAIL,1,6.2147,18.2417,-12.027,-0.02204,-0.021651,0.046834,6,False
high_52w,GMDCLTD,2022-04-04,2022-04-05,179.3475,2022-04-28,166.7931,STOP,5,-62.7716,19.5886,-82.3602,-0.091644,-0.098241,0.116324,16,False
high_52w,CREDITACC,2022-04-04,2022-04-05,874.4162,2022-04-13,1025.7958,TARGET,1,151.3796,19.9304,131.4492,0.15,-0.005673,0.192489,7,False
high_52w,GAIL,2022-04-04,2022-04-05,93.3352,2022-04-12,95.5418,MOMENTUM_FAIL,10,22.0658,19.916,2.1498,0.002298,-0.024562,0.035923,6,False
high_52w,SUNPHARMA,2022-04-04,2022-04-05,890.2529,2022-04-12,883.8254,MOMENTUM_FAIL,1,-6.4274,19.676,-26.1034,-0.029257,-0.017888,0.021552,6,False
high_52w,BIRET,2022-04-04,2022-04-05,233.9678,2022-04-12,237.6492,MOMENTUM_FAIL,4,14.7255,19.9117,-5.1862,-0.005529,-0.007899,0.028278,6,False
high_52w,SWANCORP,2022-04-04,2022-04-05,205.6142,2022-04-05,241.4475,TARGET,4,143.3329,19.6946,123.6383,0.15,0.0,0.0,1,False
high_52w,ITC,2022-04-04,2022-04-05,206.4537,2022-04-28,210.5255,TIME,4,16.2873,19.4501,-3.1628,-0.003822,-0.013864,0.066784,16,False
high_52w,CHENNPETRO,2022-04-11,2022-04-12,148.6532,2022-04-19,174.3349,TARGET,6,154.0903,20.0098,134.0804,0.15,-0.035433,0.206974,4,False
high_52w,GPIL,2022-04-11,2022-04-12,472.2656,2022-04-19,439.207,STOP,2,-66.1172,19.7836,-85.9008,-0.090747,-0.120083,0.030642,4,False
high_52w,BDL,2022-04-11,2022-04-12,373.0039,2022-04-19,438.7507,TARGET,2,131.4936,19.3477,112.1458,0.15,-0.058823,0.182876,4,False
high_52w,HAL,2022-04-11,2022-04-12,797.9956,2022-04-21,794.6547,MOMENTUM_FAIL,1,-3.3409,19.2927,-22.6336,-0.028301,-0.015856,0.043974,6,False
high_52w,MINDACORP,2022-04-11,2022-04-12,230.8814,2022-04-19,270.6277,TARGET,4,158.985,20.1533,138.8317,0.15,-0.06951,0.223881,4,False
high_52w,BEL,2022-04-11,2022-04-12,77.6334,2022-05-06,72.6053,TIME,12,-60.3372,19.7408,-80.078,-0.08577,-0.068457,0.063743,16,False
high_52w,JINDALSTEL,2022-04-11,2022-04-12,561.2588,2022-04-21,533.44,MOMENTUM_FAIL,1,-27.8188,18.2432,-46.062,-0.08189,-0.080148,0.00167,6,False
high_52w,GAIL,2022-04-11,2022-04-12,94.8254,2022-04-21,93.9943,MOMENTUM_FAIL,10,-8.3105,19.917,-28.2276,-0.029703,-0.029918,0.048655,6,False
high_52w,VEDL,2022-04-11,2022-04-12,237.4444,2022-04-21,233.03,MOMENTUM_FAIL,4,-17.6576,19.9044,-37.562,-0.039462,-0.036605,0.010393,6,False
high_52w,360ONE,2022-04-11,2022-04-12,415.2863,2022-04-21,403.951,MOMENTUM_FAIL,2,-22.6706,19.3909,-42.0615,-0.050531,-0.051366,0.042787,6,False
high_52w,BIRET,2022-04-11,2022-04-12,239.8078,2022-04-21,240.2513,MOMENTUM_FAIL,4,1.7742,19.9839,-18.2097,-0.018942,-0.010481,0.010635,6,False
high_52w,ITC,2022-04-11,2022-04-12,215.2021,2022-04-21,209.9611,MOMENTUM_FAIL,4,-20.9638,19.522,-40.4858,-0.04693,-0.035032,0.020982,6,False
high_52w,CGCL,2022-04-11,2022-04-12,631.9698,2022-04-19,745.8028,TARGET,1,113.833,18.8303,95.0027,0.15,-0.069627,0.19403,4,False
high_52w,CREDITACC,2022-04-11,2022-04-12,918.6158,2022-04-28,1076.8404,TARGET,1,158.2246,20.131,138.0936,0.15,0.0,0.178475,11,False
high_52w,BDL,2022-04-18,2022-04-19,423.201,2022-04-20,393.577,STOP,2,-59.2481,19.3832,-78.6314,-0.092698,-0.118325,0.0,2,False
high_52w,DEEPAKFERT,2022-04-18,2022-04-19,685.0617,2022-04-26,631.1708,MOMENTUM_FAIL,1,-53.8909,18.7129,-72.6038,-0.10575,-0.093398,0.000556,6,False
high_52w,CGCL,2022-04-18,2022-04-19,693.2803,2022-05-09,644.7507,STOP,1,-48.5296,18.7585,-67.2881,-0.096846,-0.074354,0.095238,14,False
high_52w,NTPC,2022-04-18,2022-04-19,143.8481,2022-04-26,136.9567,MOMENTUM_FAIL,6,-41.3486,19.4902,-60.8387,-0.070336,-0.057611,0.0,6,False
high_52w,CUPID,2022-04-18,2022-04-19,2.7159,2022-04-28,3.1799,TARGET,367,170.32,20.4854,149.8346,0.15,-0.054822,0.181607,8,False
high_52w,CHAMBLFERT,2022-04-18,2022-04-19,463.1428,2022-04-19,430.7228,STOP,2,-64.84,19.7092,-84.5492,-0.091079,0.0,0.0,1,False
high_52w,BEL,2022-04-18,2022-04-19,81.1499,2022-04-26,79.7178,MOMENTUM_FAIL,12,-17.185,20.0068,-37.1918,-0.038109,-0.048039,0.01451,6,False
high_52w,SARDAEN,2022-04-18,2022-04-19,127.4631,2022-04-26,120.9858,MOMENTUM_FAIL,7,-45.3415,19.6051,-64.9467,-0.072632,-0.062716,0.017118,6,False
high_52w,HAL,2022-04-18,2022-04-19,828.3478,2022-04-25,770.3635,STOP,1,-57.9843,19.3096,-77.2939,-0.093107,-0.086041,0.0,5,False
high_52w,VBL,2022-04-18,2022-04-19,142.2095,2022-05-11,138.1802,TIME,7,-28.205,20.0759,-48.2809,-0.048395,-0.046296,0.068472,16,False
high_52w,BIRET,2022-04-18,2022-04-19,241.582,2022-04-26,243.8884,MOMENTUM_FAIL,4,9.2257,20.0291,-10.8033,-0.011155,-0.011108,0.015759,6,False
high_52w,MAZDOCK,2022-04-18,2022-04-19,159.5642,2022-04-19,148.3947,STOP,6,-67.017,19.8361,-86.853,-0.090521,0.0,0.0,1,False
high_52w,RHIM,2022-04-18,2022-04-19,654.4571,2022-04-20,608.6451,STOP,1,-45.812,18.6001,-64.4121,-0.098206,-0.08867,0.0,2,False
high_52w,GAIL,2022-04-18,2022-04-19,97.0893,2022-04-25,90.293,STOP,10,-67.9625,19.8912,-87.8537,-0.09029,-0.079103,0.012101,5,False
high_52w,IIFL,2022-04-18,2022-04-19,365.2548,2022-04-26,345.9278,MOMENTUM_FAIL,2,-38.6539,18.9358,-57.5897,-0.078663,-0.059612,0.036839,6,False
high_52w,ITC,2022-04-18,2022-04-19,219.3142,2022-04-25,203.9622,STOP,4,-61.408,19.5091,-80.9171,-0.092038,-0.071691,0.0,5,False
high_52w,SCHNEIDER,2022-04-25,2022-04-26,152.75,2022-04-27,142.0575,STOP,6,-64.155,19.6692,-83.8242,-0.091262,-0.099509,0.0,2,False
high_52w,BIRET,2022-04-25,2022-04-26,245.3521,2022-05-04,244.879,MOMENTUM_FAIL,4,-1.8925,20.0701,-21.9626,-0.02233,-0.017776,0.021392,6,False
high_52w,VBL,2022-04-25,2022-04-26,148.2666,2022-04-27,137.8879,STOP,6,-62.272,19.5595,-81.8314,-0.091786,-0.082593,0.0,2,False
high_52w,NAVA,2022-04-25,2022-04-26,75.3642,2022-05-06,70.0887,STOP,13,-68.5815,19.9272,-88.5087,-0.090142,-0.10758,0.093215,8,False
high_52w,GESHIP,2022-04-25,2022-04-26,353.012,2022-04-27,328.3012,STOP,2,-49.4217,18.8105,-68.2322,-0.096432,-0.101865,0.0,2,False
high_52w,EMBASSY,2022-04-25,2022-04-26,291.3038,2022-05-04,292.7036,MOMENTUM_FAIL,3,4.1994,19.6286,-15.4292,-0.017617,-0.00987,0.02,6,False
high_52w,LTFOODS,2022-04-25,2022-04-26,95.0859,2022-04-27,88.4299,STOP,10,-66.5601,19.8094,-86.3695,-0.090635,-0.07771,0.0,2,False
high_52w,NLCINDIA,2022-04-25,2022-04-26,75.1185,2022-05-11,69.8602,STOP,13,-68.3579,19.9142,-88.2721,-0.090195,-0.137576,0.12,11,False
high_52w,ADANIPORTS,2022-04-25,2022-04-26,844.9247,2022-05-04,785.78,STOP,1,-59.1447,19.3772,-78.522,-0.092731,-0.071659,0.065265,6,False
high_52w,EIDPARRY,2022-04-25,2022-04-26,510.1878,2022-05-06,474.4746,STOP,1,-35.7131,18.0115,-53.7247,-0.105074,-0.076099,0.051338,8,False
high_52w,CHENNPETRO,2022-04-25,2022-04-26,195.6403,2022-04-29,229.1308,TARGET,5,167.4524,20.4014,147.051,0.15,-0.068376,0.194658,4,False
high_52w,SUNPHARMA,2022-04-25,2022-04-26,868.1885,2022-05-12,807.4153,STOP,1,-60.7732,19.4721,-80.2453,-0.092227,-0.077127,0.068563,12,False
high_52w,CUPID,2022-04-25,2022-04-26,2.9554,2022-04-27,2.7486,STOP,337,-69.7186,19.9935,-89.7121,-0.089878,-0.081063,0.0,2,False
high_52w,MRPL,2022-05-02,2022-05-04,77.3786,2022-05-06,71.9621,STOP,12,-64.998,19.7184,-84.7164,-0.091037,-0.072274,0.017445,3,False
high_52w,NLCINDIA,2022-05-02,2022-05-04,81.9475,2022-05-06,76.2112,STOP,12,-68.8359,19.9421,-88.778,-0.090082,-0.095556,0.0,3,False
high_52w,INDHOTEL,2022-05-02,2022-05-04,260.0189,2022-05-06,239.9189,GAP_STOP,3,-60.2999,19.101,-79.4009,-0.101567,-0.079197,0.0,3,False
high_52w,NAVA,2022-05-02,2022-05-04,80.3163,2022-05-06,74.6942,STOP,12,-67.4657,19.8622,-87.3279,-0.090411,-0.162604,0.022655,3,False
high_52w,BIRET,2022-05-02,2022-05-04,250.1571,2022-05-11,237.8562,MOMENTUM_FAIL,3,-36.9025,19.0237,-55.9262,-0.074359,-0.051419,0.0,6,False
high_52w,SWANCORP,2022-05-02,2022-05-04,333.4555,2022-05-06,309.4946,GAP_STOP,2,-47.9217,18.6484,-66.5701,-0.099601,-0.10015,0.0,3,False
high_52w,CHOLAFIN,2022-05-02,2022-05-04,741.4734,2022-05-06,689.5702,STOP,1,-51.9031,18.9551,-70.8583,-0.095356,-0.157697,0.0,3,False
high_52w,EMBASSY,2022-05-02,2022-05-04,296.3733,2022-05-11,285.2846,MOMENTUM_FAIL,3,-33.2659,19.6165,-52.8824,-0.059347,-0.049425,0.004284,6,False
high_52w,UPL,2022-05-02,2022-05-04,790.8647,2022-05-09,734.8027,GAP_STOP,1,-56.062,19.1552,-75.2172,-0.0949,-0.075039,0.012637,4,False
high_52w,BLS,2022-05-02,2022-05-04,89.9513,2022-05-09,83.6548,STOP,11,-69.2625,19.9669,-89.2295,-0.089983,-0.091454,0.030394,4,False
high_52w,COROMANDEL,2022-05-02,2022-05-04,888.5925,2022-05-11,870.4826,MOMENTUM_FAIL,1,-18.1099,19.6452,-37.755,-0.042396,-0.049076,0.009456,6,False
high_52w,POWERGRID,2022-05-02,2022-05-04,145.5484,2022-05-25,140.4573,TIME,6,-30.5464,19.5552,-50.1016,-0.057246,-0.048713,0.06588,16,False
high_52w,EIHOTEL,2022-05-02,2022-05-04,163.2863,2022-05-05,151.8563,STOP,6,-68.5802,19.9272,-88.5074,-0.090143,-0.105422,0.0,2,False
high_52w,ITC,2022-05-02,2022-05-04,212.8638,2022-05-11,206.1312,MOMENTUM_FAIL,4,-26.9305,19.4704,-46.4009,-0.054377,-0.046401,0.012689,6,False
high_52w,POWERGRID,2022-05-09,2022-05-10,153.5442,2022-05-17,149.0778,MOMENTUM_FAIL,6,-26.7987,19.7654,-46.5641,-0.050433,-0.055533,0.00895,6,False
high_52w,BIRET,2022-05-09,2022-05-10,239.8447,2022-05-17,235.8898,MOMENTUM_FAIL,4,-15.8196,19.9487,-35.7683,-0.037201,-0.066112,0.02099,6,False
high_52w,ITC,2022-05-09,2022-05-10,211.2512,2022-05-17,213.4282,MOMENTUM_FAIL,4,8.7082,19.5157,-10.8076,-0.012762,-0.049046,0.013359,6,False
high_52w,EMBASSY,2022-05-09,2022-05-10,289.895,2022-05-17,284.8627,MOMENTUM_FAIL,3,-15.0969,19.5715,-34.6683,-0.039776,-0.025006,0.031887,6,False
high_52w,COROMANDEL,2022-05-09,2022-05-10,877.8714,2022-05-17,910.5658,MOMENTUM_FAIL,1,32.6944,19.7033,12.991,0.014766,-0.04962,0.044394,6,False
high_52w,NTPC,2022-05-09,2022-05-10,138.6577,2022-05-13,128.9517,STOP,7,-67.9423,19.89,-87.8323,-0.090295,-0.0972,0.0,4,False
high_52w,KSB,2022-05-09,2022-05-10,255.709,2022-05-12,237.8094,STOP,3,-53.6989,19.0598,-72.7587,-0.094639,-0.076175,0.0,3,False
high_52w,VBL,2022-05-09,2022-05-10,140.3002,2022-05-31,139.1151,TIME,7,-8.2956,20.06,-28.3556,-0.028809,-0.033318,0.074613,16,False
high_52w,SUNPHARMA,2022-05-09,2022-05-10,849.002,2022-05-17,855.4774,MOMENTUM_FAIL,1,6.4755,19.5281,-13.0526,-0.015341,-0.056271,0.011977,6,False
high_52w,M&M,2022-05-09,2022-05-10,854.7505,2022-05-17,869.5485,MOMENTUM_FAIL,1,14.7979,19.5693,-4.7713,-0.00557,-0.046465,0.024238,6,False
high_52w,IOC,2022-05-09,2022-05-10,66.0058,2022-05-17,66.0058,MOMENTUM_FAIL,15,0.0,20.1106,-20.1106,-0.020268,-0.044614,0.012862,6,False
high_52w,BHARTIARTL,2022-05-09,2022-05-10,686.2661,2022-05-17,682.4536,MOMENTUM_FAIL,1,-3.8126,18.82,-22.6325,-0.032907,-0.044093,0.033755,6,False
high_52w,UPL,2022-05-09,2022-05-10,753.8391,2022-05-17,777.9676,MOMENTUM_FAIL,1,24.1285,19.1622,4.9663,0.006574,-0.049242,0.034975,6,False
high_52w,ADANIPOWER,2022-05-09,2022-05-10,54.49,2022-05-12,50.0,GAP_STOP,18,-80.82,19.9069,-100.7269,-0.102473,-0.109745,0.020371,3,False
high_52w,BLS,2022-05-09,2022-05-10,82.8774,2022-05-13,77.0759,STOP,12,-69.617,19.9876,-89.6046,-0.089901,-0.1,0.029586,4,False
high_52w,BANDHANBNK,2022-05-16,2022-05-17,331.1996,2022-05-19,308.0156,STOP,3,-69.5519,19.9838,-89.5357,-0.089916,-0.09402,0.011844,3,False
high_52w,VBL,2022-05-16,2022-05-17,146.1597,2022-05-24,146.0346,MOMENTUM_FAIL,6,-0.7505,19.6314,-20.3819,-0.023191,-0.055991,0.016847,6,False
high_52w,EMBASSY,2022-05-16,2022-05-17,283.0753,2022-05-24,289.2199,MOMENTUM_FAIL,3,18.4339,19.5534,-1.1195,-0.001315,-2.7e-05,0.035202,6,False
high_52w,POWERGRID,2022-05-16,2022-05-17,146.7353,2022-05-24,141.8004,MOMENTUM_FAIL,6,-29.6094,19.5872,-49.1966,-0.055757,-0.056407,0.014261,6,False
high_52w,COROMANDEL,2022-05-16,2022-05-17,863.6732,2022-06-07,909.938,TIME,1,46.2647,19.671,26.5937,0.030724,-0.019123,0.100369,16,False
high_52w,KSB,2022-05-16,2022-05-17,257.4914,2022-06-07,271.7111,TIME,3,42.6591,19.2786,23.3805,0.030201,0.0,0.158597,16,False
high_52w,UPL,2022-05-16,2022-05-17,769.0681,2022-05-24,754.3625,MOMENTUM_FAIL,1,-14.7056,19.1474,-33.853,-0.043922,-0.030136,0.024752,6,False
high_52w,ITC,2022-05-16,2022-05-17,205.6071,2022-06-07,226.2309,TIME,4,82.4951,19.5706,62.9245,0.076344,0.0,0.107939,16,False
high_52w,M&M,2022-05-16,2022-05-17,865.9206,2022-06-07,995.3315,TIME,1,129.4109,19.8498,109.5611,0.12625,-0.029603,0.166428,16,False
high_52w,SUNPHARMA,2022-05-16,2022-05-17,844.3493,2022-06-07,813.7468,TIME,1,-30.6025,19.4329,-50.0354,-0.05913,-0.054025,0.058115,16,False
high_52w,TDPOWERSYS,2022-05-16,2022-05-17,44.0549,2022-05-24,44.2069,MOMENTUM_FAIL,22,3.3452,20.0292,-16.684,-0.017177,-0.058116,0.035404,6,False
high_52w,HAL,2022-05-16,2022-05-17,765.7953,2022-06-01,900.3532,TARGET,1,134.5579,19.4375,115.1204,0.15,0.0,0.193503,12,False
high_52w,BIRET,2022-05-16,2022-05-17,226.9377,2022-06-07,251.4861,TIME,4,98.1935,19.9629,78.2307,0.085993,0.0,0.124947,16,False
high_52w,GESHIP,2022-05-16,2022-05-17,336.9104,2022-06-07,340.6334,TIME,2,7.446,18.7903,-11.3443,-0.016799,-0.01829,0.130446,16,False
high_52w,HAL,2022-05-23,2022-05-24,862.3489,2022-05-31,871.1395,MOMENTUM_FAIL,1,8.7905,19.5891,-10.7986,-0.012495,-0.062618,0.028713,6,False
high_52w,BLS,2022-05-23,2022-05-24,96.5104,2022-05-31,91.6064,MOMENTUM_FAIL,10,-49.0399,19.9053,-68.9451,-0.071282,-0.0625,0.0,6,False
high_52w,KSB,2022-05-23,2022-05-24,289.8773,2022-05-31,265.4141,MOMENTUM_FAIL,3,-73.3898,19.4525,-92.8423,-0.106528,-0.110676,0.013514,6,False
high_52w,BIRET,2022-05-23,2022-05-24,246.0543,2022-05-31,241.5898,MOMENTUM_FAIL,4,-17.8583,20.0494,-37.9077,-0.038432,-0.029588,0.037547,6,False
high_52w,COROMANDEL,2022-05-23,2022-05-24,906.4609,2022-05-31,912.6425,MOMENTUM_FAIL,1,6.1816,19.7701,-13.5885,-0.014958,-0.065423,0.045285,6,False
high_52w,ITC,2022-05-23,2022-05-24,221.7331,2022-05-31,223.5465,MOMENTUM_FAIL,4,7.2535,19.6898,-12.4363,-0.013991,-0.017152,0.022519,6,False
high_52w,EMBASSY,2022-05-23,2022-05-24,290.2785,2022-06-14,298.2182,TIME,3,23.8191,19.6556,4.1635,0.004771,-0.015856,0.075449,16,False
high_52w,M&M,2022-05-23,2022-05-24,906.0183,2022-06-14,973.0867,TIME,1,67.0683,19.8922,47.1761,0.051956,-0.036038,0.114805,16,False
high_52w,SUNPHARMA,2022-05-23,2022-05-24,890.2529,2022-05-31,825.5944,MOMENTUM_FAIL,1,-64.6585,19.5574,-84.2159,-0.094391,-0.082759,0.0,6,False
high_52w,CHENNPETRO,2022-05-23,2022-05-24,258.8054,2022-05-26,240.2028,GAP_STOP,3,-55.8077,19.0947,-74.9025,-0.096262,-0.0974,0.0,3,False
high_52w,MRPL,2022-05-23,2022-05-24,80.7534,2022-05-26,75.1006,STOP,12,-67.8328,19.8836,-87.7164,-0.090321,-0.096716,0.0,3,False
high_52w,GESHIP,2022-05-23,2022-05-24,359.2912,2022-05-31,339.906,MOMENTUM_FAIL,2,-38.7705,18.8852,-57.6557,-0.08006,-0.068604,0.032515,6,False
high_52w,PETRONET,2022-05-23,2022-05-24,188.1494,2022-05-31,189.6539,MOMENTUM_FAIL,5,7.5226,19.9176,-12.395,-0.013147,-0.044869,0.012217,6,False
high_52w,VBL,2022-05-23,2022-05-24,143.3945,2022-05-31,139.1151,MOMENTUM_FAIL,6,-25.6766,19.5106,-45.1871,-0.052406,-0.040955,0.028191,6,False
high_52w,GRSE,2022-05-23,2022-05-24,298.9384,2022-05-25,278.0127,STOP,3,-62.7771,19.5889,-82.366,-0.091642,-0.178961,0.0,2,False
high_52w,UPL,2022-05-23,2022-05-24,750.9836,2022-05-26,698.4148,STOP,1,-52.5689,18.994,-71.5628,-0.095084,-0.070913,0.011407,3,False
high_52w,M&M,2022-05-30,2022-05-31,952.7514,2022-06-21,952.7514,TIME,1,0.0,19.9529,-19.9529,-0.020897,-0.018889,0.060123,16,False
high_52w,EIDPARRY,2022-05-30,2022-05-31,547.6959,2022-06-03,509.3572,STOP,1,-38.3387,18.1646,-56.5033,-0.10294,-0.072936,0.0,4,False
high_52w,ADANIPOWER,2022-05-30,2022-05-31,64.65,2022-06-02,58.35,GAP_STOP,15,-94.5,19.8323,-114.3323,-0.117642,-0.097448,0.0,3,False
high_52w,HAL,2022-05-30,2022-05-31,863.4151,2022-06-21,855.4065,TIME,1,-8.0087,19.5594,-27.5681,-0.031859,-0.066959,0.082629,16,False
high_52w,BIRET,2022-05-30,2022-05-31,252.5899,2022-06-07,251.4861,MOMENTUM_FAIL,3,-3.3114,19.1229,-22.4343,-0.029541,-0.034483,0.010702,6,False
high_52w,ITC,2022-05-30,2022-05-31,222.225,2022-06-07,226.2309,MOMENTUM_FAIL,4,16.0237,19.716,-3.6923,-0.004145,-0.00446,0.025088,6,False
high_52w,EMBASSY,2022-05-30,2022-05-31,292.764,2022-06-07,302.9898,MOMENTUM_FAIL,3,30.6772,19.701,10.9762,0.01247,0.0,0.042553,6,False
high_52w,COROMANDEL,2022-05-30,2022-05-31,918.5342,2022-06-07,909.938,MOMENTUM_FAIL,1,-8.5962,19.791,-28.3872,-0.030837,-0.038906,0.034648,6,False
high_52w,PHOENIXLTD,2022-05-30,2022-05-31,565.7799,2022-06-07,555.0502,MOMENTUM_FAIL,1,-10.7297,18.2971,-29.0269,-0.051192,-0.051682,0.035652,6,False
high_52w,VBL,2022-05-30,2022-05-31,143.5131,2022-06-21,145.903,TIME,6,14.3394,19.5951,-5.2556,-0.00609,-0.034774,0.108725,16,False
high_52w,ELECON,2022-06-06,2022-06-07,122.1265,2022-06-23,143.035,TARGET,8,167.2682,20.396,146.8722,0.15,-0.058621,0.17127,13,False
high_52w,OIL,2022-06-06,2022-06-07,153.6421,2022-06-16,142.8871,STOP,6,-64.5297,19.6911,-84.2207,-0.091161,-0.08405,0.096774,8,False
high_52w,ITC,2022-06-06,2022-06-07,225.6527,2022-06-14,219.2515,MOMENTUM_FAIL,4,-25.6048,19.6891,-45.2939,-0.050072,-0.037335,0.004392,6,False
high_52w,SUMICHEM,2022-06-06,2022-06-07,473.2463,2022-06-13,440.0703,GAP_STOP,2,-66.352,19.7914,-86.1434,-0.090815,-0.104536,0.0,5,False
high_52w,BIRET,2022-06-06,2022-06-07,251.5311,2022-06-14,250.4499,MOMENTUM_FAIL,3,-3.2437,19.1096,-22.3534,-0.029558,-0.014896,0.014358,6,False
high_52w,COROMANDEL,2022-06-06,2022-06-07,925.1503,2022-06-14,911.0004,MOMENTUM_FAIL,1,-14.1499,19.8076,-33.9575,-0.036625,-0.068539,0.0,6,False
high_52w,M&M,2022-06-06,2022-06-07,987.9325,2022-06-14,973.0867,MOMENTUM_FAIL,1,-14.8458,20.0713,-34.9171,-0.035266,-0.035031,0.021405,6,False
high_52w,HAL,2022-06-06,2022-06-07,905.97,2022-06-14,892.7248,MOMENTUM_FAIL,1,-13.2452,19.7284,-32.9736,-0.036317,-0.047782,0.0,6,False
high_52w,EMBASSY,2022-06-06,2022-06-07,299.1772,2022-06-14,298.2182,MOMENTUM_FAIL,3,-2.8769,19.7139,-22.5908,-0.025115,-0.012693,0.043461,6,False
high_52w,HBLENGINE,2022-06-06,2022-06-07,98.2887,2022-06-13,91.4085,STOP,10,-68.8021,19.9401,-88.7422,-0.09009,-0.127199,0.008044,5,False
high_52w,DEEPAKFERT,2022-06-06,2022-06-07,654.1172,2022-06-14,606.7485,MOMENTUM_FAIL,1,-47.3687,18.5955,-65.9642,-0.100625,-0.082824,0.044905,6,False
high_52w,PETRONET,2022-06-06,2022-06-07,188.8599,2022-06-14,179.2476,MOMENTUM_FAIL,5,-48.0613,19.8194,-67.8807,-0.071728,-0.054216,0.026776,6,False
high_52w,VBL,2022-06-06,2022-06-07,145.9425,2022-06-28,154.0504,TIME,6,48.6474,19.7265,28.9209,0.032956,-0.024225,0.090269,16,False
high_52w,BEL,2022-06-06,2022-06-07,78.2858,2022-06-14,76.806,MOMENTUM_FAIL,12,-17.7575,19.8605,-37.618,-0.039956,-0.048577,0.018089,6,False
high_52w,GALLANTT,2022-06-06,2022-06-07,80.2555,2022-06-07,74.6376,STOP,12,-67.4146,19.8592,-87.2738,-0.090423,0.0,0.0,1,False
high_52w,EMBASSY,2022-06-13,2022-06-14,309.5333,2022-06-15,287.8659,STOP,3,-65.002,19.7186,-84.7206,-0.091036,-0.075465,0.0,2,False
high_52w,BIRET,2022-06-13,2022-06-14,252.1994,2022-06-21,240.6061,MOMENTUM_FAIL,3,-34.7799,19.0539,-53.8338,-0.070997,-0.049512,0.0,6,False
high_52w,VBL,2022-06-13,2022-06-14,147.3448,2022-07-05,157.0921,TIME,6,58.4837,19.782,38.7017,0.043681,-0.033512,0.085791,16,False
high_52w,ITC,2022-06-13,2022-06-14,217.3931,2022-06-21,222.927,MOMENTUM_FAIL,4,22.1358,19.6468,2.489,0.002856,-0.017667,0.029065,6,False
high_52w,HAL,2022-06-13,2022-06-14,876.6601,2022-06-20,815.2939,STOP,1,-61.3662,19.5067,-80.8729,-0.09205,-0.081056,0.066272,5,False
high_52w,ELGIEQUIP,2022-06-13,2022-06-14,389.9473,2022-06-16,362.651,STOP,2,-54.5926,19.1119,-73.7045,-0.0943,-0.080101,0.045214,3,False
high_52w,M&M,2022-06-13,2022-06-14,954.7085,2022-06-21,952.7514,MOMENTUM_FAIL,1,-1.9571,19.9572,-21.9144,-0.022904,-0.0209,0.0393,6,False
high_52w,COROMANDEL,2022-06-13,2022-06-14,887.6266,2022-07-05,917.2302,TIME,1,29.6037,19.7382,9.8654,0.01109,-0.034004,0.088031,16,False
high_52w,OIL,2022-06-13,2022-06-14,156.7534,2022-06-14,145.7807,STOP,6,-65.8364,19.7672,-85.6037,-0.090819,0.0,0.0,1,False
high_52w,TVSMOTOR,2022-06-13,2022-06-14,731.4347,2022-06-21,732.2216,MOMENTUM_FAIL,1,0.7869,19.0201,-18.2331,-0.024873,-0.02777,0.030594,6,False
high_52w,PHOENIXLTD,2022-06-13,2022-06-14,540.2069,2022-06-16,502.3924,STOP,1,-37.8145,18.134,-55.9485,-0.103343,-0.091927,0.04578,3,False
high_52w,BLS,2022-06-13,2022-06-14,91.4103,2022-06-16,107.1629,TARGET,10,157.5257,20.1105,137.4152,0.15,0.0,0.173015,3,False
high_52w,COALINDIA,2022-06-13,2022-06-14,136.1165,2022-06-20,126.5883,STOP,7,-66.6971,19.8174,-86.5145,-0.090601,-0.075886,0.025119,5,False
high_52w,ELECON,2022-06-13,2022-06-14,121.3818,2022-06-23,142.175,TARGET,8,166.3456,20.3689,145.9766,0.15,-0.052846,0.178455,8,False
high_52w,EIDPARRY,2022-06-13,2022-06-14,512.1388,2022-06-17,476.2891,STOP,1,-35.8497,18.0195,-53.8692,-0.104955,-0.077905,0.052667,4,False
high_52w,APARINDS,2022-06-20,2022-06-21,959.977,2022-06-21,892.7786,STOP,1,-67.1984,19.8466,-87.045,-0.090476,0.0,0.0,1,False
high_52w,ITC,2022-06-20,2022-06-21,218.8798,2022-06-28,224.5377,MOMENTUM_FAIL,4,22.6314,19.6729,2.9585,0.003372,-0.009811,0.027359,6,False
high_52w,BIRET,2022-06-20,2022-06-21,242.1529,2022-06-28,248.0096,MOMENTUM_FAIL,4,23.4267,20.0676,3.3591,0.00346,-0.010822,0.044341,6,False
high_52w,BLS,2022-06-20,2022-06-21,103.4005,2022-06-22,96.1625,STOP,9,-65.1423,19.7268,-84.8691,-0.090999,-0.090586,0.0,2,False
high_52w,VBL,2022-06-20,2022-06-21,149.9125,2022-06-28,154.0504,MOMENTUM_FAIL,6,24.8273,19.7785,5.0488,0.005601,-0.040712,0.03913,6,False
high_52w,M&M,2022-06-20,2022-06-21,938.1921,2022-07-08,1131.2817,TARGET,1,193.0896,20.2846,172.805,0.183788,-0.010227,0.215936,14,False
high_52w,COROMANDEL,2022-06-20,2022-06-21,874.1046,2022-07-12,948.1379,TIME,1,74.0333,19.7716,54.2617,0.061941,0.0,0.120276,16,False
high_52w,ELECON,2022-06-20,2022-06-21,122.3687,2022-07-06,143.3147,TARGET,8,167.5682,20.4048,147.1635,0.15,0.0,0.185282,12,False
high_52w,EMBASSY,2022-06-20,2022-06-21,285.369,2022-06-28,281.5027,MOMENTUM_FAIL,3,-11.5991,19.5213,-31.1204,-0.036272,-0.018414,0.013441,6,False
high_52w,PHOENIXLTD,2022-06-20,2022-06-21,532.7976,2022-07-11,631.2722,TARGET,1,98.4746,18.3802,80.0944,0.15,0.0,0.186828,15,False
high_52w,TVSMOTOR,2022-06-20,2022-06-21,719.2867,2022-07-01,846.6421,TARGET,1,127.3554,19.2265,108.1289,0.15,0.0,0.212034,9,False
high_52w,BEL,2022-06-20,2022-06-21,73.1463,2022-06-28,75.2467,MOMENTUM_FAIL,13,27.3046,20.0007,7.3038,0.007664,-0.020883,0.049815,6,False
high_52w,TVSMOTOR,2022-06-27,2022-06-28,785.83,2022-07-19,865.7508,TIME,1,79.9208,19.4109,60.51,0.076833,0.0,0.112405,16,False
high_52w,ITC,2022-06-27,2022-06-28,222.1011,2022-07-19,243.3283,TIME,4,84.9089,19.8541,65.0548,0.073067,0.0,0.104314,16,False
high_52w,VBL,2022-06-27,2022-06-28,153.6553,2022-07-05,157.0921,MOMENTUM_FAIL,6,20.6204,19.8648,0.7556,0.000818,-0.010155,0.041198,6,False
high_52w,COROMANDEL,2022-06-27,2022-06-28,908.0063,2022-07-19,972.6158,TIME,1,64.6096,19.8956,44.714,0.049137,-0.012871,0.091062,16,False
high_52w,BIRET,2022-06-27,2022-06-28,243.9174,2022-07-05,245.0436,MOMENTUM_FAIL,4,4.5051,20.0589,-15.5538,-0.015907,-0.018316,0.031245,6,False
high_52w,PHOENIXLTD,2022-06-27,2022-06-28,563.079,2022-07-19,618.4625,TIME,1,55.3835,18.4203,36.9631,0.065501,-0.002597,0.123003,16,False
high_52w,BLS,2022-06-27,2022-06-28,99.8942,2022-07-05,98.7417,MOMENTUM_FAIL,9,-10.3719,19.7051,-30.0769,-0.033381,-0.064065,0.011291,6,False
high_52w,BEL,2022-06-27,2022-06-28,76.2014,2022-07-05,72.9394,MOMENTUM_FAIL,13,-42.405,20.0265,-62.4315,-0.062885,-0.052203,0.0,6,False
high_52w,ELGIEQUIP,2022-06-27,2022-06-28,382.7279,2022-06-30,355.9369,STOP,2,-53.5819,19.053,-72.6349,-0.094684,-0.088669,0.008597,3,False
high_52w,KSB,2022-06-27,2022-06-28,273.6599,2022-07-19,281.279,TIME,3,22.8572,19.4431,3.4141,0.00415,0.0,0.162253,16,False
high_52w,TDPOWERSYS,2022-06-27,2022-06-28,47.0321,2022-06-30,43.7399,STOP,21,-69.1372,19.9596,-89.0968,-0.090012,-0.077693,0.02409,3,False
high_52w,ASHOKLEY,2022-06-27,2022-06-28,63.6187,2022-07-19,66.6818,TIME,15,45.9469,20.053,25.8939,0.027075,0.0,0.063543,16,False
high_52w,ITC,2022-07-04,2022-07-05,242.0067,2022-07-12,241.759,MOMENTUM_FAIL,4,-0.991,20.0154,-21.0064,-0.021653,-0.02628,0.013481,6,False
high_52w,COROMANDEL,2022-07-04,2022-07-05,951.5666,2022-07-12,948.1379,MOMENTUM_FAIL,1,-3.4287,19.941,-23.3697,-0.024506,-0.035018,0.02908,6,False
high_52w,VBL,2022-07-04,2022-07-05,155.2651,2022-07-26,173.4462,TIME,6,109.0867,20.0857,89.001,0.095328,0.0,0.158377,16,False
high_52w,KSB,2022-07-04,2022-07-05,288.3104,2022-07-26,280.5445,TIME,3,-23.2978,19.5347,-42.8325,-0.049413,-0.03125,0.103193,16,False
high_52w,BIRET,2022-07-04,2022-07-05,243.8047,2022-07-12,243.204,MOMENTUM_FAIL,4,-2.4029,20.0429,-22.4458,-0.022966,-0.009547,0.022174,6,False
high_52w,TVSMOTOR,2022-07-04,2022-07-05,826.2084,2022-07-12,834.9628,MOMENTUM_FAIL,1,8.7544,19.4365,-10.682,-0.012901,-0.029585,0.022323,6,False
high_52w,PHOENIXLTD,2022-07-04,2022-07-05,578.8638,2022-07-26,600.1252,TIME,1,21.2614,18.4175,2.8439,0.004902,-0.019264,0.09238,16,False
high_52w,ASHOKLEY,2022-07-04,2022-07-05,65.8093,2022-07-12,64.7705,MOMENTUM_FAIL,15,-15.5829,20.0664,-35.6493,-0.036035,-0.022649,0.02814,6,False
high_52w,PETRONET,2022-07-04,2022-07-05,186.5063,2022-07-26,192.3932,TIME,5,29.4347,19.9275,9.5072,0.010173,-0.023102,0.05215,16,False
high_52w,JWL,2022-07-04,2022-07-05,61.9506,2022-07-05,57.6141,STOP,16,-69.3847,19.9741,-89.3587,-0.089955,0.0,0.0,1,False
high_52w,HSCL,2022-07-11,2022-07-12,88.7916,2022-07-15,82.5762,STOP,11,-68.3695,19.9149,-88.2844,-0.090193,-0.078212,0.030167,4,False
high_52w,ELECON,2022-07-11,2022-07-12,156.2915,2022-07-25,183.1561,TARGET,6,161.1876,20.2178,140.9698,0.15,-0.051934,0.243725,10,False
high_52w,SUMICHEM,2022-07-11,2022-07-12,479.979,2022-07-19,468.3187,MOMENTUM_FAIL,2,-23.3207,19.9359,-43.2566,-0.044963,-0.028359,0.015654,6,False
high_52w,VBL,2022-07-11,2022-07-12,169.1206,2022-07-19,173.6338,MOMENTUM_FAIL,5,22.5658,19.5465,3.0193,0.003563,-0.045022,0.032701,6,False
high_52w,ITC,2022-07-11,2022-07-12,242.0067,2022-07-19,243.3283,MOMENTUM_FAIL,4,5.2862,20.0282,-14.742,-0.015196,-0.01314,0.011433,6,False
high_52w,PHOENIXLTD,2022-07-11,2022-07-12,623.4681,2022-07-19,618.4625,MOMENTUM_FAIL,1,-5.0056,18.5524,-23.5579,-0.037703,-0.04992,0.006956,6,False
high_52w,COROMANDEL,2022-07-11,2022-07-12,959.1487,2022-07-19,972.6158,MOMENTUM_FAIL,1,13.4672,20.0074,-6.5402,-0.006804,-0.027743,0.032886,6,False
high_52w,TDPOWERSYS,2022-07-11,2022-07-12,50.2742,2022-08-02,55.8558,TIME,19,106.0515,20.1793,85.8722,0.089703,-0.032195,0.148976,16,False
high_52w,TITAGARH,2022-07-11,2022-07-12,123.3587,2022-08-02,126.1487,TIME,8,22.32,20.1425,2.1776,0.002202,-0.03433,0.094911,16,False
high_52w,M&MFIN,2022-07-11,2022-07-12,180.9506,2022-07-19,187.1778,MOMENTUM_FAIL,5,31.1361,19.8137,11.3225,0.012487,-0.029177,0.043641,6,False
high_52w,BLS,2022-07-18,2022-07-19,117.2052,2022-08-10,114.9739,TIME,8,-17.8504,19.8528,-37.7032,-0.040123,-0.039749,0.07908,16,False
high_52w,ITC,2022-07-18,2022-07-19,243.6587,2022-07-26,249.8121,MOMENTUM_FAIL,4,24.6136,20.0955,4.5181,0.004626,-0.004746,0.029661,6,False
high_52w,COROMANDEL,2022-07-18,2022-07-19,971.7898,2022-07-26,974.025,MOMENTUM_FAIL,1,2.2351,20.0379,-17.8028,-0.01828,-0.00695,0.045,6,False
high_52w,TVSMOTOR,2022-07-18,2022-07-19,856.2586,2022-07-26,850.3076,MOMENTUM_FAIL,1,-5.951,19.5334,-25.4844,-0.029698,-0.011488,0.032395,6,False
high_52w,M&MFIN,2022-07-18,2022-07-19,183.8386,2022-07-29,170.9699,STOP,5,-64.3435,19.6802,-84.0237,-0.091211,-0.071206,0.061122,9,False
high_52w,ELECON,2022-07-18,2022-07-19,157.6237,2022-07-25,184.6946,TARGET,6,162.4256,20.2541,142.1715,0.15,-0.053999,0.233213,5,False
high_52w,BEL,2022-07-18,2022-07-19,80.7044,2022-08-10,91.9602,TIME,12,135.0702,20.2943,114.7759,0.118256,-0.002366,0.143038,16,False
high_52w,PETRONET,2022-07-18,2022-07-19,191.5401,2022-07-26,192.3932,MOMENTUM_FAIL,5,4.2659,19.9825,-15.7167,-0.016375,-0.013586,0.024053,6,False
high_52w,ELECON,2022-07-25,2022-07-26,183.553,2022-08-02,175.2635,MOMENTUM_FAIL,5,-41.4474,19.7208,-61.1682,-0.066504,-0.074059,0.015995,6,False
high_52w,BEL,2022-07-25,2022-07-26,86.1621,2022-08-18,92.3922,TIME,11,68.5309,20.0715,48.4594,0.051018,-0.012927,0.098116,16,False
high_52w,ITC,2022-07-25,2022-07-26,248.6144,2022-08-18,260.7147,TIME,4,48.4011,20.2276,28.1735,0.028269,-0.001329,0.051993,16,False
high_52w,GESHIP,2022-07-25,2022-07-26,397.9762,2022-08-18,447.6451,TIME,2,99.3377,19.4931,79.8445,0.100094,-0.035699,0.156748,16,False
high_52w,BLS,2022-07-25,2022-07-26,124.1934,2022-07-28,115.4999,STOP,8,-69.5483,19.9836,-89.5319,-0.089917,-0.07996,0.0,3,False
high_52w,PETRONET,2022-07-25,2022-07-26,194.3982,2022-08-02,190.4309,MOMENTUM_FAIL,5,-19.8365,19.9938,-39.8303,-0.040889,-0.040158,0.000219,6,False
high_52w,TITAGARH,2022-07-25,2022-07-26,131.6291,2022-08-02,126.1487,MOMENTUM_FAIL,7,-38.3629,19.7425,-58.1054,-0.062924,-0.060939,0.003028,6,False
high_52w,FEDERALBNK,2022-07-25,2022-07-26,105.0231,2022-08-02,108.3463,MOMENTUM_FAIL,9,29.9088,19.982,9.9268,0.010479,-0.022336,0.04188,6,False
high_52w,M&MFIN,2022-07-25,2022-07-26,190.9442,2022-07-28,177.5781,STOP,5,-66.8305,19.8252,-86.6556,-0.090567,-0.077644,0.003365,3,False
high_52w,EIDPARRY,2022-07-25,2022-07-26,551.6467,2022-08-02,543.5013,MOMENTUM_FAIL,1,-8.1454,18.2427,-26.3881,-0.047731,-0.030946,0.004156,6,False
high_52w,COROMANDEL,2022-07-25,2022-07-26,996.9106,2022-08-02,1014.7429,MOMENTUM_FAIL,1,17.8323,20.1757,-2.3434,-0.002346,-0.027343,0.048009,6,False
high_52w,GESHIP,2022-08-01,2022-08-02,431.3549,2022-08-25,467.7095,TIME,2,72.7091,19.7208,52.9883,0.061287,-0.002083,0.14483,16,False
high_52w,BEL,2022-08-01,2022-08-02,90.9834,2022-08-10,91.9602,MOMENTUM_FAIL,10,9.7687,19.7916,-10.0229,-0.010992,-0.065233,0.013902,6,False
high_52w,INDHOTEL,2022-08-01,2022-08-02,266.904,2022-08-10,264.7819,MOMENTUM_FAIL,3,-6.3666,19.298,-25.6646,-0.031982,-0.018306,0.024963,6,False
high_52w,ITC,2022-08-01,2022-08-02,256.0481,2022-08-10,257.0392,MOMENTUM_FAIL,3,2.9732,19.1795,-16.2063,-0.021052,-0.020484,0.013226,6,False
high_52w,COALINDIA,2022-08-01,2022-08-02,153.32,2022-08-10,158.2507,MOMENTUM_FAIL,6,29.5841,19.8746,9.7096,0.010532,-0.034038,0.034976,6,False
high_52w,ASTERDM,2022-08-01,2022-08-02,179.107,2022-08-10,168.2692,MOMENTUM_FAIL,5,-54.1889,19.601,-73.7899,-0.082218,-0.070209,0.022138,6,False
high_52w,ASHOKLEY,2022-08-01,2022-08-02,70.2524,2022-08-10,66.8637,MOMENTUM_FAIL,14,-47.4415,19.9863,-67.4279,-0.068407,-0.068631,0.0,6,False
high_52w,LEMONTREE,2022-08-08,2022-08-10,77.0,2022-08-18,73.8,MOMENTUM_FAIL,12,-38.4,19.7534,-58.1533,-0.062799,-0.066883,0.01039,6,False
high_52w,TVSMOTOR,2022-08-08,2022-08-10,944.2452,2022-08-18,958.0654,MOMENTUM_FAIL,1,13.8202,19.9452,-6.1249,-0.006472,-0.010834,0.032241,6,False
high_52w,PHOENIXLTD,2022-08-08,2022-08-10,648.2483,2022-09-02,688.7142,TIME,1,40.466,18.7496,21.7164,0.033427,-0.061927,0.10776,16,False
high_52w,COALINDIA,2022-08-08,2022-08-10,155.3714,2022-09-02,167.3363,TIME,6,71.7895,20.0125,51.777,0.05542,0.0,0.112235,16,False
high_52w,ITC,2022-08-08,2022-08-10,258.6498,2022-08-18,260.7147,MOMENTUM_FAIL,3,6.1947,19.219,-13.0243,-0.016748,-0.027622,0.009101,6,False
high_52w,BIRET,2022-08-08,2022-08-10,252.2895,2022-08-18,257.0416,MOMENTUM_FAIL,3,14.2563,19.1549,-4.8986,-0.006458,-0.039176,0.042403,6,False
high_52w,DEEPAKFERT,2022-08-08,2022-08-10,828.3581,2022-09-02,827.5931,TIME,1,-0.765,19.4261,-20.1911,-0.024322,-0.024943,0.151839,16,False
high_52w,GESHIP,2022-08-08,2022-08-10,448.5964,2022-08-18,447.6451,MOMENTUM_FAIL,2,-1.9026,19.7145,-21.6171,-0.024042,-0.0214,0.021785,6,False
high_52w,CHOLAFIN,2022-08-08,2022-08-10,775.2349,2022-08-18,776.7254,MOMENTUM_FAIL,1,1.4905,19.2064,-17.716,-0.022803,-0.012753,0.02666,6,False
high_52w,BEL,2022-08-08,2022-08-10,90.1684,2022-08-18,92.3922,MOMENTUM_FAIL,11,24.4619,20.1679,4.2941,0.00432,0.0,0.049326,6,False
high_52w,INDHOTEL,2022-08-08,2022-08-10,268.8782,2022-08-18,271.7901,MOMENTUM_FAIL,3,8.7356,19.3538,-10.6182,-0.013135,-0.008994,0.032122,6,False
high_52w,KSB,2022-08-16,2022-08-17,356.4708,2022-09-08,401.725,TIME,2,90.5083,19.1247,71.3837,0.099907,-0.035714,0.145604,16,False
high_52w,NAVA,2022-08-16,2022-08-17,106.0905,2022-08-17,124.2939,TARGET,9,163.8306,20.2953,143.5353,0.15,0.0,0.0,1,False
high_52w,ADANIPOWER,2022-08-16,2022-08-17,73.4,2022-08-22,85.995,TARGET,13,163.7354,20.2925,143.4429,0.15,0.0,0.178474,4,False
high_52w,HOMEFIRST,2022-08-16,2022-08-17,955.1639,2022-08-19,888.3024,STOP,1,-66.8615,19.827,-86.6885,-0.09056,-0.078299,0.0,3,False
high_52w,HSCL,2022-08-16,2022-08-17,100.647,2022-08-24,95.9842,MOMENTUM_FAIL,9,-41.9652,19.6693,-61.6346,-0.067894,-0.053721,0.030064,6,False
high_52w,APOLLOTYRE,2022-08-16,2022-08-17,238.1483,2022-09-08,265.4799,TIME,4,109.3265,20.1749,89.1516,0.093384,-0.051164,0.122592,16,False
high_52w,BEL,2022-08-16,2022-08-17,94.472,2022-08-24,94.088,MOMENTUM_FAIL,10,-3.8397,19.9112,-23.7509,-0.025086,-0.042168,0.019136,6,False
high_52w,TVSMOTOR,2022-08-16,2022-08-17,964.9509,2022-08-24,944.2452,MOMENTUM_FAIL,1,-20.7056,19.9623,-40.6679,-0.042053,-0.057085,0.010652,6,False
high_52w,ICICIBANK,2022-08-16,2022-08-17,853.3024,2022-08-24,845.0771,MOMENTUM_FAIL,1,-8.2253,19.5163,-27.7415,-0.03244,-0.044228,0.006634,6,False
high_52w,ADANIPOWER,2022-08-22,2022-08-23,84.2,2022-08-24,78.08,GAP_STOP,11,-67.3199,19.7038,-87.0237,-0.093753,-0.072684,0.0,2,False
high_52w,ELGIEQUIP,2022-08-22,2022-08-23,461.6399,2022-09-06,541.1134,TARGET,2,158.9469,20.1522,138.7947,0.15,-0.02688,0.205333,10,False
high_52w,TITAGARH,2022-08-22,2022-08-23,147.4724,2022-08-30,172.9713,TARGET,6,152.9931,19.9777,133.0154,0.15,-0.007432,0.175676,6,False
high_52w,ITC,2022-08-22,2022-08-23,258.4847,2022-08-30,264.7207,MOMENTUM_FAIL,3,18.708,19.2424,-0.5344,-0.000688,-0.013101,0.027001,6,False
high_52w,KSB,2022-08-22,2022-08-23,355.0312,2022-09-14,395.9274,TIME,2,81.7924,19.0948,62.6976,0.088106,0.0,0.163462,16,False
high_52w,PHOENIXLTD,2022-08-22,2022-08-23,683.9317,2022-08-30,697.0651,MOMENTUM_FAIL,1,13.1335,18.8446,-5.7112,-0.008332,-0.032029,0.04779,6,False
high_52w,DEEPAKFERT,2022-08-22,2022-08-23,885.5815,2022-09-02,814.1363,GAP_STOP,1,-71.4452,19.5238,-90.9691,-0.102498,-0.087948,0.077411,8,False
high_52w,BEL,2022-08-22,2022-08-23,91.9282,2022-09-12,107.761,TARGET,10,158.3278,20.134,138.1938,0.15,0.0,0.182736,14,False
high_52w,GESHIP,2022-08-22,2022-08-23,450.9315,2022-09-14,466.6718,TIME,2,31.4806,19.8022,11.6784,0.012921,-0.021289,0.119965,16,False
high_52w,TORNTPOWER,2022-08-22,2022-08-23,533.1181,2022-08-30,531.8847,MOMENTUM_FAIL,1,-1.2334,18.1786,-19.412,-0.036333,-0.031705,0.014053,6,False
high_52w,TEJASNET,2022-08-29,2022-08-30,614.4912,2022-09-21,631.6296,TIME,1,17.1384,18.5596,-1.4212,-0.002308,-0.046376,0.105562,16,False
high_52w,CEMPRO,2022-08-29,2022-08-30,104.5776,2022-09-21,114.3284,TIME,9,87.757,20.0829,67.6741,0.071745,-0.003765,0.119529,16,False
high_52w,AEGISLOG,2022-08-29,2022-08-30,285.6343,2022-09-05,265.6399,STOP,3,-59.9832,19.4261,-79.4093,-0.092468,-0.07107,0.015217,4,False
high_52w,COCHINSHIP,2022-08-29,2022-08-30,180.768,2022-09-07,182.4357,MOMENTUM_FAIL,5,8.3385,19.7634,-11.4249,-0.012613,-0.035343,0.024688,6,False
high_52w,TITAGARH,2022-08-29,2022-08-30,165.3087,2022-09-09,153.737,STOP,6,-69.4296,19.9767,-89.4063,-0.089944,-0.070524,0.072333,8,False
high_52w,BEL,2022-08-29,2022-08-30,99.6076,2022-09-21,104.1032,TIME,10,44.9561,20.2274,24.7287,0.024772,-0.017025,0.104883,16,False
high_52w,INDHOTEL,2022-08-29,2022-08-30,280.5257,2022-09-15,329.2903,TARGET,3,146.2939,19.7814,126.5125,0.15,-0.007917,0.180331,12,False
high_52w,COALINDIA,2022-08-29,2022-08-30,169.1607,2022-09-07,174.3056,MOMENTUM_FAIL,5,25.7244,19.5537,6.1706,0.00728,-0.01553,0.032355,6,False
high_52w,RITES,2022-08-29,2022-08-30,128.7458,2022-09-07,129.1535,MOMENTUM_FAIL,7,2.8541,19.7412,-16.887,-0.018697,-0.0125,0.048833,6,False
high_52w,ELGIEQUIP,2022-08-29,2022-08-30,490.3477,2022-09-21,456.0234,STOP,2,-68.6487,19.9312,-88.5798,-0.090126,-0.072103,0.137979,16,False
high_52w,PHOENIXLTD,2022-08-29,2022-08-30,706.3825,2022-09-07,687.0292,MOMENTUM_FAIL,1,-19.3533,18.8733,-38.2266,-0.053998,-0.044201,0.016593,6,False
high_52w,ITC,2022-08-29,2022-08-30,259.5584,2022-09-21,281.6115,TIME,3,66.1595,19.3526,46.8068,0.05998,0.0,0.098488,16,False
high_52w,PATANJALI,2022-09-05,2022-09-06,429.3643,2022-09-27,436.4779,TIME,2,14.2273,19.5849,-5.3577,-0.006225,-0.048157,0.127213,16,False
high_52w,INDHOTEL,2022-09-05,2022-09-06,306.4363,2022-09-13,313.3458,MOMENTUM_FAIL,3,20.7285,19.8539,0.8745,0.000949,-0.020454,0.030601,6,False
high_52w,WELCORP,2022-09-05,2022-09-06,247.3494,2022-09-13,238.6738,MOMENTUM_FAIL,4,-34.7021,20.037,-54.7391,-0.055205,-0.053001,0.015588,6,False
high_52w,KARURVYSYA,2022-09-05,2022-09-06,58.4331,2022-09-15,68.4213,TARGET,17,169.8002,20.4702,149.3301,0.15,-0.036835,0.213506,8,False
high_52w,CEMPRO,2022-09-05,2022-09-06,113.3868,2022-09-13,112.6486,MOMENTUM_FAIL,8,-5.9055,19.7481,-25.6537,-0.028219,-0.056424,0.032552,6,False
high_52w,ITC,2022-09-05,2022-09-06,272.5673,2022-09-13,276.2015,MOMENTUM_FAIL,3,10.9028,19.4049,-8.5021,-0.010375,-0.014394,0.015152,6,False
high_52w,M&MFIN,2022-09-05,2022-09-06,198.3341,2022-09-23,184.4507,STOP,5,-69.4169,19.9759,-89.3929,-0.089947,-0.111317,0.088174,14,False
high_52w,FEDERALBNK,2022-09-05,2022-09-06,121.8835,2022-09-08,113.3517,STOP,8,-68.2548,19.9082,-88.163,-0.09022,-0.072574,0.0,3,False
high_52w,TRITURBINE,2022-09-05,2022-09-06,229.0998,2022-09-06,213.0628,STOP,4,-64.1479,19.6688,-83.8168,-0.091264,0.0,0.0,1,False
high_52w,TATAINVEST,2022-09-05,2022-09-06,164.3142,2022-09-13,192.4212,TARGET,6,168.6423,20.4362,148.2061,0.15,0.0,0.326549,6,False
high_52w,ELGIEQUIP,2022-09-05,2022-09-06,533.7295,2022-09-13,527.0327,MOMENTUM_FAIL,1,-6.6968,18.17,-24.8668,-0.046489,-0.027586,0.045484,6,False
high_52w,ANANTRAJ,2022-09-05,2022-09-06,95.2027,2022-09-13,90.6361,MOMENTUM_FAIL,10,-45.6654,19.8569,-65.5223,-0.068674,-0.061001,0.032325,6,False
high_52w,BEL,2022-09-05,2022-09-06,105.4151,2022-09-13,107.4469,MOMENTUM_FAIL,9,18.2864,19.9732,-1.6869,-0.001774,-0.011231,0.03688,6,False
high_52w,PCBL,2022-09-05,2022-09-06,130.8663,2022-09-13,125.7554,MOMENTUM_FAIL,7,-35.7764,19.7252,-55.5015,-0.060455,-0.050702,0.0,6,False
high_52w,BANKBARODA,2022-09-05,2022-09-06,119.0227,2022-09-26,110.6911,STOP,8,-66.6527,19.8148,-86.4675,-0.090612,-0.074693,0.066146,15,False
high_52w,TATAINVEST,2022-09-12,2022-09-13,191.0023,2022-09-14,223.7745,TARGET,5,163.861,20.2961,143.5649,0.15,0.0,0.326569,2,False
high_52w,APOLLOTYRE,2022-09-12,2022-09-13,271.405,2022-10-03,252.4066,STOP,3,-56.995,19.2519,-76.247,-0.09344,-0.077465,0.068486,15,False
high_52w,ADANIPORTS,2022-09-12,2022-09-13,927.2304,2022-09-20,950.9992,MOMENTUM_FAIL,1,23.7688,19.8936,3.8752,0.00417,-0.020983,0.044239,6,False
high_52w,BEL,2022-09-12,2022-09-13,108.9508,2022-09-20,105.7831,MOMENTUM_FAIL,9,-28.5095,20.0123,-48.5218,-0.049376,-0.043172,0.010132,6,False
high_52w,LEMONTREE,2022-09-12,2022-09-13,82.75,2022-10-04,91.1,TIME,12,100.2,20.3269,79.8731,0.080261,-0.03142,0.106344,16,False
high_52w,INDIANB,2022-09-12,2022-09-13,187.2515,2022-09-20,185.4859,MOMENTUM_FAIL,5,-8.8283,19.8653,-28.6937,-0.03058,-0.062863,0.003143,6,False
high_52w,KARURVYSYA,2022-09-12,2022-09-13,60.1868,2022-09-15,70.5054,TARGET,16,165.0966,20.3324,144.7642,0.15,0.0,0.178146,3,False
high_52w,ACE,2022-09-12,2022-09-13,314.3964,2022-09-16,292.3886,STOP,3,-66.0232,19.7781,-85.8014,-0.090771,-0.090191,0.0,4,False
high_52w,INDHOTEL,2022-09-12,2022-09-13,312.3093,2022-10-04,339.7993,TIME,3,82.4699,20.0541,62.4158,0.066472,-0.034608,0.096239,16,False
high_52w,SBIN,2022-09-12,2022-09-13,520.2528,2022-09-20,533.3056,MOMENTUM_FAIL,1,13.0528,18.1533,-5.1005,-0.009783,-0.019197,0.033036,6,False
high_52w,ICICIBANK,2022-09-12,2022-09-13,884.4135,2022-09-20,887.123,MOMENTUM_FAIL,1,2.7095,19.6699,-16.9604,-0.019135,-0.020351,0.024837,6,False
high_52w,GABRIEL,2022-09-12,2022-09-13,166.5532,2022-09-16,154.8945,STOP,5,-58.2936,19.3276,-77.6212,-0.093006,-0.076767,0.0,4,False
high_52w,PATANJALI,2022-09-12,2022-09-13,449.0717,2022-09-20,451.4625,MOMENTUM_FAIL,2,4.7814,19.7321,-14.9507,-0.01661,-0.065468,0.005324,6,False
high_52w,ITC,2022-09-12,2022-09-13,273.9714,2022-09-20,277.5231,MOMENTUM_FAIL,3,10.6549,19.4222,-8.7673,-0.010644,-0.007838,0.023817,6,False
high_52w,TARIL,2022-09-19,2022-09-20,25.7632,2022-09-26,23.9598,STOP,38,-68.5302,19.9243,-88.4545,-0.090154,-0.085106,0.121857,5,False
high_52w,AMBUJACEM,2022-09-19,2022-09-20,569.0031,2022-09-21,529.1729,STOP,1,-39.8302,18.2515,-58.0817,-0.101854,-0.079793,0.0,2,False
high_52w,INDIACEM,2022-09-19,2022-09-20,297.0,2022-09-21,276.21,STOP,3,-62.37,19.5652,-81.9352,-0.091758,-0.104377,0.0,2,False
high_52w,FORTIS,2022-09-19,2022-09-20,318.6027,2022-09-22,296.3005,STOP,3,-66.9066,19.8296,-86.7362,-0.090548,-0.219972,0.008568,3,False
high_52w,MAZDOCK,2022-09-19,2022-09-20,223.0092,2022-09-26,207.3985,STOP,4,-62.4426,19.5694,-82.012,-0.091737,-0.102542,0.003016,5,False
high_52w,WELCORP,2022-09-19,2022-09-20,259.2059,2022-10-12,241.0615,STOP,3,-54.4332,19.1026,-73.5359,-0.094359,-0.105243,0.110078,16,False
high_52w,BANKBARODA,2022-09-19,2022-09-20,126.4091,2022-09-23,117.5604,STOP,7,-61.9404,19.5402,-81.4806,-0.091882,-0.078377,0.002449,4,False
high_52w,PGEL,2022-09-19,2022-09-20,104.7701,2022-10-12,105.5991,TIME,9,7.4608,19.9267,-12.4659,-0.013192,-0.068637,0.090467,16,False
high_52w,BHARTIARTL,2022-09-19,2022-09-20,762.7077,2022-09-27,737.4037,MOMENTUM_FAIL,1,-25.304,19.099,-44.4029,-0.058091,-0.042583,0.013093,6,False
high_52w,ITC,2022-09-19,2022-09-20,279.7945,2022-09-27,276.5732,MOMENTUM_FAIL,3,-9.6637,19.4546,-29.1183,-0.034614,-0.020664,0.031882,6,False
high_52w,SBIN,2022-09-19,2022-09-20,536.9288,2022-09-26,499.3438,STOP,1,-37.585,18.1206,-55.7056,-0.103522,-0.077775,0.0,5,False
high_52w,CCL,2022-09-19,2022-09-20,510.6611,2022-09-27,497.4312,MOMENTUM_FAIL,1,-13.2299,18.0593,-31.2892,-0.061138,-0.066578,0.008001,6,False
high_52w,INDIANB,2022-09-19,2022-09-20,185.6217,2022-09-26,172.6282,STOP,5,-64.9676,19.7166,-84.6842,-0.091045,-0.103902,0.004146,5,False
high_52w,ADANIPORTS,2022-09-19,2022-09-20,954.8708,2022-09-26,888.0299,STOP,1,-66.841,19.8258,-86.6668,-0.090565,-0.1221,0.00195,5,False
high_52w,TRITURBINE,2022-09-19,2022-09-20,238.4419,2022-09-26,221.7509,STOP,4,-66.7637,19.8213,-86.585,-0.090584,-0.091692,0.020718,5,False
high_52w,COCHINSHIP,2022-09-19,2022-09-20,190.2574,2022-10-03,222.9142,TARGET,5,163.2842,20.2792,143.005,0.15,-0.000427,0.224676,10,False
high_52w,TARIL,2022-09-26,2022-09-27,27.607,2022-10-11,25.6745,STOP,36,-69.5697,19.9848,-89.5546,-0.089912,-0.07852,0.118231,10,False
high_52w,SJVN,2022-09-26,2022-09-27,28.8615,2022-10-19,29.1802,TIME,34,10.8345,20.0955,-9.2611,-0.009417,-0.055205,0.069401,16,False
high_52w,COCHINSHIP,2022-09-26,2022-09-27,198.1397,2022-10-03,232.0172,TARGET,5,169.3877,20.4581,148.9296,0.15,-0.011364,0.175957,5,False
high_52w,ITC,2022-09-26,2022-09-27,276.6971,2022-10-04,274.9213,MOMENTUM_FAIL,3,-5.3275,19.4242,-24.7517,-0.029753,-0.035075,0.002239,6,False
high_52w,EIHOTEL,2022-09-26,2022-09-27,189.7465,2022-10-04,190.3367,MOMENTUM_FAIL,5,2.951,19.942,-16.991,-0.01787,-0.056247,0.044323,6,False
high_52w,BHARTIARTL,2022-09-26,2022-09-27,735.7071,2022-10-19,759.5083,TIME,1,23.8012,19.085,4.7163,0.006397,-0.005074,0.0763,16,False
high_52w,BIRET,2022-09-26,2022-09-27,247.5893,2022-10-04,244.8527,MOMENTUM_FAIL,4,-10.9466,20.0894,-31.0361,-0.03127,-0.017857,0.018935,6,False
high_52w,SBIN,2022-09-26,2022-09-27,505.8995,2022-10-04,494.8905,MOMENTUM_FAIL,1,-11.009,18.0437,-29.0527,-0.057302,-0.052153,0.0,6,False
high_52w,INDHOTEL,2022-09-26,2022-09-27,315.7641,2022-10-19,317.0473,TIME,3,3.8497,19.9377,-16.088,-0.016946,-0.046577,0.089247,16,False
high_52w,CGPOWER,2022-09-26,2022-09-27,244.9851,2022-10-03,227.8362,STOP,4,-68.5958,19.9281,-88.5239,-0.090139,-0.094355,0.0,5,False
high_52w,COCHINSHIP,2022-10-03,2022-10-04,228.4769,2022-10-27,265.5451,TIME,4,148.2729,20.0908,128.182,0.139951,0.0,0.171992,16,False
high_52w,MAZDOCK,2022-10-03,2022-10-04,249.8164,2022-10-07,293.8252,TARGET,3,132.0265,19.3633,112.6631,0.15,0.0,0.240289,3,False
high_52w,TRITURBINE,2022-10-03,2022-10-04,256.2944,2022-10-12,260.5008,MOMENTUM_FAIL,3,12.6191,19.2023,-6.5832,-0.008543,-0.051527,0.028244,6,False
high_52w,RITES,2022-10-03,2022-10-04,148.6709,2022-10-14,174.3553,TARGET,6,154.1067,20.0103,134.0963,0.15,-0.009784,0.182535,8,False
high_52w,INDHOTEL,2022-10-03,2022-10-04,339.0096,2022-10-12,326.2271,MOMENTUM_FAIL,2,-25.5652,18.7408,-44.306,-0.065204,-0.045713,0.014558,6,False
high_52w,BHARTIARTL,2022-10-03,2022-10-04,788.2057,2022-10-12,751.8978,MOMENTUM_FAIL,1,-36.3079,19.1842,-55.4921,-0.07025,-0.053875,0.003505,6,False
high_52w,LEMONTREE,2022-10-03,2022-10-04,89.0,2022-10-12,86.7,MOMENTUM_FAIL,11,-25.3,20.0123,-45.3123,-0.046183,-0.057303,0.05,6,False
high_52w,TEJASNET,2022-10-03,2022-10-04,687.8276,2022-10-27,685.8845,TIME,1,-1.9431,18.8304,-20.7734,-0.030136,-0.056642,0.119803,16,False
high_52w,SUNPHARMA,2022-10-03,2022-10-04,919.8363,2022-10-12,919.692,MOMENTUM_FAIL,1,-0.1443,19.8137,-19.958,-0.02165,-0.021398,0.006592,6,False
high_52w,LTFOODS,2022-10-03,2022-10-04,115.1142,2022-10-27,131.3994,TIME,8,130.2813,20.0838,110.1975,0.1194,-0.047297,0.147382,16,False
high_52w,KSB,2022-10-03,2022-10-04,411.0578,2022-10-12,401.2255,MOMENTUM_FAIL,2,-19.6646,19.3613,-39.0259,-0.047367,-0.037404,0.0,6,False
high_52w,360ONE,2022-10-03,2022-10-04,440.7018,2022-10-10,409.8526,STOP,2,-61.6982,19.5261,-81.2243,-0.091952,-0.071053,0.0,4,False
high_52w,GRSE,2022-10-03,2022-10-04,348.1767,2022-10-06,410.0786,TARGET,2,123.8038,19.1224,104.6814,0.15,0.0,0.187026,2,False
high_52w,GRANULES,2022-10-03,2022-10-04,346.6282,2022-10-12,338.8266,MOMENTUM_FAIL,2,-15.6032,18.8255,-34.4286,-0.049554,-0.031196,0.023362,6,False
high_52w,EIDPARRY,2022-10-03,2022-10-04,577.4975,2022-10-27,600.1779,TIME,1,22.6804,18.4146,4.2657,0.00737,-0.007686,0.131757,16,False
high_52w,SCHNEIDER,2022-10-03,2022-10-04,185.0,2022-10-12,172.05,STOP,5,-64.75,19.7039,-84.4539,-0.091102,-0.075676,0.050541,6,False
high_52w,GRSE,2022-10-10,2022-10-11,436.1701,2022-11-02,475.0006,TIME,2,77.6611,19.7715,57.8895,0.066216,-0.068863,0.104011,16,False
high_52w,HBLENGINE,2022-10-10,2022-10-11,118.8333,2022-10-12,110.5149,STOP,8,-66.5466,19.8086,-86.3553,-0.090638,-0.087265,0.0,2,False
high_52w,TEJASNET,2022-10-10,2022-10-11,761.7618,2022-10-11,708.4385,STOP,1,-53.3233,19.0379,-72.3613,-0.094785,0.0,0.0,1,False
high_52w,RITES,2022-10-10,2022-10-11,163.2601,2022-10-12,151.8319,STOP,6,-68.5692,19.9265,-88.4958,-0.090145,-0.098271,0.0,2,False
high_52w,COCHINSHIP,2022-10-10,2022-10-11,252.9836,2022-10-18,244.3565,MOMENTUM_FAIL,3,-25.8814,19.0819,-44.9633,-0.059115,-0.061364,0.046936,6,False
high_52w,CIEINDIA,2022-10-10,2022-10-11,308.1649,2022-10-12,286.5934,STOP,3,-64.7146,19.7019,-84.4165,-0.091112,-0.07709,0.0,2,False
high_52w,PHOENIXLTD,2022-10-10,2022-10-11,712.9111,2022-10-18,706.6805,MOMENTUM_FAIL,1,-6.2305,18.9275,-25.1581,-0.035212,-0.068245,0.002786,6,False
high_52w,INOXWIND,2022-10-10,2022-10-11,39.5,2022-10-18,37.8875,MOMENTUM_FAIL,25,-40.3125,20.0176,-60.3301,-0.06096,-0.062975,0.0,6,False
high_52w,SUNPHARMA,2022-10-10,2022-10-11,915.1201,2022-10-18,941.6363,MOMENTUM_FAIL,1,26.5162,19.848,6.6682,0.007271,-0.010254,0.03597,6,False
high_52w,IDFCFIRSTB,2022-10-10,2022-10-11,53.6662,2022-10-18,56.0513,MOMENTUM_FAIL,18,42.933,20.0963,22.8367,0.023589,-0.024074,0.046296,6,False
high_52w,EIDPARRY,2022-10-10,2022-10-11,591.1058,2022-10-18,598.5684,MOMENTUM_FAIL,1,7.4626,18.4411,-10.9786,-0.018532,-0.030531,0.029788,6,False
high_52w,KALYANKJIL,2022-10-10,2022-10-11,100.9637,2022-10-12,93.8962,STOP,9,-63.6071,19.6373,-83.2444,-0.091411,-0.075343,0.0,2,False
high_52w,BHARTIARTL,2022-10-10,2022-10-11,773.1783,2022-10-18,759.266,MOMENTUM_FAIL,1,-13.9123,19.1664,-33.0787,-0.042689,-0.04721,0.0,6,False
high_52w,BLS,2022-10-17,2022-10-18,158.4328,2022-11-09,185.629,TARGET,6,163.1773,20.2761,142.9012,0.15,-0.049574,0.177382,15,False
high_52w,GODFRYPHLP,2022-10-17,2022-10-18,447.8323,2022-10-25,466.8797,MOMENTUM_FAIL,2,38.0948,19.7895,18.3053,0.020393,-0.038125,0.049318,6,False
high_52w,ANANTRAJ,2022-10-17,2022-10-18,108.7038,2022-10-19,101.0945,STOP,9,-68.4834,19.9215,-88.4049,-0.090166,-0.091324,0.0,2,False
high_52w,SUNPHARMA,2022-10-17,2022-10-18,946.8337,2022-10-25,954.3409,MOMENTUM_FAIL,1,7.5073,19.9432,-12.436,-0.013106,-0.019009,0.013825,6,False
high_52w,IDFCFIRSTB,2022-10-17,2022-10-18,55.8526,2022-10-25,56.1507,MOMENTUM_FAIL,17,5.0684,19.9495,-14.8811,-0.015638,-0.004448,0.039146,6,False
high_52w,FEDERALBNK,2022-10-17,2022-10-18,129.8006,2022-10-25,131.169,MOMENTUM_FAIL,7,9.5788,19.786,-10.2073,-0.01121,-0.026355,0.020708,6,False
high_52w,CUB,2022-10-17,2022-10-18,140.9389,2022-10-25,135.1841,MOMENTUM_FAIL,7,-40.2837,20.0137,-60.2975,-0.060985,-0.04982,0.009758,6,False
high_52w,COALINDIA,2022-10-17,2022-10-18,174.0502,2022-10-25,175.1084,MOMENTUM_FAIL,5,5.2909,19.6154,-14.3245,-0.016424,-0.020545,0.018868,6,False
high_52w,TRITURBINE,2022-10-17,2022-10-18,266.3213,2022-11-10,273.8536,TIME,3,22.597,19.3496,3.2474,0.004056,-0.032874,0.12213,16,False
high_52w,BLUESTARCO,2022-10-17,2022-10-18,587.8648,2022-10-25,592.3673,MOMENTUM_FAIL,1,4.5025,18.4214,-13.9189,-0.023625,-0.019148,0.019813,6,False
high_52w,INDIANB,2022-10-17,2022-10-18,187.7043,2022-10-28,219.9657,TARGET,5,161.3073,20.2213,141.086,0.15,0.0,0.191992,8,False
high_52w,KALYANKJIL,2022-10-17,2022-10-18,103.7298,2022-10-25,98.8891,MOMENTUM_FAIL,9,-43.5665,19.7832,-63.3497,-0.06771,-0.052381,0.031429,6,False
high_52w,EIDPARRY,2022-10-17,2022-10-18,603.5435,2022-11-10,609.7866,TIME,1,6.2431,18.4911,-12.248,-0.020249,-0.058348,0.082916,16,False
high_52w,KIRLOSENG,2022-10-17,2022-10-18,279.6639,2022-10-20,260.0874,STOP,3,-58.7294,19.353,-78.0824,-0.092864,-0.074844,0.0,3,False
high_52w,NHPC,2022-10-17,2022-10-18,35.5688,2022-10-27,41.6473,TARGET,28,170.1974,20.4818,149.7156,0.15,-0.006297,0.18136,7,False
high_52w,DEEPAKFERT,2022-10-17,2022-10-18,940.0535,2022-11-02,874.2498,STOP,1,-65.8037,19.7653,-85.5691,-0.090827,-0.079755,0.08589,11,False
high_52w,GRANULES,2022-10-17,2022-10-18,347.517,2022-10-25,350.0353,MOMENTUM_FAIL,2,5.0366,18.875,-13.8384,-0.019867,-0.031543,0.02586,6,False
high_52w,NESTLEIND,2022-10-24,2022-10-25,994.6074,2022-11-02,980.6775,MOMENTUM_FAIL,1,-13.9299,20.1013,-34.0312,-0.034141,-0.042789,0.002801,6,False
high_52w,NHPC,2022-10-24,2022-10-25,38.391,2022-11-17,37.5847,TIME,25,-20.1585,19.9416,-40.1001,-0.04169,-0.038506,0.094516,16,False
high_52w,KPIL,2022-10-24,2022-10-25,451.7157,2022-10-25,420.0956,STOP,2,-63.2402,19.6159,-82.8561,-0.091513,0.0,0.0,1,False
high_52w,AXISBANK,2022-10-24,2022-10-25,902.6109,2022-11-02,860.6046,MOMENTUM_FAIL,1,-42.0063,19.6557,-61.662,-0.068166,-0.048692,0.015734,6,False
high_52w,FEDERALBNK,2022-10-24,2022-10-25,131.8532,2022-11-02,130.1915,MOMENTUM_FAIL,7,-11.6313,19.8035,-31.4349,-0.033984,-0.039288,0.008154,6,False
high_52w,CANBK,2022-10-24,2022-10-25,47.5246,2022-11-17,53.7825,TIME,20,125.1571,20.1983,104.9588,0.110185,0.0,0.162063,16,False
high_52w,BANKBARODA,2022-10-24,2022-10-25,127.6475,2022-11-17,144.8087,TIME,7,120.1285,19.9475,100.1809,0.111873,-0.004851,0.169785,16,False
high_52w,GODFRYPHLP,2022-10-24,2022-10-25,456.4162,2022-11-11,535.0806,TARGET,2,157.3289,20.1047,137.2242,0.15,0.0,0.17853,12,False
high_52w,SUNPHARMA,2022-10-24,2022-10-25,954.726,2022-11-17,975.3229,TIME,1,20.5969,20.0032,0.5937,0.00062,-0.004436,0.079641,16,False
high_52w,BLUESTARCO,2022-10-24,2022-10-25,594.9122,2022-11-02,599.072,MOMENTUM_FAIL,1,4.1599,18.4505,-14.2906,-0.023969,-0.028299,0.047631,6,False
high_52w,COALINDIA,2022-10-24,2022-10-25,175.5097,2022-11-02,179.3775,MOMENTUM_FAIL,5,19.3389,19.6748,-0.3359,-0.000382,-0.006237,0.037838,6,False
high_52w,INDIANB,2022-10-24,2022-10-25,210.1147,2022-11-15,246.6449,TARGET,4,146.1208,19.7763,126.3444,0.15,0.0,0.178625,14,False
high_52w,ICICIBANK,2022-10-24,2022-10-25,911.6053,2022-11-02,875.4624,MOMENTUM_FAIL,1,-36.1429,19.7056,-55.8485,-0.06113,-0.045114,0.0,6,False
high_52w,LTFOODS,2022-10-24,2022-10-25,120.5588,2022-11-04,112.1197,STOP,8,-67.5129,19.865,-87.3779,-0.090399,-0.070161,0.095565,8,False
high_52w,BLS,2022-10-24,2022-10-25,164.397,2022-10-28,152.8893,STOP,6,-69.0468,19.9544,-89.0011,-0.090033,-0.070618,0.0,3,False
high_52w,IDFCFIRSTB,2022-10-24,2022-10-25,58.039,2022-11-02,55.0078,MOMENTUM_FAIL,17,-51.5294,19.9912,-71.5206,-0.072329,-0.056507,0.0,6,False
high_52w,SBIN,2022-10-24,2022-10-25,531.8656,2022-11-02,533.1198,MOMENTUM_FAIL,1,1.2541,18.1783,-16.9242,-0.031751,-0.009607,0.023144,6,False
high_52w,ITC,2022-10-24,2022-10-25,288.6323,2022-11-02,292.9273,MOMENTUM_FAIL,3,12.8851,19.6124,-6.7274,-0.007752,-0.016025,0.019459,6,False
high_52w,INDIANB,2022-10-31,2022-11-01,230.8952,2022-11-23,249.5027,TIME,4,74.4296,19.9813,54.4483,0.058825,-0.054902,0.096078,16,False
high_52w,KARURVYSYA,2022-10-31,2022-11-01,83.2651,2022-11-02,77.4366,STOP,11,-64.1141,19.6669,-83.781,-0.091273,-0.071326,0.0,2,False
high_52w,BHARTIARTL,2022-10-31,2022-11-01,802.7481,2022-11-09,794.071,MOMENTUM_FAIL,1,-8.6771,19.3019,-27.979,-0.034778,-0.028744,0.002415,6,False
high_52w,IIFL,2022-10-31,2022-11-01,411.4926,2022-11-09,395.3461,MOMENTUM_FAIL,2,-32.2931,19.3393,-51.6323,-0.062601,-0.048038,0.018787,6,False
high_52w,SUNPHARMA,2022-10-31,2022-11-01,983.6002,2022-11-09,975.5154,MOMENTUM_FAIL,1,-8.0848,20.0667,-28.1515,-0.028558,-0.011693,0.047947,6,False
high_52w,GRANULES,2022-10-31,2022-11-01,369.3418,2022-11-09,362.8734,MOMENTUM_FAIL,2,-12.9368,19.0227,-31.9596,-0.043171,-0.030882,0.018717,6,False
high_52w,CONCOR,2022-10-31,2022-11-01,756.3755,2022-11-09,766.4574,MOMENTUM_FAIL,1,10.0819,19.1443,-9.0624,-0.011955,-0.020526,0.037234,6,False
high_52w,BLUESTARCO,2022-10-31,2022-11-01,609.2515,2022-11-09,588.085,MOMENTUM_FAIL,1,-21.1665,18.4594,-39.6259,-0.064898,-0.048036,0.0,6,False
high_52w,KPIL,2022-10-31,2022-11-01,461.1265,2022-11-23,494.9086,TIME,2,67.5643,19.9617,47.6025,0.051503,-0.060178,0.109367,16,False
high_52w,UNIONBANK,2022-10-31,2022-11-01,47.9935,2022-11-09,56.2242,TARGET,20,164.6135,20.3182,144.2953,0.15,-0.055351,0.190037,6,False
high_52w,MAXHEALTH,2022-10-31,2022-11-01,455.0163,2022-11-16,423.1651,STOP,2,-63.7023,19.6429,-83.3451,-0.091385,-0.099039,0.054379,11,False
high_52w,BHARATFORG,2022-10-31,2022-11-01,813.2359,2022-11-23,822.7896,TIME,1,9.5537,19.3833,-9.8296,-0.012061,-0.021817,0.074922,16,False
high_52w,RVNL,2022-11-07,2022-11-09,49.798,2022-11-15,58.3082,TARGET,20,170.2027,20.482,149.7208,0.15,-0.061657,0.189788,5,False
high_52w,UNIONBANK,2022-11-07,2022-11-09,52.4652,2022-11-17,61.4304,TARGET,19,170.3387,20.486,149.8528,0.15,0.0,0.196625,7,False
high_52w,SJVN,2022-11-07,2022-11-09,35.5078,2022-11-14,33.0223,STOP,28,-69.5954,19.9863,-89.5817,-0.089906,-0.092308,0.0,4,False
high_52w,BANKBARODA,2022-11-07,2022-11-09,141.1819,2022-11-30,147.0644,TIME,7,41.178,20.1868,20.9912,0.021194,0.0,0.08208,16,False
high_52w,BANKINDIA,2022-11-07,2022-11-09,63.3657,2022-11-25,74.2431,TARGET,15,163.1602,20.2756,142.8846,0.15,0.0,0.187368,13,False
high_52w,GESHIP,2022-11-07,2022-11-09,520.6383,2022-11-10,484.1936,STOP,1,-36.4447,18.0542,-54.4988,-0.104449,-0.076329,0.0,2,False
high_52w,KPIL,2022-11-07,2022-11-09,484.5327,2022-11-16,477.2936,MOMENTUM_FAIL,2,-14.4781,19.9924,-34.4705,-0.035493,-0.041235,0.028884,6,False
high_52w,CANBK,2022-11-07,2022-11-09,54.5264,2022-11-16,53.7475,MOMENTUM_FAIL,18,-14.021,20.0457,-34.0667,-0.034634,-0.03451,0.010915,6,False
high_52w,SBIN,2022-11-07,2022-11-09,576.9232,2022-11-16,557.1815,MOMENTUM_FAIL,1,-19.7418,18.3258,-38.0676,-0.06584,-0.047262,0.0,6,False
high_52w,KIRLOSENG,2022-11-07,2022-11-09,292.649,2022-11-09,272.1635,STOP,3,-61.4563,19.5119,-80.9682,-0.092023,0.0,0.0,1,False
high_52w,RAILTEL,2022-11-07,2022-11-09,126.063,2022-11-11,117.2386,STOP,7,-61.7709,19.5303,-81.3012,-0.091931,-0.075265,0.0,3,False
high_52w,MAZDOCK,2022-11-07,2022-11-09,389.1371,2022-11-30,441.4838,TIME,2,104.6935,19.4294,85.2641,0.109316,-0.065854,0.153684,16,False
high_52w,ACE,2022-11-07,2022-11-09,331.976,2022-11-16,320.4549,MOMENTUM_FAIL,3,-34.5633,20.0649,-54.6282,-0.054732,-0.066567,0.039641,6,False
high_52w,LEMONTREE,2022-11-07,2022-11-09,95.95,2022-11-10,89.2335,STOP,10,-67.165,19.8447,-87.0097,-0.090484,-0.08025,0.0,2,False
high_52w,MAHABANK,2022-11-07,2022-11-09,20.824,2022-11-16,20.2064,MOMENTUM_FAIL,47,-29.0301,20.0035,-49.0337,-0.04999,-0.042373,0.033898,6,False
high_52w,IRCON,2022-11-07,2022-11-09,46.1857,2022-11-16,54.0984,TARGET,21,166.1668,20.3637,145.8031,0.15,-0.050696,0.232604,6,False
high_52w,IRFC,2022-11-07,2022-11-09,22.9827,2022-11-17,26.9132,TARGET,43,169.0098,20.447,148.5628,0.15,-0.028,0.18312,7,False
high_52w,GODFRYPHLP,2022-11-14,2022-11-15,557.6052,2022-12-06,555.1147,TIME,1,-2.4906,18.2794,-20.7699,-0.037167,-0.028007,0.075903,16,False
high_52w,COCHINSHIP,2022-11-14,2022-11-15,316.1702,2022-11-21,294.0383,STOP,3,-66.3957,19.7998,-86.1956,-0.090676,-0.089111,0.026087,5,False
high_52w,IRCON,2022-11-14,2022-11-15,49.5831,2022-11-24,58.0599,TARGET,20,169.5369,20.4625,149.0745,0.15,0.0,0.178704,8,False
high_52w,ACE,2022-11-14,2022-11-15,344.4903,2022-11-16,320.376,STOP,2,-48.2286,18.741,-66.9696,-0.096989,-0.074528,0.0,2,False
high_52w,RVNL,2022-11-14,2022-11-15,53.684,2022-11-24,62.8846,TARGET,18,165.6112,20.3474,145.2637,0.15,0.0,0.247543,8,False
high_52w,KIRLOSBROS,2022-11-14,2022-11-15,395.431,2022-11-22,385.79,MOMENTUM_FAIL,2,-19.2821,19.2301,-38.5122,-0.04859,-0.051872,0.007464,6,False
high_52w,KIMS,2022-11-14,2022-11-15,316.16,2022-11-21,294.0288,STOP,3,-66.3936,19.7997,-86.1933,-0.090677,-0.077018,0.046401,5,False
high_52w,GESHIP,2022-11-14,2022-11-15,531.8812,2022-11-22,552.4138,MOMENTUM_FAIL,1,20.5325,18.2177,2.3149,0.004343,-0.032521,0.046667,6,False
high_52w,AMBUJACEM,2022-11-14,2022-11-15,573.8185,2022-11-22,556.0801,MOMENTUM_FAIL,1,-17.7384,18.3168,-36.0552,-0.062697,-0.040075,0.016441,6,False
high_52w,ELECON,2022-11-14,2022-11-15,223.3229,2022-11-18,207.6903,STOP,4,-62.5304,19.5746,-82.105,-0.091712,-0.103955,0.0,4,False
high_52w,KPIL,2022-11-14,2022-11-15,492.013,2022-11-22,501.7133,MOMENTUM_FAIL,2,19.4005,20.1245,-0.724,-0.000734,-0.048651,0.023247,6,False
high_52w,IDFCFIRSTB,2022-11-14,2022-11-15,57.1445,2022-11-22,56.4489,MOMENTUM_FAIL,17,-11.8264,20.0078,-31.8342,-0.032698,-0.035652,0.010435,6,False
high_52w,IIFL,2022-11-14,2022-11-15,414.9177,2022-12-06,458.8069,TIME,2,87.7785,19.6127,68.1659,0.081965,-0.025708,0.167453,16,False
high_52w,ANANTRAJ,2022-11-14,2022-11-15,114.4616,2022-11-18,106.4493,STOP,8,-64.0985,19.6659,-83.7644,-0.091277,-0.089332,0.027754,4,False
high_52w,EXIDEIND,2022-11-14,2022-11-15,176.5167,2022-11-22,178.0334,MOMENTUM_FAIL,5,7.5832,19.6721,-12.0889,-0.013667,-0.003326,0.042129,6,False
high_52w,BHARTIARTL,2022-11-14,2022-11-15,797.5613,2022-11-22,821.7504,MOMENTUM_FAIL,1,24.1892,19.3469,4.8422,0.006058,0.0,0.046071,6,False
high_52w,MAHABANK,2022-11-21,2022-11-22,25.7653,2022-11-23,23.9617,STOP,38,-68.5357,19.9246,-88.4603,-0.090153,-0.075343,0.0,2,False
high_52w,CENTRALBK,2022-11-21,2022-11-22,25.2524,2022-11-29,24.2403,MOMENTUM_FAIL,39,-39.4689,20.0081,-59.477,-0.060261,-0.051527,0.032443,6,False
high_52w,UNIONBANK,2022-11-21,2022-11-22,67.917,2022-12-09,79.5752,TARGET,14,163.2147,20.2772,142.9375,0.15,-0.027379,0.1897,14,False
high_52w,PNB,2022-11-21,2022-11-22,44.0918,2022-12-06,51.6456,TARGET,22,166.1852,20.3642,145.8209,0.15,0.0,0.198537,11,False
high_52w,IOB,2022-11-21,2022-11-22,23.7,2022-11-24,22.041,STOP,42,-69.678,19.9911,-89.6692,-0.089887,-0.078059,0.014768,3,False
high_52w,IIFL,2022-11-21,2022-11-22,441.6329,2022-12-13,487.0879,TIME,2,90.91,19.8447,71.0654,0.080282,-0.008199,0.125637,16,False
high_52w,BHARTIARTL,2022-11-21,2022-11-22,827.3736,2022-11-29,810.3587,MOMENTUM_FAIL,1,-17.0149,19.3889,-36.4038,-0.043903,-0.021561,0.007734,6,False
high_52w,PFC,2022-11-21,2022-11-22,82.3689,2022-12-08,96.4553,TARGET,12,169.036,20.4478,148.5882,0.15,-0.007163,0.181549,13,False
high_52w,CANBK,2022-11-21,2022-11-22,55.1128,2022-12-13,57.1521,TIME,18,36.7069,20.1935,16.5133,0.01661,-0.006988,0.060664,16,False
high_52w,BANKINDIA,2022-11-21,2022-11-22,69.8135,2022-12-06,81.7653,TARGET,14,167.3265,20.3977,146.9288,0.15,-0.001911,0.208917,11,False
high_52w,GESHIP,2022-11-21,2022-11-22,549.2206,2022-12-13,624.9813,TIME,1,75.7607,18.4033,57.3573,0.104206,0.0,0.159446,16,False
high_52w,REDINGTON,2022-11-21,2022-11-22,150.0332,2022-12-12,175.9287,TARGET,6,155.3725,20.0474,135.3251,0.15,-0.014925,0.207761,15,False
high_52w,KPIL,2022-11-21,2022-11-22,491.7235,2022-11-29,499.3003,MOMENTUM_FAIL,2,15.1537,20.1134,-4.9597,-0.005032,-0.006772,0.045245,6,False
high_52w,GABRIEL,2022-11-21,2022-11-22,176.309,2022-12-13,181.2254,TIME,5,24.5821,19.7023,4.8797,0.005523,-0.026228,0.109332,16,False
high_52w,IRFC,2022-11-21,2022-11-22,26.7176,2022-11-28,31.2867,TARGET,37,169.0555,20.4484,148.6071,0.15,0.0,0.234042,5,False
high_52w,RVNL,2022-11-28,2022-11-29,78.0074,2022-11-30,72.5468,STOP,12,-65.5262,19.7492,-85.2753,-0.090899,-0.088561,0.0,2,False
high_52w,GABRIEL,2022-11-28,2022-11-29,194.709,2022-12-05,181.0793,STOP,5,-68.1481,19.902,-88.0501,-0.090246,-0.07225,0.0,5,False
high_52w,TITAGARH,2022-11-28,2022-11-29,191.3156,2022-11-30,177.9235,STOP,5,-66.9605,19.8328,-86.7932,-0.090535,-0.078125,0.0,2,False
high_52w,IRFC,2022-11-28,2022-11-29,32.118,2022-12-09,29.8698,STOP,31,-69.6961,19.9922,-89.6883,-0.089883,-0.097345,0.094395,9,False
high_52w,GESHIP,2022-11-28,2022-11-29,612.3836,2022-12-06,596.6803,MOMENTUM_FAIL,1,-15.7033,18.4838,-34.1871,-0.055704,-0.067857,0.004143,6,False
high_52w,APOLLOTYRE,2022-11-28,2022-11-29,300.3612,2022-12-06,305.0439,MOMENTUM_FAIL,3,14.0481,19.7634,-5.7153,-0.006329,-0.011454,0.029749,6,False
high_52w,ENGINERSIN,2022-11-28,2022-11-29,76.9644,2022-12-06,72.1083,MOMENTUM_FAIL,12,-58.2731,19.7111,-77.9841,-0.084253,-0.069643,0.004167,6,False
high_52w,NCC,2022-11-28,2022-11-29,80.1402,2022-12-01,74.5304,STOP,12,-67.3178,19.8536,-87.1714,-0.090447,-0.076236,0.004169,3,False
high_52w,RECLTD,2022-11-28,2022-11-29,90.8281,2022-12-06,90.9101,MOMENTUM_FAIL,10,0.8197,19.7668,-18.9471,-0.020815,-0.012184,0.020307,6,False
high_52w,REDINGTON,2022-11-28,2022-11-29,165.3053,2022-12-06,165.7532,MOMENTUM_FAIL,6,2.6873,20.1234,-17.4362,-0.017541,-0.040639,0.010024,6,False
high_52w,SJVN,2022-11-28,2022-11-29,36.3273,2022-12-16,33.7844,STOP,27,-68.6585,19.9317,-88.5903,-0.090124,-0.076441,0.061403,14,False
high_52w,CGPOWER,2022-11-28,2022-11-29,276.5961,2022-12-06,277.2876,MOMENTUM_FAIL,3,2.0746,19.438,-17.3634,-0.020879,-0.02,0.025714,6,False
high_52w,ICICIBANK,2022-11-28,2022-11-29,903.38,2022-12-06,892.8323,MOMENTUM_FAIL,1,-10.5477,19.723,-30.2707,-0.033435,-0.0143,0.026405,6,False
high_52w,IDFCFIRSTB,2022-11-28,2022-11-29,58.6353,2022-12-06,59.9769,MOMENTUM_FAIL,17,22.8082,20.1854,2.6228,0.002625,-0.018644,0.037288,6,False
high_52w,IIFL,2022-11-28,2022-11-29,470.7456,2022-12-06,458.8069,MOMENTUM_FAIL,2,-23.8774,19.8568,-43.7341,-0.046351,-0.069535,0.028999,6,False
high_52w,BHEL,2022-11-28,2022-11-29,80.972,2022-12-20,83.1498,TIME,12,26.1329,20.086,6.0469,0.00621,-0.018949,0.119193,16,False
high_52w,J&KBANK,2022-12-05,2022-12-06,49.3383,2022-12-08,57.7772,TARGET,20,168.7787,20.4402,148.3385,0.15,0.0,0.200387,3,False
high_52w,KALYANKJIL,2022-12-05,2022-12-06,113.8064,2022-12-08,105.84,STOP,8,-63.7316,19.6446,-83.3762,-0.091377,-0.07118,0.0,3,False
high_52w,TITAGARH,2022-12-05,2022-12-06,209.2515,2022-12-13,200.4828,MOMENTUM_FAIL,4,-35.0745,19.3928,-54.4673,-0.064932,-0.069048,0.006667,6,False
high_52w,ABCAPITAL,2022-12-05,2022-12-06,158.5,2022-12-13,156.4,MOMENTUM_FAIL,6,-12.6,19.9199,-32.5199,-0.034121,-0.032808,0.024921,6,False
high_52w,M&MFIN,2022-12-05,2022-12-06,219.4022,2022-12-13,214.5827,MOMENTUM_FAIL,4,-19.278,19.5964,-38.8744,-0.044199,-0.054393,0.017573,6,False
high_52w,IDFCFIRSTB,2022-12-05,2022-12-06,60.0266,2022-12-13,59.7782,MOMENTUM_FAIL,16,-3.9753,19.9773,-23.9525,-0.024885,-0.04553,0.008278,6,False
high_52w,LTF,2022-12-05,2022-12-06,88.3703,2022-12-13,87.8972,MOMENTUM_FAIL,11,-5.2039,20.0239,-25.2278,-0.025896,-0.03212,0.01606,6,False
high_52w,JMFINANCIL,2022-12-05,2022-12-06,74.0721,2022-12-13,75.1303,MOMENTUM_FAIL,13,13.7562,20.024,-6.2677,-0.006495,-0.055901,0.045963,6,False
high_52w,BANKINDIA,2022-12-05,2022-12-06,77.8175,2022-12-09,91.199,TARGET,12,160.5778,20.1999,140.3778,0.15,0.0,0.175428,4,False
high_52w,EXIDEIND,2022-12-05,2022-12-06,186.4482,2022-12-13,188.0138,MOMENTUM_FAIL,5,7.8278,19.8823,-12.0545,-0.012902,-0.009446,0.019155,6,False
high_52w,INDIANB,2022-12-05,2022-12-06,258.3763,2022-12-23,240.29,STOP,3,-54.259,19.0925,-73.3515,-0.094425,-0.104608,0.072367,14,False
high_52w,VBL,2022-12-05,2022-12-06,267.705,2022-12-27,261.1511,TIME,3,-19.6618,19.2811,-38.9429,-0.048384,-0.067899,0.059504,16,False
high_52w,CEMPRO,2022-12-05,2022-12-06,127.7178,2022-12-22,118.7775,STOP,7,-62.5817,19.5775,-82.1593,-0.091698,-0.078143,0.137331,13,False
high_52w,ARE&M,2022-12-05,2022-12-06,633.9534,2022-12-13,630.2923,MOMENTUM_FAIL,1,-3.6611,18.5994,-22.2605,-0.035037,-0.019681,0.015425,6,False
high_52w,TECHNOE,2022-12-05,2022-12-06,314.1625,2022-12-13,307.2188,MOMENTUM_FAIL,3,-20.8309,19.8672,-40.6981,-0.043087,-0.053169,0.006337,6,False
high_52w,APOLLOTYRE,2022-12-05,2022-12-06,303.4193,2022-12-13,304.1838,MOMENTUM_FAIL,3,2.2934,19.7782,-17.4847,-0.019167,-0.018425,0.022677,6,False
high_52w,REDINGTON,2022-12-12,2022-12-13,179.7264,2022-12-14,167.1456,STOP,5,-62.9042,19.5963,-82.5006,-0.091607,-0.077,0.0,2,False
high_52w,YESBANK,2022-12-12,2022-12-13,21.5,2022-12-21,19.995,STOP,46,-69.23,19.965,-89.195,-0.08999,-0.086047,0.151163,7,False
high_52w,GRAVITA,2022-12-12,2022-12-13,453.6038,2022-12-15,421.8515,STOP,2,-63.5045,19.6313,-83.1359,-0.091439,-0.074191,0.0,3,False
high_52w,KALYANKJIL,2022-12-12,2022-12-13,119.3387,2022-12-23,110.985,STOP,8,-66.8297,19.8251,-86.6548,-0.090568,-0.133692,0.09106,9,False
high_52w,FACT,2022-12-12,2022-12-13,181.4014,2022-12-15,212.6868,TARGET,5,156.4268,20.0783,136.3485,0.15,0.0,0.23022,3,False
high_52w,GODFRYPHLP,2022-12-12,2022-12-13,636.3477,2022-12-16,591.8034,STOP,1,-44.5443,18.5262,-63.0706,-0.098897,-0.077612,0.0,4,False
high_52w,IIFL,2022-12-12,2022-12-13,488.3111,2022-12-20,500.7881,MOMENTUM_FAIL,2,24.9538,20.1046,4.8493,0.004955,-0.038577,0.038076,6,False
high_52w,NCC,2022-12-12,2022-12-13,83.0041,2022-12-22,77.1938,STOP,12,-69.7234,19.9938,-89.7172,-0.089877,-0.076481,0.114434,8,False
high_52w,RKFORGE,2022-12-12,2022-12-13,246.5644,2022-12-23,229.3049,STOP,4,-69.038,19.9538,-88.9919,-0.090035,-0.076229,0.103109,9,False
high_52w,APOLLOTYRE,2022-12-12,2022-12-13,310.3,2022-12-20,312.8802,MOMENTUM_FAIL,3,7.7408,19.8764,-12.1357,-0.013008,-0.035109,0.012781,6,False
high_52w,ARE&M,2022-12-12,2022-12-13,641.5647,2022-12-20,622.1993,MOMENTUM_FAIL,1,-19.3655,18.5995,-37.965,-0.059047,-0.044151,0.0,6,False
high_52w,AXISBANK,2022-12-12,2022-12-13,936.9932,2022-12-20,946.5106,MOMENTUM_FAIL,1,9.5174,19.9058,-10.3884,-0.011063,-0.011806,0.013348,6,False
high_52w,IRB,2022-12-12,2022-12-13,14.6432,2022-12-23,13.6182,STOP,68,-69.7015,19.9925,-89.6941,-0.089882,-0.124396,0.098549,9,False
high_52w,AEGISLOG,2022-12-12,2022-12-13,328.3934,2022-12-23,305.4059,STOP,3,-68.9626,19.9495,-88.9121,-0.090053,-0.075511,0.098134,9,False
high_52w,BLUESTARCO,2022-12-12,2022-12-13,623.2483,2022-12-20,608.7621,MOMENTUM_FAIL,1,-14.4862,18.5321,-33.0184,-0.052862,-0.04256,0.01115,6,False
high_52w,PFC,2022-12-12,2022-12-13,98.0282,2022-12-20,95.1737,MOMENTUM_FAIL,10,-28.5454,20.0111,-48.5565,-0.049425,-0.047277,0.012675,6,False
high_52w,GICRE,2022-12-19,2022-12-20,164.9076,2022-12-21,153.364,STOP,6,-69.2612,19.9669,-89.228,-0.089983,-0.111856,0.021459,2,False
high_52w,KALYANKJIL,2022-12-19,2022-12-20,127.3407,2022-12-22,118.4268,STOP,7,-62.3969,19.5668,-81.9637,-0.09175,-0.086889,0.01668,3,False
high_52w,CIEINDIA,2022-12-19,2022-12-20,319.7324,2022-12-23,297.3512,STOP,3,-67.1438,19.8434,-86.9873,-0.09049,-0.106593,0.02975,4,False
high_52w,AXISBANK,2022-12-19,2022-12-20,940.5311,2022-12-27,929.0205,MOMENTUM_FAIL,1,-11.5106,19.8779,-31.3885,-0.0333,-0.042119,0.016053,6,False
high_52w,RKFORGE,2022-12-19,2022-12-20,265.0629,2022-12-22,246.5085,STOP,3,-55.6632,19.1743,-74.8375,-0.093908,-0.084531,0.026124,3,False
high_52w,APOLLOTYRE,2022-12-19,2022-12-20,310.1088,2022-12-27,309.1532,MOMENTUM_FAIL,3,-2.8669,19.8524,-22.7193,-0.024368,-0.059784,0.01849,6,False
high_52w,FACT,2022-12-19,2022-12-20,259.1449,2022-12-21,304.5984,TARGET,3,136.3605,19.4903,116.8701,0.15,0.0,0.215385,2,False
high_52w,ENGINERSIN,2022-12-19,2022-12-20,78.6136,2022-12-21,73.1107,STOP,12,-66.0354,19.7788,-85.8143,-0.090768,-0.078089,0.004662,2,False
high_52w,VBL,2022-12-19,2022-12-20,277.7044,2022-12-23,258.2651,STOP,3,-58.3179,19.329,-77.647,-0.092998,-0.09943,0.014225,4,False
high_52w,HINDZINC,2022-12-19,2022-12-20,250.0358,2022-12-27,249.7639,MOMENTUM_FAIL,3,-0.8155,19.0956,-19.9111,-0.026486,-0.046436,0.034322,6,False
high_52w,IIFL,2022-12-19,2022-12-20,491.149,2022-12-22,456.7686,STOP,2,-68.7609,19.9377,-88.6986,-0.0901,-0.072425,0.035963,3,False
high_52w,HUDCO,2022-12-19,2022-12-20,50.681,2022-12-21,47.1333,STOP,19,-67.4057,19.8587,-87.2644,-0.090425,-0.132124,0.0,2,False
high_52w,KARURVYSYA,2022-12-19,2022-12-20,89.8817,2022-12-23,83.59,STOP,11,-69.2089,19.9638,-89.1727,-0.089995,-0.116186,0.01286,4,False
high_52w,USHAMART,2022-12-26,2022-12-27,167.4874,2023-01-17,178.0069,TIME,5,52.5973,19.5731,33.0242,0.039349,-0.022865,0.151954,16,False
high_52w,RECLTD,2022-12-26,2022-12-27,93.8612,2023-01-17,100.911,TIME,10,70.4984,20.0368,50.4616,0.053645,-0.026201,0.10262,16,False
high_52w,APOLLOTYRE,2022-12-26,2022-12-27,307.3375,2023-01-03,310.9689,MOMENTUM_FAIL,3,10.8943,19.8453,-8.951,-0.009687,-0.01306,0.028296,6,False
high_52w,AXISBANK,2022-12-26,2022-12-27,929.2697,2023-01-03,959.0178,MOMENTUM_FAIL,1,29.7482,19.9144,9.8338,0.010559,-0.017856,0.035551,6,False
high_52w,HDFCBANK,2022-12-26,2022-12-27,772.9626,2023-01-03,775.9682,MOMENTUM_FAIL,1,3.0056,19.1999,-16.1943,-0.020905,-0.013472,0.007348,6,False
high_52w,JSWSTEEL,2022-12-26,2022-12-27,721.0232,2023-01-17,742.1866,TIME,1,21.1633,19.0176,2.1458,0.00297,-0.013521,0.064683,16,False
high_52w,BHARATFORG,2022-12-26,2022-12-27,857.7032,2023-01-03,858.2892,MOMENTUM_FAIL,1,0.586,19.5528,-18.9668,-0.022065,-0.022431,0.015485,6,False
high_52w,NESTLEIND,2022-12-26,2022-12-27,957.2349,2023-01-03,948.9275,MOMENTUM_FAIL,1,-8.3074,19.955,-28.2624,-0.029461,-0.021309,0.000882,6,False
high_52w,JSL,2022-12-26,2022-12-27,217.8234,2023-01-17,238.9742,TIME,4,84.603,19.7813,64.8217,0.074235,-0.024275,0.146325,16,False
high_52w,SBIN,2022-12-26,2022-12-27,557.7853,2023-01-03,568.9337,MOMENTUM_FAIL,1,11.1484,18.3079,-7.1596,-0.012808,-0.005413,0.033561,6,False
high_52w,INDIANB,2022-12-26,2022-12-27,264.3977,2023-01-03,268.7439,MOMENTUM_FAIL,3,13.0387,19.3058,-6.2671,-0.007884,-0.068151,0.02637,6,False
high_52w,VBL,2022-12-26,2022-12-27,268.8932,2023-01-03,258.7354,MOMENTUM_FAIL,3,-30.4734,19.2741,-49.7476,-0.061535,-0.049043,0.016311,6,False
high_52w,PETRONET,2022-12-26,2022-12-27,185.1471,2023-01-03,190.6613,MOMENTUM_FAIL,5,27.5714,19.895,7.6764,0.008274,0.0,0.041935,6,False
high_52w,PNBHOUSING,2023-01-02,2023-01-03,468.5192,2023-01-10,455.1505,MOMENTUM_FAIL,2,-26.7375,19.8322,-46.5696,-0.04959,-0.049913,0.011344,6,False
high_52w,JSL,2023-01-02,2023-01-03,248.0318,2023-01-05,230.6696,STOP,4,-69.4489,19.9778,-89.4267,-0.08994,-0.075997,0.0,3,False
high_52w,USHAMART,2023-01-02,2023-01-03,175.0013,2023-01-24,186.4903,TIME,5,57.4451,19.7416,37.7034,0.042995,-0.030471,0.157895,16,False
high_52w,RECLTD,2023-01-02,2023-01-03,99.3945,2023-01-10,100.952,MOMENTUM_FAIL,10,15.5755,20.1586,-4.5831,-0.004601,-0.010722,0.041237,6,False
high_52w,PFC,2023-01-02,2023-01-03,101.3529,2023-01-24,100.3118,TIME,9,-9.3695,19.7625,-29.1321,-0.031867,-0.023526,0.072233,16,False
high_52w,RHIM,2023-01-02,2023-01-03,857.2335,2023-01-10,819.374,MOMENTUM_FAIL,1,-37.8595,19.4725,-57.3321,-0.066734,-0.058352,0.021625,6,False
high_52w,TITAGARH,2023-01-02,2023-01-03,226.6393,2023-01-10,221.7069,MOMENTUM_FAIL,4,-19.7294,19.7177,-39.4471,-0.043418,-0.043746,0.042647,6,False
high_52w,CIEINDIA,2023-01-02,2023-01-03,336.1277,2023-01-10,330.6785,MOMENTUM_FAIL,2,-10.8984,18.7464,-29.6447,-0.044001,-0.047213,0.01095,6,False
high_52w,CANBK,2023-01-02,2023-01-03,58.9901,2023-01-10,55.5417,MOMENTUM_FAIL,16,-55.1742,19.803,-74.9771,-0.079265,-0.068249,0.004451,6,False
high_52w,JSWSTEEL,2023-01-02,2023-01-03,760.4596,2023-01-10,730.1353,MOMENTUM_FAIL,1,-30.3244,19.0793,-49.4036,-0.064824,-0.064678,0.0,6,False
high_52w,JINDALSTEL,2023-01-02,2023-01-03,587.7068,2023-01-10,593.6532,MOMENTUM_FAIL,1,5.9464,18.4237,-12.4773,-0.021184,-0.021754,0.02597,6,False
high_52w,APOLLOTYRE,2023-01-02,2023-01-03,314.4093,2023-01-10,311.4468,MOMENTUM_FAIL,3,-8.8874,19.8946,-28.7821,-0.030448,-0.041337,0.033283,6,False
high_52w,M&MFIN,2023-01-02,2023-01-03,223.7627,2023-01-10,215.4548,MOMENTUM_FAIL,4,-33.2316,19.6416,-52.8732,-0.058944,-0.055179,0.0,6,False
high_52w,AXISBANK,2023-01-02,2023-01-03,941.5277,2023-01-10,948.9025,MOMENTUM_FAIL,1,7.3748,19.9206,-12.5458,-0.013296,-0.011061,0.026727,6,False
high_52w,KPIL,2023-01-02,2023-01-03,548.6705,2023-01-09,510.2636,STOP,1,-38.4069,18.1685,-56.5755,-0.102889,-0.071862,0.010467,5,False
high_52w,RBLBANK,2023-01-02,2023-01-03,177.7278,2023-01-10,176.9924,MOMENTUM_FAIL,5,-3.6772,19.6747,-23.3519,-0.026221,-0.016,0.044414,6,False
high_52w,GODFRYPHLP,2023-01-09,2023-01-10,661.7548,2023-01-16,615.4319,STOP,1,-46.3228,18.6299,-64.9527,-0.097938,-0.087533,0.0,5,False
high_52w,CGPOWER,2023-01-09,2023-01-10,283.0171,2023-02-01,298.7238,TIME,3,47.12,19.611,27.509,0.032329,-0.0,0.100873,16,False
high_52w,TECHNOE,2023-01-09,2023-01-10,359.3203,2023-01-17,355.5328,MOMENTUM_FAIL,2,-7.5749,18.949,-26.5239,-0.036828,-0.054054,0.013513,6,False
high_52w,ANANDRATHI,2023-01-09,2023-01-10,183.7921,2023-02-01,195.118,TIME,5,56.6294,19.9256,36.7039,0.039854,-0.021405,0.146713,16,False
high_52w,RECLTD,2023-01-09,2023-01-10,103.0014,2023-01-17,100.911,MOMENTUM_FAIL,9,-18.8133,19.806,-38.6193,-0.041569,-0.050139,0.0,6,False
high_52w,HINDZINC,2023-01-09,2023-01-10,264.5975,2023-01-17,269.9175,MOMENTUM_FAIL,3,15.9599,19.3142,-3.3543,-0.004216,-0.010713,0.035515,6,False
high_52w,JINDALSTEL,2023-01-09,2023-01-10,596.4777,2023-01-17,580.6206,MOMENTUM_FAIL,1,-15.8571,18.4163,-34.2734,-0.057334,-0.037883,0.018194,6,False
high_52w,PFC,2023-01-09,2023-01-10,107.4649,2023-01-12,99.9424,STOP,9,-67.7029,19.876,-87.5789,-0.090353,-0.079062,0.0,3,False
high_52w,AXISBANK,2023-01-09,2023-01-10,960.712,2023-01-17,914.5699,MOMENTUM_FAIL,1,-46.1421,19.8926,-66.0347,-0.068585,-0.05944,0.0,6,False
high_52w,PETRONET,2023-01-09,2023-01-10,193.4846,2023-01-17,193.8375,MOMENTUM_FAIL,5,1.7646,20.0185,-18.2539,-0.018827,-0.011172,0.019152,6,False
high_52w,RBLBANK,2023-01-09,2023-01-10,182.1894,2023-01-17,168.5595,MOMENTUM_FAIL,5,-68.1494,19.6377,-87.7871,-0.096159,-0.086114,0.0,6,False
high_52w,PGEL,2023-01-09,2023-01-10,115.8514,2023-01-17,113.8189,MOMENTUM_FAIL,8,-16.2599,19.8103,-36.0702,-0.038834,-0.03789,0.017285,6,False
high_52w,PNBHOUSING,2023-01-09,2023-01-10,464.3491,2023-01-23,431.8447,STOP,2,-65.0089,19.719,-84.7279,-0.091034,-0.074661,0.057404,10,False
high_52w,CIEINDIA,2023-01-09,2023-01-10,329.8181,2023-02-01,386.2165,TARGET,3,169.1951,20.4524,148.7426,0.15,0.0,0.212174,16,False
high_52w,TARIL,2023-01-09,2023-01-10,32.8643,2023-01-20,38.486,TARGET,30,168.6493,20.4365,148.2128,0.15,-0.036391,0.247157,9,False
high_52w,INDIANB,2023-01-09,2023-01-10,268.427,2023-01-17,260.4589,MOMENTUM_FAIL,3,-23.9046,19.2816,-43.1861,-0.053512,-0.049924,0.0,6,False
high_52w,ANANDRATHI,2023-01-16,2023-01-17,194.9225,2023-02-08,195.4356,TIME,5,2.5656,20.0505,-17.4848,-0.017901,-0.0566,0.081234,16,False
high_52w,LTF,2023-01-16,2023-01-17,90.1679,2023-01-24,85.721,MOMENTUM_FAIL,11,-48.9159,20.0184,-68.9343,-0.069349,-0.071354,0.014166,6,False
high_52w,FEDERALBNK,2023-01-16,2023-01-17,139.2815,2023-01-24,131.9509,MOMENTUM_FAIL,7,-51.3143,19.9423,-71.2566,-0.072926,-0.063158,0.0,6,False
high_52w,HINDZINC,2023-01-16,2023-01-17,268.7137,2023-02-08,265.4351,TIME,3,-9.836,19.3139,-29.1498,-0.036081,-0.026465,0.106936,16,False
high_52w,PETRONET,2023-01-16,2023-01-17,193.3964,2023-02-08,198.3813,TIME,5,24.9245,20.0638,4.8607,0.005016,-0.055657,0.053604,16,False
high_52w,CIEINDIA,2023-01-16,2023-01-17,361.366,2023-01-24,333.2119,MOMENTUM_FAIL,2,-56.3081,18.867,-75.1752,-0.103788,-0.083995,0.049735,6,False
high_52w,RECLTD,2023-01-16,2023-01-17,101.4029,2023-01-24,100.7471,MOMENTUM_FAIL,9,-5.9022,19.7715,-25.6737,-0.02807,-0.010913,0.014551,6,False
high_52w,RKFORGE,2023-01-16,2023-01-17,266.4973,2023-02-08,263.8912,TIME,3,-7.8183,19.2899,-27.1082,-0.033833,-0.055679,0.06533,16,False
high_52w,NCC,2023-01-16,2023-01-17,89.9251,2023-01-24,87.7772,MOMENTUM_FAIL,11,-23.6268,20.0586,-43.6854,-0.044067,-0.029724,0.011677,6,False
high_52w,CGPOWER,2023-01-16,2023-01-17,299.6129,2023-01-24,295.7109,MOMENTUM_FAIL,3,-11.7059,19.7015,-31.4074,-0.034866,-0.030663,0.039565,6,False
high_52w,RHIM,2023-01-16,2023-01-17,852.5256,2023-01-24,846.4445,MOMENTUM_FAIL,1,-6.0811,19.5174,-25.5985,-0.029961,-0.033594,0.001266,6,False
high_52w,JSWSTEEL,2023-01-16,2023-01-17,743.1174,2023-01-24,707.4532,MOMENTUM_FAIL,1,-35.6641,18.9952,-54.6593,-0.073394,-0.052014,0.020502,6,False
high_52w,PGEL,2023-01-16,2023-01-17,114.8576,2023-01-27,106.8176,STOP,8,-64.3203,19.6789,-83.9991,-0.091217,-0.086957,0.069478,8,False
high_52w,GRAVITA,2023-01-16,2023-01-17,453.3081,2023-02-08,493.0712,TIME,2,79.5261,19.9201,59.606,0.065602,-0.036957,0.158478,16,False
high_52w,SUNPHARMA,2023-01-16,2023-01-17,996.5935,2023-01-24,1001.6464,MOMENTUM_FAIL,1,5.053,20.1484,-15.0954,-0.015114,-0.017963,0.018784,6,False
high_52w,GODREJCP,2023-01-16,2023-01-17,878.5754,2023-01-24,882.85,MOMENTUM_FAIL,1,4.2746,19.6484,-15.3738,-0.01746,-0.01065,0.023029,6,False
high_52w,PETRONET,2023-01-23,2023-01-24,201.0722,2023-02-01,190.926,MOMENTUM_FAIL,4,-40.5849,19.2434,-59.8284,-0.074224,-0.060553,0.012506,6,False
high_52w,360ONE,2023-01-23,2023-01-24,457.6412,2023-01-30,402.2031,GAP_STOP,2,-110.8763,19.569,-130.4452,-0.142208,-0.121139,0.0,4,False
high_52w,ENGINERSIN,2023-01-23,2023-01-24,81.5456,2023-01-27,75.8374,STOP,12,-68.4983,19.9224,-88.4207,-0.090162,-0.085955,0.0,3,False
high_52w,RKFORGE,2023-01-23,2023-01-24,280.94,2023-01-27,261.2742,STOP,3,-58.9974,19.3686,-78.366,-0.092778,-0.096831,0.0,3,False
high_52w,JINDALSTEL,2023-01-23,2023-01-24,599.6987,2023-02-01,602.8206,MOMENTUM_FAIL,1,3.1219,18.4686,-15.3466,-0.025535,-0.066353,0.029169,6,False
high_52w,JWL,2023-01-23,2023-01-24,110.4488,2023-02-06,99.5777,GAP_STOP,9,-97.8401,19.9281,-117.7682,-0.118216,-0.098427,0.147865,9,False
high_52w,RECLTD,2023-01-23,2023-01-24,102.2636,2023-01-27,95.1051,STOP,9,-64.4261,19.685,-84.1111,-0.091189,-0.101804,0.0,3,False
high_52w,HDFCBANK,2023-01-23,2023-01-24,792.8665,2023-02-01,770.3829,MOMENTUM_FAIL,1,-22.4836,19.2321,-41.7157,-0.052499,-0.055551,0.010686,6,False
high_52w,JSL,2023-01-23,2023-01-24,249.9412,2023-01-27,232.4454,STOP,3,-52.4877,18.9892,-71.4769,-0.095117,-0.098139,0.030167,3,False
high_52w,JINDALSAW,2023-01-23,2023-01-24,55.6989,2023-02-03,65.2637,TARGET,17,162.6019,20.2593,142.3426,0.15,-0.062203,0.17365,8,False
high_52w,ANANDRATHI,2023-01-23,2023-01-24,204.5256,2023-02-01,195.118,MOMENTUM_FAIL,4,-37.6307,19.3078,-56.9384,-0.069446,-0.057646,0.030466,6,False
high_52w,TITAGARH,2023-01-23,2023-01-24,234.1623,2023-01-25,217.771,STOP,4,-65.5655,19.7515,-85.3169,-0.090889,-0.079787,0.0,2,False
high_52w,GRAVITA,2023-01-23,2023-01-24,458.1368,2023-02-15,501.4968,TIME,2,86.7199,19.9755,66.7444,0.072684,0.0,0.161433,16,False
high_52w,JINDALSAW,2023-01-30,2023-01-31,59.6688,2023-02-10,69.9071,TARGET,16,163.8128,20.2947,143.5181,0.15,-0.05,0.172581,9,False
high_52w,JWL,2023-01-30,2023-01-31,118.143,2023-02-03,104.7899,GAP_STOP,8,-106.8249,19.7033,-126.5282,-0.13358,-0.113025,0.073109,4,False
high_52w,CARBORUNIV,2023-01-30,2023-01-31,961.0257,2023-02-07,994.637,MOMENTUM_FAIL,1,33.6113,20.0563,13.5549,0.014074,-0.018256,0.045846,6,False
high_52w,AEGISLOG,2023-01-30,2023-01-31,357.0017,2023-02-15,332.0116,STOP,2,-49.9802,18.8431,-68.8233,-0.09618,-0.078378,0.050811,12,False
high_52w,GRAVITA,2023-01-30,2023-01-31,519.7769,2023-02-01,483.3925,STOP,1,-36.3844,18.0506,-54.435,-0.104499,-0.077827,0.0,2,False
high_52w,HCLTECH,2023-01-30,2023-01-31,983.7488,2023-02-07,977.0375,MOMENTUM_FAIL,1,-6.7113,20.0702,-26.7815,-0.027165,-0.01897,0.018178,6,False
high_52w,ANANDRATHI,2023-01-30,2023-01-31,203.3039,2023-02-02,189.0726,STOP,4,-56.9251,19.2479,-76.1729,-0.093464,-0.094952,0.036659,3,False
high_52w,CIEINDIA,2023-01-30,2023-01-31,368.0579,2023-02-21,373.6027,TIME,2,11.0895,19.0608,-7.9713,-0.010805,0.0,0.09013,16,False
high_52w,INDIANB,2023-01-30,2023-01-31,268.9251,2023-02-01,250.1003,STOP,3,-56.4743,19.2216,-75.6958,-0.093621,-0.07862,0.043771,2,False
high_52w,JSL,2023-01-30,2023-01-31,246.5141,2023-02-21,267.4689,TIME,4,83.8195,20.2643,63.5553,0.064313,-0.017279,0.08997,16,False
high_52w,CGPOWER,2023-01-30,2023-01-31,300.3044,2023-02-21,316.011,TIME,3,47.1199,19.83,27.2899,0.030225,-0.040954,0.113816,16,False
high_52w,ITC,2023-01-30,2023-01-31,285.7827,2023-02-21,320.8979,TIME,3,105.3454,19.7646,85.5808,0.099603,-0.048844,0.138296,16,False
high_52w,PETRONET,2023-01-30,2023-01-31,194.0581,2023-02-07,192.9994,MOMENTUM_FAIL,5,-5.2937,20.0162,-25.3099,-0.026028,-0.058877,0.000227,6,False
high_52w,360ONE,2023-01-30,2023-01-31,435.2868,2023-02-21,428.4219,TIME,2,-13.7297,19.578,-33.3077,-0.038176,-0.026601,0.058089,16,False
high_52w,M&MFIN,2023-02-06,2023-02-07,240.1491,2023-02-14,240.608,MOMENTUM_FAIL,4,1.836,19.9898,-18.1538,-0.018857,-0.022936,0.039755,6,False
high_52w,ZYDUSLIFE,2023-02-06,2023-02-07,459.0219,2023-02-14,461.8041,MOMENTUM_FAIL,2,5.5645,19.8177,-14.2533,-0.015492,-0.008613,0.025627,6,False
high_52w,CARBORUNIV,2023-02-06,2023-02-07,989.6594,2023-02-14,972.389,MOMENTUM_FAIL,1,-17.2704,20.0736,-37.344,-0.037652,-0.042826,0.019357,6,False
high_52w,JINDALSAW,2023-02-06,2023-02-07,65.8281,2023-02-28,72.2521,TIME,15,96.3603,20.2956,76.0648,0.076866,-0.025219,0.15826,16,False
high_52w,ITC,2023-02-06,2023-02-07,317.0866,2023-02-14,319.1928,MOMENTUM_FAIL,3,6.3187,19.9595,-13.6408,-0.014308,-0.036207,0.009768,6,False
high_52w,HCLTECH,2023-02-06,2023-02-07,994.0106,2023-02-14,974.6126,MOMENTUM_FAIL,1,-19.398,20.0877,-39.4856,-0.039637,-0.041687,0.003615,6,False
high_52w,APOLLOTYRE,2023-02-06,2023-02-07,324.7781,2023-02-14,313.167,MOMENTUM_FAIL,3,-34.8334,19.9732,-54.8066,-0.056128,-0.043401,0.0,6,False
high_52w,BLUESTARCO,2023-02-06,2023-02-07,663.1342,2023-02-14,665.4589,MOMENTUM_FAIL,1,2.3246,18.7348,-16.4101,-0.024692,0.0,0.047122,6,False
high_52w,GODREJCP,2023-02-06,2023-02-07,891.2567,2023-02-14,883.9424,MOMENTUM_FAIL,1,-7.3143,19.6784,-26.9927,-0.03022,-0.020517,0.012683,6,False
high_52w,CGPOWER,2023-02-06,2023-02-07,305.1942,2023-02-28,301.5391,TIME,3,-10.9651,19.7737,-30.7388,-0.0335,-0.032853,0.09597,16,False
high_52w,HDFCBANK,2023-02-06,2023-02-07,785.4587,2023-02-14,792.2274,MOMENTUM_FAIL,1,6.7687,19.2603,-12.4916,-0.015869,-0.014373,0.010908,6,False
high_52w,CGPOWER,2023-02-13,2023-02-14,329.9396,2023-02-21,316.011,MOMENTUM_FAIL,3,-41.7859,20.0244,-61.8102,-0.06231,-0.05988,0.007036,6,False
high_52w,JINDALSAW,2023-02-13,2023-02-14,70.2552,2023-03-08,78.604,TIME,14,116.8835,20.3211,96.5624,0.097961,-0.020548,0.125343,16,False
high_52w,GRAVITA,2023-02-13,2023-02-14,514.4062,2023-02-20,478.3978,STOP,1,-36.0084,18.0287,-54.0372,-0.104819,-0.074521,0.013123,5,False
high_52w,PGEL,2023-02-13,2023-02-14,122.3383,2023-03-08,141.1051,TIME,8,150.1339,20.3682,129.7657,0.1323,-0.040738,0.167442,16,False
high_52w,RKFORGE,2023-02-13,2023-02-14,282.475,2023-02-21,273.5548,MOMENTUM_FAIL,3,-26.7608,19.4537,-46.2145,-0.054416,-0.05614,0.0,6,False
high_52w,BLUESTARCO,2023-02-13,2023-02-14,671.4051,2023-03-08,734.6597,TIME,1,63.2547,18.8938,44.3609,0.065928,-0.023508,0.109665,16,False
high_52w,ZYDUSLIFE,2023-02-13,2023-02-14,462.5363,2023-02-21,457.3135,MOMENTUM_FAIL,2,-10.4456,19.8148,-30.2604,-0.03264,-0.025433,0.013086,6,False
high_52w,HDFCBANK,2023-02-13,2023-02-14,788.1094,2023-02-21,779.3527,MOMENTUM_FAIL,1,-8.7567,19.2399,-27.9967,-0.035446,-0.018619,0.01015,6,False
high_52w,DRREDDY,2023-02-13,2023-02-14,885.3714,2023-02-21,873.9074,MOMENTUM_FAIL,1,-11.464,19.6451,-31.1091,-0.03506,-0.018966,0.004004,6,False
high_52w,ACE,2023-02-13,2023-02-14,370.5617,2023-02-27,344.6223,STOP,2,-51.8786,18.9537,-70.8324,-0.095366,-0.077325,0.054141,10,False
high_52w,BHARATFORG,2023-02-13,2023-02-14,869.1783,2023-02-15,808.3358,STOP,1,-60.8425,19.4762,-80.3187,-0.092206,-0.088034,0.0,2,False
high_52w,CARBORUNIV,2023-02-13,2023-02-14,968.7857,2023-02-21,970.8096,MOMENTUM_FAIL,1,2.0238,20.0248,-18.0009,-0.01854,-0.016865,0.037092,6,False
high_52w,IGL,2023-02-13,2023-02-14,197.4964,2023-02-21,199.3436,MOMENTUM_FAIL,5,9.2362,20.1184,-10.8822,-0.010996,-0.012356,0.033141,6,False
high_52w,ZENTEC,2023-02-20,2023-02-21,252.998,2023-02-23,235.2882,STOP,3,-53.1296,19.0266,-72.1562,-0.094861,-0.087505,0.00946,3,False
high_52w,ITC,2023-02-20,2023-02-21,323.2065,2023-02-28,316.2387,MOMENTUM_FAIL,3,-20.9034,19.9816,-40.885,-0.042074,-0.025974,0.023377,6,False
high_52w,CYIENT,2023-02-20,2023-02-21,886.7001,2023-02-28,889.8097,MOMENTUM_FAIL,1,3.1096,19.6804,-16.5708,-0.018647,-0.001063,0.046759,6,False
high_52w,JSL,2023-02-20,2023-02-21,263.4053,2023-02-27,244.9669,STOP,3,-55.3151,19.154,-74.4691,-0.094033,-0.097769,0.02342,5,False
high_52w,CARBORUNIV,2023-02-20,2023-02-21,994.058,2023-02-28,966.3671,MOMENTUM_FAIL,1,-27.6909,20.071,-47.7619,-0.047943,-0.050251,0.0,6,False
high_52w,JINDALSAW,2023-02-20,2023-02-21,72.1559,2023-03-09,84.5583,TARGET,13,161.2307,20.2191,141.0116,0.15,-0.046349,0.185395,12,False
high_52w,BLUESTARCO,2023-02-20,2023-02-21,699.9125,2023-02-28,702.9223,MOMENTUM_FAIL,1,3.0098,18.8915,-15.8816,-0.022641,-0.01832,0.044611,6,False
high_52w,PGEL,2023-02-20,2023-02-21,129.849,2023-03-15,137.8491,TIME,7,56.0006,19.882,36.1186,0.03965,0.0,0.110607,16,False
high_52w,IGL,2023-02-20,2023-02-21,199.2296,2023-02-28,200.0734,MOMENTUM_FAIL,5,4.2191,20.1448,-15.9257,-0.015952,-0.017857,0.009616,6,False
high_52w,GODREJCP,2023-02-20,2023-02-21,881.2826,2023-02-28,877.0555,MOMENTUM_FAIL,1,-4.2271,19.6426,-23.8697,-0.027026,-0.027324,0.018593,6,False
high_52w,TRITURBINE,2023-02-20,2023-02-21,294.6408,2023-03-01,345.5914,TARGET,3,152.8518,19.9736,132.8782,0.15,-0.037185,0.223439,7,False
high_52w,CYIENT,2023-02-27,2023-02-28,911.671,2023-03-08,894.7096,MOMENTUM_FAIL,1,-16.9614,19.7449,-36.7063,-0.040175,-0.025995,0.004651,6,False
high_52w,ZENTEC,2023-02-27,2023-02-28,264.0673,2023-03-21,310.2831,TARGET,3,138.6474,19.5574,119.0901,0.15,-0.029834,0.208082,15,False
high_52w,TDPOWERSYS,2023-02-27,2023-02-28,72.7539,2023-03-22,81.5141,TIME,13,113.8822,20.1555,93.7267,0.098882,-0.066326,0.138095,16,False
high_52w,IGL,2023-02-27,2023-02-28,198.7963,2023-03-08,203.9276,MOMENTUM_FAIL,5,25.6563,20.1793,5.477,0.005498,-0.02237,0.043937,6,False
high_52w,PGEL,2023-02-27,2023-02-28,136.0563,2023-03-08,141.1051,MOMENTUM_FAIL,7,35.3413,20.0234,15.3179,0.016048,0.0,0.049734,6,False
high_52w,ITC,2023-02-27,2023-02-28,321.1078,2023-03-08,329.4188,MOMENTUM_FAIL,3,24.933,20.0484,4.8847,0.00506,-0.023268,0.027843,6,False
high_52w,PETRONET,2023-02-27,2023-02-28,197.0579,2023-03-08,203.1456,MOMENTUM_FAIL,5,30.4387,20.1523,10.2864,0.010417,-0.017014,0.034027,6,False
high_52w,NTPC,2023-02-27,2023-02-28,157.6453,2023-03-08,163.1647,MOMENTUM_FAIL,6,33.1164,19.9913,13.1251,0.013846,-0.016493,0.036748,6,False
high_52w,TRITURBINE,2023-02-27,2023-02-28,296.3038,2023-03-01,347.5119,TARGET,3,153.6244,19.9962,133.6282,0.15,0.0,0.216573,2,False
high_52w,FINCABLES,2023-02-27,2023-02-28,682.26,2023-03-06,803.8812,TARGET,1,121.6212,19.0585,102.5627,0.15,-0.00292,0.207179,5,False
high_52w,BLUESTARCO,2023-02-27,2023-02-28,714.521,2023-03-08,734.6597,MOMENTUM_FAIL,1,20.1387,18.988,1.1507,0.001607,-0.030822,0.042705,6,False
high_52w,GODREJCP,2023-02-27,2023-02-28,869.1713,2023-03-08,874.4432,MOMENTUM_FAIL,1,5.272,19.6108,-14.3388,-0.016461,-0.012022,0.023005,6,False
high_52w,DRREDDY,2023-02-27,2023-02-28,864.7225,2023-03-08,862.2388,MOMENTUM_FAIL,1,-2.4837,19.5762,-22.0599,-0.025455,-0.031989,0.00446,6,False
high_52w,MGL,2023-03-06,2023-03-08,908.7474,2023-03-15,896.6909,MOMENTUM_FAIL,1,-12.0565,19.7426,-31.7991,-0.034916,-0.021622,0.019496,6,False
high_52w,JSL,2023-03-06,2023-03-08,295.5721,2023-03-20,274.882,STOP,3,-62.0701,19.5477,-81.6179,-0.091844,-0.070565,0.08332,9,False
high_52w,PFC,2023-03-06,2023-03-08,110.936,2023-03-20,103.1705,STOP,8,-62.1242,19.5509,-81.675,-0.091829,-0.072248,0.057984,9,False
high_52w,FINCABLES,2023-03-06,2023-03-08,753.1536,2023-03-15,761.1225,MOMENTUM_FAIL,1,7.9689,19.1264,-11.1575,-0.014782,-0.044516,0.032258,6,False
high_52w,BLUESTARCO,2023-03-06,2023-03-08,728.2241,2023-03-15,728.1263,MOMENTUM_FAIL,1,-0.0979,19.0047,-19.1025,-0.026174,-0.005074,0.031586,6,False
high_52w,IGL,2023-03-06,2023-03-08,203.8135,2023-03-15,192.0686,MOMENTUM_FAIL,4,-46.9796,19.2767,-66.2563,-0.081093,-0.059864,0.016672,6,False
high_52w,NTPC,2023-03-06,2023-03-08,160.291,2023-03-15,162.5718,MOMENTUM_FAIL,6,13.6846,20.0188,-6.3342,-0.006572,0.0,0.036995,6,False
high_52w,ZENTEC,2023-03-06,2023-03-08,273.94,2023-03-29,321.6847,TARGET,3,143.2342,19.6918,123.5425,0.15,-0.064798,0.186021,16,False
high_52w,RECLTD,2023-03-06,2023-03-08,101.7623,2023-03-29,97.5081,TIME,9,-38.2872,19.7192,-58.0064,-0.063197,-0.062914,0.063328,16,False
high_52w,ZYDUSLIFE,2023-03-06,2023-03-08,463.7078,2023-03-15,462.1457,MOMENTUM_FAIL,2,-3.1241,19.8396,-22.9637,-0.024707,-0.028526,0.007263,6,False
high_52w,PGEL,2023-03-06,2023-03-08,140.8254,2023-03-15,137.8491,MOMENTUM_FAIL,7,-20.8342,20.05,-40.8842,-0.041384,-0.028369,0.024042,6,False
high_52w,ITC,2023-03-06,2023-03-08,325.725,2023-03-15,318.5053,MOMENTUM_FAIL,3,-21.6591,20.012,-41.6711,-0.042551,-0.027835,0.014433,6,False
high_52w,TDPOWERSYS,2023-03-06,2023-03-08,75.2285,2023-03-14,69.9625,STOP,13,-68.458,19.92,-88.378,-0.090172,-0.087829,0.100658,5,False
high_52w,JINDALSAW,2023-03-06,2023-03-08,74.3454,2023-03-24,69.1412,STOP,13,-67.6543,19.8732,-87.5275,-0.090365,-0.08932,0.162136,13,False
high_52w,CARBORUNIV,2023-03-06,2023-03-08,976.7327,2023-03-15,973.5737,MOMENTUM_FAIL,1,-3.159,20.0478,-23.2068,-0.023708,-0.021629,0.019658,6,False
high_52w,ACE,2023-03-13,2023-03-14,387.3467,2023-03-16,360.2324,STOP,2,-54.2285,19.0907,-73.3192,-0.094436,-0.088462,0.0,3,False
high_52w,NTPC,2023-03-13,2023-03-14,162.9823,2023-03-21,161.5682,MOMENTUM_FAIL,6,-8.4844,20.0418,-28.5262,-0.029107,-0.020711,0.017073,6,False
high_52w,MGL,2023-03-13,2023-03-14,913.6713,2023-03-21,908.7014,MOMENTUM_FAIL,1,-4.9699,19.7778,-24.7477,-0.027027,-0.029312,0.006749,6,False
high_52w,KPIL,2023-03-13,2023-03-14,562.2317,2023-03-21,544.6649,MOMENTUM_FAIL,1,-17.5668,18.2682,-35.835,-0.063598,-0.067725,0.001802,6,False
high_52w,BLUESTARCO,2023-03-13,2023-03-14,731.6744,2023-03-20,680.4572,STOP,1,-51.2172,18.9152,-70.1324,-0.095643,-0.090298,0.080231,5,False
high_52w,PGEL,2023-03-13,2023-03-14,138.8628,2023-03-21,131.7367,MOMENTUM_FAIL,7,-49.8832,19.9328,-69.816,-0.071668,-0.057791,0.010141,6,False
high_52w,ITC,2023-03-13,2023-03-14,323.7942,2023-03-21,316.4485,MOMENTUM_FAIL,3,-22.0368,19.9867,-42.0236,-0.043167,-0.041613,0.0,6,False
high_52w,USHAMART,2023-03-13,2023-03-14,201.1303,2023-03-21,205.5417,MOMENTUM_FAIL,4,17.6456,19.363,-1.7174,-0.00213,-0.003856,0.043625,6,False
high_52w,ZYDUSLIFE,2023-03-13,2023-03-14,455.1169,2023-03-21,466.9781,MOMENTUM_FAIL,2,23.7224,19.8217,3.9007,0.004276,0.0,0.047405,6,False
high_52w,POWERGRID,2023-03-13,2023-03-14,148.8552,2023-03-21,147.5329,MOMENTUM_FAIL,6,-7.9337,19.685,-27.6187,-0.030856,-0.011992,0.039307,6,False
high_52w,CCL,2023-03-13,2023-03-14,556.8157,2023-03-21,551.1413,MOMENTUM_FAIL,1,-5.6744,18.2696,-23.9439,-0.042908,-0.033559,0.017306,6,False
high_52w,PETRONET,2023-03-13,2023-03-14,199.3959,2023-04-06,208.0423,TIME,5,43.2318,20.2277,23.0041,0.023023,-0.026327,0.061062,16,False
high_52w,GAIL,2023-03-13,2023-03-14,96.1259,2023-03-21,94.415,MOMENTUM_FAIL,10,-17.1085,19.954,-37.0625,-0.038472,-0.029266,0.009905,6,False
high_52w,MAXHEALTH,2023-03-13,2023-03-14,462.8665,2023-03-21,461.5747,MOMENTUM_FAIL,2,-2.5836,19.8336,-22.4172,-0.024163,-0.017604,0.024152,6,False
high_52w,PFC,2023-03-13,2023-03-14,112.1744,2023-03-20,104.3222,STOP,8,-62.8177,19.5913,-82.4089,-0.091631,-0.08249,0.008893,5,False
high_52w,IGL,2023-03-13,2023-03-14,199.7769,2023-03-21,200.9172,MOMENTUM_FAIL,4,4.5611,19.3135,-14.7524,-0.018421,-0.048402,0.010845,6,False
high_52w,KPITTECH,2023-03-20,2023-03-21,878.0295,2023-03-28,868.2138,MOMENTUM_FAIL,1,-9.8157,19.6175,-29.4332,-0.033449,-0.03554,0.016574,6,False
high_52w,GODREJCP,2023-03-20,2023-03-21,913.0098,2023-03-28,910.5874,MOMENTUM_FAIL,1,-2.4224,19.7802,-22.2026,-0.024265,-0.019924,0.004578,6,False
high_52w,ZENTEC,2023-03-20,2023-03-21,305.7018,2023-03-28,295.181,MOMENTUM_FAIL,3,-31.5624,19.7382,-51.3006,-0.055815,-0.045833,0.035557,6,False
high_52w,ZYDUSLIFE,2023-03-20,2023-03-21,467.2222,2023-03-28,473.226,MOMENTUM_FAIL,2,12.0076,19.9001,-7.8925,-0.008428,-0.01097,0.02173,6,False
high_52w,NH,2023-03-20,2023-03-21,791.7544,2023-03-24,736.3316,STOP,1,-55.4228,19.1603,-74.5831,-0.093994,-0.071134,0.0,4,False
high_52w,MAXHEALTH,2023-03-20,2023-03-21,465.4501,2023-03-28,447.1163,MOMENTUM_FAIL,2,-36.6676,19.786,-56.4536,-0.060512,-0.043553,0.002348,6,False
high_52w,POWERGRID,2023-03-20,2023-03-21,150.2435,2023-03-28,146.8387,MOMENTUM_FAIL,6,-20.4292,19.6948,-40.1239,-0.044413,-0.037624,0.0,6,False
high_52w,USHAMART,2023-03-20,2023-03-21,204.0389,2023-04-17,210.4379,TIME,4,25.5959,19.4283,6.1676,0.00754,-0.023996,0.087194,16,False
high_52w,NTPC,2023-03-20,2023-03-21,161.3401,2023-03-28,156.9155,MOMENTUM_FAIL,6,-26.548,19.9634,-46.5114,-0.047942,-0.035906,0.005372,6,False
high_52w,PETRONET,2023-03-20,2023-03-21,204.6896,2023-03-28,197.3667,MOMENTUM_FAIL,4,-29.2918,19.3275,-48.6193,-0.059252,-0.051509,0.018534,6,False
high_52w,CYIENT,2023-03-20,2023-03-21,898.573,2023-04-17,1017.8206,TIME,1,119.2476,19.967,99.2806,0.110246,-0.022494,0.153209,16,False
high_52w,NCC,2023-03-20,2023-03-21,98.7553,2023-03-28,98.1348,MOMENTUM_FAIL,10,-6.205,20.0873,-26.2923,-0.026566,-0.050749,0.033833,6,False
high_52w,MGL,2023-03-20,2023-03-21,902.8573,2023-03-28,901.8448,MOMENTUM_FAIL,1,-1.0124,19.7402,-20.7526,-0.022935,-0.036289,0.008104,6,False
high_52w,ITC,2023-03-20,2023-03-21,318.0016,2023-03-28,318.7992,MOMENTUM_FAIL,3,2.3926,19.9631,-17.5705,-0.018377,-0.012144,0.014784,6,False
high_52w,CYIENT,2023-03-27,2023-03-28,942.2955,2023-04-21,1104.1873,TARGET,1,161.8918,20.2384,141.6533,0.15,-0.0405,0.1937,15,False
high_52w,GODREJCP,2023-03-27,2023-03-28,915.4795,2023-04-06,919.1841,MOMENTUM_FAIL,1,3.7047,19.8031,-16.0985,-0.017546,-0.020233,0.015409,6,False
high_52w,ZYDUSLIFE,2023-03-27,2023-03-28,470.4437,2023-04-06,482.4025,MOMENTUM_FAIL,2,23.9175,19.9516,3.966,0.004206,0.0,0.033409,6,False
high_52w,USHAMART,2023-03-27,2023-03-28,205.0084,2023-04-24,208.6442,TIME,4,14.5431,19.4222,-4.8791,-0.005937,-0.028612,0.082053,16,False
high_52w,DRREDDY,2023-03-27,2023-03-28,876.4009,2023-04-06,915.4487,MOMENTUM_FAIL,1,39.0478,19.7101,19.3378,0.022017,0.0,0.047178,6,False
high_52w,ITC,2023-03-27,2023-03-28,319.1769,2023-04-06,325.1794,MOMENTUM_FAIL,3,18.0072,20.0098,-2.0026,-0.002087,-0.008022,0.026565,6,False
high_52w,ACE,2023-03-27,2023-03-28,378.3086,2023-04-24,417.1922,TIME,2,77.7673,19.2831,58.4842,0.077128,-0.004069,0.120242,16,False
high_52w,KPITTECH,2023-03-27,2023-03-28,856.3472,2023-04-03,796.4029,STOP,1,-59.9443,19.4238,-79.3681,-0.09248,-0.133212,0.079665,4,False
high_52w,TEGA,2023-03-27,2023-03-28,679.3951,2023-04-24,651.0953,TIME,1,-28.2999,18.7411,-47.0409,-0.069088,-0.048682,0.062958,16,False
high_52w,MAXHEALTH,2023-03-27,2023-03-28,456.5068,2023-04-05,424.5513,STOP,2,-63.911,19.655,-83.566,-0.091328,-0.100784,0.0,5,False
high_52w,MGL,2023-03-27,2023-03-28,887.2114,2023-04-06,904.7899,MOMENTUM_FAIL,1,17.5786,19.712,-2.1334,-0.002399,-0.057054,0.032988,6,False
high_52w,JBMA,2023-04-03,2023-04-05,352.2285,2023-04-24,414.7578,TARGET,2,125.0587,19.1592,105.8996,0.15,-0.016889,0.199915,12,False
high_52w,TITAGARH,2023-04-03,2023-04-05,277.4076,2023-04-20,325.6894,TARGET,3,144.8453,19.739,125.1063,0.15,-0.015805,0.234555,10,False
high_52w,ZENTEC,2023-04-03,2023-04-05,334.0731,2023-04-10,310.688,STOP,2,-46.7702,18.656,-65.4262,-0.097708,-0.087761,0.0,3,False
high_52w,KIRLOSBROS,2023-04-03,2023-04-05,424.0099,2023-04-13,432.6671,MOMENTUM_FAIL,2,17.3146,19.546,-2.2314,-0.002626,-0.035847,0.044084,6,False
high_52w,ACE,2023-04-03,2023-04-05,411.8787,2023-04-13,399.0168,MOMENTUM_FAIL,2,-25.7237,19.3559,-45.0796,-0.054605,-0.039547,0.021703,6,False
high_52w,KSB,2023-04-03,2023-04-05,431.6724,2023-04-13,438.5374,MOMENTUM_FAIL,2,13.7301,19.6034,-5.8733,-0.006788,-0.010663,0.033122,6,False
high_52w,ANANTRAJ,2023-04-03,2023-04-05,124.8852,2023-04-28,140.5704,TIME,7,109.7958,19.8448,89.951,0.102671,0.0,0.156598,16,False
high_52w,MANAPPURAM,2023-04-03,2023-04-05,119.017,2023-04-28,122.5119,TIME,8,27.9595,20.0073,7.9522,0.008334,-0.020635,0.063095,16,False
high_52w,DRREDDY,2023-04-03,2023-04-05,905.8255,2023-04-28,960.3406,TIME,1,54.5151,19.8658,34.6493,0.038168,0.0,0.062366,16,False
high_52w,ZYDUSLIFE,2023-04-03,2023-04-05,476.3987,2023-04-13,491.6766,MOMENTUM_FAIL,2,30.5559,20.0154,10.5406,0.011039,0.0,0.038422,6,False
high_52w,GODREJCP,2023-04-03,2023-04-05,909.2575,2023-04-13,914.9572,MOMENTUM_FAIL,1,5.6996,19.7809,-14.0813,-0.015453,-0.002716,0.023767,6,False
high_52w,GLENMARK,2023-04-03,2023-04-05,473.2944,2023-04-13,486.4415,MOMENTUM_FAIL,2,26.2941,19.9805,6.3136,0.006655,0.0,0.038679,6,False
high_52w,VBL,2023-04-03,2023-04-05,281.1695,2023-04-13,283.2574,MOMENTUM_FAIL,3,6.2635,19.5044,-13.2409,-0.015663,-0.024648,0.029765,6,False
high_52w,JBMA,2023-04-10,2023-04-11,375.8498,2023-05-04,392.5763,TIME,2,33.4531,19.1721,14.2809,0.018957,-0.028543,0.124503,16,False
high_52w,IGL,2023-04-10,2023-04-11,218.9401,2023-05-04,226.3151,TIME,4,29.5001,19.6879,9.8122,0.01118,-0.002878,0.068649,16,False
high_52w,DRREDDY,2023-04-10,2023-04-11,929.7861,2023-04-19,956.3472,MOMENTUM_FAIL,1,26.5611,19.9101,6.651,0.007138,-0.009805,0.034988,6,False
high_52w,MANAPPURAM,2023-04-10,2023-04-11,121.0478,2023-04-19,122.4175,MOMENTUM_FAIL,8,10.9573,20.0413,-9.0839,-0.00936,-0.02302,0.04526,6,False
high_52w,GLENMARK,2023-04-10,2023-04-11,485.2012,2023-05-04,542.7011,TIME,2,114.9998,20.2616,94.7382,0.097415,-0.014315,0.163088,16,False
high_52w,ZYDUSLIFE,2023-04-10,2023-04-11,485.1359,2023-04-19,504.8069,MOMENTUM_FAIL,2,39.3419,20.107,19.2348,0.019781,0.0,0.045176,6,False
high_52w,PGEL,2023-04-10,2023-04-11,143.7218,2023-04-19,143.0526,MOMENTUM_FAIL,6,-4.015,19.563,-23.578,-0.027283,-0.014142,0.019458,6,False
high_52w,RKFORGE,2023-04-10,2023-04-11,306.0642,2023-04-19,304.6766,MOMENTUM_FAIL,3,-4.1628,19.7985,-23.9613,-0.026039,-0.05149,0.020078,6,False
high_52w,ANANTRAJ,2023-04-10,2023-04-11,134.9614,2023-05-04,138.2871,TIME,7,23.2795,19.9665,3.313,0.003499,-0.017653,0.070246,16,False
high_52w,GODREJCP,2023-04-10,2023-04-11,917.1894,2023-04-19,919.3741,MOMENTUM_FAIL,1,2.1848,19.8072,-17.6225,-0.019172,-0.011341,0.014914,6,False
high_52w,ITC,2023-04-10,2023-04-11,326.1868,2023-04-19,334.7497,MOMENTUM_FAIL,3,25.6887,20.1142,5.5745,0.005684,0.0,0.034616,6,False
high_52w,MGL,2023-04-10,2023-04-11,915.742,2023-04-19,930.6057,MOMENTUM_FAIL,1,14.8636,19.8269,-4.9633,-0.005408,-0.013065,0.040201,6,False
high_52w,ABCAPITAL,2023-04-17,2023-04-18,165.9,2023-04-25,160.55,MOMENTUM_FAIL,6,-32.0999,20.0677,-52.1676,-0.052294,-0.053044,0.0,6,False
high_52w,IGL,2023-04-17,2023-04-18,229.6526,2023-04-25,230.9129,MOMENTUM_FAIL,4,5.0412,19.8191,-14.7778,-0.016052,-0.018598,0.01626,6,False
high_52w,PFOCUS,2023-04-17,2023-04-18,108.5,2023-04-18,100.905,STOP,9,-68.355,19.914,-88.269,-0.090196,0.0,0.0,1,False
high_52w,POWERGRID,2023-04-17,2023-04-18,156.6235,2023-04-25,153.979,MOMENTUM_FAIL,6,-15.8673,19.8657,-35.733,-0.037941,-0.034825,0.0,6,False
high_52w,ITC,2023-04-17,2023-04-18,335.799,2023-04-25,345.4952,MOMENTUM_FAIL,2,19.3925,18.8053,0.5872,0.000872,-0.01,0.033875,6,False
high_52w,NCC,2023-04-17,2023-04-18,104.5307,2023-05-10,111.5472,TIME,9,63.148,20.031,43.1171,0.045731,-0.008676,0.158904,16,False
high_52w,ANANTRAJ,2023-04-17,2023-04-18,140.9674,2023-04-25,139.8754,MOMENTUM_FAIL,7,-7.6441,20.081,-27.7252,-0.028036,-0.059507,0.005634,6,False
high_52w,GMRAIRPORT,2023-04-17,2023-04-18,44.75,2023-04-25,44.8,MOMENTUM_FAIL,22,1.1,20.0892,-18.9893,-0.019246,-0.017877,0.014525,6,False
high_52w,INDIANB,2023-04-17,2023-04-18,282.5071,2023-04-25,287.125,MOMENTUM_FAIL,3,13.8537,19.5368,-5.6831,-0.006691,-0.049359,0.039744,6,False
high_52w,GODREJCP,2023-04-17,2023-04-18,927.6383,2023-04-25,914.9572,MOMENTUM_FAIL,1,-12.6812,19.8211,-32.5023,-0.034961,-0.025344,0.016026,6,False
high_52w,GVT&D,2023-04-17,2023-04-18,143.2111,2023-04-25,143.6088,MOMENTUM_FAIL,6,2.3867,19.5631,-17.1764,-0.019946,-0.026736,0.020833,6,False
high_52w,KSB,2023-04-17,2023-04-18,443.4928,2023-04-25,440.545,MOMENTUM_FAIL,2,-5.8954,19.6632,-25.5587,-0.028752,-0.052246,0.0,6,False
high_52w,DLF,2023-04-17,2023-04-18,403.0424,2023-04-25,396.707,MOMENTUM_FAIL,2,-12.6707,19.3079,-31.9785,-0.039585,-0.035277,0.020158,6,False
high_52w,GAIL,2023-04-17,2023-04-18,98.188,2023-04-25,98.0982,MOMENTUM_FAIL,10,-0.8984,20.0741,-20.9726,-0.021313,-0.014639,0.008234,6,False
high_52w,ZYDUSLIFE,2023-04-17,2023-04-18,488.9432,2023-04-25,506.3201,MOMENTUM_FAIL,2,34.7537,20.1298,14.6239,0.014922,0.0,0.04682,6,False
high_52w,GLENMARK,2023-04-17,2023-04-18,484.4074,2023-05-09,567.5068,TARGET,2,166.1988,20.3592,145.8396,0.150206,0.0,0.171549,15,False
high_52w,RVNL,2023-04-24,2023-04-25,87.1591,2023-04-25,102.1082,TARGET,11,164.4401,20.3131,144.1269,0.15,0.0,0.0,1,False
high_52w,IRCON,2023-04-24,2023-04-25,64.9194,2023-05-02,76.0374,TARGET,15,166.7693,20.3814,146.388,0.15,0.0,0.284879,5,False
high_52w,JBMA,2023-04-24,2023-04-25,415.1771,2023-05-02,386.1147,STOP,2,-58.1248,19.3178,-77.4426,-0.093061,-0.071942,0.017926,5,False
high_52w,NCC,2023-04-24,2023-04-25,110.5448,2023-05-17,108.1106,TIME,9,-21.9084,20.0863,-41.9948,-0.042118,-0.044905,0.095855,16,False
high_52w,AEGISLOG,2023-04-24,2023-04-25,394.4869,2023-05-03,378.5666,MOMENTUM_FAIL,2,-31.8407,19.1966,-51.0373,-0.064547,-0.051608,0.0,6,False
high_52w,KIRLOSENG,2023-04-24,2023-04-25,408.2567,2023-04-27,379.6787,STOP,2,-57.1559,19.2613,-76.4172,-0.093386,-0.072847,0.0,3,False
high_52w,ITC,2023-04-24,2023-04-25,343.1026,2023-05-03,358.5913,MOMENTUM_FAIL,2,30.9774,18.8905,12.0869,0.017576,0.0,0.048446,6,False
high_52w,GLENMARK,2023-04-24,2023-04-25,512.0411,2023-05-12,607.3012,TARGET,1,95.2601,18.286,76.9741,0.15,0.0,0.192423,13,False
high_52w,GODREJCP,2023-04-24,2023-04-25,940.0348,2023-04-28,874.2324,STOP,1,-65.8024,19.7653,-85.5677,-0.090828,-0.093573,0.0,4,False
high_52w,ZYDUSLIFE,2023-04-24,2023-04-25,503.0009,2023-05-03,508.3701,MOMENTUM_FAIL,1,5.3692,18.0648,-12.6956,-0.025185,-0.026007,0.024745,6,False
high_52w,ACE,2023-04-24,2023-04-25,419.9732,2023-05-03,436.7086,MOMENTUM_FAIL,2,33.4706,19.5448,13.9258,0.016543,-0.028024,0.045288,6,False
high_52w,CHOICEIN,2023-04-24,2023-04-25,163.5,2023-05-03,164.975,MOMENTUM_FAIL,6,8.85,20.0902,-11.2402,-0.011433,-0.044954,0.035015,6,False
high_52w,GMRAIRPORT,2023-04-24,2023-04-25,44.6,2023-05-17,45.6,TIME,22,22.0,20.1179,1.8821,0.001914,0.0,0.061659,16,False
high_52w,CHOLAFIN,2023-04-24,2023-04-25,837.9604,2023-05-05,983.6942,TARGET,1,145.7338,19.765,125.9689,0.15,-0.011165,0.186531,8,False
high_52w,WELSPUNLIV,2023-05-02,2023-05-03,99.9127,2023-05-05,92.9188,STOP,9,-62.945,19.5987,-82.5437,-0.091595,-0.083375,0.00148,3,False
high_52w,IRCON,2023-05-02,2023-05-03,81.5167,2023-05-09,75.8106,STOP,12,-68.4741,19.921,-88.395,-0.090168,-0.102967,0.033159,5,False
high_52w,RECLTD,2023-05-02,2023-05-03,114.7353,2023-05-10,110.7339,MOMENTUM_FAIL,8,-32.0112,19.7405,-51.7517,-0.056259,-0.040382,0.033774,6,False
high_52w,TDPOWERSYS,2023-05-02,2023-05-03,89.3339,2023-05-03,83.0805,STOP,11,-68.7871,19.9392,-88.7263,-0.090094,0.0,0.0,1,False
high_52w,PFC,2023-05-02,2023-05-03,119.6733,2023-05-10,113.7223,MOMENTUM_FAIL,8,-47.6076,19.8756,-67.4831,-0.070333,-0.055763,0.020121,6,False
high_52w,NCC,2023-05-02,2023-05-03,117.084,2023-05-09,108.8881,STOP,8,-65.567,19.7515,-85.3186,-0.090888,-0.085202,0.030167,5,False
high_52w,ONGC,2023-05-02,2023-05-03,139.4436,2023-05-10,142.9104,MOMENTUM_FAIL,7,24.2677,20.101,4.1667,0.004259,-0.022713,0.029159,6,False
high_52w,SYNGENE,2023-05-02,2023-05-03,686.571,2023-05-10,695.4482,MOMENTUM_FAIL,1,8.8773,18.8471,-9.9698,-0.01449,-0.011413,0.028604,6,False
high_52w,CHOICEIN,2023-05-02,2023-05-03,168.55,2023-05-10,166.325,MOMENTUM_FAIL,5,-11.125,19.4658,-30.5908,-0.03622,-0.041234,0.006081,6,False
high_52w,GVT&D,2023-05-08,2023-05-09,216.8056,2023-05-10,201.6292,STOP,4,-60.7056,19.4682,-80.1738,-0.092247,-0.096101,0.0,2,False
high_52w,M&MFIN,2023-05-08,2023-05-09,270.4431,2023-05-16,260.6205,MOMENTUM_FAIL,3,-29.4679,19.2958,-48.7637,-0.059972,-0.051086,0.0,6,False
high_52w,INDHOTEL,2023-05-08,2023-05-09,367.1411,2023-05-16,359.0471,MOMENTUM_FAIL,2,-16.188,18.9975,-35.1855,-0.047814,-0.057669,0.010754,6,False
high_52w,TMPV,2023-05-08,2023-05-09,489.0644,2023-05-30,505.4315,TIME,2,32.7341,20.1268,12.6074,0.012861,0.0,0.07002,16,False
high_52w,APOLLOTYRE,2023-05-08,2023-05-09,360.7106,2023-05-16,349.6728,MOMENTUM_FAIL,2,-22.0756,18.9312,-41.0068,-0.056718,-0.048881,0.000133,6,False
high_52w,POWERGRID,2023-05-08,2023-05-09,161.3507,2023-05-16,159.0697,MOMENTUM_FAIL,6,-13.6856,19.9899,-33.6755,-0.034709,-0.016595,0.022741,6,False
high_52w,RKFORGE,2023-05-08,2023-05-09,346.4072,2023-05-16,343.628,MOMENTUM_FAIL,2,-5.5584,18.8441,-24.4025,-0.035145,-0.03682,0.00745,6,False
high_52w,DLF,2023-05-08,2023-05-09,422.677,2023-05-30,459.0446,TIME,2,72.7354,19.6476,53.0878,0.062662,-0.02151,0.113044,16,False
high_52w,CHOLAFIN,2023-05-08,2023-05-09,995.2117,2023-05-16,1015.5648,MOMENTUM_FAIL,1,20.353,20.1737,0.1794,0.00018,-0.023901,0.024951,6,False
high_52w,ONGC,2023-05-08,2023-05-09,141.2412,2023-05-16,143.8093,MOMENTUM_FAIL,7,17.9763,20.1413,-2.165,-0.002185,-0.003637,0.024242,6,False
high_52w,ABCAPITAL,2023-05-08,2023-05-09,174.9,2023-05-15,162.657,STOP,5,-61.215,19.4979,-80.7129,-0.092095,-0.082047,0.0,5,False
high_52w,GLENMARK,2023-05-08,2023-05-09,567.5068,2023-05-30,590.8243,TIME,1,23.3174,18.3737,4.9437,0.008692,-0.01897,0.101233,16,False
high_52w,ACE,2023-05-08,2023-05-09,446.2432,2023-05-16,450.2657,MOMENTUM_FAIL,2,8.0449,19.7149,-11.6699,-0.013047,-0.042733,0.044736,6,False
high_52w,ITC,2023-05-08,2023-05-09,363.3345,2023-05-16,355.9049,MOMENTUM_FAIL,2,-14.8591,18.9681,-33.8272,-0.046449,-0.038702,0.0,6,False
high_52w,ZENSARTECH,2023-05-15,2023-05-16,359.5948,2023-05-16,334.4231,STOP,2,-50.3433,18.8642,-69.2075,-0.09602,0.0,0.0,1,False
high_52w,DLF,2023-05-15,2023-05-16,459.1414,2023-05-23,452.5159,MOMENTUM_FAIL,2,-13.251,19.7804,-33.0314,-0.035892,-0.04466,0.013587,6,False
high_52w,SHRIPISTON,2023-05-15,2023-05-16,792.6387,2023-05-23,760.6378,MOMENTUM_FAIL,1,-32.001,19.2117,-51.2127,-0.064469,-0.062112,0.047205,6,False
high_52w,CHOICEIN,2023-05-15,2023-05-16,177.825,2023-05-23,180.325,MOMENTUM_FAIL,5,12.5,19.7097,-7.2097,-0.008091,-0.015886,0.037115,6,False
high_52w,CHOLAHLDNG,2023-05-15,2023-05-16,799.5577,2023-06-06,817.1151,TIME,1,17.5574,19.3418,-1.7845,-0.002227,-0.024766,0.074735,16,False
high_52w,TMPV,2023-05-15,2023-05-16,520.1911,2023-05-23,514.8815,MOMENTUM_FAIL,1,-5.3096,18.1157,-23.4252,-0.044934,-0.054687,0.0,6,False
high_52w,ELECON,2023-05-15,2023-05-16,257.5663,2023-06-06,271.7276,TIME,3,42.4837,19.2792,23.2045,0.029965,-0.007663,0.149234,16,False
high_52w,IDFCFIRSTB,2023-05-15,2023-05-16,66.6355,2023-05-23,65.6417,MOMENTUM_FAIL,14,-13.9134,19.8408,-33.7542,-0.036103,-0.02088,0.011186,6,False
high_52w,MAXHEALTH,2023-05-15,2023-05-16,518.6132,2023-06-06,520.6006,TIME,1,1.9874,18.1239,-16.1365,-0.031047,-0.025675,0.082104,16,False
high_52w,GAIL,2023-05-15,2023-05-16,101.3771,2023-05-18,94.2807,STOP,9,-63.8676,19.6525,-83.5201,-0.09134,-0.071334,0.0,3,False
high_52w,GODREJCP,2023-05-15,2023-05-16,959.1281,2023-05-23,964.8276,MOMENTUM_FAIL,1,5.6996,19.9915,-14.2919,-0.014868,-0.007626,0.021937,6,False
high_52w,KIRLOSENG,2023-05-15,2023-05-16,416.6074,2023-05-19,387.4448,STOP,2,-58.325,19.3294,-77.6545,-0.092995,-0.084163,0.038683,4,False
high_52w,ACE,2023-05-15,2023-05-16,456.6718,2023-05-23,457.6153,MOMENTUM_FAIL,2,1.887,19.7904,-17.9034,-0.019559,-0.032188,0.015659,6,False
high_52w,LUPIN,2023-05-15,2023-05-16,771.7494,2023-05-23,759.8651,MOMENTUM_FAIL,1,-11.8844,19.1645,-31.0489,-0.040144,-0.024588,0.003485,6,False
high_52w,IOC,2023-05-15,2023-05-16,70.296,2023-06-06,73.5886,TIME,14,46.0957,20.1794,25.9164,0.026276,-0.007026,0.070258,16,False
high_52w,RAMCOCEM,2023-05-22,2023-05-23,868.3908,2023-06-13,924.6827,TIME,1,56.2919,19.7114,36.5805,0.042033,-0.00878,0.078677,16,False
high_52w,CGPOWER,2023-05-22,2023-05-23,349.1626,2023-06-13,379.6951,TIME,2,61.065,19.003,42.062,0.060101,0.0,0.131239,16,False
high_52w,TEGA,2023-05-22,2023-05-23,766.5328,2023-06-01,911.6628,TARGET,1,145.13,19.4622,125.6678,0.163586,-0.026603,0.200363,8,False
high_52w,NH,2023-05-22,2023-05-23,822.5376,2023-06-13,945.8688,TIME,1,123.3312,19.6543,103.6769,0.12577,-0.01438,0.155235,16,False
high_52w,POONAWALLA,2023-05-22,2023-05-23,345.0387,2023-05-30,336.6703,MOMENTUM_FAIL,2,-16.737,18.8097,-35.5467,-0.051399,-0.036596,0.017796,6,False
high_52w,AUBANK,2023-05-22,2023-05-23,754.1443,2023-05-30,772.2022,MOMENTUM_FAIL,1,18.0579,19.1511,-1.0932,-0.001446,-0.011279,0.048813,6,False
high_52w,MAXHEALTH,2023-05-22,2023-05-23,554.4859,2023-05-30,532.376,MOMENTUM_FAIL,1,-22.1099,18.2263,-40.3362,-0.072586,-0.052867,0.008065,6,False
high_52w,USHAMART,2023-05-22,2023-05-23,231.7192,2023-05-30,225.1263,MOMENTUM_FAIL,4,-26.3715,19.79,-46.1615,-0.049695,-0.063598,0.0,6,False
high_52w,DLF,2023-05-22,2023-05-23,464.0742,2023-05-30,459.0446,MOMENTUM_FAIL,2,-10.0591,19.8286,-29.8877,-0.032131,-0.036474,0.013756,6,False
high_52w,CHOLAHLDNG,2023-05-22,2023-05-23,826.0434,2023-05-30,822.3524,MOMENTUM_FAIL,1,-3.691,19.4104,-23.1015,-0.027905,-0.013767,0.040275,6,False
high_52w,GODREJCP,2023-05-22,2023-05-23,973.6618,2023-05-30,994.7023,MOMENTUM_FAIL,1,21.0405,20.0841,0.9564,0.00098,-0.009756,0.033122,6,False
high_52w,ICICIBANK,2023-05-22,2023-05-23,921.2338,2023-05-30,919.2501,MOMENTUM_FAIL,1,-1.9837,19.8158,-21.7995,-0.023612,-0.020011,0.005882,6,False
high_52w,ACE,2023-05-22,2023-05-23,459.0058,2023-05-30,451.3582,MOMENTUM_FAIL,2,-15.2952,19.7751,-35.0703,-0.038119,-0.024018,0.016986,6,False
high_52w,RKFORGE,2023-05-29,2023-05-30,386.7056,2023-06-06,374.4473,MOMENTUM_FAIL,2,-24.5165,19.1458,-43.6622,-0.056331,-0.063142,0.021561,6,False
high_52w,SCHNEIDER,2023-05-29,2023-05-30,245.0,2023-06-20,241.2,TIME,4,-15.2,20.0371,-35.2371,-0.035878,-0.041429,0.065306,16,False
high_52w,RAINBOW,2023-05-29,2023-05-30,984.0756,2023-06-01,915.1903,STOP,1,-68.8853,19.9449,-88.8302,-0.090071,-0.109406,0.002917,3,False
high_52w,PGEL,2023-05-29,2023-05-30,160.3012,2023-06-20,160.3612,TIME,6,0.3596,19.9919,-19.6323,-0.020367,-0.009283,0.062928,16,False
high_52w,AUBANK,2023-05-29,2023-05-30,785.4345,2023-06-06,748.0755,MOMENTUM_FAIL,1,-37.359,19.1704,-56.5294,-0.071815,-0.062575,0.0,6,False
high_52w,COALINDIA,2023-05-29,2023-05-30,195.9984,2023-06-02,181.8706,GAP_STOP,5,-70.6391,19.9241,-90.5632,-0.092211,-0.073706,0.0067,4,False
high_52w,ITC,2023-05-29,2023-05-30,378.5341,2023-06-06,380.0791,MOMENTUM_FAIL,2,3.0901,19.133,-16.0429,-0.021145,-0.004535,0.024943,6,False
high_52w,LUPIN,2023-05-29,2023-05-30,792.2902,2023-06-06,803.6855,MOMENTUM_FAIL,1,11.3953,19.2986,-7.9033,-0.009954,-0.010802,0.026358,6,False
high_52w,ANANTRAJ,2023-05-29,2023-05-30,150.2991,2023-06-20,168.5157,TIME,6,109.2994,19.9603,89.339,0.098852,-0.006935,0.138705,16,False
high_52w,IDFCFIRSTB,2023-05-29,2023-05-30,69.766,2023-06-16,81.7106,TARGET,14,167.2236,20.3947,146.829,0.15,0.0,0.173077,14,False
high_52w,TECHNOE,2023-05-29,2023-05-30,365.1956,2023-05-30,339.6319,STOP,2,-51.1274,18.9099,-70.0373,-0.095681,0.0,0.0,1,False
high_52w,LTF,2023-05-29,2023-05-30,97.9264,2023-06-06,101.0013,MOMENTUM_FAIL,10,30.7498,20.1275,10.6223,0.010824,-0.003865,0.033816,6,False
high_52w,THANGAMAYL,2023-05-29,2023-05-30,657.7208,2023-06-20,775.5417,TARGET,1,117.8209,18.9471,98.8738,0.15,-0.00999,0.185329,16,False
high_52w,ZENTEC,2023-05-29,2023-05-30,356.2615,2023-06-05,419.4155,TARGET,2,126.3079,19.1958,107.1121,0.15,0.0,0.214696,5,False
high_52w,ENGINERSIN,2023-05-29,2023-05-30,103.9942,2023-06-06,103.5715,MOMENTUM_FAIL,9,-3.8048,19.8742,-23.679,-0.025244,-0.040199,0.023487,6,False
high_52w,ZENTEC,2023-06-05,2023-06-06,421.7798,2023-06-23,392.2552,STOP,2,-59.0492,19.3717,-78.4208,-0.092761,-0.089727,0.071522,14,False
high_52w,ECLERX,2023-06-05,2023-06-06,855.9962,2023-06-13,832.8369,MOMENTUM_FAIL,1,-23.1593,19.4972,-42.6565,-0.049724,-0.037318,0.014548,6,False
high_52w,NLCINDIA,2023-06-05,2023-06-06,93.0794,2023-06-13,93.8369,MOMENTUM_FAIL,10,7.575,19.8757,-12.3007,-0.013186,-0.014751,0.047304,6,False
high_52w,BEL,2023-06-05,2023-06-06,113.0302,2023-06-27,115.1207,TIME,8,16.7236,19.7822,-3.0586,-0.003375,0.0,0.095484,16,False
high_52w,TDPOWERSYS,2023-06-05,2023-06-06,113.6347,2023-06-13,107.6461,MOMENTUM_FAIL,8,-47.9087,19.671,-67.5797,-0.074177,-0.062718,0.013502,6,False
high_52w,BDL,2023-06-05,2023-06-06,565.6771,2023-06-26,526.0797,STOP,1,-39.5974,18.2379,-57.8353,-0.102018,-0.074085,0.086237,15,False
high_52w,PFC,2023-06-05,2023-06-06,133.7424,2023-06-27,146.272,TIME,7,87.7076,20.0616,67.646,0.072099,0.0,0.114996,16,False
high_52w,GRAVITA,2023-06-05,2023-06-06,622.806,2023-06-06,579.2095,STOP,1,-43.5964,18.471,-62.0674,-0.09944,0.0,0.0,1,False
high_52w,TMPV,2023-06-05,2023-06-06,535.2917,2023-06-13,547.7131,MOMENTUM_FAIL,1,12.4214,18.2155,-5.7941,-0.010801,0.0,0.049322,6,False
high_52w,ANANTRAJ,2023-06-05,2023-06-06,157.8438,2023-06-27,172.5574,TIME,6,88.2816,20.1087,68.1729,0.071826,-0.003145,0.097316,16,False
high_52w,TORNTPOWER,2023-06-05,2023-06-06,562.8259,2023-06-07,665.9509,TARGET,1,103.1249,18.5165,84.6085,0.15,0.0,0.229804,2,False
high_52w,OLECTRA,2023-06-05,2023-06-06,795.8067,2023-06-13,935.0124,TARGET,1,139.2057,19.5737,119.632,0.15,-0.037397,0.181904,6,False
high_52w,M&MFIN,2023-06-05,2023-06-06,276.3183,2023-06-09,256.976,STOP,3,-58.0268,19.3121,-77.3389,-0.093093,-0.074086,0.0,4,False
high_52w,THANGAMAYL,2023-06-05,2023-06-06,736.5404,2023-06-13,718.8397,MOMENTUM_FAIL,1,-17.7007,19.004,-36.7046,-0.049725,-0.052558,0.0,6,False
high_52w,IDFCFIRSTB,2023-06-05,2023-06-06,73.4928,2023-06-13,74.3376,MOMENTUM_FAIL,13,10.9818,19.9865,-9.0047,-0.009404,-0.04192,0.014199,6,False
high_52w,SARDAEN,2023-06-12,2023-06-13,137.2073,2023-06-20,137.0596,MOMENTUM_FAIL,7,-1.0337,19.9834,-21.0171,-0.021835,-0.025615,0.044916,6,False
high_52w,SUZLON,2023-06-12,2023-06-13,15.4,2023-06-14,14.322,STOP,64,-68.992,19.9512,-88.9432,-0.090046,-0.081169,0.0,2,False
high_52w,PRESTIGE,2023-06-12,2023-06-13,561.7375,2023-07-05,573.7675,TIME,1,12.03,18.3264,-6.2964,-0.011184,-0.014159,0.066018,16,False
high_52w,RECLTD,2023-06-12,2023-06-13,130.6988,2023-06-20,134.616,MOMENTUM_FAIL,7,27.4201,19.8489,7.5712,0.008257,-0.029649,0.037705,6,False
high_52w,OLECTRA,2023-06-12,2023-06-13,848.8872,2023-06-20,996.3132,TARGET,1,147.426,19.8146,127.6115,0.15,0.0,0.177,6,False
high_52w,GRSE,2023-06-12,2023-06-13,541.7936,2023-07-05,552.4495,TIME,1,10.6559,18.2394,-7.5835,-0.013967,-0.024248,0.11181,16,False
high_52w,PNBHOUSING,2023-06-12,2023-06-13,560.7441,2023-06-20,581.3278,MOMENTUM_FAIL,1,20.5836,18.3396,2.244,0.003993,-0.017606,0.040493,6,False
high_52w,TEGA,2023-06-12,2023-06-13,942.9966,2023-06-20,937.3266,MOMENTUM_FAIL,1,-5.67,19.9002,-25.5702,-0.027057,-0.042194,0.021044,6,False
high_52w,PFC,2023-06-12,2023-06-13,139.3494,2023-06-20,143.5274,MOMENTUM_FAIL,7,29.2463,20.1083,9.138,0.009348,-0.019004,0.03276,6,False
high_52w,NTPC,2023-06-12,2023-06-13,169.6877,2023-06-20,171.0561,MOMENTUM_FAIL,5,6.8421,19.5264,-12.6843,-0.014918,-0.007796,0.014516,6,False
high_52w,LODHA,2023-06-12,2023-06-13,607.9524,2023-07-05,694.7886,TIME,1,86.8362,18.6739,68.1623,0.111873,0.0,0.17671,16,False
high_52w,ABCAPITAL,2023-06-12,2023-06-13,177.95,2023-06-20,179.6,MOMENTUM_FAIL,5,8.25,19.7037,-11.4537,-0.012845,-0.029222,0.018545,6,False
high_52w,HBLENGINE,2023-06-12,2023-06-13,142.9472,2023-07-05,154.8554,TIME,6,71.4488,19.697,51.7518,0.060207,-0.012149,0.103436,16,False
high_52w,ANANTRAJ,2023-06-12,2023-06-13,167.7711,2023-06-20,168.5157,MOMENTUM_FAIL,5,3.7227,19.4796,-15.7569,-0.018743,-0.04142,0.020118,6,False
high_52w,IOC,2023-06-12,2023-06-13,76.4284,2023-06-20,75.6464,MOMENTUM_FAIL,13,-10.1657,20.1046,-30.2703,-0.0304,-0.016694,0.009155,6,False
high_52w,TITAGARH,2023-06-19,2023-06-20,473.3567,2023-07-12,520.0895,TIME,2,93.4657,20.1178,73.348,0.077307,-0.036733,0.117777,16,False
high_52w,GPIL,2023-06-19,2023-06-20,480.8233,2023-06-27,484.658,MOMENTUM_FAIL,2,7.6694,20.0061,-12.3367,-0.012801,-0.056135,0.04908,6,False
high_52w,M&MFIN,2023-06-19,2023-06-20,291.7866,2023-06-27,291.3276,MOMENTUM_FAIL,3,-1.377,19.6234,-21.0004,-0.023938,-0.052541,0.032248,6,False
high_52w,TARIL,2023-06-19,2023-06-20,44.1015,2023-07-12,50.3305,TIME,22,137.0386,20.3058,116.7328,0.120052,-0.038983,0.168362,16,False
high_52w,HDFCLIFE,2023-06-19,2023-06-20,620.9394,2023-07-12,665.2073,TIME,1,44.2679,18.642,25.6259,0.041179,-0.016348,0.092185,16,False
high_52w,ECLERX,2023-06-19,2023-06-20,889.4375,2023-06-27,845.0654,MOMENTUM_FAIL,1,-44.3721,19.5953,-63.9673,-0.071762,-0.056341,0.001683,6,False
high_52w,INOXWIND,2023-06-19,2023-06-20,40.6875,2023-06-22,37.8394,STOP,24,-68.355,19.914,-88.269,-0.090196,-0.078034,0.027957,3,False
high_52w,CIEINDIA,2023-06-19,2023-06-20,508.476,2023-06-27,497.9508,MOMENTUM_FAIL,1,-10.5252,18.0556,-28.5808,-0.056086,-0.05104,0.00189,6,False
high_52w,KIMS,2023-06-19,2023-06-20,347.8,2023-07-12,376.16,TIME,2,56.72,18.9826,37.7374,0.054133,-0.013513,0.092553,16,False
high_52w,CCL,2023-06-19,2023-06-20,647.6534,2023-06-27,636.1581,MOMENTUM_FAIL,1,-11.4954,18.6413,-30.1366,-0.046431,-0.047054,0.011631,6,False
high_52w,SHYAMMETL,2023-06-19,2023-06-20,344.6186,2023-07-12,347.1801,TIME,2,5.123,18.8507,-13.7277,-0.019874,-0.047313,0.069039,16,False
high_52w,BRIGADE,2023-06-19,2023-06-20,442.6109,2023-06-27,433.8581,MOMENTUM_FAIL,2,-17.5057,19.6322,-37.1378,-0.041862,-0.063013,0.0,6,False
high_52w,MAXHEALTH,2023-06-19,2023-06-20,597.4635,2023-06-27,605.8106,MOMENTUM_FAIL,1,8.3472,18.4698,-10.1226,-0.016906,-0.059875,0.025946,6,False
high_52w,MAZDOCK,2023-06-19,2023-06-20,588.3213,2023-07-10,695.3946,TARGET,1,107.0733,18.6322,88.4411,0.15,-0.040463,0.201362,14,False
high_52w,CHOLAHLDNG,2023-06-19,2023-06-20,931.7866,2023-06-23,866.5615,STOP,1,-65.2251,19.7316,-84.9567,-0.090977,-0.076013,0.0,4,False
high_52w,AUROPHARMA,2023-06-26,2023-06-27,716.1243,2023-07-05,725.6462,MOMENTUM_FAIL,1,9.5219,18.9732,-9.4513,-0.013169,-0.018213,0.027493,6,False
high_52w,ANGELONE,2023-06-26,2023-06-27,160.2513,2023-07-17,149.0337,STOP,6,-67.3056,19.8529,-87.1584,-0.09045,-0.070456,0.068591,14,False
high_52w,SJVN,2023-06-26,2023-06-27,39.9051,2023-07-05,41.5089,MOMENTUM_FAIL,25,40.0939,20.2241,19.8698,0.019874,-0.048464,0.049646,6,False
high_52w,POLICYBZR,2023-06-26,2023-06-27,702.0,2023-07-05,691.6,MOMENTUM_FAIL,1,-10.4,18.873,-29.273,-0.041608,-0.025712,0.028205,6,False
high_52w,TARIL,2023-06-26,2023-06-27,46.3439,2023-07-13,54.2812,TARGET,21,166.6814,20.3788,146.3026,0.15,0.0,0.200538,12,False
high_52w,DRREDDY,2023-06-26,2023-06-27,982.1097,2023-07-05,1008.7488,MOMENTUM_FAIL,1,26.6392,20.1312,6.508,0.006612,-0.007389,0.032361,6,False
high_52w,JBMA,2023-06-26,2023-06-27,532.263,2023-06-30,630.6547,TARGET,1,98.3918,18.3778,80.014,0.15,0.0,0.280256,3,False
high_52w,ZYDUSLIFE,2023-06-26,2023-06-27,547.6633,2023-07-19,593.0577,TIME,1,45.3945,18.3349,27.0595,0.049301,0.0,0.085205,16,False
high_52w,LUPIN,2023-06-26,2023-06-27,859.7817,2023-07-05,877.6816,MOMENTUM_FAIL,1,17.8998,19.5968,-1.697,-0.001969,-0.006769,0.033447,6,False
high_52w,ABCAPITAL,2023-06-26,2023-06-27,185.2,2023-07-19,185.25,TIME,5,0.25,19.8405,-19.5905,-0.02111,-0.020518,0.076134,16,False
high_52w,EXIDEIND,2023-06-26,2023-06-27,228.6694,2023-07-19,243.3465,TIME,4,58.7084,19.9117,38.7967,0.042323,-0.011125,0.101626,16,False
high_52w,LTF,2023-07-03,2023-07-04,128.0612,2023-07-11,125.885,MOMENTUM_FAIL,7,-15.233,19.6841,-34.9171,-0.038866,-0.055042,0.00628,6,False
high_52w,ELECON,2023-07-03,2023-07-04,311.416,2023-07-11,364.9645,TARGET,3,160.6455,20.2019,140.4436,0.15,-0.019319,0.190809,6,False
high_52w,ANANTRAJ,2023-07-03,2023-07-04,185.4519,2023-07-11,183.7094,MOMENTUM_FAIL,5,-8.7125,19.8276,-28.5401,-0.030712,-0.057718,0.0,6,False
high_52w,BANKBARODA,2023-07-03,2023-07-04,182.8313,2023-07-25,178.6864,TIME,5,-20.7245,19.7478,-40.4723,-0.044176,-0.028151,0.050324,16,False
high_52w,JWL,2023-07-03,2023-07-04,181.682,2023-07-10,168.9643,STOP,5,-63.5887,19.6362,-83.225,-0.091416,-0.07459,0.002732,5,False
high_52w,JINDALSAW,2023-07-03,2023-07-04,131.9028,2023-07-11,154.6104,TARGET,7,158.9531,20.1523,138.8008,0.15,-0.029189,0.179752,6,False
high_52w,JBMA,2023-07-03,2023-07-04,691.9618,2023-07-06,643.5245,STOP,1,-48.4373,18.7531,-67.1905,-0.09689,-0.082734,0.092086,3,False
high_52w,IOC,2023-07-03,2023-07-04,79.0213,2023-07-25,81.4907,TIME,12,29.633,19.9943,9.6387,0.010142,-0.027083,0.056771,16,False
high_52w,ITC,2023-07-03,2023-07-04,399.1346,2023-07-11,406.1302,MOMENTUM_FAIL,2,13.9912,19.3291,-5.338,-0.006672,-0.002796,0.033656,6,False
high_52w,HINDPETRO,2023-07-03,2023-07-04,165.1713,2023-07-25,173.4299,TIME,6,49.5514,20.2155,29.3359,0.029537,-0.033217,0.076923,16,False
high_52w,KALYANKJIL,2023-07-03,2023-07-04,148.1855,2023-07-12,175.4516,TARGET,6,163.5969,20.0174,143.5795,0.161134,-0.024667,0.229,7,False
high_52w,ARE&M,2023-07-03,2023-07-04,666.5181,2023-07-11,654.6194,MOMENTUM_FAIL,1,-11.8987,18.7201,-30.6188,-0.045838,-0.02573,0.024863,6,False
high_52w,EXIDEIND,2023-07-03,2023-07-04,234.8338,2023-07-25,244.9121,TIME,4,40.3132,19.9784,20.3348,0.021601,-0.005833,0.072708,16,False
high_52w,M&MFIN,2023-07-03,2023-07-04,315.7924,2023-07-11,299.1765,MOMENTUM_FAIL,3,-49.8476,19.8288,-69.6764,-0.073386,-0.064244,0.003779,6,False
high_52w,INOXWIND,2023-07-10,2023-07-11,48.95,2023-07-18,46.85,MOMENTUM_FAIL,20,-42.0,19.9783,-61.9783,-0.06317,-0.063075,0.038049,6,False
high_52w,MAZDOCK,2023-07-10,2023-07-11,723.8634,2023-07-13,851.9276,TARGET,1,128.0641,19.2472,108.8169,0.15,0.0,0.185705,3,False
high_52w,JINDALSAW,2023-07-10,2023-07-11,147.4008,2023-07-19,172.8885,TARGET,6,152.9265,19.9757,132.9507,0.15,0.0,0.189453,7,False
high_52w,WELCORP,2023-07-10,2023-07-11,304.3414,2023-07-18,300.2155,MOMENTUM_FAIL,3,-12.3779,19.76,-32.1379,-0.035123,-0.049225,0.014687,6,False
high_52w,KIRLOSBROS,2023-07-10,2023-07-11,668.4304,2023-08-01,787.9099,TARGET,1,119.4795,18.9957,100.4838,0.15,-0.010597,0.259032,16,False
high_52w,IIFL,2023-07-10,2023-07-11,537.5655,2023-07-18,547.577,MOMENTUM_FAIL,1,10.0116,18.2202,-8.2087,-0.015237,-0.025688,0.035413,6,False
high_52w,ANANDRATHI,2023-07-10,2023-07-11,231.3039,2023-07-26,271.1156,TARGET,4,159.2467,20.1609,139.0857,0.15,-0.013847,0.175969,12,False
high_52w,SARDAEN,2023-07-10,2023-07-11,154.0764,2023-07-26,180.598,TARGET,6,159.1294,20.1575,138.9719,0.15,0.0,0.206862,12,False
high_52w,ACE,2023-07-10,2023-07-11,602.92,2023-07-26,712.2542,TARGET,1,109.3342,18.6984,90.6357,0.15,-0.028087,0.214068,12,False
high_52w,APOLLOTYRE,2023-07-10,2023-07-11,412.7936,2023-07-18,405.9149,MOMENTUM_FAIL,2,-13.7574,19.388,-33.1453,-0.04006,-0.035851,0.010534,6,False
high_52w,JSWSTEEL,2023-07-10,2023-07-11,802.4288,2023-07-18,778.1754,MOMENTUM_FAIL,1,-24.2534,19.2688,-43.5222,-0.05412,-0.033168,0.0,6,False
high_52w,EXIDEIND,2023-07-10,2023-07-11,247.7007,2023-07-18,242.3191,MOMENTUM_FAIL,4,-21.5265,20.0698,-41.5963,-0.041891,-0.035157,0.016986,6,False
high_52w,BHARTIARTL,2023-07-10,2023-07-11,862.8573,2023-07-18,848.7511,MOMENTUM_FAIL,1,-14.1062,19.5447,-33.6509,-0.038914,-0.030168,0.007472,6,False
high_52w,CANBK,2023-07-10,2023-07-11,60.9267,2023-07-18,59.7711,MOMENTUM_FAIL,16,-18.4891,20.0085,-38.4977,-0.039406,-0.044803,0.004032,6,False
high_52w,PFC,2023-07-10,2023-07-11,158.0244,2023-07-18,156.0188,MOMENTUM_FAIL,6,-12.0338,19.909,-31.9428,-0.033616,-0.02004,0.024494,6,False
high_52w,RBLBANK,2023-07-17,2023-07-18,221.1179,2023-07-25,218.9606,MOMENTUM_FAIL,4,-8.6289,19.6471,-28.276,-0.0319,-0.05765,0.007539,6,False
high_52w,NATIONALUM,2023-07-17,2023-07-18,82.4123,2023-07-25,83.4238,MOMENTUM_FAIL,12,12.138,20.1305,-7.9925,-0.008064,-0.027214,0.013875,6,False
high_52w,GVT&D,2023-07-17,2023-07-18,254.5974,2023-07-25,253.1554,MOMENTUM_FAIL,3,-4.3262,19.1463,-23.4724,-0.030664,-0.062305,0.019727,6,False
high_52w,LTFOODS,2023-07-17,2023-07-18,140.4152,2023-07-24,164.441,TARGET,7,168.181,20.4227,147.7582,0.15,0.0,0.175877,5,False
high_52w,CAPLIPOINT,2023-07-17,2023-07-18,871.2012,2023-07-25,847.6847,MOMENTUM_FAIL,1,-23.5165,19.5607,-43.0772,-0.049338,-0.035953,0.007145,6,False
high_52w,JINDALSAW,2023-07-17,2023-07-18,168.6251,2023-07-28,156.8213,STOP,5,-59.0188,19.3699,-78.3887,-0.092771,-0.089595,0.111272,9,False
high_52w,ZENSARTECH,2023-07-17,2023-07-18,414.0034,2023-08-08,455.3382,TIME,2,82.6697,19.5946,63.0751,0.076011,-0.013267,0.152743,16,False
high_52w,UNITDSPR,2023-07-17,2023-07-18,949.4429,2023-08-08,990.7886,TIME,1,41.3457,20.0232,21.3225,0.022409,-0.017194,0.073585,16,False
high_52w,GRAVITA,2023-07-17,2023-07-18,657.2968,2023-07-24,611.2861,STOP,1,-46.0108,18.6117,-64.6225,-0.098101,-0.085457,0.008995,5,False
high_52w,PNBHOUSING,2023-07-17,2023-07-18,635.7733,2023-08-02,591.2692,STOP,1,-44.5041,18.5239,-63.028,-0.09892,-0.071273,0.085404,12,False
high_52w,USHAMART,2023-07-17,2023-07-18,308.7973,2023-08-08,328.5823,TIME,3,59.355,19.9625,39.3925,0.04243,-0.000785,0.081945,16,False
high_52w,FSL,2023-07-17,2023-07-18,133.1431,2023-07-25,131.2886,MOMENTUM_FAIL,7,-12.9814,19.8389,-32.8203,-0.035138,-0.040714,0.008929,6,False
high_52w,NAVA,2023-07-17,2023-07-18,161.7002,2023-07-25,164.3067,MOMENTUM_FAIL,6,15.6392,20.0585,-4.4193,-0.004545,-0.03304,0.031821,6,False
high_52w,SHYAMMETL,2023-07-17,2023-07-18,375.0117,2023-08-08,414.8625,TIME,2,79.7017,19.2592,60.4424,0.080412,-0.01747,0.130697,16,False
high_52w,ZYDUSLIFE,2023-07-17,2023-07-18,588.7137,2023-07-25,606.969,MOMENTUM_FAIL,1,18.2553,18.453,-0.1976,-0.000335,-0.012852,0.03474,6,False
high_52w,BSOFT,2023-07-17,2023-07-18,367.2184,2023-07-25,360.5894,MOMENTUM_FAIL,2,-13.258,19.0041,-32.2621,-0.043832,-0.025714,0.033506,6,False
high_52w,CANFINHOME,2023-07-24,2023-07-25,875.3972,2023-07-25,814.1194,STOP,1,-61.2778,19.5015,-80.7794,-0.092076,0.0,0.0,1,False
high_52w,PNBHOUSING,2023-07-24,2023-07-25,685.1346,2023-07-27,637.1752,STOP,1,-47.9594,18.7253,-66.6847,-0.097118,-0.089337,0.0,3,False
high_52w,RITES,2023-07-24,2023-07-25,218.6022,2023-07-28,203.3001,STOP,4,-61.2086,19.4975,-80.7061,-0.092097,-0.110156,0.042958,4,False
high_52w,GLENMARK,2023-07-24,2023-07-25,785.1032,2023-08-16,791.2551,TIME,1,6.1519,19.2576,-13.1056,-0.016656,-0.025592,0.057694,16,False
high_52w,PFC,2023-07-24,2023-07-25,170.2695,2023-08-16,185.9277,TIME,5,78.291,19.6842,58.6068,0.06869,-0.020872,0.144038,16,False
high_52w,INOXWIND,2023-07-24,2023-07-25,53.225,2023-08-01,52.1625,MOMENTUM_FAIL,18,-19.125,19.9364,-39.0614,-0.040683,-0.034758,0.03969,6,False
high_52w,RECLTD,2023-07-24,2023-07-25,150.756,2023-08-01,176.7633,TARGET,6,156.0441,20.0671,135.977,0.15,-0.01693,0.173888,6,False
high_52w,ACE,2023-07-24,2023-07-25,670.3084,2023-08-09,790.0787,TARGET,1,119.7703,19.0042,100.7661,0.15,-0.00726,0.182397,12,False
high_52w,ENGINERSIN,2023-07-24,2023-07-25,134.2437,2023-08-16,139.5045,TIME,7,36.8253,19.9728,16.8525,0.017895,0.0,0.124563,16,False
high_52w,JWL,2023-07-24,2023-07-25,210.8207,2023-08-01,196.0632,STOP,4,-59.0298,19.3705,-78.4003,-0.092768,-0.076289,0.10478,6,False
high_52w,MAZDOCK,2023-07-24,2023-07-25,971.6288,2023-07-25,903.6147,STOP,1,-68.014,19.8942,-87.9082,-0.090278,0.0,0.0,1,False
high_52w,RKFORGE,2023-07-24,2023-07-25,525.9633,2023-08-16,591.0262,TIME,1,65.063,18.2833,46.7796,0.088747,0.0,0.131251,16,False
high_52w,SUZLON,2023-07-24,2023-07-25,20.25,2023-07-26,18.05,GAP_STOP,49,-107.8,19.9002,-127.7003,-0.128417,-0.108642,0.0,2,False
high_52w,KEC,2023-07-24,2023-07-25,625.9619,2023-08-16,632.1701,TIME,1,6.2082,18.5857,-12.3775,-0.01973,-0.046935,0.091761,16,False
high_52w,RAILTEL,2023-07-24,2023-07-25,156.2597,2023-08-16,167.8667,TIME,6,69.6423,20.0306,49.6117,0.0528,-0.030331,0.132157,16,False
high_52w,INDIANB,2023-07-24,2023-07-25,314.1612,2023-08-01,324.3376,MOMENTUM_FAIL,3,30.5292,19.9718,10.5575,0.011177,-0.033878,0.039376,6,False
high_52w,BEML,2023-07-31,2023-08-01,984.8085,2023-08-23,1057.1211,TIME,1,72.3126,20.2356,52.077,0.052765,-0.05308,0.094297,16,False
high_52w,BLS,2023-07-31,2023-08-01,238.7794,2023-08-08,243.3088,MOMENTUM_FAIL,4,18.1177,19.9998,-1.8821,-0.001966,-0.024948,0.04701,6,False
high_52w,LTFOODS,2023-07-31,2023-08-01,177.6542,2023-08-08,174.6282,MOMENTUM_FAIL,5,-15.13,19.6499,-34.7799,-0.039069,-0.056044,0.02033,6,False
high_52w,HBLENGINE,2023-07-31,2023-08-01,192.0187,2023-08-07,224.9483,TARGET,5,164.648,20.3192,144.3288,0.15,-0.037726,0.236176,5,False
high_52w,HINDCOPPER,2023-07-31,2023-08-01,140.9403,2023-08-23,145.4519,TIME,7,31.5816,20.1601,11.4215,0.011552,-0.059847,0.118302,16,False
high_52w,NCC,2023-07-31,2023-08-01,152.739,2023-08-02,142.0472,STOP,6,-64.1504,19.669,-83.8193,-0.091263,-0.074687,0.0,2,False
high_52w,NTPC,2023-07-31,2023-08-01,200.2953,2023-08-08,198.4707,MOMENTUM_FAIL,4,-7.2982,19.2981,-26.5963,-0.033124,-0.025279,0.025507,6,False
high_52w,WELSPUNLIV,2023-07-31,2023-08-01,109.2473,2023-08-23,124.0504,TIME,9,133.2284,20.3529,112.8755,0.114551,-0.020325,0.142728,16,False
high_52w,SARDAEN,2023-07-31,2023-08-01,200.7064,2023-08-02,186.6569,STOP,4,-56.1978,19.2055,-75.4032,-0.093717,-0.086035,0.0,2,False
high_52w,NBCC,2023-07-31,2023-08-01,29.9355,2023-08-23,32.6423,TIME,33,89.3233,20.2831,69.0402,0.069735,-0.066738,0.121636,16,False
high_52w,HEGAM,2023-07-31,2023-08-01,347.9101,2023-08-08,331.4825,MOMENTUM_FAIL,2,-32.8553,18.8012,-51.6564,-0.074076,-0.062765,0.0,6,False
high_52w,RECLTD,2023-07-31,2023-08-01,175.6296,2023-08-17,206.0211,TARGET,5,151.9575,19.9474,132.0102,0.15,-0.056897,0.179071,12,False
high_52w,CAPLIPOINT,2023-07-31,2023-08-01,903.1166,2023-08-10,1058.941,TARGET,1,155.8243,20.0607,135.7637,0.15,-0.041794,0.178829,8,False
high_52w,IRFC,2023-07-31,2023-08-01,36.9499,2023-08-04,44.3399,TARGET,27,199.5297,20.5488,178.9809,0.179012,-0.003846,0.238462,4,False
high_52w,ENGINERSIN,2023-07-31,2023-08-01,148.8987,2023-08-02,138.4758,STOP,6,-62.5375,19.575,-82.1124,-0.09171,-0.098107,0.0,2,False
high_52w,POONAWALLA,2023-07-31,2023-08-01,392.2382,2023-08-23,433.0652,TIME,2,81.6541,19.4087,62.2454,0.079173,-0.027672,0.14623,16,False
high_52w,HBLENGINE,2023-08-07,2023-08-08,232.2086,2023-08-10,215.954,STOP,4,-65.0184,19.7196,-84.738,-0.091031,-0.098291,0.0,3,False
high_52w,GVT&D,2023-08-07,2023-08-08,279.2615,2023-08-14,328.4903,TARGET,3,147.6864,19.7682,127.9181,0.152353,0.0,0.176282,5,False
high_52w,BBOX,2023-08-07,2023-08-08,224.6009,2023-08-14,208.8788,STOP,4,-62.8882,19.5954,-82.4837,-0.091611,-0.093833,0.039042,5,False
high_52w,RECLTD,2023-08-07,2023-08-08,184.411,2023-08-29,216.1625,TARGET,5,158.7573,20.1466,138.6107,0.15,-0.002111,0.174518,15,False
high_52w,POONAWALLA,2023-08-07,2023-08-08,434.758,2023-08-16,427.0905,MOMENTUM_FAIL,2,-15.3351,19.5703,-34.9053,-0.040056,-0.035731,0.032066,6,False
high_52w,GRAPHITE,2023-08-07,2023-08-08,447.7588,2023-08-08,416.4157,STOP,2,-62.6862,19.5836,-82.2699,-0.091668,0.0,0.0,1,False
high_52w,HSCL,2023-08-07,2023-08-08,152.6225,2023-08-21,178.9189,TARGET,6,157.7785,20.1179,137.6606,0.15,-0.018923,0.206525,9,False
high_52w,KIRLOSBROS,2023-08-07,2023-08-08,867.8128,2023-08-16,807.0659,STOP,1,-60.7469,19.4706,-80.2175,-0.092235,-0.107473,0.132573,6,False
high_52w,RKFORGE,2023-08-07,2023-08-08,586.6093,2023-08-16,591.0262,MOMENTUM_FAIL,1,4.417,18.4159,-13.9989,-0.023812,-0.046531,0.014298,6,False
high_52w,AUROPHARMA,2023-08-07,2023-08-08,862.9199,2023-08-16,866.6393,MOMENTUM_FAIL,1,3.7194,19.5812,-15.8618,-0.018341,-0.022241,0.020345,6,False
high_52w,LICHSGFIN,2023-08-07,2023-08-08,410.6509,2023-08-16,393.2765,MOMENTUM_FAIL,2,-34.7488,19.3272,-54.076,-0.065698,-0.053993,0.0,6,False
high_52w,BSOFT,2023-08-07,2023-08-08,429.1687,2023-08-16,430.6947,MOMENTUM_FAIL,2,3.0522,19.5605,-16.5083,-0.019191,-0.025114,0.012446,6,False
high_52w,SYNGENE,2023-08-07,2023-08-08,834.5424,2023-08-16,800.0679,MOMENTUM_FAIL,1,-34.4745,19.3836,-53.8581,-0.064395,-0.069167,0.0,6,False
high_52w,POLICYBZR,2023-08-07,2023-08-08,818.0,2023-08-08,760.74,STOP,1,-57.26,19.2674,-76.5274,-0.09335,0.0,0.0,1,False
high_52w,PFC,2023-08-07,2023-08-08,190.0094,2023-08-16,185.9277,MOMENTUM_FAIL,5,-20.4084,19.9,-40.3084,-0.042335,-0.04463,0.009444,6,False
high_52w,GRAVITA,2023-08-14,2023-08-16,741.2574,2023-08-23,732.0927,MOMENTUM_FAIL,1,-9.1647,19.0413,-28.206,-0.037969,-0.057232,0.0,6,False
high_52w,GRSE,2023-08-14,2023-08-16,642.1239,2023-08-16,757.5294,TARGET,1,115.4055,18.8763,96.5292,0.15,0.0,0.0,1,False
high_52w,MOTILALOFS,2023-08-14,2023-08-16,922.7485,2023-08-23,876.8553,MOMENTUM_FAIL,1,-45.8932,19.7328,-65.626,-0.070965,-0.063704,0.005238,6,False
high_52w,KALYANKJIL,2023-08-14,2023-08-16,205.7911,2023-08-31,241.6517,TARGET,4,143.4425,19.6979,123.7446,0.15,0.0,0.25662,12,False
high_52w,KIRLOSENG,2023-08-14,2023-08-16,492.7114,2023-08-22,458.2216,STOP,2,-68.9796,19.9504,-88.93,-0.090049,-0.082918,0.064381,5,False
high_52w,HSCL,2023-08-14,2023-08-16,167.2623,2023-08-28,196.358,TARGET,5,145.4785,19.7575,125.721,0.15,-0.037809,0.202143,9,False
high_52w,J&KBANK,2023-08-14,2023-08-16,74.2224,2023-08-21,86.9448,TARGET,13,165.391,20.341,145.05,0.15,0.0,0.216167,4,False
high_52w,NAVA,2023-08-14,2023-08-16,201.6657,2023-08-17,187.5491,STOP,4,-56.4664,19.2211,-75.6875,-0.093623,-0.08753,0.0,2,False
high_52w,MAHABANK,2023-08-14,2023-08-16,35.5816,2023-08-23,36.5022,MOMENTUM_FAIL,28,25.777,20.1892,5.5878,0.005596,-0.016818,0.037516,6,False
high_52w,OIL,2023-08-14,2023-08-16,167.2696,2023-09-06,173.3009,TIME,5,30.1562,19.5228,10.6334,0.012686,-0.001894,0.068166,16,False
high_52w,VBL,2023-08-14,2023-08-16,344.4461,2023-09-06,367.3059,TIME,2,45.7198,18.9319,26.7879,0.038801,-0.010197,0.085378,16,False
high_52w,BLS,2023-08-21,2023-08-22,280.6273,2023-08-29,277.9687,MOMENTUM_FAIL,3,-7.9756,19.4686,-27.4442,-0.032528,-0.041052,0.035088,6,False
high_52w,J&KBANK,2023-08-21,2023-08-22,89.2094,2023-08-29,83.4896,MOMENTUM_FAIL,11,-62.9176,19.9454,-82.863,-0.084258,-0.067888,0.023707,6,False
high_52w,EIHOTEL,2023-08-21,2023-08-22,236.3323,2023-08-29,229.9049,MOMENTUM_FAIL,4,-25.7097,19.8693,-45.579,-0.04811,-0.036402,0.017992,6,False
high_52w,RKFORGE,2023-08-21,2023-08-22,649.1412,2023-08-29,648.7442,MOMENTUM_FAIL,1,-0.397,18.6702,-19.0672,-0.029309,-0.018272,0.039755,6,False
high_52w,HSCL,2023-08-21,2023-08-22,183.2466,2023-08-29,214.8177,TARGET,5,157.8556,20.1202,137.7354,0.15,-0.00788,0.248098,6,False
high_52w,FSL,2023-08-21,2023-08-22,148.835,2023-09-12,150.0713,TIME,6,7.4179,19.7158,-12.2979,-0.013741,-0.019489,0.116933,16,False
high_52w,LEMONTREE,2023-08-21,2023-08-22,107.0,2023-08-29,103.45,MOMENTUM_FAIL,9,-31.95,19.9312,-51.8812,-0.053757,-0.043925,0.03972,6,False
high_52w,GMRAIRPORT,2023-08-21,2023-08-22,55.9,2023-08-24,65.496,TARGET,17,163.1314,20.2748,142.8566,0.15,0.0,0.189624,3,False
high_52w,KPRMILL,2023-08-21,2023-08-22,696.7241,2023-09-12,755.3256,TIME,1,58.6015,18.9912,39.6103,0.056728,-0.023164,0.125424,16,False
high_52w,EMAMILTD,2023-08-21,2023-08-22,506.0385,2023-08-29,490.856,MOMENTUM_FAIL,1,-15.1825,18.0358,-33.2183,-0.065501,-0.050192,0.021871,6,False
high_52w,USHAMART,2023-08-21,2023-08-22,341.917,2023-08-29,340.5982,MOMENTUM_FAIL,2,-2.6377,18.8121,-21.4498,-0.031299,-0.037143,0.022857,6,False
high_52w,RECLTD,2023-08-21,2023-08-22,210.3242,2023-08-29,214.2702,MOMENTUM_FAIL,4,15.7843,19.5145,-3.7302,-0.004424,-0.018136,0.02981,6,False
high_52w,JSL,2023-08-21,2023-08-22,416.57,2023-08-29,425.2179,MOMENTUM_FAIL,2,17.2958,19.4831,-2.1874,-0.00262,-0.027129,0.033263,6,False
high_52w,JBMA,2023-08-21,2023-08-22,769.4963,2023-08-29,753.4169,MOMENTUM_FAIL,1,-16.0794,19.1464,-35.2258,-0.045678,-0.048197,0.040045,6,False
high_52w,OIL,2023-08-21,2023-08-22,175.9941,2023-08-29,170.1421,MOMENTUM_FAIL,5,-29.2599,19.5861,-48.8459,-0.055388,-0.039872,0.015214,6,False
high_52w,SAMMAANCAP,2023-08-28,2023-08-29,168.7558,2023-09-12,156.9429,STOP,5,-59.0645,19.3725,-78.4371,-0.092756,-0.138342,0.076166,11,False
high_52w,GMDCLTD,2023-08-28,2023-08-29,227.3412,2023-09-11,266.5392,TARGET,4,156.792,20.089,136.7029,0.15,-0.064881,0.173214,10,False
high_52w,RAILTEL,2023-08-28,2023-08-29,191.2598,2023-09-01,224.0719,TARGET,5,164.0605,20.302,143.7585,0.15,-0.012214,0.255471,4,False
high_52w,HSCL,2023-08-28,2023-08-29,200.8741,2023-09-04,235.9733,TARGET,4,140.3966,19.6086,120.788,0.15,0.0,0.264254,5,False
high_52w,SUZLON,2023-08-28,2023-08-29,24.0,2023-09-13,22.2,GAP_STOP,41,-73.8,19.9346,-93.7346,-0.095051,-0.095833,0.127083,12,False
high_52w,GABRIEL,2023-08-28,2023-08-29,319.7734,2023-09-05,322.569,MOMENTUM_FAIL,3,8.3866,19.9978,-11.6111,-0.012077,-0.046012,0.041871,6,False
high_52w,GRAPHITE,2023-08-28,2023-08-29,457.1773,2023-09-05,454.7989,MOMENTUM_FAIL,2,-4.7568,19.7811,-24.5379,-0.026778,-0.029237,0.018416,6,False
high_52w,MINDACORP,2023-08-28,2023-08-29,323.5351,2023-09-20,332.4147,TIME,3,26.6388,20.0826,6.5562,0.00674,-0.010886,0.094756,16,False
high_52w,FEDERALBNK,2023-08-28,2023-08-29,142.5921,2023-09-05,142.4936,MOMENTUM_FAIL,6,-0.591,19.5413,-20.1323,-0.02348,-0.024171,0.006906,6,False
high_52w,AXISBANK,2023-08-28,2023-08-29,987.8297,2023-09-05,979.1006,MOMENTUM_FAIL,1,-8.729,20.0833,-28.8123,-0.029104,-0.021814,0.007877,6,False
high_52w,BSOFT,2023-08-28,2023-08-29,464.3643,2023-09-20,462.5998,TIME,2,-3.5291,19.8443,-23.3734,-0.025112,-0.0114,0.100031,16,False
high_52w,ANGELONE,2023-08-28,2023-08-29,172.3675,2023-09-20,175.3405,TIME,5,14.8651,19.5993,-4.7343,-0.005481,-0.055925,0.072674,16,False
high_52w,PHOENIXLTD,2023-08-28,2023-08-29,884.6353,2023-09-20,910.7698,TIME,1,26.1345,19.7185,6.4159,0.007237,-0.019838,0.067596,16,False
high_52w,RECLTD,2023-08-28,2023-08-29,213.9633,2023-09-05,210.7188,MOMENTUM_FAIL,4,-12.9781,19.5174,-32.4954,-0.037886,-0.055123,0.021516,6,False
high_52w,MRPL,2023-08-28,2023-08-29,91.1187,2023-09-12,84.7404,STOP,10,-63.7831,19.6476,-83.4307,-0.091363,-0.096296,0.051852,11,False
high_52w,MMTC,2023-09-04,2023-09-05,54.0,2023-09-06,66.45,TARGET,18,224.0999,20.4905,203.6094,0.209018,0.0,0.283333,2,False
high_52w,HSCL,2023-09-04,2023-09-05,253.9559,2023-09-12,236.179,STOP,3,-53.3307,19.0384,-72.3691,-0.094782,-0.092157,0.133137,6,False
high_52w,IRCON,2023-09-04,2023-09-05,123.2183,2023-09-11,144.2959,TARGET,8,168.6208,20.4356,148.1852,0.15,-0.062937,0.245921,5,False
high_52w,NATIONALUM,2023-09-04,2023-09-05,91.7793,2023-09-12,83.9075,MOMENTUM_FAIL,10,-78.7184,19.6451,-98.3634,-0.10694,-0.088644,0.0,6,False
high_52w,NMDC,2023-09-04,2023-09-05,40.943,2023-09-27,41.9894,TIME,24,25.1141,20.1302,4.9838,0.005061,-0.023398,0.110511,16,False
high_52w,SAIL,2023-09-04,2023-09-05,98.4923,2023-09-12,89.5168,MOMENTUM_FAIL,10,-89.7554,19.906,-109.6614,-0.111097,-0.097431,0.0,6,False
high_52w,RVNL,2023-09-04,2023-09-05,155.2553,2023-09-11,181.9594,TARGET,6,160.2248,20.1896,140.0352,0.15,-0.063291,0.213608,5,False
high_52w,NBCC,2023-09-04,2023-09-05,36.7009,2023-09-27,38.2315,TIME,27,41.3251,20.1983,21.1269,0.021274,-0.049689,0.12866,16,False
high_52w,IFCI,2023-09-04,2023-09-05,17.8,2023-09-12,15.85,MOMENTUM_FAIL,56,-109.1999,19.9166,-129.1165,-0.129248,-0.117978,0.033708,6,False
high_52w,BSE,2023-09-04,2023-09-05,395.5144,2023-09-06,367.8284,STOP,2,-55.372,19.1573,-74.5294,-0.094013,-0.076667,0.024167,2,False
high_52w,CESC,2023-09-04,2023-09-05,79.9149,2023-09-12,75.3533,MOMENTUM_FAIL,12,-54.7385,19.8678,-74.6062,-0.077628,-0.060922,0.036224,6,False
high_52w,JMFINANCIL,2023-09-04,2023-09-05,83.9109,2023-09-13,78.0372,STOP,11,-64.6114,19.6958,-84.3073,-0.091139,-0.076709,0.066148,7,False
high_52w,BRIGADE,2023-09-04,2023-09-05,472.536,2023-09-12,451.025,MOMENTUM_FAIL,2,-43.0221,19.8329,-62.855,-0.066363,-0.065527,0.023785,6,False
high_52w,MAHABANK,2023-09-04,2023-09-05,38.5275,2023-09-18,45.1326,TARGET,25,165.1273,20.3333,144.7941,0.15,-0.041816,0.228196,10,False
high_52w,IDFCFIRSTB,2023-09-04,2023-09-05,98.2886,2023-09-12,92.8723,MOMENTUM_FAIL,10,-54.1631,19.9699,-74.133,-0.075259,-0.059656,0.008595,6,False
high_52w,JSL,2023-09-04,2023-09-05,476.1221,2023-09-25,442.7936,STOP,2,-66.6571,19.8151,-86.4722,-0.090611,-0.089112,0.116615,14,False
high_52w,LICHSGFIN,2023-09-04,2023-09-05,429.6918,2023-09-12,417.7612,MOMENTUM_FAIL,2,-23.8611,19.5101,-43.3712,-0.050358,-0.030863,0.015487,6,False
high_52w,JSWENERGY,2023-09-11,2023-09-12,428.3727,2023-09-12,398.3866,STOP,2,-59.9722,19.4254,-79.3976,-0.092471,0.0,0.0,1,False
high_52w,GMDCLTD,2023-09-11,2023-09-12,261.6228,2023-09-12,243.3092,STOP,3,-54.9408,19.1322,-74.073,-0.09417,0.0,0.0,1,False
high_52w,CUPID,2023-09-11,2023-09-12,4.1496,2023-09-12,3.8591,STOP,240,-69.7125,19.9932,-89.7057,-0.089879,0.0,0.0,1,False
high_52w,JSL,2023-09-11,2023-09-12,516.8554,2023-09-12,480.6755,STOP,1,-36.1799,18.0387,-54.2186,-0.104672,0.0,0.0,1,False
high_52w,EMAMILTD,2023-09-11,2023-09-12,541.9375,2023-09-20,513.3223,MOMENTUM_FAIL,1,-28.6151,18.16,-46.7752,-0.086123,-0.069297,0.005411,6,False
high_52w,CHENNPETRO,2023-09-11,2023-09-12,462.3027,2023-10-05,449.6412,TIME,2,-25.323,19.7825,-45.1055,-0.048677,-0.042495,0.070955,16,False
high_52w,MAHABANK,2023-09-11,2023-09-12,41.1513,2023-09-12,38.2707,STOP,24,-69.1341,19.9594,-89.0936,-0.090013,0.0,0.0,1,False
high_52w,IDEA,2023-09-11,2023-09-12,11.4,2023-09-12,10.602,STOP,87,-69.426,19.9765,-89.4025,-0.089945,0.0,0.0,1,False
high_52w,TARIL,2023-09-11,2023-09-12,77.3708,2023-09-12,71.9548,STOP,12,-64.9914,19.718,-84.7094,-0.091039,0.0,0.0,1,False
high_52w,CANBK,2023-09-11,2023-09-12,65.8766,2023-09-20,67.5144,MOMENTUM_FAIL,15,24.5672,20.1524,4.4147,0.004458,-0.046823,0.041437,6,False
high_52w,LODHA,2023-09-11,2023-09-12,811.0347,2023-09-12,754.2622,STOP,1,-56.7724,19.239,-76.0114,-0.093517,0.0,0.0,1,False
high_52w,ANANTRAJ,2023-09-11,2023-09-12,232.3003,2023-09-12,216.0393,STOP,4,-65.0441,19.7211,-84.7652,-0.091025,0.0,0.0,1,False
high_52w,IOB,2023-09-18,2023-09-20,45.4,2023-09-21,42.222,STOP,21,-66.738,19.8198,-86.5578,-0.09059,-0.081498,0.056167,2,False
high_52w,UCOBANK,2023-09-18,2023-09-20,44.2285,2023-09-21,41.1325,STOP,22,-68.1118,19.8999,-88.0117,-0.090254,-0.10262,0.012009,2,False
high_52w,CENTRALBK,2023-09-18,2023-09-20,48.5771,2023-09-21,45.1767,STOP,20,-68.0079,19.8938,-87.9017,-0.090279,-0.083333,0.008928,2,False
high_52w,GVT&D,2023-09-18,2023-09-20,400.792,2023-09-22,372.7366,STOP,2,-56.1109,19.2004,-75.3113,-0.093748,-0.076923,0.030521,3,False
high_52w,MAHABANK,2023-09-18,2023-09-20,43.5449,2023-09-27,43.6369,MOMENTUM_FAIL,22,2.0254,19.9792,-17.9538,-0.0187,-0.063425,0.021142,6,False
high_52w,PNB,2023-09-18,2023-09-20,71.6816,2023-10-12,70.7015,TIME,13,-12.7402,19.8388,-32.579,-0.034885,-0.051432,0.08724,16,False
high_52w,BANKBARODA,2023-09-18,2023-09-20,197.6346,2023-09-27,195.7215,MOMENTUM_FAIL,5,-9.5652,20.083,-29.6483,-0.029938,-0.048398,0.011523,6,False
high_52w,CANBK,2023-09-18,2023-09-20,67.3506,2023-09-27,68.1058,MOMENTUM_FAIL,14,10.5731,19.9329,-9.3598,-0.009905,-0.025669,0.042961,6,False
high_52w,GRAVITA,2023-09-18,2023-09-20,816.0989,2023-10-12,938.4816,TIME,1,122.3826,19.6251,102.7575,0.125638,-0.045656,0.171028,16,False
high_52w,UNIONBANK,2023-09-18,2023-09-20,90.5235,2023-10-12,95.0085,TIME,11,49.3348,20.235,29.0998,0.02916,-0.034378,0.146107,16,False
high_52w,BANKINDIA,2023-09-18,2023-09-20,99.9086,2023-09-27,98.9949,MOMENTUM_FAIL,9,-8.2229,19.71,-27.9329,-0.030997,-0.031093,0.021491,6,False
high_52w,IFCI,2023-09-18,2023-09-20,18.65,2023-09-22,21.8394,TARGET,53,169.0395,20.4479,148.5916,0.15,0.0,0.254692,3,False
high_52w,BERGEPAINT,2023-09-18,2023-09-20,603.9759,2023-09-28,561.6975,STOP,1,-42.2783,18.3942,-60.6725,-0.100236,-0.081571,0.102521,7,False
high_52w,TATAINVEST,2023-09-25,2023-09-26,293.5901,2023-09-28,344.378,TARGET,3,152.3636,19.9593,132.4044,0.15,-0.005042,0.183529,3,False
high_52w,MCX,2023-09-25,2023-09-26,379.911,2023-10-18,435.4784,TIME,2,111.1348,19.3646,91.7702,0.120515,-0.009483,0.157262,16,False
high_52w,PNB,2023-09-25,2023-09-26,74.855,2023-10-04,74.435,MOMENTUM_FAIL,13,-5.4602,20.0278,-25.488,-0.026135,-0.012469,0.041147,6,False
high_52w,ANANDRATHI,2023-09-25,2023-09-26,400.8151,2023-10-09,470.8689,TARGET,2,140.1076,19.6001,120.5074,0.15,0.0,0.212196,9,False
high_52w,TATACONSUM,2023-09-25,2023-09-26,887.2465,2023-10-04,845.3575,MOMENTUM_FAIL,1,-41.889,19.5911,-61.48,-0.069142,-0.057955,0.0,6,False
high_52w,COALINDIA,2023-09-25,2023-09-26,233.6094,2023-10-04,233.2044,MOMENTUM_FAIL,4,-1.6197,19.8723,-21.492,-0.02295,-0.013694,0.031375,6,False
high_52w,INDIANB,2023-09-25,2023-09-26,402.2943,2023-10-04,404.1616,MOMENTUM_FAIL,2,3.7344,19.3349,-15.6005,-0.019347,-0.061731,0.036203,6,False
high_52w,UNIONBANK,2023-09-25,2023-09-26,93.5898,2023-10-18,93.4982,TIME,10,-0.9153,19.8799,-20.7953,-0.022171,-0.031785,0.108557,16,False
high_52w,BANKBARODA,2023-09-25,2023-09-26,198.1356,2023-10-04,193.4897,MOMENTUM_FAIL,5,-23.2297,20.0658,-43.2955,-0.043608,-0.035632,0.003218,6,False
high_52w,JKTYRE,2023-09-25,2023-09-26,272.5217,2023-10-04,267.8096,MOMENTUM_FAIL,3,-14.1362,19.3533,-33.4895,-0.040873,-0.029946,0.01426,6,False
high_52w,CHOICEIN,2023-09-25,2023-09-26,208.35,2023-10-04,211.1,MOMENTUM_FAIL,4,11.0,19.4714,-8.4714,-0.010143,-0.011279,0.020518,6,False
high_52w,SHRIRAMFIN,2023-09-25,2023-09-26,370.4461,2023-10-04,353.0111,MOMENTUM_FAIL,2,-34.8701,18.9874,-53.8574,-0.072534,-0.051751,0.0,6,False
high_52w,LICHSGFIN,2023-09-25,2023-09-26,440.1489,2023-10-04,444.2842,MOMENTUM_FAIL,2,8.2706,19.6639,-11.3933,-0.012914,-0.013499,0.038877,6,False
high_52w,UNIONBANK,2023-10-03,2023-10-04,102.6055,2023-10-04,95.4231,STOP,9,-64.6415,19.6976,-84.3391,-0.091131,0.0,0.0,1,False
high_52w,GMDCLTD,2023-10-03,2023-10-04,307.1431,2023-10-10,360.0299,TARGET,3,158.6603,20.1438,138.5166,0.15,-0.031987,0.173707,5,False
high_52w,COHANCE,2023-10-03,2023-10-04,570.0,2023-10-11,573.45,MOMENTUM_FAIL,1,3.45,18.3438,-14.8938,-0.026072,-0.043684,0.010702,6,False
high_52w,LICHSGFIN,2023-10-03,2023-10-04,453.4579,2023-10-11,450.5585,MOMENTUM_FAIL,2,-5.7989,19.7476,-25.5465,-0.028107,-0.041509,0.002096,6,False
high_52w,PNB,2023-10-03,2023-10-04,77.1883,2023-10-05,71.7852,STOP,12,-64.8382,19.7091,-84.5473,-0.091079,-0.077993,0.0,2,False
high_52w,PNBHOUSING,2023-10-03,2023-10-04,728.6219,2023-10-11,716.084,MOMENTUM_FAIL,1,-12.5378,18.981,-31.5189,-0.043164,-0.054468,0.005352,6,False
high_52w,ANANDRATHI,2023-10-03,2023-10-04,428.2005,2023-10-26,450.0735,TIME,2,43.7461,19.6352,24.1109,0.028092,0.0,0.13467,16,False
high_52w,ETERNAL,2023-10-03,2023-10-04,104.4,2023-10-26,106.45,TIME,9,18.45,19.935,-1.485,-0.001577,-0.032567,0.10249,16,False
high_52w,PCBL,2023-10-03,2023-10-04,169.03,2023-10-12,198.3995,TARGET,5,146.8473,19.7976,127.0497,0.15,-0.000833,0.175,7,False
high_52w,TORNTPOWER,2023-10-03,2023-10-04,718.0133,2023-10-11,718.3014,MOMENTUM_FAIL,1,0.2881,18.9624,-18.6743,-0.025952,-0.052881,0.017248,6,False
high_52w,RECLTD,2023-10-03,2023-10-04,255.7038,2023-10-11,255.7037,MOMENTUM_FAIL,3,-0.0001,19.1691,-19.1691,-0.024934,-0.047668,0.009088,6,False
high_52w,KIRLOSENG,2023-10-03,2023-10-04,542.1103,2023-10-09,504.1626,STOP,1,-37.9477,18.1418,-56.0895,-0.103239,-0.080707,0.0,4,False
high_52w,RBLBANK,2023-10-03,2023-10-04,251.3738,2023-10-11,242.784,MOMENTUM_FAIL,3,-25.7693,19.0618,-44.8311,-0.059318,-0.064218,0.008248,6,False
high_52w,CHOICEIN,2023-10-03,2023-10-04,211.5,2023-10-11,208.875,MOMENTUM_FAIL,4,-10.5,19.4808,-29.9808,-0.035361,-0.016667,0.011229,6,False
high_52w,SUZLON,2023-10-03,2023-10-04,27.35,2023-10-19,32.029,TARGET,36,168.4433,20.4304,148.0129,0.15,-0.038391,0.173675,12,False
high_52w,CANBK,2023-10-03,2023-10-04,69.7527,2023-10-11,67.3051,MOMENTUM_FAIL,14,-34.2667,19.9836,-54.2503,-0.055433,-0.0527,0.0,6,False
high_52w,BAJFINANCE,2023-10-03,2023-10-04,788.746,2023-10-11,796.3091,MOMENTUM_FAIL,1,7.5631,19.2758,-11.7127,-0.014817,-0.024685,0.02081,6,False
high_52w,ANANDRATHI,2023-10-09,2023-10-10,470.5906,2023-10-17,439.916,MOMENTUM_FAIL,2,-61.3492,19.7792,-81.1284,-0.08601,-0.07322,0.010471,6,False
high_52w,OIL,2023-10-09,2023-10-10,195.0439,2023-10-26,181.3909,STOP,5,-68.2654,19.9088,-88.1742,-0.090217,-0.073742,0.067296,12,False
high_52w,ITI,2023-10-09,2023-10-10,215.95,2023-10-13,253.3839,TARGET,4,149.7355,19.8822,129.8533,0.15,0.0,0.255383,4,False
high_52w,PCBL,2023-10-09,2023-10-10,188.0928,2023-10-23,174.9263,STOP,5,-65.8325,19.767,-85.5995,-0.09082,-0.076385,0.055916,10,False
high_52w,ANGELONE,2023-10-09,2023-10-10,196.1324,2023-10-23,229.6991,TARGET,5,167.8334,20.4125,147.4209,0.15,-0.00438,0.192772,10,False
high_52w,RAMCOCEM,2023-10-09,2023-10-10,942.7091,2023-11-01,976.8486,TIME,1,34.1395,19.9801,14.1594,0.014987,-0.00179,0.069797,16,False
high_52w,CHOICEIN,2023-10-09,2023-10-10,211.45,2023-10-17,217.35,MOMENTUM_FAIL,4,23.6,19.5494,4.0506,0.004779,-0.016434,0.0428,6,False
high_52w,DLF,2023-10-09,2023-10-10,530.7616,2023-11-01,560.3972,TIME,1,29.6357,18.2315,11.4042,0.02144,-0.056846,0.077785,16,False
high_52w,IPCALAB,2023-10-09,2023-10-10,931.0636,2023-10-17,963.8985,MOMENTUM_FAIL,1,32.8349,19.9282,12.9066,0.013832,-0.002979,0.042287,6,False
high_52w,BAJFINANCE,2023-10-09,2023-10-10,791.6946,2023-10-17,795.4294,MOMENTUM_FAIL,1,3.7349,19.2805,-15.5456,-0.019593,-0.012284,0.014649,6,False
high_52w,AUROPHARMA,2023-10-09,2023-10-10,903.6853,2023-10-17,900.809,MOMENTUM_FAIL,1,-2.8763,19.7399,-22.6162,-0.024972,-0.017561,0.014653,6,False
high_52w,SOBHA,2023-10-09,2023-10-10,716.4797,2023-11-01,717.4225,TIME,1,0.9427,18.9572,-18.0145,-0.025088,-0.063296,0.088643,16,False
high_52w,COHANCE,2023-10-09,2023-10-10,565.05,2023-11-01,573.15,TIME,1,8.1,18.3324,-10.2324,-0.018069,-0.042563,0.061853,16,False
high_52w,FACT,2023-10-16,2023-10-17,666.5734,2023-11-01,785.7652,TARGET,1,119.1919,18.9873,100.2046,0.15,-0.046667,0.205993,11,False
high_52w,ITI,2023-10-16,2023-10-17,292.7,2023-10-23,272.211,STOP,3,-61.467,19.5126,-80.9796,-0.09202,-0.097369,0.153058,5,False
high_52w,IIFL,2023-10-16,2023-10-17,667.7155,2023-10-23,620.9754,STOP,1,-46.7401,18.6542,-65.3943,-0.097724,-0.102666,0.037004,5,False
high_52w,KALYANKJIL,2023-10-16,2023-10-17,286.8889,2023-10-19,266.8067,STOP,3,-60.2467,19.4414,-79.6881,-0.092387,-0.082542,0.069764,3,False
high_52w,GRAVITA,2023-10-16,2023-10-17,980.1511,2023-10-25,939.0266,MOMENTUM_FAIL,1,-41.1245,19.9849,-61.1094,-0.062211,-0.06885,0.031241,6,False
high_52w,KPIL,2023-10-16,2023-10-17,687.3225,2023-10-25,651.4409,MOMENTUM_FAIL,1,-35.8816,18.7591,-54.6408,-0.079325,-0.0633,0.029801,6,False
high_52w,SOBHA,2023-10-16,2023-10-17,777.0133,2023-10-23,722.6224,STOP,1,-54.3909,19.1001,-73.4911,-0.094375,-0.112388,0.0,5,False
high_52w,MCX,2023-10-16,2023-10-17,436.6793,2023-11-03,512.2872,TARGET,2,151.2158,19.9256,131.2902,0.15,-0.022727,0.181818,13,False
high_52w,NMDC,2023-10-16,2023-10-17,48.9753,2023-10-23,45.547,STOP,20,-68.5654,19.9263,-88.4917,-0.090146,-0.094794,0.002107,5,False
high_52w,ANANTRAJ,2023-10-16,2023-10-17,239.9673,2023-10-23,223.1696,STOP,4,-67.1908,19.8462,-87.037,-0.090478,-0.087137,0.011618,5,False
high_52w,WELCORP,2023-10-16,2023-10-17,440.1064,2023-10-23,409.299,STOP,2,-61.6149,19.5212,-81.1361,-0.091977,-0.091518,0.014397,5,False
high_52w,COALINDIA,2023-10-16,2023-10-17,253.4918,2023-10-25,251.3052,MOMENTUM_FAIL,3,-6.5597,19.1277,-25.6874,-0.033704,-0.025559,0.021566,6,False
high_52w,WELSPUNLIV,2023-10-16,2023-10-17,128.8368,2023-10-25,119.8182,STOP,7,-63.13,19.6095,-82.7395,-0.091543,-0.078897,0.110685,6,False
high_52w,CHOICEIN,2023-10-16,2023-10-17,219.5,2023-10-23,204.135,STOP,4,-61.46,19.5122,-80.9722,-0.092022,-0.072893,0.0,5,False
high_52w,IPCALAB,2023-10-16,2023-10-17,959.1441,2023-10-25,984.1541,MOMENTUM_FAIL,1,25.01,20.0309,4.9791,0.00518,-0.036402,0.041979,6,False
high_52w,MRPL,2023-10-16,2023-10-17,100.2788,2023-10-23,93.2593,STOP,9,-63.1757,19.6122,-82.7878,-0.091531,-0.083654,0.128846,5,False
high_52w,BSE,2023-10-23,2023-10-25,576.7919,2023-10-26,536.4165,STOP,1,-40.3754,18.2833,-58.6587,-0.101476,-0.093629,0.045571,2,False
high_52w,IPCALAB,2023-10-23,2023-10-25,988.5122,2023-11-01,969.4453,MOMENTUM_FAIL,1,-19.0669,20.0651,-39.1321,-0.0395,-0.038076,0.001703,6,False
high_52w,KPIL,2023-10-23,2023-10-25,674.6124,2023-10-26,627.3895,STOP,1,-47.2229,18.6824,-65.9052,-0.09748,-0.073478,0.0,2,False
high_52w,BHARTIARTL,2023-10-23,2023-10-25,900.5197,2023-11-01,889.6602,MOMENTUM_FAIL,1,-10.8595,19.7103,-30.5698,-0.033873,-0.031527,0.007949,6,False
high_52w,ONGC,2023-10-23,2023-10-25,158.6793,2023-11-01,160.2674,MOMENTUM_FAIL,6,9.5284,19.9695,-10.4411,-0.010943,-0.026779,0.026778,6,False
high_52w,WELSPUNLIV,2023-10-30,2023-10-31,152.8672,2023-11-07,146.9953,MOMENTUM_FAIL,6,-35.2315,19.7311,-54.9626,-0.059793,-0.054551,0.022918,6,False
high_52w,JINDALSAW,2023-10-30,2023-10-31,205.6641,2023-11-10,241.5051,TARGET,4,143.3638,19.6955,123.6683,0.15,0.0,0.175356,9,False
high_52w,ANGELONE,2023-10-30,2023-10-31,245.8447,2023-11-15,287.9083,TARGET,4,168.2542,20.4249,147.8293,0.15,-0.026396,0.20656,11,False
high_52w,SWANCORP,2023-10-30,2023-10-31,394.2575,2023-11-07,386.0146,MOMENTUM_FAIL,2,-16.4857,19.2259,-35.7116,-0.045191,-0.066523,0.010517,6,False
high_52w,BBOX,2023-10-30,2023-10-31,253.0496,2023-11-07,233.569,MOMENTUM_FAIL,3,-58.4421,19.0165,-77.4585,-0.101811,-0.083087,0.037015,6,False
high_52w,BSE,2023-10-30,2023-10-31,626.2312,2023-11-02,582.395,STOP,1,-43.8362,18.485,-62.3212,-0.099301,-0.078684,0.0,3,False
high_52w,KPRMILL,2023-10-30,2023-10-31,814.8129,2023-11-07,760.0491,MOMENTUM_FAIL,1,-54.7638,19.259,-74.0228,-0.090648,-0.072464,0.0,6,False
high_52w,CANBK,2023-10-30,2023-10-31,69.8437,2023-11-07,70.5261,MOMENTUM_FAIL,14,9.5539,20.0782,-10.5244,-0.01074,-0.009901,0.023449,6,False
high_52w,ANANTRAJ,2023-10-30,2023-10-31,240.4652,2023-11-07,245.4437,MOMENTUM_FAIL,4,19.9143,20.032,-0.1177,-0.000122,-0.046377,0.030642,6,False
high_52w,COALINDIA,2023-10-30,2023-10-31,256.5289,2023-11-07,254.5042,MOMENTUM_FAIL,3,-6.0741,19.1672,-25.2413,-0.032727,-0.034412,0.00884,6,False
high_52w,ONGC,2023-10-30,2023-10-31,162.4135,2023-11-07,165.8472,MOMENTUM_FAIL,6,20.6021,20.0866,0.5155,0.000528,-0.021935,0.046512,6,False
high_52w,CUPID,2023-10-30,2023-10-31,6.22,2023-11-03,7.283,TARGET,160,170.0849,20.4785,149.6064,0.15,-0.011254,0.200965,4,False
high_52w,INOXWIND,2023-10-30,2023-10-31,53.85,2023-11-13,63.0763,TARGET,18,166.0738,20.361,145.7129,0.15,-0.03273,0.197772,10,False
high_52w,MOTILALOFS,2023-10-30,2023-10-31,986.218,2023-11-15,1154.9118,TARGET,1,168.6939,20.4378,148.2561,0.15,-0.045544,0.225743,11,False
high_52w,JPPOWER,2023-11-06,2023-11-07,12.65,2023-11-09,14.8137,TARGET,78,168.7685,20.4399,148.3286,0.15,0.0,0.185771,3,False
high_52w,SUZLON,2023-11-06,2023-11-07,37.0,2023-11-17,43.344,TARGET,26,164.9433,20.3279,144.6155,0.15,-0.005405,0.189189,8,False
high_52w,INOXWIND,2023-11-06,2023-11-07,60.85,2023-11-28,71.2712,TARGET,16,166.7398,20.3805,146.3593,0.15,-0.042728,0.172761,14,False
high_52w,KALYANKJIL,2023-11-06,2023-11-07,320.8241,2023-11-30,322.1122,TIME,3,3.8642,20.0019,-16.1377,-0.01673,-0.06084,0.109172,16,False
high_52w,ETERNAL,2023-11-06,2023-11-07,123.55,2023-11-15,120.25,MOMENTUM_FAIL,8,-26.4,20.0497,-46.4497,-0.046892,-0.030757,0.017402,6,False
high_52w,CDSL,2023-11-06,2023-11-07,785.1351,2023-11-13,922.6882,TARGET,1,137.553,19.5253,118.0277,0.15,-0.01132,0.176616,5,False
high_52w,NAM-INDIA,2023-11-06,2023-11-07,374.4748,2023-11-15,380.8043,MOMENTUM_FAIL,2,12.659,19.1182,-6.4592,-0.008606,-0.025657,0.041509,6,False
high_52w,JINDALSAW,2023-11-06,2023-11-07,230.4949,2023-11-30,226.4499,TIME,4,-16.1803,19.7901,-35.9704,-0.038929,-0.061635,0.08891,16,False
high_52w,BRIGADE,2023-11-06,2023-11-07,509.4919,2023-11-30,604.3572,TARGET,1,94.8653,18.2745,76.5909,0.15,-0.028415,0.204967,16,False
high_52w,BSOFT,2023-11-06,2023-11-07,560.8426,2023-11-30,605.3842,TIME,1,44.5416,18.3888,26.1528,0.04653,-0.007571,0.092519,16,False
high_52w,IOC,2023-11-06,2023-11-07,84.8969,2023-11-30,99.4957,TARGET,11,160.5864,20.2002,140.3862,0.15,0.0,0.182427,16,False
high_52w,ONGC,2023-11-06,2023-11-07,166.0188,2023-11-15,171.2552,MOMENTUM_FAIL,6,31.4182,20.2,11.2182,0.011237,-0.006205,0.049638,6,False
high_52w,CARTRADE,2023-11-06,2023-11-07,708.4,2023-11-10,834.0694,TARGET,1,125.6694,19.1771,106.4923,0.15,-0.015034,0.234119,4,False
high_52w,CUPID,2023-11-06,2023-11-07,7.44,2023-11-09,6.9192,STOP,134,-69.7872,19.9975,-89.7847,-0.089862,-0.072648,0.054637,3,False
high_52w,BSE,2023-11-13,2023-11-15,784.1074,2023-11-21,729.2199,STOP,1,-54.8875,19.1291,-74.0166,-0.09419,-0.101303,0.040353,5,False
high_52w,CUPID,2023-11-13,2023-11-15,9.16,2023-11-16,8.5188,STOP,108,-69.2496,19.9662,-89.2158,-0.089986,-0.088373,0.0,2,False
high_52w,COALINDIA,2023-11-13,2023-11-15,290.7463,2023-11-22,281.3387,MOMENTUM_FAIL,3,-28.2228,19.5555,-47.7783,-0.054657,-0.046518,0.0,6,False
high_52w,PFC,2023-11-13,2023-11-15,271.819,2023-12-01,319.2353,TARGET,3,142.2488,19.6629,122.586,0.15,-0.009709,0.209033,12,False
high_52w,WOCKPHARMA,2023-11-13,2023-11-15,280.0,2023-11-16,328.6832,TARGET,3,146.0497,19.7742,126.2755,0.15,-0.004107,0.203393,2,False
high_52w,WELCORP,2023-11-13,2023-11-15,520.809,2023-12-07,523.707,TIME,1,2.898,18.135,-15.237,-0.029193,-0.033858,0.074036,16,False
high_52w,INOXWIND,2023-11-13,2023-11-15,64.75,2023-11-21,60.2175,STOP,15,-67.9875,19.8926,-87.8801,-0.090284,-0.07027,0.008108,5,False
high_52w,MCX,2023-11-13,2023-11-15,555.7736,2023-12-07,657.8064,TARGET,1,102.0328,18.4845,83.5483,0.15,0.0,0.1875,16,False
high_52w,NMDC,2023-11-13,2023-11-15,51.5103,2023-11-22,50.5523,MOMENTUM_FAIL,19,-18.202,20.0254,-38.2274,-0.038974,-0.043491,0.0,6,False
high_52w,RECLTD,2023-11-13,2023-11-15,298.6808,2023-11-22,298.991,MOMENTUM_FAIL,3,0.9306,19.7154,-18.7848,-0.020918,-0.024336,0.041697,6,False
high_52w,CDSL,2023-11-13,2023-11-15,910.1675,2023-11-16,846.4558,STOP,1,-63.7117,19.6434,-83.3551,-0.091382,-0.109149,0.0,2,False
high_52w,CANBK,2023-11-13,2023-11-15,74.2476,2023-11-22,71.8182,MOMENTUM_FAIL,13,-31.5826,19.9413,-51.5238,-0.053264,-0.039706,0.004044,6,False
high_52w,TORNTPOWER,2023-11-13,2023-11-15,801.6327,2023-11-22,764.9113,MOMENTUM_FAIL,1,-36.7215,19.2401,-55.9616,-0.069657,-0.050299,0.015868,6,False
high_52w,RPOWER,2023-11-13,2023-11-15,22.85,2023-11-21,21.2505,STOP,43,-68.7785,19.9387,-88.7172,-0.090096,-0.078775,0.039387,5,False
high_52w,KARURVYSYA,2023-11-13,2023-11-15,129.6281,2023-11-22,123.1062,MOMENTUM_FAIL,7,-45.6534,19.6685,-65.3218,-0.071831,-0.073437,0.0,6,False
high_52w,TATAINVEST,2023-11-20,2023-11-21,444.2586,2023-11-22,413.1605,STOP,2,-62.1962,19.5551,-81.7513,-0.091808,-0.083012,0.0,2,False
high_52w,ANANDRATHI,2023-11-20,2023-11-21,586.9557,2023-11-21,545.8688,STOP,1,-41.0869,18.3247,-59.4116,-0.100999,0.0,0.0,1,False
high_52w,LTFOODS,2023-11-20,2023-11-21,212.1741,2023-11-29,208.2958,MOMENTUM_FAIL,4,-15.5131,19.482,-34.995,-0.041144,-0.051828,0.016659,6,False
high_52w,RKFORGE,2023-11-20,2023-11-21,777.4487,2023-11-29,783.4634,MOMENTUM_FAIL,1,6.0148,19.225,-13.2102,-0.016955,-0.034527,0.019821,6,False
high_52w,PGEL,2023-11-20,2023-11-21,232.8014,2023-12-13,231.9874,TIME,4,-3.256,19.8553,-23.1114,-0.024765,-0.038998,0.056309,16,False
high_52w,TECHNOE,2023-11-20,2023-11-21,722.0847,2023-11-23,671.5388,STOP,1,-50.5459,18.876,-69.422,-0.095931,-0.084898,0.021769,3,False
high_52w,TARIL,2023-11-20,2023-11-21,102.0545,2023-11-29,94.0429,MOMENTUM_FAIL,9,-72.1046,19.6615,-91.7661,-0.099692,-0.09171,0.006603,6,False
high_52w,HBLENGINE,2023-11-20,2023-11-21,342.8505,2023-11-29,337.8802,MOMENTUM_FAIL,2,-9.9406,18.8051,-28.7457,-0.04183,-0.028704,0.033198,6,False
high_52w,POLICYBZR,2023-11-20,2023-11-21,835.65,2023-11-29,812.35,MOMENTUM_FAIL,1,-23.3,19.411,-42.7111,-0.051,-0.043858,0.003769,6,False
high_52w,PFC,2023-11-20,2023-11-21,287.3012,2023-11-29,292.7276,MOMENTUM_FAIL,3,16.2792,19.6025,-3.3233,-0.003847,-0.038718,0.024167,6,False
high_52w,GICRE,2023-11-20,2023-11-21,240.2486,2023-11-24,281.4455,TARGET,4,164.7876,20.3233,144.4643,0.15,-0.003041,0.201293,4,False
high_52w,PNBHOUSING,2023-11-20,2023-11-21,808.6365,2023-11-29,788.7933,MOMENTUM_FAIL,1,-19.8432,19.304,-39.1472,-0.048306,-0.048956,0.006898,6,False
high_52w,RECLTD,2023-11-20,2023-11-21,310.1156,2023-11-29,303.955,MOMENTUM_FAIL,3,-18.4818,19.8207,-38.3025,-0.04108,-0.051451,0.0,6,False
high_52w,BHARTIARTL,2023-11-20,2023-11-21,941.8154,2023-11-29,969.4758,MOMENTUM_FAIL,1,27.6604,19.9631,7.6973,0.008155,-0.003413,0.041468,6,False
high_52w,ADANIPOWER,2023-11-28,2023-11-29,91.34,2023-11-30,84.9462,STOP,10,-63.938,19.6566,-83.5946,-0.091321,-0.086709,0.0,2,False
high_52w,NIACL,2023-11-28,2023-11-29,222.3566,2023-12-20,206.7917,STOP,4,-62.2599,19.5588,-81.8186,-0.09179,-0.070175,0.148684,16,False
high_52w,MCX,2023-11-28,2023-11-29,622.6947,2023-12-06,629.9099,MOMENTUM_FAIL,1,7.2152,18.574,-11.3588,-0.018202,-0.029358,0.036913,6,False
high_52w,BPCL,2023-11-28,2023-11-29,181.395,2023-12-20,195.9625,TIME,5,72.8378,19.908,52.9298,0.058231,0.0,0.132629,16,False
high_52w,INOXWIND,2023-11-28,2023-11-29,71.25,2023-12-04,83.4244,TARGET,14,170.4411,20.489,149.9521,0.15,-0.050351,0.196491,4,False
high_52w,HINDPETRO,2023-11-28,2023-11-29,197.5126,2023-12-20,210.709,TIME,5,65.982,20.2343,45.7477,0.046223,-0.015936,0.157895,16,False
high_52w,COHANCE,2023-11-28,2023-11-29,652.75,2023-12-20,674.85,TIME,1,22.1,18.7312,3.3688,0.00515,-0.007277,0.100115,16,False
high_52w,NMDC,2023-11-28,2023-11-29,53.9274,2023-12-06,54.3253,MOMENTUM_FAIL,18,7.1628,20.0433,-12.8805,-0.01324,-0.034162,0.021864,6,False
high_52w,IOC,2023-11-28,2023-11-29,96.9937,2023-12-20,107.1214,TIME,10,101.2769,20.2317,81.0451,0.083375,-0.014719,0.162834,16,False
high_52w,TMPV,2023-11-28,2023-11-29,686.7753,2023-12-06,706.0275,MOMENTUM_FAIL,1,19.2522,18.8691,0.3831,0.000557,-0.008182,0.031377,6,False
high_52w,BRIGADE,2023-11-28,2023-11-29,579.5331,2023-12-01,685.2454,TARGET,1,105.7123,18.5923,87.12,0.15,-0.008991,0.200809,3,False
high_52w,HINDALCO,2023-11-28,2023-11-29,509.6264,2023-12-06,513.5541,MOMENTUM_FAIL,1,3.9277,18.0899,-14.1622,-0.027729,-0.01474,0.018882,6,False
high_52w,BHARTIARTL,2023-11-28,2023-11-29,969.9627,2023-12-20,946.2469,TIME,1,-23.7159,19.9773,-43.6932,-0.044948,-0.027011,0.050256,16,False
high_52w,INOXWIND,2023-12-04,2023-12-05,83.5,2023-12-11,97.8824,TARGET,11,158.2067,20.1305,138.0762,0.15,-0.032934,0.197605,5,False
high_52w,IFCI,2023-12-04,2023-12-05,28.5,2023-12-12,27.95,MOMENTUM_FAIL,35,-19.25,20.1027,-39.3527,-0.039365,-0.057895,0.012281,6,False
high_52w,CESC,2023-12-04,2023-12-05,96.3189,2023-12-27,110.5738,TIME,10,142.5485,20.2873,122.2612,0.126657,0.0,0.168033,16,False
high_52w,HINDPETRO,2023-12-04,2023-12-05,220.0359,2023-12-12,206.2331,MOMENTUM_FAIL,4,-55.2111,19.5339,-74.7451,-0.084738,-0.065617,0.03937,6,False
high_52w,NLCINDIA,2023-12-04,2023-12-05,174.6039,2023-12-14,204.8366,TARGET,5,151.1633,19.9241,131.2392,0.15,-0.024504,0.22109,8,False
high_52w,BPCL,2023-12-04,2023-12-05,200.1519,2023-12-12,199.5745,MOMENTUM_FAIL,4,-2.3095,19.3058,-21.6153,-0.02694,-0.02872,0.026487,6,False
high_52w,MAXHEALTH,2023-12-04,2023-12-05,701.3755,2023-12-06,652.2792,STOP,1,-49.0963,18.7916,-67.8878,-0.096581,-0.071454,0.0,2,False
high_52w,GAIL,2023-12-04,2023-12-05,128.3272,2023-12-12,124.644,MOMENTUM_FAIL,7,-25.7822,19.6705,-45.4527,-0.050489,-0.038502,0.013651,6,False
high_52w,BEL,2023-12-04,2023-12-05,150.129,2023-12-26,176.0393,TARGET,6,155.4615,20.05,135.4115,0.15,-0.012036,0.20039,15,False
high_52w,SHRIRAMFIN,2023-12-04,2023-12-05,403.535,2023-12-12,384.4221,MOMENTUM_FAIL,2,-38.2256,19.26,-57.4856,-0.071072,-0.050801,0.0,6,False
high_52w,ONGC,2023-12-04,2023-12-05,178.7684,2023-12-12,172.7564,MOMENTUM_FAIL,5,-30.0598,19.643,-49.7028,-0.055485,-0.040059,0.007666,6,False
high_52w,INOXWIND,2023-12-11,2023-12-12,99.475,2023-12-22,116.4765,TARGET,10,170.0152,20.4765,149.5387,0.15,-0.019854,0.196155,9,False
high_52w,WOCKPHARMA,2023-12-11,2023-12-12,385.15,2024-01-01,452.7778,TARGET,2,135.2556,19.458,115.7976,0.15,-0.022589,0.231209,14,False
high_52w,J&KBANK,2023-12-11,2023-12-12,121.1729,2023-12-20,112.6908,STOP,8,-67.8568,19.885,-87.7418,-0.090316,-0.0714,0.07259,7,False
high_52w,GMRAIRPORT,2023-12-11,2023-12-12,73.5,2024-01-03,81.8,TIME,13,107.9,20.1843,87.7158,0.091601,-0.053061,0.129252,16,False
high_52w,APTUS,2023-12-11,2023-12-12,318.2854,2023-12-19,315.9394,MOMENTUM_FAIL,3,-7.038,19.9475,-26.9855,-0.0282,-0.031288,0.021059,6,False
high_52w,KARURVYSYA,2023-12-11,2023-12-12,133.6385,2023-12-19,136.6362,MOMENTUM_FAIL,7,20.9837,19.9227,1.061,0.001132,0.0,0.043953,6,False
high_52w,ANANTRAJ,2023-12-11,2023-12-12,288.6578,2024-01-03,308.5223,TIME,3,59.5934,19.7079,39.8856,0.045958,-0.024664,0.071921,16,False
high_52w,UNIONBANK,2023-12-11,2023-12-12,110.7517,2024-01-03,112.6281,TIME,9,16.8874,20.1732,-3.2858,-0.003289,-0.069421,0.069421,16,False
high_52w,CANBK,2023-12-11,2023-12-12,81.5996,2023-12-19,81.1537,MOMENTUM_FAIL,12,-5.3502,20.0537,-25.4039,-0.025887,-0.020294,0.01405,6,False
high_52w,KIRLOSENG,2023-12-11,2023-12-12,612.8203,2023-12-19,631.2344,MOMENTUM_FAIL,1,18.4141,18.5551,-0.141,-0.00023,-0.014102,0.03734,6,False
high_52w,DLF,2023-12-11,2023-12-12,650.3279,2024-01-03,697.6573,TIME,1,47.3294,18.7724,28.5571,0.043816,-0.004347,0.095788,16,False
high_52w,IRCTC,2023-12-18,2023-12-19,856.3913,2023-12-20,796.4439,STOP,1,-59.9474,19.424,-79.3714,-0.092479,-0.086189,0.009986,2,False
high_52w,BDL,2023-12-18,2023-12-19,757.2328,2023-12-27,890.4647,TARGET,1,133.2319,19.3987,113.8332,0.15,-0.067687,0.179772,6,False
high_52w,JKTYRE,2023-12-18,2023-12-19,378.9072,2023-12-20,352.3837,STOP,2,-53.047,19.0218,-72.0688,-0.094893,-0.076923,0.002051,2,False
high_52w,SAMMAANCAP,2023-12-18,2023-12-19,204.8028,2023-12-20,190.4666,STOP,4,-57.3448,19.2723,-76.6171,-0.093321,-0.143962,0.0,2,False
high_52w,HINDCOPPER,2023-12-18,2023-12-19,196.3494,2023-12-26,229.9497,TARGET,5,168.0014,20.4175,147.584,0.15,-0.028895,0.197236,5,False
high_52w,EXIDEIND,2023-12-18,2023-12-19,301.7823,2023-12-20,280.6575,STOP,3,-63.3743,19.6237,-82.998,-0.091475,-0.089721,0.002615,2,False
high_52w,SAIL,2023-12-18,2023-12-19,110.8087,2023-12-20,103.0521,STOP,9,-69.8095,19.9988,-89.8083,-0.089857,-0.11087,0.0,2,False
high_52w,ZYDUSLIFE,2023-12-18,2023-12-19,674.7534,2023-12-27,678.547,MOMENTUM_FAIL,1,3.7936,18.7868,-14.9932,-0.022172,-0.053519,0.017085,6,False
high_52w,ETERNAL,2023-12-18,2023-12-19,129.0,2023-12-27,127.05,MOMENTUM_FAIL,7,-13.65,19.7151,-33.3651,-0.036869,-0.068217,0.015504,6,False
high_52w,NATIONALUM,2023-12-18,2023-12-19,104.1756,2023-12-20,96.8833,STOP,9,-65.6306,19.7552,-85.3859,-0.090872,-0.113793,0.0,2,False
high_52w,GRAPHITE,2023-12-18,2023-12-19,530.8603,2023-12-20,493.7001,STOP,1,-37.1602,18.0959,-55.2561,-0.103861,-0.091219,0.0,2,False
high_52w,ANGELONE,2023-12-18,2023-12-19,320.4333,2023-12-27,318.3742,MOMENTUM_FAIL,3,-6.1773,19.9765,-26.1538,-0.027147,-0.063811,0.003595,6,False
high_52w,BEL,2023-12-18,2023-12-19,168.8829,2024-01-10,181.2879,TIME,5,62.0247,19.6218,42.4029,0.050106,-0.051186,0.091093,16,False
high_52w,HINDALCO,2023-12-18,2023-12-19,557.6922,2024-01-10,569.5737,TIME,1,11.8814,18.309,-6.4276,-0.0115,-0.046307,0.092526,16,False
high_52w,ABSLAMC,2023-12-18,2023-12-19,444.7995,2023-12-27,433.6236,MOMENTUM_FAIL,2,-22.3517,19.6408,-41.9924,-0.047101,-0.036851,0.035699,6,False
high_52w,GESHIP,2023-12-18,2023-12-19,860.5698,2024-01-10,892.2179,TIME,1,31.6481,19.6282,12.0199,0.013937,0.0,0.114283,16,False
high_52w,ZENSARTECH,2023-12-18,2023-12-19,582.4413,2023-12-20,541.6704,STOP,1,-40.7709,18.3063,-59.0772,-0.101209,-0.151872,0.023309,2,False
high_52w,GALLANTT,2023-12-26,2023-12-27,173.0105,2024-01-17,174.4986,TIME,5,7.4403,19.5978,-12.1575,-0.014023,-0.036124,0.163991,16,False
high_52w,NLCINDIA,2023-12-26,2023-12-27,246.1377,2024-01-03,220.3701,MOMENTUM_FAIL,4,-103.0702,19.8773,-122.9476,-0.124604,-0.108594,0.016602,6,False
high_52w,CASTROLIND,2023-12-26,2023-12-27,158.1584,2024-01-16,147.0873,STOP,6,-66.4265,19.8016,-86.2282,-0.090669,-0.075946,0.061622,15,False
high_52w,BDL,2023-12-26,2023-12-27,839.1224,2024-01-03,809.4744,MOMENTUM_FAIL,1,-29.648,19.4128,-49.0608,-0.058339,-0.04174,0.036449,6,False
high_52w,BEL,2023-12-26,2023-12-27,179.725,2024-01-03,178.1134,MOMENTUM_FAIL,5,-8.0582,19.708,-27.7662,-0.030831,-0.023098,0.016304,6,False
high_52w,LAURUSLABS,2023-12-26,2023-12-27,436.5905,2024-01-03,427.3363,MOMENTUM_FAIL,2,-18.5083,19.5793,-38.0876,-0.043524,-0.036809,0.013561,6,False
high_52w,COCHINSHIP,2023-12-26,2023-12-27,679.404,2024-01-03,663.5181,MOMENTUM_FAIL,1,-15.8859,18.7664,-34.6523,-0.050893,-0.048282,0.0,6,False
high_52w,HFCL,2023-12-26,2023-12-27,86.0892,2024-01-03,87.7333,MOMENTUM_FAIL,11,18.0847,19.9654,-1.8807,-0.001982,-0.056713,0.046296,6,False
high_52w,CHAMBLFERT,2023-12-26,2023-12-27,355.2041,2024-01-03,367.8067,MOMENTUM_FAIL,2,25.2052,18.981,6.2243,0.008742,-0.017673,0.038961,6,False
high_52w,NMDC,2023-12-26,2023-12-27,60.0143,2024-01-17,60.8396,TIME,16,13.2055,20.0114,-6.8059,-0.007072,-0.011788,0.116405,16,False
high_52w,GPIL,2023-12-26,2023-12-27,732.548,2024-01-01,149.2665,GAP_STOP,1,-583.2815,17.8355,-601.117,-0.818794,-0.798427,0.028226,4,False
high_52w,HINDALCO,2023-12-26,2023-12-27,571.4885,2024-01-17,550.1313,TIME,1,-21.3571,18.2996,-39.6567,-0.069241,-0.041065,0.066151,16,False
high_52w,IOC,2023-12-26,2023-12-27,114.5721,2024-01-03,118.409,MOMENTUM_FAIL,8,30.6953,19.8627,10.8326,0.011793,-0.014797,0.043224,6,False
high_52w,SHYAMMETL,2023-12-26,2023-12-27,615.5452,2024-01-17,640.7167,TIME,1,25.1715,18.5804,6.5911,0.010684,-0.018006,0.102753,16,False
high_52w,KIRLOSENG,2023-12-26,2023-12-27,655.59,2024-01-03,651.5145,MOMENTUM_FAIL,1,-4.0755,18.6899,-22.7654,-0.034649,-0.021796,0.007565,6,False
high_52w,WOCKPHARMA,2024-01-01,2024-01-02,472.4,2024-01-16,439.332,STOP,2,-66.136,19.7847,-85.9207,-0.090742,-0.08478,0.07536,11,False
high_52w,HSCL,2024-01-01,2024-01-02,331.2879,2024-01-05,387.9139,TARGET,3,169.878,20.4725,149.4055,0.15,-0.012476,0.184428,4,False
high_52w,IDEA,2024-01-01,2024-01-02,17.1,2024-01-03,15.9,GAP_STOP,58,-69.6,19.9761,-89.5762,-0.09012,-0.087719,0.0,2,False
high_52w,INOXWIND,2024-01-01,2024-01-02,131.0,2024-01-08,121.83,STOP,7,-64.19,19.6713,-83.8613,-0.091252,-0.12376,0.030821,5,False
high_52w,CUPID,2024-01-01,2024-01-02,11.64,2024-01-08,13.8115,TARGET,85,184.5774,20.4835,164.0939,0.16549,-0.046392,0.186555,5,False
high_52w,FORTIS,2024-01-01,2024-01-02,441.7976,2024-01-09,424.2232,MOMENTUM_FAIL,2,-35.1487,19.5894,-54.738,-0.061814,-0.051048,0.0,6,False
high_52w,LICHSGFIN,2024-01-01,2024-01-02,535.8789,2024-01-09,534.6431,MOMENTUM_FAIL,1,-1.2358,18.1902,-19.426,-0.036172,-0.01703,0.039471,6,False
high_52w,CESC,2024-01-01,2024-01-02,120.2232,2024-01-09,122.0215,MOMENTUM_FAIL,8,14.3864,20.0204,-5.634,-0.005845,-0.036118,0.036118,6,False
high_52w,ENGINERSIN,2024-01-01,2024-01-02,172.7021,2024-01-11,202.6403,TARGET,5,149.6907,19.8809,129.8098,0.15,0.0,0.197592,8,False
high_52w,MOTHERSON,2024-01-01,2024-01-02,70.8338,2024-01-09,70.2758,MOMENTUM_FAIL,14,-7.8122,20.1014,-27.9135,-0.028087,-0.060704,0.012048,6,False
high_52w,ANGELONE,2024-01-01,2024-01-02,345.5842,2024-01-16,321.3933,STOP,2,-48.3818,18.7499,-67.1317,-0.096916,-0.088889,0.082222,11,False
high_52w,GODREJIND,2024-01-01,2024-01-02,779.9,2024-01-24,828.4,TIME,1,48.5,19.3218,29.1782,0.037331,0.0,0.158546,16,False
high_52w,LICI,2024-01-01,2024-01-02,407.8662,2024-01-09,397.6672,MOMENTUM_FAIL,2,-20.3981,19.3329,-39.731,-0.0486,-0.040408,0.008374,6,False
high_52w,BBOX,2024-01-01,2024-01-02,288.9719,2024-01-09,280.1532,MOMENTUM_FAIL,3,-26.4559,19.5366,-45.9925,-0.052937,-0.050517,0.016897,6,False
high_52w,CASTROLIND,2024-01-01,2024-01-02,163.8863,2024-01-09,154.0121,MOMENTUM_FAIL,6,-59.2452,19.9614,-79.2066,-0.080375,-0.074074,0.020344,6,False
high_52w,JBMA,2024-01-08,2024-01-09,947.1543,2024-01-18,880.8535,STOP,1,-66.3008,19.7943,-86.0951,-0.0907,-0.071675,0.055683,8,False
high_52w,GODREJIND,2024-01-08,2024-01-09,885.0,2024-01-09,823.05,STOP,1,-61.95,19.5407,-81.4907,-0.091879,0.0,0.0,1,False
high_52w,BLS,2024-01-08,2024-01-09,348.7937,2024-01-30,410.7911,TARGET,2,123.9949,19.128,104.8669,0.15,0.0,0.18395,14,False
high_52w,GMRAIRPORT,2024-01-08,2024-01-09,87.6,2024-01-16,84.35,MOMENTUM_FAIL,11,-35.75,19.926,-55.676,-0.057653,-0.058219,0.0,6,False
high_52w,TARIL,2024-01-08,2024-01-09,138.3689,2024-01-16,133.8764,MOMENTUM_FAIL,7,-31.4474,19.9558,-51.4032,-0.052955,-0.054473,0.002886,6,False
high_52w,SHRIRAMFIN,2024-01-08,2024-01-09,425.1427,2024-02-01,461.8653,TIME,2,73.4453,19.6698,53.7754,0.063106,-0.032131,0.131401,16,False
high_52w,ANGELONE,2024-01-08,2024-01-09,367.6056,2024-01-16,319.6558,MOMENTUM_FAIL,2,-95.8996,18.8391,-114.7388,-0.155722,-0.143469,0.001514,6,False
high_52w,CHOICEIN,2024-01-08,2024-01-09,246.525,2024-02-01,273.55,TIME,4,108.1,20.3139,87.7861,0.088829,0.0,0.135787,16,False
high_52w,ONGC,2024-01-08,2024-01-09,195.3898,2024-01-30,228.8415,TARGET,5,167.2584,20.3957,146.8627,0.15,-0.051131,0.191403,14,False
high_52w,ELECON,2024-01-08,2024-01-09,498.32,2024-02-01,530.4225,TIME,2,64.205,20.269,43.936,0.043988,-0.047309,0.116307,16,False
high_52w,UNOMINDA,2024-01-08,2024-01-09,706.8627,2024-01-16,695.8893,MOMENTUM_FAIL,1,-10.9734,18.8923,-29.8658,-0.042159,-0.028449,0.019949,6,False
high_52w,RVNL,2024-01-15,2024-01-16,221.5738,2024-01-19,259.8786,TARGET,4,153.2192,19.9843,133.2349,0.15,-0.039778,0.299111,4,False
high_52w,ONGC,2024-01-15,2024-01-16,207.7232,2024-01-24,207.1928,MOMENTUM_FAIL,4,-2.1217,19.4341,-21.5558,-0.025886,-0.043839,0.045542,6,False
high_52w,ELECON,2024-01-15,2024-01-16,532.4801,2024-01-18,495.2065,STOP,1,-37.2736,18.1025,-55.3761,-0.10377,-0.108426,0.0,3,False
high_52w,BLS,2024-01-15,2024-01-16,395.2141,2024-01-24,388.0687,MOMENTUM_FAIL,2,-14.2908,19.2384,-33.5292,-0.042327,-0.064838,0.0,6,False
high_52w,MRPL,2024-01-15,2024-01-16,164.8815,2024-02-05,193.0765,TARGET,6,169.1695,20.4517,148.7178,0.15,-0.061111,0.213518,13,False
high_52w,ENGINERSIN,2024-01-15,2024-01-16,215.2396,2024-01-18,200.1728,STOP,4,-60.2671,19.4426,-79.7097,-0.092381,-0.099693,0.000439,3,False
high_52w,WIPRO,2024-01-15,2024-01-16,228.8987,2024-01-24,221.5321,MOMENTUM_FAIL,4,-29.4664,19.7361,-49.2025,-0.053621,-0.056465,0.0,6,False
high_52w,INDHOTEL,2024-01-15,2024-01-16,473.953,2024-01-24,475.3881,MOMENTUM_FAIL,2,2.8701,19.9383,-17.0683,-0.017967,-0.059094,0.014826,6,False
high_52w,SJVN,2024-01-15,2024-01-16,98.1487,2024-01-29,114.9448,TARGET,10,167.9611,20.4163,147.5449,0.15,-0.064407,0.301695,8,False
high_52w,IRCON,2024-01-15,2024-01-16,195.5024,2024-01-23,263.3347,TARGET,5,339.1613,20.7481,318.4132,0.325028,-0.055093,0.375367,5,False
high_52w,KARURVYSYA,2024-01-15,2024-01-16,141.7808,2024-02-08,150.1256,TIME,7,58.4138,20.2396,38.1742,0.03838,-0.056571,0.170857,16,False
high_52w,IFCI,2024-01-23,2024-01-24,40.8,2024-01-24,47.7836,TARGET,24,167.607,20.4059,147.2011,0.15,0.0,0.0,1,False
high_52w,JKTYRE,2024-01-23,2024-01-24,461.3923,2024-02-15,485.0012,TIME,2,47.2177,19.9226,27.2951,0.029515,-0.062961,0.166456,16,False
high_52w,PETRONET,2024-01-23,2024-01-24,242.5636,2024-02-15,256.8348,TIME,4,57.0846,20.1431,36.9415,0.037991,-0.023878,0.132569,16,False
high_52w,SCI,2024-01-23,2024-01-24,177.0462,2024-02-01,207.6571,TARGET,5,153.0545,19.9795,133.075,0.15,0.0,0.273065,6,False
high_52w,KARURVYSYA,2024-01-23,2024-01-24,147.6546,2024-02-15,150.6522,TIME,6,17.9858,19.7074,-1.7216,-0.001939,-0.056242,0.12428,16,False
high_52w,NBCC,2024-01-23,2024-01-24,64.7721,2024-01-25,75.8672,TARGET,15,166.4272,20.3713,146.0558,0.15,0.0,0.200603,2,False
high_52w,IDBI,2024-01-23,2024-01-24,73.9585,2024-02-02,86.64,TARGET,13,164.8597,20.3254,144.5343,0.15,0.0,0.180989,7,False
high_52w,MAXHEALTH,2024-01-23,2024-01-24,763.4855,2024-01-29,693.4625,GAP_STOP,1,-70.023,19.0112,-89.0342,-0.116361,-0.094192,0.0,3,False
high_52w,APOLLOTYRE,2024-01-23,2024-01-24,495.6943,2024-02-15,502.7935,TIME,2,14.1984,20.145,-5.9466,-0.005985,-0.026013,0.087101,16,False
high_52w,NHPC,2024-01-23,2024-01-24,71.6087,2024-01-30,83.9264,TARGET,13,160.1291,20.1868,139.9423,0.15,0.0,0.202614,4,False
high_52w,EIHOTEL,2024-01-23,2024-01-24,294.6738,2024-02-06,345.6295,TARGET,3,152.8671,19.974,132.8931,0.15,0.0,0.203356,9,False
high_52w,IRFC,2024-01-23,2024-01-24,159.3945,2024-01-24,148.2369,STOP,6,-66.9457,19.8319,-86.7776,-0.090539,0.0,0.0,1,False
high_52w,TATAPOWER,2024-01-29,2024-01-30,379.7186,2024-02-06,386.4554,MOMENTUM_FAIL,2,13.4736,19.1641,-5.6905,-0.007477,-0.006216,0.042476,6,False
high_52w,RITES,2024-01-29,2024-01-30,336.4333,2024-02-02,312.8829,STOP,2,-47.1007,18.6752,-65.7759,-0.097541,-0.10411,0.049315,4,False
high_52w,PFC,2024-01-29,2024-01-30,401.4856,2024-02-06,405.0543,MOMENTUM_FAIL,2,7.1375,19.335,-12.1975,-0.015157,-0.028667,0.032222,6,False
high_52w,RECLTD,2024-01-29,2024-01-30,446.7579,2024-02-06,445.8272,MOMENTUM_FAIL,2,-1.8615,19.699,-21.5606,-0.024077,-0.039683,0.019444,6,False
high_52w,NHPC,2024-01-29,2024-01-30,83.8243,2024-02-05,98.9886,TARGET,11,166.8064,20.163,146.6433,0.158691,-0.018984,0.293691,5,False
high_52w,ONGC,2024-01-29,2024-01-30,226.7759,2024-02-20,248.1259,TIME,4,85.3997,19.9341,65.4656,0.072012,-0.04308,0.112144,16,False
high_52w,NCC,2024-01-29,2024-01-30,207.9076,2024-02-06,212.362,MOMENTUM_FAIL,4,17.8179,19.4778,-1.6599,-0.001992,-0.035398,0.036795,6,False
high_52w,SHRIRAMFIN,2024-01-29,2024-01-30,464.1388,2024-02-06,463.688,MOMENTUM_FAIL,2,-0.9016,19.8478,-20.7493,-0.022304,-0.03132,0.029307,6,False
high_52w,MCX,2024-01-29,2024-01-30,682.4106,2024-02-20,736.013,TIME,1,53.6024,18.9206,34.6818,0.050712,-0.042466,0.160559,16,False
high_52w,POWERGRID,2024-01-29,2024-01-30,232.7078,2024-02-20,268.1761,TIME,4,141.873,20.1493,121.7237,0.130484,-0.006299,0.155818,16,False
high_52w,EIHOTEL,2024-01-29,2024-01-30,319.9881,2024-02-07,391.5799,TARGET,3,214.7756,20.4207,194.3549,0.202019,-0.012361,0.317985,7,False
high_52w,UCOBANK,2024-02-05,2024-02-06,57.3135,2024-02-07,67.1284,TARGET,17,166.8528,20.3838,146.469,0.15,-0.007582,0.188711,2,False
high_52w,REDINGTON,2024-02-05,2024-02-06,190.706,2024-02-07,177.3566,STOP,5,-66.7471,19.8203,-86.5674,-0.090588,-0.07122,0.014634,2,False
high_52w,GICRE,2024-02-05,2024-02-06,377.2008,2024-02-12,350.7968,STOP,2,-52.8081,19.0079,-71.816,-0.094988,-0.185956,0.132688,5,False
high_52w,MCX,2024-02-05,2024-02-06,769.7465,2024-02-12,715.8642,STOP,1,-53.8823,19.0705,-72.9528,-0.094568,-0.108935,0.028881,5,False
high_52w,SAIL,2024-02-05,2024-02-06,131.7323,2024-02-12,122.511,STOP,7,-64.5488,19.6922,-84.241,-0.091156,-0.118397,0.092896,5,False
high_52w,IOC,2024-02-05,2024-02-06,157.5366,2024-02-27,154.592,TIME,6,-17.6676,19.8852,-37.5528,-0.039643,-0.032002,0.114698,16,False
high_52w,ANANDRATHI,2024-02-05,2024-02-06,869.564,2024-02-12,808.6945,STOP,1,-60.8695,19.4777,-80.3472,-0.092198,-0.078864,0.001406,5,False
high_52w,COALINDIA,2024-02-05,2024-02-06,376.7558,2024-02-27,378.1828,TIME,2,2.854,19.1175,-16.2635,-0.021537,-0.033161,0.096223,16,False
high_52w,TMPV,2024-02-05,2024-02-06,915.114,2024-02-13,886.2846,MOMENTUM_FAIL,1,-28.8294,19.7353,-48.5647,-0.052954,-0.04528,0.008116,6,False
high_52w,SCI,2024-02-05,2024-02-06,263.804,2024-02-06,245.3378,STOP,3,-55.3988,19.1589,-74.5577,-0.094003,0.0,0.0,1,False
high_52w,IDBI,2024-02-05,2024-02-06,91.0999,2024-02-09,84.7229,STOP,10,-63.7699,19.6468,-83.4167,-0.091366,-0.08351,0.032241,4,False
high_52w,LICI,2024-02-05,2024-02-06,484.4188,2024-02-27,498.8254,TIME,2,28.8133,20.0795,8.7338,0.008995,-0.033628,0.15872,16,False
high_52w,CENTRALBK,2024-02-05,2024-02-06,62.8899,2024-02-07,73.6936,TARGET,15,162.0549,20.2432,141.8117,0.15,0.0,0.178544,2,False
high_52w,OIL,2024-02-05,2024-02-06,286.6282,2024-02-15,336.3379,TARGET,3,149.1292,19.8645,129.2647,0.15,-0.039935,0.245454,8,False
high_52w,ZYDUSLIFE,2024-02-12,2024-02-13,843.4418,2024-03-05,939.7578,TIME,1,96.3159,19.6875,76.6284,0.090654,-0.013259,0.117523,16,False
high_52w,ETERNAL,2024-02-12,2024-02-13,154.35,2024-03-05,165.85,TIME,6,69.0,19.9809,49.0191,0.052815,-0.027535,0.137674,16,False
high_52w,MAXHEALTH,2024-02-12,2024-02-13,875.9107,2024-02-20,862.125,MOMENTUM_FAIL,1,-13.7857,19.6004,-33.3861,-0.038033,-0.046591,0.018807,6,False
high_52w,INDHOTEL,2024-02-12,2024-02-13,524.9211,2024-02-20,542.9825,MOMENTUM_FAIL,1,18.0615,18.1832,-0.1218,-0.000231,-0.029035,0.039216,6,False
high_52w,MRPL,2024-02-19,2024-02-20,278.1918,2024-02-21,258.7183,STOP,3,-58.4203,19.335,-77.7553,-0.092964,-0.135587,0.0,2,False
high_52w,WOCKPHARMA,2024-02-19,2024-02-20,553.0,2024-03-13,523.75,TIME,1,-29.25,18.2055,-47.4555,-0.085627,-0.052893,0.139241,16,False
high_52w,INOXWIND,2024-02-19,2024-02-20,159.0125,2024-02-22,147.8816,STOP,6,-66.7852,19.8225,-86.6078,-0.090579,-0.1018,0.0,3,False
high_52w,CONCOR,2024-02-19,2024-02-20,967.007,2024-02-27,938.5713,MOMENTUM_FAIL,1,-28.4357,19.9552,-48.391,-0.049933,-0.036246,0.026111,6,False
high_52w,ZYDUSLIFE,2024-02-19,2024-02-20,894.6789,2024-03-13,954.4391,TIME,1,59.7603,19.8294,39.9309,0.044534,-0.020925,0.118392,16,False
high_52w,GODFRYPHLP,2024-02-19,2024-02-20,859.8811,2024-03-06,1009.0097,TARGET,1,149.1286,19.8645,129.2641,0.15,-0.030848,0.183693,12,False
high_52w,GRANULES,2024-02-19,2024-02-20,461.8371,2024-02-27,464.4665,MOMENTUM_FAIL,2,5.2588,19.8409,-14.5821,-0.015753,-0.028467,0.032227,6,False
high_52w,KIRLOSENG,2024-02-19,2024-02-20,875.675,2024-03-11,814.3777,STOP,1,-61.2972,19.5027,-80.7999,-0.09207,-0.106638,0.090737,14,False
high_52w,ANANDRATHI,2024-02-19,2024-02-20,925.147,2024-02-27,908.5709,MOMENTUM_FAIL,1,-16.5761,19.8026,-36.3788,-0.039236,-0.03012,0.0,6,False
high_52w,360ONE,2024-02-26,2024-02-27,755.4726,2024-02-28,702.5895,STOP,1,-52.8831,19.0123,-71.8953,-0.094958,-0.082386,0.0,2,False
high_52w,WOCKPHARMA,2024-02-26,2024-02-27,614.8,2024-02-28,571.764,STOP,1,-43.036,18.4383,-61.4743,-0.099773,-0.078643,0.0,2,False
high_52w,KFINTECH,2024-02-26,2024-02-27,712.8698,2024-02-28,662.969,STOP,1,-49.9009,18.8384,-68.7393,-0.096216,-0.08339,0.0,2,False
high_52w,JSL,2024-02-26,2024-02-27,661.7097,2024-03-05,676.3288,MOMENTUM_FAIL,1,14.6191,18.7538,-4.1347,-0.006235,-0.062248,0.035826,6,False
high_52w,VBL,2024-02-26,2024-02-27,607.2157,2024-02-28,564.7106,STOP,1,-42.5051,18.4074,-60.9125,-0.100096,-0.091503,0.0,2,False
high_52w,ZYDUSLIFE,2024-02-26,2024-02-27,933.1067,2024-03-05,939.7578,MOMENTUM_FAIL,1,6.651,19.8835,-13.2325,-0.01415,-0.026716,0.010137,6,False
high_52w,GLENMARK,2024-02-26,2024-02-27,921.9938,2024-03-05,912.739,MOMENTUM_FAIL,1,-9.2548,19.8042,-29.059,-0.031449,-0.030275,0.020993,6,False
high_52w,JSWENERGY,2024-02-26,2024-02-27,519.8947,2024-03-05,504.1133,MOMENTUM_FAIL,1,-15.7814,18.0931,-33.8745,-0.065014,-0.067085,0.0,6,False
high_52w,INDUSTOWER,2024-02-26,2024-02-27,238.0415,2024-03-14,221.3785,STOP,4,-66.6516,19.8148,-86.4664,-0.090612,-0.079959,0.098583,12,False
high_52w,AMBUJACEM,2024-02-26,2024-02-27,600.935,2024-03-05,606.0255,MOMENTUM_FAIL,1,5.0905,18.4778,-13.3873,-0.022229,-0.039395,0.028045,6,False
high_52w,SHRIRAMFIN,2024-02-26,2024-02-27,478.8866,2024-02-27,445.3646,STOP,2,-67.0441,19.8376,-86.8818,-0.090514,0.0,0.0,1,False
high_52w,BHEL,2024-03-04,2024-03-05,263.8697,2024-03-12,245.3988,STOP,3,-55.4126,19.1597,-74.5723,-0.093998,-0.084181,0.024482,5,False
high_52w,ZENTEC,2024-03-04,2024-03-05,970.9407,2024-03-06,902.9749,STOP,1,-67.9659,19.8914,-87.8572,-0.090289,-0.088607,0.0,2,False
high_52w,ANANDRATHI,2024-03-04,2024-03-05,969.7492,2024-03-13,944.3787,MOMENTUM_FAIL,1,-25.3705,19.9731,-45.3436,-0.046656,-0.070194,0.020226,6,False
high_52w,TDPOWERSYS,2024-03-04,2024-03-05,161.9687,2024-03-06,150.6309,STOP,6,-68.0269,19.8949,-87.9218,-0.090275,-0.078209,0.0,2,False
high_52w,JINDALSTEL,2024-03-04,2024-03-05,834.5438,2024-03-13,759.7336,MOMENTUM_FAIL,1,-74.8102,19.3015,-94.1116,-0.112524,-0.094407,0.013759,6,False
high_52w,NTPC,2024-03-04,2024-03-05,334.7124,2024-03-13,304.1554,MOMENTUM_FAIL,2,-61.1141,18.6322,-79.7463,-0.118867,-0.099747,0.01282,6,False
high_52w,TATASTEEL,2024-03-04,2024-03-05,143.7867,2024-03-13,134.8235,MOMENTUM_FAIL,6,-53.7792,19.4633,-73.2424,-0.084712,-0.069843,0.038838,6,False
high_52w,GAIL,2024-03-04,2024-03-05,178.3305,2024-03-12,165.8474,STOP,5,-62.4157,19.5679,-81.9835,-0.091745,-0.071688,0.008312,5,False
high_52w,INDUSTOWER,2024-03-04,2024-03-05,257.7498,2024-03-06,239.7073,STOP,3,-54.1274,19.0848,-73.2122,-0.094475,-0.080202,0.0,2,False
high_52w,SCHNEIDER,2024-03-04,2024-03-05,675.0,2024-03-13,627.75,STOP,1,-47.25,18.6839,-65.9339,-0.097467,-0.08963,0.081481,6,False
high_52w,DLF,2024-03-04,2024-03-05,906.6182,2024-03-12,843.1549,STOP,1,-63.4633,19.6289,-83.0922,-0.091451,-0.074194,0.004194,5,False
high_52w,JSL,2024-03-04,2024-03-05,676.4275,2024-03-13,611.1851,MOMENTUM_FAIL,1,-65.2424,18.6533,-83.8958,-0.123757,-0.121568,0.033805,6,False
high_52w,GRAPHITE,2024-03-04,2024-03-05,601.2135,2024-03-13,569.2477,MOMENTUM_FAIL,1,-31.9658,18.4035,-50.3693,-0.083597,-0.065591,0.032281,6,False
high_52w,ZYDUSLIFE,2024-03-11,2024-03-12,985.0336,2024-03-19,955.6215,MOMENTUM_FAIL,1,-29.4121,20.0294,-49.4415,-0.050083,-0.038862,0.010203,6,False
high_52w,KEC,2024-03-11,2024-03-12,722.0192,2024-03-13,671.4779,STOP,1,-50.5413,18.8758,-69.4171,-0.095933,-0.073053,0.004739,2,False
high_52w,GLENMARK,2024-03-11,2024-03-12,950.6537,2024-03-13,884.1079,STOP,1,-66.5458,19.8086,-86.3543,-0.090639,-0.073066,0.0,2,False
high_52w,EMBASSY,2024-03-18,2024-03-19,331.6709,2024-03-27,324.5099,MOMENTUM_FAIL,3,-21.4831,20.0876,-41.5708,-0.041688,-0.045024,0.0,6,False
high_52w,ZYDUSLIFE,2024-03-18,2024-03-19,978.4319,2024-03-27,985.0336,MOMENTUM_FAIL,1,6.6018,20.0748,-13.473,-0.01374,-0.04708,0.035045,6,False
high_52w,ETERNAL,2024-03-26,2024-03-27,183.6,2024-04-04,187.0,MOMENTUM_FAIL,5,17.0,19.8408,-2.8409,-0.003088,-0.041394,0.025054,6,False
high_52w,TRITURBINE,2024-03-26,2024-03-27,533.7021,2024-04-18,495.5069,GAP_STOP,1,-38.1953,18.1058,-56.301,-0.105261,-0.076172,0.064751,14,False
high_52w,INDUSTOWER,2024-03-26,2024-03-27,273.3622,2024-04-12,321.0174,TARGET,3,142.9658,19.6839,123.2819,0.15,-0.00141,0.184558,11,False
high_52w,JSL,2024-03-26,2024-03-27,706.2583,2024-04-04,698.6031,MOMENTUM_FAIL,1,-7.6552,18.8966,-26.5518,-0.037513,-0.047483,0.015315,6,False
high_52w,INDUSTOWER,2024-04-01,2024-04-02,303.0933,2024-04-25,338.8958,TIME,3,107.4077,19.9881,87.4196,0.095932,-0.051192,0.165501,16,False
high_52w,BSE,2024-04-01,2024-04-02,896.0215,2024-04-23,1050.7471,TARGET,1,154.7255,20.0285,134.6971,0.15,-0.008405,0.194534,14,False
high_52w,COCHINSHIP,2024-04-01,2024-04-02,955.6573,2024-04-08,1119.6183,TARGET,1,163.9611,20.2991,143.662,0.15,0.0,0.20811,5,False
high_52w,TATASTEEL,2024-04-01,2024-04-02,152.9376,2024-04-09,155.8002,MOMENTUM_FAIL,6,17.1755,19.8396,-2.6641,-0.002897,-0.013194,0.042037,6,False
high_52w,TRITURBINE,2024-04-01,2024-04-02,560.3946,2024-04-09,539.8468,MOMENTUM_FAIL,1,-20.5478,18.2544,-38.8022,-0.06909,-0.059474,0.007895,6,False
high_52w,HINDCOPPER,2024-04-01,2024-04-02,304.8842,2024-04-09,357.4211,TARGET,3,157.6108,20.113,137.4978,0.15,-0.009385,0.18576,6,False
high_52w,GLENMARK,2024-04-01,2024-04-02,979.9604,2024-04-25,1075.0457,TIME,1,95.0852,20.2615,74.8238,0.076187,-0.00589,0.112973,16,False
high_52w,DLF,2024-04-01,2024-04-02,924.4093,2024-04-09,887.7547,MOMENTUM_FAIL,1,-36.6546,19.7586,-56.4133,-0.060893,-0.068178,0.0,6,False
high_52w,EXIDEIND,2024-04-08,2024-04-09,374.8236,2024-04-16,440.8521,TARGET,2,132.0571,19.3642,112.6929,0.15,-0.004868,0.237895,5,False
high_52w,JSWENERGY,2024-04-08,2024-04-09,623.3393,2024-04-18,621.8552,MOMENTUM_FAIL,1,-1.4841,18.559,-20.0431,-0.032084,-0.066111,0.004762,6,False
high_52w,GAIL,2024-04-08,2024-04-09,188.0576,2024-05-03,188.7987,TIME,5,3.7055,19.9079,-16.2024,-0.017194,-0.034729,0.052463,16,False
high_52w,LAURUSLABS,2024-04-08,2024-04-09,465.597,2024-04-15,433.0052,STOP,2,-65.1836,19.7292,-84.9128,-0.090988,-0.09361,0.006625,4,False
high_52w,INDUSTOWER,2024-04-08,2024-04-09,316.5855,2024-05-03,338.2213,TIME,3,64.9072,20.0725,44.8348,0.047104,-0.034551,0.115829,16,False
high_52w,HINDCOPPER,2024-04-08,2024-04-09,329.6498,2024-04-22,386.0221,TARGET,3,169.1169,20.4502,148.6667,0.15,0.0,0.179288,8,False
high_52w,UNOMINDA,2024-04-08,2024-04-09,757.3057,2024-04-15,704.2943,STOP,1,-53.0114,19.0197,-72.0311,-0.094908,-0.08329,0.0,4,False
high_52w,ASTERDM,2024-04-15,2024-04-16,402.6603,2024-04-24,375.9874,MOMENTUM_FAIL,2,-53.3457,19.2218,-72.5675,-0.089913,-0.069529,0.010719,6,False
high_52w,EXIDEIND,2024-04-15,2024-04-16,404.4149,2024-04-18,475.0261,TARGET,2,141.2225,19.6328,121.5897,0.15,0.0,0.174878,2,False
high_52w,AEGISLOG,2024-04-15,2024-04-16,475.0453,2024-04-24,556.5948,TARGET,2,163.099,20.2738,142.8252,0.15,0.0,0.260789,6,False
high_52w,HEGAM,2024-04-15,2024-04-16,476.5695,2024-05-09,466.3604,TIME,2,-20.4181,19.913,-40.3311,-0.042222,-0.06369,0.052001,16,False
high_52w,BEL,2024-04-15,2024-04-16,228.7752,2024-04-24,232.7112,MOMENTUM_FAIL,4,15.7436,19.826,-4.0824,-0.004451,-0.029247,0.028602,6,False
high_52w,INDUSTOWER,2024-04-15,2024-04-16,324.5845,2024-05-09,315.9591,TIME,3,-25.8762,19.9889,-45.8651,-0.046999,-0.032512,0.088331,16,False
high_52w,VEDL,2024-04-15,2024-04-16,314.2797,2024-05-09,335.1269,TIME,3,62.5417,20.0384,42.5032,0.044982,0.0,0.134828,16,False
high_52w,HINDALCO,2024-04-15,2024-04-16,601.634,2024-04-24,624.6114,MOMENTUM_FAIL,1,22.9774,18.5172,4.4602,0.007397,-0.019585,0.040721,6,False
high_52w,ABCAPITAL,2024-04-15,2024-04-16,206.5,2024-04-30,242.4704,TARGET,4,143.8816,19.7107,124.1709,0.15,-0.054722,0.180145,10,False
high_52w,ONGC,2024-04-15,2024-04-16,248.4847,2024-04-24,250.5928,MOMENTUM_FAIL,4,8.4324,20.144,-11.7116,-0.011757,-0.013177,0.038628,6,False
high_52w,CHOICEIN,2024-04-22,2024-04-23,331.95,2024-04-30,325.2,MOMENTUM_FAIL,3,-20.25,20.0937,-40.3437,-0.040423,-0.034794,0.007381,6,False
high_52w,TECHNOE,2024-04-22,2024-04-23,953.8886,2024-05-15,1094.8669,TIME,1,140.9783,20.2448,120.7335,0.126294,-0.029044,0.157629,16,False
high_52w,NAM-INDIA,2024-04-22,2024-04-23,545.1613,2024-05-15,528.5657,TIME,1,-16.5956,18.1981,-34.7937,-0.063684,-0.043808,0.074509,16,False
high_52w,HINDCOPPER,2024-04-22,2024-04-23,376.4678,2024-05-13,350.1151,STOP,2,-52.7055,19.0019,-71.7074,-0.095029,-0.071026,0.05268,14,False
high_52w,HINDALCO,2024-04-22,2024-04-23,607.3292,2024-05-15,641.8935,TIME,1,34.5642,18.5648,15.9994,0.026286,-0.015845,0.069685,16,False
high_52w,LICHSGFIN,2024-04-22,2024-04-23,635.9819,2024-04-30,640.5925,MOMENTUM_FAIL,1,4.6105,18.6248,-14.0143,-0.021988,-0.024888,0.018685,6,False
high_52w,AEGISLOG,2024-04-29,2024-04-30,684.3534,2024-05-02,636.4487,STOP,1,-47.9047,18.7221,-66.6268,-0.097145,-0.088379,0.0,2,False
high_52w,MAHABANK,2024-04-29,2024-04-30,65.7315,2024-05-06,61.1303,STOP,15,-69.0181,19.9527,-88.9708,-0.09004,-0.078431,0.0,4,False
high_52w,LEMONTREE,2024-04-29,2024-04-30,150.75,2024-05-08,152.25,MOMENTUM_FAIL,6,9.0,19.7675,-10.7675,-0.011878,-0.016252,0.048093,6,False
high_52w,ABCAPITAL,2024-04-29,2024-04-30,241.75,2024-05-06,224.8275,STOP,4,-67.69,19.8753,-87.5653,-0.090356,-0.072803,0.0,4,False
high_52w,SBIN,2024-04-29,2024-04-30,782.7584,2024-05-08,767.8893,MOMENTUM_FAIL,1,-14.8692,19.2049,-34.074,-0.043436,-0.04029,0.011736,6,False
high_52w,TATAPOWER,2024-04-29,2024-04-30,444.1851,2024-05-08,427.8594,MOMENTUM_FAIL,2,-32.6514,19.6146,-52.266,-0.058705,-0.047714,0.027787,6,False
high_52w,VEDL,2024-04-29,2024-04-30,347.3976,2024-05-08,343.7885,MOMENTUM_FAIL,2,-7.218,18.849,-26.0671,-0.037436,-0.041799,0.026644,6,False
high_52w,CESC,2024-04-29,2024-04-30,134.678,2024-05-09,125.2505,STOP,7,-65.9922,19.7763,-85.7685,-0.090779,-0.072966,0.060188,7,False
high_52w,GALLANTT,2024-04-29,2024-04-30,296.6178,2024-05-09,275.8546,STOP,3,-62.2897,19.5605,-81.8503,-0.091781,-0.095652,0.090636,7,False
high_52w,CHAMBLFERT,2024-04-29,2024-04-30,405.9,2024-05-07,377.487,STOP,2,-56.826,19.2421,-76.0681,-0.093499,-0.099004,0.004335,5,False
high_52w,GODREJIND,2024-04-29,2024-04-30,915.85,2024-05-09,851.7405,STOP,1,-64.1095,19.6666,-83.7761,-0.091274,-0.093738,0.080963,7,False
high_52w,JINDALSAW,2024-05-06,2024-05-07,287.4912,2024-05-08,267.3668,STOP,3,-60.3732,19.4488,-79.822,-0.092348,-0.115613,0.0,2,False
high_52w,PPLPHARMA,2024-05-06,2024-05-07,156.6347,2024-05-10,145.6703,STOP,6,-65.7866,19.7643,-85.5509,-0.090832,-0.080332,0.000319,4,False
high_52w,CHOICEIN,2024-05-06,2024-05-07,344.0,2024-05-10,319.92,STOP,2,-48.16,18.737,-66.897,-0.097022,-0.074855,0.0,4,False
high_52w,BRIGADE,2024-05-06,2024-05-07,835.656,2024-05-10,777.16,STOP,1,-58.4959,19.3394,-77.8353,-0.09294,-0.087913,0.001871,4,False
high_52w,NMDC,2024-05-06,2024-05-07,81.7344,2024-05-10,76.013,STOP,12,-68.6569,19.9316,-88.5886,-0.090125,-0.081516,0.0,4,False
high_52w,LEMONTREE,2024-05-06,2024-05-07,157.15,2024-05-09,146.1495,STOP,6,-66.003,19.777,-85.78,-0.090776,-0.080496,0.0,3,False
high_52w,HINDZINC,2024-05-13,2024-05-14,527.6603,2024-05-21,625.3393,TARGET,1,97.679,18.3569,79.3221,0.15,-0.039974,0.308542,5,False
high_52w,CGPOWER,2024-05-13,2024-05-14,588.5273,2024-06-03,697.0713,TARGET,1,108.544,18.636,89.908,0.152434,0.0,0.184433,14,False
high_52w,MARICO,2024-05-13,2024-05-14,582.3182,2024-05-22,590.8969,MOMENTUM_FAIL,1,8.5786,18.4063,-9.8276,-0.01684,-0.019615,0.02416,6,False
high_52w,ANANTRAJ,2024-05-13,2024-05-14,374.8867,2024-05-22,386.3374,MOMENTUM_FAIL,2,22.9014,19.1425,3.7589,0.005002,-0.009827,0.042231,6,False
high_52w,VEDL,2024-05-13,2024-05-14,357.5027,2024-05-22,422.8892,TARGET,2,130.7731,19.2154,111.5577,0.155683,0.0,0.203682,6,False
high_52w,JINDALSTEL,2024-05-13,2024-05-14,934.0091,2024-06-05,1000.3689,TIME,1,66.3598,20.0089,46.3509,0.049517,-0.040766,0.155881,16,False
high_52w,HUDCO,2024-05-21,2024-05-22,254.1156,2024-05-24,236.3275,STOP,3,-53.3643,19.0403,-72.4046,-0.094769,-0.084222,0.022067,3,False
high_52w,BEL,2024-05-21,2024-05-22,272.5623,2024-06-04,253.483,STOP,3,-57.2381,19.2661,-76.5042,-0.093358,-0.169495,0.166065,10,False
high_52w,VEDL,2024-05-21,2024-05-22,422.8892,2024-05-23,393.287,STOP,2,-59.2045,19.3807,-78.5852,-0.092712,-0.072691,0.0,2,False
high_52w,ADANIPOWER,2024-05-21,2024-05-22,137.58,2024-05-29,135.85,MOMENTUM_FAIL,7,-12.11,19.9718,-32.0818,-0.03324,-0.031763,0.047391,6,False
high_52w,HINDALCO,2024-05-21,2024-05-22,685.9335,2024-05-29,692.5616,MOMENTUM_FAIL,1,6.6281,18.8398,-12.2117,-0.017764,-0.046668,0.021402,6,False
high_52w,IRCON,2024-05-21,2024-05-22,274.899,2024-05-29,262.7895,MOMENTUM_FAIL,3,-36.3284,19.3383,-55.6667,-0.067352,-0.074237,0.025974,6,False
high_52w,NCC,2024-05-21,2024-05-22,280.3411,2024-05-29,276.6614,MOMENTUM_FAIL,3,-11.0392,19.4587,-30.4979,-0.036184,-0.051295,0.014162,6,False
high_52w,POWERGRID,2024-05-21,2024-05-22,305.2959,2024-05-29,295.9344,MOMENTUM_FAIL,3,-28.0844,19.7401,-47.8245,-0.052103,-0.057208,0.0,6,False
high_52w,ASHOKLEY,2024-05-27,2024-05-28,108.2862,2024-06-04,98.777,MOMENTUM_FAIL,9,-85.583,19.8708,-105.4539,-0.107969,-0.15697,0.044786,6,False
high_52w,PFC,2024-05-27,2024-05-28,469.1261,2024-05-31,436.2872,STOP,2,-65.6776,19.758,-85.4356,-0.09086,-0.07343,0.013237,4,False
high_52w,RECLTD,2024-05-27,2024-05-28,520.2667,2024-05-31,483.848,STOP,1,-36.4187,18.0526,-54.4713,-0.10447,-0.095353,0.003012,4,False
high_52w,MOTHERSON,2024-05-27,2024-05-28,95.025,2024-06-04,88.3732,STOP,10,-66.5175,19.8069,-86.3244,-0.090646,-0.070812,0.103281,6,False
high_52w,EXIDEIND,2024-05-27,2024-05-28,491.66,2024-06-04,449.2458,MOMENTUM_FAIL,2,-84.8284,19.9093,-104.7377,-0.106282,-0.138931,0.035209,6,False
high_52w,AEGISLOG,2024-05-27,2024-05-28,724.6095,2024-05-31,673.8868,STOP,1,-50.7227,18.8863,-69.609,-0.095855,-0.07622,0.043361,4,False
high_52w,JWL,2024-05-27,2024-05-28,569.0216,2024-06-03,673.1061,TARGET,1,104.0845,18.5446,85.5398,0.15,-0.059101,0.195052,5,False
high_52w,MAHABANK,2024-05-27,2024-05-28,66.8357,2024-06-04,59.5873,MOMENTUM_FAIL,14,-101.4774,19.6743,-121.1517,-0.129195,-0.169014,0.035211,6,False
high_52w,OIL,2024-05-27,2024-05-28,424.0521,2024-05-30,394.3684,STOP,2,-59.3673,19.3902,-78.7575,-0.09266,-0.070426,0.0,3,False
high_52w,SBIN,2024-05-27,2024-05-28,804.7443,2024-06-04,748.4122,STOP,1,-56.3321,19.2133,-75.5454,-0.09367,-0.124147,0.091301,6,False
high_52w,RVNL,2024-05-27,2024-05-28,373.2287,2024-06-04,347.1027,STOP,2,-52.252,18.9755,-71.2275,-0.095213,-0.146042,0.121372,6,False
high_52w,ADANIPOWER,2024-06-03,2024-06-04,174.6,2024-06-04,162.378,STOP,5,-61.11,19.4918,-80.6018,-0.092126,0.0,0.0,1,False
high_52w,GAIL,2024-06-03,2024-06-04,213.4871,2024-06-04,198.543,STOP,4,-59.7764,19.414,-79.1904,-0.092532,0.0,0.0,1,False
high_52w,SBIN,2024-06-03,2024-06-04,863.7736,2024-06-04,803.3094,STOP,1,-60.4642,19.4541,-79.9183,-0.09232,0.0,0.0,1,False
high_52w,PFC,2024-06-03,2024-06-04,493.9649,2024-06-04,459.3874,STOP,2,-69.1551,19.9607,-89.1158,-0.090008,0.0,0.0,1,False
high_52w,JWL,2024-06-03,2024-06-04,641.7537,2024-06-04,596.8309,STOP,1,-44.9228,18.5483,-63.4711,-0.098687,0.0,0.0,1,False
high_52w,BEL,2024-06-03,2024-06-04,307.0016,2024-06-04,285.5115,STOP,3,-64.4703,19.6876,-84.158,-0.091177,0.0,0.0,1,False
high_52w,NCC,2024-06-03,2024-06-04,304.066,2024-06-04,282.7814,STOP,3,-63.8539,19.6517,-83.5056,-0.091344,0.0,0.0,1,False
high_52w,UNIONBANK,2024-06-03,2024-06-04,155.51,2024-06-04,144.6243,STOP,6,-65.3142,19.7368,-85.051,-0.090954,0.0,0.0,1,False
high_52w,BANKBARODA,2024-06-03,2024-06-04,266.0027,2024-06-04,247.3825,STOP,3,-55.8606,19.1858,-75.0464,-0.093837,0.0,0.0,1,False
high_52w,HUDCO,2024-06-03,2024-06-04,267.4335,2024-06-04,248.7132,STOP,3,-56.161,19.2033,-75.3644,-0.09373,0.0,0.0,1,False
high_52w,POWERGRID,2024-06-03,2024-06-04,312.0027,2024-06-04,290.1625,STOP,3,-65.5206,19.7488,-85.2694,-0.0909,0.0,0.0,1,False
high_52w,NTPC,2024-06-03,2024-06-04,369.6078,2024-06-04,343.7352,STOP,2,-51.7451,18.9459,-70.691,-0.095421,0.0,0.0,1,False
high_52w,MOTHERSON,2024-06-10,2024-06-11,108.5812,2024-06-25,127.1703,TARGET,9,167.3021,20.397,146.9051,0.15,-0.015054,0.176421,10,False
high_52w,KARURVYSYA,2024-06-10,2024-06-11,175.6461,2024-06-19,174.042,MOMENTUM_FAIL,5,-8.0207,19.622,-27.6426,-0.031407,-0.051891,0.0,6,False
high_52w,CROMPTON,2024-06-10,2024-06-11,404.0851,2024-06-19,412.8378,MOMENTUM_FAIL,2,17.5055,19.3781,-1.8726,-0.002312,-0.016727,0.049579,6,False
high_52w,NAVA,2024-06-10,2024-06-11,281.6307,2024-06-18,330.5664,TARGET,3,146.8073,19.7964,127.0109,0.15,0.0,0.205461,5,False
high_52w,ABSLAMC,2024-06-10,2024-06-11,564.3812,2024-07-03,604.4746,TIME,1,40.0934,18.3947,21.6987,0.038363,0.0,0.158251,16,False
high_52w,PGEL,2024-06-10,2024-06-11,291.5186,2024-06-27,342.3755,TARGET,3,152.5708,19.9334,132.6373,0.151332,-0.012933,0.215808,12,False
high_52w,TATASTEEL,2024-06-10,2024-06-11,169.4093,2024-06-19,168.9588,MOMENTUM_FAIL,5,-2.2524,19.502,-21.7545,-0.025627,-0.006593,0.022715,6,False
high_52w,TDPOWERSYS,2024-06-18,2024-06-19,195.1772,2024-06-24,181.5148,STOP,5,-68.312,19.9115,-88.2235,-0.090206,-0.078646,0.0,4,False
high_52w,NAVA,2024-06-18,2024-06-19,341.5984,2024-07-10,355.8166,TIME,2,28.4363,18.8727,9.5637,0.013968,-0.004035,0.100021,16,False
high_52w,GMRAIRPORT,2024-06-18,2024-06-19,98.6,2024-06-26,98.28,MOMENTUM_FAIL,10,-3.2,20.0868,-23.2868,-0.023566,-0.040467,0.010953,6,False
high_52w,CEMPRO,2024-06-18,2024-06-19,490.9526,2024-07-02,574.9656,TARGET,2,168.026,20.4182,147.6078,0.15,-0.05404,0.191818,10,False
high_52w,HFCL,2024-06-18,2024-06-19,124.2515,2024-06-24,115.5539,STOP,8,-69.5808,19.9855,-89.5663,-0.089909,-0.09984,0.038492,4,False
high_52w,UTIAMC,2024-06-18,2024-06-19,929.3411,2024-06-26,903.8798,MOMENTUM_FAIL,1,-25.4614,19.8023,-45.2636,-0.048599,-0.040234,0.004502,6,False
high_52w,SHRIRAMFIN,2024-06-18,2024-06-19,547.5367,2024-07-10,534.4374,TIME,1,-13.0993,18.2153,-31.3146,-0.057067,-0.044102,0.081154,16,False
high_52w,JSWENERGY,2024-06-18,2024-06-19,707.2899,2024-07-10,719.1029,TIME,1,11.813,18.9406,-7.1275,-0.010055,-0.023368,0.055439,16,False
high_52w,MSUMI,2024-06-18,2024-06-19,51.056,2024-06-26,48.2605,MOMENTUM_FAIL,19,-53.116,19.9179,-73.0339,-0.075123,-0.063401,0.0,6,False
high_52w,EXIDEIND,2024-06-18,2024-06-19,559.2762,2024-07-10,559.7201,TIME,1,0.4439,18.2924,-17.8485,-0.031844,-0.031658,0.094092,16,False
high_52w,ANANTRAJ,2024-06-18,2024-06-19,443.0932,2024-06-26,438.2639,MOMENTUM_FAIL,2,-9.6584,19.6522,-29.3106,-0.033003,-0.032359,0.013483,6,False
high_52w,MOTHERSON,2024-06-18,2024-06-19,118.9536,2024-07-10,131.6236,TIME,8,101.3602,20.1546,81.2056,0.085147,0.0,0.152759,16,False
high_52w,SUZLON,2024-06-24,2024-06-25,55.15,2024-07-02,53.03,MOMENTUM_FAIL,18,-38.16,20.0439,-58.204,-0.058504,-0.066183,0.0,6,False
high_52w,ASAHIINDIA,2024-06-24,2024-06-25,709.6699,2024-07-02,677.1144,MOMENTUM_FAIL,1,-32.5554,18.8603,-51.4157,-0.072292,-0.066224,0.0,6,False
high_52w,JSWENERGY,2024-06-24,2024-06-25,742.5303,2024-07-02,725.1583,MOMENTUM_FAIL,1,-17.372,19.0299,-36.402,-0.048917,-0.052072,0.005348,6,False
high_52w,ELGIEQUIP,2024-06-24,2024-06-25,755.565,2024-06-27,702.6754,STOP,1,-52.8895,19.0126,-71.9022,-0.094956,-0.075092,0.0,3,False
high_52w,MINDACORP,2024-06-24,2024-06-25,491.2664,2024-07-02,496.6305,MOMENTUM_FAIL,2,10.7283,20.1005,-9.3722,-0.009518,-0.039329,0.031241,6,False
high_52w,SHRIRAMFIN,2024-06-24,2024-06-25,557.8788,2024-07-16,544.3828,TIME,1,-13.496,18.2581,-31.7541,-0.056795,-0.061823,0.061111,16,False
high_52w,RAILTEL,2024-06-24,2024-06-25,487.7873,2024-06-27,453.6422,STOP,2,-68.2902,19.9103,-88.2005,-0.090212,-0.091984,0.0,3,False
high_52w,NAVA,2024-06-24,2024-06-25,364.4248,2024-07-02,366.2625,MOMENTUM_FAIL,2,3.6753,19.015,-15.3397,-0.021,-0.050561,0.021697,6,False
high_52w,CGPOWER,2024-06-24,2024-06-25,705.0378,2024-07-02,717.137,MOMENTUM_FAIL,1,12.0992,18.9316,-6.8324,-0.00967,-0.039124,0.028249,6,False
high_52w,CHOICEIN,2024-06-24,2024-06-25,382.45,2024-06-26,449.6597,TARGET,2,134.4193,19.4335,114.9858,0.15,-0.000784,0.179762,2,False
high_52w,INDHOTEL,2024-06-24,2024-06-25,644.2281,2024-07-02,599.2612,MOMENTUM_FAIL,1,-44.9669,18.5587,-63.5256,-0.098392,-0.075193,0.021495,6,False
high_52w,WOCKPHARMA,2024-07-01,2024-07-02,832.0,2024-07-04,976.8108,TARGET,1,144.8108,19.7379,125.0728,0.15,-0.008413,0.195913,3,False
high_52w,PGEL,2024-07-01,2024-07-02,396.5533,2024-07-02,368.7946,STOP,2,-55.5175,19.1658,-74.6833,-0.09396,0.0,0.0,1,False
high_52w,CEMPRO,2024-07-01,2024-07-02,562.6614,2024-07-04,523.2751,STOP,1,-39.3863,18.2256,-57.6119,-0.102168,-0.160409,0.035872,3,False
high_52w,IGL,2024-07-01,2024-07-02,249.4662,2024-07-09,246.3538,MOMENTUM_FAIL,3,-9.3372,19.0711,-28.4083,-0.037876,-0.029112,0.002174,6,False
high_52w,COHANCE,2024-07-01,2024-07-02,815.9,2024-07-09,813.45,MOMENTUM_FAIL,1,-2.45,19.3701,-21.8201,-0.026685,-0.032847,0.029477,6,False
high_52w,INDUSTOWER,2024-07-01,2024-07-02,377.3969,2024-07-09,371.0363,MOMENTUM_FAIL,2,-12.7212,19.0912,-31.8124,-0.042055,-0.038943,0.042901,6,False
high_52w,LTF,2024-07-01,2024-07-02,187.337,2024-07-09,179.261,MOMENTUM_FAIL,5,-40.3802,19.8029,-60.1831,-0.064111,-0.04701,0.00988,6,False
high_52w,ANANTRAJ,2024-07-08,2024-07-09,546.1497,2024-07-10,507.9192,STOP,1,-38.2305,18.1582,-56.3887,-0.103023,-0.084412,0.0,2,False
high_52w,IRCON,2024-07-08,2024-07-09,318.464,2024-07-09,296.1715,STOP,3,-66.8774,19.8279,-86.7054,-0.090556,0.0,0.0,1,False
high_52w,BEL,2024-07-08,2024-07-09,332.5851,2024-07-16,320.9249,MOMENTUM_FAIL,3,-34.9806,20.0717,-55.0523,-0.055056,-0.040976,0.007396,6,False
high_52w,ONGC,2024-07-08,2024-07-09,269.8346,2024-07-31,299.7963,TIME,3,89.885,19.5311,70.3539,0.08672,-0.039727,0.128823,16,False
high_52w,BHEL,2024-07-08,2024-07-09,328.9675,2024-07-16,318.035,MOMENTUM_FAIL,3,-32.7975,20.0304,-52.8279,-0.053412,-0.049547,0.01148,6,False
high_52w,RECLTD,2024-07-08,2024-07-09,551.9411,2024-07-23,513.3052,STOP,1,-38.6359,18.1819,-56.8177,-0.102717,-0.07199,0.071253,10,False
high_52w,CESC,2024-07-08,2024-07-09,157.5923,2024-07-23,146.5608,STOP,6,-66.1887,19.7878,-85.9765,-0.090729,-0.117126,0.107471,10,False
high_52w,FEDERALBNK,2024-07-08,2024-07-09,185.4288,2024-07-16,192.3713,MOMENTUM_FAIL,5,34.7125,19.9155,14.797,0.015925,-0.020181,0.047212,6,False
high_52w,FSL,2024-07-08,2024-07-09,244.009,2024-07-16,245.8577,MOMENTUM_FAIL,4,7.3948,20.0663,-12.6715,-0.012954,-0.062674,0.017453,6,False
high_52w,AEGISLOG,2024-07-08,2024-07-09,912.1557,2024-07-11,848.3048,STOP,1,-63.8509,19.6515,-83.5024,-0.091344,-0.071972,0.021257,3,False
high_52w,RAILTEL,2024-07-08,2024-07-09,527.6705,2024-07-09,490.7335,STOP,1,-36.9369,18.0829,-55.0198,-0.104042,0.0,0.0,1,False
high_52w,NATIONALUM,2024-07-08,2024-07-09,190.0478,2024-07-10,176.7444,STOP,5,-66.5167,19.8069,-86.3236,-0.090646,-0.080383,0.0,2,False
high_52w,IFCI,2024-07-15,2024-07-16,77.6,2024-07-18,72.168,STOP,12,-65.184,19.7292,-84.9132,-0.090988,-0.103093,0.0,2,False
high_52w,ONGC,2024-07-15,2024-07-16,290.2875,2024-07-23,269.9674,STOP,3,-60.9604,19.483,-80.4434,-0.092171,-0.080964,0.029975,5,False
high_52w,CASTROLIND,2024-07-15,2024-07-16,237.1334,2024-07-19,220.5341,STOP,4,-66.3974,19.7999,-86.1973,-0.090676,-0.094465,0.0,3,False
high_52w,ETERNAL,2024-07-15,2024-07-16,230.0,2024-07-18,213.9,STOP,4,-64.4,19.6835,-84.0835,-0.091196,-0.08587,0.0,2,False
high_52w,PETRONET,2024-07-15,2024-07-16,329.6956,2024-07-24,327.7791,MOMENTUM_FAIL,3,-5.7497,20.0947,-25.8443,-0.026073,-0.064512,0.016163,6,False
high_52w,NLCINDIA,2024-07-15,2024-07-16,287.4903,2024-07-18,267.366,STOP,3,-60.373,19.4488,-79.8218,-0.092348,-0.073171,0.0,2,False
high_52w,GAIL,2024-07-15,2024-07-16,220.6666,2024-07-19,205.2199,STOP,4,-61.7866,19.5312,-81.3179,-0.091927,-0.080521,0.0,3,False
high_52w,UTIAMC,2024-07-15,2024-07-16,961.4795,2024-07-23,894.1759,STOP,1,-67.3036,19.8528,-87.1563,-0.09045,-0.090487,0.026031,5,False
high_52w,ZYDUSWELL,2024-07-22,2024-07-23,443.7845,2024-08-13,453.2572,TIME,2,18.9454,19.7163,-0.7709,-0.000867,-0.018341,0.113901,16,False
high_52w,SUMICHEM,2024-07-22,2024-07-23,515.6054,2024-07-30,515.9041,MOMENTUM_FAIL,1,0.2987,18.1077,-17.8091,-0.034465,-0.044217,0.043541,6,False
high_52w,WELSPUNLIV,2024-07-22,2024-07-23,176.7728,2024-07-23,164.3987,STOP,5,-61.8705,19.5361,-81.4066,-0.091902,0.0,0.0,1,False
high_52w,INDUSTOWER,2024-07-22,2024-07-23,408.6218,2024-08-13,390.6,TIME,2,-36.0436,19.3074,-55.351,-0.067581,-0.049057,0.069104,16,False
high_52w,INDIACEM,2024-07-22,2024-07-23,355.0,2024-08-13,364.95,TIME,2,19.9,18.9685,0.9316,0.001309,-0.066901,0.084507,16,False
high_52w,IGL,2024-07-22,2024-07-23,257.9546,2024-07-30,260.9963,MOMENTUM_FAIL,3,9.1252,19.2162,-10.091,-0.013011,-0.031078,0.017093,6,False
high_52w,CROMPTON,2024-07-22,2024-07-23,430.1025,2024-07-30,436.2728,MOMENTUM_FAIL,2,12.3405,19.5873,-7.2468,-0.008406,-0.02983,0.049528,6,False
high_52w,DEEPAKFERT,2024-07-29,2024-07-30,904.967,2024-08-21,1029.2166,TIME,1,124.2496,20.0042,104.2454,0.114941,-0.018,0.168973,16,False
high_52w,SUNTV,2024-07-29,2024-07-30,821.781,2024-08-06,825.4788,MOMENTUM_FAIL,1,3.6978,19.4075,-15.7096,-0.019075,-0.002423,0.047594,6,False
high_52w,ASHOKLEY,2024-07-29,2024-07-30,121.9082,2024-08-06,115.6083,MOMENTUM_FAIL,8,-50.3989,19.9454,-70.3442,-0.071971,-0.063963,0.01014,6,False
high_52w,SUMICHEM,2024-07-29,2024-07-30,531.3851,2024-08-05,494.1882,STOP,1,-37.197,18.098,-55.295,-0.103831,-0.084122,0.024637,5,False
high_52w,SUZLON,2024-07-29,2024-07-30,65.81,2024-08-12,77.15,TARGET,15,170.1001,20.4446,149.6555,0.151273,-0.003191,0.221091,10,False
high_52w,WELSPUNLIV,2024-07-29,2024-07-30,188.6235,2024-08-05,173.7903,GAP_STOP,5,-74.1656,19.7612,-93.9268,-0.099375,-0.099215,0.0,5,False
high_52w,FSL,2024-07-29,2024-07-30,259.0116,2024-08-06,304.4444,TARGET,3,136.2985,19.4885,116.81,0.15,0.0,0.187967,6,False
high_52w,EIDPARRY,2024-07-29,2024-07-30,843.1,2024-08-02,784.083,STOP,1,-59.017,19.3698,-78.3868,-0.092772,-0.100878,0.0,4,False
high_52w,ANANTRAJ,2024-07-29,2024-07-30,556.2154,2024-08-02,517.2803,STOP,1,-38.9351,18.1993,-57.1344,-0.102496,-0.075744,0.007709,4,False
high_52w,PCBL,2024-08-05,2024-08-06,376.1247,2024-08-13,358.2118,MOMENTUM_FAIL,2,-35.8259,19.0334,-54.8593,-0.072768,-0.056261,0.045466,6,False
high_52w,GRANULES,2024-08-05,2024-08-06,641.6974,2024-08-28,702.8328,TIME,1,61.1354,18.764,42.3714,0.065886,-0.005271,0.103876,16,False
high_52w,HDFCLIFE,2024-08-05,2024-08-06,707.168,2024-08-13,680.6858,MOMENTUM_FAIL,1,-26.4822,18.8621,-45.3442,-0.063981,-0.047987,0.004707,6,False
high_52w,BIRET,2024-08-05,2024-08-06,231.4662,2024-08-13,233.0807,MOMENTUM_FAIL,4,6.4579,19.8526,-13.3947,-0.014436,-0.001977,0.014547,6,False
high_52w,SUNTV,2024-08-05,2024-08-06,844.063,2024-08-12,784.9786,STOP,1,-59.0844,19.3737,-78.4581,-0.09275,-0.095709,0.034599,5,False
high_52w,MARICO,2024-08-05,2024-08-06,658.8396,2024-08-13,647.6139,MOMENTUM_FAIL,1,-11.2257,18.6891,-29.9148,-0.045306,-0.065476,0.0,6,False
high_52w,NTPC,2024-08-05,2024-08-06,389.7433,2024-08-13,376.6125,MOMENTUM_FAIL,2,-26.2616,19.1679,-45.4295,-0.058154,-0.036618,0.026795,6,False
high_52w,MINDACORP,2024-08-05,2024-08-06,511.5806,2024-08-13,510.4404,MOMENTUM_FAIL,1,-1.1401,18.0878,-19.2279,-0.037503,-0.01176,0.042607,6,False
high_52w,JUBLFOOD,2024-08-12,2024-08-13,648.0241,2024-08-21,643.7935,MOMENTUM_FAIL,1,-4.2306,18.6576,-22.8883,-0.035243,-0.041321,0.008756,6,False
high_52w,SUZLON,2024-08-12,2024-08-13,81.97,2024-08-16,76.2321,STOP,12,-68.8548,19.9432,-88.798,-0.090078,-0.095767,0.005368,3,False
high_52w,GRANULES,2024-08-12,2024-08-13,685.4224,2024-08-21,691.0435,MOMENTUM_FAIL,1,5.6211,18.8356,-13.2145,-0.019237,-0.04456,0.013136,6,False
high_52w,WELCORP,2024-08-12,2024-08-13,690.9164,2024-09-04,690.5695,TIME,1,-0.347,18.8467,-19.1936,-0.027719,-0.065571,0.076117,16,False
high_52w,OIL,2024-08-12,2024-08-13,641.4177,2024-09-04,646.9766,TIME,1,5.5589,18.6497,-13.0908,-0.020365,-0.049359,0.135295,16,False
high_52w,MCX,2024-08-12,2024-08-13,878.7178,2024-08-30,1030.7636,TARGET,1,152.0458,19.9499,132.0958,0.15,-0.028236,0.182426,13,False
high_52w,EMBASSY,2024-08-12,2024-08-13,337.542,2024-08-21,335.1298,MOMENTUM_FAIL,2,-4.8246,18.7707,-23.5953,-0.034875,-0.025223,0.021939,6,False
high_52w,PGEL,2024-08-19,2024-08-20,524.5497,2024-08-29,487.8312,STOP,1,-36.7185,18.0701,-54.7886,-0.104221,-0.072449,0.12719,8,False
high_52w,FSL,2024-08-19,2024-08-20,329.0879,2024-08-22,306.0518,STOP,3,-69.1085,19.958,-89.0664,-0.090019,-0.072647,0.0,3,False
high_52w,NAM-INDIA,2024-08-19,2024-08-20,689.4241,2024-08-27,667.385,MOMENTUM_FAIL,1,-22.0391,18.7962,-40.8353,-0.059102,-0.033909,0.025518,6,False
high_52w,MCX,2024-08-19,2024-08-20,950.1744,2024-08-27,963.7611,MOMENTUM_FAIL,1,13.5867,19.9697,-6.383,-0.006703,-0.009494,0.031001,6,False
high_52w,LTFOODS,2024-08-19,2024-08-20,335.045,2024-09-03,394.9132,TARGET,2,119.7365,19.0032,100.7332,0.15,-0.004414,0.206415,11,False
high_52w,CCL,2024-08-19,2024-08-20,701.112,2024-08-27,707.275,MOMENTUM_FAIL,1,6.1631,18.903,-12.7399,-0.018131,-0.013643,0.025246,6,False
high_52w,BALRAMCHIN,2024-08-19,2024-08-20,527.888,2024-09-10,554.9237,TIME,1,27.0357,18.214,8.8217,0.016675,0.0,0.168224,16,False
high_52w,SHRIRAMFIN,2024-08-19,2024-08-20,606.518,2024-08-27,628.1976,MOMENTUM_FAIL,1,21.6796,18.5351,3.1445,0.005173,-0.002245,0.048397,6,False
high_52w,WELCORP,2024-08-19,2024-08-20,712.7755,2024-08-27,711.1398,MOMENTUM_FAIL,1,-1.6357,18.9363,-20.5721,-0.028799,-0.015925,0.043115,6,False
high_52w,KIMS,2024-08-19,2024-08-20,487.99,2024-08-27,504.35,MOMENTUM_FAIL,2,32.72,20.1177,12.6024,0.012884,-0.027439,0.040575,6,False
high_52w,LTFOODS,2024-08-26,2024-08-27,365.9517,2024-09-16,430.6064,TARGET,2,129.3093,19.2837,110.0255,0.15,-0.013739,0.205684,15,False
high_52w,WELSPUNLIV,2024-08-26,2024-08-27,198.4003,2024-09-02,184.5123,STOP,5,-69.4401,19.9773,-89.4174,-0.089942,-0.07113,0.05998,5,False
high_52w,JSWSTEEL,2024-08-26,2024-08-27,955.375,2024-09-03,923.1474,MOMENTUM_FAIL,1,-32.2276,19.8984,-52.126,-0.054442,-0.034771,0.0,6,False
high_52w,HINDALCO,2024-08-26,2024-08-27,703.0497,2024-09-03,670.46,MOMENTUM_FAIL,1,-32.5897,18.8322,-51.422,-0.072982,-0.048251,0.0,6,False
high_52w,GALLANTT,2024-09-02,2024-09-03,394.6307,2024-09-04,360.108,GAP_STOP,2,-69.0455,19.122,-88.1675,-0.111465,-0.092257,0.0,2,False
high_52w,LTFOODS,2024-09-02,2024-09-03,379.6059,2024-09-24,428.1105,TIME,2,97.0092,19.3333,77.676,0.102088,-0.002597,0.166041,16,False
high_52w,KALYANKJIL,2024-09-02,2024-09-03,634.5961,2024-09-10,635.7381,MOMENTUM_FAIL,1,1.142,18.6119,-17.4699,-0.027469,-0.01377,0.037086,6,False
high_52w,PPLPHARMA,2024-09-02,2024-09-03,196.3228,2024-09-10,229.919,TARGET,5,167.9809,20.4169,147.564,0.15,-0.037414,0.220667,6,False
high_52w,PATANJALI,2024-09-02,2024-09-03,641.2137,2024-09-10,634.8675,MOMENTUM_FAIL,1,-6.3462,18.6246,-24.9708,-0.038858,-0.042037,0.006785,6,False
high_52w,HINDPETRO,2024-09-02,2024-09-03,393.3235,2024-09-19,365.7909,STOP,2,-55.0653,19.1395,-74.2048,-0.094125,-0.085927,0.06599,13,False
high_52w,SHRIRAMFIN,2024-09-09,2024-09-10,647.3481,2024-09-17,666.1583,MOMENTUM_FAIL,1,18.8102,18.7017,0.1085,0.000167,-0.022176,0.041723,6,False
high_52w,IEX,2024-09-09,2024-09-10,204.9117,2024-10-01,199.3989,TIME,4,-22.0514,19.346,-41.3974,-0.050396,-0.068193,0.141522,16,False
high_52w,DABUR,2024-09-09,2024-09-10,647.4324,2024-09-17,638.5337,MOMENTUM_FAIL,1,-8.8987,18.6456,-27.5443,-0.042451,-0.027041,0.003959,6,False
high_52w,BIRET,2024-09-09,2024-09-10,236.8473,2024-10-01,251.8785,TIME,4,60.1246,20.0527,40.0719,0.042205,0.0,0.065762,16,False
high_52w,EMBASSY,2024-09-09,2024-09-10,346.7654,2024-09-17,341.4975,MOMENTUM_FAIL,2,-10.5359,18.8369,-29.3729,-0.04226,-0.035166,0.008952,6,False
high_52w,ITC,2024-09-09,2024-09-10,454.3196,2024-09-17,450.6365,MOMENTUM_FAIL,2,-7.3663,19.7517,-27.118,-0.02978,-0.011037,0.0168,6,False
high_52w,INDHOTEL,2024-09-09,2024-09-10,665.4707,2024-09-17,687.16,MOMENTUM_FAIL,1,21.6893,18.7841,2.9052,0.004356,0.0,0.049746,6,False
high_52w,LTFOODS,2024-09-16,2024-09-17,429.741,2024-09-24,428.1105,MOMENTUM_FAIL,2,-3.2609,19.5525,-22.8134,-0.026485,-0.05599,0.021614,6,False
high_52w,HSCL,2024-09-16,2024-09-17,594.4403,2024-10-09,627.3539,TIME,1,32.9136,18.507,14.4066,0.024183,-0.023071,0.155537,16,False
high_52w,SHYAMMETL,2024-09-16,2024-09-17,898.5457,2024-10-09,920.1468,TIME,1,21.6011,19.7681,1.833,0.002036,-0.064749,0.052811,16,False
high_52w,FORTIS,2024-09-16,2024-09-17,599.2049,2024-09-24,593.6175,MOMENTUM_FAIL,1,-5.5874,18.4487,-24.0361,-0.040026,-0.042128,0.037133,6,False
high_52w,NAVA,2024-09-16,2024-09-17,541.9346,2024-09-18,641.8242,TARGET,1,99.8896,18.4217,81.4679,0.15,0.0,0.213087,2,False
high_52w,JUBLINGREA,2024-09-16,2024-09-17,763.3604,2024-09-24,745.4586,MOMENTUM_FAIL,1,-17.9017,19.1168,-37.0185,-0.048388,-0.033529,0.008786,6,False
high_52w,MARICO,2024-09-16,2024-09-17,684.0364,2024-09-24,691.2914,MOMENTUM_FAIL,1,7.255,18.8331,-11.5781,-0.016889,-0.015981,0.018346,6,False
high_52w,IEX,2024-09-16,2024-09-17,212.5205,2024-09-25,197.6441,STOP,4,-59.5057,19.3983,-78.904,-0.092617,-0.101554,0.100653,7,False
high_52w,ASAHIINDIA,2024-09-23,2024-09-24,807.4198,2024-09-27,750.9004,STOP,1,-56.5194,19.2242,-75.7436,-0.093605,-0.070777,0.003638,4,False
high_52w,KALYANKJIL,2024-09-23,2024-09-24,766.6195,2024-09-26,712.9561,STOP,1,-53.6634,19.0577,-72.7211,-0.094653,-0.079016,0.016969,3,False
high_52w,IEX,2024-09-23,2024-09-24,230.1787,2024-09-24,214.0662,STOP,4,-64.45,19.6864,-84.1365,-0.091182,0.0,0.0,1,False
high_52w,LLOYDSME,2024-09-23,2024-09-24,874.823,2024-10-15,1026.2656,TARGET,1,151.4426,19.9323,131.5103,0.15,-0.013699,0.187215,15,False
high_52w,ICICIPRULI,2024-09-23,2024-09-24,786.5244,2024-10-01,763.5348,MOMENTUM_FAIL,1,-22.9896,19.2042,-42.1939,-0.053529,-0.036442,0.008225,6,False
high_52w,ACUTAAS,2024-09-23,2024-09-24,830.4327,2024-10-16,818.0295,TIME,1,-12.4032,19.4112,-31.8144,-0.038227,-0.048534,0.095685,16,False
high_52w,ETERNAL,2024-09-23,2024-09-24,298.0,2024-09-27,275.4,GAP_STOP,3,-67.8,19.5668,-87.3668,-0.097513,-0.082215,0.0,4,False
high_52w,SARDAEN,2024-09-23,2024-09-24,429.9671,2024-10-09,504.5355,TARGET,2,149.1368,19.8647,129.2721,0.15,-0.005547,0.197828,11,False
high_52w,WELCORP,2024-09-30,2024-10-01,760.36,2024-10-04,707.1348,STOP,1,-53.2252,19.0322,-72.2574,-0.094823,-0.072164,0.0,3,False
high_52w,NTPC,2024-09-30,2024-10-01,423.9505,2024-10-07,394.2739,STOP,2,-59.3531,19.3894,-78.7424,-0.092665,-0.082847,0.0,4,False
high_52w,LLOYDSME,2024-09-30,2024-10-01,946.6264,2024-10-23,973.5402,TIME,1,26.9137,19.9819,6.9319,0.007307,-0.059975,0.097162,16,False
high_52w,BIRET,2024-09-30,2024-10-01,250.3683,2024-10-09,253.6608,MOMENTUM_FAIL,3,9.8775,19.1216,-9.2441,-0.01228,-0.000561,0.022233,6,False
high_52w,PCBL,2024-09-30,2024-10-01,550.7165,2024-10-04,512.1663,STOP,1,-38.5502,18.1769,-56.727,-0.102781,-0.082835,0.0,3,False
high_52w,BPCL,2024-09-30,2024-10-01,340.5558,2024-10-04,315.2442,GAP_STOP,2,-50.6232,18.7029,-69.326,-0.101562,-0.096351,0.0,3,False
high_52w,HINDALCO,2024-09-30,2024-10-01,745.6138,2024-10-09,718.5051,MOMENTUM_FAIL,1,-27.1087,19.0231,-46.1318,-0.061736,-0.062252,0.023378,6,False
high_52w,VEDL,2024-09-30,2024-10-01,467.9906,2024-10-09,455.1055,MOMENTUM_FAIL,2,-25.7701,19.8297,-45.5998,-0.048612,-0.050362,0.019988,6,False
high_52w,JMFINANCIL,2024-09-30,2024-10-01,145.5118,2024-10-04,135.326,STOP,6,-61.115,19.4921,-80.607,-0.092124,-0.084408,0.012763,3,False
high_52w,NATIONALUM,2024-09-30,2024-10-01,197.2138,2024-10-23,205.9574,TIME,5,43.7182,20.1826,23.5355,0.023816,-0.067599,0.097296,16,False
high_52w,EMBASSY,2024-10-07,2024-10-08,350.2951,2024-10-15,345.8963,MOMENTUM_FAIL,2,-8.7976,18.8703,-27.6679,-0.039406,-0.022735,0.005089,6,False
high_52w,VIJAYA,2024-10-07,2024-10-08,969.6991,2024-10-25,901.8201,STOP,1,-67.8789,19.8863,-87.7652,-0.09031,-0.077492,0.138386,14,False
high_52w,BIRET,2024-10-07,2024-10-08,251.1059,2024-10-15,257.2255,MOMENTUM_FAIL,3,18.3589,19.1482,-0.7894,-0.001046,0.0,0.027448,6,False
high_52w,ITC,2024-10-07,2024-10-08,452.6334,2024-10-15,442.4713,MOMENTUM_FAIL,2,-20.324,19.7111,-40.0351,-0.044128,-0.044314,0.0,6,False
high_52w,ANANTRAJ,2024-10-14,2024-10-15,765.8682,2024-10-22,687.0926,MOMENTUM_FAIL,1,-78.7756,19.0034,-97.779,-0.127392,-0.114315,0.036716,6,False
high_52w,BIRET,2024-10-14,2024-10-15,254.6179,2024-10-22,257.5152,MOMENTUM_FAIL,3,8.6919,19.173,-10.4811,-0.013691,-0.009586,0.014172,6,False
high_52w,NATIONALUM,2024-10-14,2024-10-15,208.7065,2024-10-22,202.7027,MOMENTUM_FAIL,4,-24.015,19.4061,-43.4211,-0.051899,-0.049339,0.036872,6,False
high_52w,USHAMART,2024-10-14,2024-10-15,415.3822,2024-10-22,386.3055,STOP,2,-58.1535,19.3194,-77.473,-0.093052,-0.075501,0.051914,6,False
high_52w,APTUS,2024-10-14,2024-10-15,376.4939,2024-10-21,350.1394,STOP,2,-52.7092,19.0021,-71.7113,-0.095028,-0.072036,0.010438,5,False
high_52w,BIRET,2024-10-21,2024-10-22,255.0568,2024-10-29,261.5715,MOMENTUM_FAIL,3,19.5442,19.2007,0.3435,0.000448,-0.00981,0.03253,6,False
high_52w,NATIONALUM,2024-10-21,2024-10-22,212.3841,2024-10-25,197.5172,STOP,4,-59.4676,19.396,-78.8636,-0.092629,-0.096753,0.0,4,False
high_52w,EMBASSY,2024-10-21,2024-10-22,349.8252,2024-10-29,357.4683,MOMENTUM_FAIL,2,15.2862,18.9154,-3.6291,-0.005176,-0.026467,0.02419,6,False
high_52w,CHOICEIN,2024-10-21,2024-10-22,488.75,2024-10-25,454.5375,STOP,2,-68.425,19.9181,-88.3431,-0.090179,-0.076113,0.0,4,False
high_52w,HDFCLIFE,2024-10-21,2024-10-22,741.1028,2024-10-29,737.7243,MOMENTUM_FAIL,1,-3.3785,19.0524,-22.4309,-0.030201,-0.061411,0.0,6,False
high_52w,ASTERDM,2024-10-21,2024-10-22,418.8715,2024-11-12,431.9797,TIME,2,26.2164,19.5207,6.6956,0.007975,-0.067765,0.091765,16,False
high_52w,FORTIS,2024-10-21,2024-10-22,600.3025,2024-10-29,599.0054,MOMENTUM_FAIL,1,-1.2971,18.4621,-19.7592,-0.032844,-0.049281,0.017203,6,False
high_52w,FSL,2024-10-28,2024-10-29,357.5928,2024-10-29,332.5613,STOP,2,-50.063,18.8479,-68.9109,-0.096144,0.0,0.0,1,False
high_52w,EMBASSY,2024-10-28,2024-10-29,351.1758,2024-11-05,355.5238,MOMENTUM_FAIL,2,8.6961,18.9134,-10.2172,-0.014515,-0.000256,0.038195,6,False
high_52w,CUB,2024-10-28,2024-10-29,127.1987,2024-11-05,131.7037,MOMENTUM_FAIL,7,31.5347,19.7538,11.7809,0.013202,-0.000868,0.042824,6,False
high_52w,BIRET,2024-10-28,2024-10-29,258.1298,2024-11-05,258.92,MOMENTUM_FAIL,3,2.3708,19.2046,-16.8339,-0.021691,-0.014592,0.017007,6,False
high_52w,HDFCBANK,2024-10-28,2024-10-29,837.7092,2024-11-05,853.0933,MOMENTUM_FAIL,1,15.3841,19.4985,-4.1144,-0.004901,-0.016366,0.021174,6,False
high_52w,WIPRO,2024-10-28,2024-10-29,259.4157,2024-11-05,251.9549,MOMENTUM_FAIL,3,-22.3825,19.1705,-41.5531,-0.053277,-0.045731,0.033851,6,False
high_52w,TARIL,2024-11-04,2024-11-05,474.373,2024-11-14,422.2169,GAP_STOP,2,-104.3121,19.7236,-124.0358,-0.130451,-0.109947,0.1,8,False
high_52w,EMBASSY,2024-11-04,2024-11-05,359.9079,2024-11-12,349.3393,MOMENTUM_FAIL,2,-21.1372,18.9263,-40.0635,-0.055537,-0.03952,0.0,6,False
high_52w,CUB,2024-11-04,2024-11-05,131.0264,2024-11-12,128.1851,MOMENTUM_FAIL,7,-19.8896,19.7623,-39.6518,-0.043138,-0.026685,0.02382,6,False
high_52w,FEDERALBNK,2024-11-04,2024-11-05,202.2505,2024-11-12,205.3214,MOMENTUM_FAIL,4,12.2834,19.371,-7.0876,-0.008742,-0.00671,0.027428,6,False
high_52w,FORTIS,2024-11-04,2024-11-05,631.8317,2024-11-12,641.7595,MOMENTUM_FAIL,1,9.9278,18.6181,-8.6903,-0.013724,-0.032531,0.040426,6,False
high_52w,ACUTAAS,2024-11-04,2024-11-05,978.2715,2024-11-28,1047.4243,TIME,1,69.1529,20.2015,48.9513,0.049929,-0.018622,0.114362,16,False
high_52w,CHOICEIN,2024-11-04,2024-11-05,517.5,2024-11-12,523.55,MOMENTUM_FAIL,1,6.05,18.1274,-12.0775,-0.023287,-0.006377,0.043285,6,False
high_52w,NATIONALUM,2024-11-04,2024-11-05,212.2002,2024-11-28,228.952,TIME,4,67.0068,19.6505,47.3563,0.05567,-0.05286,0.139471,16,False
high_52w,BIRET,2024-11-04,2024-11-05,258.964,2024-11-12,259.2712,MOMENTUM_FAIL,3,0.9218,19.2123,-18.2905,-0.023492,-0.048515,0.015033,6,False
high_52w,PPLPHARMA,2024-11-04,2024-11-05,275.1217,2024-11-12,255.8632,STOP,3,-57.7756,19.2974,-77.073,-0.093177,-0.096622,0.118416,6,False
high_52w,ABSLAMC,2024-11-04,2024-11-05,748.462,2024-11-28,830.7331,TIME,1,82.2711,19.2579,63.0132,0.084007,-0.015349,0.134594,16,False
high_52w,FEDERALBNK,2024-11-11,2024-11-12,206.3318,2024-11-21,208.8974,MOMENTUM_FAIL,4,10.2627,19.4358,-9.1731,-0.01109,-0.063613,0.015123,6,False
high_52w,WIPRO,2024-11-11,2024-11-12,266.4595,2024-11-21,258.1877,MOMENTUM_FAIL,3,-24.8154,19.2548,-44.0702,-0.05501,-0.060348,0.0,6,False
high_52w,HDFCBANK,2024-11-11,2024-11-12,859.9604,2024-11-21,845.013,MOMENTUM_FAIL,1,-14.9474,19.5307,-34.4781,-0.040005,-0.056377,0.0,6,False
high_52w,INDHOTEL,2024-11-11,2024-11-12,724.6325,2024-12-05,814.07,TIME,1,89.4375,19.1718,70.2656,0.096756,-0.027877,0.126712,16,False
high_52w,BIRET,2024-11-11,2024-11-12,255.4537,2024-11-21,249.3706,MOMENTUM_FAIL,3,-18.2492,19.1288,-37.3779,-0.048667,-0.031739,0.017807,6,False
high_52w,BBOX,2024-11-11,2024-11-12,576.9473,2024-11-13,536.5609,STOP,1,-40.3863,18.2839,-58.6702,-0.101469,-0.094473,0.0,2,False
high_52w,FORTIS,2024-11-11,2024-11-12,623.6002,2024-11-25,736.137,TARGET,1,112.5368,18.7923,93.7445,0.15,-0.0144,0.18456,8,False
high_52w,CHOICEIN,2024-11-11,2024-11-12,524.8,2024-11-21,522.4,MOMENTUM_FAIL,1,-2.4,18.1411,-20.541,-0.039055,-0.041063,0.028963,6,False
high_52w,KIMS,2024-11-11,2024-11-12,562.95,2024-12-05,615.65,TIME,1,52.7,18.4143,34.2857,0.060771,-0.029932,0.124434,16,False
high_52w,INDHOTEL,2024-11-18,2024-11-19,736.5442,2024-12-11,830.2502,TIME,1,93.706,19.2308,74.4751,0.100894,0.0,0.140768,16,False
high_52w,FORTIS,2024-11-18,2024-11-19,647.8956,2024-12-11,712.1015,TIME,1,64.2059,18.7964,45.4094,0.069935,-0.016555,0.14014,16,False
high_52w,CHOICEIN,2024-11-18,2024-11-19,531.0,2024-11-27,530.35,MOMENTUM_FAIL,1,-0.65,18.1708,-18.8208,-0.035367,-0.030132,0.045198,6,False
high_52w,BBOX,2024-11-18,2024-11-19,582.7266,2024-12-04,688.9335,TARGET,1,106.2069,18.6068,87.6001,0.15,-0.049248,0.211611,11,False
high_52w,NATIONALUM,2024-11-18,2024-11-19,220.6588,2024-12-11,233.1662,TIME,4,50.0295,19.7588,30.2707,0.034221,-0.001875,0.095792,16,False
high_52w,BIRET,2024-11-18,2024-11-19,253.9374,2024-11-27,255.1861,MOMENTUM_FAIL,3,3.7461,19.1543,-15.4082,-0.020182,-0.048121,0.043203,6,False
high_52w,ABSLAMC,2024-11-18,2024-11-19,768.0685,2024-12-11,784.7316,TIME,1,16.6631,19.2071,-2.544,-0.003305,0.0,0.127202,16,False
high_52w,FEDERALBNK,2024-11-18,2024-11-19,200.1009,2024-12-11,212.6617,TIME,4,50.2431,19.412,30.8311,0.038435,0.0,0.074257,16,False
high_52w,HDFCBANK,2024-11-18,2024-11-19,831.8127,2024-12-11,904.1717,TIME,1,72.359,19.5896,52.7694,0.063301,0.0,0.09685,16,False
high_52w,WIPRO,2024-11-18,2024-11-19,257.6548,2024-12-11,286.3861,TIME,3,86.1939,19.3693,66.8246,0.086264,-0.001259,0.118705,16,False
high_52w,LAURUSLABS,2024-11-25,2024-11-26,533.4985,2024-12-17,570.2811,TIME,1,36.7826,18.2576,18.525,0.034648,0.0,0.107997,16,False
high_52w,FEDERALBNK,2024-11-25,2024-11-26,210.8786,2024-12-03,207.9861,MOMENTUM_FAIL,4,-11.5702,19.4681,-31.0383,-0.036716,-0.030722,0.007328,6,False
high_52w,FORTIS,2024-11-25,2024-11-26,701.4255,2024-11-27,652.3257,STOP,1,-49.0998,18.7918,-67.8915,-0.09658,-0.085349,0.0,2,False
high_52w,WIPRO,2024-11-25,2024-11-26,271.0936,2024-12-03,270.3058,MOMENTUM_FAIL,3,-2.3635,19.3592,-21.7227,-0.026652,-0.024701,0.018803,6,False
high_52w,BIRET,2024-11-25,2024-11-26,263.838,2024-12-03,253.2506,MOMENTUM_FAIL,3,-31.7623,19.2075,-50.9698,-0.064255,-0.045774,0.0,6,False
high_52w,INDHOTEL,2024-11-25,2024-11-26,792.1821,2024-12-03,800.7189,MOMENTUM_FAIL,1,8.5368,19.2923,-10.7555,-0.013547,-0.028256,0.01416,6,False
high_52w,HDFCBANK,2024-11-25,2024-11-26,878.4019,2024-12-03,886.3125,MOMENTUM_FAIL,1,7.9106,19.6551,-11.7446,-0.013341,-0.019337,0.015138,6,False
high_52w,EIDPARRY,2024-11-25,2024-11-26,870.0,2024-12-17,926.7,TIME,1,56.7,19.719,36.981,0.042414,-0.027586,0.113793,16,False
high_52w,ABSLAMC,2024-11-25,2024-11-26,814.3549,2024-12-17,788.7668,TIME,1,-25.5881,19.3165,-44.9046,-0.055021,-0.06465,0.063134,16,False
high_52w,KIMS,2024-11-25,2024-11-26,596.7,2024-12-03,609.9,MOMENTUM_FAIL,1,13.2,18.4764,-5.2764,-0.008823,-0.044327,0.02782,6,False
high_52w,TDPOWERSYS,2024-11-25,2024-11-26,227.995,2024-12-03,217.9804,MOMENTUM_FAIL,4,-40.0586,19.6992,-59.7578,-0.065382,-0.050699,0.047858,6,False
high_52w,BBOX,2024-12-02,2024-12-03,672.9556,2024-12-24,631.802,TIME,1,-41.1536,18.6877,-59.8413,-0.088729,-0.061154,0.058414,16,False
high_52w,PGEL,2024-12-02,2024-12-03,747.4672,2024-12-13,879.1868,TARGET,1,131.7196,19.3544,112.3652,0.15,-0.012163,0.273809,9,False
high_52w,LAURUSLABS,2024-12-02,2024-12-03,577.1592,2024-12-10,570.0818,MOMENTUM_FAIL,1,-7.0774,18.3526,-25.43,-0.043965,-0.043005,0.02418,6,False
high_52w,SYNGENE,2024-12-02,2024-12-03,940.509,2024-12-09,874.6734,STOP,1,-65.8356,19.7672,-85.6028,-0.090819,-0.098413,0.000582,5,False
high_52w,CAMS,2024-12-02,2024-12-03,994.3904,2024-12-10,1012.0933,MOMENTUM_FAIL,1,17.7029,20.1648,-2.4619,-0.00247,-0.019131,0.046973,6,False
high_52w,CUB,2024-12-02,2024-12-03,133.9709,2024-12-10,137.0257,MOMENTUM_FAIL,7,21.3839,19.9333,1.4506,0.001543,0.0,0.032418,6,False
high_52w,PGEL,2024-12-09,2024-12-10,863.711,2024-12-17,1013.4327,TARGET,1,149.7217,19.8818,129.8399,0.15,-0.040891,0.178716,6,False
high_52w,WIPRO,2024-12-09,2024-12-10,283.6056,2024-12-17,286.247,MOMENTUM_FAIL,3,7.9243,19.5387,-11.6144,-0.013621,-0.005882,0.02549,6,False
high_52w,INDHOTEL,2024-12-09,2024-12-10,826.3788,2025-01-01,867.1766,TIME,1,40.7979,19.5024,21.2954,0.025713,-0.002162,0.074955,16,False
high_52w,CHOICEIN,2024-12-09,2024-12-10,560.7,2024-12-17,551.2,MOMENTUM_FAIL,1,-9.5,18.2782,-27.7782,-0.049434,-0.031122,0.014625,6,False
high_52w,WELCORP,2024-12-09,2024-12-10,795.057,2024-12-17,785.0444,MOMENTUM_FAIL,1,-10.0126,19.2667,-29.2793,-0.036746,-0.033604,0.009975,6,False
high_52w,TARIL,2024-12-09,2024-12-10,514.3202,2025-01-01,596.2369,TIME,1,81.9167,18.2685,63.6482,0.123482,0.0,0.164078,16,False
high_52w,CUB,2024-12-09,2024-12-10,136.9153,2024-12-17,134.2506,MOMENTUM_FAIL,7,-18.653,19.9388,-38.5918,-0.040179,-0.034032,0.008925,6,False
high_52w,HDFCBANK,2024-12-09,2024-12-10,911.2571,2024-12-17,889.6854,MOMENTUM_FAIL,1,-21.5718,19.7338,-41.3056,-0.045229,-0.027267,0.0,6,False
high_52w,BBOX,2024-12-09,2024-12-10,703.497,2024-12-13,652.4287,GAP_STOP,1,-51.0683,18.7965,-69.8648,-0.099094,-0.083782,0.002479,4,False
high_52w,TARIL,2024-12-16,2024-12-17,579.7337,2024-12-23,539.1523,STOP,1,-40.5814,18.2953,-58.8766,-0.101337,-0.099871,0.019337,5,False
high_52w,INDHOTEL,2024-12-16,2024-12-17,860.1288,2024-12-24,856.3072,MOMENTUM_FAIL,1,-3.8216,19.5541,-23.3757,-0.027118,-0.020773,0.022735,6,False
high_52w,CHOICEIN,2024-12-16,2024-12-17,564.9,2024-12-24,528.2,MOMENTUM_FAIL,1,-36.7,18.2405,-54.9405,-0.097045,-0.068862,0.0,6,False
high_52w,CUB,2024-12-16,2024-12-17,136.9153,2024-12-24,128.5163,MOMENTUM_FAIL,7,-58.7925,19.8571,-78.6496,-0.081884,-0.07457,0.0,6,False
high_52w,INDHOTEL,2024-12-23,2024-12-24,853.6767,2025-01-01,867.1766,MOMENTUM_FAIL,1,13.5,19.5621,-6.0621,-0.007086,-0.006744,0.040581,6,False
high_52w,JUBLFOOD,2024-12-23,2024-12-24,693.8138,2025-01-15,696.8,TIME,1,2.9863,18.8657,-15.8794,-0.022837,-0.007748,0.143113,16,False
high_52w,LEMONTREE,2024-12-23,2024-12-24,153.54,2025-01-01,159.0,MOMENTUM_FAIL,6,32.76,19.8866,12.8734,0.013944,-0.039078,0.041422,6,False
high_52w,BLS,2024-12-23,2024-12-24,479.1779,2025-01-01,477.8441,MOMENTUM_FAIL,2,-2.6676,19.9712,-22.6388,-0.023571,-0.043196,0.012887,6,False
high_52w,WIPRO,2024-12-23,2024-12-24,284.9958,2025-01-01,278.3228,MOMENTUM_FAIL,3,-20.0192,19.4994,-39.5186,-0.04612,-0.039837,0.011057,6,False
high_52w,ASTERDM,2024-12-23,2024-12-24,497.6687,2025-01-01,513.2408,MOMENTUM_FAIL,2,31.1443,20.1962,10.9481,0.010975,-0.012378,0.037726,6,False
high_52w,INDHOTEL,2024-12-30,2024-12-31,874.5222,2025-01-07,845.8843,MOMENTUM_FAIL,1,-28.6379,19.5643,-48.2022,-0.054998,-0.047219,0.003235,6,False
high_52w,JUBLFOOD,2024-12-30,2024-12-31,710.2881,2025-01-21,660.568,STOP,1,-49.7202,18.8279,-68.5481,-0.096297,-0.072034,0.1166,16,False
high_52w,LAURUSLABS,2024-12-30,2024-12-31,585.5325,2025-01-15,544.5453,STOP,1,-40.9873,18.3189,-59.3062,-0.101065,-0.077801,0.054477,12,False
high_52w,ASTERDM,2024-12-30,2024-12-31,504.617,2025-01-07,516.6411,MOMENTUM_FAIL,1,12.024,18.0852,-6.0612,-0.011985,-0.001563,0.044531,6,False
high_52w,INDIACEM,2024-12-30,2024-12-31,380.0,2025-01-07,377.6,MOMENTUM_FAIL,2,-4.8,19.1293,-23.9293,-0.031417,-0.013026,0.005263,6,False
high_52w,FORTIS,2024-12-30,2024-12-31,704.4188,2025-01-14,655.1095,STOP,1,-49.3093,18.804,-68.1133,-0.096483,-0.073159,0.052833,11,False
high_52w,WELCORP,2024-12-30,2024-12-31,795.7509,2025-01-07,790.2986,MOMENTUM_FAIL,1,-5.4524,19.2789,-24.7313,-0.031011,-0.039554,0.040239,6,False
high_52w,JUBLFOOD,2025-01-06,2025-01-07,764.4892,2025-01-13,710.975,STOP,1,-53.5142,19.0491,-72.5633,-0.09471,-0.083073,0.0,5,False
high_52w,PARADEEP,2025-01-06,2025-01-07,120.0107,2025-01-10,111.61,STOP,8,-67.206,19.8471,-87.0531,-0.090474,-0.107762,0.020862,4,False
high_52w,KIMS,2025-01-06,2025-01-07,637.0,2025-01-27,592.41,STOP,1,-44.59,18.5289,-63.1189,-0.098872,-0.088933,0.058556,15,False
high_52w,ASTERDM,2025-01-06,2025-01-07,517.3802,2025-01-13,481.1636,STOP,1,-36.2166,18.0409,-54.2575,-0.104641,-0.078769,0.010572,5,False
high_52w,INDIACEM,2025-01-06,2025-01-07,375.5,2025-01-14,377.55,MOMENTUM_FAIL,2,4.1,19.1094,-15.0094,-0.019942,0.0,0.009055,6,False
high_52w,LAURUSLABS,2025-01-06,2025-01-07,601.3322,2025-01-13,559.2389,STOP,1,-42.0933,18.3834,-60.4766,-0.100352,-0.078492,0.024285,5,False
high_52w,FORTIS,2025-01-06,2025-01-07,720.333,2025-01-13,669.9097,STOP,1,-50.4233,18.8689,-69.2922,-0.095985,-0.087818,0.024378,5,False
high_52w,INDIACEM,2025-01-13,2025-01-14,378.0,2025-01-21,348.55,MOMENTUM_FAIL,2,-58.9,19.0022,-77.9023,-0.102821,-0.081746,0.007804,6,False
high_52w,BIRET,2025-01-13,2025-01-14,255.0077,2025-02-03,267.8072,TIME,3,38.3982,19.2385,19.1598,0.02499,-0.012942,0.056138,16,False
high_52w,MARICO,2025-01-13,2025-01-14,651.9767,2025-01-21,653.3493,MOMENTUM_FAIL,1,1.3726,18.6857,-17.3132,-0.026497,-0.029474,0.004962,6,False
high_52w,KIMS,2025-01-13,2025-01-14,629.3,2025-01-21,621.9,MOMENTUM_FAIL,1,-7.4,18.5721,-25.9721,-0.041181,-0.039965,0.029716,6,False
high_52w,BIOCON,2025-01-13,2025-01-14,370.9099,2025-02-03,363.5286,TIME,2,-14.7626,19.0322,-33.7948,-0.045457,-0.066559,0.088342,16,False
high_52w,ASTERDM,2025-01-13,2025-01-14,482.8849,2025-01-21,491.0652,MOMENTUM_FAIL,2,16.3606,20.0412,-3.6806,-0.003803,-0.011226,0.032963,6,False
high_52w,EMBASSY,2025-01-13,2025-01-14,336.1421,2025-01-21,336.7363,MOMENTUM_FAIL,2,1.1884,18.7711,-17.5828,-0.026097,-0.030477,0.015828,6,False
high_52w,BIOCON,2025-01-20,2025-01-21,401.9812,2025-01-27,373.8425,STOP,2,-56.2774,19.2101,-75.4875,-0.093689,-0.083375,0.0,5,False
high_52w,BIRET,2025-01-20,2025-01-21,264.2839,2025-01-28,259.1909,MOMENTUM_FAIL,3,-15.279,19.2467,-34.5256,-0.043451,-0.036449,0.0,6,False
high_52w,KOTAKBANK,2025-01-20,2025-01-21,383.0862,2025-01-28,376.4653,MOMENTUM_FAIL,2,-13.2418,19.1382,-32.38,-0.04217,-0.030298,0.001562,6,False
high_52w,INDIACEM,2025-01-20,2025-01-21,375.0,2025-01-21,348.75,STOP,2,-52.5,18.9899,-71.4899,-0.095112,0.0,0.0,1,False
high_52w,ANANTRAJ,2025-01-20,2025-01-21,923.3695,2025-01-21,858.7337,STOP,1,-64.6359,19.6973,-84.3331,-0.091133,0.0,0.0,1,False
high_52w,REDINGTON,2025-01-20,2025-01-21,213.4572,2025-01-28,194.2174,MOMENTUM_FAIL,4,-76.9595,19.3785,-96.338,-0.112584,-0.098655,0.035426,6,False
high_52w,WELCORP,2025-01-20,2025-01-21,791.5377,2025-01-27,736.1301,STOP,1,-55.4076,19.1594,-74.567,-0.094,-0.099443,0.012149,5,False
high_52w,CHOICEIN,2025-01-20,2025-01-21,543.8,2025-01-27,505.734,STOP,1,-38.066,18.1487,-56.2147,-0.103148,-0.087348,0.0,5,False
high_52w,BAJFINANCE,2025-01-20,2025-01-21,735.9074,2025-01-28,751.3762,MOMENTUM_FAIL,1,15.4688,19.0688,-3.6,-0.004881,-0.025503,0.03447,6,False
high_52w,LAURUSLABS,2025-01-20,2025-01-21,583.2399,2025-01-27,542.4131,STOP,1,-40.8268,18.3096,-59.1364,-0.101172,-0.14348,0.047086,5,False
high_52w,WIPRO,2025-01-20,2025-01-21,280.2691,2025-02-10,301.5763,TIME,3,63.9218,19.6104,44.3114,0.052586,-0.010086,0.09137,16,False
high_52w,REDINGTON,2025-01-27,2025-01-28,213.4381,2025-01-28,198.4974,STOP,4,-59.7627,19.4132,-79.1759,-0.092536,0.0,0.0,1,False
high_52w,KOTAKBANK,2025-01-27,2025-01-28,377.9111,2025-02-03,375.8171,MOMENTUM_FAIL,2,-4.188,19.1129,-23.3009,-0.030761,-0.012348,0.022744,6,False
high_52w,BIRET,2025-01-27,2025-01-28,258.6647,2025-02-03,267.8072,MOMENTUM_FAIL,3,27.4274,19.2624,8.1649,0.010499,-0.00669,0.041207,6,False
high_52w,WIPRO,2025-01-27,2025-01-28,287.3506,2025-02-03,296.4248,MOMENTUM_FAIL,3,27.2226,19.6254,7.5972,0.008794,-0.012171,0.038487,6,False
high_52w,ZENSARTECH,2025-01-27,2025-01-28,783.1271,2025-02-01,920.3692,TARGET,1,137.2421,19.5162,117.7259,0.15,-0.036111,0.207713,5,False
high_52w,BAJFINANCE,2025-01-27,2025-01-28,729.9806,2025-02-17,832.3754,TIME,1,102.3948,19.2208,83.174,0.113691,0.0,0.172233,16,False
high_52w,SBICARD,2025-01-27,2025-01-28,748.136,2025-02-17,847.5893,TIME,1,99.4533,19.2915,80.1619,0.106915,-0.042497,0.158035,16,False
high_52w,PATANJALI,2025-01-27,2025-01-28,601.1959,2025-02-03,591.4372,MOMENTUM_FAIL,1,-9.7587,18.4486,-28.2074,-0.046816,-0.034268,0.021479,6,False
high_52w,BIOCON,2025-01-27,2025-01-28,371.0595,2025-02-03,363.5286,MOMENTUM_FAIL,2,-15.0618,19.0329,-34.0947,-0.045842,-0.066935,0.009812,6,False
high_52w,ASTERDM,2025-01-27,2025-01-28,478.1542,2025-02-03,461.8428,MOMENTUM_FAIL,2,-32.6228,19.9015,-52.5243,-0.054804,-0.047305,0.023601,6,False
high_52w,MARICO,2025-01-27,2025-01-28,643.7903,2025-02-17,615.7728,TIME,1,-28.0175,18.5913,-46.6088,-0.07224,-0.06059,0.122211,16,False
high_52w,BAJFINANCE,2025-02-03,2025-02-04,832.2174,2025-02-11,809.1228,MOMENTUM_FAIL,1,-23.0946,19.397,-42.4916,-0.050947,-0.033905,0.028226,6,False
high_52w,UPL,2025-02-03,2025-02-04,625.6627,2025-02-11,599.3604,MOMENTUM_FAIL,1,-26.3023,18.5183,-44.8206,-0.071481,-0.045961,0.018745,6,False
high_52w,BIRET,2025-02-03,2025-02-04,269.53,2025-02-11,259.6555,MOMENTUM_FAIL,3,-29.6234,19.2839,-48.9073,-0.060353,-0.037847,0.0109,6,False
high_52w,SBICARD,2025-02-03,2025-02-04,828.6127,2025-02-11,779.2834,MOMENTUM_FAIL,1,-49.3293,19.3283,-68.6576,-0.082678,-0.066127,0.006954,6,False
high_52w,WIPRO,2025-02-03,2025-02-04,300.5839,2025-02-11,295.8577,MOMENTUM_FAIL,3,-14.1784,19.7087,-33.8872,-0.037497,-0.020126,0.01761,6,False
high_52w,KOTAKBANK,2025-02-03,2025-02-04,377.1234,2025-02-11,382.6176,MOMENTUM_FAIL,2,10.9884,19.1371,-8.1488,-0.01078,0.0,0.042014,6,False
high_52w,KARURVYSYA,2025-02-03,2025-02-04,191.7372,2025-02-11,185.9245,MOMENTUM_FAIL,5,-29.0635,19.9188,-48.9824,-0.050982,-0.046798,0.013023,6,False
high_52w,LAURUSLABS,2025-02-03,2025-02-04,588.1242,2025-02-14,546.9555,STOP,1,-41.1687,18.3295,-59.4982,-0.100945,-0.099068,0.095254,9,False
high_52w,REDINGTON,2025-02-10,2025-02-11,231.6442,2025-02-12,215.4291,STOP,4,-64.8604,19.7104,-84.5707,-0.091073,-0.080578,0.0,2,False
high_52w,KOTAKBANK,2025-02-10,2025-02-11,391.7911,2025-02-18,391.5418,MOMENTUM_FAIL,2,-0.4986,19.2376,-19.7362,-0.025132,-0.030363,0.014354,6,False
high_52w,WIPRO,2025-02-10,2025-02-11,302.0017,2025-02-18,295.1015,MOMENTUM_FAIL,3,-20.7006,19.7134,-40.414,-0.04451,-0.054773,0.0,6,False
high_52w,UPL,2025-02-10,2025-02-11,623.2091,2025-02-18,619.0871,MOMENTUM_FAIL,1,-4.122,18.5531,-22.6751,-0.036305,-0.063858,0.006142,6,False
high_52w,LAURUSLABS,2025-02-10,2025-02-11,631.9844,2025-02-12,587.7455,STOP,1,-44.2389,18.5084,-62.7474,-0.09907,-0.077287,0.0,2,False
high_52w,CHAMBLFERT,2025-02-10,2025-02-11,529.1521,2025-02-12,492.1115,STOP,1,-37.0406,18.0889,-55.1295,-0.103957,-0.074744,0.0,2,False
high_52w,BIRET,2025-02-10,2025-02-11,265.1323,2025-02-18,262.8564,MOMENTUM_FAIL,3,-6.8276,19.2746,-26.1023,-0.032745,-0.036936,0.01881,6,False
high_52w,BAJFINANCE,2025-02-10,2025-02-11,819.7713,2025-02-18,836.2575,MOMENTUM_FAIL,1,16.4862,19.425,-2.9388,-0.003577,-0.033016,0.023979,6,False
high_52w,REDINGTON,2025-02-17,2025-02-18,232.4865,2025-02-18,216.2125,STOP,4,-65.0962,19.7241,-84.8203,-0.091011,0.0,0.0,1,False
high_52w,SBICARD,2025-02-17,2025-02-18,847.5893,2025-02-25,837.765,MOMENTUM_FAIL,1,-9.8243,19.4889,-29.3132,-0.034509,-0.033173,0.017407,6,False
high_52w,KOTAKBANK,2025-02-17,2025-02-18,387.2941,2025-02-25,392.3196,MOMENTUM_FAIL,2,10.0511,19.2211,-9.17,-0.011813,-0.004377,0.027214,6,False
high_52w,UPL,2025-02-17,2025-02-18,621.2463,2025-02-25,635.477,MOMENTUM_FAIL,1,14.2307,18.5822,-4.3514,-0.006989,-0.018957,0.039889,6,False
high_52w,BAJFINANCE,2025-02-17,2025-02-18,832.7113,2025-02-25,838.5195,MOMENTUM_FAIL,1,5.8082,19.4579,-13.6497,-0.016356,-0.016845,0.011744,6,False
high_52w,CHAMBLFERT,2025-02-17,2025-02-18,525.0906,2025-03-12,546.7034,TIME,1,21.6128,18.1912,3.4216,0.006502,-0.028729,0.084346,16,False
high_52w,BIRET,2025-02-17,2025-02-18,260.5532,2025-02-25,264.4431,MOMENTUM_FAIL,3,11.6697,19.2543,-7.5846,-0.009682,-0.016878,0.027319,6,False
high_52w,WIPRO,2025-02-17,2025-02-18,288.6267,2025-02-25,275.3461,MOMENTUM_FAIL,3,-39.8417,19.505,-59.3467,-0.06839,-0.049943,0.036516,6,False
high_52w,KOTAKBANK,2025-02-24,2025-02-25,392.6686,2025-03-05,385.5092,MOMENTUM_FAIL,2,-14.3188,19.2169,-33.5357,-0.042609,-0.038141,0.003047,6,False
high_52w,UPL,2025-02-24,2025-02-25,636.0658,2025-03-05,616.1919,MOMENTUM_FAIL,1,-19.8739,18.5753,-38.4492,-0.060317,-0.063416,0.000386,6,False
high_52w,BIRET,2025-02-24,2025-02-25,266.4924,2025-03-05,268.2424,MOMENTUM_FAIL,3,5.2501,19.3164,-14.0664,-0.017556,-0.025689,0.035556,6,False
high_52w,BAJFINANCE,2025-02-24,2025-02-25,825.2979,2025-03-05,819.7416,MOMENTUM_FAIL,1,-5.5563,19.4035,-24.9598,-0.030177,-0.016032,0.045967,6,False
high_52w,SBICARD,2025-02-24,2025-02-25,830.0919,2025-03-05,841.0535,MOMENTUM_FAIL,1,10.9616,19.4573,-8.4957,-0.010212,-0.021969,0.038115,6,False
high_52w,REDINGTON,2025-02-24,2025-02-25,238.2489,2025-02-28,221.5715,STOP,4,-66.7097,19.8181,-86.5278,-0.090598,-0.107674,0.02049,3,False
high_52w,CHAMBLFERT,2025-02-24,2025-02-25,519.772,2025-03-20,560.4351,TIME,1,40.6631,18.2075,22.4556,0.043108,-0.018791,0.100186,16,False
high_52w,AVANTIFEED,2025-02-24,2025-02-25,716.0459,2025-03-17,842.8994,TARGET,1,126.8535,19.2118,107.6417,0.15,-0.069409,0.224712,13,False
high_52w,PATANJALI,2025-02-24,2025-02-25,600.3088,2025-02-28,558.2872,STOP,1,-42.0216,18.3792,-60.4008,-0.100397,-0.140668,0.010235,3,False
high_52w,WELCORP,2025-02-24,2025-02-25,753.4206,2025-03-03,700.6812,STOP,1,-52.7394,19.0039,-71.7433,-0.095016,-0.123684,0.021316,4,False
high_52w,WIPRO,2025-02-24,2025-02-25,278.2291,2025-03-05,269.4857,MOMENTUM_FAIL,3,-26.2301,19.401,-45.6311,-0.054549,-0.061322,0.004926,6,False
high_52w,BAJFINANCE,2025-03-03,2025-03-04,841.8187,2025-03-11,823.8656,MOMENTUM_FAIL,1,-17.9531,19.448,-37.4011,-0.044332,-0.036487,0.013576,6,False
high_52w,KOTAKBANK,2025-03-03,2025-03-04,379.1375,2025-03-11,385.928,MOMENTUM_FAIL,2,13.5809,19.1594,-5.5785,-0.007341,-0.003025,0.027615,6,False
high_52w,BIRET,2025-03-03,2025-03-04,263.8175,2025-03-11,265.5312,MOMENTUM_FAIL,3,5.1411,19.2823,-14.1412,-0.017828,-0.010139,0.037566,6,False
high_52w,SBICARD,2025-03-03,2025-03-04,821.1233,2025-03-11,835.6724,MOMENTUM_FAIL,1,14.5491,19.4268,-4.8777,-0.005927,0.0,0.035983,6,False
high_52w,CHAMBLFERT,2025-03-03,2025-03-04,522.2379,2025-03-26,597.6652,TIME,1,75.4273,18.2887,57.1386,0.109172,-0.009166,0.159152,16,False
high_52w,UPL,2025-03-03,2025-03-04,595.729,2025-03-26,640.286,TIME,1,44.557,18.5362,26.0208,0.043584,-0.011614,0.105931,16,False
high_52w,JSWSTEEL,2025-03-03,2025-03-04,951.9539,2025-03-26,1047.5955,TIME,1,95.6416,20.1443,75.4973,0.079135,0.0,0.119687,16,False
high_52w,AVANTIFEED,2025-03-03,2025-03-04,706.2425,2025-03-17,831.5777,TARGET,1,125.3353,19.1673,106.168,0.15,0.0,0.241713,9,False
high_52w,EMBASSY,2025-03-03,2025-03-04,331.7664,2025-03-11,329.2509,MOMENTUM_FAIL,3,-7.5465,20.1172,-27.6637,-0.027734,-0.016295,0.030881,6,False
high_52w,HDFCBANK,2025-03-03,2025-03-04,824.0478,2025-03-11,817.9815,MOMENTUM_FAIL,1,-6.0663,19.3971,-25.4634,-0.030833,-0.01646,0.007538,6,False
high_52w,AVANTIFEED,2025-03-10,2025-03-11,790.1331,2025-03-24,928.4601,TARGET,1,138.327,19.548,118.7791,0.15,-0.001235,0.19037,9,False
high_52w,CHAMBLFERT,2025-03-10,2025-03-11,547.5738,2025-03-19,567.591,MOMENTUM_FAIL,1,20.0172,18.2829,1.7343,0.00316,-0.028168,0.044327,6,False
high_52w,BIRET,2025-03-10,2025-03-11,268.2152,2025-03-19,267.644,MOMENTUM_FAIL,3,-1.7137,19.3241,-21.0378,-0.026088,-0.025524,0.017546,6,False
high_52w,SBICARD,2025-03-10,2025-03-11,837.0675,2025-03-19,843.5448,MOMENTUM_FAIL,1,6.4773,19.4777,-13.0004,-0.015497,-0.020238,0.015655,6,False
high_52w,KOTAKBANK,2025-03-10,2025-03-11,383.495,2025-04-03,425.2946,TIME,2,83.5991,19.3388,64.2603,0.0836,0.0,0.145346,16,False
high_52w,SARDAEN,2025-03-10,2025-03-11,487.3026,2025-04-03,525.5595,TIME,2,76.5137,20.201,56.3127,0.057654,-0.054037,0.14896,16,False
high_52w,BAJFINANCE,2025-03-10,2025-03-11,820.3639,2025-04-03,848.9704,TIME,1,28.6065,19.4522,9.1543,0.011135,-0.003907,0.114997,16,False
high_52w,JSWSTEEL,2025-03-10,2025-03-11,995.4364,2025-03-19,1024.6892,MOMENTUM_FAIL,1,29.2528,20.1927,9.0601,0.009082,-0.009713,0.042985,6,False
high_52w,WELCORP,2025-03-10,2025-03-11,783.1609,2025-04-03,851.167,TIME,1,68.0061,19.3753,48.6308,0.06196,0.0,0.139241,16,False
high_52w,UPL,2025-03-10,2025-03-11,602.0592,2025-04-03,639.1574,TIME,1,37.0982,18.5477,18.5505,0.030744,-0.022007,0.094303,16,False
high_52w,REDINGTON,2025-03-10,2025-03-11,232.0271,2025-03-13,215.7852,STOP,4,-64.9676,19.7166,-84.6842,-0.091045,-0.077475,0.0,3,False
high_52w,AVANTIFEED,2025-03-17,2025-03-18,869.8293,2025-04-03,808.9412,STOP,1,-60.888,19.4788,-80.3669,-0.092192,-0.192498,0.081305,12,False
high_52w,KOTAKBANK,2025-03-17,2025-03-18,397.4747,2025-04-09,409.3605,TIME,2,23.7715,19.335,4.4365,0.005569,0.0,0.105062,16,False
high_52w,CHAMBLFERT,2025-03-17,2025-03-18,559.8065,2025-04-09,617.0056,TIME,1,57.1991,18.4102,38.7889,0.069139,-0.027207,0.109864,16,False
high_52w,BAJFINANCE,2025-03-17,2025-03-18,847.5628,2025-04-09,862.9182,TIME,1,15.3553,19.5401,-4.1847,-0.004927,-0.03184,0.079216,16,False
high_52w,SARDAEN,2025-03-17,2025-03-18,534.4529,2025-03-25,481.0922,MOMENTUM_FAIL,1,-53.3608,18.078,-71.4388,-0.133376,-0.116482,0.047597,6,False
high_52w,SBICARD,2025-03-17,2025-03-18,840.057,2025-03-25,856.2004,MOMENTUM_FAIL,1,16.1434,19.51,-3.3665,-0.003999,-0.004804,0.038553,6,False
high_52w,BIRET,2025-03-17,2025-03-18,265.6944,2025-04-09,258.4314,TIME,3,-21.789,19.2513,-41.0403,-0.051376,-0.044263,0.107092,16,False
high_52w,WELCORP,2025-03-17,2025-03-18,801.1538,2025-04-07,658.5491,GAP_STOP,1,-142.6047,19.0225,-161.6272,-0.201303,-0.177999,0.113655,14,False
high_52w,UPL,2025-03-17,2025-03-18,614.5235,2025-04-09,602.8444,TIME,1,-11.6791,18.501,-30.1801,-0.049004,-0.059571,0.072107,16,False
high_52w,JSWSTEEL,2025-03-17,2025-03-18,997.2709,2025-04-07,898.4065,GAP_STOP,1,-98.8643,19.9396,-118.8039,-0.118869,-0.09993,0.068808,14,False
high_52w,KOTAKBANK,2025-03-24,2025-03-25,434.7274,2025-04-02,429.6819,MOMENTUM_FAIL,2,-10.0909,19.5807,-29.6715,-0.034052,-0.031217,0.0,6,False
high_52w,CHAMBLFERT,2025-03-24,2025-03-25,599.0674,2025-04-02,613.2826,MOMENTUM_FAIL,1,14.2151,18.4885,-4.2733,-0.007118,-0.016949,0.028249,6,False
high_52w,BAJFINANCE,2025-03-24,2025-03-25,901.363,2025-04-02,856.3443,MOMENTUM_FAIL,1,-45.0187,19.6443,-64.663,-0.071583,-0.056219,0.000208,6,False
high_52w,GABRIEL,2025-03-24,2025-03-25,595.9494,2025-04-02,593.5147,MOMENTUM_FAIL,1,-2.4347,18.4414,-20.8761,-0.034954,-0.066033,0.012173,6,False
high_52w,AVANTIFEED,2025-03-24,2025-03-25,917.9201,2025-04-01,853.6657,STOP,1,-64.2544,19.675,-83.9294,-0.091235,-0.07848,0.0,5,False
high_52w,SBICARD,2025-03-24,2025-03-25,854.9548,2025-04-02,854.0081,MOMENTUM_FAIL,1,-0.9467,19.5381,-20.4848,-0.023908,-0.032578,0.030946,6,False
high_52w,UPL,2025-03-24,2025-03-25,651.5725,2025-04-02,642.298,MOMENTUM_FAIL,1,-9.2745,18.6623,-27.9369,-0.042783,-0.064166,0.0,6,False
high_52w,WELCORP,2025-03-24,2025-03-25,865.2936,2025-04-02,841.9971,MOMENTUM_FAIL,1,-23.2966,19.5362,-42.8328,-0.049393,-0.069485,0.013233,6,False
high_52w,MANAPPURAM,2025-03-24,2025-03-25,237.3153,2025-04-02,231.4862,MOMENTUM_FAIL,4,-23.3166,19.8907,-43.2074,-0.045418,-0.04413,0.0,6,False
high_52w,GALLANTT,2025-04-01,2025-04-02,411.8566,2025-04-07,354.0714,GAP_STOP,2,-115.5705,19.1728,-134.7433,-0.163223,-0.140304,0.077155,4,False
high_52w,CHAMBLFERT,2025-04-01,2025-04-02,600.0344,2025-04-09,617.0056,MOMENTUM_FAIL,1,16.9712,18.4982,-1.527,-0.002539,-0.069138,0.035455,6,False
high_52w,SBICARD,2025-04-01,2025-04-02,857.9942,2025-04-07,760.8345,GAP_STOP,1,-97.1596,19.355,-116.5146,-0.135503,-0.11324,0.0,4,False
high_52w,GABRIEL,2025-04-01,2025-04-02,589.2913,2025-04-04,548.0409,STOP,1,-41.2504,18.3343,-59.5846,-0.100892,-0.106239,0.021585,3,False
high_52w,KOTAKBANK,2025-04-01,2025-04-02,426.9698,2025-04-09,409.3605,MOMENTUM_FAIL,2,-35.2185,19.464,-54.6825,-0.063896,-0.065483,0.004998,6,False
high_52w,CHAMBLFERT,2025-04-07,2025-04-08,606.03,2025-05-05,668.0641,TIME,1,62.0341,18.6152,43.4189,0.071488,-0.007021,0.129009,16,False
high_52w,EMBASSY,2025-04-07,2025-04-08,343.8502,2025-04-17,337.7122,MOMENTUM_FAIL,2,-12.2758,18.8088,-31.0846,-0.045102,-0.020351,0.000266,6,False
high_52w,HDFCBANK,2025-04-07,2025-04-08,856.5633,2025-05-05,939.9387,TIME,1,83.3754,19.7166,63.6588,0.074157,-0.006516,0.12119,16,False
high_52w,BAJFINANCE,2025-04-07,2025-04-08,854.4428,2025-05-05,882.2987,TIME,1,27.8559,19.5946,8.2614,0.009648,-0.010867,0.116763,16,False
high_52w,KOTAKBANK,2025-04-07,2025-04-08,411.3049,2025-05-05,415.782,TIME,2,8.9543,19.4217,-10.4674,-0.012697,-0.009867,0.1161,16,False
high_52w,SBICARD,2025-04-07,2025-04-08,814.1478,2025-05-05,901.1928,TIME,1,87.045,19.5449,67.5001,0.082728,0.0,0.139106,16,False
high_52w,UPL,2025-04-07,2025-04-08,607.5062,2025-05-05,673.7529,TIME,1,66.2467,18.6301,47.6166,0.07821,-0.028756,0.119225,16,False
high_52w,MANAPPURAM,2025-04-07,2025-04-08,224.2739,2025-04-17,226.4573,MOMENTUM_FAIL,4,8.7337,19.7357,-11.002,-0.012237,-0.023084,0.015418,6,False
high_52w,PARADEEP,2025-04-15,2025-04-16,134.0572,2025-05-09,139.8926,TIME,7,40.8481,19.9755,20.8725,0.022194,-0.027941,0.128676,16,False
high_52w,CHAMBLFERT,2025-04-15,2025-04-16,640.6975,2025-05-09,671.0135,TIME,1,30.316,18.697,11.619,0.018095,-0.011773,0.120217,16,False
high_52w,GALLANTT,2025-04-15,2025-04-16,455.5188,2025-05-07,416.1831,GAP_STOP,2,-78.6714,19.6166,-98.2881,-0.10765,-0.092686,0.079476,14,False
high_52w,SBICARD,2025-04-15,2025-04-16,879.2198,2025-05-09,871.1481,TIME,1,-8.0717,19.626,-27.6978,-0.031434,-0.032415,0.0548,16,False
high_52w,HDFCBANK,2025-04-15,2025-04-16,914.2176,2025-05-09,917.0808,TIME,1,2.8632,19.7961,-16.9328,-0.018481,-0.003769,0.050483,16,False
high_52w,BAJFINANCE,2025-04-15,2025-04-16,903.7832,2025-05-09,854.715,TIME,1,-49.0681,19.6463,-68.7144,-0.075864,-0.064867,0.055795,16,False
high_52w,UPL,2025-04-15,2025-04-16,647.745,2025-04-24,671.4955,MOMENTUM_FAIL,1,23.7506,18.7134,5.0371,0.007759,-0.014015,0.040909,6,False
high_52w,PATANJALI,2025-04-15,2025-04-16,637.4379,2025-04-24,646.8351,MOMENTUM_FAIL,1,9.3972,18.6407,-9.2435,-0.014469,-0.015464,0.034536,6,False
high_52w,MARICO,2025-04-15,2025-04-16,700.882,2025-04-24,702.5083,MOMENTUM_FAIL,1,1.6263,18.8928,-17.2665,-0.024582,-0.023907,0.021375,6,False
high_52w,CHAMBLFERT,2025-04-21,2025-04-22,668.0157,2025-04-29,668.7894,MOMENTUM_FAIL,1,0.7736,18.7522,-17.9786,-0.026855,-0.038651,0.01187,6,False
high_52w,KOTAKBANK,2025-04-21,2025-04-22,448.5077,2025-04-29,439.7329,MOMENTUM_FAIL,2,-17.5495,19.6819,-37.2314,-0.041415,-0.031481,0.01823,6,False
high_52w,HDFCBANK,2025-04-21,2025-04-22,939.0651,2025-04-29,926.3502,MOMENTUM_FAIL,1,-12.715,19.8693,-32.5843,-0.034623,-0.022326,0.022687,6,False
high_52w,SBICARD,2025-04-21,2025-04-22,906.8231,2025-04-29,875.3334,MOMENTUM_FAIL,1,-31.4897,19.6949,-51.1846,-0.056321,-0.061868,0.022692,6,False
high_52w,UPL,2025-04-21,2025-04-22,660.9452,2025-04-29,657.1666,MOMENTUM_FAIL,1,-3.7786,18.7131,-22.4917,-0.033955,-0.025095,0.027842,6,False
high_52w,BAJFINANCE,2025-04-21,2025-04-22,918.1556,2025-04-29,898.2021,MOMENTUM_FAIL,1,-19.9534,19.7662,-39.7197,-0.043166,-0.036041,0.039268,6,False
high_52w,LAURUSLABS,2025-04-21,2025-04-22,641.0056,2025-04-29,615.487,MOMENTUM_FAIL,1,-25.5186,18.5847,-44.1032,-0.068653,-0.056838,0.027758,6,False
high_52w,PATANJALI,2025-04-21,2025-04-22,647.9851,2025-04-29,630.3406,MOMENTUM_FAIL,1,-17.6444,18.6302,-36.2746,-0.055858,-0.037523,0.005983,6,False
high_52w,PARADEEP,2025-04-28,2025-04-29,147.798,2025-05-05,137.4522,STOP,6,-62.0752,19.548,-81.6232,-0.091843,-0.07383,0.0,4,False
high_52w,CHAMBLFERT,2025-04-28,2025-04-29,667.0971,2025-05-15,620.4003,STOP,1,-46.6968,18.6517,-65.3485,-0.097746,-0.082772,0.075886,12,False
high_52w,CHOICEIN,2025-04-28,2025-04-29,625.7,2025-05-07,622.45,MOMENTUM_FAIL,1,-3.25,18.5654,-21.8154,-0.034789,-0.034202,0.014863,6,False
high_52w,UPL,2025-04-28,2025-04-29,667.3735,2025-05-07,675.225,MOMENTUM_FAIL,1,7.8515,18.7639,-10.9124,-0.016316,-0.023603,0.018824,6,False
high_52w,MARICO,2025-04-28,2025-04-29,705.1695,2025-05-07,725.7692,MOMENTUM_FAIL,1,20.5996,18.9495,1.6501,0.002335,-0.027186,0.03082,6,False
high_52w,HDFCBANK,2025-04-28,2025-04-29,931.2032,2025-05-07,944.2094,MOMENTUM_FAIL,1,13.0062,19.8884,-6.8822,-0.007375,-0.00443,0.017302,6,False
high_52w,ASTERDM,2025-04-28,2025-04-29,511.9008,2025-05-07,531.7805,MOMENTUM_FAIL,1,19.8797,18.132,1.7477,0.003407,-0.035048,0.043301,6,False
high_52w,KOTAKBANK,2025-04-28,2025-04-29,443.8411,2025-05-05,412.7722,STOP,2,-62.1378,19.5517,-81.6894,-0.091825,-0.075305,0.002426,4,False
high_52w,ANURAS,2025-05-05,2025-05-06,873.9178,2025-05-27,988.8466,TIME,1,114.9288,19.8541,95.0747,0.108554,-0.017759,0.140361,16,False
high_52w,UPL,2025-05-05,2025-05-06,675.1759,2025-05-09,626.1535,GAP_STOP,1,-49.0225,18.6811,-67.7036,-0.100057,-0.072607,0.002108,4,False
high_52w,ASTERDM,2025-05-05,2025-05-06,529.2955,2025-05-13,546.7896,MOMENTUM_FAIL,1,17.4941,18.2005,-0.7064,-0.001332,-0.04507,0.040939,6,False
high_52w,MARICO,2025-05-05,2025-05-06,712.2661,2025-05-13,717.145,MOMENTUM_FAIL,1,4.8789,18.9474,-14.0686,-0.019709,-0.021656,0.024286,6,False
high_52w,CHOICEIN,2025-05-05,2025-05-06,629.8,2025-05-27,705.0,TIME,1,75.2,18.7424,56.4576,0.089448,-0.040251,0.136393,16,False
high_52w,HDFCBANK,2025-05-05,2025-05-06,936.6386,2025-05-13,933.0474,MOMENTUM_FAIL,1,-3.5913,19.8776,-23.4689,-0.025002,-0.022383,0.016425,6,False
high_52w,CHAMBLFERT,2025-05-05,2025-05-06,670.1432,2025-05-15,623.2332,STOP,1,-46.91,18.6641,-65.5742,-0.097637,-0.086941,0.053247,8,False
high_52w,SBICARD,2025-05-05,2025-05-06,902.4384,2025-05-13,884.003,MOMENTUM_FAIL,1,-18.4355,19.703,-38.1384,-0.042169,-0.048145,0.011318,6,False
high_52w,CUB,2025-05-05,2025-05-06,134.3904,2025-05-13,140.4044,MOMENTUM_FAIL,7,42.0977,19.9879,22.1098,0.023451,-0.04968,0.046174,6,False
high_52w,GABRIEL,2025-05-12,2025-05-13,617.1162,2025-05-20,616.0231,MOMENTUM_FAIL,1,-1.0931,18.5335,-19.6266,-0.031734,-0.017713,0.047987,6,False
high_52w,CHOICEIN,2025-05-12,2025-05-13,659.5,2025-06-03,705.2,TIME,1,45.7,18.8078,26.8922,0.040688,-0.001441,0.089765,16,False
high_52w,ASTERDM,2025-05-12,2025-05-13,544.7023,2025-06-03,548.8273,TIME,1,4.125,18.2384,-14.1134,-0.025854,-0.020803,0.112226,16,False
high_52w,MARICO,2025-05-12,2025-05-13,727.3955,2025-05-20,693.9333,MOMENTUM_FAIL,1,-33.4622,18.9333,-52.3954,-0.071874,-0.048374,0.0,6,False
high_52w,HDFCBANK,2025-05-12,2025-05-13,946.3447,2025-05-20,929.3105,MOMENTUM_FAIL,1,-17.0342,19.8912,-36.9255,-0.038934,-0.02718,0.0,6,False
high_52w,REDINGTON,2025-05-12,2025-05-13,249.9269,2025-06-03,257.3452,TIME,3,22.2551,19.1412,3.1138,0.004144,-0.017771,0.175756,16,False
high_52w,CUB,2025-05-12,2025-05-13,135.3768,2025-06-03,148.899,TIME,7,94.6557,20.1241,74.5316,0.078478,0.0,0.109238,16,False
high_52w,UPL,2025-05-12,2025-05-13,664.3311,2025-05-20,617.0261,MOMENTUM_FAIL,1,-47.305,18.6388,-65.9438,-0.099047,-0.074162,0.0,6,False
high_52w,AIIL,2025-05-19,2025-05-20,439.76,2025-05-27,445.0,MOMENTUM_FAIL,2,10.48,19.6651,-9.1851,-0.010421,-0.019556,0.036929,6,False
high_52w,CHOICEIN,2025-05-19,2025-05-20,694.45,2025-05-27,705.0,MOMENTUM_FAIL,1,10.55,18.8838,-8.3338,-0.011974,-0.005256,0.0306,6,False
high_52w,TDPOWERSYS,2025-05-19,2025-05-20,249.1204,2025-05-22,231.682,STOP,4,-69.7537,19.9956,-89.7493,-0.08987,-0.09,0.0,3,False
high_52w,EMBASSY,2025-05-19,2025-05-20,361.2073,2025-05-27,354.7817,MOMENTUM_FAIL,2,-12.8512,18.9542,-31.8054,-0.043931,-0.037918,0.015424,6,False
high_52w,INDIANB,2025-05-19,2025-05-20,589.0688,2025-05-27,570.4993,MOMENTUM_FAIL,1,-18.5695,18.3795,-36.949,-0.062588,-0.049838,0.0,6,False
high_52w,HDFCLIFE,2025-05-19,2025-05-20,743.8355,2025-06-10,757.6479,TIME,1,13.8125,19.0989,-5.2864,-0.007092,-0.004676,0.056843,16,False
high_52w,EIDPARRY,2025-05-19,2025-05-20,989.0,2025-05-27,985.1,MOMENTUM_FAIL,1,-3.9,20.0981,-23.9981,-0.024212,-0.031244,0.030334,6,False
high_52w,SBICARD,2025-05-19,2025-05-20,911.4569,2025-05-27,912.7523,MOMENTUM_FAIL,1,1.2955,19.7812,-18.4858,-0.020237,-0.041491,0.003717,6,False
high_52w,CEMPRO,2025-05-26,2025-05-27,721.3081,2025-06-03,736.1323,MOMENTUM_FAIL,1,14.8242,19.0059,-4.1817,-0.005785,-0.020621,0.039448,6,False
high_52w,ANURAS,2025-05-26,2025-05-27,993.0885,2025-06-03,999.576,MOMENTUM_FAIL,1,6.4875,20.1365,-13.6489,-0.013714,-0.016935,0.01608,6,False
high_52w,CUPID,2025-05-26,2025-05-27,21.494,2025-06-10,19.9894,STOP,46,-69.2107,19.9639,-89.1746,-0.089995,-0.09277,0.056109,11,False
high_52w,HDFCLIFE,2025-05-26,2025-05-27,775.0874,2025-06-03,753.1266,MOMENTUM_FAIL,1,-21.9608,19.1581,-41.1188,-0.052935,-0.042308,0.014231,6,False
high_52w,CUB,2025-05-26,2025-05-27,144.3426,2025-06-03,148.899,MOMENTUM_FAIL,6,27.3389,19.6425,7.6964,0.008867,-0.018818,0.040339,6,False
high_52w,CHOICEIN,2025-05-26,2025-05-27,707.6,2025-06-03,705.2,MOMENTUM_FAIL,1,-2.4,18.9129,-21.3129,-0.030054,-0.013426,0.015687,6,False
high_52w,BEL,2025-05-26,2025-05-27,381.4661,2025-06-03,382.9542,MOMENTUM_FAIL,2,2.9763,19.1575,-16.1812,-0.021163,-0.002211,0.023407,6,False
high_52w,EIDPARRY,2025-05-26,2025-05-27,987.1,2025-06-17,950.85,TIME,1,-36.25,20.0242,-56.2742,-0.056885,-0.047716,0.055617,16,False
high_52w,HDFCBANK,2025-05-26,2025-05-27,937.415,2025-06-03,934.0179,MOMENTUM_FAIL,1,-3.3971,19.8813,-23.2784,-0.024778,-0.01258,0.010561,6,False
high_52w,SBICARD,2025-05-26,2025-05-27,905.7768,2025-06-03,913.1011,MOMENTUM_FAIL,1,7.3243,19.7695,-12.4452,-0.01371,-0.008196,0.022223,6,False
high_52w,INDIANB,2025-06-02,2025-06-03,622.389,2025-06-10,615.6353,MOMENTUM_FAIL,1,-6.7537,18.5443,-25.2979,-0.040558,-0.044409,0.002442,6,False
high_52w,RPOWER,2025-06-02,2025-06-03,61.98,2025-06-11,73.18,TARGET,16,179.2,20.4822,158.7178,0.1597,-0.055502,0.234108,7,False
high_52w,CUB,2025-06-02,2025-06-03,146.8527,2025-06-10,151.8361,MOMENTUM_FAIL,6,29.9004,19.7114,10.1891,0.011539,-0.018496,0.044611,6,False
high_52w,AIIL,2025-06-02,2025-06-03,478.2,2025-06-24,532.98,TIME,2,109.5599,20.1914,89.3685,0.093239,0.0,0.137599,16,False
high_52w,PARADEEP,2025-06-02,2025-06-03,174.4616,2025-06-10,174.5405,MOMENTUM_FAIL,5,0.3943,19.6141,-19.2198,-0.021985,-0.042036,0.015255,6,False
high_52w,WELCORP,2025-06-02,2025-06-03,926.8561,2025-06-24,904.7987,TIME,1,-22.0573,19.7987,-41.856,-0.045061,-0.064068,0.063158,16,False
high_52w,CEMPRO,2025-06-02,2025-06-03,742.1017,2025-06-24,808.2631,TIME,1,66.1614,19.1982,46.9632,0.063146,-0.034723,0.124145,16,False
high_52w,SBICARD,2025-06-02,2025-06-03,920.7742,2025-06-24,978.6714,TIME,1,57.8972,19.9358,37.9614,0.041138,-0.012284,0.111742,16,False
high_52w,CCL,2025-06-02,2025-06-03,880.0054,2025-06-10,843.9647,MOMENTUM_FAIL,1,-36.0407,19.5724,-55.6131,-0.063058,-0.050506,0.02809,6,False
high_52w,LTFOODS,2025-06-02,2025-06-03,440.8924,2025-06-23,410.0299,STOP,2,-61.7249,19.5276,-81.2525,-0.091945,-0.125393,0.08764,15,False
high_52w,EMBASSY,2025-06-02,2025-06-03,361.8573,2025-06-10,367.3172,MOMENTUM_FAIL,2,10.9197,19.0081,-8.0884,-0.011152,-0.012061,0.021298,6,False
high_52w,MANAPPURAM,2025-06-09,2025-06-10,262.0837,2025-07-01,275.3513,TIME,3,39.8027,19.331,20.4717,0.02598,-0.014507,0.076313,16,False
high_52w,AUBANK,2025-06-09,2025-06-10,770.8,2025-06-17,771.4485,MOMENTUM_FAIL,1,0.6485,19.186,-18.5375,-0.023997,-0.020065,0.016181,6,False
high_52w,RPOWER,2025-06-09,2025-06-10,65.69,2025-06-18,61.0917,STOP,15,-68.9745,19.9501,-88.9246,-0.09005,-0.079921,0.164409,7,False
high_52w,LAURUSLABS,2025-06-09,2025-06-10,669.8299,2025-06-17,659.3489,MOMENTUM_FAIL,1,-10.481,18.737,-29.2179,-0.043525,-0.031145,0.017808,6,False
high_52w,LTF,2025-06-09,2025-06-10,192.2605,2025-06-13,178.8023,STOP,5,-67.2912,19.852,-87.1432,-0.090453,-0.070171,0.01318,4,False
high_52w,CUB,2025-06-09,2025-06-10,150.938,2025-06-13,138.6157,GAP_STOP,6,-73.9343,19.6034,-93.5377,-0.10306,-0.081639,0.007071,4,False
high_52w,BAJFINANCE,2025-06-09,2025-06-10,964.0736,2025-06-17,917.3608,MOMENTUM_FAIL,1,-46.7128,19.9056,-66.6185,-0.06895,-0.05701,0.0,6,False
high_52w,FORTIS,2025-06-09,2025-06-10,765.4817,2025-06-17,759.8443,MOMENTUM_FAIL,1,-5.6374,19.1507,-24.7881,-0.032312,-0.032586,0.01525,6,False
high_52w,EMBASSY,2025-06-09,2025-06-10,367.085,2025-06-17,364.0023,MOMENTUM_FAIL,2,-6.1655,19.0174,-25.183,-0.034226,-0.012091,0.009283,6,False
high_52w,CHOICEIN,2025-06-09,2025-06-10,717.6,2025-06-17,687.9,MOMENTUM_FAIL,1,-29.7,18.8996,-48.5995,-0.067577,-0.04961,0.0,6,False
high_52w,BEL,2025-06-16,2025-06-17,402.598,2025-07-08,418.6701,TIME,2,32.1443,19.3954,12.7489,0.015799,-0.030434,0.074421,16,False
high_52w,LAURUSLABS,2025-06-16,2025-06-17,679.7618,2025-06-24,668.3326,MOMENTUM_FAIL,1,-11.4292,18.777,-30.2062,-0.044339,-0.058664,0.0,6,False
high_52w,AUBANK,2025-06-16,2025-06-17,779.7302,2025-06-24,798.9379,MOMENTUM_FAIL,1,19.2077,19.2615,-0.0538,-6.9e-05,-0.021051,0.033975,6,False
high_52w,KARURVYSYA,2025-06-16,2025-06-17,204.6725,2025-06-24,203.5509,MOMENTUM_FAIL,4,-4.4864,19.3777,-23.8641,-0.029086,-0.0374,0.008,6,False
high_52w,MANAPPURAM,2025-06-16,2025-06-17,274.6681,2025-06-24,266.7769,MOMENTUM_FAIL,3,-23.6736,19.3611,-43.0347,-0.052112,-0.059659,0.0,6,False
high_52w,ABCAPITAL,2025-06-16,2025-06-17,248.75,2025-07-08,277.4,TIME,4,114.6,20.3647,94.2353,0.094502,0.0,0.136281,16,False
high_52w,EMBASSY,2025-06-16,2025-06-17,366.7415,2025-06-24,357.7159,MOMENTUM_FAIL,2,-18.0511,18.9903,-37.0415,-0.050391,-0.02775,0.00238,6,False
high_52w,INDIANB,2025-06-16,2025-06-17,620.7758,2025-06-24,610.299,MOMENTUM_FAIL,1,-10.4769,18.5299,-29.0067,-0.046625,-0.035489,0.0,6,False
high_52w,FORTIS,2025-06-16,2025-06-17,761.5904,2025-06-24,763.6858,MOMENTUM_FAIL,1,2.0954,19.15,-17.0546,-0.022345,-0.025743,0.008385,6,False
high_52w,GALLANTT,2025-06-23,2025-06-24,523.1504,2025-07-15,580.5875,TIME,1,57.4371,18.2559,39.1812,0.074731,-0.010742,0.159696,16,False
high_52w,BEL,2025-06-23,2025-06-24,423.0354,2025-07-01,428.8392,MOMENTUM_FAIL,2,11.6077,19.5261,-7.9184,-0.009339,-0.050188,0.022514,6,False
high_52w,ABCAPITAL,2025-06-23,2025-06-24,269.0,2025-07-15,270.75,TIME,3,5.25,19.3482,-14.0982,-0.017432,-0.006877,0.050743,16,False
high_52w,AIIL,2025-06-23,2025-06-24,522.56,2025-07-01,498.48,MOMENTUM_FAIL,1,-24.08,18.0875,-42.1674,-0.080518,-0.048913,0.049717,6,False
high_52w,POONAWALLA,2025-06-23,2025-06-24,437.5,2025-07-15,454.1,TIME,2,33.2,19.6922,13.5078,0.015404,-0.009829,0.104914,16,False
high_52w,AUBANK,2025-06-23,2025-06-24,800.235,2025-07-01,836.505,MOMENTUM_FAIL,1,36.27,19.3828,16.8872,0.021057,-0.009663,0.047382,6,False
high_52w,HDFCLIFE,2025-06-23,2025-06-24,776.7316,2025-07-15,754.162,TIME,1,-22.5696,19.1638,-41.7333,-0.053612,-0.035087,0.052919,16,False
high_52w,LTF,2025-06-23,2025-06-24,194.2005,2025-07-15,203.3563,TIME,5,45.7787,20.1232,25.6555,0.026364,0.0,0.076453,16,False
high_52w,EMBASSY,2025-06-23,2025-06-24,364.2251,2025-07-01,363.5101,MOMENTUM_FAIL,2,-1.43,19.0029,-20.4329,-0.027989,-0.02506,0.017208,6,False
high_52w,HDFCBANK,2025-06-23,2025-06-24,953.6243,2025-07-01,987.2245,MOMENTUM_FAIL,1,33.6002,20.0251,13.5752,0.014204,-0.00056,0.039196,6,False
high_52w,LAURUSLABS,2025-06-23,2025-06-24,670.7781,2025-07-09,790.6212,TARGET,1,119.843,19.0064,100.8367,0.15,-0.013318,0.187202,12,False
high_52w,CUB,2025-06-30,2025-07-01,158.2623,2025-07-22,155.5534,TIME,6,-16.2531,19.9064,-36.1595,-0.037997,-0.031116,0.081628,16,False
high_52w,CEMPRO,2025-06-30,2025-07-01,929.7414,2025-07-07,864.6595,STOP,1,-65.0819,19.7233,-84.8052,-0.091015,-0.07801,0.000374,5,False
high_52w,LAURUSLABS,2025-06-30,2025-07-01,728.6727,2025-07-22,821.8529,TIME,1,93.1802,19.1965,73.9837,0.101311,0.0,0.142945,16,False
high_52w,KARURVYSYA,2025-06-30,2025-07-01,219.7364,2025-07-08,222.3153,MOMENTUM_FAIL,4,10.3155,19.6623,-9.3468,-0.010611,-0.0231,0.02813,6,False
high_52w,POONAWALLA,2025-06-30,2025-07-01,464.1,2025-07-08,470.15,MOMENTUM_FAIL,2,12.1,19.8739,-7.7739,-0.008357,-0.01239,0.041586,6,False
high_52w,HDFCLIFE,2025-06-30,2025-07-01,811.408,2025-07-08,791.3296,MOMENTUM_FAIL,1,-20.0784,19.3152,-39.3937,-0.048444,-0.045561,0.0,6,False
high_52w,INDIANB,2025-06-30,2025-07-01,632.2318,2025-07-08,625.2309,MOMENTUM_FAIL,1,-7.0009,18.5853,-25.5862,-0.040381,-0.020443,0.018972,6,False
high_52w,ABCAPITAL,2025-06-30,2025-07-01,278.5,2025-07-08,277.4,MOMENTUM_FAIL,3,-3.3,19.4511,-22.7512,-0.027171,-0.025673,0.008618,6,False
high_52w,LAURUSLABS,2025-07-07,2025-07-08,773.5908,2025-07-29,909.3561,TARGET,1,135.7652,19.4729,116.2923,0.15,0.0,0.178968,16,False
high_52w,FORTIS,2025-07-07,2025-07-08,804.2447,2025-07-15,797.46,MOMENTUM_FAIL,1,-6.7847,19.3121,-26.0968,-0.032378,-0.060666,0.001675,6,False
high_52w,LTF,2025-07-07,2025-07-08,205.7714,2025-07-15,203.3563,MOMENTUM_FAIL,4,-9.6605,19.3858,-29.0463,-0.035213,-0.022656,0.015826,6,False
high_52w,JMFINANCIL,2025-07-07,2025-07-08,163.5068,2025-07-15,166.3937,MOMENTUM_FAIL,6,17.3211,20.1077,-2.7866,-0.002834,-0.013421,0.039666,6,False
high_52w,CANBK,2025-07-07,2025-07-08,110.6596,2025-07-15,111.2017,MOMENTUM_FAIL,9,4.8791,20.1452,-15.2661,-0.015295,-0.027119,0.013035,6,False
high_52w,HDFCBANK,2025-07-07,2025-07-08,970.0029,2025-07-15,979.0798,MOMENTUM_FAIL,1,9.0769,20.0443,-10.9673,-0.011282,-0.003237,0.020233,6,False
high_52w,KIMS,2025-07-07,2025-07-08,698.0,2025-07-15,715.2,MOMENTUM_FAIL,1,17.2,18.9123,-1.7123,-0.002448,-0.002865,0.033954,6,False
high_52w,EMBASSY,2025-07-07,2025-07-08,364.7358,2025-07-15,362.7859,MOMENTUM_FAIL,2,-3.8999,19.0022,-22.9021,-0.031327,-0.01222,0.015784,6,False
high_52w,HINDPETRO,2025-07-07,2025-07-08,409.97,2025-07-15,397.5424,MOMENTUM_FAIL,2,-24.855,19.3415,-44.1966,-0.053785,-0.042506,0.017114,6,False
high_52w,MARICO,2025-07-07,2025-07-08,719.5105,2025-07-15,729.5639,MOMENTUM_FAIL,1,10.0534,18.9886,-8.9351,-0.012391,-0.01226,0.016712,6,False
high_52w,JPPOWER,2025-07-14,2025-07-15,27.1,2025-07-15,25.203,STOP,36,-68.292,19.9104,-88.2024,-0.090211,0.0,0.0,1,False
high_52w,ABDL,2025-07-14,2025-07-15,484.604,2025-07-22,478.2589,MOMENTUM_FAIL,2,-12.6902,19.9966,-32.6867,-0.033652,-0.041837,0.021686,6,False
high_52w,CUPID,2025-07-14,2025-07-15,26.0,2025-07-25,30.4466,TARGET,38,168.9698,20.4458,148.524,0.15,-0.018846,0.190692,9,False
high_52w,LAURUSLABS,2025-07-14,2025-07-15,824.2485,2025-07-22,821.8529,MOMENTUM_FAIL,1,-2.3956,19.4055,-21.8011,-0.026392,-0.013624,0.00987,6,False
high_52w,SYRMA,2025-07-14,2025-07-15,681.0414,2025-08-05,715.2929,TIME,1,34.2515,18.8754,15.3761,0.022528,-0.011713,0.142753,16,False
high_52w,JMFINANCIL,2025-07-14,2025-07-15,168.5881,2025-07-22,166.0328,MOMENTUM_FAIL,5,-12.7763,19.4633,-32.2395,-0.038163,-0.061379,0.002198,6,False
high_52w,RBLBANK,2025-07-14,2025-07-15,262.563,2025-07-22,253.897,MOMENTUM_FAIL,3,-25.998,19.203,-45.201,-0.057259,-0.038191,0.032854,6,False
high_52w,KIMS,2025-07-14,2025-07-15,710.3,2025-08-05,740.65,TIME,1,30.35,18.991,11.359,0.015957,0.0,0.124032,16,False
high_52w,GALLANTT,2025-07-21,2025-07-22,630.5653,2025-07-30,744.1808,TARGET,1,113.6155,18.8239,94.7916,0.15,-0.025079,0.229968,7,False
high_52w,UPL,2025-07-21,2025-07-22,708.1453,2025-07-29,719.0894,MOMENTUM_FAIL,1,10.944,18.9424,-7.9984,-0.01127,0.0,0.029161,6,False
high_52w,AIIL,2025-07-21,2025-07-22,577.98,2025-07-25,537.5214,STOP,1,-40.4586,18.2881,-58.7467,-0.10142,-0.21589,0.002111,4,False
high_52w,SCHNEIDER,2025-07-21,2025-07-22,924.85,2025-07-29,909.7,MOMENTUM_FAIL,1,-15.15,19.8043,-34.9542,-0.037712,-0.059307,0.020598,6,False
high_52w,EMBASSY,2025-07-21,2025-07-22,369.815,2025-07-29,366.3144,MOMENTUM_FAIL,2,-7.0012,19.0388,-26.04,-0.03513,-0.011952,0.021769,6,False
high_52w,AADHARHFC,2025-07-21,2025-07-22,521.0,2025-07-29,509.1,MOMENTUM_FAIL,1,-11.9,18.1057,-30.0057,-0.057467,-0.05,0.03167,6,False
high_52w,LTF,2025-07-21,2025-07-22,209.8395,2025-07-29,203.9205,MOMENTUM_FAIL,4,-23.6762,19.4259,-43.1022,-0.051239,-0.051887,0.013208,6,False
high_52w,LAURUSLABS,2025-07-21,2025-07-22,830.3874,2025-08-12,829.4391,TIME,1,-0.9483,19.4343,-20.3826,-0.024492,-0.026265,0.108907,16,False
high_52w,LAURUSLABS,2025-07-28,2025-07-29,887.3836,2025-08-05,855.9409,MOMENTUM_FAIL,1,-31.4427,19.6129,-51.0556,-0.057409,-0.055062,0.037683,6,False
high_52w,GALLANTT,2025-07-28,2025-07-29,665.873,2025-08-05,784.9564,TARGET,1,119.0834,18.9841,100.0993,0.15,0.0,0.198282,6,False
high_52w,SYRMA,2025-07-28,2025-07-29,744.2097,2025-08-05,715.2929,MOMENTUM_FAIL,1,-28.9168,19.0135,-47.9303,-0.064264,-0.041669,0.045756,6,False
high_52w,UPL,2025-07-28,2025-07-29,720.0303,2025-08-01,669.6281,STOP,1,-50.4021,18.8677,-69.2698,-0.095994,-0.094911,0.002063,4,False
high_52w,FORTIS,2025-07-28,2025-07-29,845.7528,2025-08-05,866.9803,MOMENTUM_FAIL,1,21.2274,19.5444,1.6831,0.001986,-0.019489,0.027461,6,False
high_52w,BIRET,2025-07-28,2025-07-29,291.6722,2025-08-05,294.0347,MOMENTUM_FAIL,3,7.0876,19.6391,-12.5515,-0.014313,-0.011201,0.015504,6,False
high_52w,HDFCBANK,2025-07-28,2025-07-29,983.6805,2025-08-05,972.7119,MOMENTUM_FAIL,1,-10.9686,20.0612,-31.0299,-0.031476,-0.017201,0.016351,6,False
high_52w,SHYAMMETL,2025-07-28,2025-07-29,957.0953,2025-08-05,975.5211,MOMENTUM_FAIL,1,18.4257,20.0088,-1.5831,-0.00165,-0.002646,0.038867,6,False
high_52w,EMBASSY,2025-07-28,2025-07-29,370.0564,2025-08-05,363.3058,MOMENTUM_FAIL,2,-13.5013,19.0276,-32.5289,-0.043855,-0.026046,0.001129,6,False
high_52w,ABSLAMC,2025-07-28,2025-07-29,848.9268,2025-08-05,839.2688,MOMENTUM_FAIL,1,-9.658,19.4949,-29.1529,-0.034266,-0.049586,0.018157,6,False
high_52w,CUPID,2025-08-04,2025-08-05,33.718,2025-08-05,31.3577,STOP,29,-68.4475,19.9194,-88.367,-0.090174,0.0,0.0,1,False
high_52w,DELHIVERY,2025-08-04,2025-08-05,460.45,2025-08-12,463.6,MOMENTUM_FAIL,2,6.3,19.8313,-13.5313,-0.014662,-0.016397,0.022478,6,False
high_52w,CCL,2025-08-04,2025-08-05,926.2304,2025-08-06,845.3984,GAP_STOP,1,-80.832,19.6764,-100.5084,-0.108277,-0.123352,0.0,2,False
high_52w,GALLANTT,2025-08-04,2025-08-05,784.4769,2025-08-12,706.1536,MOMENTUM_FAIL,1,-78.3234,19.0829,-97.4063,-0.123896,-0.105927,0.007924,6,False
high_52w,ABDL,2025-08-04,2025-08-05,530.209,2025-08-06,493.0944,STOP,1,-37.1146,18.0932,-55.2078,-0.103898,-0.080778,0.0,2,False
high_52w,FORTIS,2025-08-04,2025-08-05,861.1864,2025-08-28,910.4342,TIME,1,49.2478,19.6666,29.5812,0.034274,-0.015485,0.126319,16,False
high_52w,BIRET,2025-08-04,2025-08-05,292.0043,2025-08-12,294.6353,MOMENTUM_FAIL,3,7.8929,19.645,-11.7521,-0.013386,-0.001852,0.028645,6,False
high_52w,ABCAPITAL,2025-08-04,2025-08-05,279.0,2025-08-12,268.05,MOMENTUM_FAIL,3,-32.85,19.3973,-52.2473,-0.062286,-0.043011,0.015771,6,False
high_52w,NUVOCO,2025-08-04,2025-08-05,430.75,2025-08-28,464.4,TIME,2,67.3,19.7047,47.5953,0.055127,-0.011027,0.090656,16,False
high_52w,MARICO,2025-08-04,2025-08-05,726.7267,2025-08-12,700.8948,MOMENTUM_FAIL,1,-25.8319,18.946,-44.7779,-0.061481,-0.047736,0.0,6,False
high_52w,INDIANB,2025-08-11,2025-08-12,662.4383,2025-08-20,656.0739,MOMENTUM_FAIL,1,-6.3644,18.7142,-25.0786,-0.037775,-0.01552,0.009681,6,False
high_52w,FORTIS,2025-08-11,2025-08-12,920.973,2025-08-20,962.9285,MOMENTUM_FAIL,1,41.9555,19.9042,22.0513,0.023891,0.0,0.047779,6,False
high_52w,DELHIVERY,2025-08-11,2025-08-12,469.0,2025-08-20,471.1,MOMENTUM_FAIL,2,4.2,19.8992,-15.6992,-0.0167,-0.022281,0.018657,6,False
high_52w,NUVOCO,2025-08-11,2025-08-12,446.0,2025-08-20,461.15,MOMENTUM_FAIL,2,30.3,19.7581,10.5419,0.011792,0.0,0.049327,6,False
high_52w,AIIL,2025-08-11,2025-08-12,578.0,2025-08-14,537.54,STOP,1,-40.46,18.2882,-58.7482,-0.101419,-0.136505,0.037716,3,False
high_52w,ETERNAL,2025-08-11,2025-08-12,309.4,2025-09-04,326.25,TIME,3,50.55,19.9522,30.5978,0.032893,-0.012443,0.070944,16,False
high_52w,HDFCBANK,2025-08-11,2025-08-12,979.7456,2025-08-20,977.9257,MOMENTUM_FAIL,1,-1.8199,20.0632,-21.8832,-0.022287,-0.011446,0.017421,6,False
high_52w,BIRET,2025-08-11,2025-08-12,296.512,2025-08-20,301.4478,MOMENTUM_FAIL,3,14.8073,19.7162,-4.9089,-0.005506,-0.011994,0.01902,6,False
high_52w,CUPID,2025-08-11,2025-08-12,33.218,2025-08-20,33.364,MOMENTUM_FAIL,30,4.38,20.1468,-15.7668,-0.015787,-0.016196,0.040099,6,False
high_52w,PARADEEP,2025-08-11,2025-08-12,224.9006,2025-08-12,209.1576,STOP,4,-62.9722,19.6003,-82.5725,-0.091588,0.0,0.0,1,False
high_52w,ASHOKLEY,2025-08-18,2025-08-19,128.6773,2025-08-26,128.2964,MOMENTUM_FAIL,7,-2.6662,19.7279,-22.3941,-0.024808,-0.016166,0.019353,6,False
high_52w,CHOICEIN,2025-08-18,2025-08-19,819.6,2025-08-26,802.75,MOMENTUM_FAIL,1,-16.85,19.3564,-36.2064,-0.044079,-0.043985,0.006345,6,False
high_52w,INDIANB,2025-08-18,2025-08-19,663.858,2025-08-26,642.2191,MOMENTUM_FAIL,1,-21.639,18.689,-40.328,-0.060615,-0.035398,0.0,6,False
high_52w,ABCAPITAL,2025-08-18,2025-08-19,284.75,2025-08-26,281.0,MOMENTUM_FAIL,3,-11.25,19.5141,-30.7641,-0.035934,-0.01633,0.026866,6,False
high_52w,CUPID,2025-08-18,2025-08-19,34.4,2025-08-26,33.992,MOMENTUM_FAIL,29,-11.832,20.1182,-31.9503,-0.031957,-0.034884,0.012326,6,False
high_52w,BIRET,2025-08-18,2025-08-19,298.6796,2025-08-26,297.8445,MOMENTUM_FAIL,3,-2.5053,19.7084,-22.2137,-0.024737,-0.008797,0.020735,6,False
high_52w,AIIL,2025-08-25,2025-08-26,604.62,2025-09-17,655.12,TIME,1,50.5,18.5858,31.9142,0.052669,-0.007641,0.089941,16,False
high_52w,NYKAA,2025-08-25,2025-08-26,229.55,2025-09-03,237.71,MOMENTUM_FAIL,4,32.64,19.8735,12.7665,0.013873,-0.018689,0.039076,6,False
high_52w,DELHIVERY,2025-08-25,2025-08-26,475.0,2025-09-03,478.0,MOMENTUM_FAIL,2,6.0,19.9535,-13.9535,-0.014656,-0.033579,0.022526,6,False
high_52w,JSL,2025-08-25,2025-08-26,786.7232,2025-09-03,756.5373,MOMENTUM_FAIL,1,-30.1859,19.1904,-49.3763,-0.062625,-0.067826,0.035335,6,False
high_52w,CUPID,2025-08-25,2025-08-26,34.422,2025-09-10,40.3229,TARGET,28,165.2246,20.3361,144.8885,0.15,-0.045146,0.185288,11,False
high_52w,HBLENGINE,2025-09-01,2025-09-02,835.6949,2025-09-09,844.3504,MOMENTUM_FAIL,1,8.6555,19.4763,-10.8208,-0.01292,-0.01119,0.039286,6,False
high_52w,NAVA,2025-09-01,2025-09-02,702.4958,2025-09-09,690.7219,MOMENTUM_FAIL,1,-11.7739,18.8723,-30.6462,-0.04353,-0.052174,0.01122,6,False
high_52w,CUPID,2025-09-01,2025-09-02,34.594,2025-09-10,40.5215,TARGET,28,165.9704,20.358,145.6125,0.15,-0.049893,0.179395,7,False
high_52w,AIIL,2025-09-01,2025-09-02,642.82,2025-09-09,622.26,MOMENTUM_FAIL,1,-20.56,18.6024,-39.1624,-0.06079,-0.066613,0.009614,6,False
high_52w,LTF,2025-09-01,2025-09-02,221.1234,2025-09-23,243.8989,TIME,4,91.1021,19.8502,71.2519,0.080381,-0.005416,0.128917,16,False
high_52w,NYKAA,2025-09-01,2025-09-02,233.8,2025-09-23,237.71,TIME,4,15.64,19.9107,-4.2707,-0.004557,-0.010479,0.06621,16,False
high_52w,DELHIVERY,2025-09-01,2025-09-02,473.75,2025-09-09,463.95,MOMENTUM_FAIL,2,-19.6,19.8909,-39.4908,-0.041588,-0.029868,0.025224,6,False
high_52w,GMDCLTD,2025-09-08,2025-09-09,518.2134,2025-09-11,481.9385,STOP,1,-36.2749,18.0443,-54.3192,-0.104591,-0.088641,0.058566,3,False
high_52w,ASHOKLEY,2025-09-08,2025-09-09,134.3221,2025-09-16,131.3923,MOMENTUM_FAIL,7,-20.5087,19.8584,-40.3671,-0.042838,-0.038389,0.0,6,False
high_52w,NYKAA,2025-09-08,2025-09-09,248.0,2025-09-16,243.74,MOMENTUM_FAIL,4,-17.04,20.084,-37.124,-0.037342,-0.051613,0.0,6,False
high_52w,CUPID,2025-09-08,2025-09-09,37.6,2025-09-23,44.0369,TARGET,26,167.3592,20.3987,146.9606,0.15,0.0,0.175532,11,False
high_52w,LTF,2025-09-08,2025-09-09,232.0113,2025-09-16,238.5737,MOMENTUM_FAIL,4,26.2498,19.9021,6.3477,0.006825,-0.011945,0.029352,6,False
high_52w,LEMONTREE,2025-09-08,2025-09-09,178.0,2025-09-16,176.19,MOMENTUM_FAIL,5,-9.05,19.6696,-28.7195,-0.032199,-0.036517,0.008933,6,False
high_52w,MANAPPURAM,2025-09-08,2025-09-09,290.672,2025-09-16,293.7474,MOMENTUM_FAIL,3,9.2261,19.6308,-10.4047,-0.011906,-0.031911,0.014676,6,False
high_52w,TATASTEEL,2025-09-08,2025-09-09,165.8791,2025-09-16,168.5442,MOMENTUM_FAIL,6,15.9903,20.1651,-4.1748,-0.004185,-0.004962,0.017543,6,False
high_52w,TDPOWERSYS,2025-09-08,2025-09-09,281.4063,2025-09-16,271.3783,MOMENTUM_FAIL,3,-30.0838,19.4334,-49.5172,-0.058527,-0.050616,0.021186,6,False
high_52w,GPIL,2025-09-15,2025-09-16,270.8721,2025-09-23,267.2371,MOMENTUM_FAIL,3,-10.905,19.339,-30.244,-0.037137,-0.058789,0.009596,6,False
high_52w,HBLENGINE,2025-09-15,2025-09-16,904.9542,2025-09-19,841.6074,STOP,1,-63.3468,19.6221,-82.9689,-0.091483,-0.086456,0.0,4,False
high_52w,ABDL,2025-09-15,2025-09-16,559.5054,2025-09-23,527.1357,MOMENTUM_FAIL,1,-32.3697,18.2266,-50.5963,-0.090233,-0.05998,0.0,6,False
high_52w,EMBASSY,2025-09-15,2025-09-16,388.2093,2025-09-23,386.1827,MOMENTUM_FAIL,2,-4.0532,19.2001,-23.2533,-0.029884,-0.02632,0.014933,6,False
high_52w,BIRET,2025-09-15,2025-09-16,309.7523,2025-09-23,308.3729,MOMENTUM_FAIL,3,-4.1381,19.8453,-23.9834,-0.025753,-0.018146,0.015904,6,False
high_52w,SARDAEN,2025-09-15,2025-09-16,637.3049,2025-09-18,592.6936,STOP,1,-44.6113,18.5302,-63.1415,-0.09886,-0.115279,0.0,3,False
high_52w,AIIL,2025-09-15,2025-09-16,659.0,2025-09-22,612.87,STOP,1,-46.13,18.6187,-64.7487,-0.098039,-0.081942,0.0,5,False
high_52w,CUPID,2025-09-15,2025-09-16,41.778,2025-10-08,42.964,TIME,23,27.278,20.0429,7.2351,0.007513,-0.03059,0.067547,16,False
high_52w,LTF,2025-09-15,2025-09-16,235.1787,2025-10-08,252.9457,TIME,4,71.0683,20.0468,51.0215,0.054119,-0.010732,0.114057,16,False
high_52w,FORTIS,2025-09-15,2025-09-16,978.9615,2025-09-23,966.6745,MOMENTUM_FAIL,1,-12.287,20.0386,-32.3256,-0.032948,-0.030612,0.0,6,False
high_52w,CHOICEIN,2025-09-15,2025-09-16,824.45,2025-09-23,815.85,MOMENTUM_FAIL,1,-8.6,19.3937,-27.9937,-0.03388,-0.025835,0.004306,6,False
high_52w,ASAHIINDIA,2025-09-15,2025-09-16,903.0461,2025-09-23,914.3729,MOMENTUM_FAIL,1,11.3268,19.7661,-8.4394,-0.009325,-0.037352,0.019229,6,False
high_52w,INDIANB,2025-09-15,2025-09-16,682.4617,2025-09-23,680.6013,MOMENTUM_FAIL,1,-1.8604,18.8079,-20.6683,-0.030219,-0.004376,0.021521,6,False
high_52w,CUPID,2025-09-22,2025-09-23,43.658,2025-09-30,42.992,MOMENTUM_FAIL,22,-14.652,19.9557,-34.6077,-0.035953,-0.023547,0.021577,6,False
high_52w,ETERNAL,2025-09-22,2025-09-23,340.95,2025-09-30,325.5,MOMENTUM_FAIL,2,-30.9,18.7464,-49.6464,-0.072647,-0.061446,0.0,6,False
high_52w,CANBK,2025-09-22,2025-09-23,114.9772,2025-09-30,119.7594,MOMENTUM_FAIL,8,38.258,19.8918,18.3662,0.019924,-0.010693,0.048666,6,False
high_52w,TATASTEEL,2025-09-22,2025-09-23,167.9857,2025-09-30,165.3598,MOMENTUM_FAIL,5,-13.1292,19.4498,-32.5791,-0.038703,-0.024789,0.017439,6,False
high_52w,INDIANB,2025-09-22,2025-09-23,689.2668,2025-10-15,759.1285,TIME,1,69.8618,18.9827,50.8791,0.073655,-0.009873,0.119185,16,False
high_52w,SBIN,2025-09-22,2025-09-23,839.4685,2025-09-30,857.0025,MOMENTUM_FAIL,1,17.534,19.5103,-1.9763,-0.002349,-0.001872,0.030307,6,False
high_52w,LTF,2025-09-22,2025-09-23,246.413,2025-09-30,246.7396,MOMENTUM_FAIL,4,1.3065,20.0945,-18.788,-0.01902,-0.055835,0.003816,6,False
high_52w,MANAPPURAM,2025-09-22,2025-09-23,293.6481,2025-09-29,273.0927,STOP,3,-61.6661,19.5242,-81.1903,-0.091962,-0.071959,0.0,5,False
high_52w,USHAMART,2025-09-29,2025-09-30,470.4655,2025-10-08,442.7735,MOMENTUM_FAIL,2,-55.3839,19.7903,-75.1742,-0.079719,-0.063608,0.0,6,False
high_52w,INDIANB,2025-09-29,2025-09-30,711.836,2025-10-23,808.9669,TIME,1,97.1309,19.1335,77.9974,0.109333,0.0,0.153508,16,False
high_52w,RBLBANK,2025-09-29,2025-09-30,278.08,2025-10-08,285.7103,MOMENTUM_FAIL,3,22.8908,19.4991,3.3916,0.004057,-0.061693,0.041786,6,False
high_52w,HINDPETRO,2025-09-29,2025-09-30,416.0566,2025-10-23,414.786,TIME,2,-2.5412,19.4384,-21.9795,-0.026356,-0.023187,0.05237,16,False
high_52w,SBIN,2025-09-29,2025-09-30,854.5468,2025-10-08,843.0539,MOMENTUM_FAIL,1,-11.4929,19.5149,-31.0078,-0.036206,-0.014599,0.008104,6,False
high_52w,FORTIS,2025-09-29,2025-09-30,970.97,2025-10-23,1048.3379,TIME,1,77.3679,20.1874,57.1805,0.058762,-0.00463,0.136111,16,False
high_52w,CUPID,2025-09-29,2025-09-30,44.2,2025-10-08,42.964,MOMENTUM_FAIL,22,-27.192,19.9805,-47.1725,-0.048406,-0.053937,0.006335,6,False
high_52w,ASHOKLEY,2025-09-29,2025-09-30,139.7813,2025-10-08,136.1093,MOMENTUM_FAIL,7,-25.7043,20.0092,-45.7135,-0.046617,-0.039545,0.004681,6,False
high_52w,EMBASSY,2025-09-29,2025-09-30,391.1784,2025-10-08,402.3011,MOMENTUM_FAIL,2,22.2454,19.2788,2.9666,0.003784,0.0,0.036145,6,False
high_52w,BIRET,2025-09-29,2025-09-30,326.5395,2025-10-08,323.5274,MOMENTUM_FAIL,3,-9.0363,20.048,-29.0843,-0.029625,-0.014196,0.008362,6,False
high_52w,BANKBARODA,2025-09-29,2025-09-30,246.042,2025-10-23,258.5378,TIME,4,49.9833,20.1874,29.7959,0.030209,0.0,0.075197,16,False
high_52w,TDPOWERSYS,2025-09-29,2025-09-30,287.6176,2025-10-23,322.491,TIME,3,104.62,19.7864,84.8336,0.098103,0.0,0.159931,16,False
high_52w,NAM-INDIA,2025-09-29,2025-09-30,851.8178,2025-10-08,842.908,MOMENTUM_FAIL,1,-8.9098,19.5086,-28.4184,-0.033289,-0.014598,0.038736,6,False
high_52w,HINDALCO,2025-09-29,2025-09-30,756.0061,2025-10-08,764.2133,MOMENTUM_FAIL,1,8.2072,19.1389,-10.9317,-0.014428,-0.006119,0.040332,6,False
high_52w,POONAWALLA,2025-09-29,2025-09-30,502.0,2025-10-23,489.65,TIME,1,-12.35,18.0245,-30.3745,-0.060375,-0.02988,0.136255,16,False
high_52w,NYKAA,2025-10-06,2025-10-07,257.0,2025-10-14,255.79,MOMENTUM_FAIL,3,-3.63,19.1781,-22.8081,-0.029518,-0.00965,0.043774,6,False
high_52w,HINDPETRO,2025-10-06,2025-10-07,429.9393,2025-10-14,416.6213,MOMENTUM_FAIL,2,-26.6359,19.5066,-46.1425,-0.053545,-0.035574,0.017513,6,False
high_52w,POONAWALLA,2025-10-06,2025-10-07,531.5,2025-10-14,517.2,MOMENTUM_FAIL,1,-14.3,18.1451,-32.4451,-0.060911,-0.032738,0.008373,6,False
high_52w,BANKBARODA,2025-10-06,2025-10-07,257.7145,2025-10-14,255.6803,MOMENTUM_FAIL,3,-6.1025,19.1821,-25.2847,-0.032632,-0.028378,0.01184,6,False
high_52w,CANBK,2025-10-06,2025-10-07,122.8088,2025-10-14,121.2212,MOMENTUM_FAIL,8,-12.701,20.0526,-32.7536,-0.033265,-0.017815,0.013716,6,False
high_52w,BANKINDIA,2025-10-06,2025-10-07,123.7089,2025-10-14,120.3681,MOMENTUM_FAIL,8,-26.7269,20.0544,-46.7813,-0.047166,-0.031703,0.0,6,False
high_52w,ASTERDM,2025-10-06,2025-10-07,672.0562,2025-10-29,696.7979,TIME,1,24.7416,18.8181,5.9235,0.008795,-0.019556,0.084741,16,False
high_52w,ABCAPITAL,2025-10-06,2025-10-07,304.85,2025-10-14,298.0,MOMENTUM_FAIL,3,-20.55,19.7498,-40.2998,-0.043969,-0.049041,0.0,6,False
high_52w,SBIN,2025-10-06,2025-10-07,858.6724,2025-10-14,861.4228,MOMENTUM_FAIL,1,2.7504,19.5613,-16.8109,-0.019535,-0.019333,0.015958,6,False
high_52w,PNB,2025-10-06,2025-10-07,111.3035,2025-10-14,112.0129,MOMENTUM_FAIL,8,5.6749,19.7013,-14.0264,-0.015718,-0.022001,0.028898,6,False
high_52w,BIRET,2025-10-06,2025-10-07,322.7955,2025-10-14,320.0273,MOMENTUM_FAIL,3,-8.3045,20.0021,-28.3065,-0.029167,-0.012384,0.015959,6,False
high_52w,LTF,2025-10-13,2025-10-14,265.2689,2025-10-21,265.1204,MOMENTUM_FAIL,3,-0.4454,19.2893,-19.7347,-0.024744,-0.019142,0.020784,6,False
high_52w,INDIANB,2025-10-13,2025-10-14,768.5773,2025-10-21,796.3359,MOMENTUM_FAIL,1,27.7586,19.2318,8.5268,0.01107,-0.036244,0.04822,6,False
high_52w,HBLENGINE,2025-10-13,2025-10-14,915.6616,2025-10-21,950.3738,MOMENTUM_FAIL,1,34.7121,19.867,14.8451,0.016177,-0.041662,0.048515,6,False
high_52w,CUPID,2025-10-13,2025-10-14,49.88,2025-10-21,50.138,MOMENTUM_FAIL,20,5.16,20.1528,-14.9928,-0.014996,-0.018524,0.022614,6,False
high_52w,SBIN,2025-10-13,2025-10-14,867.3657,2025-10-21,891.7756,MOMENTUM_FAIL,1,24.41,19.6421,4.7679,0.005485,-0.006738,0.034711,6,False
high_52w,ETERNAL,2025-10-13,2025-10-14,352.0,2025-10-21,338.1,MOMENTUM_FAIL,2,-27.8,18.846,-46.646,-0.066114,-0.051847,0.046733,6,False
high_52w,CANBK,2025-10-13,2025-10-14,123.2832,2025-10-21,123.0605,MOMENTUM_FAIL,8,-1.7812,20.0908,-21.872,-0.022128,-0.021594,0.021908,6,False
high_52w,PNB,2025-10-13,2025-10-14,113.6551,2025-10-21,114.345,MOMENTUM_FAIL,8,5.5195,19.7805,-14.2609,-0.01565,-0.035995,0.01881,6,False
high_52w,RBLBANK,2025-10-13,2025-10-14,293.2408,2025-11-06,324.7592,TIME,3,94.5553,19.8371,74.7181,0.084748,-0.005442,0.129252,16,False
high_52w,YESBANK,2025-10-13,2025-10-14,24.08,2025-10-17,22.3944,STOP,41,-69.1096,19.958,-89.0676,-0.090018,-0.084302,0.0,4,False
high_52w,BANKBARODA,2025-10-13,2025-10-14,259.6034,2025-10-21,261.7345,MOMENTUM_FAIL,3,6.3933,19.2315,-12.8383,-0.016448,-0.020149,0.01903,6,False
high_52w,KARURVYSYA,2025-10-13,2025-10-14,224.6429,2025-11-06,244.806,TIME,4,80.6528,19.8884,60.7644,0.067476,-0.027121,0.141835,16,False
high_52w,RBLBANK,2025-10-20,2025-10-21,325.3577,2025-10-29,322.7644,MOMENTUM_FAIL,3,-7.7799,20.0356,-27.8154,-0.028435,-0.037707,0.002452,6,False
high_52w,KARURVYSYA,2025-10-20,2025-10-21,239.4477,2025-10-29,246.7509,MOMENTUM_FAIL,4,29.2128,20.0337,9.1791,0.009563,-0.000912,0.044093,6,False
high_52w,FEDERALBNK,2025-10-20,2025-10-21,227.6124,2025-10-29,234.1102,MOMENTUM_FAIL,4,25.9912,19.8273,6.164,0.006755,-0.008275,0.036079,6,False
high_52w,AUBANK,2025-10-20,2025-10-21,865.1598,2025-10-29,881.5939,MOMENTUM_FAIL,1,16.4341,19.6166,-3.1825,-0.00367,-0.012356,0.023614,6,False
high_52w,ABDL,2025-10-20,2025-10-21,584.5386,2025-11-13,620.1305,TIME,1,35.5919,18.4707,17.1212,0.029226,0.0,0.181818,16,False
high_52w,SBIN,2025-10-20,2025-10-21,891.923,2025-10-29,923.1108,MOMENTUM_FAIL,1,31.1878,19.7596,11.4282,0.012785,-0.007764,0.0375,6,False
high_52w,NAM-INDIA,2025-10-20,2025-10-21,931.5167,2025-10-29,839.9707,MOMENTUM_FAIL,1,-91.546,19.6769,-111.2229,-0.119139,-0.113412,0.037786,6,False
high_52w,SAMMAANCAP,2025-10-20,2025-10-21,173.5,2025-11-13,178.33,TIME,5,24.15,19.6422,4.5079,0.005185,-0.000865,0.112104,16,False
high_52w,INDIANB,2025-10-20,2025-10-21,805.6377,2025-10-29,836.6276,MOMENTUM_FAIL,1,30.9899,19.3949,11.595,0.014361,-0.013551,0.041444,6,False
high_52w,ASTERDM,2025-10-20,2025-10-21,722.8339,2025-10-29,696.7979,MOMENTUM_FAIL,1,-26.036,18.9291,-44.9651,-0.062071,-0.043939,0.00854,6,False
high_52w,BANKINDIA,2025-10-20,2025-10-21,126.4204,2025-11-13,140.0453,TIME,7,95.3744,19.8608,75.5136,0.085145,0.0,0.132133,16,False
high_52w,HBLENGINE,2025-10-27,2025-10-28,986.3806,2025-11-04,990.9624,MOMENTUM_FAIL,1,4.5818,20.1043,-15.5225,-0.015702,-0.0103,0.043775,6,False
high_52w,BANKINDIA,2025-10-27,2025-10-28,135.2906,2025-11-04,137.6631,MOMENTUM_FAIL,7,16.6075,19.9626,-3.3551,-0.003535,-0.01045,0.025911,6,False
high_52w,HINDALCO,2025-10-27,2025-10-28,833.6511,2025-11-04,827.0853,MOMENTUM_FAIL,1,-6.5657,19.4367,-26.0024,-0.031123,-0.010442,0.031026,6,False
high_52w,VEDL,2025-10-27,2025-10-28,497.639,2025-11-04,499.8029,MOMENTUM_FAIL,2,4.3277,20.1413,-15.8136,-0.015854,-0.029153,0.036466,6,False
high_52w,FEDERALBNK,2025-10-27,2025-10-28,233.2033,2025-11-04,237.0402,MOMENTUM_FAIL,4,15.3476,19.9,-4.5524,-0.00487,-0.002991,0.021325,6,False
high_52w,KARURVYSYA,2025-10-27,2025-10-28,247.8226,2025-11-04,249.0232,MOMENTUM_FAIL,4,4.8026,20.1255,-15.3228,-0.015424,-0.027828,0.035035,6,False
high_52w,SBIN,2025-10-27,2025-10-28,910.6848,2025-11-04,940.6448,MOMENTUM_FAIL,1,29.96,19.8363,10.1236,0.011092,0.0,0.034732,6,False
high_52w,ASAHIINDIA,2025-10-27,2025-10-28,953.0435,2025-11-04,954.7899,MOMENTUM_FAIL,1,1.7464,19.9577,-18.2114,-0.019067,-0.047016,0.005759,6,False
high_52w,BANKBARODA,2025-10-27,2025-10-28,265.8029,2025-11-19,284.1107,TIME,3,54.9236,19.4089,35.5147,0.044441,-0.011115,0.0707,16,False
high_52w,EMBASSY,2025-10-27,2025-10-28,410.4923,2025-11-04,407.0895,MOMENTUM_FAIL,2,-6.8055,19.3827,-26.1882,-0.031829,-0.028451,0.00163,6,False
high_52w,ABCAPITAL,2025-10-27,2025-10-28,316.1,2025-11-19,330.65,TIME,3,43.65,20.023,23.6269,0.024861,-0.027207,0.092692,16,False
high_52w,LAURUSLABS,2025-10-27,2025-10-28,939.289,2025-11-04,982.1722,MOMENTUM_FAIL,1,42.8831,19.9834,22.8997,0.024327,0.0,0.048686,6,False
high_52w,BANKBARODA,2025-11-03,2025-11-04,281.8344,2025-11-12,276.0708,MOMENTUM_FAIL,3,-17.2907,19.4649,-36.7556,-0.043377,-0.03437,0.003093,6,False
high_52w,TDPOWERSYS,2025-11-03,2025-11-04,402.1408,2025-11-12,409.7748,MOMENTUM_FAIL,2,15.268,19.3571,-4.0891,-0.005073,-0.065171,0.031964,6,False
high_52w,SHRIRAMFIN,2025-11-03,2025-11-04,783.2199,2025-11-26,851.7817,TIME,1,68.5618,19.3767,49.1851,0.062662,-0.009401,0.090395,16,False
high_52w,LTF,2025-11-03,2025-11-04,277.1961,2025-11-26,304.4653,TIME,3,81.8077,19.6079,62.1998,0.074633,-0.028745,0.10266,16,False
high_52w,BPCL,2025-11-03,2025-11-04,352.3714,2025-11-12,365.1496,MOMENTUM_FAIL,2,25.5565,18.9578,6.5987,0.009343,-0.007069,0.046338,6,False
high_52w,ABDL,2025-11-03,2025-11-04,681.5983,2025-11-06,633.8864,STOP,1,-47.7119,18.7109,-66.4227,-0.097239,-0.070473,0.0,2,False
high_52w,CANBK,2025-11-03,2025-11-04,135.2388,2025-11-12,138.9852,MOMENTUM_FAIL,7,26.225,19.9807,6.2444,0.006582,-0.022405,0.034646,6,False
high_52w,IOC,2025-11-03,2025-11-04,159.5531,2025-11-12,163.6369,MOMENTUM_FAIL,6,24.5028,20.0221,4.4807,0.00467,-0.011309,0.03869,6,False
high_52w,SBIN,2025-11-03,2025-11-04,934.1617,2025-11-12,940.2028,MOMENTUM_FAIL,1,6.0412,19.8868,-13.8456,-0.014789,-0.007361,0.021451,6,False
high_52w,LAURUSLABS,2025-11-03,2025-11-04,977.0273,2025-11-12,988.2661,MOMENTUM_FAIL,1,11.2388,20.0783,-8.8396,-0.009028,-0.007822,0.027607,6,False
high_52w,ABCAPITAL,2025-11-03,2025-11-04,335.4,2025-11-12,329.6,MOMENTUM_FAIL,2,-11.6,18.7388,-30.3388,-0.045129,-0.038163,0.029815,6,False
high_52w,FEDERALBNK,2025-11-03,2025-11-04,237.0302,2025-11-12,238.1265,MOMENTUM_FAIL,4,4.3851,19.9423,-15.5573,-0.016373,-0.022788,0.008703,6,False
high_52w,INDIANB,2025-11-03,2025-11-04,862.5748,2025-11-12,849.4054,MOMENTUM_FAIL,1,-13.1694,19.5454,-32.7148,-0.037844,-0.035132,0.002327,6,False
high_52w,HINDPETRO,2025-11-03,2025-11-04,455.3046,2025-11-12,461.1425,MOMENTUM_FAIL,2,11.6757,19.7988,-8.123,-0.008901,-0.021746,0.032769,6,False
high_52w,KARURVYSYA,2025-11-03,2025-11-04,250.2537,2025-11-12,248.0905,MOMENTUM_FAIL,3,-6.4895,19.0868,-25.5764,-0.033993,-0.034695,0.00119,6,False
high_52w,BANKINDIA,2025-11-03,2025-11-04,137.7793,2025-11-12,142.0208,MOMENTUM_FAIL,7,29.6902,20.0628,9.6273,0.00996,-0.026216,0.038797,6,False
high_52w,NATIONALUM,2025-11-10,2025-11-11,249.1381,2025-12-02,259.9121,TIME,4,43.0961,20.2256,22.8705,0.0229,-0.018724,0.055442,16,False
high_52w,SAIL,2025-11-10,2025-11-11,142.4053,2025-11-18,137.1047,MOMENTUM_FAIL,7,-37.1042,20.0635,-57.1677,-0.057224,-0.049144,0.011298,6,False
high_52w,BANKINDIA,2025-11-10,2025-11-11,141.3235,2025-11-18,141.8561,MOMENTUM_FAIL,7,3.7283,20.1147,-16.3864,-0.016528,-0.013293,0.028162,6,False
high_52w,BHEL,2025-11-10,2025-11-11,273.119,2025-12-02,284.582,TIME,3,34.3891,19.4597,14.9294,0.018181,0.0,0.077555,16,False
high_52w,AUBANK,2025-11-10,2025-11-11,914.1123,2025-11-18,919.2573,MOMENTUM_FAIL,1,5.145,19.8003,-14.6553,-0.015997,-0.039563,0.016284,6,False
high_52w,UNIONBANK,2025-11-10,2025-11-11,149.8167,2025-11-18,148.7191,MOMENTUM_FAIL,6,-6.5856,19.7122,-26.2978,-0.029192,-0.018348,0.020487,6,False
high_52w,SHRIRAMFIN,2025-11-10,2025-11-11,816.4815,2025-11-18,815.5865,MOMENTUM_FAIL,1,-0.8949,19.3757,-20.2706,-0.024773,-0.020947,0.021374,6,False
high_52w,FEDERALBNK,2025-11-10,2025-11-11,237.6282,2025-11-18,243.6775,MOMENTUM_FAIL,4,24.1973,19.9928,4.2046,0.004414,-0.020802,0.034852,6,False
high_52w,CUPID,2025-11-10,2025-11-11,52.55,2025-11-14,61.575,TARGET,18,162.45,20.2548,142.1952,0.15,-0.036232,0.195014,4,False
high_52w,CANBK,2025-11-10,2025-11-11,136.11,2025-12-02,147.175,TIME,7,77.4548,20.1107,57.3441,0.060055,0.0,0.096799,16,False
high_52w,UPL,2025-11-10,2025-11-11,743.4536,2025-11-18,752.3672,MOMENTUM_FAIL,1,8.9137,19.0873,-10.1737,-0.013654,0.0,0.033771,6,False
high_52w,IOC,2025-11-10,2025-11-11,160.4079,2025-11-18,162.9626,MOMENTUM_FAIL,6,15.3284,20.0251,-4.6967,-0.004869,0.0,0.033156,6,False
high_52w,EMBASSY,2025-11-10,2025-11-11,409.3854,2025-11-18,406.0835,MOMENTUM_FAIL,2,-6.6038,19.3738,-25.9776,-0.031658,-0.029784,0.004582,6,False
high_52w,HINDPETRO,2025-11-10,2025-11-11,456.9581,2025-11-18,459.8586,MOMENTUM_FAIL,2,5.8011,19.8008,-13.9997,-0.015285,-0.006556,0.029032,6,False
high_52w,CUB,2025-11-17,2025-11-18,206.5202,2025-11-25,203.4589,MOMENTUM_FAIL,4,-12.2452,19.3932,-31.6384,-0.038216,-0.064187,0.002698,6,False
high_52w,CANBK,2025-11-17,2025-11-18,144.7065,2025-11-25,143.9417,MOMENTUM_FAIL,6,-4.5887,19.5868,-24.1754,-0.027783,-0.030238,0.01552,6,False
high_52w,MRPL,2025-11-17,2025-11-18,179.8066,2025-11-21,167.2202,STOP,5,-62.9323,19.598,-82.5303,-0.091599,-0.076906,0.0,4,False
high_52w,UPL,2025-11-17,2025-11-18,766.5797,2025-11-25,742.5126,MOMENTUM_FAIL,1,-24.067,19.1178,-43.1849,-0.056212,-0.055556,0.0,6,False
high_52w,IIFL,2025-11-17,2025-11-18,557.773,2025-11-25,553.306,MOMENTUM_FAIL,1,-4.4669,18.2761,-22.743,-0.040686,-0.052589,0.007119,6,False
high_52w,INDIANB,2025-11-17,2025-11-18,875.0589,2025-11-25,854.8885,MOMENTUM_FAIL,1,-20.1704,19.5838,-39.7542,-0.045331,-0.048674,0.000224,6,False
high_52w,MARICO,2025-11-17,2025-11-18,754.4997,2025-11-25,728.0208,MOMENTUM_FAIL,1,-26.479,19.0619,-45.5409,-0.060227,-0.039514,0.0,6,False
high_52w,SBIN,2025-11-17,2025-11-18,958.3261,2025-11-25,966.1844,MOMENTUM_FAIL,1,7.8584,19.9925,-12.1341,-0.012634,-0.007739,0.013684,6,False
high_52w,NYKAA,2025-11-17,2025-11-18,271.8,2025-11-25,270.45,MOMENTUM_FAIL,3,-4.0499,19.3647,-23.4147,-0.028653,-0.027962,0.004673,6,False
high_52w,BANKINDIA,2025-11-17,2025-11-18,142.747,2025-11-25,142.5534,MOMENTUM_FAIL,6,-1.1621,19.5441,-20.7061,-0.024123,-0.017977,0.012414,6,False
high_52w,FEDERALBNK,2025-11-17,2025-11-18,238.6248,2025-12-09,259.9619,TIME,4,85.3484,20.1341,65.2143,0.068174,0.0,0.099232,16,False
high_52w,BIOCON,2025-11-17,2025-11-18,421.9953,2025-11-20,392.4557,STOP,2,-59.0793,19.3734,-78.4528,-0.092752,-0.073846,0.004615,3,False
high_52w,M&MFIN,2025-11-24,2025-11-25,347.7265,2025-12-16,334.0835,TIME,2,-27.2861,18.811,-46.097,-0.066139,-0.046969,0.088455,16,False
high_52w,FEDERALBNK,2025-11-24,2025-11-25,247.5543,2025-12-16,261.3073,TIME,4,55.0121,20.2232,34.7889,0.035056,0.0,0.072061,16,False
high_52w,CUPID,2025-11-24,2025-11-25,67.966,2025-11-26,63.2084,STOP,14,-66.6067,19.8121,-86.4188,-0.090623,-0.105435,0.0,2,False
high_52w,AUBANK,2025-11-24,2025-11-25,924.1026,2025-12-02,952.1254,MOMENTUM_FAIL,1,28.0228,19.889,8.1337,0.008783,0.0,0.045297,6,False
high_52w,NYKAA,2025-11-24,2025-11-25,271.16,2025-12-02,261.8,MOMENTUM_FAIL,3,-28.08,19.3077,-47.3878,-0.058126,-0.048717,0.001881,6,False
high_52w,EMBASSY,2025-11-24,2025-11-25,413.8934,2025-12-02,419.1861,MOMENTUM_FAIL,2,10.5854,19.4468,-8.8614,-0.010682,-0.024095,0.017343,6,False
high_52w,SHRIRAMFIN,2025-11-24,2025-11-25,823.5415,2025-12-16,843.6279,TIME,1,20.0864,19.4483,0.6381,0.000773,-0.012557,0.052886,16,False
high_52w,IIFL,2025-12-01,2025-12-02,582.6886,2025-12-09,563.0836,MOMENTUM_FAIL,1,-19.605,18.3505,-37.9554,-0.064996,-0.069251,0.0,6,False
high_52w,CUPID,2025-12-01,2025-12-02,69.9,2025-12-15,81.8653,TARGET,14,167.5141,20.4032,147.1109,0.15,0.0,0.198856,10,False
high_52w,BANKBARODA,2025-12-01,2025-12-02,287.6948,2025-12-09,280.7688,MOMENTUM_FAIL,3,-20.7779,19.532,-40.3099,-0.046603,-0.052694,0.002189,6,False
high_52w,CUB,2025-12-01,2025-12-02,208.7939,2025-12-08,194.1783,STOP,4,-58.4623,19.3374,-77.7997,-0.092951,-0.074021,0.0,5,False
high_52w,VEDL,2025-12-01,2025-12-02,522.1299,2025-12-09,507.6715,MOMENTUM_FAIL,1,-14.4585,18.1052,-32.5637,-0.062231,-0.053687,0.022888,6,False
high_52w,PNB,2025-12-01,2025-12-02,121.7595,2025-12-08,113.2363,STOP,8,-68.1853,19.9041,-88.0894,-0.090237,-0.080208,0.003591,5,False
high_52w,INDIANB,2025-12-01,2025-12-02,870.359,2025-12-03,809.4339,STOP,1,-60.9251,19.481,-80.4061,-0.092181,-0.096018,0.0,2,False
high_52w,FEDERALBNK,2025-12-01,2025-12-02,255.7264,2025-12-09,259.9619,MOMENTUM_FAIL,3,12.7066,19.1953,-6.4887,-0.008439,-0.004871,0.025721,6,False
high_52w,MOTHERSON,2025-12-01,2025-12-02,114.9429,2025-12-09,116.1868,MOMENTUM_FAIL,8,9.9518,19.833,-9.8812,-0.010722,-0.02052,0.031515,6,False
high_52w,ASHOKLEY,2025-12-01,2025-12-02,157.3163,2025-12-09,156.9034,MOMENTUM_FAIL,6,-2.4778,19.9105,-22.3883,-0.023667,-0.027813,0.02175,6,False
high_52w,CUPID,2025-12-08,2025-12-09,76.5,2025-12-19,89.5751,TARGET,13,169.9765,20.4753,149.5011,0.15,0.0,0.173726,9,False
high_52w,ABCAPITAL,2025-12-08,2025-12-09,356.7,2025-12-16,348.05,MOMENTUM_FAIL,2,-17.3,18.9071,-36.2071,-0.050642,-0.029717,0.034343,6,False
high_52w,AUBANK,2025-12-08,2025-12-09,949.1283,2025-12-31,993.5352,TIME,1,44.4069,20.0281,24.3788,0.025629,0.0,0.060207,16,False
high_52w,HDFCBANK,2025-12-08,2025-12-09,978.7127,2025-12-16,978.1224,MOMENTUM_FAIL,1,-0.5903,20.0614,-20.6517,-0.021055,-0.009649,0.00985,6,False
high_52w,FEDERALBNK,2025-12-08,2025-12-09,255.5769,2025-12-16,261.3073,MOMENTUM_FAIL,3,17.1912,19.2025,-2.0113,-0.002617,0.0,0.038409,6,False
high_52w,CANFINHOME,2025-12-08,2025-12-09,899.8815,2025-12-16,901.3566,MOMENTUM_FAIL,1,1.4752,19.7327,-18.2575,-0.020245,-0.023113,0.014371,6,False
high_52w,NATIONALUM,2025-12-08,2025-12-09,261.2844,2025-12-29,307.0693,TARGET,3,137.3545,19.5195,117.835,0.15,-0.019321,0.178016,14,False
high_52w,HINDCOPPER,2025-12-08,2025-12-09,359.5572,2025-12-24,423.2215,TARGET,2,127.3287,19.2257,108.103,0.15,-0.027662,0.215768,12,False
high_52w,CUPID,2025-12-15,2025-12-16,82.78,2025-12-29,96.93,TARGET,12,169.7999,20.4702,149.3298,0.15,-0.006161,0.191713,9,False
high_52w,IDFCFIRSTB,2025-12-15,2025-12-16,83.0959,2025-12-23,84.751,MOMENTUM_FAIL,12,19.8617,20.1809,-0.3191,-0.000319,-0.006599,0.031317,6,False
high_52w,ASHOKLEY,2025-12-15,2025-12-16,163.7073,2026-01-07,182.9982,TIME,6,115.7455,20.3132,95.4323,0.096945,-0.008589,0.151952,16,False
high_52w,FEDERALBNK,2025-12-15,2025-12-16,264.4964,2025-12-23,264.5462,MOMENTUM_FAIL,3,0.1496,19.2808,-19.1312,-0.024058,-0.016014,0.021477,6,False
high_52w,VEDL,2025-12-15,2025-12-16,538.9983,2026-01-07,611.9794,TIME,1,72.9812,18.3545,54.6267,0.101127,0.0,0.149453,16,False
high_52w,HINDZINC,2025-12-15,2025-12-16,553.8801,2026-01-07,618.6959,TIME,1,64.8158,18.4007,46.415,0.083617,0.0,0.163741,16,False
high_52w,NATIONALUM,2025-12-15,2025-12-16,271.8221,2026-01-02,319.2388,TARGET,3,142.2503,19.6629,122.5874,0.15,-0.007753,0.195096,13,False
high_52w,NMDC,2025-12-15,2025-12-16,75.0677,2025-12-23,78.0646,MOMENTUM_FAIL,13,38.9605,20.1299,18.8306,0.019254,-0.034184,0.049745,6,False
high_52w,MOTHERSON,2025-12-15,2025-12-16,119.4211,2025-12-23,119.66,MOMENTUM_FAIL,8,1.9108,19.9679,-18.0571,-0.018859,-0.036667,0.023333,6,False
high_52w,HINDCOPPER,2025-12-15,2025-12-16,376.615,2025-12-26,449.6702,TARGET,2,146.1105,19.408,126.7025,0.167845,-0.040803,0.269906,8,False
high_52w,UPL,2025-12-15,2025-12-16,758.5574,2025-12-23,773.5126,MOMENTUM_FAIL,1,14.9552,19.1634,-4.2082,-0.005536,-0.038386,0.026635,6,False
high_52w,CANFINHOME,2025-12-15,2025-12-16,905.2412,2025-12-23,920.7271,MOMENTUM_FAIL,1,15.4859,19.7839,-4.2979,-0.004737,-0.009329,0.034457,6,False
high_52w,HINDCOPPER,2025-12-22,2025-12-23,404.1164,2025-12-26,474.6814,TARGET,2,141.1301,19.6301,121.5,0.15,0.0,0.183485,3,False
high_52w,NATIONALUM,2025-12-22,2025-12-23,285.3005,2026-01-06,334.8046,TARGET,3,148.5123,19.8464,128.6659,0.15,-0.002405,0.208383,10,False
high_52w,SHRIRAMFIN,2025-12-22,2025-12-23,933.42,2026-01-14,975.5815,TIME,1,42.1615,19.9572,22.2043,0.023736,0.0,0.092575,16,False
high_52w,HINDZINC,2025-12-22,2025-12-23,599.0547,2026-01-14,642.4617,TIME,1,43.407,18.5479,24.8591,0.041407,-0.03582,0.099918,16,False
high_52w,M&MFIN,2025-12-22,2025-12-23,387.2865,2025-12-31,394.1324,MOMENTUM_FAIL,2,13.692,19.2285,-5.5365,-0.007132,-0.040909,0.030808,6,False
high_52w,ASHOKLEY,2025-12-22,2025-12-23,174.1099,2025-12-31,176.1845,MOMENTUM_FAIL,5,10.3731,19.627,-9.2539,-0.010607,-0.021516,0.01841,6,False
high_52w,IDFCFIRSTB,2025-12-22,2025-12-23,85.4589,2025-12-31,85.3592,MOMENTUM_FAIL,11,-1.0968,19.8971,-20.9939,-0.022284,-0.025201,0.003383,6,False
high_52w,VEDL,2025-12-22,2025-12-23,576.3741,2026-01-14,664.6498,TIME,1,88.2757,18.5435,69.7323,0.12072,0.0,0.159471,16,False
high_52w,FEDERALBNK,2025-12-22,2025-12-23,269.3797,2025-12-31,266.1906,MOMENTUM_FAIL,3,-9.5673,19.3228,-28.8901,-0.035671,-0.037736,0.0,6,False
high_52w,CANFINHOME,2025-12-22,2025-12-23,931.5283,2025-12-31,921.619,MOMENTUM_FAIL,1,-9.9093,19.8432,-29.7525,-0.03187,-0.057869,0.033456,6,False
high_52w,UPL,2025-12-22,2025-12-23,772.4231,2025-12-31,787.5269,MOMENTUM_FAIL,1,15.1038,19.2223,-4.1185,-0.00532,-0.0159,0.027055,6,False
high_52w,HINDALCO,2025-12-22,2025-12-23,866.4798,2025-12-31,882.0983,MOMENTUM_FAIL,1,15.6185,19.6205,-4.0019,-0.004609,-0.011596,0.021814,6,False
high_52w,CUPID,2025-12-29,2025-12-30,98.02,2026-01-02,91.1586,STOP,10,-68.614,19.9291,-88.5431,-0.090135,-0.143134,0.075189,4,False
high_52w,HINDCOPPER,2025-12-29,2025-12-30,480.3544,2026-01-05,562.7261,TARGET,2,164.7434,20.322,144.4214,0.15,0.0,0.180246,5,False
high_52w,CUB,2025-12-29,2025-12-30,222.8745,2026-01-06,219.0107,MOMENTUM_FAIL,4,-15.4552,19.6628,-35.118,-0.039306,-0.046341,0.000667,6,False
high_52w,INDIACEM,2025-12-29,2025-12-30,448.0,2026-01-06,456.1,MOMENTUM_FAIL,2,16.2,19.7463,-3.5463,-0.003949,-0.036942,0.033036,6,False
high_52w,MARICO,2025-12-29,2025-12-30,749.9704,2026-01-06,775.5036,MOMENTUM_FAIL,1,25.5332,19.1487,6.3845,0.008494,-0.020839,0.035307,6,False
high_52w,IDFCFIRSTB,2025-12-29,2025-12-30,84.2625,2026-01-06,84.4818,MOMENTUM_FAIL,11,2.4129,19.8486,-17.4358,-0.01877,-0.002722,0.029464,6,False
high_52w,INDUSTOWER,2025-12-29,2025-12-30,406.6943,2026-01-20,399.5145,TIME,2,-14.3596,19.3353,-33.6948,-0.041335,-0.028436,0.078081,16,False
high_52w,ASHOKLEY,2025-12-29,2025-12-30,172.5564,2026-01-20,177.7576,TIME,5,26.0063,19.626,6.3803,0.007379,0.0,0.092878,16,False
high_52w,UPL,2025-12-29,2025-12-30,762.618,2026-01-20,709.2347,STOP,1,-53.3833,19.0414,-72.4247,-0.094761,-0.079935,0.054805,16,False
high_52w,HINDALCO,2025-12-29,2025-12-30,863.4954,2026-01-20,923.2834,TIME,1,59.7881,19.6978,40.0903,0.046327,0.0,0.118433,16,False
high_52w,AUBANK,2025-12-29,2025-12-30,984.0444,2026-01-06,1007.7713,MOMENTUM_FAIL,1,23.7269,20.1334,3.5935,0.003644,0.0,0.042437,6,False
high_52w,MSUMI,2026-01-05,2026-01-06,52.0446,2026-01-08,48.4015,STOP,19,-69.2193,19.9644,-89.1837,-0.089993,-0.083712,0.0,3,False
high_52w,UNIONBANK,2026-01-05,2026-01-06,158.9083,2026-01-13,161.424,MOMENTUM_FAIL,6,15.0943,19.9866,-4.8923,-0.00512,-0.020477,0.020293,6,False
high_52w,INDIACEM,2026-01-05,2026-01-06,458.9,2026-01-28,445.1,TIME,2,-27.6,19.7492,-47.3491,-0.051477,-0.06995,0.058618,16,False
high_52w,SAILIFE,2026-01-05,2026-01-06,962.1,2026-01-12,894.753,STOP,1,-67.347,19.8553,-87.2023,-0.09044,-0.078578,0.022087,5,False
high_52w,HINDCOPPER,2026-01-05,2026-01-06,565.4446,2026-01-08,525.8635,STOP,1,-39.5811,18.237,-57.8181,-0.102029,-0.087863,0.011434,3,False
high_52w,MARICO,2026-01-05,2026-01-06,772.4675,2026-01-13,752.6083,MOMENTUM_FAIL,1,-19.8592,19.1513,-39.0104,-0.050391,-0.034987,0.004059,6,False
high_52w,SAIL,2026-01-05,2026-01-06,150.1341,2026-01-13,145.8502,MOMENTUM_FAIL,6,-25.7035,19.6813,-45.3848,-0.050273,-0.058185,0.0,6,False
high_52w,KARURVYSYA,2026-01-05,2026-01-06,275.8545,2026-01-12,256.5447,STOP,3,-57.9295,19.3064,-77.2358,-0.093126,-0.073741,0.001439,5,False
high_52w,HINDALCO,2026-01-05,2026-01-06,931.1425,2026-01-13,931.4409,MOMENTUM_FAIL,1,0.2984,19.8623,-19.5639,-0.020965,-0.044872,0.019872,6,False
high_52w,BANKBARODA,2026-01-05,2026-01-06,297.8658,2026-01-13,292.3929,MOMENTUM_FAIL,3,-16.4189,19.6697,-36.0887,-0.040298,-0.038374,0.006504,6,False
high_52w,JSL,2026-01-05,2026-01-06,865.296,2026-01-08,804.7253,STOP,1,-60.5707,19.4603,-80.0311,-0.092288,-0.079195,0.016092,3,False
high_52w,VEDL,2026-01-12,2026-01-13,620.7332,2026-01-29,733.0082,TARGET,1,112.275,18.7796,93.4953,0.150292,0.0,0.219775,12,False
high_52w,COALINDIA,2026-01-12,2026-01-13,417.4077,2026-01-20,399.4227,MOMENTUM_FAIL,2,-35.9702,19.3817,-55.3519,-0.06616,-0.04712,0.018433,6,False
high_52w,UNIONBANK,2026-01-12,2026-01-13,160.2584,2026-02-04,171.0595,TIME,6,64.8066,20.1221,44.6845,0.04637,-0.001152,0.111219,16,False
high_52w,NATIONALUM,2026-01-12,2026-01-13,346.0267,2026-01-29,407.5956,TARGET,2,123.1378,19.1029,104.035,0.15,0.0,0.22238,12,False
high_52w,PFOCUS,2026-01-12,2026-01-13,243.1,2026-01-19,226.083,STOP,4,-68.068,19.8973,-87.9653,-0.090265,-0.110654,0.007816,4,False
high_52w,SAIL,2026-01-12,2026-01-13,147.321,2026-01-20,143.5207,MOMENTUM_FAIL,6,-22.8015,19.6159,-42.4174,-0.047883,-0.030352,0.02593,6,False
high_52w,ICICIPRULI,2026-01-12,2026-01-13,682.1826,2026-01-20,649.5458,MOMENTUM_FAIL,1,-32.6367,18.744,-51.3808,-0.075154,-0.05164,0.02257,6,False
high_52w,TATASTEEL,2026-01-12,2026-01-13,179.7922,2026-01-20,179.851,MOMENTUM_FAIL,5,0.2939,19.7264,-19.4325,-0.021569,-0.010027,0.040872,6,False
high_52w,ASHOKLEY,2026-01-12,2026-01-13,183.9126,2026-01-20,177.7576,MOMENTUM_FAIL,5,-30.7751,19.7501,-50.5252,-0.054825,-0.040364,0.014435,6,False
high_52w,IDFCFIRSTB,2026-01-12,2026-01-13,85.1499,2026-01-20,81.8495,MOMENTUM_FAIL,11,-36.3034,19.811,-56.1144,-0.059779,-0.042857,0.0,6,False
high_52w,BANKINDIA,2026-01-19,2026-01-20,157.8923,2026-01-28,162.0466,MOMENTUM_FAIL,6,24.9257,19.9809,4.9448,0.005208,-0.041766,0.032812,6,False
high_52w,FEDERALBNK,2026-01-19,2026-01-20,277.0535,2026-01-28,283.4815,MOMENTUM_FAIL,3,19.2842,19.4788,-0.1946,-0.000234,-0.032554,0.033094,6,False
high_52w,CANBK,2026-01-19,2026-01-20,152.4703,2026-01-28,152.7027,MOMENTUM_FAIL,6,1.394,19.7956,-18.4016,-0.020071,-0.048825,0.004762,6,False
high_52w,BIRET,2026-01-19,2026-01-20,330.3353,2026-01-28,324.8752,MOMENTUM_FAIL,3,-16.3805,20.0811,-36.4617,-0.036712,-0.02426,0.00326,6,False
high_52w,TATASTEEL,2026-01-19,2026-01-20,184.4658,2026-01-28,189.9331,MOMENTUM_FAIL,5,27.3363,19.8802,7.4561,0.008066,-0.039252,0.036809,6,False
high_52w,MAHABANK,2026-01-19,2026-01-20,65.3535,2026-01-28,64.5951,MOMENTUM_FAIL,15,-11.3765,20.0461,-31.4226,-0.031984,-0.051846,0.015072,6,False
high_52w,NATIONALUM,2026-01-19,2026-01-20,360.2402,2026-02-11,364.9499,TIME,2,9.4193,18.9914,-9.5721,-0.013257,-0.069388,0.17415,16,False
high_52w,HINDZINC,2026-01-19,2026-01-20,656.7996,2026-02-02,554.8622,GAP_STOP,1,-101.9375,18.4957,-120.4332,-0.182964,-0.162156,0.095993,9,False
high_52w,VEDL,2026-01-19,2026-01-20,664.8957,2026-02-11,689.6326,TIME,1,24.7369,18.7879,5.949,0.008928,-0.05466,0.138757,16,False
high_52w,KARURVYSYA,2026-01-27,2026-01-28,290.2922,2026-02-18,323.4841,TIME,3,99.5757,19.81,79.7657,0.091393,-0.025808,0.124594,16,False
high_52w,HINDZINC,2026-01-27,2026-01-28,699.2245,2026-01-30,650.2788,STOP,1,-48.9457,18.7828,-67.7285,-0.096651,-0.125913,0.010955,3,False
high_52w,VEDL,2026-01-27,2026-01-28,699.4191,2026-02-02,642.6177,GAP_STOP,1,-56.8014,18.7676,-75.569,-0.10781,-0.101322,0.082548,4,False
high_52w,NATIONALUM,2026-01-27,2026-01-28,380.6293,2026-02-02,340.2432,GAP_STOP,2,-80.7722,18.9799,-99.7521,-0.13075,-0.119238,0.111254,4,False
high_52w,TATASTEEL,2026-01-27,2026-01-28,189.5803,2026-02-04,191.4517,MOMENTUM_FAIL,5,9.3569,19.9515,-10.5946,-0.011152,-0.05654,0.049098,6,False
high_52w,SAIL,2026-01-27,2026-01-28,154.9708,2026-02-02,144.1228,STOP,6,-65.0877,19.7236,-84.8113,-0.091013,-0.1,0.019108,4,False
high_52w,FEDERALBNK,2026-01-27,2026-01-28,285.4747,2026-02-04,286.4215,MOMENTUM_FAIL,3,2.8403,19.552,-16.7117,-0.019471,-0.036481,0.041194,6,False
high_52w,HINDALCO,2026-01-27,2026-01-28,966.0106,2026-02-02,898.3898,STOP,1,-67.6207,19.8712,-87.492,-0.090373,-0.075743,0.060502,4,False
high_52w,SHRIRAMFIN,2026-01-27,2026-01-28,996.3639,2026-02-04,993.1819,MOMENTUM_FAIL,1,-3.182,20.1306,-23.3126,-0.023347,-0.062874,0.039421,6,False
high_52w,HINDCOPPER,2026-01-27,2026-01-28,565.743,2026-01-29,669.3197,TARGET,1,103.5767,18.5297,85.047,0.15,0.0,0.336234,2,False
high_52w,CANBK,2026-01-27,2026-01-28,150.5245,2026-02-02,136.5457,GAP_STOP,6,-83.8732,19.5727,-103.4459,-0.114289,-0.106052,0.034086,4,False
high_52w,BIRET,2026-02-02,2026-02-03,351.9778,2026-02-10,350.4496,MOMENTUM_FAIL,2,-3.0564,18.8962,-21.9526,-0.031117,-0.043941,0.003023,6,False
high_52w,IOC,2026-02-02,2026-02-03,164.932,2026-02-24,176.3745,TIME,6,68.6548,20.2483,48.4065,0.048809,-0.012938,0.081602,16,False
high_52w,BPCL,2026-02-02,2026-02-03,372.0,2026-02-24,374.45,TIME,2,4.9,19.0815,-14.1815,-0.01902,-0.026075,0.052823,16,False
high_52w,MRPL,2026-02-09,2026-02-10,190.9711,2026-02-17,188.9145,MOMENTUM_FAIL,5,-10.283,19.9409,-30.2239,-0.031584,-0.064103,0.010256,6,False
high_52w,STLTECH,2026-02-09,2026-02-10,143.0,2026-02-23,167.8062,TARGET,6,148.8373,19.8559,128.9814,0.15,-0.013986,0.188811,10,False
high_52w,KARURVYSYA,2026-02-09,2026-02-10,323.4841,2026-02-17,322.4422,MOMENTUM_FAIL,3,-3.1257,20.0213,-23.147,-0.0238,-0.042331,0.009202,6,False
high_52w,ASHOKLEY,2026-02-09,2026-02-10,203.233,2026-02-17,204.1966,MOMENTUM_FAIL,4,3.8543,19.3704,-15.5161,-0.019045,-0.020029,0.042187,6,False
high_52w,INDUSTOWER,2026-02-09,2026-02-10,442.3523,2026-02-17,455.5555,MOMENTUM_FAIL,2,26.4062,19.7194,6.6868,0.007542,-0.003922,0.039216,6,False
high_52w,JKTYRE,2026-02-09,2026-02-10,554.4216,2026-02-27,515.6121,STOP,1,-38.8095,18.192,-57.0015,-0.102588,-0.109554,0.092679,14,False
high_52w,NYKAA,2026-02-09,2026-02-10,277.86,2026-02-17,271.31,MOMENTUM_FAIL,3,-19.65,19.4097,-39.0597,-0.046756,-0.034154,0.027856,6,False
high_52w,EMBASSY,2026-02-09,2026-02-10,434.5186,2026-02-17,432.947,MOMENTUM_FAIL,2,-3.1432,19.5931,-22.7363,-0.026106,-0.021333,0.032151,6,False
high_52w,UNIONBANK,2026-02-16,2026-02-17,178.2862,2026-03-11,175.7316,TIME,5,-12.7729,19.668,-32.4409,-0.036313,-0.043857,0.119531,16,False
high_52w,INDUSTOWER,2026-02-16,2026-02-17,458.1575,2026-02-24,452.857,MOMENTUM_FAIL,2,-10.601,19.7775,-30.3785,-0.033081,-0.023875,0.012831,6,False
high_52w,NTPC,2026-02-16,2026-02-17,364.8092,2026-02-24,378.6595,MOMENTUM_FAIL,2,27.7008,19.0672,8.6336,0.011807,-0.017763,0.044068,6,False
high_52w,MARICO,2026-02-16,2026-02-17,770.178,2026-03-11,758.1331,TIME,1,-12.0449,19.1575,-31.2024,-0.040425,-0.018612,0.051441,16,False
high_52w,INDIANB,2026-02-23,2026-02-24,960.538,2026-03-04,919.414,MOMENTUM_FAIL,1,-41.124,19.9021,-61.0261,-0.063395,-0.066565,0.019368,6,False
high_52w,STLTECH,2026-02-23,2026-02-24,166.0,2026-03-02,153.1,GAP_STOP,6,-77.4,19.978,-97.3779,-0.097556,-0.077711,0.048193,5,False
high_52w,CIEINDIA,2026-02-23,2026-02-24,485.5198,2026-03-02,450.7202,GAP_STOP,2,-69.5993,19.8884,-89.4878,-0.091956,-0.081015,0.043655,5,False
high_52w,UNIONBANK,2026-02-23,2026-02-24,191.9332,2026-03-04,185.6488,MOMENTUM_FAIL,5,-31.4223,19.9182,-51.3404,-0.053382,-0.041498,0.039929,6,False
high_52w,NTPC,2026-02-23,2026-02-24,370.9429,2026-03-04,361.8907,MOMENTUM_FAIL,2,-18.1045,19.0257,-37.1302,-0.049939,-0.028937,0.036271,6,False
high_52w,BANKINDIA,2026-02-23,2026-02-24,168.4959,2026-03-04,158.2215,MOMENTUM_FAIL,5,-51.3719,19.3827,-70.7546,-0.083801,-0.076839,0.025057,6,False
high_52w,MARICO,2026-02-23,2026-02-24,798.8967,2026-03-04,768.3364,MOMENTUM_FAIL,1,-30.5603,19.2411,-49.8014,-0.062202,-0.041929,0.011277,6,False
high_52w,BANKBARODA,2026-02-23,2026-02-24,303.1451,2026-03-04,289.9227,MOMENTUM_FAIL,3,-39.6671,19.6893,-59.3563,-0.065125,-0.051925,0.040102,6,False
high_52w,ABSLAMC,2026-02-23,2026-02-24,897.5093,2026-03-02,833.513,GAP_STOP,1,-63.9963,19.5894,-83.5857,-0.092928,-0.071304,0.015163,5,False
high_52w,MAHABANK,2026-02-23,2026-02-24,68.5941,2026-03-09,63.7925,STOP,14,-67.2222,19.848,-87.0702,-0.09047,-0.086875,0.105686,9,False
high_52w,STLTECH,2026-03-02,2026-03-04,168.0,2026-03-12,197.2099,TARGET,5,146.0497,19.7742,126.2755,0.15,-0.017857,0.224583,7,False
high_52w,ONGC,2026-03-02,2026-03-04,285.7839,2026-03-10,265.779,STOP,3,-60.0146,19.4279,-79.4425,-0.092458,-0.075436,0.006969,5,False
high_52w,VTL,2026-03-02,2026-03-04,530.2533,2026-03-11,541.4087,MOMENTUM_FAIL,1,11.1554,18.1917,-7.0362,-0.013241,-0.035437,0.032258,6,False
high_52w,SAILIFE,2026-03-02,2026-03-04,975.05,2026-03-25,1012.35,TIME,1,37.3,20.1231,17.1769,0.017578,-0.037998,0.111738,16,False
high_52w,BEL,2026-03-02,2026-03-04,457.429,2026-03-11,453.4844,MOMENTUM_FAIL,2,-7.8893,19.7769,-27.6661,-0.030175,-0.030761,0.033621,6,False
high_52w,SAIL,2026-03-02,2026-03-04,159.3337,2026-03-09,148.1803,STOP,6,-66.9201,19.8304,-86.7505,-0.090545,-0.102961,0.0,4,False
high_52w,FEDERALBNK,2026-03-02,2026-03-04,289.9594,2026-03-09,269.6623,STOP,3,-60.8915,19.479,-80.3705,-0.092191,-0.076474,0.002234,4,False
high_52w,INDIANB,2026-03-02,2026-03-04,935.0803,2026-03-09,869.6246,STOP,1,-65.4556,19.745,-85.2007,-0.090917,-0.079895,0.002408,4,False
high_52w,TATASTEEL,2026-03-02,2026-03-04,202.8173,2026-03-09,188.6201,STOP,4,-56.7889,19.2399,-76.0288,-0.093511,-0.096473,0.0,4,False
high_52w,VTL,2026-03-09,2026-03-10,538.6818,2026-03-17,549.1926,MOMENTUM_FAIL,1,10.5108,18.226,-7.7151,-0.014291,-0.039116,0.030649,6,False
high_52w,NTPC,2026-03-09,2026-03-10,380.8855,2026-03-17,379.2531,MOMENTUM_FAIL,2,-3.2647,19.1399,-22.4046,-0.029347,-0.024805,0.024675,6,False
high_52w,BEL,2026-03-09,2026-03-10,464.3696,2026-03-16,431.3145,GAP_STOP,2,-66.1102,19.7169,-85.8272,-0.092211,-0.091935,0.010323,5,False
high_52w,MARICO,2026-03-09,2026-03-10,776.3995,2026-03-17,751.3142,MOMENTUM_FAIL,1,-25.0853,19.1572,-44.2426,-0.05686,-0.053144,0.016604,6,False
high_52w,COALINDIA,2026-03-09,2026-03-10,433.4501,2026-04-02,437.884,TIME,2,8.8678,19.6085,-10.7407,-0.012363,-0.013489,0.070144,16,False
high_52w,MRPL,2026-03-16,2026-03-17,208.22,2026-03-17,193.6446,STOP,4,-58.3016,19.3281,-77.6297,-0.093003,0.0,0.0,1,False
high_52w,NTPC,2026-03-16,2026-03-17,378.8079,2026-03-24,371.5365,MOMENTUM_FAIL,2,-14.5429,19.0994,-33.6423,-0.044309,-0.035518,0.00901,6,False
high_52w,COALINDIA,2026-03-16,2026-03-17,448.5546,2026-03-24,430.819,MOMENTUM_FAIL,2,-35.4711,19.6458,-55.1169,-0.061304,-0.046274,0.026287,6,False
high_52w,VTL,2026-03-16,2026-03-17,531.4928,2026-03-24,530.1045,MOMENTUM_FAIL,1,-1.3883,18.1714,-19.5596,-0.036721,-0.02416,0.044216,6,False
high_52w,J&KBANK,2026-03-16,2026-03-17,124.2,2026-03-23,115.506,STOP,8,-69.552,19.9838,-89.5358,-0.089916,-0.130435,0.002335,5,False
high_52w,POWERGRID,2026-03-16,2026-03-17,300.599,2026-03-24,297.6129,MOMENTUM_FAIL,3,-8.9582,19.7196,-28.6778,-0.031731,-0.031788,0.023179,6,False
high_52w,PFC,2026-03-16,2026-03-17,395.6718,2026-03-30,367.9748,STOP,2,-55.394,19.1586,-74.5527,-0.094005,-0.100439,0.068936,9,False
high_52w,POWERGRID,2026-03-23,2026-03-24,307.5665,2026-04-02,288.6049,MOMENTUM_FAIL,3,-56.8848,19.7102,-76.595,-0.082831,-0.082524,0.0,6,False
high_52w,PFOCUS,2026-03-23,2026-03-24,285.0,2026-03-30,334.4576,TARGET,3,148.3727,19.8423,128.5304,0.15,0.0,0.205614,4,False
high_52w,VTL,2026-03-23,2026-03-24,538.6322,2026-04-02,532.0877,MOMENTUM_FAIL,1,-6.5445,18.191,-24.7355,-0.045823,-0.063789,0.0,6,False
high_52w,COALINDIA,2026-03-23,2026-03-24,451.1857,2026-04-02,437.884,MOMENTUM_FAIL,2,-26.6034,19.686,-46.2895,-0.051186,-0.052268,0.003996,6,False
high_52w,NTPC,2026-03-23,2026-03-24,373.9603,2026-04-02,355.8064,MOMENTUM_FAIL,2,-36.3078,19.0141,-55.3219,-0.073806,-0.068783,0.010317,6,False
high_52w,GRANULES,2026-03-23,2026-03-24,587.7756,2026-04-20,663.0688,TIME,1,75.2932,18.5652,56.728,0.096302,0.0,0.162988,16,False
high_52w,TATAPOWER,2026-03-23,2026-03-24,392.5674,2026-04-02,382.629,MOMENTUM_FAIL,2,-19.8769,19.2047,-39.0816,-0.049668,-0.068354,0.0,6,False
high_52w,PFC,2026-03-23,2026-03-24,400.3305,2026-03-30,372.3073,STOP,2,-56.0463,19.1966,-75.2429,-0.093771,-0.110907,0.001836,4,False
high_52w,PFOCUS,2026-03-30,2026-04-01,337.0,2026-04-10,313.41,STOP,2,-47.18,18.6799,-65.8599,-0.097502,-0.073887,0.065282,7,False
high_52w,ONGC,2026-03-30,2026-04-01,288.7712,2026-04-09,287.3771,MOMENTUM_FAIL,3,-4.1822,19.5795,-23.7616,-0.027369,-0.052586,0.0,6,False
high_52w,GRANULES,2026-03-30,2026-04-01,627.6925,2026-04-09,634.179,MOMENTUM_FAIL,1,6.4865,18.5936,-12.1071,-0.019246,-0.042607,0.033386,6,False
high_52w,NTPC,2026-03-30,2026-04-01,377.225,2026-04-02,350.8193,STOP,2,-52.8115,19.0081,-71.8196,-0.094987,-0.076842,0.0,2,False
high_52w,VTL,2026-03-30,2026-04-01,520.5853,2026-04-24,585.0883,TIME,1,64.503,18.2595,46.2435,0.088636,-0.008571,0.147809,16,False
high_52w,NLCINDIA,2026-03-30,2026-04-01,274.5423,2026-04-09,268.548,MOMENTUM_FAIL,3,-17.9831,19.3711,-37.3542,-0.045254,-0.027293,0.028384,6,False
high_52w,NATCOPHARM,2026-03-30,2026-04-01,996.9247,2026-04-24,1091.366,TIME,1,94.4413,20.3318,74.1095,0.074176,-0.020178,0.136441,16,False
high_52w,GRANULES,2026-04-06,2026-04-07,642.6612,2026-04-15,651.2933,MOMENTUM_FAIL,1,8.6321,18.6612,-10.0291,-0.015572,-0.043401,0.017469,6,False
high_52w,PFOCUS,2026-04-06,2026-04-07,346.8,2026-04-09,322.524,STOP,2,-48.552,18.7598,-67.3118,-0.096835,-0.085928,0.017734,3,False
high_52w,NMDC,2026-04-06,2026-04-07,79.8951,2026-04-29,90.501,TIME,12,127.2717,20.2374,107.0343,0.111397,0.0,0.145591,16,False
high_52w,COALINDIA,2026-04-06,2026-04-07,446.362,2026-04-15,424.6797,MOMENTUM_FAIL,2,-43.3645,19.6112,-62.9757,-0.070389,-0.066696,0.01299,6,False
high_52w,ONGC,2026-04-06,2026-04-07,280.6557,2026-04-15,286.3813,MOMENTUM_FAIL,3,17.1769,19.5201,-2.3432,-0.002777,-0.025191,0.03548,6,False
high_52w,ZYDUSWELL,2026-04-06,2026-04-07,500.9992,2026-04-29,499.4523,TIME,1,-1.5469,18.0423,-19.5892,-0.039015,-0.059761,0.100398,16,False
high_52w,VTL,2026-04-06,2026-04-07,524.3037,2026-04-29,603.631,TIME,1,79.3273,18.3054,61.0219,0.116133,0.0,0.173901,16,False
high_52w,NATIONALUM,2026-04-06,2026-04-07,404.9485,2026-04-29,430.0593,TIME,2,50.2216,19.452,30.7695,0.037909,-0.026961,0.091054,16,False
high_52w,NLCINDIA,2026-04-06,2026-04-07,273.7431,2026-04-15,274.942,MOMENTUM_FAIL,3,3.5967,19.4049,-15.8082,-0.019207,-0.04708,0.019343,6,False
high_52w,SAIL,2026-04-06,2026-04-07,157.3595,2026-04-28,184.3895,TARGET,6,162.1801,20.2469,141.9332,0.15,0.0,0.186175,15,False
high_52w,GPIL,2026-04-06,2026-04-07,273.8698,2026-04-29,301.9539,TIME,3,84.2523,19.5708,64.6815,0.078554,0.0,0.137273,16,False
high_52w,STLTECH,2026-04-13,2026-04-15,247.99,2026-04-22,290.3858,TARGET,4,169.5831,20.4638,149.1193,0.15,-0.01867,0.17904,6,False
high_52w,SONACOMS,2026-04-13,2026-04-15,579.7151,2026-04-22,586.7446,MOMENTUM_FAIL,1,7.0295,18.3921,-11.3626,-0.019558,-0.013846,0.026746,6,False
high_52w,KSB,2026-04-13,2026-04-15,927.3696,2026-05-07,890.85,TIME,1,-36.5196,19.7714,-56.291,-0.060567,-0.063201,0.103385,16,False
high_52w,NMDC,2026-04-13,2026-04-15,85.8344,2026-04-22,87.4031,MOMENTUM_FAIL,11,17.2556,19.9519,-2.6963,-0.002849,-0.013218,0.036437,6,False
high_52w,VEDL,2026-04-13,2026-04-15,752.0,2026-04-30,289.5,GAP_STOP,1,-462.5,18.1635,-480.6635,-0.637786,-0.642686,0.057181,12,False
high_52w,SAIL,2026-04-13,2026-04-15,167.8028,2026-04-22,173.9523,MOMENTUM_FAIL,5,30.7474,19.5353,11.2121,0.013334,-0.019941,0.049765,6,False
high_52w,ADANIPOWER,2026-04-13,2026-04-15,185.27,2026-04-23,217.1545,TARGET,5,159.4224,20.1661,139.2563,0.15,-0.010795,0.172613,7,False
high_52w,PFC,2026-04-13,2026-04-15,430.0771,2026-05-07,448.4544,TIME,2,36.7545,19.6368,17.1177,0.019857,0.0,0.108706,16,False
high_52w,HONASA,2026-04-13,2026-04-15,349.3251,2026-04-22,344.6045,MOMENTUM_FAIL,2,-9.4412,18.8608,-28.302,-0.040421,-0.046657,0.023471,6,False
high_52w,BHEL,2026-04-20,2026-04-21,325.9585,2026-05-04,381.7592,TARGET,3,167.4019,20.3999,147.002,0.15,0.0,0.220146,9,False
high_52w,TDPOWERSYS,2026-04-20,2026-04-21,517.4946,2026-05-07,613.5993,TARGET,1,96.1047,18.3108,77.7939,0.15,-0.029826,0.244401,12,False
high_52w,PFC,2026-04-20,2026-04-21,464.5774,2026-04-28,471.8303,MOMENTUM_FAIL,2,14.5057,19.8828,-5.3771,-0.005774,-0.024684,0.026371,6,False
high_52w,STLTECH,2026-04-20,2026-04-21,274.0,2026-05-05,321.754,TARGET,3,143.2621,19.6926,123.5696,0.15,-0.036277,0.185401,10,False
high_52w,GRANULES,2026-04-20,2026-04-21,663.6176,2026-05-13,726.8359,TIME,1,63.2183,18.8608,44.3575,0.066696,0.0,0.144963,16,False
high_52w,ADANIPOWER,2026-04-20,2026-04-21,203.3,2026-05-13,213.87,TIME,4,42.28,19.4498,22.8302,0.028013,0.0,0.152976,16,False
high_52w,TATAPOWER,2026-04-20,2026-04-21,432.3211,2026-05-13,388.592,GAP_STOP,2,-87.4581,19.4028,-106.8609,-0.12332,-0.101609,0.068736,16,False
high_52w,KSB,2026-04-20,2026-04-21,975.1835,2026-04-28,984.189,MOMENTUM_FAIL,1,9.0055,20.066,-11.0605,-0.011317,-0.014592,0.049286,6,False
high_52w,POWERGRID,2026-04-20,2026-04-21,317.4704,2026-04-28,317.5201,MOMENTUM_FAIL,3,0.1493,19.9518,-19.8025,-0.020747,-0.013952,0.018812,6,False
high_52w,NTPC,2026-04-20,2026-04-21,394.3402,2026-04-28,402.502,MOMENTUM_FAIL,2,16.3237,19.2934,-2.9697,-0.003757,-0.013547,0.039639,6,False
high_52w,CUPID,2026-04-20,2026-04-21,106.49,2026-05-04,124.7553,TARGET,9,164.3874,20.3116,144.0758,0.15,0.0,0.192037,9,False
high_52w,CGPOWER,2026-04-20,2026-04-21,800.0,2026-05-13,847.05,TIME,1,47.05,19.4038,27.6462,0.034482,-0.007375,0.1085,16,False
high_52w,HFCL,2026-04-27,2026-04-28,107.1,2026-05-04,125.4597,TARGET,9,165.2375,20.3365,144.901,0.15,-0.02416,0.198601,4,False
high_52w,SAIL,2026-04-27,2026-04-28,181.8192,2026-05-06,183.6355,MOMENTUM_FAIL,5,9.0811,19.7871,-10.706,-0.011751,-0.02443,0.034202,6,False
high_52w,ENGINERSIN,2026-04-27,2026-04-28,255.9927,2026-05-06,260.208,MOMENTUM_FAIL,3,12.6459,19.1985,-6.5526,-0.008514,-0.041031,0.026734,6,False
high_52w,TATAPOWER,2026-04-27,2026-04-28,451.2041,2026-05-06,440.5203,MOMENTUM_FAIL,2,-21.3676,19.6969,-41.0644,-0.045406,-0.038216,0.022908,6,False
high_52w,BHEL,2026-04-27,2026-04-28,348.5656,2026-05-14,410.5277,TARGET,2,123.9242,19.1259,104.7983,0.15,-0.021877,0.195058,12,False
high_52w,CESC,2026-04-27,2026-04-28,182.0081,2026-05-18,169.2675,STOP,5,-63.7028,19.6429,-83.3457,-0.091385,-0.071311,0.083444,14,False
high_52w,NTPCGREEN,2026-04-27,2026-04-28,118.0,2026-04-30,109.74,STOP,8,-66.08,19.7814,-85.8614,-0.090757,-0.075593,0.0,3,False
high_52w,JSWENERGY,2026-04-27,2026-04-28,576.9378,2026-05-06,565.9751,MOMENTUM_FAIL,1,-10.9627,18.3438,-29.3065,-0.050686,-0.051131,0.010019,6,False
high_52w,NTPC,2026-04-27,2026-04-28,409.5756,2026-05-06,390.6302,MOMENTUM_FAIL,2,-37.8907,19.3117,-57.2024,-0.069679,-0.053986,0.0,6,False
high_52w,ADANIPOWER,2026-04-27,2026-04-28,219.5,2026-05-20,220.24,TIME,4,2.96,19.6433,-16.6833,-0.01896,-0.052255,0.067882,16,False
high_52w,NMDC,2026-04-27,2026-04-28,89.623,2026-05-06,87.9852,MOMENTUM_FAIL,11,-18.0154,20.056,-38.0714,-0.038533,-0.031704,0.021246,6,False
high_52w,GRANULES,2026-04-27,2026-04-28,694.5532,2026-05-20,757.0729,TIME,1,62.5197,18.99,43.5297,0.062536,-0.008621,0.11092,16,False
high_52w,CUPID,2026-05-04,2026-05-05,127.3,2026-05-12,118.389,STOP,7,-62.377,19.5656,-81.9426,-0.091756,-0.084839,0.052003,6,False
high_52w,HFCL,2026-05-04,2026-05-05,125.8824,2026-05-11,147.6576,TARGET,7,152.4266,19.9611,132.4655,0.15,0.0,0.204762,5,False
high_52w,BHEL,2026-05-04,2026-05-05,378.6785,2026-05-26,416.4067,TIME,2,75.4566,19.2815,56.175,0.074011,-0.030271,0.108055,16,False
high_52w,STLTECH,2026-05-04,2026-05-05,316.8,2026-05-08,375.95,TARGET,3,177.4501,20.3043,157.1457,0.164986,0.0,0.186711,4,False
high_52w,ASTERDM,2026-05-04,2026-05-05,750.0,2026-05-12,730.35,MOMENTUM_FAIL,1,-19.65,19.0568,-38.7069,-0.051497,-0.039133,0.0,6,False
high_52w,CESC,2026-05-04,2026-05-05,191.892,2026-05-06,178.4596,STOP,5,-67.1622,19.8445,-87.0067,-0.090485,-0.085427,0.0,2,False
high_52w,CEMPRO,2026-05-04,2026-05-05,928.2745,2026-05-18,863.2953,STOP,1,-64.9792,19.7173,-84.6965,-0.091042,-0.113523,0.056036,10,False
high_52w,BANDHANBNK,2026-05-04,2026-05-05,204.6362,2026-05-12,194.3851,MOMENTUM_FAIL,4,-41.0045,19.3028,-60.3073,-0.073515,-0.05305,0.020445,6,False
high_52w,VTL,2026-05-04,2026-05-05,623.7107,2026-05-08,580.051,STOP,1,-43.6597,18.4747,-62.1344,-0.099403,-0.106041,0.028617,4,False
high_52w,BBOX,2026-05-04,2026-05-05,657.6588,2026-05-11,775.4701,TARGET,1,117.8113,18.9468,98.8645,0.15,0.0,0.217827,5,False
high_52w,ADANIPOWER,2026-05-04,2026-05-05,227.97,2026-05-12,209.63,MOMENTUM_FAIL,4,-73.36,19.631,-92.991,-0.101755,-0.087468,0.024126,6,False
high_52w,STLTECH,2026-05-11,2026-05-12,399.0,2026-05-26,486.35,TARGET,2,174.7,19.6552,155.0448,0.193868,-0.044737,0.218922,11,False
high_52w,BBOX,2026-05-11,2026-05-12,792.7258,2026-05-18,931.4544,TARGET,1,138.7286,19.5597,119.1688,0.15,0.0,0.216931,5,False
high_52w,HFCL,2026-05-11,2026-05-12,150.3995,2026-05-18,139.8715,STOP,6,-63.1678,19.6117,-82.7795,-0.091533,-0.089278,0.03162,5,False
high_52w,MARICO,2026-05-11,2026-05-12,838.1671,2026-05-19,827.6651,MOMENTUM_FAIL,1,-10.502,19.4477,-29.9497,-0.035654,-0.019952,0.006829,6,False
high_52w,NLCINDIA,2026-05-11,2026-05-12,329.6906,2026-05-12,306.6122,STOP,3,-69.235,19.9653,-89.2004,-0.089989,0.0,0.0,1,False
high_52w,GRANULES,2026-05-11,2026-05-12,752.4326,2026-05-19,764.8568,MOMENTUM_FAIL,1,12.4241,19.1324,-6.7083,-0.008896,-0.043568,0.025464,6,False
high_52w,BBOX,2026-05-18,2026-05-19,938.728,2026-06-05,1100.0673,TARGET,1,161.3393,20.2223,141.117,0.15,-0.036117,0.173404,13,False
high_52w,TDPOWERSYS,2026-05-18,2026-05-19,629.3853,2026-06-10,585.3284,STOP,1,-44.057,18.4978,-62.5548,-0.099174,-0.094444,0.094921,16,False
high_52w,MARICO,2026-05-18,2026-05-19,826.2217,2026-05-26,826.2217,MOMENTUM_FAIL,1,-0.0,19.4187,-19.4187,-0.023452,-0.021687,0.019096,6,False
high_52w,ASTERDM,2026-05-18,2026-05-19,759.0,2026-05-26,757.6,MOMENTUM_FAIL,1,-1.4,19.132,-20.532,-0.026992,-0.022398,0.023123,6,False
high_52w,BIOCON,2026-05-18,2026-05-19,426.49,2026-05-26,435.629,MOMENTUM_FAIL,2,18.2781,19.5689,-1.2907,-0.00151,-0.012295,0.031382,6,False
high_52w,HFCL,2026-05-25,2026-05-26,163.2175,2026-06-02,191.1547,TARGET,6,167.6233,20.4064,147.2169,0.15,-0.013344,0.171513,5,False
high_52w,BHEL,2026-05-25,2026-05-26,418.1511,2026-06-03,404.9936,MOMENTUM_FAIL,2,-26.3151,19.4077,-45.7228,-0.054553,-0.05292,0.012872,6,False
high_52w,IDEA,2026-05-25,2026-05-26,14.09,2026-06-17,14.92,TIME,70,58.1,20.2129,37.8871,0.03833,-0.02555,0.088715,16,False
high_52w,ANGELONE,2026-05-25,2026-05-26,345.9302,2026-06-03,333.7179,MOMENTUM_FAIL,2,-24.4245,18.8016,-43.2261,-0.062342,-0.055908,0.009366,6,False
high_52w,MANAPPURAM,2026-05-25,2026-05-26,324.7169,2026-06-03,311.0562,MOMENTUM_FAIL,3,-40.9822,19.9599,-60.9421,-0.062423,-0.078458,0.020267,6,False
high_52w,ADANIPOWER,2026-05-25,2026-05-26,234.25,2026-06-11,217.8525,STOP,4,-65.59,19.7529,-85.3429,-0.090882,-0.083031,0.085165,12,False
high_52w,BBOX,2026-05-25,2026-05-26,978.6738,2026-05-26,910.1667,STOP,1,-68.5072,19.9229,-88.4301,-0.09016,0.0,0.0,1,False
high_52w,NSLNISP,2026-06-01,2026-06-02,50.7,2026-06-10,47.151,STOP,19,-67.431,19.8602,-87.2912,-0.090419,-0.071006,0.050296,7,False
high_52w,NATIONALUM,2026-06-01,2026-06-02,434.8947,2026-06-05,404.452,STOP,2,-60.8853,19.4787,-80.3639,-0.092193,-0.102064,0.013647,4,False
high_52w,NMDC,2026-06-01,2026-06-02,91.5468,2026-06-23,85.1386,STOP,10,-64.0828,19.665,-83.7478,-0.091281,-0.093976,0.050652,16,False
high_52w,J&KBANK,2026-06-01,2026-06-02,141.67,2026-06-18,165.8902,TARGET,7,169.5413,20.4626,149.0787,0.15,0.0,0.179855,13,False
high_52w,MINDACORP,2026-06-01,2026-06-02,617.3057,2026-06-23,666.0508,TIME,1,48.7452,18.6358,30.1094,0.048669,0.0,0.100081,16,False
high_52w,BANDHANBNK,2026-06-01,2026-06-02,203.3276,2026-06-09,205.1617,MOMENTUM_FAIL,4,7.3365,19.3791,-12.0426,-0.014775,-0.019942,0.02121,6,False
high_52w,CUPID,2026-06-08,2026-06-09,141.34,2026-06-17,165.5091,TARGET,7,169.1836,20.4521,148.7314,0.15,0.0,0.209849,7,False
high_52w,KIMS,2026-06-08,2026-06-09,806.0,2026-06-16,778.65,MOMENTUM_FAIL,1,-27.35,19.2776,-46.6276,-0.057724,-0.056948,0.0,6,False
high_52w,FEDERALBNK,2026-06-08,2026-06-09,305.6558,2026-06-16,319.5085,MOMENTUM_FAIL,3,41.5581,19.8865,21.6716,0.023582,0.0,0.046951,6,False
high_52w,TATATECH,2026-06-08,2026-06-09,768.2024,2026-06-16,758.3044,MOMENTUM_FAIL,1,-9.898,19.1535,-29.0515,-0.037735,-0.069423,0.0,6,False
high_52w,ASTERDM,2026-06-08,2026-06-09,770.0,2026-07-01,776.0,TIME,1,6.0,19.1935,-13.1935,-0.017097,-0.020519,0.086364,16,False
high_52w,J&KBANK,2026-06-08,2026-06-09,148.3,2026-07-01,156.2,TIME,6,47.4,19.7837,27.6163,0.030969,0.0,0.127107,16,False
high_52w,ACMESOLAR,2026-06-08,2026-06-09,352.25,2026-06-16,339.65,MOMENTUM_FAIL,2,-25.2,18.8534,-44.0534,-0.062395,-0.054649,0.002271,6,False
high_52w,HONASA,2026-06-08,2026-06-09,412.631,2026-07-01,463.6135,TIME,2,101.9651,19.6223,82.3429,0.09956,-0.040944,0.140053,16,False
high_52w,IFCI,2026-06-15,2026-06-16,89.6,2026-06-18,83.328,STOP,11,-68.992,19.9512,-88.9432,-0.090046,-0.100335,0.069196,3,False
high_52w,CUPID,2026-06-15,2026-06-16,164.1,2026-06-16,152.613,STOP,6,-68.922,19.9471,-88.8691,-0.090062,0.0,0.0,1,False
high_52w,MAHABANK,2026-06-15,2026-06-16,89.9,2026-06-23,87.89,MOMENTUM_FAIL,11,-22.11,20.0606,-42.1706,-0.042551,-0.030812,0.01446,6,False
high_52w,RBLBANK,2026-06-15,2026-06-16,373.0342,2026-06-23,370.2913,MOMENTUM_FAIL,2,-5.4858,19.0691,-24.5549,-0.032841,-0.022594,0.020588,6,False
high_52w,AEGISLOG,2026-06-15,2026-06-16,976.8449,2026-06-25,1144.0872,TARGET,1,167.2423,20.3952,146.8471,0.15,-0.000509,0.175755,8,False
high_52w,BELRISE,2026-06-15,2026-06-16,238.8325,2026-06-23,241.4861,MOMENTUM_FAIL,4,10.6143,19.9854,-9.3711,-0.009788,-0.017877,0.042521,6,False
high_52w,J&KBANK,2026-06-15,2026-06-16,161.0,2026-06-23,160.2,MOMENTUM_FAIL,6,-4.8,19.9991,-24.7991,-0.025616,-0.012422,0.038199,6,False
high_52w,ANGELONE,2026-06-15,2026-06-16,351.9117,2026-06-23,341.0453,MOMENTUM_FAIL,2,-21.7327,18.8576,-40.5903,-0.057545,-0.039518,0.021105,6,False
high_52w,CGCL,2026-06-15,2026-06-16,215.841,2026-06-23,217.5697,MOMENTUM_FAIL,4,6.9149,19.5896,-12.6747,-0.014649,-0.007639,0.04625,6,False
high_52w,MINDACORP,2026-06-15,2026-06-16,669.2473,2026-06-23,666.0508,MOMENTUM_FAIL,1,-3.1964,18.7494,-21.9458,-0.03272,-0.044552,0.00291,6,False
high_52w,FEDERALBNK,2026-06-15,2026-06-16,316.4688,2026-06-23,318.8108,MOMENTUM_FAIL,3,7.026,19.9531,-12.9271,-0.013586,0.0,0.023146,6,False
high_52w,VBL,2026-06-15,2026-06-16,542.7481,2026-06-22,504.7557,STOP,1,-37.9924,18.1444,-56.1367,-0.103205,-0.072237,0.022913,5,False
high_52w,ABCAPITAL,2026-06-22,2026-06-23,394.4,2026-07-01,393.15,MOMENTUM_FAIL,2,-2.5,19.2556,-21.7556,-0.02752,-0.03182,0.012551,6,False
high_52w,CUPID,2026-06-22,2026-06-23,180.5,2026-07-06,211.6458,TARGET,5,155.7288,20.0579,135.671,0.15,-0.034072,0.185596,9,False
high_52w,BELRISE,2026-06-22,2026-06-23,246.903,2026-07-01,236.4283,MOMENTUM_FAIL,4,-41.8987,20.0148,-61.9135,-0.062553,-0.052889,0.018182,6,False
high_52w,NYKAA,2026-06-22,2026-06-23,304.35,2026-07-01,308.65,MOMENTUM_FAIL,3,12.9,19.8116,-6.9116,-0.007553,-0.0138,0.028093,6,False
high_52w,HFCL,2026-06-22,2026-06-23,207.8558,2026-07-15,222.8718,TIME,4,60.0639,19.5629,40.5009,0.048606,-0.062725,0.1031,16,False
high_52w,ACMESOLAR,2026-06-29,2026-06-30,379.0,2026-07-21,373.1,TIME,2,-11.8,19.1066,-30.9066,-0.040685,-0.046174,0.051847,16,False
high_52w,ZYDUSWELL,2026-06-29,2026-06-30,566.7678,2026-07-21,592.25,TIME,1,25.4822,18.375,7.1071,0.012512,-0.026237,0.079543,16,False
high_52w,CUPID,2026-06-29,2026-06-30,189.75,2026-07-08,222.33,TARGET,5,162.9,20.2678,142.6323,0.150009,-0.067773,0.191041,7,False
high_52w,MAHABANK,2026-06-29,2026-06-30,93.65,2026-07-06,87.0945,STOP,10,-65.555,19.7508,-85.3058,-0.090891,-0.079979,0.0,5,False
high_52w,HONASA,2026-06-29,2026-06-30,441.7,2026-07-21,448.3088,TIME,2,13.2177,19.687,-6.4693,-0.007307,-0.001238,0.105524,16,False
high_52w,CUPID,2026-07-06,2026-07-07,217.0,2026-07-08,201.81,STOP,4,-60.76,19.4714,-80.2314,-0.092231,-0.184839,0.041475,2,False
high_52w,MANAPPURAM,2026-07-06,2026-07-07,343.6625,2026-07-14,327.1599,MOMENTUM_FAIL,2,-33.0052,18.765,-51.7702,-0.075157,-0.063543,0.001016,6,False
high_52w,CGCL,2026-07-06,2026-07-07,242.8211,2026-07-28,225.8236,STOP,4,-67.9899,19.8928,-87.8827,-0.090283,-0.071358,0.088601,16,False
high_52w,HFCL,2026-07-06,2026-07-07,224.7401,2026-07-09,209.0083,STOP,4,-62.9272,19.5977,-82.5249,-0.0916,-0.071749,0.0,3,False
high_52w,LTF,2026-07-06,2026-07-07,335.9,2026-07-09,312.387,STOP,2,-47.026,18.6709,-65.6969,-0.097579,-0.079488,0.0,3,False
high_52w,ABDL,2026-07-06,2026-07-07,708.7,2026-07-10,659.091,STOP,1,-49.609,18.8214,-68.4304,-0.096347,-0.089812,0.0,4,False
high_52w,GRANULES,2026-07-06,2026-07-07,848.9815,2026-07-28,843.6426,TIME,1,-5.3389,19.5039,-24.8428,-0.029198,-0.030973,0.069644,16,False
high_52w,ABCAPITAL,2026-07-06,2026-07-07,409.75,2026-07-14,399.25,MOMENTUM_FAIL,2,-21.0,19.3475,-40.3475,-0.049127,-0.062843,0.0,6,False
high_52w,DELHIVERY,2026-07-06,2026-07-07,520.05,2026-07-14,512.1,MOMENTUM_FAIL,1,-7.95,18.1097,-26.0597,-0.050001,-0.0424,0.007595,6,False
high_52w,JSWINFRA,2026-07-13,2026-07-14,350.95,2026-07-21,344.55,MOMENTUM_FAIL,2,-12.8,18.8677,-31.6677,-0.045019,-0.055136,0.001567,6,False
high_52w,AEGISVOPAK,2026-07-13,2026-07-14,302.83,2026-07-14,281.6319,STOP,3,-63.5943,19.6366,-83.2309,-0.091415,0.0,0.0,1,False
high_52w,WELSPUNLIV,2026-07-13,2026-07-14,174.14,2026-07-17,161.9502,STOP,5,-60.949,19.4824,-80.4314,-0.092174,-0.080625,0.0,4,False
high_52w,RBLBANK,2026-07-13,2026-07-14,378.4203,2026-07-21,366.2518,MOMENTUM_FAIL,2,-24.3369,19.0762,-43.4131,-0.057236,-0.054823,0.007775,6,False
high_52w,GRANULES,2026-07-13,2026-07-14,889.0979,2026-07-21,873.8796,MOMENTUM_FAIL,1,-15.2183,19.6532,-34.8715,-0.039136,-0.029912,0.021382,6,False
high_52w,FEDERALBNK,2026-07-13,2026-07-14,329.873,2026-08-04,361.216,TIME,3,94.0288,20.3001,73.7287,0.07434,-0.022961,0.122961,16,False
high_52w,NYKAA,2026-07-13,2026-07-14,327.25,2026-07-21,327.95,MOMENTUM_FAIL,3,2.1,20.0797,-17.9796,-0.018274,-0.020932,0.011306,6,False
high_52w,ABCAPITAL,2026-07-13,2026-07-14,404.0,2026-07-21,409.05,MOMENTUM_FAIL,2,10.1,19.3623,-9.2623,-0.011438,-0.024134,0.014604,6,False
high_52w,GMRAIRPORT,2026-07-13,2026-07-14,113.63,2026-07-21,111.48,MOMENTUM_FAIL,8,-17.2,19.7334,-36.9333,-0.04054,-0.038986,0.007656,6,False
high_52w,HSCL,2026-07-20,2026-07-21,771.0,2026-08-11,755.5,TIME,1,-15.5,19.1539,-34.6539,-0.044849,-0.046433,0.062257,16,False
high_52w,SONACOMS,2026-07-20,2026-07-21,723.0,2026-07-28,713.0,MOMENTUM_FAIL,1,-10.0,18.9625,-28.9625,-0.039971,-0.026072,0.025795,6,False
high_52w,EXIDEIND,2026-07-20,2026-07-21,436.0,2026-07-28,423.4,MOMENTUM_FAIL,2,-25.2,19.5607,-44.7607,-0.051219,-0.033028,0.038532,6,False
high_52w,FEDERALBNK,2026-07-20,2026-07-21,349.9046,2026-07-28,356.0337,MOMENTUM_FAIL,2,12.2581,18.9099,-6.6518,-0.009484,-0.003418,0.021646,6,False
high_52w,ZYDUSWELL,2026-07-20,2026-07-21,605.45,2026-07-23,563.0685,STOP,1,-42.3815,18.4002,-60.7817,-0.100172,-0.094558,0.0,3,False
high_52w,MANAPPURAM,2026-07-27,2026-07-28,355.9771,2026-08-18,346.6,TIME,2,-18.7542,18.898,-37.6522,-0.05277,-0.037157,0.068767,16,False
high_52w,FEDERALBNK,2026-07-27,2026-07-28,355.7845,2026-08-04,361.216,MOMENTUM_FAIL,2,10.8629,18.9567,-8.0938,-0.01135,-0.011625,0.041177,6,False
high_52w,KARURVYSYA,2026-07-27,2026-07-28,338.0,2026-08-04,341.45,MOMENTUM_FAIL,2,6.9,18.7984,-11.8984,-0.017563,0.0,0.040828,6,False
high_52w,MARICO,2026-07-27,2026-07-28,854.7413,2026-08-04,875.0,MOMENTUM_FAIL,1,20.2587,19.5804,0.6783,0.000792,-0.003032,0.040198,6,False
high_52w,RKFORGE,2026-08-03,2026-08-04,684.55,2026-08-25,721.1,TIME,1,36.55,18.8949,17.6551,0.025735,0.0,0.128917,16,False
high_52w,FEDERALBNK,2026-08-03,2026-08-04,363.3088,2026-08-11,353.3428,MOMENTUM_FAIL,2,-19.9319,18.9575,-38.8895,-0.053404,-0.037581,0.0,6,False
high_52w,REDINGTON,2026-08-03,2026-08-04,349.8,2026-08-11,354.55,MOMENTUM_FAIL,2,9.5,18.9034,-9.4034,-0.013412,-0.025014,0.042024,6,False
high_52w,ABCAPITAL,2026-08-03,2026-08-04,424.35,2026-08-11,407.15,MOMENTUM_FAIL,2,-34.4,19.4435,-53.8436,-0.063304,-0.055025,0.004713,6,False
high_52w,NYKAA,2026-08-03,2026-08-04,342.0,2026-08-11,325.0,MOMENTUM_FAIL,2,-34.0,18.7489,-52.7489,-0.07695,-0.062135,0.017544,6,False
high_52w,MINDACORP,2026-08-03,2026-08-04,731.1776,2026-08-11,720.6395,MOMENTUM_FAIL,1,-10.5381,18.9959,-29.534,-0.040304,-0.04276,0.025683,6,False
high_52w,SONACOMS,2026-08-03,2026-08-04,785.0,2026-08-25,808.8,TIME,1,23.8,19.2931,4.5069,0.005729,0.0,0.075159,16,False
high_52w,BALRAMCHIN,2026-08-03,2026-08-04,650.0,2026-08-11,627.8,MOMENTUM_FAIL,1,-22.2,18.6294,-40.8294,-0.062677,-0.056769,0.014077,6,False
high_52w,M&MFIN,2026-08-03,2026-08-04,399.65,2026-08-11,398.8,MOMENTUM_FAIL,2,-1.7,19.3015,-21.0016,-0.026218,-0.032028,0.038409,6,False
high_52w,KARURVYSYA,2026-08-03,2026-08-04,349.5,2026-08-11,334.2,MOMENTUM_FAIL,2,-30.6,18.8192,-49.4192,-0.070546,-0.055079,0.0,6,False
high_52w,RKFORGE,2026-08-10,2026-08-11,738.8,2026-08-18,754.35,MOMENTUM_FAIL,1,15.55,19.0812,-3.5312,-0.004769,-0.014145,0.028695,6,False
high_52w,M&MFIN,2026-08-10,2026-08-11,412.0,2026-08-18,386.2,MOMENTUM_FAIL,2,-51.6,19.3042,-70.9042,-0.085861,-0.072209,0.0,6,False
high_52w,PPLPHARMA,2026-08-10,2026-08-11,214.79,2026-08-18,210.53,MOMENTUM_FAIL,4,-17.04,19.5231,-36.563,-0.042464,-0.068392,0.010103,6,False
high_52w,BELRISE,2026-08-10,2026-08-11,253.2875,2026-08-17,235.5574,STOP,3,-53.1904,19.0302,-72.2206,-0.094837,-0.085033,0.056322,5,False
high_52w,JINDALSAW,2026-08-10,2026-08-11,277.55,2026-08-18,268.65,MOMENTUM_FAIL,3,-26.7,19.3915,-46.0914,-0.055234,-0.051883,0.0,6,False
high_52w,MINDACORP,2026-08-10,2026-08-11,737.2208,2026-08-18,745.25,MOMENTUM_FAIL,1,8.0292,19.0592,-11.03,-0.014929,-0.04268,0.043107,6,False
high_52w,TATATECH,2026-08-10,2026-08-11,879.05,2026-08-18,835.8,MOMENTUM_FAIL,1,-43.25,19.5537,-62.8037,-0.071289,-0.072635,0.0,6,False
high_52w,RBLBANK,2026-08-10,2026-08-11,389.9903,2026-08-18,383.0,MOMENTUM_FAIL,2,-13.9807,19.195,-33.1756,-0.042441,-0.034848,0.0,6,False
high_52w,TDPOWERSYS,2026-08-17,2026-08-18,774.5,2026-08-25,729.4,MOMENTUM_FAIL,1,-45.1,19.1085,-64.2084,-0.082722,-0.071659,0.025565,6,False
high_52w,ANTHEM,2026-08-17,2026-08-18,899.0,2026-08-25,874.7,MOMENTUM_FAIL,1,-24.3,19.6765,-43.9765,-0.04881,-0.033482,0.00178,6,False
high_52w,ELGIEQUIP,2026-08-17,2026-08-18,622.0,2026-08-25,610.25,MOMENTUM_FAIL,1,-11.75,18.5324,-30.2824,-0.048579,-0.025322,0.03537,6,False
high_52w,RKFORGE,2026-08-17,2026-08-18,756.35,2026-08-25,721.1,MOMENTUM_FAIL,1,-35.25,19.0519,-54.3019,-0.071638,-0.052158,0.021749,6,False
high_52w,BALRAMCHIN,2026-08-17,2026-08-18,657.7,2026-08-20,775.5177,TARGET,1,117.8177,18.947,98.8707,0.15,-0.014748,0.187395,3,False
high_52w,HFCL,2026-08-24,2026-08-25,239.4763,2026-09-03,222.713,STOP,4,-67.0534,19.8382,-86.8915,-0.090512,-0.09199,0.070922,8,False
high_52w,IIFL,2026-08-24,2026-08-25,667.0,2026-08-28,620.31,STOP,1,-46.69,18.6513,-65.3413,-0.097749,-0.077961,0.006747,4,False
high_52w,AARTIIND,2026-08-24,2026-08-25,542.0724,2026-09-01,523.8087,MOMENTUM_FAIL,1,-18.2637,18.1817,-36.4454,-0.067087,-0.04612,0.005063,6,False
high_52w,REDINGTON,2026-08-24,2026-08-25,365.9,2026-09-01,349.6,MOMENTUM_FAIL,2,-32.6,18.9536,-51.5536,-0.070294,-0.051517,0.034436,6,False
high_52w,ACMESOLAR,2026-08-24,2026-08-25,404.0,2026-09-01,403.7,MOMENTUM_FAIL,2,-0.6,19.3405,-19.9405,-0.024625,-0.068564,0.017327,6,False
high_52w,WELSPUNLIV,2026-08-24,2026-08-25,191.0,2026-09-16,202.82,TIME,5,59.1,20.0828,39.0173,0.040767,-0.019319,0.13089,16,False
high_52w,RBLBANK,2026-08-24,2026-08-25,387.65,2026-09-01,380.5,MOMENTUM_FAIL,2,-14.3,19.1745,-33.4745,-0.043082,-0.02541,0.0,6,False
high_52w,NYKAA,2026-08-31,2026-09-01,347.15,2026-09-08,341.0,MOMENTUM_FAIL,2,-12.3,18.8366,-31.1366,-0.044748,-0.050122,0.0,6,False
high_52w,WELSPUNLIV,2026-08-31,2026-09-01,196.2,2026-09-23,229.7772,TARGET,5,167.8858,20.4141,147.4717,0.15,-0.003058,0.187564,16,False
high_52w,STLTECH,2026-08-31,2026-09-01,738.0,2026-09-02,680.1,GAP_STOP,1,-57.9,18.9283,-76.8283,-0.103876,-0.098238,0.0,2,False
high_52w,BHEL,2026-08-31,2026-09-01,437.25,2026-09-08,422.15,MOMENTUM_FAIL,2,-30.2,19.561,-49.7611,-0.056778,-0.045512,0.00446,6,False
high_52w,IDEA,2026-09-07,2026-09-08,15.58,2026-09-15,14.4894,STOP,64,-69.7984,19.9982,-89.7966,-0.089859,-0.073813,0.013479,5,False
high_52w,WELSPUNLIV,2026-09-07,2026-09-08,212.0,2026-09-16,202.82,MOMENTUM_FAIL,4,-36.72,19.4359,-56.1558,-0.066077,-0.076887,0.012736,6,False
high_52w,REDINGTON,2026-09-07,2026-09-08,379.0,2026-09-30,407.0,TIME,2,56.0,19.2446,36.7554,0.048384,-0.02058,0.10686,16,False
high_52w,PPLPHARMA,2026-09-07,2026-09-08,220.65,2026-09-15,205.2045,STOP,4,-61.782,19.5309,-81.3129,-0.091928,-0.08203,0.032178,5,False
high_52w,ELGIEQUIP,2026-09-07,2026-09-08,644.9,2026-09-16,592.5,MOMENTUM_FAIL,1,-52.4,18.5464,-70.9464,-0.109771,-0.084974,0.001551,6,False
high_52w,RBLBANK,2026-09-07,2026-09-08,413.0,2026-09-16,404.0,MOMENTUM_FAIL,2,-18.0,19.3811,-37.3811,-0.045157,-0.041283,0.017918,6,False
high_52w,NIACL,2026-09-07,2026-09-08,231.2,2026-09-08,215.016,STOP,4,-64.736,19.7031,-84.4391,-0.091106,0.0,0.0,1,False
high_52w,CUB,2026-09-07,2026-09-08,238.6,2026-09-16,227.24,MOMENTUM_FAIL,4,-45.44,19.8674,-65.3074,-0.068278,-0.092959,0.0,6,False
high_52w,IDFCFIRSTB,2026-09-07,2026-09-08,86.44,2026-09-16,85.01,MOMENTUM_FAIL,11,-15.73,19.9128,-35.6428,-0.037404,-0.021171,0.011106,6,False
high_52w,ACMESOLAR,2026-09-15,2026-09-16,419.45,2026-10-08,420.4,TIME,2,1.9,19.4761,-17.5761,-0.020906,-0.038264,0.136965,16,False
high_52w,EMBASSY,2026-09-15,2026-09-16,439.95,2026-09-23,437.44,MOMENTUM_FAIL,2,-5.02,19.6351,-24.6551,-0.027959,-0.008478,0.015115,6,False
high_52w,AEGISVOPAK,2026-09-15,2026-09-16,305.0,2026-09-24,283.65,STOP,3,-64.05,19.6631,-83.7131,-0.09129,-0.070164,0.052295,7,False
high_52w,ANTHEM,2026-09-15,2026-09-16,939.95,2026-09-23,881.9,MOMENTUM_FAIL,1,-58.05,19.7807,-77.8307,-0.082622,-0.064844,0.013777,6,False
high_52w,NYKAA,2026-09-15,2026-09-16,336.2,2026-09-23,340.85,MOMENTUM_FAIL,2,9.3,18.7881,-9.4881,-0.01408,-0.040155,0.013831,6,False
high_52w,RBLBANK,2026-09-15,2026-09-16,404.8,2026-10-08,400.7,TIME,2,-8.2,19.3318,-27.5318,-0.033932,-0.010128,0.061265,16,False
high_52w,IDFCFIRSTB,2026-09-15,2026-09-16,84.61,2026-09-29,78.6873,STOP,11,-65.1497,19.7272,-84.8769,-0.090997,-0.071032,0.059095,10,False
high_52w,GRANULES,2026-09-15,2026-09-16,869.0,2026-09-23,860.25,MOMENTUM_FAIL,1,-8.75,19.5815,-28.3315,-0.032531,-0.035443,0.024626,6,False
high_52w,CUPID,2026-09-15,2026-09-16,284.5,2026-09-18,264.585,STOP,3,-59.745,19.4122,-79.1572,-0.092542,-0.117399,0.0,3,False
high_52w,STLTECH,2026-09-15,2026-09-16,809.95,2026-10-01,955.35,TARGET,1,145.4,19.646,125.7539,0.154923,-0.032842,0.179517,12,False
high_52w,ACMESOLAR,2026-09-21,2026-09-22,460.0,2026-09-29,437.95,MOMENTUM_FAIL,2,-44.1,19.7249,-63.8248,-0.069223,-0.069783,0.035652,6,False
high_52w,USHAMART,2026-09-21,2026-09-22,541.0,2026-09-28,503.13,STOP,1,-37.87,18.1372,-56.0072,-0.1033,-0.072643,0.0,5,False
high_52w,AEGISVOPAK,2026-09-21,2026-09-22,320.85,2026-09-22,298.3905,STOP,3,-67.3785,19.8571,-87.2356,-0.090432,0.0,0.0,1,False
high_52w,WELSPUNLIV,2026-09-21,2026-09-22,215.4,2026-10-09,223.75,TIME,4,33.4,19.6361,13.7639,0.01594,0.0,0.13974,13,False
high_52w,ENGINERSIN,2026-09-21,2026-09-22,284.3592,2026-10-09,293.1,TIME,3,26.2223,19.5855,6.6368,0.007763,-0.023243,0.13026,13,False
high_52w,CASTROLIND,2026-09-28,2026-09-29,200.2,2026-10-07,197.15,MOMENTUM_FAIL,4,-12.2,19.2865,-31.4865,-0.039233,-0.022228,0.012737,6,False
high_52w,ENGINERSIN,2026-09-28,2026-09-29,310.1,2026-10-07,308.3,MOMENTUM_FAIL,3,-5.4,19.8472,-25.2472,-0.02708,-0.022735,0.034505,6,False
high_52w,WELSPUNLIV,2026-09-28,2026-09-29,226.21,2026-10-09,223.75,TIME,4,-9.84,19.7306,-29.5706,-0.032609,-0.027408,0.085275,8,False
high_52w,EMBASSY,2026-09-28,2026-09-29,435.7,2026-10-07,435.3,MOMENTUM_FAIL,2,-0.8,19.6078,-20.4079,-0.023369,-0.023755,0.009869,6,False
high_52w,REDINGTON,2026-09-28,2026-09-29,404.75,2026-10-07,406.5,MOMENTUM_FAIL,2,3.5,19.3552,-15.8552,-0.019544,-0.030266,0.031254,6,False
high_52w,LICHSGFIN,2026-09-28,2026-09-29,564.55,2026-10-01,525.0315,STOP,1,-39.5185,18.2333,-57.7518,-0.102074,-0.115667,0.000797,3,False
high_52w,ABDL,2026-09-28,2026-09-29,719.85,2026-10-07,694.25,MOMENTUM_FAIL,1,-25.6,18.9174,-44.5174,-0.061708,-0.063763,0.012711,6,False
high_52w,SONACOMS,2026-09-28,2026-09-29,808.0,2026-10-07,810.5,MOMENTUM_FAIL,1,2.5,19.3468,-16.8468,-0.020805,-0.030136,0.035891,6,False
high_52w,TDPOWERSYS,2026-10-05,2026-10-06,810.0,2026-10-09,793.75,TIME,1,-16.25,19.3171,-35.5671,-0.043814,-0.04463,0.032099,4,False
high_52w,CUPID,2026-10-05,2026-10-06,310.95,2026-10-09,364.4263,TARGET,3,160.429,20.1956,140.2334,0.15,0.0,0.18347,4,False
high_52w,REDINGTON,2026-10-05,2026-10-06,414.0,2026-10-08,385.02,STOP,2,-57.96,19.3082,-77.2682,-0.093115,-0.070531,0.0,3,False
high_52w,CASTROLIND,2026-10-05,2026-10-06,199.99,2026-10-09,194.67,TIME,4,-21.28,19.2645,-40.5445,-0.050573,-0.032002,0.00295,4,False
high_52w,NYKAA,2026-10-05,2026-10-06,339.5,2026-10-09,343.0,TIME,2,7.0,18.8113,-11.8113,-0.017357,-0.021208,0.020471,4,False
high_52w,RBLBANK,2026-10-05,2026-10-06,416.95,2026-10-09,418.0,TIME,2,2.1,19.4554,-17.3554,-0.020767,-0.040652,0.005756,4,False
high_52w,BHEL,2026-10-05,2026-10-06,429.0,2026-10-09,433.6,TIME,2,9.2,19.5716,-10.3716,-0.012062,-0.019464,0.062821,4,False
high_52w,ENGINERSIN,2026-10-05,2026-10-06,309.0,2026-10-08,287.37,STOP,3,-64.89,19.7121,-84.6021,-0.091065,-0.101133,0.023139,3,False
high_52w,INDHOTEL,2026-10-05,2026-10-06,720.3,2026-10-09,715.65,TIME,1,-4.65,18.962,-23.612,-0.032709,-0.014647,0.031515,4,False
high_52w,JSWINFRA,2026-10-05,2026-10-06,361.5,2026-10-08,336.195,STOP,2,-50.61,18.8798,-69.4898,-0.095903,-0.083126,0.011757,3,False
