strategy,symbol,signal_date,entry_date,entry_px,exit_date,exit_px,exit_reason,shares,gross_pnl,costs,net_pnl,net_pnl_pct,mae,mfe,sessions_held,ambiguous
momentum_top,COFORGE,2018-04-02,2018-04-03,159.9754,2018-04-10,160.8834,MOMENTUM_FAIL,6,5.4485,19.994,-14.5455,-0.015121,-0.0214,0.035364,6,False
momentum_top,HEGAM,2018-04-02,2018-04-03,542.1713,2018-04-04,504.2194,STOP,1,-37.952,18.142,-56.094,-0.103236,-0.142648,0.009016,2,False
momentum_top,FSL,2018-04-02,2018-04-03,42.3205,2018-04-24,46.5061,TIME,23,96.2675,20.236,76.0315,0.077941,-0.005495,0.138278,16,False
momentum_top,JUBLFOOD,2018-04-02,2018-04-03,231.583,2018-04-24,239.4409,TIME,4,31.4319,19.9054,11.5265,0.012416,-0.030215,0.072086,16,False
momentum_top,GPIL,2018-04-02,2018-04-03,111.3623,2018-04-06,130.6039,TARGET,8,153.9322,20.0052,133.927,0.15,0.0,0.229424,4,False
momentum_top,TECHM,2018-04-02,2018-04-03,469.5075,2018-04-10,462.0943,MOMENTUM_FAIL,2,-14.8264,19.8648,-34.6911,-0.036864,-0.052239,0.0,6,False
momentum_top,ASHOKLEY,2018-04-02,2018-04-03,62.2365,2018-04-10,61.1218,MOMENTUM_FAIL,16,-17.836,20.0983,-37.9343,-0.038012,-0.032106,0.017911,6,False
momentum_top,HDFCLIFE,2018-04-02,2018-04-03,473.6777,2018-04-24,488.0894,TIME,2,28.8234,19.9889,8.8345,0.009305,0.0,0.054043,16,False
momentum_top,ACE,2018-04-02,2018-04-03,166.0839,2018-04-24,194.465,TARGET,6,170.2867,20.4844,149.8023,0.15,-0.016279,0.1875,16,False
momentum_top,RADICO,2018-04-02,2018-04-03,349.3223,2018-04-19,411.4016,TARGET,2,124.1586,19.1328,105.0258,0.15,-0.015782,0.1919,13,False
momentum_top,BSOFT,2018-04-02,2018-04-03,120.4824,2018-04-10,119.3478,MOMENTUM_FAIL,8,-9.0765,19.9814,-29.0579,-0.030082,-0.021973,0.017713,6,False
momentum_top,CYIENT,2018-04-02,2018-04-03,562.3083,2018-04-05,522.9467,STOP,1,-39.3616,18.2242,-57.5857,-0.102186,-0.07954,0.0,3,False
momentum_top,PCBL,2018-04-02,2018-04-03,88.3437,2018-04-13,82.1596,STOP,11,-68.0247,19.8948,-87.9194,-0.090275,-0.071552,0.06638,9,False
momentum_top,IDBI,2018-04-02,2018-04-03,67.3352,2018-04-20,62.6217,STOP,14,-65.9885,19.7761,-85.7646,-0.09078,-0.07449,0.052003,14,False
momentum_top,ZYDUSWELL,2018-04-02,2018-04-03,235.0237,2018-04-10,233.499,MOMENTUM_FAIL,4,-6.0989,19.8871,-25.986,-0.027582,-0.02686,0.024752,6,False
momentum_top,NIACL,2018-04-02,2018-04-03,324.1805,2018-04-10,314.4798,MOMENTUM_FAIL,3,-29.102,19.9773,-49.0792,-0.050355,-0.039635,0.005611,6,False
momentum_top,INDHOTEL,2018-04-02,2018-04-03,127.3787,2018-04-10,127.0026,MOMENTUM_FAIL,7,-2.6332,19.6896,-22.3227,-0.024981,-0.009597,0.046142,6,False
momentum_top,FSL,2018-04-09,2018-04-10,43.8707,2018-04-17,44.7621,MOMENTUM_FAIL,22,19.6101,20.0453,-0.4352,-0.00045,-0.023852,0.031802,6,False
momentum_top,JUBLFOOD,2018-04-09,2018-04-10,240.9714,2018-04-17,245.9347,MOMENTUM_FAIL,4,19.8529,20.0404,-0.1875,-0.000194,-0.015929,0.030317,6,False
momentum_top,COFORGE,2018-04-09,2018-04-10,160.5384,2018-04-23,188.0607,TARGET,6,165.1338,20.3334,144.8004,0.15,-0.001867,0.231461,10,False
momentum_top,MPHASIS,2018-04-09,2018-04-10,722.8654,2018-04-17,719.5867,MOMENTUM_FAIL,1,-3.2787,18.9756,-22.2543,-0.030719,-0.018253,0.036562,6,False
momentum_top,GPIL,2018-04-09,2018-04-10,130.7281,2018-05-02,130.5942,TIME,7,-0.9372,19.792,-20.7293,-0.022603,-0.036313,0.102421,16,False
momentum_top,RADICO,2018-04-09,2018-04-10,364.8857,2018-04-20,429.3752,TARGET,2,128.9791,19.2741,109.705,0.15,-0.030485,0.208718,9,False
momentum_top,CHOLAFIN,2018-04-09,2018-04-10,299.4886,2018-04-17,309.4608,MOMENTUM_FAIL,3,29.9166,19.7846,10.132,0.011252,-0.007259,0.03831,6,False
momentum_top,IDBI,2018-04-09,2018-04-10,70.7895,2018-04-17,67.2405,MOMENTUM_FAIL,14,-49.6851,20.0135,-69.6986,-0.070174,-0.066176,0.0,6,False
momentum_top,HDFCLIFE,2018-04-09,2018-04-10,483.5949,2018-04-17,480.0287,MOMENTUM_FAIL,2,-7.1325,19.9994,-27.1319,-0.027991,-0.018083,0.02576,6,False
momentum_top,ZYDUSWELL,2018-04-09,2018-04-10,238.3257,2018-04-17,233.1494,MOMENTUM_FAIL,4,-20.7053,19.9131,-40.6185,-0.042515,-0.04238,0.0,6,False
momentum_top,ESCORTS,2018-04-09,2018-04-10,862.8326,2018-05-02,936.9171,TIME,1,74.0845,19.7241,54.3604,0.062865,-0.024791,0.118844,16,False
momentum_top,ACE,2018-04-09,2018-04-10,175.1605,2018-04-17,166.4218,MOMENTUM_FAIL,5,-43.6936,19.5391,-63.2326,-0.072042,-0.067255,0.003308,6,False
momentum_top,TECHM,2018-04-09,2018-04-10,458.0004,2018-04-23,536.9102,TARGET,2,157.8196,20.1191,137.7005,0.15,-0.000403,0.174907,10,False
momentum_top,IPCALAB,2018-04-09,2018-04-10,332.2297,2018-05-02,355.229,TIME,3,68.998,20.279,48.7191,0.048774,-0.027165,0.109975,16,False
momentum_top,ASHOKLEY,2018-04-09,2018-04-10,61.7948,2018-04-17,62.8465,MOMENTUM_FAIL,16,16.8263,20.1391,-3.3128,-0.003343,-0.019061,0.038121,6,False
momentum_top,HEGAM,2018-04-09,2018-04-10,497.4611,2018-04-17,463.0335,MOMENTUM_FAIL,2,-68.8551,19.9908,-88.8459,-0.089105,-0.075095,0.0,6,False
momentum_top,KEI,2018-04-09,2018-04-10,424.8144,2018-05-02,427.8977,TIME,2,6.1665,19.5301,-13.3635,-0.015694,-0.030876,0.087327,16,False
momentum_top,JUBLFOOD,2018-04-16,2018-04-17,243.6218,2018-04-24,239.4409,MOMENTUM_FAIL,4,-16.7232,20.0107,-36.7339,-0.037613,-0.027879,0.016499,6,False
momentum_top,COFORGE,2018-04-16,2018-04-17,165.9868,2018-04-23,194.3529,TARGET,6,170.1965,20.4818,149.7147,0.15,0.0,0.191039,5,False
momentum_top,FSL,2018-04-16,2018-04-17,45.1109,2018-05-09,52.8226,TARGET,22,169.6574,20.466,149.1914,0.15,-0.024914,0.280069,16,False
momentum_top,IPCALAB,2018-04-16,2018-04-17,345.4762,2018-04-24,356.4907,MOMENTUM_FAIL,2,22.029,18.8924,3.1366,0.00453,-0.040731,0.04073,6,False
momentum_top,TECHM,2018-04-16,2018-04-17,494.956,2018-05-09,482.49,TIME,2,-24.9321,20.0591,-44.9912,-0.045351,-0.05149,0.087183,16,False
momentum_top,ESCORTS,2018-04-16,2018-04-17,927.7158,2018-04-24,891.4798,MOMENTUM_FAIL,1,-36.236,19.7735,-56.0095,-0.060242,-0.041871,0.002914,6,False
momentum_top,CHOLAFIN,2018-04-16,2018-04-17,307.6477,2018-05-09,312.3365,TIME,3,14.0663,19.8557,-5.7894,-0.006259,-0.017269,0.115368,16,False
momentum_top,ASHOKLEY,2018-04-16,2018-04-17,63.7719,2018-05-09,68.1889,TIME,15,66.2539,20.104,46.1499,0.048139,-0.023417,0.104881,16,False
momentum_top,MPHASIS,2018-04-16,2018-04-17,723.5051,2018-05-09,791.4374,TIME,1,67.9323,19.1233,48.8091,0.067315,-0.026969,0.171594,16,False
momentum_top,RADICO,2018-04-16,2018-04-17,377.6194,2018-05-03,351.186,STOP,2,-52.8667,19.0113,-71.878,-0.094965,-0.124031,0.167959,12,False
momentum_top,BIOCON,2018-04-16,2018-04-17,310.3284,2018-05-09,308.2103,TIME,3,-6.3544,19.8481,-26.2025,-0.028084,-0.02754,0.076032,16,False
momentum_top,GPIL,2018-04-16,2018-04-17,141.9751,2018-04-23,132.0369,STOP,7,-69.5678,19.9847,-89.5525,-0.089912,-0.082647,0.003001,5,False
momentum_top,PIDILITIND,2018-04-16,2018-04-17,495.813,2018-04-24,509.3966,MOMENTUM_FAIL,2,27.1671,20.1724,6.9947,0.007038,0.0,0.040493,6,False
momentum_top,IDBI,2018-04-16,2018-04-17,68.1396,2018-04-20,63.3698,STOP,14,-66.7768,19.8221,-86.5988,-0.090581,-0.085417,0.0,4,False
momentum_top,BSOFT,2018-04-16,2018-04-17,123.7241,2018-05-09,140.932,TIME,8,137.6633,20.3897,117.2736,0.118225,-0.002183,0.161572,16,False
momentum_top,FSL,2018-04-23,2018-04-24,47.2812,2018-05-09,55.3635,TARGET,21,169.7294,20.4681,149.2613,0.15,-0.048361,0.221311,11,False
momentum_top,COFORGE,2018-04-23,2018-04-24,189.5059,2018-05-16,195.5718,TIME,5,30.3296,19.9927,10.337,0.010886,-0.059562,0.142364,16,False
momentum_top,ASHOKLEY,2018-04-23,2018-04-24,67.2634,2018-05-02,67.9154,MOMENTUM_FAIL,14,9.1284,19.9248,-10.7965,-0.01144,-0.009381,0.040338,6,False
momentum_top,CHOLAFIN,2018-04-23,2018-04-24,332.7976,2018-05-02,333.4702,MOMENTUM_FAIL,2,1.3452,18.7432,-17.3979,-0.026082,-0.04382,0.031078,6,False
momentum_top,CHAMBLFERT,2018-04-23,2018-04-24,163.1376,2018-05-08,151.718,STOP,6,-68.5178,19.9235,-88.4413,-0.090157,-0.08828,0.053068,10,False
momentum_top,TECHM,2018-04-23,2018-04-24,512.6593,2018-05-02,488.7229,MOMENTUM_FAIL,1,-23.9364,18.0459,-41.9823,-0.081713,-0.056835,0.007122,6,False
momentum_top,BSOFT,2018-04-23,2018-04-24,133.179,2018-05-16,140.932,TIME,7,54.271,19.9769,34.2941,0.036706,-0.026369,0.079107,16,False
momentum_top,IPCALAB,2018-04-23,2018-04-24,349.3094,2018-05-16,342.9045,TIME,2,-12.8098,18.8538,-31.6636,-0.045224,-0.041534,0.055702,16,False
momentum_top,ESCORTS,2018-04-23,2018-04-24,910.6412,2018-05-16,907.5585,TIME,1,-3.0827,19.7689,-22.8516,-0.025039,-0.030937,0.060104,16,False
momentum_top,KEC,2018-04-23,2018-04-24,399.5253,2018-04-26,371.5585,STOP,2,-55.9335,19.1901,-75.1236,-0.093811,-0.090698,0.0,3,False
momentum_top,PIDILITIND,2018-04-23,2018-04-24,509.6831,2018-05-02,526.5611,MOMENTUM_FAIL,1,16.878,18.1165,-1.2385,-0.002425,-0.008618,0.039813,6,False
momentum_top,NATIONALUM,2018-04-23,2018-04-24,49.8686,2018-05-02,50.1843,MOMENTUM_FAIL,20,6.3127,20.1542,-13.8415,-0.013848,-0.035443,0.04557,6,False
momentum_top,AARTIIND,2018-04-23,2018-04-24,311.4628,2018-05-02,313.6691,MOMENTUM_FAIL,3,6.6189,19.8889,-13.2699,-0.014171,-0.015151,0.028902,6,False
momentum_top,MPHASIS,2018-04-23,2018-04-24,754.3326,2018-05-11,887.1154,TARGET,1,132.7828,19.3855,113.3973,0.15,0.0,0.19135,13,False
momentum_top,NESTLEIND,2018-04-23,2018-04-24,399.8586,2018-05-16,433.5501,TIME,2,67.3831,19.444,47.9391,0.059814,-0.029131,0.086725,16,False
momentum_top,ACE,2018-04-23,2018-04-24,188.0514,2018-04-25,174.8878,STOP,5,-65.818,19.7662,-85.5841,-0.090824,-0.07086,0.002824,2,False
momentum_top,FSL,2018-04-30,2018-05-02,49.684,2018-05-23,53.4045,TIME,20,74.4098,20.2773,54.1325,0.054358,-0.062402,0.166147,16,False
momentum_top,CHOLAFIN,2018-04-30,2018-05-02,338.9876,2018-05-09,312.3365,MOMENTUM_FAIL,2,-53.3024,18.6842,-71.9865,-0.105947,-0.087534,0.0,6,False
momentum_top,COFORGE,2018-04-30,2018-05-02,210.6549,2018-05-03,195.9091,STOP,4,-58.9834,19.3678,-78.3512,-0.092782,-0.103285,0.0,2,False
momentum_top,ZYDUSWELL,2018-04-30,2018-05-02,266.8879,2018-05-09,247.7169,MOMENTUM_FAIL,3,-57.5127,19.1937,-76.7064,-0.095595,-0.079291,0.00433,6,False
momentum_top,ZENSARTECH,2018-04-30,2018-05-02,224.0637,2018-05-09,209.6068,MOMENTUM_FAIL,4,-57.8273,19.5966,-77.4239,-0.086198,-0.072169,0.013199,6,False
momentum_top,SRF,2018-04-30,2018-05-02,466.5349,2018-05-09,452.1167,MOMENTUM_FAIL,2,-28.8365,19.8111,-48.6476,-0.052023,-0.057285,0.001868,6,False
momentum_top,IPCALAB,2018-04-30,2018-05-02,365.3701,2018-05-09,346.8347,MOMENTUM_FAIL,2,-37.0708,18.94,-56.0108,-0.076482,-0.062948,0.0,6,False
momentum_top,ASHOKLEY,2018-04-30,2018-05-02,69.3036,2018-05-09,68.1889,MOMENTUM_FAIL,14,-15.6063,19.9951,-35.6014,-0.036613,-0.023976,0.016692,6,False
momentum_top,AARTIIND,2018-04-30,2018-05-02,317.7394,2018-05-09,311.6398,MOMENTUM_FAIL,3,-18.2986,19.9177,-38.2162,-0.040004,-0.034606,0.0,6,False
momentum_top,NESTLEIND,2018-04-30,2018-05-02,421.6045,2018-05-09,408.8623,MOMENTUM_FAIL,2,-25.4845,19.4385,-44.923,-0.05316,-0.041456,0.0,6,False
momentum_top,CHAMBLFERT,2018-04-30,2018-05-02,160.4706,2018-05-08,149.2377,STOP,6,-67.3977,19.8582,-87.2559,-0.090427,-0.073127,0.034518,5,False
momentum_top,INTELLECT,2018-04-30,2018-05-02,194.7941,2018-05-23,202.1963,TIME,5,37.0108,20.1179,16.8929,0.017307,-0.035,0.12425,16,False
momentum_top,HDFCLIFE,2018-04-30,2018-05-02,508.803,2018-05-09,502.9406,MOMENTUM_FAIL,1,-5.8624,18.0665,-23.9289,-0.046927,-0.058857,0.0,6,False
momentum_top,ASTRAL,2018-04-30,2018-05-02,419.1138,2018-05-09,427.727,MOMENTUM_FAIL,2,17.2265,19.5045,-2.278,-0.002712,-0.014618,0.034905,6,False
momentum_top,PIDILITIND,2018-04-30,2018-05-02,519.4709,2018-05-09,520.7361,MOMENTUM_FAIL,1,1.2652,18.126,-16.8608,-0.032387,-0.02523,0.021829,6,False
momentum_top,CYIENT,2018-04-30,2018-05-02,623.9192,2018-05-23,642.7257,TIME,1,18.8065,18.6028,0.2038,0.000326,-0.009894,0.16244,16,False
momentum_top,ESCORTS,2018-04-30,2018-05-02,958.0705,2018-05-09,916.4277,MOMENTUM_FAIL,1,-41.6429,19.8906,-61.5335,-0.064086,-0.046238,0.0,6,False
momentum_top,JUBLFOOD,2018-04-30,2018-05-02,249.871,2018-05-09,249.8807,MOMENTUM_FAIL,3,0.0292,19.0953,-19.0661,-0.025379,-0.012035,0.04454,6,False
momentum_top,BSOFT,2018-04-30,2018-05-02,140.0675,2018-05-09,140.932,MOMENTUM_FAIL,7,6.0511,20.0823,-14.0312,-0.014279,-0.053037,0.026037,6,False
momentum_top,FSL,2018-05-07,2018-05-08,49.3739,2018-05-18,57.8184,TARGET,20,168.8891,20.4435,148.4456,0.15,0.0,0.17347,9,False
momentum_top,ZYDUSWELL,2018-05-07,2018-05-08,258.9146,2018-05-15,246.6875,MOMENTUM_FAIL,3,-36.6812,19.1351,-55.8162,-0.071703,-0.058515,0.0,6,False
momentum_top,JUBLFOOD,2018-05-07,2018-05-08,257.4991,2018-05-11,239.4742,STOP,3,-54.0748,19.0817,-73.1565,-0.094495,-0.075959,0.004557,4,False
momentum_top,CHAMBLFERT,2018-05-07,2018-05-08,153.7416,2018-05-10,142.9797,STOP,6,-64.5715,19.6935,-84.265,-0.09115,-0.077662,0.0,3,False
momentum_top,ZENSARTECH,2018-05-07,2018-05-08,212.5904,2018-05-15,204.5792,MOMENTUM_FAIL,4,-32.0451,19.4554,-51.5005,-0.060431,-0.050614,0.018821,6,False
momentum_top,FORTIS,2018-05-07,2018-05-08,154.8591,2018-05-15,152.2781,MOMENTUM_FAIL,6,-15.4859,19.8218,-35.3077,-0.037917,-0.067949,0.00641,6,False
momentum_top,CYIENT,2018-05-07,2018-05-08,674.8599,2018-05-21,627.6198,STOP,1,-47.2402,18.6834,-65.9236,-0.097472,-0.084631,0.074695,10,False
momentum_top,CHOLAFIN,2018-05-07,2018-05-08,325.8765,2018-05-15,307.5015,MOMENTUM_FAIL,3,-55.125,19.9457,-75.0707,-0.076621,-0.071044,0.0,6,False
momentum_top,SRF,2018-05-07,2018-05-08,448.7082,2018-05-15,433.0021,MOMENTUM_FAIL,2,-31.4122,19.6553,-51.0676,-0.056781,-0.049267,0.036427,6,False
momentum_top,IPCALAB,2018-05-07,2018-05-08,352.8758,2018-05-15,343.4139,MOMENTUM_FAIL,2,-18.9238,18.8715,-37.7952,-0.053436,-0.047095,0.014438,6,False
momentum_top,EXIDEIND,2018-05-07,2018-05-08,241.872,2018-05-15,236.9387,MOMENTUM_FAIL,4,-19.7334,19.975,-39.7084,-0.040953,-0.029546,0.023446,6,False
momentum_top,ASHOKLEY,2018-05-07,2018-05-08,69.9767,2018-05-14,65.0783,STOP,14,-68.5771,19.927,-88.5041,-0.090143,-0.077247,0.0,5,False
momentum_top,NESTLEIND,2018-05-07,2018-05-08,411.2941,2018-05-29,428.3401,TIME,2,34.092,19.4728,14.6193,0.017733,-0.026196,0.082792,16,False
momentum_top,HEGAM,2018-05-07,2018-05-08,503.9785,2018-05-16,597.99,TARGET,1,94.0115,18.2495,75.762,0.15,-0.015026,0.198988,7,False
momentum_top,COFORGE,2018-05-07,2018-05-08,188.4071,2018-05-29,198.1508,TIME,5,48.7182,20.0069,28.7113,0.030411,-0.013881,0.098178,16,False
momentum_top,GRAVITA,2018-05-07,2018-05-08,176.6118,2018-05-14,163.9632,GAP_STOP,5,-63.2429,19.5299,-82.7728,-0.09353,-0.082493,0.0,5,False
momentum_top,PIDILITIND,2018-05-07,2018-05-08,516.081,2018-05-15,520.951,MOMENTUM_FAIL,1,4.87,18.119,-13.249,-0.025616,0.0,0.040614,6,False
momentum_top,PCBL,2018-05-07,2018-05-08,93.3702,2018-05-09,86.8343,STOP,10,-65.3591,19.7394,-85.0985,-0.090942,-0.08646,0.0,2,False
momentum_top,FSL,2018-05-14,2018-05-15,52.9394,2018-06-05,57.2025,TIME,18,76.735,20.1099,56.6251,0.059294,-0.024158,0.137628,16,False
momentum_top,NESTLEIND,2018-05-14,2018-05-15,430.3459,2018-05-22,433.8315,MOMENTUM_FAIL,2,6.9712,19.5784,-12.6072,-0.014616,-0.012477,0.034855,6,False
momentum_top,CYIENT,2018-05-14,2018-05-15,667.0511,2018-05-21,620.3575,STOP,1,-46.6936,18.6515,-65.3451,-0.097747,-0.073915,0.029664,5,False
momentum_top,ZENSARTECH,2018-05-14,2018-05-15,206.8495,2018-06-05,210.5376,TIME,4,14.7525,19.4537,-4.7012,-0.00567,-0.030109,0.111017,16,False
momentum_top,COFORGE,2018-05-14,2018-05-15,194.3277,2018-05-22,190.4957,MOMENTUM_FAIL,5,-19.16,19.9937,-39.1537,-0.040209,-0.043925,0.020561,6,False
momentum_top,PIDILITIND,2018-05-14,2018-05-15,526.1553,2018-05-22,533.8423,MOMENTUM_FAIL,1,7.6871,18.1673,-10.4802,-0.019875,-0.032895,0.019056,6,False
momentum_top,ASTRAL,2018-05-14,2018-05-15,427.1054,2018-05-22,411.7882,MOMENTUM_FAIL,2,-30.6344,19.4745,-50.1089,-0.058533,-0.054002,0.008212,6,False
momentum_top,HDFCLIFE,2018-05-14,2018-05-15,510.0243,2018-05-18,474.3226,STOP,1,-35.7017,18.0109,-53.7126,-0.105084,-0.07069,0.0,4,False
momentum_top,KOTAKBANK,2018-05-14,2018-05-15,253.037,2018-05-22,250.7926,MOMENTUM_FAIL,3,-6.7331,19.1216,-25.8547,-0.033985,-0.012049,0.020369,6,False
momentum_top,EXIDEIND,2018-05-14,2018-05-15,237.9069,2018-05-22,229.0085,MOMENTUM_FAIL,4,-35.5937,19.8757,-55.4694,-0.058162,-0.053294,0.011047,6,False
momentum_top,JUBLFOOD,2018-05-14,2018-05-15,238.7222,2018-05-22,245.744,MOMENTUM_FAIL,4,28.0872,20.0192,8.068,0.008431,-0.024355,0.042974,6,False
momentum_top,OBEROIRLTY,2018-05-14,2018-05-15,537.9253,2018-05-18,500.2705,STOP,1,-37.6548,18.1247,-55.7795,-0.103467,-0.077477,0.0,4,False
momentum_top,BSOFT,2018-05-14,2018-05-15,140.5268,2018-05-22,133.7192,MOMENTUM_FAIL,7,-47.6529,19.9865,-67.6394,-0.068611,-0.049981,0.020953,6,False
momentum_top,SRF,2018-05-14,2018-05-15,429.7388,2018-05-18,399.6571,STOP,2,-60.1634,19.4366,-79.6,-0.092412,-0.173885,0.030645,4,False
momentum_top,AUBANK,2018-05-14,2018-05-15,342.5449,2018-05-22,343.9587,MOMENTUM_FAIL,2,2.8276,18.8285,-16.0009,-0.023305,-0.007314,0.043736,6,False
momentum_top,ASHOKLEY,2018-05-14,2018-05-15,65.097,2018-05-21,60.5402,STOP,15,-68.3519,19.9139,-88.2657,-0.090197,-0.138288,0.003877,5,False
momentum_top,GRAVITA,2018-05-14,2018-05-15,161.7614,2018-05-18,150.4381,STOP,6,-67.9398,19.8898,-87.8296,-0.090296,-0.08775,0.060527,4,False
momentum_top,AARTIIND,2018-05-14,2018-05-15,308.9027,2018-05-21,287.2795,STOP,3,-64.8696,19.7109,-84.5805,-0.091071,-0.086354,0.012107,5,False
momentum_top,FSL,2018-05-21,2018-05-22,52.6294,2018-06-07,61.6667,TARGET,18,162.6712,20.2613,142.4099,0.15,0.0,0.172312,13,False
momentum_top,ZENSARTECH,2018-05-21,2018-05-22,216.3916,2018-06-05,201.2442,STOP,4,-60.5897,19.4614,-80.0511,-0.092282,-0.072878,0.062025,11,False
momentum_top,COFORGE,2018-05-21,2018-05-22,190.5139,2018-06-06,177.1779,STOP,5,-66.6799,19.8164,-86.4963,-0.090605,-0.073403,0.086034,12,False
momentum_top,BAJFINANCE,2018-05-21,2018-05-22,204.3411,2018-05-29,201.0597,MOMENTUM_FAIL,4,-13.1258,19.3546,-32.4803,-0.039651,-0.021767,0.019375,6,False
momentum_top,BSOFT,2018-05-21,2018-05-22,134.6377,2018-06-12,153.7636,TIME,7,133.881,20.1821,113.6989,0.120377,-0.004615,0.165329,16,False
momentum_top,JUBLFOOD,2018-05-21,2018-05-22,246.4481,2018-06-12,263.7875,TIME,4,69.3575,20.2337,49.1238,0.049723,-0.019821,0.09127,16,False
momentum_top,NESTLEIND,2018-05-21,2018-05-22,428.0114,2018-05-29,428.3401,MOMENTUM_FAIL,2,0.6574,19.5459,-18.8884,-0.022017,-0.00263,0.030931,6,False
momentum_top,MPHASIS,2018-05-21,2018-05-22,865.6872,2018-06-04,805.0891,STOP,1,-60.5981,19.4619,-80.06,-0.09228,-0.080874,0.052977,10,False
momentum_top,HEGAM,2018-05-21,2018-05-22,559.7229,2018-06-05,512.6488,GAP_STOP,1,-47.0741,18.1975,-65.2716,-0.11636,-0.084103,0.081644,11,False
momentum_top,CYIENT,2018-05-21,2018-05-22,629.6021,2018-05-29,625.473,MOMENTUM_FAIL,1,-4.1292,18.5801,-22.7092,-0.035991,-0.011234,0.044156,6,False
momentum_top,RADICO,2018-05-21,2018-05-22,392.2558,2018-05-29,460.984,TARGET,2,137.4565,19.5225,117.934,0.15,0.0,0.19801,6,False
momentum_top,PIDILITIND,2018-05-21,2018-05-22,526.1553,2018-06-12,505.4337,TIME,1,-20.7216,18.1095,-38.8311,-0.073641,-0.0549,0.084755,16,False
momentum_top,AUBANK,2018-05-21,2018-05-22,349.242,2018-05-29,338.9979,MOMENTUM_FAIL,2,-20.4882,18.8376,-39.3258,-0.056179,-0.036364,0.013565,6,False
momentum_top,KOTAKBANK,2018-05-21,2018-05-22,253.5931,2018-05-29,255.0728,MOMENTUM_FAIL,3,4.4392,19.1514,-14.7122,-0.019296,-0.027256,0.025767,6,False
momentum_top,KEI,2018-05-21,2018-05-22,441.6993,2018-06-05,410.7803,STOP,2,-61.8379,19.5342,-81.3721,-0.091912,-0.177507,0.099169,11,False
momentum_top,ASTRAL,2018-05-21,2018-05-22,412.876,2018-05-29,426.2617,MOMENTUM_FAIL,2,26.7716,19.4712,7.3004,0.008822,-0.048175,0.048443,6,False
momentum_top,PHOENIXLTD,2018-05-21,2018-05-22,352.4296,2018-05-29,348.1838,MOMENTUM_FAIL,2,-8.4917,18.8889,-27.3807,-0.038761,-0.061281,0.019499,6,False
momentum_top,TECHM,2018-05-21,2018-05-22,504.2503,2018-06-12,523.0601,TIME,1,18.8098,18.0975,0.7124,0.00141,-0.031085,0.056027,16,False
momentum_top,GRAPHITE,2018-05-21,2018-05-22,630.2597,2018-06-06,568.908,GAP_STOP,1,-61.3517,18.4663,-79.818,-0.126367,-0.097343,0.132203,12,False
momentum_top,FSL,2018-05-28,2018-05-29,56.3886,2018-06-19,57.6675,TIME,17,21.7417,20.0219,1.7198,0.00179,-0.026804,0.153265,16,False
momentum_top,ZENSARTECH,2018-05-28,2018-05-29,219.3753,2018-06-05,210.5376,MOMENTUM_FAIL,4,-35.3507,19.5632,-54.9139,-0.062443,-0.085488,0.045995,6,False
momentum_top,JUBLFOOD,2018-05-28,2018-05-29,264.0515,2018-05-30,245.5679,STOP,3,-55.4508,19.1619,-74.6127,-0.093984,-0.075926,0.0,2,False
momentum_top,PIDILITIND,2018-05-28,2018-05-29,552.3437,2018-06-05,521.118,MOMENTUM_FAIL,1,-31.2257,18.1987,-49.4243,-0.089286,-0.065091,0.033323,6,False
momentum_top,GRAPHITE,2018-05-28,2018-05-29,665.0426,2018-06-05,598.8174,GAP_STOP,1,-66.2252,18.6033,-84.8285,-0.127275,-0.09958,0.072986,6,False
momentum_top,COFORGE,2018-05-28,2018-05-29,194.0099,2018-06-06,180.4292,STOP,5,-67.9035,19.8877,-87.7912,-0.090304,-0.0901,0.053405,7,False
momentum_top,BSOFT,2018-05-28,2018-05-29,148.3068,2018-06-06,137.9253,STOP,6,-62.2888,19.5605,-81.8493,-0.091781,-0.088889,0.057924,7,False
momentum_top,BAJFINANCE,2018-05-28,2018-05-29,203.7604,2018-06-05,203.3345,MOMENTUM_FAIL,4,-1.7037,19.368,-21.0717,-0.025797,-0.023753,0.019002,6,False
momentum_top,RADICO,2018-05-28,2018-05-29,431.6277,2018-06-05,385.6206,GAP_STOP,2,-92.0143,19.3877,-111.4019,-0.128767,-0.10659,0.120832,6,False
momentum_top,NESTLEIND,2018-05-28,2018-05-29,432.3793,2018-06-05,429.3915,MOMENTUM_FAIL,2,-5.9757,19.5692,-25.5449,-0.029475,-0.011664,0.04145,6,False
momentum_top,EXIDEIND,2018-05-28,2018-05-29,242.1487,2018-06-05,233.2041,MOMENTUM_FAIL,4,-35.7782,19.947,-55.7252,-0.057407,-0.055217,0.011805,6,False
momentum_top,KEI,2018-05-28,2018-05-29,469.8408,2018-06-05,379.739,MOMENTUM_FAIL,2,-180.2035,19.5308,-199.7343,-0.212092,-0.226771,0.033333,6,False
momentum_top,PHOENIXLTD,2018-05-28,2018-05-29,355.3747,2018-05-31,330.4985,STOP,2,-49.7525,18.8298,-68.5823,-0.096282,-0.075483,0.0,3,False
momentum_top,HEGAM,2018-05-28,2018-05-29,584.9738,2018-06-04,544.0256,STOP,1,-40.9482,18.3166,-59.2648,-0.101091,-0.077528,0.034954,5,False
momentum_top,BERGEPAINT,2018-05-28,2018-05-29,238.8945,2018-06-05,221.8646,MOMENTUM_FAIL,4,-68.1194,19.8262,-87.9456,-0.091833,-0.080093,0.006979,6,False
momentum_top,MPHASIS,2018-05-28,2018-05-29,854.3318,2018-06-05,829.262,MOMENTUM_FAIL,1,-25.0698,19.4863,-44.5561,-0.052039,-0.068657,0.039032,6,False
momentum_top,CYIENT,2018-05-28,2018-05-29,628.5392,2018-06-04,584.5415,STOP,1,-43.9977,18.4944,-62.4921,-0.099208,-0.112983,0.006374,5,False
momentum_top,KOTAKBANK,2018-05-28,2018-05-29,257.6251,2018-06-19,258.8465,TIME,3,3.6644,19.2009,-15.5365,-0.020058,-0.020662,0.07933,16,False
momentum_top,FSL,2018-06-04,2018-06-05,59.4115,2018-06-21,55.2527,STOP,16,-66.5409,19.8083,-86.3492,-0.09064,-0.094586,0.094586,13,False
momentum_top,ZENSARTECH,2018-06-04,2018-06-05,212.2425,2018-06-12,215.9915,MOMENTUM_FAIL,4,14.996,19.5453,-4.5493,-0.005347,-0.040041,0.031148,6,False
momentum_top,RADICO,2018-06-04,2018-06-05,385.6206,2018-06-26,391.28,TIME,2,11.3188,19.2096,-7.8908,-0.010209,-0.049975,0.073001,16,False
momentum_top,BSOFT,2018-06-04,2018-06-05,149.6575,2018-06-05,139.1815,STOP,6,-62.8561,19.5935,-82.4497,-0.09162,0.0,0.0,1,False
momentum_top,JUBLFOOD,2018-06-04,2018-06-05,250.7414,2018-06-26,275.1319,TIME,3,73.1715,19.2552,53.9163,0.07152,-0.001521,0.105737,16,False
momentum_top,M&M,2018-06-04,2018-06-05,838.7213,2018-06-12,843.8713,MOMENTUM_FAIL,1,5.15,19.4819,-14.3319,-0.017051,-0.016612,0.017489,6,False
momentum_top,PIDILITIND,2018-06-04,2018-06-05,532.8395,2018-06-12,505.4337,MOMENTUM_FAIL,1,-27.4058,18.1241,-45.5299,-0.085261,-0.062679,0.0,6,False
momentum_top,NESTLEIND,2018-06-04,2018-06-05,442.162,2018-06-12,442.8376,MOMENTUM_FAIL,2,1.351,19.6668,-18.3158,-0.020666,-0.026367,0.024564,6,False
momentum_top,BAJFINANCE,2018-06-04,2018-06-05,199.8884,2018-06-26,229.1554,TIME,4,117.0677,19.5445,97.5232,0.121706,0.0,0.171501,16,False
momentum_top,KEI,2018-06-04,2018-06-05,436.022,2018-06-05,405.5005,STOP,2,-61.0431,19.4879,-80.5309,-0.092146,0.0,0.0,1,False
momentum_top,EXIDEIND,2018-06-04,2018-06-05,234.2185,2018-06-12,232.8814,MOMENTUM_FAIL,4,-5.3484,19.875,-25.2234,-0.026864,-0.014764,0.030315,6,False
momentum_top,COFORGE,2018-06-04,2018-06-05,197.9328,2018-06-05,184.0775,STOP,5,-69.2765,19.9677,-89.2442,-0.08998,0.0,0.0,1,False
momentum_top,HEGAM,2018-06-04,2018-06-05,512.6488,2018-06-26,547.3549,TIME,1,34.7061,18.1653,16.5408,0.032195,-0.049997,0.140241,16,False
momentum_top,GRAPHITE,2018-06-04,2018-06-05,598.8174,2018-06-26,655.2956,TIME,1,56.4782,18.5735,37.9047,0.063161,-0.049947,0.135469,16,False
momentum_top,AUBANK,2018-06-04,2018-06-05,346.7368,2018-06-12,357.5761,MOMENTUM_FAIL,2,21.6788,18.9023,2.7765,0.003995,-0.021389,0.041562,6,False
momentum_top,MPHASIS,2018-06-04,2018-06-05,827.6627,2018-06-26,858.1702,TIME,1,30.5076,19.4869,11.0207,0.013286,-0.005266,0.101449,16,False
momentum_top,VBL,2018-06-04,2018-06-05,42.8331,2018-06-26,42.4694,TIME,23,-8.3645,20.0728,-28.4373,-0.028803,-0.043127,0.064622,16,False
momentum_top,BLS,2018-06-04,2018-06-05,43.5447,2018-06-05,40.4966,STOP,22,-67.0589,19.8385,-86.8974,-0.090511,0.0,0.0,1,False
momentum_top,FSL,2018-06-11,2018-06-12,61.1555,2018-06-20,56.8746,STOP,16,-68.4941,19.9221,-88.4163,-0.090163,-0.092522,0.063371,7,False
momentum_top,ZENSARTECH,2018-06-11,2018-06-12,211.5379,2018-07-03,221.515,TIME,4,39.9086,19.5841,20.3245,0.023968,-0.010403,0.078005,16,False
momentum_top,BLS,2018-06-11,2018-06-12,43.4855,2018-06-14,40.4415,STOP,22,-66.9676,19.8332,-86.8008,-0.090533,-0.088828,0.0,3,False
momentum_top,BAJFINANCE,2018-06-11,2018-06-12,218.2801,2018-06-19,219.7902,MOMENTUM_FAIL,4,6.0403,19.629,-13.5888,-0.015529,-0.02572,0.018182,6,False
momentum_top,NESTLEIND,2018-06-11,2018-06-12,447.5545,2018-06-19,433.1156,MOMENTUM_FAIL,2,-28.8778,19.6508,-48.5285,-0.054097,-0.044154,0.006017,6,False
momentum_top,MPHASIS,2018-06-11,2018-06-12,899.5533,2018-06-19,862.6484,MOMENTUM_FAIL,1,-36.9049,19.6532,-56.5581,-0.062736,-0.06165,0.0008,6,False
momentum_top,JUBLFOOD,2018-06-11,2018-06-12,265.3229,2018-06-19,269.0929,MOMENTUM_FAIL,3,11.3101,19.314,-8.0039,-0.010034,-0.019204,0.038666,6,False
momentum_top,M&M,2018-06-11,2018-06-12,846.0785,2018-06-19,819.7764,MOMENTUM_FAIL,1,-26.302,19.449,-45.751,-0.053956,-0.036957,0.005435,6,False
momentum_top,VBL,2018-06-11,2018-06-12,43.2487,2018-07-03,43.4363,TIME,23,4.315,20.1389,-15.8239,-0.015873,-0.052322,0.054391,16,False
momentum_top,ASTERDM,2018-06-11,2018-06-12,139.0411,2018-06-19,134.3586,MOMENTUM_FAIL,7,-32.7779,19.9729,-52.7508,-0.05408,-0.058392,0.0239,6,False
momentum_top,KOTAKBANK,2018-06-11,2018-06-12,263.9609,2018-06-19,258.8465,MOMENTUM_FAIL,3,-15.3431,19.2424,-34.5855,-0.04358,-0.02167,0.011663,6,False
momentum_top,RADICO,2018-06-11,2018-06-12,392.6949,2018-06-19,390.6945,MOMENTUM_FAIL,2,-4.0006,19.2381,-23.2387,-0.029524,-0.042241,0.023481,6,False
momentum_top,USHAMART,2018-06-18,2018-06-19,27.6706,2018-06-26,26.3825,MOMENTUM_FAIL,36,-46.3721,20.0417,-66.4138,-0.066526,-0.072414,0.043103,6,False
momentum_top,FSL,2018-06-18,2018-06-19,61.1167,2018-06-20,56.8386,STOP,16,-68.4507,19.9196,-88.3704,-0.090173,-0.091947,0.0,2,False
momentum_top,ZENSARTECH,2018-06-18,2018-06-19,213.4603,2018-06-26,220.3059,MOMENTUM_FAIL,4,27.3826,19.5911,7.7916,0.009105,0.0,0.04727,6,False
momentum_top,BAJFINANCE,2018-06-18,2018-06-19,216.3441,2018-07-10,229.4523,TIME,4,52.4325,19.6908,32.7417,0.037753,0.0,0.082394,16,False
momentum_top,MPHASIS,2018-06-18,2018-06-19,877.2024,2018-06-26,858.1702,MOMENTUM_FAIL,1,-19.0322,19.5952,-38.6274,-0.043939,-0.041342,0.021013,6,False
momentum_top,JUBLFOOD,2018-06-18,2018-06-19,272.7554,2018-06-26,275.1319,MOMENTUM_FAIL,3,7.1295,19.3996,-12.2701,-0.014962,-0.031409,0.016494,6,False
momentum_top,KOTAKBANK,2018-06-18,2018-06-19,261.2399,2018-06-26,264.1297,MOMENTUM_FAIL,3,8.6696,19.2569,-10.5872,-0.01348,-0.012355,0.020376,6,False
momentum_top,VBL,2018-06-18,2018-06-19,44.4263,2018-06-26,42.4694,MOMENTUM_FAIL,22,-43.0523,19.9693,-63.0216,-0.06434,-0.077443,0.001819,6,False
momentum_top,CIEINDIA,2018-06-18,2018-06-19,246.6655,2018-06-28,229.3989,STOP,4,-69.0663,19.9555,-89.0218,-0.090028,-0.070034,0.05664,8,False
momentum_top,HFCL,2018-06-18,2018-06-19,32.1449,2018-06-25,29.8948,STOP,31,-69.7545,19.9956,-89.7501,-0.08987,-0.08855,0.076336,5,False
momentum_top,USHAMART,2018-06-25,2018-06-26,26.8119,2018-06-28,24.935,STOP,37,-69.4427,19.9774,-89.4202,-0.089941,-0.11032,0.008897,3,False
momentum_top,ZENSARTECH,2018-06-25,2018-06-26,216.5656,2018-07-03,221.515,MOMENTUM_FAIL,4,19.7977,19.6281,0.1697,0.000195,-0.033377,0.034824,6,False
momentum_top,FSL,2018-06-25,2018-06-26,56.1173,2018-07-03,53.1719,MOMENTUM_FAIL,17,-50.0718,19.8562,-69.928,-0.07314,-0.06837,0.022099,6,False
momentum_top,BAJFINANCE,2018-06-25,2018-06-26,230.8639,2018-07-03,224.6785,MOMENTUM_FAIL,4,-24.7415,19.7789,-44.5204,-0.048106,-0.05501,0.0,6,False
momentum_top,MPHASIS,2018-06-25,2018-06-26,868.446,2018-07-17,921.9843,TIME,1,53.5382,19.706,33.8322,0.038872,-0.037753,0.13651,16,False
momentum_top,BLS,2018-06-25,2018-06-26,35.215,2018-07-04,41.2386,TARGET,28,168.663,20.4369,148.2262,0.15,-0.056864,0.177658,7,False
momentum_top,BSOFT,2018-06-25,2018-06-26,148.3068,2018-07-03,150.738,MOMENTUM_FAIL,6,14.5876,19.717,-5.1294,-0.005752,-0.044262,0.02204,6,False
momentum_top,KOTAKBANK,2018-06-25,2018-06-26,262.5706,2018-07-03,268.7575,MOMENTUM_FAIL,3,18.5607,19.2939,-0.7332,-0.000929,-0.007489,0.028744,6,False
momentum_top,COFORGE,2018-06-25,2018-06-26,196.4163,2018-07-03,202.001,MOMENTUM_FAIL,5,27.9233,20.1337,7.7897,0.007915,-0.0276,0.035506,6,False
momentum_top,LUPIN,2018-06-25,2018-06-26,869.5934,2018-07-03,856.5053,MOMENTUM_FAIL,1,-13.0881,19.5752,-32.6633,-0.03748,-0.042862,0.0,6,False
momentum_top,M&M,2018-06-25,2018-06-26,832.2836,2018-07-03,822.3514,MOMENTUM_FAIL,1,-9.9322,19.4241,-29.3562,-0.035195,-0.029116,0.014033,6,False
momentum_top,NESTLEIND,2018-06-25,2018-06-26,447.1402,2018-07-03,440.6041,MOMENTUM_FAIL,2,-13.0722,19.6794,-32.7517,-0.036544,-0.02067,0.027009,6,False
momentum_top,ZENSARTECH,2018-07-02,2018-07-03,223.5505,2018-07-10,214.7303,MOMENTUM_FAIL,4,-35.2808,19.6339,-54.9147,-0.061278,-0.046693,0.0,6,False
momentum_top,GRAPHITE,2018-07-02,2018-07-03,698.0177,2018-07-24,761.7275,TIME,1,63.7099,19.0071,44.7028,0.063903,0.0,0.156982,16,False
momentum_top,COFORGE,2018-07-02,2018-07-03,199.0498,2018-07-10,203.2269,MOMENTUM_FAIL,5,20.8857,20.1749,0.7107,0.000713,-0.025365,0.030839,6,False
momentum_top,BSOFT,2018-07-02,2018-07-03,147.3883,2018-07-24,157.5456,TIME,6,60.9436,19.7881,41.1555,0.046437,-0.028042,0.118035,16,False
momentum_top,INFY,2018-07-02,2018-07-03,536.6153,2018-07-10,524.327,MOMENTUM_FAIL,1,-12.2883,18.1708,-30.4591,-0.056638,-0.047902,0.015579,6,False
momentum_top,FSL,2018-07-02,2018-07-03,53.4045,2018-07-05,49.6662,STOP,18,-67.2896,19.8519,-87.1416,-0.090454,-0.073295,0.018142,3,False
momentum_top,MPHASIS,2018-07-02,2018-07-03,876.4426,2018-07-10,904.8311,MOMENTUM_FAIL,1,28.3885,19.6885,8.6999,0.009905,-0.017244,0.049863,6,False
momentum_top,KOTAKBANK,2018-07-02,2018-07-03,265.5498,2018-07-10,272.5312,MOMENTUM_FAIL,3,20.9441,19.3365,1.6077,0.002014,0.0,0.038594,6,False
momentum_top,BAJFINANCE,2018-07-02,2018-07-03,223.12,2018-07-10,229.4523,MOMENTUM_FAIL,4,25.329,19.75,5.579,0.006237,0.0,0.035182,6,False
momentum_top,HEGAM,2018-07-02,2018-07-03,586.9071,2018-07-18,693.7613,TARGET,1,106.8543,18.6258,88.2285,0.15,0.0,0.191921,12,False
momentum_top,PERSISTENT,2018-07-02,2018-07-03,364.341,2018-07-24,390.2399,TIME,2,51.7978,19.1123,32.6855,0.044758,0.0,0.099371,16,False
momentum_top,NESTLEIND,2018-07-02,2018-07-03,442.3738,2018-07-10,450.5377,MOMENTUM_FAIL,2,16.3278,19.6991,-3.3712,-0.003802,-0.005288,0.024023,6,False
momentum_top,GRAPHITE,2018-07-09,2018-07-10,789.9861,2018-07-16,734.6871,STOP,1,-55.299,19.1531,-74.4521,-0.094039,-0.084577,0.019105,5,False
momentum_top,HEGAM,2018-07-09,2018-07-10,646.6784,2018-07-17,667.0323,MOMENTUM_FAIL,1,20.3539,18.702,1.6519,0.002549,-0.029106,0.033864,6,False
momentum_top,BLS,2018-07-09,2018-07-10,42.0162,2018-07-16,39.0751,STOP,23,-67.6461,19.8727,-87.5188,-0.090367,-0.075014,0.055838,5,False
momentum_top,FSL,2018-07-09,2018-07-10,56.6599,2018-07-17,57.2412,MOMENTUM_FAIL,17,9.8825,20.0173,-10.1347,-0.010499,-0.019152,0.043092,6,False
momentum_top,ZYDUSWELL,2018-07-09,2018-07-10,286.3405,2018-07-17,279.1635,MOMENTUM_FAIL,3,-21.5309,19.5133,-41.0442,-0.047676,-0.046195,0.010718,6,False
momentum_top,PERSISTENT,2018-07-09,2018-07-10,393.2133,2018-07-17,377.471,MOMENTUM_FAIL,2,-31.4846,19.1865,-50.6711,-0.064292,-0.066434,0.008159,6,False
momentum_top,MPHASIS,2018-07-09,2018-07-10,895.6349,2018-07-31,936.9731,TIME,1,41.3382,19.7959,21.5423,0.024,-0.017143,0.114688,16,False
momentum_top,BAJFINANCE,2018-07-09,2018-07-10,228.8366,2018-07-23,268.2661,TARGET,4,157.7183,20.1162,137.6021,0.15,-0.006356,0.185169,10,False
momentum_top,CIEINDIA,2018-07-09,2018-07-10,244.2112,2018-07-17,246.0992,MOMENTUM_FAIL,4,7.5519,20.0701,-12.5181,-0.012787,-0.028605,0.024353,6,False
momentum_top,BSOFT,2018-07-09,2018-07-10,153.4395,2018-07-31,160.5711,TIME,6,42.7899,19.9045,22.8854,0.024804,-0.01919,0.073944,16,False
momentum_top,ZENSARTECH,2018-07-09,2018-07-10,214.8781,2018-07-17,213.5734,MOMENTUM_FAIL,4,-5.2191,19.5486,-24.7677,-0.028753,-0.015504,0.012832,6,False
momentum_top,COFORGE,2018-07-09,2018-07-10,201.5924,2018-07-17,187.4809,STOP,4,-56.4459,19.2199,-75.6658,-0.09363,-0.079279,0.052117,6,False
momentum_top,KOTAKBANK,2018-07-09,2018-07-10,275.3118,2018-07-17,278.3238,MOMENTUM_FAIL,3,9.0359,19.4359,-10.4,-0.012564,-0.013312,0.022778,6,False
momentum_top,TRITURBINE,2018-07-09,2018-07-10,108.4797,2018-07-10,127.0531,TARGET,9,167.1606,20.3928,146.7678,0.15,0.0,0.0,1,False
momentum_top,HEGAM,2018-07-16,2018-07-17,637.1178,2018-08-01,751.748,TARGET,1,114.6302,18.8536,95.7766,0.15,0.0,0.182282,12,False
momentum_top,MPHASIS,2018-07-16,2018-07-17,974.8028,2018-07-18,906.5666,STOP,1,-68.2362,19.9071,-88.1433,-0.090224,-0.076292,0.0,2,False
momentum_top,BAJFINANCE,2018-07-16,2018-07-17,239.9875,2018-08-07,266.3958,TIME,4,105.6332,20.1984,85.4348,0.088805,-0.047475,0.130101,16,False
momentum_top,GRAPHITE,2018-07-16,2018-07-17,724.7436,2018-08-02,852.944,TARGET,1,128.2004,19.2512,108.9492,0.15,0.0,0.177009,13,False
momentum_top,FSL,2018-07-16,2018-07-17,58.2101,2018-07-19,54.1354,STOP,17,-69.27,19.9674,-89.2374,-0.089981,-0.075899,0.007989,3,False
momentum_top,YESBANK,2018-07-16,2018-07-17,372.7863,2018-07-24,379.149,MOMENTUM_FAIL,2,12.7255,19.1041,-6.3786,-0.008537,0.0,0.04353,6,False
momentum_top,KOTAKBANK,2018-07-16,2018-07-17,279.8837,2018-07-24,260.7671,MOMENTUM_FAIL,3,-57.3498,19.3586,-76.7084,-0.091158,-0.073343,0.0,6,False
momentum_top,BSOFT,2018-07-16,2018-07-17,157.2214,2018-07-24,157.5456,MOMENTUM_FAIL,6,1.945,19.9171,-17.9721,-0.01901,-0.020275,0.043471,6,False
momentum_top,ZENSARTECH,2018-07-16,2018-07-17,215.3566,2018-07-24,213.2515,MOMENTUM_FAIL,4,-8.4202,19.5502,-27.9704,-0.032399,-0.018418,0.006099,6,False
momentum_top,BAJAJFINSV,2018-07-16,2018-07-17,620.0226,2018-08-07,696.6365,TIME,1,76.6139,18.704,57.9099,0.093196,-0.016795,0.152321,16,False
momentum_top,ZYDUSWELL,2018-07-16,2018-07-17,279.989,2018-07-24,283.3629,MOMENTUM_FAIL,3,10.1219,19.4973,-9.3755,-0.011137,-0.051257,0.037338,6,False
momentum_top,GODREJCP,2018-07-16,2018-07-17,806.8832,2018-07-24,839.7394,MOMENTUM_FAIL,1,32.8562,19.4039,13.4523,0.016636,-0.02107,0.047897,6,False
momentum_top,RELIANCE,2018-07-16,2018-07-17,477.2958,2018-08-07,524.1711,TIME,2,93.7505,20.1516,73.5989,0.076932,-0.000927,0.115552,16,False
momentum_top,HEGAM,2018-07-23,2018-07-24,692.7052,2018-08-07,644.2158,STOP,1,-48.4894,18.7562,-67.2455,-0.096865,-0.072815,0.121482,11,False
momentum_top,GRAPHITE,2018-07-23,2018-07-24,788.139,2018-07-31,806.7972,MOMENTUM_FAIL,1,18.6581,19.2959,-0.6377,-0.000807,-0.030191,0.031094,6,False
momentum_top,BAJFINANCE,2018-07-23,2018-07-24,266.5557,2018-07-31,261.6009,MOMENTUM_FAIL,3,-14.8644,19.2763,-34.1407,-0.042601,-0.034267,0.010659,6,False
momentum_top,BANDHANBNK,2018-07-23,2018-07-24,654.0223,2018-08-14,670.9176,TIME,1,16.8953,18.726,-1.8306,-0.002793,-0.031117,0.088801,16,False
momentum_top,BAJAJFINSV,2018-07-23,2018-07-24,692.0347,2018-07-31,694.9531,MOMENTUM_FAIL,1,2.9184,18.858,-15.9396,-0.022983,-0.016206,0.021877,6,False
momentum_top,GODREJCP,2018-07-23,2018-07-24,831.1615,2018-07-31,815.616,MOMENTUM_FAIL,1,-15.5455,19.4079,-34.9534,-0.041962,-0.043256,0.027571,6,False
momentum_top,ADANIENT,2018-07-23,2018-07-24,107.9816,2018-07-25,126.4779,TARGET,9,166.4664,20.3725,146.0939,0.15,0.0,0.200585,2,False
momentum_top,FSL,2018-07-23,2018-07-24,56.2336,2018-07-31,57.0386,MOMENTUM_FAIL,17,13.6859,19.9944,-6.3085,-0.006585,0.0,0.043156,6,False
momentum_top,ASTRAL,2018-07-23,2018-07-24,477.7631,2018-08-14,508.4012,TIME,2,61.2763,20.0894,41.1868,0.04301,-0.029737,0.08633,16,False
momentum_top,TRITURBINE,2018-07-23,2018-07-24,108.5272,2018-07-31,109.0015,MOMENTUM_FAIL,9,4.2691,20.0629,-15.7939,-0.016135,-0.020542,0.020979,6,False
momentum_top,INFY,2018-07-23,2018-07-24,553.7382,2018-07-31,549.9915,MOMENTUM_FAIL,1,-3.7468,18.2605,-22.0073,-0.039656,-0.028267,0.014115,6,False
momentum_top,BSOFT,2018-07-23,2018-07-24,155.5195,2018-07-31,160.5711,MOMENTUM_FAIL,6,30.3095,19.9318,10.3778,0.011097,-0.032309,0.047073,6,False
momentum_top,ADANIENT,2018-07-30,2018-07-31,122.5327,2018-08-08,113.9554,STOP,8,-68.6183,19.9294,-88.5477,-0.090134,-0.074696,0.078832,7,False
momentum_top,HEGAM,2018-07-30,2018-07-31,706.2172,2018-08-07,656.782,STOP,1,-49.4352,18.8113,-68.2465,-0.096426,-0.090555,0.100024,6,False
momentum_top,BAJFINANCE,2018-07-30,2018-07-31,259.0895,2018-08-07,266.3958,MOMENTUM_FAIL,3,21.9187,19.2566,2.6621,0.003417,-0.004398,0.037294,6,False
momentum_top,BANDHANBNK,2018-07-30,2018-07-31,662.4699,2018-08-07,648.4066,MOMENTUM_FAIL,1,-14.0633,18.6986,-32.762,-0.049346,-0.02659,0.034633,6,False
momentum_top,GRAPHITE,2018-07-30,2018-07-31,771.9837,2018-08-23,795.1793,TIME,1,23.1956,19.2369,3.9587,0.005117,0.0,0.161676,16,False
momentum_top,RHIM,2018-07-30,2018-07-31,196.279,2018-08-01,229.8684,TARGET,5,167.9469,20.4159,147.5311,0.15,0.0,0.18485,2,False
momentum_top,BAJAJFINSV,2018-07-30,2018-07-31,689.4452,2018-08-07,696.6365,MOMENTUM_FAIL,1,7.1913,18.8558,-11.6645,-0.016882,-0.00619,0.03629,6,False
momentum_top,SBIN,2018-07-30,2018-07-31,269.1946,2018-08-07,275.5846,MOMENTUM_FAIL,3,19.17,19.379,-0.209,-0.000258,-0.029124,0.049495,6,False
momentum_top,GODREJCP,2018-07-30,2018-07-31,811.776,2018-08-07,806.114,MOMENTUM_FAIL,1,-5.662,19.3462,-25.0082,-0.03074,-0.011292,0.023346,6,False
momentum_top,RELIANCE,2018-07-30,2018-07-31,509.4756,2018-08-07,524.1711,MOMENTUM_FAIL,1,14.6955,18.1112,-3.4156,-0.00669,0.0,0.045091,6,False
momentum_top,COFORGE,2018-07-30,2018-07-31,222.805,2018-08-23,246.6601,TIME,4,95.4203,19.8874,75.5329,0.084567,-0.001386,0.136249,16,False
momentum_top,FSL,2018-07-30,2018-07-31,57.8693,2018-08-07,51.6591,MOMENTUM_FAIL,17,-105.573,19.869,-125.442,-0.127232,-0.110048,0.010936,6,False
momentum_top,USHAMART,2018-07-30,2018-07-31,26.5256,2018-08-02,24.4265,GAP_STOP,37,-77.6684,19.916,-97.5844,-0.099212,-0.079137,0.0,3,False
momentum_top,BATAINDIA,2018-07-30,2018-07-31,816.6467,2018-08-23,959.0798,TARGET,1,142.4331,19.6683,122.7648,0.15,-0.009986,0.181337,16,False
momentum_top,ADANIENT,2018-08-06,2018-08-07,124.7813,2018-08-08,115.3118,GAP_STOP,7,-66.286,19.4832,-85.7692,-0.09798,-0.09137,0.059391,2,False
momentum_top,RHIM,2018-08-06,2018-08-07,222.1347,2018-08-13,206.5852,STOP,4,-62.1977,19.5552,-81.7529,-0.091808,-0.078089,0.014313,5,False
momentum_top,ADANIPOWER,2018-08-06,2018-08-07,6.2,2018-08-08,5.766,STOP,160,-69.44,19.9773,-89.4173,-0.089942,-0.101613,0.032258,2,False
momentum_top,BAJFINANCE,2018-08-06,2018-08-07,262.2893,2018-08-30,283.7913,TIME,3,64.5058,19.3839,45.122,0.057219,0.0,0.106839,16,False
momentum_top,GRAPHITE,2018-08-06,2018-08-07,857.008,2018-08-08,785.4714,GAP_STOP,1,-71.5367,19.403,-90.9397,-0.105882,-0.0974,0.0,2,False
momentum_top,BANDHANBNK,2018-08-06,2018-08-07,662.278,2018-08-24,615.9186,STOP,1,-46.3595,18.632,-64.9915,-0.097919,-0.112915,0.075228,12,False
momentum_top,HEGAM,2018-08-06,2018-08-07,722.6369,2018-08-07,672.0523,STOP,1,-50.5846,18.8783,-69.4629,-0.095914,0.0,0.0,1,False
momentum_top,BAJAJFINSV,2018-08-06,2018-08-07,690.5408,2018-08-14,708.4394,MOMENTUM_FAIL,1,17.8986,18.8822,-0.9837,-0.001421,-0.000606,0.029085,6,False
momentum_top,LEMONTREE,2018-08-06,2018-08-07,84.9,2018-08-13,78.957,STOP,11,-65.373,19.7402,-85.1132,-0.090939,-0.085395,0.0,5,False
momentum_top,JUBLFOOD,2018-08-06,2018-08-07,295.2976,2018-08-14,294.7793,MOMENTUM_FAIL,3,-1.5549,19.6675,-21.2224,-0.023904,-0.01434,0.013281,6,False
momentum_top,INDIANB,2018-08-06,2018-08-07,324.4882,2018-08-08,301.7741,STOP,3,-68.1425,19.9017,-88.0442,-0.090247,-0.072559,0.0,2,False
momentum_top,GODREJCP,2018-08-06,2018-08-07,817.5581,2018-08-14,803.1054,MOMENTUM_FAIL,1,-14.4527,19.3527,-33.8053,-0.041259,-0.030234,0.0,6,False
momentum_top,COFORGE,2018-08-06,2018-08-07,237.9153,2018-08-14,242.8824,MOMENTUM_FAIL,4,19.8685,19.9888,-0.1203,-0.000126,-0.037099,0.026717,6,False
momentum_top,RELIANCE,2018-08-06,2018-08-07,528.9073,2018-08-14,535.8568,MOMENTUM_FAIL,1,6.9495,18.1774,-11.228,-0.021182,-0.01021,0.030798,6,False
momentum_top,SBIN,2018-08-06,2018-08-07,280.8416,2018-08-30,279.7086,TIME,3,-3.399,19.4806,-22.8796,-0.027097,-0.063256,0.053413,16,False
momentum_top,ADANIENT,2018-08-13,2018-08-14,123.3244,2018-08-28,144.4185,TARGET,8,168.7523,20.4395,148.3129,0.15,0.0,0.194145,9,False
momentum_top,ADANIPOWER,2018-08-13,2018-08-14,6.19,2018-09-06,6.38,TIME,161,30.59,20.2003,10.3897,0.010402,-0.009693,0.166397,16,False
momentum_top,BANDHANBNK,2018-08-13,2018-08-14,658.0541,2018-08-23,639.0468,MOMENTUM_FAIL,1,-19.0073,18.6699,-37.6772,-0.057131,-0.033771,0.037856,6,False
momentum_top,GRAPHITE,2018-08-13,2018-08-14,883.1877,2018-08-21,821.3646,STOP,1,-61.8231,19.5333,-81.3565,-0.091916,-0.101631,0.007929,5,False
momentum_top,BATAINDIA,2018-08-13,2018-08-14,877.0318,2018-09-06,935.2776,TIME,1,58.2459,19.7518,38.494,0.043796,0.0,0.133841,16,False
momentum_top,GALLANTT,2018-08-13,2018-08-14,52.9109,2018-09-06,51.0982,TIME,18,-32.6283,19.885,-52.5133,-0.055018,-0.063889,0.075926,16,False
momentum_top,BAJFINANCE,2018-08-13,2018-08-14,267.9424,2018-09-06,260.2628,TIME,3,-23.0389,19.2772,-42.3161,-0.052528,-0.034488,0.083487,16,False
momentum_top,HAVELLS,2018-08-13,2018-08-14,643.1536,2018-08-23,671.8416,MOMENTUM_FAIL,1,28.688,18.7041,9.9839,0.015489,-0.003028,0.046894,6,False
momentum_top,ADANIENSOL,2018-08-13,2018-08-14,161.75,2018-08-27,189.4599,TARGET,6,166.2597,20.3664,145.8933,0.15,-0.000309,0.261206,8,False
momentum_top,RELIANCE,2018-08-13,2018-08-14,526.7384,2018-09-06,558.3427,TIME,1,31.6043,18.2185,13.3858,0.025357,0.0,0.116807,16,False
momentum_top,HEGAM,2018-08-13,2018-08-14,717.6682,2018-08-23,694.4243,MOMENTUM_FAIL,1,-23.244,18.913,-42.157,-0.058613,-0.036213,0.033842,6,False
momentum_top,TORNTPHARM,2018-08-13,2018-08-14,770.0156,2018-09-06,828.1744,TIME,1,58.1589,19.2998,38.8591,0.050355,-0.005882,0.092471,16,False
momentum_top,SUNPHARMA,2018-08-13,2018-08-14,522.3853,2018-09-03,619.2474,TARGET,1,96.8621,18.333,78.5291,0.15,0.0,0.190981,13,False
momentum_top,NAUKRI,2018-08-13,2018-08-14,283.5674,2018-09-06,317.9356,TIME,3,103.1045,19.732,83.3725,0.09779,-0.027397,0.162946,16,False
momentum_top,RHIM,2018-08-13,2018-08-14,207.2665,2018-08-27,243.3556,TARGET,4,144.3564,19.7246,124.6318,0.15,-0.023912,0.253627,8,False
momentum_top,ADANIENT,2018-08-20,2018-08-21,135.5492,2018-09-06,158.8215,TARGET,7,162.906,20.2682,142.6378,0.15,-0.056075,0.242836,12,False
momentum_top,ADANIPOWER,2018-08-20,2018-08-21,6.4,2018-09-12,5.952,STOP,155,-69.44,19.9773,-89.4173,-0.089942,-0.09375,0.128125,16,False
momentum_top,BANDHANBNK,2018-08-20,2018-08-21,670.0536,2018-08-24,623.1498,STOP,1,-46.9038,18.6638,-65.5675,-0.097641,-0.123209,0.0,3,False
momentum_top,GRANULES,2018-08-20,2018-08-21,107.0179,2018-09-12,103.7816,TIME,9,-29.1273,19.9376,-49.0649,-0.05083,-0.045105,0.111642,16,False
momentum_top,RHIM,2018-08-20,2018-08-21,232.6079,2018-08-27,216.3253,STOP,4,-65.1302,19.7261,-84.8563,-0.091002,-0.085477,0.117051,4,False
momentum_top,BATAINDIA,2018-08-20,2018-08-21,918.1203,2018-09-12,924.7604,TIME,1,6.6401,19.8202,-13.1801,-0.014324,-0.026939,0.083099,16,False
momentum_top,RELIANCE,2018-08-20,2018-08-21,547.653,2018-09-12,554.4032,TIME,1,6.7502,18.2562,-11.506,-0.020964,-0.023237,0.074156,16,False
momentum_top,BAJFINANCE,2018-08-20,2018-08-21,275.462,2018-09-10,256.1796,STOP,3,-57.847,19.3016,-77.1486,-0.093153,-0.086189,0.05391,14,False
momentum_top,SUNPHARMA,2018-08-20,2018-08-21,579.1042,2018-08-29,573.8849,MOMENTUM_FAIL,1,-5.2193,18.3646,-23.5839,-0.040636,-0.016111,0.02967,6,False
momentum_top,TORNTPHARM,2018-08-20,2018-08-21,795.4034,2018-08-29,801.3371,MOMENTUM_FAIL,1,5.9337,19.3006,-13.3669,-0.016769,-0.006293,0.026708,6,False
momentum_top,ADANIENSOL,2018-08-20,2018-08-21,168.0,2018-08-27,197.2099,TARGET,5,146.0497,19.7742,126.2755,0.15,-0.019643,0.214286,4,False
momentum_top,HAVELLS,2018-08-20,2018-08-21,660.1575,2018-08-29,678.2538,MOMENTUM_FAIL,1,18.0963,18.7543,-0.658,-0.000995,-0.004173,0.045759,6,False
momentum_top,GRAPHITE,2018-08-20,2018-08-21,834.7274,2018-08-24,776.2965,STOP,1,-58.4309,19.3356,-77.7665,-0.092961,-0.079981,0.000858,3,False
momentum_top,NAUKRI,2018-08-20,2018-08-21,289.3555,2018-09-12,310.2442,TIME,3,62.6662,19.723,42.9433,0.049362,0.0,0.139683,16,False
momentum_top,GODREJCP,2018-08-20,2018-08-21,867.1493,2018-08-29,895.2789,MOMENTUM_FAIL,1,28.1295,19.6488,8.4808,0.009759,-0.021996,0.046066,6,False
momentum_top,ADANIENT,2018-08-27,2018-08-28,134.6941,2018-09-06,157.834,TARGET,7,161.979,20.241,141.738,0.15,-0.050082,0.250726,8,False
momentum_top,OLECTRA,2018-08-27,2018-08-28,264.4795,2018-08-29,241.5247,GAP_STOP,3,-68.8645,19.14,-88.0045,-0.110673,-0.088491,0.0,2,False
momentum_top,ADANIPOWER,2018-08-27,2018-08-28,6.68,2018-09-05,6.2124,STOP,149,-69.6724,19.9908,-89.6632,-0.089888,-0.082335,0.080838,7,False
momentum_top,ADANIENSOL,2018-08-27,2018-08-28,204.0,2018-08-28,239.5832,TARGET,4,142.3329,19.6653,122.6676,0.15,0.0,0.0,1,False
momentum_top,RHIM,2018-08-27,2018-08-28,260.071,2018-08-28,241.866,STOP,3,-54.6149,19.1132,-73.7281,-0.094291,0.0,0.0,1,False
momentum_top,BANDHANBNK,2018-08-27,2018-08-28,668.0378,2018-09-04,612.7439,MOMENTUM_FAIL,1,-55.2939,18.6382,-73.932,-0.110429,-0.094698,0.005892,6,False
momentum_top,GRANULES,2018-08-27,2018-08-28,110.2886,2018-09-04,107.9753,MOMENTUM_FAIL,9,-20.82,20.0788,-40.8988,-0.041114,-0.038458,0.029287,6,False
momentum_top,RELIANCE,2018-08-27,2018-08-28,573.658,2018-09-04,549.7334,MOMENTUM_FAIL,1,-23.9246,18.3035,-42.2281,-0.073451,-0.053974,0.025463,6,False
momentum_top,BAJFINANCE,2018-08-27,2018-08-28,289.1485,2018-09-03,268.9081,STOP,3,-60.7212,19.4691,-80.1903,-0.092243,-0.089436,0.004024,5,False
momentum_top,BATAINDIA,2018-08-27,2018-08-28,948.3353,2018-09-04,920.1703,MOMENTUM_FAIL,1,-28.165,19.8769,-48.042,-0.050549,-0.038675,0.04859,6,False
momentum_top,ZYDUSWELL,2018-08-27,2018-08-28,319.6635,2018-09-03,374.4892,TARGET,3,164.4773,20.3142,144.1631,0.15,-0.022364,0.209825,5,False
momentum_top,HAVELLS,2018-08-27,2018-08-28,683.0034,2018-09-04,635.3166,MOMENTUM_FAIL,1,-47.6868,18.7168,-66.4037,-0.097011,-0.075174,0.013561,6,False
momentum_top,TIINDIA,2018-08-27,2018-08-28,274.1412,2018-09-19,288.3975,TIME,3,42.7689,19.4897,23.2792,0.028244,-0.002671,0.164737,16,False
momentum_top,SUNPHARMA,2018-08-27,2018-08-28,577.349,2018-09-19,601.188,TIME,1,23.839,18.4164,5.4226,0.009372,-0.01312,0.08688,16,False
momentum_top,DABUR,2018-08-27,2018-08-28,444.8324,2018-09-04,413.1507,MOMENTUM_FAIL,2,-63.3633,19.5575,-82.9208,-0.093001,-0.081366,0.010766,6,False
momentum_top,AJANTPHARM,2018-08-27,2018-08-28,749.2035,2018-09-04,744.0428,MOMENTUM_FAIL,1,-5.1606,19.083,-24.2436,-0.032289,-0.011345,0.045745,6,False
momentum_top,DRREDDY,2018-08-27,2018-08-28,465.2582,2018-09-19,495.0917,TIME,2,59.667,19.9806,39.6864,0.042557,-0.030592,0.085633,16,False
momentum_top,TORNTPHARM,2018-08-27,2018-08-28,808.5163,2018-09-04,794.3616,MOMENTUM_FAIL,1,-14.1548,19.3151,-33.4699,-0.041306,-0.021541,0.040448,6,False
momentum_top,ADANIPOWER,2018-09-03,2018-09-04,6.76,2018-09-05,6.2868,STOP,147,-69.5604,19.9843,-89.5447,-0.089914,-0.093195,0.0,2,False
momentum_top,ADANIENT,2018-09-03,2018-09-04,133.649,2018-09-06,156.627,TARGET,7,160.846,20.2078,140.6382,0.15,-0.024645,0.260507,3,False
momentum_top,ADANIENSOL,2018-09-03,2018-09-04,218.4,2018-09-05,203.112,STOP,4,-61.152,19.4942,-80.6462,-0.092113,-0.084707,0.0,2,False
momentum_top,RHIM,2018-09-03,2018-09-04,248.1164,2018-09-11,225.8138,MOMENTUM_FAIL,4,-89.2103,19.939,-109.1493,-0.109738,-0.103599,0.004761,6,False
momentum_top,OLECTRA,2018-09-03,2018-09-04,224.8076,2018-09-10,265.9766,TARGET,4,164.6759,20.0623,144.6137,0.160469,-0.029523,0.18313,5,False
momentum_top,GRANULES,2018-09-03,2018-09-04,110.8192,2018-09-12,103.0619,STOP,9,-69.8161,19.9992,-89.8153,-0.089855,-0.07786,0.07351,7,False
momentum_top,ZYDUSWELL,2018-09-03,2018-09-04,345.7096,2018-09-11,318.3548,MOMENTUM_FAIL,2,-54.7096,18.7381,-73.4477,-0.105996,-0.083025,0.019803,6,False
momentum_top,BATAINDIA,2018-09-03,2018-09-04,949.271,2018-09-11,909.2075,MOMENTUM_FAIL,1,-40.0635,19.8567,-59.9202,-0.062985,-0.046524,0.004554,6,False
momentum_top,ZENSARTECH,2018-09-03,2018-09-04,298.1638,2018-09-11,284.1926,MOMENTUM_FAIL,3,-41.9137,19.6216,-61.5353,-0.068644,-0.074585,0.026055,6,False
momentum_top,NAUKRI,2018-09-03,2018-09-04,323.704,2018-09-11,315.2455,MOMENTUM_FAIL,3,-25.3755,19.9788,-45.3543,-0.046602,-0.04578,0.00621,6,False
momentum_top,WELSPUNLIV,2018-09-03,2018-09-04,70.5838,2018-09-11,68.8876,MOMENTUM_FAIL,14,-23.7478,20.0542,-43.802,-0.04423,-0.037383,0.044726,6,False
momentum_top,GPIL,2018-09-03,2018-09-04,128.6589,2018-09-05,119.6528,STOP,7,-63.0429,19.6044,-82.6473,-0.091568,-0.075307,0.0,2,False
momentum_top,BANDHANBNK,2018-09-03,2018-09-04,647.9265,2018-09-05,602.5717,STOP,1,-45.3549,18.5735,-63.9283,-0.098451,-0.086303,0.0,2,False
momentum_top,AJANTPHARM,2018-09-03,2018-09-04,761.7712,2018-09-11,705.5507,MOMENTUM_FAIL,1,-56.2205,19.0321,-75.2526,-0.098571,-0.083366,0.031322,6,False
momentum_top,TIINDIA,2018-09-03,2018-09-04,292.694,2018-09-24,272.2054,STOP,3,-61.4657,19.5125,-80.9782,-0.092021,-0.081568,0.090909,13,False
momentum_top,SUNPHARMA,2018-09-03,2018-09-04,607.8331,2018-09-11,582.3374,MOMENTUM_FAIL,1,-25.4957,18.4446,-43.9403,-0.072132,-0.046277,0.032371,6,False
momentum_top,INTELLECT,2018-09-03,2018-09-04,258.1022,2018-09-11,244.7589,MOMENTUM_FAIL,3,-40.0301,19.118,-59.1481,-0.076222,-0.066038,0.026415,6,False
momentum_top,DRREDDY,2018-09-03,2018-09-04,492.7939,2018-09-11,479.3964,MOMENTUM_FAIL,2,-26.795,20.037,-46.8321,-0.047413,-0.033873,0.024971,6,False
momentum_top,ADANIENT,2018-09-10,2018-09-11,149.067,2018-09-19,145.4637,MOMENTUM_FAIL,6,-21.6196,19.6625,-41.2822,-0.046055,-0.054636,0.030795,6,False
momentum_top,ADANIPOWER,2018-09-10,2018-09-11,6.26,2018-09-12,5.8218,STOP,159,-69.6738,19.9909,-89.6647,-0.089888,-0.073482,0.0,2,False
momentum_top,RHIM,2018-09-10,2018-09-11,236.2564,2018-09-17,219.7184,STOP,4,-66.1518,19.7856,-85.9374,-0.090738,-0.0906,0.0,4,False
momentum_top,GRANULES,2018-09-10,2018-09-11,115.1575,2018-09-12,107.0965,STOP,8,-64.4882,19.6887,-84.1769,-0.091172,-0.112599,0.0,2,False
momentum_top,BATAINDIA,2018-09-10,2018-09-11,925.1616,2018-09-19,880.0621,MOMENTUM_FAIL,1,-45.0995,19.7446,-64.8441,-0.069937,-0.060597,0.024085,6,False
momentum_top,CGCL,2018-09-10,2018-09-11,117.7788,2018-09-17,109.5343,STOP,8,-65.9561,19.7742,-85.7303,-0.090788,-0.0792,0.0,4,False
momentum_top,ADANIENSOL,2018-09-10,2018-09-11,192.95,2018-09-12,179.4435,STOP,5,-67.5325,19.8661,-87.3986,-0.090394,-0.090179,0.0,2,False
momentum_top,WELCORP,2018-09-10,2018-09-11,151.9067,2018-09-12,141.2733,STOP,6,-63.8008,19.6486,-83.4494,-0.091358,-0.070801,0.0,2,False
momentum_top,AUROPHARMA,2018-09-10,2018-09-11,766.292,2018-09-19,742.791,MOMENTUM_FAIL,1,-23.5009,19.1178,-42.6187,-0.055495,-0.042973,0.018801,6,False
momentum_top,TIINDIA,2018-09-10,2018-09-11,294.891,2018-09-19,288.3975,MOMENTUM_FAIL,3,-19.4806,19.6258,-39.1064,-0.044108,-0.036093,0.02649,6,False
momentum_top,ZENSARTECH,2018-09-10,2018-09-11,280.387,2018-09-19,256.635,MOMENTUM_FAIL,3,-71.256,19.3367,-90.5926,-0.107465,-0.10078,0.032761,6,False
momentum_top,NAUKRI,2018-09-10,2018-09-11,314.0607,2018-09-19,288.7048,MOMENTUM_FAIL,3,-76.0679,19.7534,-95.8213,-0.10148,-0.134137,0.025665,6,False
momentum_top,WELSPUNLIV,2018-09-10,2018-09-11,70.6781,2018-09-12,65.7306,STOP,14,-69.2645,19.967,-89.2316,-0.089982,-0.099333,0.0,2,False
momentum_top,GODFRYPHLP,2018-09-10,2018-09-11,270.4044,2018-09-21,251.4761,STOP,3,-56.7849,19.2397,-76.0246,-0.093513,-0.180221,0.059448,7,False
momentum_top,ICICIGI,2018-09-10,2018-09-11,864.081,2018-09-19,823.1062,MOMENTUM_FAIL,1,-40.9748,19.4951,-60.4699,-0.069829,-0.056937,0.024315,6,False
momentum_top,GPIL,2018-09-10,2018-09-11,141.1961,2018-09-12,131.3124,STOP,7,-69.1861,19.9625,-89.1486,-0.090001,-0.099052,0.0,2,False
momentum_top,ADANIENT,2018-09-17,2018-09-18,150.0048,2018-09-21,139.5045,STOP,6,-63.002,19.602,-82.6041,-0.091579,-0.127016,0.010201,3,False
momentum_top,ADANIGREEN,2018-09-17,2018-09-18,53.4,2018-09-21,49.662,STOP,18,-67.284,19.8516,-87.1356,-0.090455,-0.077715,0.014981,3,False
momentum_top,OLECTRA,2018-09-17,2018-09-18,258.4913,2018-09-21,240.3969,STOP,3,-54.2832,19.0939,-73.377,-0.094416,-0.094981,0.010811,3,False
momentum_top,ADANIPOWER,2018-09-17,2018-09-18,6.11,2018-09-21,5.6823,STOP,163,-69.7151,19.9933,-89.7084,-0.089879,-0.183306,0.0,3,False
momentum_top,INTELLECT,2018-09-17,2018-09-18,265.894,2018-09-21,247.2814,STOP,3,-55.8377,19.1845,-75.0222,-0.093845,-0.172161,0.0,3,False
momentum_top,WELCORP,2018-09-17,2018-09-18,147.1314,2018-09-21,136.8322,STOP,6,-61.7952,19.5317,-81.3269,-0.091924,-0.075731,0.009064,3,False
momentum_top,CGCL,2018-09-17,2018-09-18,114.1983,2018-09-21,106.2044,STOP,8,-63.9511,19.6574,-83.6084,-0.091317,-0.158003,0.009488,3,False
momentum_top,RHIM,2018-09-17,2018-09-18,224.9161,2018-10-01,209.1719,STOP,4,-62.9765,19.6006,-82.577,-0.091586,-0.070798,0.07563,9,False
momentum_top,BALRAMCHIN,2018-09-17,2018-09-18,87.1028,2018-09-18,81.0056,STOP,11,-67.0692,19.8391,-86.9083,-0.090508,0.0,0.0,1,False
momentum_top,GRANULES,2018-09-17,2018-09-18,112.0725,2018-09-21,104.2274,STOP,8,-62.7606,19.588,-82.3486,-0.091647,-0.131183,0.0,3,False
momentum_top,GODFRYPHLP,2018-09-17,2018-09-18,281.4307,2018-09-19,261.7306,STOP,3,-59.1004,19.3746,-78.4751,-0.092745,-0.08,0.0,2,False
momentum_top,NAUKRI,2018-09-17,2018-09-18,304.9128,2018-09-19,283.5689,STOP,3,-64.0317,19.6621,-83.6937,-0.091295,-0.10816,0.0,2,False
momentum_top,SCHNEIDER,2018-09-17,2018-09-18,126.0,2018-09-19,117.18,STOP,7,-61.74,19.5285,-81.2685,-0.09194,-0.082936,0.003571,2,False
momentum_top,TIINDIA,2018-09-17,2018-09-18,293.3286,2018-09-24,272.7956,STOP,3,-61.599,19.5203,-81.1193,-0.091981,-0.083555,0.031957,4,False
momentum_top,AUROPHARMA,2018-09-17,2018-09-18,759.7826,2018-09-21,706.5978,STOP,1,-53.1848,19.0298,-72.2146,-0.094839,-0.120071,0.0,3,False
momentum_top,WIPRO,2018-09-17,2018-09-18,111.8145,2018-09-26,108.3691,MOMENTUM_FAIL,8,-27.5632,19.6509,-47.2142,-0.052667,-0.039466,0.026108,6,False
momentum_top,ZENSARTECH,2018-09-17,2018-09-18,278.9873,2018-09-19,259.4581,STOP,3,-58.5873,19.3447,-77.9321,-0.09291,-0.096268,0.0,2,False
momentum_top,GRAPHITE,2018-09-17,2018-09-18,790.1663,2018-09-21,732.0775,GAP_STOP,1,-58.0887,19.1482,-77.2369,-0.097534,-0.087311,0.007049,3,False
momentum_top,ADANIENT,2018-09-24,2018-09-25,131.791,2018-10-01,122.5656,STOP,7,-64.5776,19.6939,-84.2715,-0.091148,-0.089513,0.074157,5,False
momentum_top,ADANIGREEN,2018-09-24,2018-09-25,44.55,2018-09-28,41.4315,STOP,22,-68.607,19.9287,-88.5357,-0.090136,-0.083053,0.049383,4,False
momentum_top,ADANIPOWER,2018-09-24,2018-09-25,4.8,2018-10-01,4.464,STOP,207,-69.552,19.9838,-89.5358,-0.089916,-0.079167,0.116667,5,False
momentum_top,RHIM,2018-09-24,2018-09-25,219.2459,2018-10-09,203.8987,STOP,4,-61.3889,19.508,-80.8969,-0.092043,-0.082758,0.084052,10,False
momentum_top,WELCORP,2018-09-24,2018-09-25,134.1391,2018-09-27,124.7494,STOP,7,-65.7282,19.7609,-85.4891,-0.090847,-0.094291,0.0,3,False
momentum_top,WIPRO,2018-09-24,2018-09-25,113.0365,2018-10-03,111.1695,MOMENTUM_FAIL,8,-14.9357,19.7179,-34.6537,-0.038238,-0.052853,0.0,6,False
momentum_top,OLECTRA,2018-09-24,2018-09-25,218.0708,2018-09-28,202.8059,STOP,4,-61.0598,19.4888,-80.5487,-0.092141,-0.077803,0.043021,4,False
momentum_top,NAUKRI,2018-09-24,2018-09-25,300.096,2018-09-27,279.0893,STOP,3,-63.0202,19.6031,-82.6233,-0.091574,-0.072876,0.003042,3,False
momentum_top,RELIANCE,2018-09-24,2018-09-25,546.8783,2018-10-03,533.4221,MOMENTUM_FAIL,1,-13.4562,18.2118,-31.668,-0.05778,-0.028693,0.0293,6,False
momentum_top,JSWSTEEL,2018-09-24,2018-09-25,364.9802,2018-10-03,351.5914,MOMENTUM_FAIL,2,-26.7775,18.9577,-45.7352,-0.062518,-0.067588,0.036432,6,False
momentum_top,TIINDIA,2018-09-24,2018-09-25,281.2205,2018-10-03,285.0287,MOMENTUM_FAIL,3,11.4245,19.5156,-8.0911,-0.00957,-0.003299,0.047917,6,False
momentum_top,CGCL,2018-09-24,2018-09-25,101.1484,2018-09-25,94.068,STOP,9,-63.7235,19.6441,-83.3676,-0.091379,0.0,0.0,1,False
momentum_top,GRANULES,2018-09-24,2018-09-25,99.6361,2018-09-25,92.6616,STOP,10,-69.7453,19.9951,-89.7403,-0.089872,0.0,0.0,1,False
momentum_top,SCHNEIDER,2018-09-24,2018-09-25,111.0,2018-10-09,103.23,STOP,8,-62.16,19.553,-81.713,-0.091818,-0.10991,0.08018,10,False
momentum_top,HEGAM,2018-09-24,2018-09-25,653.7086,2018-09-25,607.949,STOP,1,-45.7596,18.5971,-64.3567,-0.098234,0.0,0.0,1,False
momentum_top,HCLTECH,2018-09-24,2018-09-25,425.7619,2018-10-03,421.628,MOMENTUM_FAIL,2,-8.2679,19.5087,-27.7766,-0.032549,-0.02559,0.017105,6,False
momentum_top,INTELLECT,2018-09-24,2018-09-25,226.3995,2018-09-28,210.5515,STOP,4,-63.3919,19.6248,-83.0166,-0.091471,-0.173586,0.013551,4,False
momentum_top,AUROPHARMA,2018-09-24,2018-09-25,703.6389,2018-10-17,723.9807,TIME,1,20.3418,18.9425,1.3993,0.001984,-0.021767,0.073396,16,False
momentum_top,ADANIENT,2018-10-01,2018-10-03,135.2462,2018-10-04,125.779,STOP,7,-66.2706,19.7926,-86.0632,-0.090708,-0.072992,0.0,2,False
momentum_top,ADANIPOWER,2018-10-01,2018-10-03,5.2,2018-10-04,4.836,STOP,191,-69.524,19.9822,-89.5062,-0.089922,-0.084615,0.0,2,False
momentum_top,ADANIGREEN,2018-10-01,2018-10-03,40.0,2018-10-04,35.4,GAP_STOP,24,-110.4,19.7588,-130.1587,-0.135286,-0.115,0.0,2,False
momentum_top,RHIM,2018-10-01,2018-10-03,220.6634,2018-10-09,205.217,STOP,4,-61.7858,19.5312,-81.3169,-0.091927,-0.088651,0.0,5,False
momentum_top,SCHNEIDER,2018-10-01,2018-10-03,115.0,2018-10-05,106.95,STOP,8,-64.4,19.6835,-84.0835,-0.091196,-0.086087,0.0,3,False
momentum_top,TIINDIA,2018-10-01,2018-10-03,290.9851,2018-10-05,270.6161,STOP,3,-61.1069,19.4916,-80.5985,-0.092127,-0.0901,0.0,3,False
momentum_top,RELIANCE,2018-10-01,2018-10-03,544.2225,2018-10-04,506.1269,STOP,1,-38.0956,18.1504,-56.246,-0.103126,-0.100447,0.0,2,False
momentum_top,ZENSARTECH,2018-10-01,2018-10-03,286.9483,2018-10-04,266.8619,STOP,3,-60.2591,19.4422,-79.7013,-0.092383,-0.106707,0.0,2,False
momentum_top,WIPRO,2018-10-01,2018-10-03,111.7975,2018-10-10,107.2489,MOMENTUM_FAIL,8,-36.3889,19.6324,-56.0213,-0.0625,-0.058297,0.003188,6,False
momentum_top,GRANULES,2018-10-01,2018-10-03,94.6712,2018-10-04,88.0442,STOP,10,-66.2698,19.7925,-86.0623,-0.090708,-0.074338,0.0,2,False
momentum_top,JSWSTEEL,2018-10-01,2018-10-03,348.4735,2018-10-10,345.539,MOMENTUM_FAIL,2,-5.8691,18.8609,-24.73,-0.035406,-0.060263,0.017105,6,False
momentum_top,AUROPHARMA,2018-10-01,2018-10-03,740.9244,2018-10-08,689.0597,STOP,1,-51.8647,18.9529,-70.8176,-0.095372,-0.070995,0.0,4,False
momentum_top,CARBORUNIV,2018-10-01,2018-10-03,373.0123,2018-10-04,346.9015,STOP,2,-52.2217,18.9737,-71.1954,-0.095225,-0.098842,0.0,2,False
momentum_top,NAUKRI,2018-10-01,2018-10-03,278.2069,2018-10-04,258.7324,STOP,3,-58.4235,19.3352,-77.7586,-0.092963,-0.084997,0.0,2,False
momentum_top,CGCL,2018-10-01,2018-10-03,86.3083,2018-10-05,80.2667,STOP,11,-66.4574,19.8034,-86.2608,-0.090661,-0.099345,0.00655,3,False
momentum_top,ADANIENT,2018-10-08,2018-10-09,134.259,2018-10-16,157.3315,TARGET,7,161.5073,20.2272,141.2802,0.15,-0.007353,0.176471,6,False
momentum_top,ADANIPOWER,2018-10-08,2018-10-09,4.74,2018-10-10,5.5501,TARGET,210,170.1158,20.4794,149.6364,0.15,0.0,0.350211,2,False
momentum_top,RHIM,2018-10-08,2018-10-09,208.4254,2018-10-31,213.5285,TIME,4,20.4124,19.4918,0.9206,0.001102,-0.037633,0.082294,16,False
momentum_top,SCHNEIDER,2018-10-08,2018-10-09,104.4,2018-10-31,109.85,TIME,9,49.05,19.9973,29.0527,0.030853,-0.037356,0.132184,16,False
momentum_top,JSWSTEEL,2018-10-08,2018-10-09,348.015,2018-10-16,342.6046,MOMENTUM_FAIL,2,-10.821,18.8469,-29.6679,-0.042531,-0.064954,0.01502,6,False
momentum_top,IDBI,2018-10-08,2018-10-09,55.458,2018-10-16,56.3098,MOMENTUM_FAIL,17,14.4797,19.9404,-5.4607,-0.005779,-0.013652,0.021331,6,False
momentum_top,WIPRO,2018-10-08,2018-10-09,107.6053,2018-10-16,108.3012,MOMENTUM_FAIL,9,6.2628,20.032,-13.7691,-0.014187,-0.038328,0.015931,6,False
momentum_top,RITES,2018-10-08,2018-10-09,64.8244,2018-10-31,70.1515,TIME,15,79.9062,20.1985,59.7078,0.061271,-0.028388,0.114408,16,False
momentum_top,OLECTRA,2018-10-08,2018-10-09,198.6092,2018-10-10,184.7065,STOP,5,-69.5132,19.9815,-89.4947,-0.089925,-0.085427,0.0,2,False
momentum_top,AUROPHARMA,2018-10-08,2018-10-09,705.5056,2018-10-31,757.7244,TIME,1,52.2188,19.0153,33.2035,0.046961,-0.03867,0.08114,16,False
momentum_top,ZENSARTECH,2018-10-08,2018-10-09,251.6047,2018-10-11,233.9924,STOP,3,-52.837,19.0096,-71.8466,-0.094977,-0.078929,0.0,3,False
momentum_top,ICICIBANK,2018-10-08,2018-10-09,297.9843,2018-10-16,306.7865,MOMENTUM_FAIL,3,26.4067,19.7584,6.6482,0.007421,-0.023921,0.041098,6,False
momentum_top,TIINDIA,2018-10-08,2018-10-09,274.483,2018-10-31,285.8586,TIME,3,34.127,19.4765,14.6506,0.017753,-0.003735,0.08858,16,False
momentum_top,NAUKRI,2018-10-08,2018-10-09,274.8275,2018-10-31,306.6706,TIME,3,95.5293,19.6059,75.9235,0.091885,-0.023392,0.14841,16,False
momentum_top,HCLTECH,2018-10-08,2018-10-09,412.0463,2018-10-12,383.203,STOP,2,-57.6865,19.2922,-76.9787,-0.093206,-0.086263,0.0,4,False
momentum_top,RELIANCE,2018-10-08,2018-10-09,496.4841,2018-10-11,461.7302,STOP,2,-69.5078,19.9812,-89.489,-0.089926,-0.07012,0.0,3,False
momentum_top,ADANIENT,2018-10-15,2018-10-16,150.3997,2018-11-02,176.3519,TARGET,6,155.7131,20.0574,135.6557,0.15,0.0,0.178208,13,False
momentum_top,ADANIPOWER,2018-10-15,2018-10-16,7.06,2018-10-19,6.5658,STOP,141,-69.6822,19.9914,-89.6736,-0.089886,-0.070822,0.049575,3,False
momentum_top,BALRAMCHIN,2018-10-15,2018-10-16,93.2787,2018-10-17,86.7492,STOP,10,-65.2951,19.7357,-85.0308,-0.090959,-0.165277,0.0,2,False
momentum_top,CGCL,2018-10-15,2018-10-16,106.1894,2018-10-22,98.7561,STOP,9,-66.8993,19.8292,-86.7285,-0.09055,-0.078083,0.053239,4,False
momentum_top,WELCORP,2018-10-15,2018-10-16,128.7615,2018-10-17,119.7482,STOP,7,-63.0931,19.6074,-82.7005,-0.091554,-0.097895,0.032409,2,False
momentum_top,RHIM,2018-10-15,2018-10-16,217.7339,2018-10-23,200.5817,GAP_STOP,4,-68.6088,19.4678,-88.0765,-0.100908,-0.078776,0.02691,5,False
momentum_top,WELSPUNLIV,2018-10-15,2018-10-16,64.4584,2018-10-17,59.9463,STOP,15,-67.6813,19.8748,-87.5561,-0.090358,-0.093567,0.017544,2,False
momentum_top,SCHNEIDER,2018-10-15,2018-10-16,113.3,2018-10-22,105.369,STOP,8,-63.448,19.628,-83.076,-0.091455,-0.082083,0.030009,4,False
momentum_top,AUROPHARMA,2018-10-15,2018-10-16,724.6509,2018-10-24,703.0645,MOMENTUM_FAIL,1,-21.5864,18.9458,-40.5323,-0.055811,-0.052444,0.035997,6,False
momentum_top,TRIDENT,2018-10-15,2018-10-16,5.8537,2018-10-17,5.444,STOP,170,-69.6592,19.9901,-89.6492,-0.089891,-0.103521,0.0,2,False
momentum_top,RITES,2018-10-15,2018-10-16,69.6257,2018-10-19,64.7519,STOP,14,-68.2332,19.9069,-88.1402,-0.090225,-0.077305,0.008744,3,False
momentum_top,DRREDDY,2018-10-15,2018-10-16,487.4577,2018-10-24,462.2768,MOMENTUM_FAIL,2,-50.3618,19.944,-70.3058,-0.071957,-0.07026,0.012505,6,False
momentum_top,JSWSTEEL,2018-10-15,2018-10-16,345.7225,2018-10-23,321.5219,STOP,2,-48.4011,18.751,-67.1522,-0.096907,-0.089523,0.003846,5,False
momentum_top,NAUKRI,2018-10-15,2018-10-16,298.1926,2018-10-24,303.3008,MOMENTUM_FAIL,3,15.3244,19.7385,-4.4141,-0.004924,-0.068586,0.04149,6,False
momentum_top,TIINDIA,2018-10-15,2018-10-16,286.884,2018-10-24,286.4934,MOMENTUM_FAIL,3,-1.1719,19.5617,-20.7336,-0.024038,-0.033186,0.041525,6,False
momentum_top,NLCINDIA,2018-10-15,2018-10-16,60.1681,2018-10-23,55.9564,STOP,16,-67.3883,19.8577,-87.246,-0.09043,-0.096774,0.001759,5,False
momentum_top,ICICIBANK,2018-10-15,2018-10-16,300.1848,2018-11-07,340.5124,TIME,3,120.9828,19.9789,101.0039,0.111913,-0.011315,0.14247,16,False
momentum_top,ADANIENT,2018-10-22,2018-10-23,166.8365,2018-10-30,166.8859,MOMENTUM_FAIL,5,0.2469,19.4528,-19.2059,-0.022973,-0.044379,0.034024,6,False
momentum_top,BALRAMCHIN,2018-10-22,2018-10-23,87.8806,2018-10-30,102.9414,TARGET,11,165.669,20.3491,145.3199,0.15,-0.013014,0.180115,6,False
momentum_top,OLECTRA,2018-10-22,2018-10-23,189.6268,2018-11-05,222.186,TARGET,5,162.796,20.2649,142.531,0.15,-0.042105,0.182895,10,False
momentum_top,CGCL,2018-10-22,2018-10-23,94.4115,2018-10-31,110.6288,TARGET,10,162.1735,20.2467,141.9268,0.15,0.0,0.187625,7,False
momentum_top,ADANIPOWER,2018-10-22,2018-10-23,6.6,2018-10-29,7.7278,TARGET,151,170.3017,20.4849,149.8168,0.15,-0.021212,0.336364,5,False
momentum_top,TIINDIA,2018-10-22,2018-10-23,294.8909,2018-10-30,284.4917,MOMENTUM_FAIL,3,-31.1978,19.602,-50.7998,-0.057297,-0.056291,0.0,6,False
momentum_top,AUROPHARMA,2018-10-22,2018-10-23,722.6407,2018-10-30,737.574,MOMENTUM_FAIL,1,14.9332,19.0117,-4.0785,-0.005632,-0.061465,0.029076,6,False
momentum_top,RHIM,2018-10-22,2018-10-23,200.5817,2018-11-14,207.2441,TIME,4,26.6497,19.3721,7.2776,0.009051,0.0,0.124617,16,False
momentum_top,SCHNEIDER,2018-10-22,2018-10-23,105.25,2018-11-14,109.7,TIME,9,40.05,20.0113,20.0387,0.021108,-0.048456,0.149644,16,False
momentum_top,GALLANTT,2018-10-22,2018-10-23,49.2597,2018-11-09,57.6864,TARGET,20,168.5352,20.4331,148.1021,0.15,-0.01998,0.178821,13,False
momentum_top,RITES,2018-10-22,2018-10-23,65.5855,2018-11-09,76.8066,TARGET,15,168.3166,20.4267,147.8899,0.15,-0.012658,0.226793,13,False
momentum_top,ICICIBANK,2018-10-22,2018-10-23,309.0349,2018-11-14,350.7498,TIME,3,125.1448,20.0995,105.0453,0.113058,-0.034675,0.145201,16,False
momentum_top,DRREDDY,2018-10-22,2018-10-23,479.4913,2018-10-30,492.6609,MOMENTUM_FAIL,2,26.3392,20.0329,6.3063,0.006562,-0.06214,0.033684,6,False
momentum_top,TRIDENT,2018-10-22,2018-10-23,5.3229,2018-10-30,5.2938,MOMENTUM_FAIL,187,-5.4476,20.1219,-25.5695,-0.025632,-0.038311,0.024238,6,False
momentum_top,WELSPUNLIV,2018-10-22,2018-10-23,54.6106,2018-10-30,55.7886,MOMENTUM_FAIL,18,21.2035,20.1238,1.0797,0.001096,-0.031924,0.038827,6,False
momentum_top,NLCINDIA,2018-10-22,2018-10-23,56.8157,2018-11-14,57.4862,TIME,17,11.3984,20.0315,-8.6331,-0.008919,-0.032298,0.054658,16,False
momentum_top,WELCORP,2018-10-22,2018-10-23,110.0904,2018-10-25,102.3841,STOP,9,-69.357,19.9724,-89.3294,-0.089961,-0.077765,0.010942,3,False
momentum_top,BIOCON,2018-10-22,2018-10-23,330.5971,2018-10-23,307.4553,STOP,3,-69.4254,19.9764,-89.4018,-0.089945,0.0,0.0,1,False
momentum_top,ADANIPOWER,2018-10-29,2018-10-30,8.39,2018-11-01,9.8246,TARGET,118,169.2827,20.455,148.8277,0.15,0.0,0.237187,3,False
momentum_top,BALRAMCHIN,2018-10-29,2018-10-30,99.5461,2018-11-06,95.0629,MOMENTUM_FAIL,10,-44.8324,20.042,-64.8744,-0.065028,-0.069853,0.024356,6,False
momentum_top,ADANIENT,2018-10-29,2018-10-30,170.2918,2018-11-05,158.3713,STOP,5,-59.6021,19.4039,-79.006,-0.092587,-0.096812,0.04058,5,False
momentum_top,CGCL,2018-10-29,2018-10-30,102.0435,2018-11-06,119.6202,TARGET,9,158.1899,20.13,138.06,0.15,0.0,0.180517,6,False
momentum_top,INTELLECT,2018-10-29,2018-10-30,250.2618,2018-11-16,232.7435,STOP,3,-52.555,18.9931,-71.5481,-0.09509,-0.089901,0.093403,13,False
momentum_top,AUROPHARMA,2018-10-29,2018-10-30,738.1962,2018-11-06,752.3159,MOMENTUM_FAIL,1,14.1197,19.0757,-4.9561,-0.006699,-0.001491,0.043636,6,False
momentum_top,SCHNEIDER,2018-10-29,2018-10-30,112.0,2018-11-05,104.16,STOP,8,-62.72,19.5856,-82.3056,-0.091659,-0.075893,0.008929,5,False
momentum_top,TIINDIA,2018-10-29,2018-10-30,286.3469,2018-11-06,290.0575,MOMENTUM_FAIL,3,11.1317,19.5799,-8.4483,-0.009813,-0.018073,0.043478,6,False
momentum_top,DRREDDY,2018-10-29,2018-10-30,480.5832,2018-11-06,465.4196,MOMENTUM_FAIL,2,-30.3272,19.9267,-50.2539,-0.05217,-0.055202,0.017288,6,False
momentum_top,WIPRO,2018-10-29,2018-10-30,111.6787,2018-11-06,110.287,MOMENTUM_FAIL,8,-11.1339,19.6798,-30.8137,-0.034414,-0.045289,0.014438,6,False
momentum_top,GALLANTT,2018-10-29,2018-10-30,51.7202,2018-11-06,50.3915,MOMENTUM_FAIL,19,-25.2449,20.0279,-45.2728,-0.04597,-0.056137,0.007612,6,False
momentum_top,ICICIBANK,2018-10-29,2018-10-30,332.4278,2018-11-06,337.8335,MOMENTUM_FAIL,3,16.2171,20.174,-3.9569,-0.003959,-0.014822,0.031659,6,False
momentum_top,TRIDENT,2018-10-29,2018-10-30,5.3354,2018-11-21,5.5726,TIME,187,44.3606,20.2332,24.1275,0.02413,-0.015601,0.129485,16,False
momentum_top,NAUKRI,2018-10-29,2018-10-30,305.9033,2018-11-02,284.49,STOP,3,-64.2397,19.6742,-83.9139,-0.091239,-0.078095,0.012064,4,False
momentum_top,TORNTPHARM,2018-10-29,2018-10-30,748.7495,2018-11-21,739.5319,TIME,1,-9.2175,19.0728,-28.2903,-0.037701,-0.049635,0.057107,16,False
momentum_top,USHAMART,2018-11-05,2018-11-06,39.4545,2018-11-06,36.6927,STOP,25,-69.0453,19.9543,-88.9996,-0.090033,0.0,0.0,1,False
momentum_top,ADANIPOWER,2018-11-05,2018-11-06,10.14,2018-11-12,9.4302,STOP,98,-69.5604,19.9843,-89.5447,-0.089914,-0.074951,0.003945,4,False
momentum_top,BALRAMCHIN,2018-11-05,2018-11-06,95.4289,2018-11-28,88.7488,STOP,10,-66.8002,19.8234,-86.6236,-0.090575,-0.077181,0.146692,15,False
momentum_top,CGCL,2018-11-05,2018-11-06,117.3077,2018-11-14,118.3912,MOMENTUM_FAIL,8,8.6684,19.9103,-11.2418,-0.011953,-0.02249,0.036546,6,False
momentum_top,ADANIENT,2018-11-05,2018-11-06,166.0962,2018-11-14,158.7909,MOMENTUM_FAIL,6,-43.8314,20.0487,-63.8802,-0.06396,-0.06003,0.004458,6,False
momentum_top,OLECTRA,2018-11-05,2018-11-06,223.56,2018-11-28,207.9108,STOP,4,-62.5968,19.5784,-82.1752,-0.091693,-0.071429,0.135714,15,False
momentum_top,AUROPHARMA,2018-11-05,2018-11-06,748.774,2018-11-29,759.4946,TIME,1,10.7205,19.1135,-8.3929,-0.011184,-0.029276,0.051138,16,False
momentum_top,INTELLECT,2018-11-05,2018-11-06,238.428,2018-11-27,221.7381,STOP,4,-66.7598,19.8211,-86.5809,-0.090585,-0.079657,0.131127,14,False
momentum_top,TIINDIA,2018-11-05,2018-11-06,292.3034,2018-11-14,283.8081,MOMENTUM_FAIL,3,-25.4857,19.5808,-45.0665,-0.05128,-0.0309,0.021881,6,False
momentum_top,WIPRO,2018-11-05,2018-11-06,110.253,2018-11-14,110.1682,MOMENTUM_FAIL,9,-0.7637,20.1183,-20.882,-0.020999,-0.022013,0.009852,6,False
momentum_top,ICICIBANK,2018-11-05,2018-11-06,333.6237,2018-11-29,346.54,TIME,2,25.8326,18.8,7.0326,0.010517,-0.002581,0.076283,16,False
momentum_top,HINDALCO,2018-11-05,2018-11-06,230.4779,2018-11-13,214.3444,STOP,4,-64.5338,19.6913,-84.2251,-0.09116,-0.075736,0.00885,5,False
momentum_top,SRF,2018-11-05,2018-11-06,389.3439,2018-11-29,418.1562,TIME,2,57.6246,19.3353,38.2893,0.049064,-0.006412,0.08034,16,False
momentum_top,UPL,2018-11-05,2018-11-06,443.7713,2018-11-29,479.4318,TIME,2,71.3209,19.8228,51.498,0.057897,-0.006587,0.09464,16,False
momentum_top,GALLANTT,2018-11-05,2018-11-06,50.7852,2018-11-12,59.5447,TARGET,19,166.4298,20.3432,146.0866,0.151068,0.0,0.25969,4,False
momentum_top,BALRAMCHIN,2018-11-12,2018-11-13,106.5454,2018-11-19,99.0873,STOP,9,-67.1236,19.8423,-86.9659,-0.090495,-0.089309,0.013311,5,False
momentum_top,USHAMART,2018-11-12,2018-11-13,41.0288,2018-11-20,39.4545,MOMENTUM_FAIL,24,-37.7848,20.0109,-57.7957,-0.058566,-0.044186,0.046512,6,False
momentum_top,ADANIPOWER,2018-11-12,2018-11-13,9.63,2018-11-20,9.45,MOMENTUM_FAIL,103,-18.54,20.0805,-38.6205,-0.038851,-0.033229,0.042575,6,False
momentum_top,CGCL,2018-11-12,2018-11-13,117.4961,2018-11-15,109.2714,STOP,8,-65.7978,19.765,-85.5628,-0.090829,-0.093023,0.034884,3,False
momentum_top,LINDEINDIA,2018-11-12,2018-11-13,576.4536,2018-12-05,645.7249,TIME,1,69.2713,18.5051,50.7662,0.087874,0.0,0.180504,16,False
momentum_top,AUROPHARMA,2018-11-12,2018-11-13,771.557,2018-11-20,746.7906,MOMENTUM_FAIL,1,-24.7663,19.1374,-43.9038,-0.056779,-0.04969,0.0,6,False
momentum_top,OLECTRA,2018-11-12,2018-11-13,239.5286,2018-11-15,222.7616,STOP,4,-67.068,19.839,-86.907,-0.090508,-0.095833,0.0,3,False
momentum_top,ADANIENT,2018-11-12,2018-11-13,158.1986,2018-11-20,158.0999,MOMENTUM_FAIL,6,-0.5923,19.9367,-20.5291,-0.021581,-0.020593,0.037441,6,False
momentum_top,GALLANTT,2018-11-12,2018-11-13,60.6765,2018-11-14,56.4292,STOP,16,-67.9577,19.8909,-87.8486,-0.090291,-0.090024,0.018654,2,False
momentum_top,TIINDIA,2018-11-12,2018-11-13,289.081,2018-11-20,286.1028,MOMENTUM_FAIL,3,-8.9345,19.5737,-28.5082,-0.032801,-0.038169,0.016382,6,False
momentum_top,CUMMINSIND,2018-11-12,2018-11-13,693.1139,2018-11-20,681.2286,MOMENTUM_FAIL,1,-11.8853,18.8324,-30.7177,-0.044222,-0.029351,0.03273,6,False
momentum_top,WIPRO,2018-11-12,2018-11-13,109.8117,2018-11-20,109.065,MOMENTUM_FAIL,9,-6.721,20.0894,-26.8104,-0.027068,-0.014992,0.036785,6,False
momentum_top,WELCORP,2018-11-12,2018-11-13,126.9977,2018-12-05,129.4068,TIME,7,16.8642,19.718,-2.8538,-0.003203,-0.048781,0.110434,16,False
momentum_top,PFC,2018-11-12,2018-11-13,49.5337,2018-11-28,46.0663,STOP,20,-69.3471,19.9719,-89.319,-0.089963,-0.0915,0.0855,11,False
momentum_top,UPL,2018-11-12,2018-11-13,448.6019,2018-12-05,461.1554,TIME,2,25.1071,19.7695,5.3376,0.005936,-0.001097,0.082853,16,False
momentum_top,SCHNEIDER,2018-11-12,2018-11-13,106.25,2018-12-05,108.45,TIME,9,19.8,20.008,-0.2081,-0.000217,-0.005176,0.138824,16,False
momentum_top,TRIDENT,2018-11-12,2018-11-13,5.9389,2018-11-20,5.5227,MOMENTUM_FAIL,168,-69.9181,20.0005,-89.9186,-0.089927,-0.083392,0.0,6,False
momentum_top,CGCL,2018-11-19,2018-11-20,120.841,2018-12-12,127.0598,TIME,8,49.7499,20.1133,29.6366,0.03059,-0.050292,0.083821,16,False
momentum_top,BALRAMCHIN,2018-11-19,2018-11-20,98.9056,2018-11-28,88.6583,MOMENTUM_FAIL,10,-102.4737,19.8976,-122.3713,-0.123455,-0.109621,0.004163,6,False
momentum_top,ADANIPOWER,2018-11-19,2018-11-20,9.48,2018-11-29,11.1002,TARGET,105,170.1158,20.4794,149.6364,0.15,-0.030591,0.21308,7,False
momentum_top,LINDEINDIA,2018-11-19,2018-11-20,607.3593,2018-12-12,659.0463,TIME,1,51.687,18.5998,33.0872,0.054358,-0.010847,0.124262,16,False
momentum_top,USHAMART,2018-11-19,2018-11-20,39.9793,2018-11-27,37.1807,STOP,24,-67.1652,19.8447,-87.0098,-0.090484,-0.087112,0.002387,5,False
momentum_top,ADANIENSOL,2018-11-19,2018-11-20,229.95,2018-12-06,213.8535,STOP,4,-64.386,19.6827,-84.0687,-0.0912,-0.070885,0.11459,12,False
momentum_top,UPL,2018-11-19,2018-11-20,474.4473,2018-11-28,474.9704,MOMENTUM_FAIL,2,1.0461,19.9388,-18.8927,-0.019867,-0.022049,0.018028,6,False
momentum_top,ADANIENT,2018-11-19,2018-11-20,159.5807,2018-11-28,155.9774,MOMENTUM_FAIL,6,-21.6198,19.9289,-41.5487,-0.043299,-0.045778,0.002165,6,False
momentum_top,PFC,2018-11-19,2018-11-20,50.3262,2018-11-28,45.7443,MOMENTUM_FAIL,19,-87.0554,19.7902,-106.8456,-0.111496,-0.105807,0.038386,6,False
momentum_top,WELCORP,2018-11-19,2018-11-20,134.1821,2018-12-10,124.7894,STOP,7,-65.7492,19.7622,-85.5114,-0.090841,-0.070215,0.050978,14,False
momentum_top,AUROPHARMA,2018-11-19,2018-11-20,758.3918,2018-11-28,757.4332,MOMENTUM_FAIL,1,-0.9586,19.1303,-20.089,-0.026431,-0.016182,0.021176,6,False
momentum_top,WIPRO,2018-11-19,2018-11-20,112.3237,2018-11-22,104.461,STOP,8,-62.9013,19.5962,-82.4974,-0.091607,-0.075249,0.0,3,False
momentum_top,CUMMINSIND,2018-11-19,2018-11-20,680.1876,2018-11-28,686.3906,MOMENTUM_FAIL,1,6.203,18.8147,-12.6117,-0.018501,-0.030228,0.038135,6,False
momentum_top,JWL,2018-11-19,2018-11-20,14.7431,2018-11-28,13.5517,MOMENTUM_FAIL,67,-79.821,19.9383,-99.7593,-0.100773,-0.084175,0.010101,6,False
momentum_top,RECLTD,2018-11-19,2018-11-20,50.2269,2018-11-28,45.1005,MOMENTUM_FAIL,19,-97.4022,19.7612,-117.1634,-0.122505,-0.118266,0.016606,6,False
momentum_top,SCHNEIDER,2018-11-19,2018-11-20,117.0,2018-11-26,108.81,STOP,8,-65.52,19.7488,-85.2688,-0.0909,-0.071368,0.0,4,False
momentum_top,TORNTPOWER,2018-11-19,2018-11-20,211.6759,2018-11-28,208.4606,MOMENTUM_FAIL,4,-12.8613,19.479,-32.3403,-0.038112,-0.029406,0.048685,6,False
momentum_top,ADANIPOWER,2018-11-26,2018-11-27,10.1,2018-12-18,10.56,TIME,98,45.08,20.2012,24.8788,0.02508,-0.060396,0.155446,16,False
momentum_top,LINDEINDIA,2018-11-26,2018-11-27,644.2716,2018-12-04,650.8596,MOMENTUM_FAIL,1,6.588,18.6638,-12.0758,-0.018702,-0.029549,0.037519,6,False
momentum_top,USHAMART,2018-11-26,2018-11-27,37.9755,2018-12-10,34.4451,GAP_STOP,26,-91.7901,19.9122,-111.7023,-0.112885,-0.129397,0.057789,10,False
momentum_top,ADANIENSOL,2018-11-26,2018-11-27,238.0,2018-12-03,221.34,STOP,4,-66.64,19.8141,-86.4541,-0.090615,-0.092017,0.076891,5,False
momentum_top,BALRAMCHIN,2018-11-26,2018-11-27,93.0043,2018-12-18,94.4224,TIME,10,14.1817,19.8859,-5.7043,-0.00612,-0.055091,0.055583,16,False
momentum_top,CGCL,2018-11-26,2018-11-27,119.8517,2018-12-18,124.3273,TIME,8,35.8048,20.0515,15.7534,0.016394,-0.042453,0.100629,16,False
momentum_top,PFC,2018-11-26,2018-11-27,50.2271,2018-11-28,46.7112,STOP,19,-66.8021,19.8235,-86.6256,-0.090574,-0.104043,0.007396,2,False
momentum_top,UPL,2018-11-26,2018-11-27,471.3704,2018-12-04,462.4169,MOMENTUM_FAIL,2,-17.9071,19.8742,-37.7814,-0.039989,-0.049347,0.030548,6,False
momentum_top,ADANIENT,2018-11-26,2018-11-27,155.3357,2018-12-10,144.4622,STOP,6,-65.241,19.7325,-84.9735,-0.090973,-0.103909,0.115666,10,False
momentum_top,AUROPHARMA,2018-11-26,2018-11-27,765.5826,2018-12-04,789.6,MOMENTUM_FAIL,1,24.0174,19.2115,4.8059,0.006264,-0.024796,0.040013,6,False
momentum_top,GALLANTT,2018-11-26,2018-11-27,59.397,2018-11-27,55.2392,STOP,16,-66.5247,19.8074,-86.332,-0.090644,0.0,0.0,1,False
momentum_top,MUTHOOTFIN,2018-11-26,2018-11-27,401.6595,2018-12-04,389.6709,MOMENTUM_FAIL,2,-23.9771,19.2732,-43.2502,-0.053722,-0.052179,0.015904,6,False
momentum_top,RECLTD,2018-11-26,2018-11-27,49.637,2018-11-28,46.1624,STOP,20,-69.4917,19.9803,-89.472,-0.08993,-0.107787,0.006557,2,False
momentum_top,PIIND,2018-11-26,2018-11-27,814.3905,2018-12-04,787.2945,MOMENTUM_FAIL,1,-27.096,19.3136,-46.4095,-0.056863,-0.045621,0.010131,6,False
momentum_top,INDHOTEL,2018-11-26,2018-11-27,130.2797,2018-12-18,136.789,TIME,7,45.5651,19.8735,25.6916,0.02811,-0.007241,0.108617,16,False
momentum_top,WIPRO,2018-11-26,2018-11-27,107.5544,2018-12-18,113.7324,TIME,9,55.6019,20.1305,35.4714,0.036564,-0.023986,0.08553,16,False
momentum_top,ICICIGI,2018-11-26,2018-11-27,763.8871,2018-12-18,871.1269,TIME,1,107.2397,19.3738,87.8659,0.114774,-0.018477,0.157303,16,False
momentum_top,LINDEINDIA,2018-12-03,2018-12-04,651.0534,2018-12-11,663.8905,MOMENTUM_FAIL,1,12.8371,18.7052,-5.8681,-0.008994,-0.032515,0.048809,6,False
momentum_top,ADANIPOWER,2018-12-03,2018-12-04,11.6,2018-12-05,10.788,STOP,86,-69.832,20.0001,-89.8321,-0.089852,-0.077586,0.0,2,False
momentum_top,JWL,2018-12-03,2018-12-04,19.856,2018-12-06,17.9696,GAP_STOP,50,-94.3157,19.93,-114.2457,-0.114823,-0.095,0.0,3,False
momentum_top,USHAMART,2018-12-03,2018-12-04,38.6911,2018-12-06,35.9828,STOP,25,-67.7095,19.8764,-87.5859,-0.090351,-0.081381,0.0,3,False
momentum_top,CGCL,2018-12-03,2018-12-04,125.3166,2018-12-10,116.5445,STOP,7,-61.4051,19.509,-80.9141,-0.092038,-0.084211,0.0,5,False
momentum_top,ADANIENT,2018-12-03,2018-12-04,163.8256,2018-12-06,152.3578,STOP,6,-68.8067,19.9404,-88.7471,-0.090089,-0.09762,0.0,3,False
momentum_top,PFC,2018-12-03,2018-12-04,47.8,2018-12-06,44.454,STOP,20,-66.92,19.8304,-86.7504,-0.090545,-0.076684,0.006218,3,False
momentum_top,AUROPHARMA,2018-12-03,2018-12-04,768.9384,2018-12-07,715.1127,STOP,1,-53.8257,19.0672,-72.8929,-0.09459,-0.086035,0.030923,4,False
momentum_top,POLYMED,2018-12-03,2018-12-04,231.3069,2018-12-11,219.3939,MOMENTUM_FAIL,4,-47.6521,19.7397,-67.3918,-0.072679,-0.065588,0.040362,6,False
momentum_top,MUTHOOTFIN,2018-12-03,2018-12-04,392.2962,2018-12-06,364.8354,STOP,2,-54.9215,19.1311,-74.0525,-0.094178,-0.131608,0.013607,3,False
momentum_top,WIPRO,2018-12-03,2018-12-04,111.4241,2018-12-11,111.3392,MOMENTUM_FAIL,8,-0.679,19.6925,-20.3715,-0.022804,-0.011577,0.031835,6,False
momentum_top,ICICIGI,2018-12-03,2018-12-04,817.3877,2018-12-26,789.8746,TIME,1,-27.5131,19.3254,-46.8385,-0.057178,-0.053378,0.081554,16,False
momentum_top,TATAPOWER,2018-12-03,2018-12-04,74.903,2018-12-10,69.6598,STOP,13,-68.1618,19.9028,-88.0645,-0.090242,-0.075712,0.0,5,False
momentum_top,OBEROIRLTY,2018-12-03,2018-12-04,459.0806,2018-12-11,436.0681,MOMENTUM_FAIL,2,-46.0249,19.7132,-65.7381,-0.071441,-0.059771,0.032217,6,False
momentum_top,DRREDDY,2018-12-03,2018-12-04,510.4547,2018-12-11,515.8004,MOMENTUM_FAIL,1,5.3457,18.0963,-12.7506,-0.024924,-0.02487,0.023047,6,False
momentum_top,LINDEINDIA,2018-12-10,2018-12-11,651.5864,2018-12-18,650.3752,MOMENTUM_FAIL,1,-1.2111,18.6788,-19.8899,-0.030459,-0.005279,0.0397,6,False
momentum_top,JWL,2018-12-10,2018-12-11,17.92,2018-12-14,20.9854,TARGET,55,168.5982,20.435,148.1632,0.15,0.0,0.216067,4,False
momentum_top,ADANIPOWER,2018-12-10,2018-12-11,9.51,2019-01-02,10.11,TIME,104,62.3999,20.2332,42.1667,0.042541,0.0,0.140904,16,False
momentum_top,BALRAMCHIN,2018-12-10,2018-12-11,87.8806,2019-01-02,95.6118,TIME,11,85.0443,20.185,64.8593,0.066948,0.0,0.117127,16,False
momentum_top,INDIGO,2018-12-10,2018-12-11,976.3361,2018-12-19,1143.4996,TARGET,1,167.1635,20.3929,146.7706,0.15,0.0,0.177922,7,False
momentum_top,INDHOTEL,2018-12-10,2018-12-11,130.6571,2019-01-02,133.8174,TIME,7,22.1221,19.8369,2.2852,0.002493,-0.023466,0.105415,16,False
momentum_top,TDPOWERSYS,2018-12-10,2018-12-11,11.3608,2019-01-02,12.1737,TIME,87,70.7168,20.2474,50.4693,0.050951,0.0,0.09817,16,False
momentum_top,POLYMED,2018-12-10,2018-12-11,222.1655,2018-12-18,222.36,MOMENTUM_FAIL,4,0.778,19.6839,-18.906,-0.021228,-0.038302,0.027796,6,False
momentum_top,TATAINVEST,2018-12-10,2018-12-11,73.4789,2019-01-02,78.4341,TIME,13,64.4182,20.0946,44.3236,0.0463,0.0,0.073428,16,False
momentum_top,ADANIENSOL,2018-12-10,2018-12-11,204.4,2019-01-02,200.55,TIME,4,-15.4,19.3509,-34.7509,-0.042411,-0.045988,0.110078,16,False
momentum_top,TIINDIA,2018-12-10,2018-12-11,314.4202,2019-01-02,344.6904,TIME,3,90.8107,20.0978,70.7129,0.074803,-0.005124,0.127329,16,False
momentum_top,FEDERALBNK,2018-12-10,2018-12-11,76.2481,2018-12-19,89.2842,TARGET,13,169.4694,20.4605,149.0089,0.15,0.0,0.171393,7,False
momentum_top,PIIND,2018-12-10,2018-12-11,795.594,2019-01-02,843.7321,TIME,1,48.1381,19.3874,28.7507,0.036059,-0.0108,0.08002,16,False
momentum_top,TITAN,2018-12-10,2018-12-11,874.981,2019-01-02,907.2454,TIME,1,32.2644,19.6903,12.5741,0.014339,-0.03426,0.069244,16,False
momentum_top,ADANIPOWER,2018-12-17,2018-12-18,10.41,2018-12-26,10.17,MOMENTUM_FAIL,95,-22.8,20.0594,-42.8593,-0.043244,-0.050913,0.0317,6,False
momentum_top,LINDEINDIA,2018-12-17,2018-12-18,656.7211,2018-12-26,661.3229,MOMENTUM_FAIL,1,4.6019,18.7123,-14.1105,-0.021439,-0.011433,0.039906,6,False
momentum_top,JWL,2018-12-17,2018-12-18,22.8344,2018-12-21,27.153,TARGET,43,185.703,20.4541,165.2489,0.167932,0.0,0.189131,4,False
momentum_top,EIHOTEL,2018-12-17,2018-12-18,187.6963,2018-12-26,186.6413,MOMENTUM_FAIL,5,-5.2751,19.882,-25.157,-0.026748,-0.035258,0.021972,6,False
momentum_top,FEDERALBNK,2018-12-17,2018-12-18,87.3422,2018-12-26,86.9191,MOMENTUM_FAIL,11,-4.654,19.9773,-24.6313,-0.025581,-0.017223,0.037137,6,False
momentum_top,KPIL,2018-12-17,2018-12-18,345.9747,2018-12-26,342.302,MOMENTUM_FAIL,2,-7.3455,18.8368,-26.1823,-0.037756,-0.045871,0.024377,6,False
momentum_top,ADANIENSOL,2018-12-17,2018-12-18,216.4,2018-12-24,201.252,STOP,4,-60.592,19.4616,-80.0536,-0.092282,-0.079251,0.039279,5,False
momentum_top,GESHIP,2018-12-17,2018-12-18,263.7217,2018-12-24,245.2612,STOP,3,-55.3816,19.1579,-74.5394,-0.094009,-0.082801,0.028472,5,False
momentum_top,RITES,2018-12-17,2018-12-18,80.8057,2018-12-26,77.4296,MOMENTUM_FAIL,12,-40.5138,19.9419,-60.4556,-0.062211,-0.051028,0.01952,6,False
momentum_top,TITAN,2018-12-17,2018-12-18,907.586,2018-12-26,865.3942,MOMENTUM_FAIL,1,-42.1918,19.6763,-61.8681,-0.068019,-0.068954,0.009705,6,False
momentum_top,INDHOTEL,2018-12-17,2018-12-18,138.204,2018-12-26,139.2417,MOMENTUM_FAIL,7,7.264,20.0297,-12.7658,-0.013167,-0.014676,0.023549,6,False
momentum_top,CUMMINSIND,2018-12-17,2018-12-18,720.9182,2018-12-26,696.3672,MOMENTUM_FAIL,1,-24.551,18.9241,-43.4751,-0.060174,-0.070638,0.00722,6,False
momentum_top,TATAINVEST,2018-12-17,2018-12-18,76.181,2018-12-26,76.3204,MOMENTUM_FAIL,13,1.8128,20.1154,-18.3026,-0.018441,-0.009153,0.018192,6,False
momentum_top,UNITDSPR,2018-12-17,2018-12-18,620.9129,2018-12-26,602.2563,MOMENTUM_FAIL,1,-18.6566,18.5138,-37.1704,-0.059733,-0.078873,0.026526,6,False
momentum_top,BEML,2018-12-17,2018-12-18,335.031,2019-01-09,359.5213,TIME,2,48.9805,18.859,30.1215,0.044855,-0.00561,0.117029,16,False
momentum_top,ADANIPOWER,2018-12-24,2018-12-26,10.1,2019-01-02,10.11,MOMENTUM_FAIL,98,0.9799,20.1114,-19.1314,-0.019286,-0.005941,0.029703,6,False
momentum_top,JWL,2018-12-24,2018-12-26,26.1106,2019-01-14,24.2828,STOP,38,-69.4542,19.9781,-89.4323,-0.089938,-0.091255,0.15019,14,False
momentum_top,LINDEINDIA,2018-12-24,2018-12-26,669.9455,2019-01-02,658.6588,MOMENTUM_FAIL,1,-11.2868,18.7358,-30.0226,-0.044716,-0.022415,0.007664,6,False
momentum_top,BEML,2018-12-24,2018-12-26,344.6846,2019-01-16,361.6181,TIME,2,33.867,18.9098,14.9572,0.02165,-0.012856,0.068124,16,False
momentum_top,CREDITACC,2018-12-24,2018-12-26,366.1466,2019-01-16,392.1901,TIME,2,52.0869,19.1281,32.9588,0.044909,-0.016122,0.136567,16,False
momentum_top,FEDERALBNK,2018-12-24,2018-12-26,88.2354,2019-01-02,89.1285,MOMENTUM_FAIL,11,9.8248,20.0483,-10.2234,-0.01051,-0.030368,0.020245,6,False
momentum_top,CGCL,2018-12-24,2018-12-26,121.2179,2019-01-02,120.2286,MOMENTUM_FAIL,8,-7.9148,20.0086,-27.9234,-0.028732,-0.020599,0.024096,6,False
momentum_top,BALRAMCHIN,2018-12-24,2018-12-26,93.9649,2019-01-02,95.6118,MOMENTUM_FAIL,10,16.4691,19.9312,-3.462,-0.003676,-0.032132,0.021422,6,False
momentum_top,EIHOTEL,2018-12-24,2018-12-26,183.3804,2019-01-16,174.173,TIME,5,-46.0368,19.7078,-65.7446,-0.071547,-0.058054,0.069561,16,False
momentum_top,PFC,2018-12-24,2018-12-26,49.7813,2019-01-16,53.0258,TIME,20,64.889,20.2661,44.6229,0.044721,-0.012935,0.097512,16,False
momentum_top,MAHABANK,2018-12-24,2018-12-26,12.1294,2019-01-16,12.77,TIME,82,52.5323,20.2367,32.2956,0.0324,0.0,0.123239,16,False
momentum_top,ELECON,2018-12-24,2018-12-26,33.2443,2019-01-02,33.22,MOMENTUM_FAIL,30,-0.7296,20.1397,-20.8692,-0.020879,-0.023409,0.04316,6,False
momentum_top,KAJARIACER,2018-12-24,2018-12-26,450.0052,2019-01-02,461.6288,MOMENTUM_FAIL,2,23.2472,19.7776,3.4696,0.003847,0.0,0.034232,6,False
momentum_top,USHAMART,2018-12-24,2018-12-26,35.0176,2019-01-02,34.5406,MOMENTUM_FAIL,28,-13.3581,20.0429,-33.401,-0.033991,-0.029973,0.0,6,False
momentum_top,RITES,2018-12-24,2018-12-26,78.3151,2019-01-02,75.3042,MOMENTUM_FAIL,12,-36.1309,19.8246,-55.9555,-0.059411,-0.039884,0.009362,6,False
momentum_top,BANKINDIA,2018-12-24,2018-12-26,85.2917,2019-01-16,89.6329,TIME,11,47.7533,19.9888,27.7645,0.029529,0.0,0.099302,16,False
momentum_top,JWL,2018-12-31,2019-01-01,27.7983,2019-01-03,25.8525,STOP,35,-68.106,19.8995,-88.0055,-0.090256,-0.078572,0.0,3,False
momentum_top,ADANIPOWER,2018-12-31,2019-01-01,10.2,2019-01-08,10.31,MOMENTUM_FAIL,97,10.6701,20.1294,-9.4594,-0.00954,-0.043137,0.031373,6,False
momentum_top,LINDEINDIA,2018-12-31,2019-01-01,661.2746,2019-01-08,669.655,MOMENTUM_FAIL,1,8.3804,18.7393,-10.3589,-0.015631,-0.013992,0.016482,6,False
momentum_top,BEML,2018-12-31,2019-01-01,358.8487,2019-01-08,362.8051,MOMENTUM_FAIL,2,7.9129,18.9766,-11.0637,-0.015382,-0.051819,0.025964,6,False
momentum_top,BALRAMCHIN,2018-12-31,2019-01-01,93.782,2019-01-22,97.945,TIME,10,41.6301,19.9747,21.6554,0.023041,-0.006341,0.120488,16,False
momentum_top,CGCL,2018-12-31,2019-01-01,119.993,2019-01-22,122.3015,TIME,8,18.4678,20.0209,-1.5532,-0.001614,-0.010601,0.061641,16,False
momentum_top,PFC,2018-12-31,2019-01-01,52.902,2019-01-08,53.9422,MOMENTUM_FAIL,18,18.7237,19.9889,-1.2652,-0.001326,-0.030899,0.025281,6,False
momentum_top,ELECON,2018-12-31,2019-01-01,34.0955,2019-01-08,32.539,MOMENTUM_FAIL,29,-45.1363,20.0131,-65.1494,-0.065746,-0.0699,0.000713,6,False
momentum_top,EIHOTEL,2018-12-31,2019-01-01,188.5595,2019-01-08,180.3112,MOMENTUM_FAIL,5,-41.2414,19.8269,-61.0684,-0.064632,-0.068159,0.0,6,False
momentum_top,MAHABANK,2018-12-31,2019-01-01,12.9836,2019-01-08,13.0263,MOMENTUM_FAIL,76,3.2459,20.1031,-16.8572,-0.017046,-0.013158,0.049342,6,False
momentum_top,BANKINDIA,2018-12-31,2019-01-01,88.9945,2019-01-22,83.2914,TIME,11,-62.7347,19.9358,-82.6705,-0.084265,-0.068388,0.053563,16,False
momentum_top,CREDITACC,2018-12-31,2019-01-01,384.1538,2019-01-08,384.6499,MOMENTUM_FAIL,2,0.9921,19.1762,-18.184,-0.023616,-0.021178,0.017175,6,False
momentum_top,KAJARIACER,2018-12-31,2019-01-01,463.076,2019-01-08,480.9081,MOMENTUM_FAIL,2,35.6643,19.9133,15.7511,0.01697,-0.017036,0.049496,6,False
momentum_top,FEDERALBNK,2018-12-31,2019-01-01,88.1413,2019-01-08,89.5516,MOMENTUM_FAIL,11,15.5129,20.0555,-4.5426,-0.004675,-0.024533,0.023467,6,False
momentum_top,CUMMINSIND,2018-12-31,2019-01-01,734.7986,2019-01-08,734.6686,MOMENTUM_FAIL,1,-0.1301,19.0324,-19.1625,-0.026022,-0.024852,0.013814,6,False
momentum_top,AARTIIND,2018-12-31,2019-01-01,342.4019,2019-01-08,352.8156,MOMENTUM_FAIL,2,20.8275,18.864,1.9635,0.002861,-0.01931,0.035241,6,False
momentum_top,MANAPPURAM,2018-12-31,2019-01-01,81.4387,2019-01-08,84.0981,MOMENTUM_FAIL,12,31.9126,20.1214,11.7912,0.012039,-0.019807,0.038544,6,False
momentum_top,ADANIENSOL,2018-12-31,2019-01-01,199.2,2019-01-22,209.15,TIME,5,49.75,20.2369,29.5131,0.029567,-0.008534,0.163906,16,False
momentum_top,JWL,2019-01-07,2019-01-08,26.8552,2019-01-11,24.9753,STOP,37,-69.5549,19.984,-89.5389,-0.089915,-0.09427,0.049908,4,False
momentum_top,ADANIPOWER,2019-01-07,2019-01-08,10.03,2019-01-15,10.05,MOMENTUM_FAIL,99,1.98,20.1268,-18.1468,-0.018235,-0.014955,0.034895,6,False
momentum_top,BBOX,2019-01-07,2019-01-08,23.3968,2019-01-08,21.759,STOP,42,-68.7865,19.9392,-88.7256,-0.090094,0.0,0.0,1,False
momentum_top,LINDEINDIA,2019-01-07,2019-01-08,657.2055,2019-01-14,774.9466,TARGET,1,117.7411,18.9448,98.7963,0.15,-0.000147,0.207342,5,False
momentum_top,BEML,2019-01-07,2019-01-08,360.273,2019-01-15,360.2729,MOMENTUM_FAIL,2,-0.0002,18.9725,-18.9726,-0.026273,-0.04206,0.014606,6,False
momentum_top,CGCL,2019-01-07,2019-01-08,123.5735,2019-01-15,124.2331,MOMENTUM_FAIL,8,5.2765,20.115,-14.8385,-0.014977,-0.008387,0.030881,6,False
momentum_top,GODREJPROP,2019-01-07,2019-01-08,715.3422,2019-01-15,726.5381,MOMENTUM_FAIL,1,11.1959,18.9733,-7.7774,-0.010849,-0.003895,0.043406,6,False
momentum_top,KAJARIACER,2019-01-07,2019-01-08,481.4683,2019-01-15,496.453,MOMENTUM_FAIL,2,29.9693,20.057,9.9123,0.010271,-0.012604,0.038298,6,False
momentum_top,HINDPETRO,2019-01-07,2019-01-08,113.9444,2019-01-10,105.9683,STOP,8,-63.8088,19.6491,-83.4579,-0.091356,-0.073347,0.0,3,False
momentum_top,CREDITACC,2019-01-07,2019-01-08,378.4987,2019-01-29,370.3632,TIME,2,-16.271,19.0933,-35.3643,-0.046615,-0.030144,0.099476,16,False
momentum_top,PFC,2019-01-07,2019-01-08,52.8524,2019-01-15,53.645,MOMENTUM_FAIL,18,14.2657,19.9761,-5.7104,-0.005989,-0.003749,0.033739,6,False
momentum_top,BANKINDIA,2019-01-07,2019-01-08,90.016,2019-01-15,88.6115,MOMENTUM_FAIL,11,-15.4496,20.0795,-35.5291,-0.035803,-0.047754,0.037825,6,False
momentum_top,MAHABANK,2019-01-07,2019-01-08,13.0263,2019-01-15,12.5138,MOMENTUM_FAIL,76,-38.9507,20.0309,-58.9816,-0.059448,-0.042623,0.022951,6,False
momentum_top,BPCL,2019-01-07,2019-01-08,107.6169,2019-01-15,103.5559,MOMENTUM_FAIL,9,-36.5489,19.9452,-56.4942,-0.058201,-0.066319,0.0,6,False
momentum_top,UNIONBANK,2019-01-07,2019-01-08,76.0029,2019-01-22,70.6827,STOP,13,-69.1627,19.9611,-89.1238,-0.090006,-0.086093,0.07064,11,False
momentum_top,MUTHOOTFIN,2019-01-07,2019-01-08,447.7322,2019-01-29,433.556,TIME,2,-28.3524,19.6533,-48.0057,-0.053493,-0.039773,0.074465,16,False
momentum_top,IDFCFIRSTB,2019-01-07,2019-01-08,46.0635,2019-01-15,46.7591,MOMENTUM_FAIL,21,14.6092,20.0443,-5.4351,-0.005606,-0.016181,0.023732,6,False
momentum_top,MANAPPURAM,2019-01-07,2019-01-08,82.8338,2019-01-15,86.0164,MOMENTUM_FAIL,12,38.1911,20.2049,17.9862,0.018055,-0.003158,0.047368,6,False
momentum_top,UCOBANK,2019-01-07,2019-01-08,20.7623,2019-01-15,19.8449,MOMENTUM_FAIL,48,-44.0354,20.0484,-64.0838,-0.064163,-0.046512,0.011628,6,False
momentum_top,LINDEINDIA,2019-01-14,2019-01-15,729.7224,2019-01-18,678.6418,STOP,1,-51.0806,18.9072,-69.9878,-0.095701,-0.184679,0.079262,4,False
momentum_top,JWL,2019-01-14,2019-01-15,23.3804,2019-01-29,21.7438,STOP,42,-68.7384,19.9364,-88.6747,-0.090105,-0.087049,0.082803,11,False
momentum_top,BBOX,2019-01-14,2019-01-15,23.8452,2019-01-18,22.176,STOP,41,-68.4356,19.9187,-88.3543,-0.090177,-0.097785,0.040953,4,False
momentum_top,CREDITACC,2019-01-14,2019-01-15,398.8374,2019-01-22,399.0358,MOMENTUM_FAIL,2,0.3969,19.299,-18.902,-0.023645,-0.026866,0.013184,6,False
momentum_top,KAJARIACER,2019-01-14,2019-01-15,492.9519,2019-02-05,513.0247,TIME,2,40.1455,20.1747,19.9708,0.020212,-0.025663,0.05303,16,False
momentum_top,BEML,2019-01-14,2019-01-15,348.7201,2019-01-28,324.3097,STOP,2,-48.8208,18.7755,-67.5963,-0.096709,-0.081801,0.051623,10,False
momentum_top,ADANIPOWER,2019-01-14,2019-01-15,9.94,2019-01-28,9.2442,STOP,100,-69.58,19.9854,-89.5654,-0.08991,-0.215292,0.060362,10,False
momentum_top,GODREJPROP,2019-01-14,2019-01-15,735.8432,2019-02-05,725.941,TIME,1,-9.9022,19.0169,-28.9191,-0.039215,-0.042129,0.057952,16,False
momentum_top,ADANIENSOL,2019-01-14,2019-01-15,223.0,2019-01-22,209.15,MOMENTUM_FAIL,4,-55.4,19.5836,-74.9836,-0.083879,-0.06704,0.026457,6,False
momentum_top,UNIONBANK,2019-01-14,2019-01-15,79.0229,2019-01-21,73.4913,STOP,12,-66.3792,19.7989,-86.1781,-0.090681,-0.096603,0.029724,5,False
momentum_top,ELECON,2019-01-14,2019-01-15,35.506,2019-01-21,33.0206,STOP,28,-69.5917,19.9861,-89.5778,-0.089907,-0.071918,0.021918,5,False
momentum_top,MUTHOOTFIN,2019-01-14,2019-01-15,465.5399,2019-01-22,474.6408,MOMENTUM_FAIL,2,18.2017,19.8985,-1.6968,-0.001818,-0.015977,0.033365,6,False
momentum_top,BANKINDIA,2019-01-14,2019-01-15,89.0371,2019-01-22,83.2914,MOMENTUM_FAIL,11,-63.2029,19.9368,-83.1397,-0.084702,-0.068834,0.018164,6,False
momentum_top,PFC,2019-01-14,2019-01-15,53.1496,2019-01-22,50.0538,MOMENTUM_FAIL,18,-55.7254,19.8561,-75.5815,-0.078831,-0.061976,0.021435,6,False
momentum_top,IDFCFIRSTB,2019-01-14,2019-01-15,46.8585,2019-01-22,46.6101,MOMENTUM_FAIL,21,-5.2176,20.0744,-25.2919,-0.025646,-0.045599,0.049841,6,False
momentum_top,MANAPPURAM,2019-01-14,2019-01-15,82.9646,2019-02-05,81.7875,TIME,12,-14.1259,20.105,-34.2309,-0.034308,-0.056753,0.058854,16,False
momentum_top,MAHABANK,2019-01-14,2019-01-15,12.5992,2019-01-22,12.1294,MOMENTUM_FAIL,79,-37.1143,20.0572,-57.1715,-0.057314,-0.047458,0.027119,6,False
momentum_top,GODFRYPHLP,2019-01-14,2019-01-15,265.2684,2019-02-05,270.4195,TIME,3,15.4534,19.3217,-3.8683,-0.00485,-0.013691,0.08002,16,False
momentum_top,GVT&D,2019-01-14,2019-01-15,314.0881,2019-01-22,306.5898,MOMENTUM_FAIL,3,-22.4948,19.8629,-42.3577,-0.044855,-0.054657,0.045076,6,False
momentum_top,BBOX,2019-01-21,2019-01-22,22.6195,2019-01-29,22.7192,MOMENTUM_FAIL,44,4.3844,20.1414,-15.757,-0.015797,-0.030837,0.028194,6,False
momentum_top,JWL,2019-01-21,2019-01-22,23.6286,2019-01-29,21.3452,MOMENTUM_FAIL,42,-95.9044,19.9251,-115.8294,-0.116462,-0.096639,0.046218,6,False
momentum_top,KAJARIACER,2019-01-21,2019-01-22,501.9146,2019-01-29,499.3471,MOMENTUM_FAIL,1,-2.5676,18.0441,-20.6116,-0.040976,-0.043062,0.028088,6,False
momentum_top,BEML,2019-01-21,2019-01-22,351.0544,2019-01-28,326.4806,STOP,2,-49.1476,18.7945,-67.9422,-0.096558,-0.087907,0.00834,5,False
momentum_top,CREDITACC,2019-01-21,2019-01-22,396.8035,2019-01-28,369.0273,STOP,2,-55.5525,19.1679,-74.7203,-0.093947,-0.074759,0.012376,5,False
momentum_top,LINDEINDIA,2019-01-21,2019-01-22,637.4898,2019-01-25,550.925,GAP_STOP,1,-86.5648,18.4455,-105.0103,-0.164365,-0.13579,0.133738,4,False
momentum_top,ADANIPOWER,2019-01-21,2019-01-22,9.92,2019-01-28,9.2256,STOP,100,-69.44,19.9773,-89.4173,-0.089942,-0.21371,0.0625,5,False
momentum_top,ITI,2019-01-21,2019-01-22,109.45,2019-01-23,101.7885,STOP,9,-68.9535,19.9489,-88.9024,-0.090055,-0.072179,0.0,2,False
momentum_top,ZENTEC,2019-01-21,2019-01-22,79.044,2019-02-04,73.5109,STOP,12,-66.397,19.7999,-86.1969,-0.090676,-0.090965,0.17134,10,False
momentum_top,KEI,2019-01-21,2019-01-22,347.8941,2019-02-12,339.8971,TIME,2,-15.994,18.8354,-34.8293,-0.049948,-0.059089,0.07164,16,False
momentum_top,MUTHOOTFIN,2019-01-21,2019-01-22,476.8722,2019-01-28,443.4912,STOP,2,-66.7621,19.8212,-86.5833,-0.090584,-0.077622,0.008166,5,False
momentum_top,ELECON,2019-01-21,2019-01-22,33.3416,2019-01-28,31.0077,STOP,29,-67.6834,19.8749,-87.5583,-0.090358,-0.124726,0.006565,5,False
momentum_top,GODREJPROP,2019-01-21,2019-01-22,731.6634,2019-01-29,750.0246,MOMENTUM_FAIL,1,18.3612,19.0568,-0.6956,-0.000949,-0.036657,0.038561,6,False
momentum_top,MANAPPURAM,2019-01-21,2019-01-22,86.3651,2019-01-29,79.3024,MOMENTUM_FAIL,11,-77.6895,19.7832,-97.4727,-0.102377,-0.091368,0.006562,6,False
momentum_top,UNIONBANK,2019-01-21,2019-01-22,71.3052,2019-01-25,66.3138,STOP,13,-64.8877,19.7119,-84.5996,-0.091066,-0.071765,0.0,4,False
momentum_top,ADANIENSOL,2019-01-21,2019-01-22,216.85,2019-01-28,201.6705,STOP,4,-60.718,19.4689,-80.1869,-0.092243,-0.095688,0.023749,5,False
momentum_top,PATANJALI,2019-01-21,2019-01-22,226.1512,2019-02-06,210.3207,STOP,4,-63.3223,19.6207,-82.9431,-0.09149,-0.085714,0.078571,12,False
momentum_top,GODFRYPHLP,2019-01-21,2019-01-22,277.2202,2019-01-29,270.0432,MOMENTUM_FAIL,3,-21.5307,19.3978,-40.9285,-0.049106,-0.056214,0.020774,6,False
momentum_top,GVT&D,2019-01-21,2019-01-22,304.7646,2019-01-25,283.4311,STOP,3,-64.0006,19.6602,-83.6608,-0.091304,-0.07381,0.01651,4,False
momentum_top,BANKINDIA,2019-01-21,2019-01-22,85.0364,2019-01-28,79.0838,STOP,11,-65.478,19.7464,-85.2244,-0.090911,-0.145145,0.0,5,False
momentum_top,BBOX,2019-01-28,2019-01-29,22.4202,2019-02-06,20.8508,STOP,44,-69.0543,19.9548,-89.0091,-0.090031,-0.112445,0.057778,7,False
momentum_top,JWL,2019-01-28,2019-01-29,22.5365,2019-01-30,20.6502,GAP_STOP,44,-82.9979,19.948,-102.9459,-0.103591,-0.099119,0.0,2,False
momentum_top,BEML,2019-01-28,2019-01-29,322.4495,2019-02-05,302.1529,MOMENTUM_FAIL,3,-60.8896,19.8906,-80.7802,-0.083325,-0.077178,0.005951,6,False
momentum_top,KAJARIACER,2019-01-28,2019-01-29,491.0846,2019-02-20,485.9496,TIME,2,-10.2699,20.0563,-30.3261,-0.030809,-0.059601,0.057034,16,False
momentum_top,IDFCFIRSTB,2019-01-28,2019-01-29,45.1193,2019-02-05,42.6845,MOMENTUM_FAIL,22,-53.5668,20.0122,-73.579,-0.073964,-0.068282,0.024229,6,False
momentum_top,ITI,2019-01-28,2019-01-29,99.0,2019-02-05,91.5,MOMENTUM_FAIL,10,-75.0,19.9575,-94.9575,-0.095707,-0.085354,0.04798,6,False
momentum_top,BRIGADE,2019-01-28,2019-01-29,98.4342,2019-02-12,91.5438,STOP,10,-68.904,19.946,-88.85,-0.090066,-0.07679,0.059562,11,False
momentum_top,BPCL,2019-01-28,2019-01-29,105.4955,2019-02-05,102.4194,MOMENTUM_FAIL,9,-27.6847,19.8827,-47.5674,-0.04999,-0.034617,0.008331,6,False
momentum_top,ADANIENSOL,2019-01-28,2019-01-29,209.0,2019-02-20,216.8,TIME,4,31.2,19.5235,11.6765,0.013937,-0.005981,0.076077,16,False
momentum_top,PATANJALI,2019-01-28,2019-01-29,232.6127,2019-02-05,216.459,MOMENTUM_FAIL,4,-64.6147,19.7272,-84.3419,-0.090449,-0.083333,0.048611,6,False
momentum_top,AAVAS,2019-01-28,2019-01-29,825.05,2019-02-20,938.9,TIME,1,113.85,19.6456,94.2045,0.113931,-0.017029,0.145385,16,False
momentum_top,MUTHOOTFIN,2019-01-28,2019-01-29,445.457,2019-02-05,436.4874,MOMENTUM_FAIL,2,-17.9391,19.6553,-37.5945,-0.042106,-0.053138,0.005599,6,False
momentum_top,GVT&D,2019-01-28,2019-01-29,284.1444,2019-02-05,277.6821,MOMENTUM_FAIL,3,-19.3869,19.4899,-38.8768,-0.045507,-0.024306,0.047222,6,False
momentum_top,GODREJPROP,2019-01-28,2019-01-29,739.2268,2019-02-20,710.7147,TIME,1,-28.5121,18.9933,-47.5054,-0.064123,-0.05762,0.052773,16,False
momentum_top,MANAPPURAM,2019-01-28,2019-01-29,83.2261,2019-02-05,81.7875,MOMENTUM_FAIL,11,-15.8256,19.7634,-35.589,-0.03879,-0.059717,0.0,6,False
momentum_top,AARTIIND,2019-01-28,2019-01-29,368.6134,2019-02-14,342.8104,STOP,2,-51.6059,18.9378,-70.5437,-0.095479,-0.100738,0.158135,12,False
momentum_top,MINDACORP,2019-01-28,2019-01-29,139.7727,2019-02-05,134.5476,MOMENTUM_FAIL,7,-36.5761,19.9868,-56.5629,-0.057685,-0.044652,0.019038,6,False
momentum_top,TATAINVEST,2019-01-28,2019-01-29,70.8596,2019-02-20,71.3216,TIME,14,6.4676,20.132,-13.6644,-0.013744,-0.006642,0.068946,16,False
momentum_top,CREDITACC,2019-01-28,2019-01-29,370.0655,2019-02-04,344.1609,STOP,2,-51.8092,18.9497,-70.7588,-0.095395,-0.11555,0.099196,5,False
momentum_top,BBOX,2019-02-04,2019-02-05,22.48,2019-02-06,20.9064,STOP,44,-69.2384,19.9655,-89.204,-0.089988,-0.114805,0.010638,2,False
momentum_top,JUBLFOOD,2019-02-04,2019-02-05,265.518,2019-02-05,246.9317,STOP,3,-55.7588,19.1799,-74.9386,-0.093873,0.0,0.0,1,False
momentum_top,JWL,2019-02-04,2019-02-05,18.3668,2019-02-27,19.6078,TIME,54,67.0139,20.2543,46.7596,0.047043,-0.054054,0.159459,16,False
momentum_top,KAJARIACER,2019-02-04,2019-02-05,511.9977,2019-02-11,476.1579,STOP,1,-35.8398,18.0189,-53.8587,-0.104964,-0.086433,0.010941,5,False
momentum_top,AAVAS,2019-02-04,2019-02-05,834.6,2019-02-22,979.8134,TARGET,1,145.2134,19.7497,125.4637,0.15,0.0,0.218548,13,False
momentum_top,GVT&D,2019-02-04,2019-02-05,286.1176,2019-02-27,284.0457,TIME,3,-6.2157,19.5417,-25.7574,-0.029943,-0.06,0.103448,16,False
momentum_top,NAUKRI,2019-02-04,2019-02-05,336.6504,2019-02-12,316.0552,MOMENTUM_FAIL,2,-41.1904,18.6891,-59.8795,-0.08874,-0.071965,0.037191,6,False
momentum_top,GODREJPROP,2019-02-04,2019-02-05,763.5592,2019-02-12,709.9185,MOMENTUM_FAIL,1,-53.6407,19.0449,-72.6856,-0.094985,-0.07957,0.0,6,False
momentum_top,IDFCFIRSTB,2019-02-04,2019-02-05,43.0323,2019-02-06,40.0201,STOP,23,-69.282,19.9681,-89.2501,-0.089978,-0.070439,0.0,2,False
momentum_top,AARTIIND,2019-02-04,2019-02-05,410.4099,2019-02-06,381.6812,STOP,2,-57.4574,19.2789,-76.7363,-0.093283,-0.081962,0.0,2,False
momentum_top,DABUR,2019-02-04,2019-02-05,413.907,2019-02-12,412.3822,MOMENTUM_FAIL,2,-3.0496,19.4192,-22.4688,-0.027083,-0.013619,0.036392,6,False
momentum_top,GODFRYPHLP,2019-02-04,2019-02-05,274.5722,2019-02-12,253.0272,MOMENTUM_FAIL,3,-64.6349,19.2765,-83.9114,-0.101647,-0.088322,0.027614,6,False
momentum_top,TATAINVEST,2019-02-04,2019-02-05,74.9563,2019-02-12,72.4503,MOMENTUM_FAIL,13,-32.5774,19.9782,-52.5555,-0.053817,-0.045875,0.0,6,False
momentum_top,ADANIENSOL,2019-02-04,2019-02-05,216.65,2019-02-12,211.55,MOMENTUM_FAIL,4,-20.4,19.5476,-39.9476,-0.045996,-0.032772,0.010847,6,False
momentum_top,PATANJALI,2019-02-04,2019-02-05,219.6898,2019-02-07,204.3115,STOP,4,-61.5131,19.5153,-81.0284,-0.092007,-0.095588,0.0,3,False
momentum_top,CREDITACC,2019-02-04,2019-02-05,391.8924,2019-02-08,364.46,STOP,2,-54.8649,19.1278,-73.9927,-0.094198,-0.136582,0.032785,4,False
momentum_top,AXISBANK,2019-02-04,2019-02-05,717.5526,2019-02-12,701.2537,MOMENTUM_FAIL,1,-16.2989,18.9266,-35.2255,-0.048984,-0.030471,0.017313,6,False
momentum_top,ATGL,2019-02-04,2019-02-05,94.5629,2019-02-27,99.1842,TIME,10,46.213,20.017,26.196,0.027642,-0.023647,0.09196,16,False
momentum_top,BBOX,2019-02-11,2019-02-12,20.4273,2019-02-14,18.1753,GAP_STOP,48,-108.0954,19.8501,-127.9455,-0.130204,-0.16,0.0,2,False
momentum_top,GVT&D,2019-02-11,2019-02-12,279.2607,2019-02-20,271.1704,MOMENTUM_FAIL,3,-24.2706,19.4181,-43.6887,-0.052034,-0.036919,0.019961,6,False
momentum_top,AAVAS,2019-02-11,2019-02-12,867.4,2019-02-25,1017.6931,TARGET,1,150.293,19.8986,130.3945,0.15,0.0,0.179387,9,False
momentum_top,INDUSTOWER,2019-02-11,2019-02-12,250.0151,2019-02-14,232.514,STOP,3,-52.5032,18.9901,-71.4933,-0.095111,-0.091331,0.0,2,False
momentum_top,NAUKRI,2019-02-11,2019-02-12,331.8293,2019-02-20,333.0172,MOMENTUM_FAIL,3,3.5639,20.1407,-16.5768,-0.016616,-0.065084,0.043927,6,False
momentum_top,IDFCFIRSTB,2019-02-11,2019-02-12,44.9703,2019-02-20,44.4734,MOMENTUM_FAIL,22,-10.9319,20.0852,-31.0171,-0.031283,-0.053039,0.0,6,False
momentum_top,CGCL,2019-02-11,2019-02-12,131.9123,2019-02-20,126.8713,MOMENTUM_FAIL,7,-35.2867,19.7571,-55.0438,-0.059481,-0.056429,0.016071,6,False
momentum_top,PERSISTENT,2019-02-11,2019-02-12,297.1948,2019-02-25,276.3912,STOP,3,-62.4109,19.5676,-81.9785,-0.091746,-0.071261,0.050329,9,False
momentum_top,LALPATHLAB,2019-02-11,2019-02-12,495.9205,2019-02-20,488.4106,MOMENTUM_FAIL,2,-15.0198,20.0874,-35.1072,-0.035319,-0.045526,0.0,6,False
momentum_top,TIINDIA,2019-02-11,2019-02-12,336.9276,2019-03-07,377.6859,TIME,2,81.5166,18.9413,62.5753,0.092659,-0.034861,0.157671,16,False
momentum_top,ATGL,2019-02-11,2019-02-12,94.215,2019-02-20,95.1592,MOMENTUM_FAIL,10,9.4414,19.9274,-10.486,-0.011106,-0.008439,0.033755,6,False
momentum_top,CHAMBLFERT,2019-02-11,2019-02-12,141.3371,2019-02-20,133.358,MOMENTUM_FAIL,7,-55.8534,19.9938,-75.8472,-0.076496,-0.067627,0.0,6,False
momentum_top,MANAPPURAM,2019-02-11,2019-02-12,89.3733,2019-03-05,104.6653,TARGET,11,168.212,20.4236,147.7883,0.15,0.0,0.211536,14,False
momentum_top,INFY,2019-02-11,2019-02-12,622.7585,2019-02-20,606.6643,MOMENTUM_FAIL,1,-16.0942,18.5268,-34.621,-0.055472,-0.051358,0.0,6,False
momentum_top,ZYDUSWELL,2019-02-11,2019-02-12,249.0351,2019-02-20,241.6031,MOMENTUM_FAIL,4,-29.7281,20.0756,-49.8037,-0.049888,-0.039216,0.007843,6,False
momentum_top,WIPRO,2019-02-11,2019-02-12,127.3634,2019-02-20,126.6997,MOMENTUM_FAIL,7,-4.6466,19.685,-24.3316,-0.027232,-0.034612,0.012428,6,False
momentum_top,ZENTEC,2019-02-11,2019-02-12,70.7703,2019-02-20,66.8304,MOMENTUM_FAIL,14,-55.1583,20.0012,-75.1595,-0.075693,-0.077244,0.0,6,False
momentum_top,GODREJPROP,2019-02-11,2019-02-12,726.4884,2019-02-20,710.7147,MOMENTUM_FAIL,1,-15.7737,18.9654,-34.7392,-0.047714,-0.041096,0.0,6,False
momentum_top,JWL,2019-02-18,2019-02-19,19.5085,2019-03-08,22.8427,TARGET,51,170.0435,20.4773,149.5662,0.15,-0.033079,0.180662,13,False
momentum_top,AAVAS,2019-02-18,2019-02-19,894.0,2019-03-01,1048.4125,TARGET,1,154.4125,20.0193,134.3932,0.15,0.0,0.213647,9,False
momentum_top,BBOX,2019-02-18,2019-02-19,16.9597,2019-02-19,15.7725,STOP,58,-68.8562,19.9433,-88.7995,-0.090078,0.0,0.0,1,False
momentum_top,MANAPPURAM,2019-02-18,2019-02-19,92.2847,2019-03-05,108.1727,TARGET,10,158.8799,20.1502,138.7297,0.15,0.0,0.173315,10,False
momentum_top,INDUSTOWER,2019-02-18,2019-02-19,243.8228,2019-02-26,238.4045,MOMENTUM_FAIL,4,-21.6731,20.004,-41.6771,-0.04264,-0.047143,0.025079,6,False
momentum_top,GVT&D,2019-02-18,2019-02-19,281.1846,2019-03-13,289.2748,TIME,3,24.2706,19.5413,4.7293,0.005594,-0.043509,0.122807,16,False
momentum_top,INFY,2019-02-18,2019-02-19,605.3539,2019-02-26,608.1386,MOMENTUM_FAIL,1,2.7847,18.4917,-15.7071,-0.02589,-0.017657,0.025571,6,False
momentum_top,PERSISTENT,2019-02-18,2019-02-19,298.2431,2019-02-25,277.3661,STOP,3,-62.6311,19.5804,-82.2115,-0.091684,-0.074525,0.007499,5,False
momentum_top,WIPRO,2019-02-18,2019-02-19,126.8188,2019-02-26,131.959,MOMENTUM_FAIL,7,35.9812,19.7517,16.2295,0.018242,-0.030466,0.044021,6,False
momentum_top,NAUKRI,2019-02-18,2019-02-19,324.7407,2019-03-13,369.9012,TIME,3,135.4814,20.3195,115.1619,0.117951,-0.033222,0.15019,16,False
momentum_top,TIINDIA,2019-02-18,2019-02-19,335.6827,2019-03-13,376.7535,TIME,2,82.1417,18.9321,63.2097,0.093946,0.0,0.161964,16,False
momentum_top,IDFCFIRSTB,2019-02-18,2019-02-19,42.5851,2019-03-05,49.8741,TARGET,23,167.6469,20.4071,147.2398,0.15,0.0,0.201867,10,False
momentum_top,COFORGE,2019-02-18,2019-02-19,234.5885,2019-02-26,241.8538,MOMENTUM_FAIL,4,29.0615,19.9513,9.1101,0.009687,-0.008418,0.040329,6,False
momentum_top,PRESTIGE,2019-02-18,2019-02-19,202.275,2019-03-13,202.3724,TIME,4,0.3896,19.3472,-18.9576,-0.023379,-0.046221,0.054165,16,False
momentum_top,LALPATHLAB,2019-02-18,2019-02-19,492.1655,2019-02-26,478.8696,MOMENTUM_FAIL,2,-26.5919,20.0321,-46.6241,-0.047263,-0.031238,0.013676,6,False
momentum_top,TECHM,2019-02-18,2019-02-19,608.7745,2019-02-26,628.6143,MOMENTUM_FAIL,1,19.8398,18.5409,1.2989,0.002129,-0.026952,0.040892,6,False
momentum_top,BALRAMCHIN,2019-02-18,2019-02-19,112.0455,2019-03-06,131.3928,TARGET,8,154.7786,20.03,134.7485,0.15,0.0,0.204346,11,False
momentum_top,MPHASIS,2019-02-18,2019-02-19,842.1166,2019-02-26,835.7711,MOMENTUM_FAIL,1,-6.3456,19.4729,-25.8184,-0.030592,-0.041685,0.011254,6,False
momentum_top,YESBANK,2019-02-25,2019-02-26,220.1797,2019-03-20,248.7379,TIME,4,114.233,19.8814,94.3516,0.106896,0.0,0.137993,16,False
momentum_top,NEULANDLAB,2019-02-25,2019-02-26,686.8406,2019-02-26,809.1712,TARGET,1,122.3306,19.0792,103.2513,0.15,0.0,0.0,1,False
momentum_top,BALRAMCHIN,2019-02-25,2019-02-26,118.8815,2019-03-20,119.6775,TIME,8,6.3679,19.9587,-13.5909,-0.014259,-0.012603,0.135093,16,False
momentum_top,MANAPPURAM,2019-02-25,2019-02-26,98.5509,2019-03-20,109.0239,TIME,10,104.7296,20.3045,84.4251,0.08548,-0.008004,0.113828,16,False
momentum_top,AAVAS,2019-02-25,2019-02-26,969.0,2019-03-05,1135.0274,TARGET,1,166.0274,20.3596,145.6678,0.15,0.0,0.181631,5,False
momentum_top,RECLTD,2019-02-25,2019-02-26,52.8919,2019-03-15,61.9698,TARGET,18,163.4029,20.2827,143.1202,0.15,0.0,0.219238,13,False
momentum_top,GVT&D,2019-02-25,2019-02-26,284.0457,2019-03-20,271.9597,TIME,3,-36.258,19.4543,-55.7123,-0.065237,-0.050712,0.111497,16,False
momentum_top,WIPRO,2019-02-25,2019-02-26,130.8867,2019-03-06,125.928,MOMENTUM_FAIL,7,-34.7104,19.728,-54.4384,-0.059288,-0.058518,0.0,6,False
momentum_top,ZENTEC,2019-02-25,2019-02-26,68.9973,2019-03-15,80.8228,TARGET,14,165.557,20.3458,145.2111,0.15,-0.022127,0.231977,13,False
momentum_top,KAJARIACER,2019-02-25,2019-02-26,500.1874,2019-03-20,535.4316,TIME,1,35.2442,18.1138,17.1304,0.034173,0.0,0.114512,16,False
momentum_top,COFORGE,2019-02-25,2019-02-26,239.9158,2019-03-06,241.8814,MOMENTUM_FAIL,4,7.8624,19.9981,-12.1357,-0.012618,0.0,0.026685,6,False
momentum_top,PFC,2019-02-25,2019-02-26,54.487,2019-03-20,56.5674,TIME,18,37.4477,20.1475,17.3002,0.017601,-0.029091,0.12091,16,False
momentum_top,TECHM,2019-02-25,2019-02-26,622.3531,2019-03-06,621.2592,MOMENTUM_FAIL,1,-1.0939,18.5556,-19.6496,-0.031504,-0.020546,0.016242,6,False
momentum_top,NAM-INDIA,2019-02-25,2019-02-26,159.1167,2019-02-27,147.9785,STOP,6,-66.829,19.8251,-86.6541,-0.090568,-0.076531,0.016071,2,False
momentum_top,MUTHOOTFIN,2019-02-25,2019-02-26,467.2901,2019-03-20,519.0946,TIME,2,103.609,20.0872,83.5218,0.089173,-0.03839,0.147753,16,False
momentum_top,TIINDIA,2019-02-25,2019-02-26,345.4965,2019-03-15,406.9833,TARGET,2,122.9736,19.0981,103.8756,0.15,-0.020026,0.232779,13,False
momentum_top,IDFCFIRSTB,2019-02-25,2019-02-26,44.8212,2019-03-18,52.488,TARGET,22,168.6704,20.4371,148.2333,0.15,-0.015521,0.17184,14,False
momentum_top,NEULANDLAB,2019-03-05,2019-03-06,745.5449,2019-03-06,693.3567,STOP,1,-52.1881,18.9718,-71.1599,-0.095239,0.0,0.0,1,False
momentum_top,BBOX,2019-03-05,2019-03-06,20.527,2019-03-28,22.1412,TIME,48,77.4843,20.2481,57.2362,0.057964,0.0,0.170388,16,False
momentum_top,MANAPPURAM,2019-03-05,2019-03-06,106.0441,2019-03-11,98.5071,GAP_STOP,9,-67.8333,19.8218,-87.655,-0.091643,-0.071074,0.001653,4,False
momentum_top,YESBANK,2019-03-05,2019-03-06,234.8781,2019-03-13,240.9942,MOMENTUM_FAIL,4,24.4644,19.9469,4.5176,0.004798,-0.039689,0.039899,6,False
momentum_top,IDFCFIRSTB,2019-03-05,2019-03-06,51.1319,2019-03-13,49.7406,MOMENTUM_FAIL,19,-26.4356,19.9783,-46.4139,-0.047671,-0.057337,0.0,6,False
momentum_top,RECLTD,2019-03-05,2019-03-06,59.5644,2019-03-13,59.3746,MOMENTUM_FAIL,16,-3.0367,19.9479,-22.9847,-0.024065,-0.046107,0.014574,6,False
momentum_top,BALRAMCHIN,2019-03-05,2019-03-06,129.3229,2019-03-13,122.7678,MOMENTUM_FAIL,7,-45.8858,19.659,-65.5447,-0.072246,-0.056481,0.041637,6,False
momentum_top,GVT&D,2019-03-05,2019-03-06,303.8766,2019-03-11,282.6053,STOP,3,-63.8141,19.6494,-83.4635,-0.091354,-0.07289,0.0,4,False
momentum_top,MUTHOOTFIN,2019-03-05,2019-03-06,498.7929,2019-03-28,533.7521,TIME,2,69.9185,20.2846,49.6339,0.049645,-0.016404,0.076667,16,False
momentum_top,BEML,2019-03-05,2019-03-06,362.7853,2019-03-28,394.5426,TIME,2,63.5145,19.123,44.3915,0.061048,-0.045477,0.10524,16,False
momentum_top,PFC,2019-03-05,2019-03-06,57.9544,2019-03-08,53.8976,STOP,17,-68.9657,19.9496,-88.9154,-0.090052,-0.08718,0.0,3,False
momentum_top,KAJARIACER,2019-03-05,2019-03-06,527.309,2019-03-28,538.4191,TIME,1,11.1102,18.1792,-7.069,-0.013377,-0.025938,0.057189,16,False
momentum_top,HFCL,2019-03-05,2019-03-06,22.636,2019-03-28,22.5868,TIME,44,-2.1649,20.1311,-22.296,-0.022337,-0.058696,0.1,16,False
momentum_top,GRANULES,2019-03-05,2019-03-06,103.706,2019-03-28,113.0589,TIME,9,84.1764,20.0424,64.134,0.068564,-0.049065,0.120094,16,False
momentum_top,NCC,2019-03-05,2019-03-06,88.2467,2019-03-28,99.5008,TIME,11,123.7954,20.2809,103.5145,0.106405,-0.029352,0.15587,16,False
momentum_top,PNB,2019-03-05,2019-03-06,74.5652,2019-03-28,85.9709,TIME,13,148.2739,20.3249,127.9489,0.131707,-0.016928,0.160218,16,False
momentum_top,IOC,2019-03-05,2019-03-06,63.7102,2019-03-13,61.1413,MOMENTUM_FAIL,15,-38.5345,19.8867,-58.4212,-0.060999,-0.066452,0.014194,6,False
momentum_top,BBOX,2019-03-11,2019-03-12,21.364,2019-04-04,23.1078,TIME,46,80.2146,20.2429,59.9717,0.060892,-0.001866,0.147388,16,False
momentum_top,NEULANDLAB,2019-03-11,2019-03-12,692.7109,2019-03-19,684.2477,MOMENTUM_FAIL,1,-8.4632,18.8377,-27.3009,-0.039326,-0.060734,0.019774,6,False
momentum_top,RECLTD,2019-03-11,2019-03-12,59.5068,2019-03-26,69.72,TARGET,16,163.4115,20.283,143.1285,0.15,-0.031852,0.184445,10,False
momentum_top,SUZLON,2019-03-11,2019-03-12,6.8407,2019-03-13,6.3618,STOP,145,-69.433,19.9769,-89.4099,-0.089943,-0.100671,0.0,2,False
momentum_top,MANAPPURAM,2019-03-11,2019-03-12,104.2913,2019-04-04,104.2475,TIME,9,-0.3943,19.8925,-20.2868,-0.021566,-0.014706,0.067227,16,False
momentum_top,IDFCFIRSTB,2019-03-11,2019-03-12,50.2375,2019-04-04,53.6662,TIME,19,65.1448,20.093,45.0518,0.047096,-0.023739,0.124629,16,False
momentum_top,GRANULES,2019-03-11,2019-03-12,110.9267,2019-03-19,114.1251,MOMENTUM_FAIL,8,25.5873,19.7292,5.8581,0.006587,-0.03495,0.032765,6,False
momentum_top,PFC,2019-03-11,2019-03-12,55.4777,2019-04-04,59.2423,TIME,17,63.9972,20.0426,43.9546,0.046504,-0.039732,0.107143,16,False
momentum_top,JSL,2019-03-11,2019-03-12,42.7422,2019-03-14,39.7502,STOP,23,-68.8149,19.9408,-88.7557,-0.090087,-0.130584,0.0,3,False
momentum_top,LEMONTREE,2019-03-11,2019-03-12,87.6,2019-03-15,81.468,STOP,11,-67.452,19.8614,-87.3134,-0.090414,-0.109589,0.0,4,False
momentum_top,BALRAMCHIN,2019-03-11,2019-03-12,125.6708,2019-03-19,121.5972,MOMENTUM_FAIL,7,-28.5148,19.5864,-48.1012,-0.05456,-0.037258,0.02608,6,False
momentum_top,AVANTIFEED,2019-03-11,2019-03-12,409.6871,2019-03-14,381.009,STOP,2,-57.3562,19.273,-76.6292,-0.093318,-0.073873,0.0,3,False
momentum_top,DIXON,2019-03-11,2019-03-12,502.2318,2019-03-19,499.0183,MOMENTUM_FAIL,1,-3.2135,18.0441,-21.2576,-0.042234,-0.009509,0.022187,6,False
momentum_top,INDUSTOWER,2019-03-11,2019-03-12,247.3059,2019-03-19,253.5757,MOMENTUM_FAIL,4,25.079,20.158,4.9209,0.004964,-0.027074,0.038498,6,False
momentum_top,YESBANK,2019-03-11,2019-03-12,234.7794,2019-04-01,275.1293,TARGET,4,161.3996,20.224,141.1756,0.15,-0.022269,0.176471,13,False
momentum_top,CREDITACC,2019-03-11,2019-03-12,494.7766,2019-03-14,460.1423,STOP,2,-69.2687,19.9673,-89.236,-0.089981,-0.073491,0.0,3,False
momentum_top,J&KBANK,2019-03-11,2019-03-12,44.5621,2019-03-28,52.1888,TARGET,22,167.7876,20.4112,147.3764,0.15,-0.031083,0.178992,12,False
momentum_top,PRIVISCL,2019-03-11,2019-03-12,333.8158,2019-03-19,332.4557,MOMENTUM_FAIL,2,-2.7202,18.7435,-21.4637,-0.032079,-0.017429,0.014147,6,False
momentum_top,BBOX,2019-03-18,2019-03-19,22.8686,2019-04-11,23.4067,TIME,43,23.1376,20.1293,3.0084,0.003053,-0.041394,0.071895,16,False
momentum_top,NEULANDLAB,2019-03-18,2019-03-19,677.5946,2019-03-25,630.163,STOP,1,-47.4316,18.6945,-66.1262,-0.097377,-0.075879,0.020432,4,False
momentum_top,RECLTD,2019-03-18,2019-03-19,64.3334,2019-04-11,66.8239,TIME,15,37.3573,20.0807,17.2765,0.017864,-0.046249,0.095581,16,False
momentum_top,YESBANK,2019-03-18,2019-03-19,243.3124,2019-04-11,265.4093,TIME,4,88.3876,20.2195,68.1681,0.069889,-0.00223,0.159538,16,False
momentum_top,MANAPPURAM,2019-03-18,2019-03-19,109.5497,2019-03-27,106.4823,MOMENTUM_FAIL,9,-27.6065,20.0369,-47.6434,-0.048217,-0.0588,0.0008,6,False
momentum_top,J&KBANK,2019-03-18,2019-03-19,47.8099,2019-03-27,46.2815,MOMENTUM_FAIL,20,-30.5678,19.9053,-50.4731,-0.05267,-0.037962,0.042957,6,False
momentum_top,BALRAMCHIN,2019-03-18,2019-03-19,125.4834,2019-03-27,126.139,MOMENTUM_FAIL,7,4.5886,19.6483,-15.0597,-0.017107,-0.054851,0.014179,6,False
momentum_top,SUZLON,2019-03-18,2019-03-19,6.6111,2019-03-20,6.1484,STOP,150,-69.417,19.9759,-89.3929,-0.089947,-0.076389,0.0,2,False
momentum_top,HINDPETRO,2019-03-18,2019-03-19,135.284,2019-03-22,125.8142,STOP,7,-66.2892,19.7936,-86.0828,-0.090703,-0.074479,0.006944,3,False
momentum_top,GODFRYPHLP,2019-03-18,2019-03-19,328.4274,2019-03-27,324.6943,MOMENTUM_FAIL,3,-11.1994,20.0675,-31.2669,-0.031665,-0.030751,0.014451,6,False
momentum_top,GRANULES,2019-03-18,2019-03-19,109.5213,2019-03-27,113.9312,MOMENTUM_FAIL,9,39.6892,20.1729,19.5163,0.019756,-0.038496,0.047345,6,False
momentum_top,PIIND,2019-03-18,2019-03-19,974.5737,2019-03-27,1005.1845,MOMENTUM_FAIL,1,30.6109,20.1074,10.5034,0.010754,-0.0001,0.036569,6,False
momentum_top,UPL,2019-03-18,2019-03-19,571.6751,2019-03-27,554.9987,MOMENTUM_FAIL,1,-16.6764,18.3099,-34.9863,-0.061066,-0.040797,0.012917,6,False
momentum_top,PRIVISCL,2019-03-18,2019-03-19,338.4625,2019-03-27,334.6469,MOMENTUM_FAIL,2,-7.6313,18.7727,-26.4041,-0.038921,-0.035607,0.004576,6,False
momentum_top,TIINDIA,2019-03-18,2019-03-19,394.6148,2019-03-20,366.9918,STOP,2,-55.2461,19.15,-74.3961,-0.094059,-0.084805,0.0,2,False
momentum_top,IDFCFIRSTB,2019-03-18,2019-03-19,52.1754,2019-03-27,53.368,MOMENTUM_FAIL,19,22.6591,20.162,2.4971,0.002513,-0.02,0.039048,6,False
momentum_top,KIRLOSBROS,2019-03-18,2019-03-19,167.3737,2019-03-27,157.1474,MOMENTUM_FAIL,5,-51.1314,19.3595,-70.4909,-0.084048,-0.071188,0.0,6,False
momentum_top,KAJARIACER,2019-03-18,2019-03-19,539.6329,2019-03-27,531.9771,MOMENTUM_FAIL,1,-7.6558,18.193,-25.8488,-0.047796,-0.048183,0.012111,6,False
momentum_top,OLECTRA,2019-03-18,2019-03-19,250.507,2019-04-09,232.9715,STOP,3,-52.6065,18.9961,-71.6026,-0.095069,-0.078088,0.093426,14,False
momentum_top,BBOX,2019-03-25,2019-03-26,21.922,2019-04-18,22.779,TIME,45,38.5628,20.1739,18.3889,0.0186,0.0,0.118182,16,False
momentum_top,RECLTD,2019-03-25,2019-03-26,68.7634,2019-04-01,63.95,STOP,14,-67.3881,19.8577,-87.2458,-0.09043,-0.073398,0.0,4,False
momentum_top,NEULANDLAB,2019-03-25,2019-03-26,645.7475,2019-03-27,600.5452,STOP,1,-45.2023,18.5646,-63.7669,-0.098534,-0.089091,0.0,2,False
momentum_top,YESBANK,2019-03-25,2019-03-26,244.1509,2019-04-18,252.3386,TIME,4,32.7507,20.1203,12.6304,0.012905,0.0,0.155556,16,False
momentum_top,BALRAMCHIN,2019-03-25,2019-03-26,126.4199,2019-04-18,136.9081,TIME,7,73.4173,19.8161,53.6012,0.060438,-0.047037,0.091852,16,False
momentum_top,J&KBANK,2019-03-25,2019-03-26,47.0935,2019-04-01,55.1468,TARGET,21,169.119,20.4502,148.6688,0.15,-0.023327,0.21501,4,False
momentum_top,OLECTRA,2019-03-25,2019-03-26,265.4775,2019-04-01,243.4708,GAP_STOP,3,-66.0201,19.1585,-85.1786,-0.106717,-0.083459,0.0,4,False
momentum_top,GODFRYPHLP,2019-03-25,2019-03-26,322.958,2019-04-18,335.8069,TIME,3,38.5466,20.0995,18.4471,0.018998,-0.014337,0.08414,16,False
momentum_top,MANAPPURAM,2019-03-25,2019-03-26,103.8531,2019-04-18,108.7171,TIME,9,43.7761,19.9658,23.8103,0.025419,-0.012658,0.096203,16,False
momentum_top,NCC,2019-03-25,2019-03-26,98.2057,2019-04-09,91.3313,STOP,10,-68.744,19.9367,-88.6807,-0.090104,-0.079582,0.054116,10,False
momentum_top,CREDITACC,2019-03-25,2019-03-26,470.5686,2019-04-03,551.4248,TARGET,2,161.7124,20.2332,141.4792,0.15,-0.00506,0.180687,6,False
momentum_top,APLAPOLLO,2019-03-25,2019-03-26,139.6961,2019-04-18,151.4079,TIME,7,81.9826,20.226,61.7567,0.063016,-0.025951,0.101371,16,False
momentum_top,PRESTIGE,2019-03-25,2019-03-26,259.8801,2019-03-27,241.6885,STOP,3,-54.5748,19.1109,-73.6857,-0.094306,-0.076073,0.0,2,False
momentum_top,GRANULES,2019-03-25,2019-03-26,106.0321,2019-04-18,110.4421,TIME,9,39.6893,20.0403,19.649,0.020545,-0.026508,0.095521,16,False
momentum_top,NAUKRI,2019-03-25,2019-03-26,373.1241,2019-04-03,360.5049,MOMENTUM_FAIL,2,-25.2383,19.0296,-44.2679,-0.059191,-0.060021,0.0,6,False
momentum_top,DEEPAKNTR,2019-03-25,2019-03-26,254.2029,2019-04-18,256.8969,TIME,3,8.0822,19.1665,-11.0844,-0.014503,-0.006056,0.07816,16,False
momentum_top,SRF,2019-03-25,2019-03-26,473.7983,2019-04-01,440.6324,STOP,2,-66.3318,19.7961,-86.1279,-0.090693,-0.106698,0.013527,4,False
momentum_top,NAM-INDIA,2019-03-25,2019-03-26,153.9211,2019-04-18,154.8952,TIME,6,5.8448,19.8414,-13.9967,-0.015123,-0.013713,0.127109,16,False
momentum_top,BBOX,2019-04-01,2019-04-02,22.2209,2019-04-25,22.3305,TIME,44,4.8229,20.0682,-15.2453,-0.015559,-0.004484,0.103139,16,False
momentum_top,YESBANK,2019-04-01,2019-04-02,274.4355,2019-04-08,255.225,STOP,3,-57.6314,19.289,-76.9205,-0.093225,-0.071711,0.028037,5,False
momentum_top,J&KBANK,2019-04-01,2019-04-02,55.1175,2019-04-09,57.1235,MOMENTUM_FAIL,18,36.1082,20.1927,15.9155,0.016007,-0.02513,0.043328,6,False
momentum_top,NEULANDLAB,2019-04-01,2019-04-02,647.2151,2019-04-25,682.3889,TIME,1,35.1738,18.7345,16.4393,0.025345,-0.061451,0.136432,16,False
momentum_top,BALRAMCHIN,2019-04-01,2019-04-02,131.4767,2019-04-09,125.8112,MOMENTUM_FAIL,7,-39.6584,19.7353,-59.3937,-0.064394,-0.08369,0.045584,6,False
momentum_top,MANAPPURAM,2019-04-01,2019-04-02,109.243,2019-04-09,105.3869,MOMENTUM_FAIL,9,-34.7053,20.0108,-54.716,-0.05553,-0.061372,0.0,6,False
momentum_top,CGCL,2019-04-01,2019-04-02,161.9694,2019-04-25,163.6654,TIME,6,10.1759,20.0542,-9.8783,-0.010143,-0.036649,0.121873,16,False
momentum_top,PRIVISCL,2019-04-01,2019-04-02,354.3676,2019-04-09,349.9852,MOMENTUM_FAIL,2,-8.7648,18.9048,-27.6695,-0.038956,-0.051173,0.029851,6,False
momentum_top,CREDITACC,2019-04-01,2019-04-02,514.4208,2019-04-22,478.4114,STOP,1,-36.0095,18.0288,-54.0383,-0.104818,-0.081581,0.095275,13,False
momentum_top,GODFRYPHLP,2019-04-01,2019-04-02,333.0866,2019-04-09,319.4275,MOMENTUM_FAIL,2,-27.3182,18.6873,-46.0054,-0.068909,-0.044048,0.0,6,False
momentum_top,ATGL,2019-04-01,2019-04-02,132.7259,2019-04-09,130.4898,MOMENTUM_FAIL,7,-15.6526,19.8211,-35.4738,-0.038098,-0.040808,0.025833,6,False
momentum_top,RECLTD,2019-04-01,2019-04-02,64.7522,2019-04-25,65.8101,TIME,15,15.8684,20.0635,-4.1951,-0.00431,-0.00919,0.061266,16,False
momentum_top,NAM-INDIA,2019-04-01,2019-04-02,164.1094,2019-04-09,160.862,MOMENTUM_FAIL,6,-19.4838,20.048,-39.5318,-0.04006,-0.047737,0.004947,6,False
momentum_top,IDFCFIRSTB,2019-04-01,2019-04-02,55.9023,2019-04-09,54.3122,MOMENTUM_FAIL,17,-27.0319,19.8877,-46.9196,-0.049264,-0.048,0.0,6,False
momentum_top,NCC,2019-04-01,2019-04-02,102.2697,2019-04-04,95.1108,STOP,9,-64.4299,19.6853,-84.1151,-0.091188,-0.09345,0.0,3,False
momentum_top,NAUKRI,2019-04-01,2019-04-02,360.2615,2019-04-09,366.9215,MOMENTUM_FAIL,2,13.3201,18.9995,-5.6794,-0.007865,-0.039433,0.043271,6,False
momentum_top,APLAPOLLO,2019-04-01,2019-04-02,145.7902,2019-04-09,145.6006,MOMENTUM_FAIL,6,-1.1372,19.6212,-20.7585,-0.023679,-0.064267,0.006667,6,False
momentum_top,GRANULES,2019-04-01,2019-04-02,110.8297,2019-04-09,108.7459,MOMENTUM_FAIL,9,-18.7542,20.1036,-38.8578,-0.038871,-0.068649,0.000437,6,False
momentum_top,RELIANCE,2019-04-01,2019-04-02,618.807,2019-04-09,590.6773,MOMENTUM_FAIL,1,-28.1297,18.4856,-46.6153,-0.075167,-0.055079,0.003576,6,False
momentum_top,J&KBANK,2019-04-08,2019-04-09,56.5504,2019-05-06,57.1235,TIME,17,9.7435,20.0091,-10.2657,-0.010655,-0.02027,0.110642,16,False
momentum_top,NEULANDLAB,2019-04-08,2019-04-09,676.1759,2019-04-16,666.2451,MOMENTUM_FAIL,1,-9.9309,18.7649,-28.6958,-0.042346,-0.028216,0.033136,6,False
momentum_top,CREDITACC,2019-04-08,2019-04-09,531.7832,2019-04-16,512.6846,MOMENTUM_FAIL,1,-19.0985,18.1365,-37.2351,-0.069867,-0.042817,0.022015,6,False
momentum_top,CGCL,2019-04-08,2019-04-09,169.6957,2019-04-22,157.817,STOP,5,-59.3935,19.3917,-78.7852,-0.092652,-0.080511,0.05497,8,False
momentum_top,YESBANK,2019-04-08,2019-04-09,258.356,2019-04-22,240.2711,STOP,3,-54.2548,19.0922,-73.347,-0.094427,-0.095074,0.051737,8,False
momentum_top,RECLTD,2019-04-08,2019-04-09,66.5595,2019-04-16,66.317,MOMENTUM_FAIL,14,-3.3943,19.8577,-23.252,-0.024899,-0.011921,0.03245,6,False
momentum_top,PRIVISCL,2019-04-08,2019-04-09,347.6051,2019-04-16,347.8695,MOMENTUM_FAIL,2,0.5288,18.8666,-18.3377,-0.02632,-0.010977,0.021411,6,False
momentum_top,ATGL,2019-04-08,2019-04-09,132.3781,2019-05-06,128.9494,TIME,7,-24.001,19.7938,-43.7949,-0.047159,-0.037913,0.154655,16,False
momentum_top,NAM-INDIA,2019-04-08,2019-04-09,163.1757,2019-04-16,161.268,MOMENTUM_FAIL,6,-11.4465,20.0407,-31.4872,-0.032091,-0.037313,0.008458,6,False
momentum_top,APLAPOLLO,2019-04-08,2019-04-09,146.3053,2019-04-16,151.8793,MOMENTUM_FAIL,6,33.4444,19.7047,13.7397,0.015618,-0.043247,0.043015,6,False
momentum_top,CANFINHOME,2019-04-08,2019-04-09,340.5505,2019-04-16,323.6637,MOMENTUM_FAIL,2,-33.7736,18.7371,-52.5107,-0.076929,-0.057713,0.0,6,False
momentum_top,GODREJPROP,2019-04-08,2019-04-09,920.5503,2019-04-16,938.1652,MOMENTUM_FAIL,1,17.6149,19.8528,-2.238,-0.002426,-0.036216,0.041081,6,False
momentum_top,USHAMART,2019-04-08,2019-04-09,38.3572,2019-04-09,35.6722,STOP,26,-69.8101,19.9988,-89.8089,-0.089857,0.0,0.0,1,False
momentum_top,UPL,2019-04-08,2019-04-09,580.598,2019-04-16,574.6904,MOMENTUM_FAIL,1,-5.9076,18.3695,-24.2771,-0.041723,-0.034446,0.00212,6,False
momentum_top,GRANULES,2019-04-08,2019-04-09,108.649,2019-04-16,110.4421,MOMENTUM_FAIL,9,16.1374,20.0917,-3.9543,-0.004035,-0.005352,0.033006,6,False
momentum_top,KPIL,2019-04-08,2019-04-09,435.2118,2019-04-16,449.2231,MOMENTUM_FAIL,2,28.0226,19.6624,8.3603,0.009584,-0.020213,0.041675,6,False
momentum_top,SUZLON,2019-04-08,2019-04-09,6.152,2019-04-15,7.2033,TARGET,162,170.3062,20.485,149.8212,0.15,-0.029851,0.186567,5,False
momentum_top,JSL,2019-04-08,2019-04-09,40.1473,2019-04-16,38.9722,MOMENTUM_FAIL,24,-28.201,19.9411,-48.1421,-0.049855,-0.036585,0.018293,6,False
momentum_top,J&KBANK,2019-04-15,2019-04-16,58.7474,2019-05-08,54.6351,STOP,16,-65.7971,19.765,-85.5621,-0.090829,-0.126829,0.063415,13,False
momentum_top,CGCL,2019-04-15,2019-04-16,175.4433,2019-04-22,163.1623,STOP,5,-61.4051,19.509,-80.9141,-0.092038,-0.110634,0.006982,3,False
momentum_top,SUZLON,2019-04-15,2019-04-16,6.8407,2019-04-22,6.3618,STOP,145,-69.433,19.9769,-89.4099,-0.089943,-0.100671,0.006711,3,False
momentum_top,NEULANDLAB,2019-04-15,2019-04-16,665.1199,2019-05-13,650.3462,TIME,1,-14.7737,18.7084,-33.482,-0.05023,-0.043836,0.10584,16,False
momentum_top,APLAPOLLO,2019-04-15,2019-04-16,146.7621,2019-05-13,143.1028,TIME,6,-21.9561,19.6035,-41.5595,-0.047093,-0.058742,0.068874,16,False
momentum_top,PRIVISCL,2019-04-15,2019-04-16,352.3274,2019-04-25,348.7762,MOMENTUM_FAIL,2,-7.1024,18.8909,-25.9933,-0.036808,-0.032597,0.02284,6,False
momentum_top,OBEROIRLTY,2019-04-15,2019-04-16,583.8245,2019-04-18,542.9568,STOP,1,-40.8677,18.312,-59.1797,-0.101144,-0.090834,0.0,2,False
momentum_top,ATGL,2019-04-15,2019-04-16,129.8935,2019-04-24,152.29,TARGET,7,156.7749,20.0885,136.6864,0.15,0.0,0.176741,5,False
momentum_top,KPIL,2019-04-15,2019-04-16,448.9057,2019-04-25,433.3073,MOMENTUM_FAIL,2,-31.1967,19.6574,-50.8542,-0.056519,-0.049899,0.003939,6,False
momentum_top,RECLTD,2019-04-15,2019-04-16,67.8377,2019-04-25,65.8101,MOMENTUM_FAIL,14,-28.3868,19.8824,-48.2692,-0.050713,-0.054256,0.005199,6,False
momentum_top,GODREJPROP,2019-04-15,2019-04-16,952.3964,2019-04-23,885.7287,STOP,1,-66.6677,19.8157,-86.4834,-0.090608,-0.079258,0.0,4,False
momentum_top,YESBANK,2019-04-15,2019-04-16,263.9295,2019-04-22,245.4545,STOP,3,-55.4252,19.1604,-74.5856,-0.093993,-0.114184,0.001495,3,False
momentum_top,CREDITACC,2019-04-15,2019-04-16,522.4571,2019-04-22,485.8851,STOP,1,-36.572,18.0616,-54.6336,-0.104342,-0.095708,0.0,3,False
momentum_top,NAM-INDIA,2019-04-15,2019-04-16,161.3086,2019-04-22,150.017,STOP,6,-67.7496,19.8788,-87.6284,-0.090342,-0.081027,0.018621,3,False
momentum_top,GRANULES,2019-04-15,2019-04-16,110.8782,2019-05-13,106.2744,TIME,8,-36.8302,19.6004,-56.4306,-0.063479,-0.055944,0.052448,16,False
momentum_top,MANAPPURAM,2019-04-15,2019-04-16,110.6452,2019-04-23,102.9,STOP,9,-69.7065,19.9928,-89.6993,-0.08988,-0.070099,0.018218,4,False
momentum_top,BALRAMCHIN,2019-04-15,2019-04-16,128.761,2019-05-13,127.5905,TIME,7,-8.194,19.7191,-27.9131,-0.030901,-0.025455,0.149091,16,False
momentum_top,PRESTIGE,2019-04-15,2019-04-16,273.1736,2019-04-18,254.0514,STOP,3,-57.3665,19.2736,-76.64,-0.093314,-0.072549,0.0,2,False
momentum_top,J&KBANK,2019-04-22,2019-04-23,56.0728,2019-05-08,52.1477,STOP,17,-66.7266,19.8191,-86.5457,-0.090593,-0.085179,0.11414,10,False
momentum_top,ATGL,2019-04-22,2019-04-23,145.4966,2019-04-30,135.3119,STOP,6,-61.1086,19.4917,-80.6003,-0.092126,-0.107924,0.050547,5,False
momentum_top,PRIVISCL,2019-04-22,2019-04-23,353.612,2019-05-02,344.545,MOMENTUM_FAIL,2,-18.1339,18.8793,-37.0132,-0.052222,-0.038141,0.0,6,False
momentum_top,BALRAMCHIN,2019-04-22,2019-04-23,133.8178,2019-05-16,133.9583,TIME,7,0.9833,19.8873,-18.904,-0.020137,-0.062281,0.105668,16,False
momentum_top,GRAVITA,2019-04-22,2019-04-23,86.8079,2019-04-26,80.7313,STOP,11,-66.8421,19.8259,-86.6679,-0.090565,-0.088937,0.002711,4,False
momentum_top,GRANULES,2019-04-22,2019-04-23,114.0766,2019-05-02,107.7767,MOMENTUM_FAIL,8,-50.3992,19.6808,-70.08,-0.076623,-0.060323,0.002549,6,False
momentum_top,APLAPOLLO,2019-04-22,2019-04-23,151.6218,2019-05-02,149.707,MOMENTUM_FAIL,6,-11.4883,19.7479,-31.2362,-0.034261,-0.020289,0.033333,6,False
momentum_top,CGCL,2019-04-22,2019-04-23,158.2947,2019-05-16,159.8965,TIME,6,9.6106,19.9599,-10.3493,-0.010873,-0.061012,0.070833,16,False
momentum_top,SUZLON,2019-04-22,2019-04-23,6.2898,2019-05-07,5.8495,STOP,158,-69.5648,19.9846,-89.5494,-0.089913,-0.087591,0.094891,9,False
momentum_top,KPIL,2019-04-22,2019-04-23,442.5575,2019-05-02,434.713,MOMENTUM_FAIL,2,-15.6891,19.6354,-35.3245,-0.039822,-0.060349,0.013934,6,False
momentum_top,TMPV,2019-04-22,2019-04-23,228.9445,2019-04-24,212.9184,STOP,4,-64.1045,19.6663,-83.7708,-0.091275,-0.074043,0.0,2,False
momentum_top,BANDHANBNK,2019-04-22,2019-04-23,544.2026,2019-05-16,535.4189,TIME,1,-8.7837,18.21,-26.9937,-0.049494,-0.054242,0.12242,16,False
momentum_top,NEULANDLAB,2019-04-22,2019-04-23,648.1935,2019-05-16,700.5382,TIME,1,52.3447,18.7736,33.5711,0.051679,-0.008453,0.116076,16,False
momentum_top,RECLTD,2019-04-22,2019-04-23,65.5897,2019-05-02,63.7384,MOMENTUM_FAIL,15,-27.7699,20.0277,-47.7976,-0.048476,-0.039651,0.034946,6,False
momentum_top,UNOMINDA,2019-04-22,2019-04-23,186.9076,2019-05-02,167.7031,MOMENTUM_FAIL,5,-96.0222,19.6805,-115.7027,-0.123537,-0.109686,0.012565,6,False
momentum_top,IPCALAB,2019-04-22,2019-04-23,471.1856,2019-05-02,472.7403,MOMENTUM_FAIL,2,3.1095,19.9154,-16.8059,-0.017795,-0.026603,0.018921,6,False
momentum_top,J&KBANK,2019-04-30,2019-05-02,58.2698,2019-05-08,54.1909,STOP,17,-69.3411,19.9715,-89.3126,-0.089965,-0.119672,0.003279,5,False
momentum_top,BALRAMCHIN,2019-04-30,2019-05-02,141.0284,2019-05-08,131.1565,STOP,7,-69.1039,19.9577,-89.0616,-0.09002,-0.079017,0.049137,5,False
momentum_top,REDINGTON,2019-04-30,2019-05-02,38.8567,2019-05-07,36.1367,STOP,25,-67.9992,19.8933,-87.8925,-0.090281,-0.08403,0.0,4,False
momentum_top,JPPOWER,2019-04-30,2019-05-02,2.85,2019-05-13,3.35,TARGET,350,175.0,20.4982,154.5018,0.154551,-0.017544,0.210526,8,False
momentum_top,APLAPOLLO,2019-04-30,2019-05-02,155.5095,2019-05-07,144.6238,STOP,6,-65.314,19.7368,-85.0508,-0.090954,-0.075438,0.0,4,False
momentum_top,NEULANDLAB,2019-04-30,2019-05-02,695.5972,2019-05-09,652.5474,MOMENTUM_FAIL,1,-43.0498,18.7795,-61.8293,-0.088693,-0.067586,0.002884,6,False
momentum_top,BANDHANBNK,2019-04-30,2019-05-02,570.2175,2019-05-13,530.3023,STOP,1,-39.9152,18.2564,-58.1717,-0.101794,-0.078535,0.070539,8,False
momentum_top,NAM-INDIA,2019-04-30,2019-05-02,160.7403,2019-05-09,156.5949,MOMENTUM_FAIL,6,-24.8723,19.9517,-44.824,-0.046375,-0.062879,0.009091,6,False
momentum_top,PRIVISCL,2019-04-30,2019-05-02,340.1249,2019-05-20,407.9383,TARGET,2,135.6267,19.0785,116.5482,0.170958,-0.006442,0.199378,13,False
momentum_top,ATGL,2019-04-30,2019-05-02,131.1855,2019-05-09,131.434,MOMENTUM_FAIL,7,1.7394,19.811,-18.0716,-0.019637,-0.023863,0.040909,6,False
momentum_top,CREDITACC,2019-04-30,2019-05-02,509.4602,2019-05-09,473.798,STOP,1,-35.6622,18.0086,-53.6708,-0.105118,-0.131451,0.063388,6,False
momentum_top,ZEEL,2019-04-30,2019-05-02,396.6759,2019-05-06,368.9086,STOP,2,-55.5346,19.1668,-74.7014,-0.093954,-0.112879,0.0,3,False
momentum_top,SUZLON,2019-04-30,2019-05-02,6.2898,2019-05-07,5.8495,STOP,158,-69.5648,19.9846,-89.5494,-0.089913,-0.087591,0.007299,4,False
momentum_top,RAMCOCEM,2019-04-30,2019-05-02,753.2843,2019-05-09,730.3539,MOMENTUM_FAIL,1,-22.9304,19.064,-41.9944,-0.055627,-0.044041,0.020337,6,False
momentum_top,GRAVITA,2019-04-30,2019-05-02,80.0761,2019-05-03,74.4707,STOP,12,-67.2639,19.8504,-87.1143,-0.09046,-0.09465,0.0,2,False
momentum_top,INDIACEM,2019-04-30,2019-05-02,104.127,2019-05-08,96.8381,STOP,9,-65.6,19.7535,-85.3535,-0.09088,-0.078183,0.018258,5,False
momentum_top,RECLTD,2019-04-30,2019-05-02,65.193,2019-05-08,60.6295,STOP,15,-68.4527,19.9197,-88.3724,-0.090173,-0.074713,0.0,5,False
momentum_top,JSL,2019-04-30,2019-05-02,36.2305,2019-05-07,33.6943,STOP,27,-68.4756,19.9211,-88.3966,-0.090167,-0.122973,0.0,4,False
momentum_top,BALRAMCHIN,2019-05-06,2019-05-07,144.3996,2019-05-07,134.2917,STOP,6,-60.6478,19.4648,-80.1127,-0.092265,0.0,0.0,1,False
momentum_top,BANDHANBNK,2019-05-06,2019-05-07,581.9291,2019-05-13,541.194,STOP,1,-40.735,18.3042,-59.0393,-0.101233,-0.09708,0.0,5,False
momentum_top,J&KBANK,2019-05-06,2019-05-07,57.1713,2019-05-08,53.1693,STOP,17,-68.0338,19.8953,-87.9292,-0.090273,-0.102757,0.0,2,False
momentum_top,NAM-INDIA,2019-05-06,2019-05-07,158.1831,2019-05-14,158.7802,MOMENTUM_FAIL,6,3.5825,19.9448,-16.3623,-0.017202,-0.047729,0.016547,6,False
momentum_top,CREDITACC,2019-05-06,2019-05-07,531.0391,2019-05-08,493.8664,STOP,1,-37.1727,18.0966,-55.2693,-0.103851,-0.075199,0.0,2,False
momentum_top,PRIVISCL,2019-05-06,2019-05-07,357.3899,2019-05-21,420.7186,TARGET,2,126.6574,19.206,107.4514,0.15,-0.05444,0.179598,11,False
momentum_top,NEULANDLAB,2019-05-06,2019-05-07,677.0565,2019-05-14,673.6322,MOMENTUM_FAIL,1,-3.4243,18.7819,-22.2062,-0.032727,-0.050722,0.002529,6,False
momentum_top,APLAPOLLO,2019-05-06,2019-05-07,148.1131,2019-05-14,141.8101,MOMENTUM_FAIL,6,-37.8179,19.6054,-57.4233,-0.064476,-0.067327,0.00584,6,False
momentum_top,ATGL,2019-05-06,2019-05-07,129.7445,2019-05-13,120.6623,STOP,7,-63.5748,19.6354,-83.2102,-0.09142,-0.073152,0.03715,5,False
momentum_top,DEEPAKNTR,2019-05-06,2019-05-07,278.0645,2019-05-09,258.6,STOP,3,-58.3935,19.3334,-77.727,-0.092973,-0.075779,0.0,3,False
momentum_top,JINDALSTEL,2019-05-06,2019-05-07,172.8434,2019-05-09,160.7444,STOP,5,-60.4952,19.4559,-79.9511,-0.092311,-0.082005,0.0,3,False
momentum_top,GRSE,2019-05-06,2019-05-07,92.923,2019-05-28,100.0612,TIME,10,71.3828,19.999,51.3838,0.055177,-0.020665,0.109614,16,False
momentum_top,SUZLON,2019-05-06,2019-05-07,6.0602,2019-05-08,5.636,STOP,164,-69.5712,19.9849,-89.5562,-0.089912,-0.106061,0.0,2,False
momentum_top,CGCL,2019-05-06,2019-05-07,160.1791,2019-05-14,160.98,MOMENTUM_FAIL,6,4.8054,19.9979,-15.1925,-0.015773,-0.027647,0.049412,6,False
momentum_top,PRESTIGE,2019-05-06,2019-05-07,255.1568,2019-05-13,237.2958,STOP,3,-53.5829,19.0531,-72.636,-0.094684,-0.087595,0.029771,5,False
momentum_top,RAMCOCEM,2019-05-06,2019-05-07,754.504,2019-05-14,718.7914,MOMENTUM_FAIL,1,-35.7126,19.0431,-54.7557,-0.072414,-0.068218,0.0,6,False
momentum_top,JPPOWER,2019-05-13,2019-05-14,3.05,2019-05-16,2.8365,STOP,327,-69.8145,19.9991,-89.8136,-0.089856,-0.098361,0.0,3,False
momentum_top,SUZLON,2019-05-13,2019-05-14,5.0961,2019-05-15,4.7394,STOP,195,-69.5616,19.9844,-89.546,-0.089914,-0.072072,0.054054,2,False
momentum_top,JSL,2019-05-13,2019-05-14,33.8804,2019-06-04,36.6711,TIME,29,80.931,20.2435,60.6875,0.061632,-0.052023,0.153179,16,False
momentum_top,GRSE,2019-05-13,2019-05-14,91.9211,2019-05-30,107.7528,TARGET,10,158.3168,20.1337,138.1831,0.15,0.0,0.198002,13,False
momentum_top,NEULANDLAB,2019-05-13,2019-05-14,655.5317,2019-05-22,609.6445,STOP,1,-45.8872,18.6045,-64.4917,-0.098166,-0.125373,0.1,7,False
momentum_top,WELCORP,2019-05-13,2019-05-14,120.2864,2019-05-15,111.8543,GAP_STOP,8,-67.4566,19.8559,-87.3125,-0.090536,-0.091559,0.0,2,False
momentum_top,REDINGTON,2019-05-13,2019-05-14,35.0378,2019-05-21,35.6107,MOMENTUM_FAIL,28,16.0392,20.1051,-4.066,-0.004135,-0.037057,0.035422,6,False
momentum_top,APLAPOLLO,2019-05-13,2019-05-14,143.8463,2019-06-04,152.3021,TIME,6,50.7349,19.6776,31.0573,0.035906,-0.056723,0.140507,16,False
momentum_top,J&KBANK,2019-05-13,2019-05-14,49.4816,2019-05-22,57.9427,TARGET,20,169.2225,20.4532,148.7693,0.15,0.0,0.185328,7,False
momentum_top,BALRAMCHIN,2019-05-13,2019-05-14,127.1691,2019-05-27,149.1436,TARGET,7,153.8214,20.002,133.8194,0.15,0.0,0.244477,10,False
momentum_top,POONAWALLA,2019-05-13,2019-05-14,123.3972,2019-06-04,127.4615,TIME,8,32.5141,20.1645,12.3496,0.012483,-0.013492,0.073413,16,False
momentum_top,GRANULES,2019-05-13,2019-05-14,105.1598,2019-05-21,104.7721,MOMENTUM_FAIL,9,-3.4892,19.9192,-23.4083,-0.024679,-0.035945,0.028111,6,False
momentum_top,ATGL,2019-05-13,2019-05-14,118.8123,2019-05-23,139.2076,TARGET,8,163.1622,20.2757,142.8865,0.15,-0.054371,0.22041,8,False
momentum_top,CANFINHOME,2019-05-13,2019-05-14,287.5447,2019-05-20,337.3964,TARGET,3,149.555,19.877,129.678,0.15,-0.007341,0.182219,5,False
momentum_top,BANDHANBNK,2019-05-13,2019-05-14,523.1794,2019-06-04,568.3937,TIME,1,45.2143,18.2312,26.9831,0.051463,-0.004862,0.155872,16,False
momentum_top,KPIL,2019-05-13,2019-05-14,417.1196,2019-05-24,489.6983,TARGET,2,145.1576,19.7481,125.4094,0.15,-0.038591,0.190129,9,False
momentum_top,BLUESTARCO,2019-05-13,2019-05-14,336.7148,2019-06-04,373.9821,TIME,2,74.5346,18.9253,55.6093,0.082396,-0.002916,0.131579,16,False
momentum_top,IPCALAB,2019-05-13,2019-05-14,447.087,2019-05-21,446.674,MOMENTUM_FAIL,2,-0.826,19.7039,-20.5299,-0.02291,-0.017985,0.043251,6,False
momentum_top,SUZLON,2019-05-20,2019-05-21,5.4634,2019-05-21,5.0809,STOP,182,-69.6034,19.9868,-89.5902,-0.089904,0.0,0.0,1,False
momentum_top,POONAWALLA,2019-05-20,2019-05-21,126.4332,2019-05-28,127.9022,MOMENTUM_FAIL,7,10.2831,19.6879,-9.4049,-0.010603,-0.019365,0.026336,6,False
momentum_top,APLAPOLLO,2019-05-20,2019-05-21,155.5095,2019-06-12,154.2411,TIME,6,-7.6101,19.8543,-27.4644,-0.029371,-0.033562,0.054969,16,False
momentum_top,WELCORP,2019-05-20,2019-05-21,119.2539,2019-06-12,120.2864,TIME,8,8.2601,19.9752,-11.7151,-0.012253,-0.044372,0.096681,16,False
momentum_top,PRIVISCL,2019-05-20,2019-05-21,404.1226,2019-06-12,413.3407,TIME,2,18.4361,19.3803,-0.9442,-0.001166,-0.018416,0.088155,16,False
momentum_top,J&KBANK,2019-05-20,2019-05-21,55.3563,2019-06-10,46.9024,GAP_STOP,18,-152.1703,19.8275,-171.9977,-0.17224,-0.179465,0.094909,14,False
momentum_top,GRSE,2019-05-20,2019-05-21,98.5167,2019-05-28,100.0612,MOMENTUM_FAIL,10,15.4455,20.1213,-4.6758,-0.004736,-0.023305,0.04661,6,False
momentum_top,KPIL,2019-05-20,2019-05-21,438.4766,2019-06-12,461.2393,TIME,2,45.5254,19.7256,25.7998,0.029356,-0.012616,0.132161,16,False
momentum_top,TEJASNET,2019-05-20,2019-05-21,193.791,2019-05-28,173.5117,MOMENTUM_FAIL,5,-101.3966,19.8149,-121.2115,-0.124822,-0.117917,0.014293,6,False
momentum_top,INTELLECT,2019-05-20,2019-05-21,223.0393,2019-06-03,261.5711,TARGET,4,154.1271,20.0109,134.1162,0.15,-0.004148,0.182533,10,False
momentum_top,ONGC,2019-05-20,2019-05-21,116.0696,2019-05-28,116.2022,MOMENTUM_FAIL,8,1.0607,19.8529,-18.7923,-0.020194,-0.03598,0.021702,6,False
momentum_top,BAJAJFINSV,2019-05-20,2019-05-21,820.6211,2019-05-28,809.6201,MOMENTUM_FAIL,1,-11.001,19.3726,-30.3736,-0.036932,-0.031436,0.007768,6,False
momentum_top,ATGL,2019-05-20,2019-05-21,131.0364,2019-05-28,153.6098,TARGET,7,158.0138,20.1248,137.889,0.15,-0.014031,0.254456,6,False
momentum_top,ADANIGREEN,2019-05-20,2019-05-21,44.1,2019-06-12,43.15,TIME,22,-20.8999,19.9841,-40.884,-0.042048,-0.058957,0.07483,16,False
momentum_top,CGPOWER,2019-05-20,2019-05-21,38.5259,2019-05-28,37.6862,MOMENTUM_FAIL,25,-20.9917,19.9541,-40.9458,-0.04242,-0.048718,0.023077,6,False
momentum_top,BEL,2019-05-20,2019-05-21,29.0851,2019-05-27,34.0589,TARGET,34,169.1083,20.4499,148.6584,0.15,-0.031031,0.178679,5,False
momentum_top,ABREL,2019-05-20,2019-05-21,951.3865,2019-06-12,949.6472,TIME,1,-1.7393,19.9436,-21.6829,-0.022741,-0.023359,0.079571,16,False
momentum_top,J&KBANK,2019-05-27,2019-05-28,58.9863,2019-06-04,58.1265,MOMENTUM_FAIL,16,-13.7555,19.8871,-33.6426,-0.035569,-0.063158,0.004049,6,False
momentum_top,KPIL,2019-05-27,2019-05-28,493.887,2019-05-31,459.3149,STOP,2,-69.1442,19.96,-89.1042,-0.09001,-0.076386,0.0,4,False
momentum_top,ACE,2019-05-27,2019-05-28,110.8531,2019-05-30,103.0934,STOP,9,-69.8374,20.0004,-89.8379,-0.089851,-0.092261,0.0,3,False
momentum_top,KEI,2019-05-27,2019-05-28,483.696,2019-06-13,449.8373,STOP,2,-67.7174,19.8769,-87.5943,-0.090349,-0.093214,0.080231,12,False
momentum_top,GRSE,2019-05-27,2019-05-28,100.6874,2019-06-19,96.3042,TIME,9,-39.4484,19.676,-59.1244,-0.065103,-0.054726,0.093698,16,False
momentum_top,BEL,2019-05-27,2019-05-28,32.8845,2019-06-04,32.9428,MOMENTUM_FAIL,30,1.7465,20.0992,-18.3527,-0.018563,-0.029217,0.027003,6,False
momentum_top,INTELLECT,2019-05-27,2019-05-28,241.3499,2019-06-19,259.0275,TIME,4,70.7102,20.1503,50.5599,0.052258,0.0,0.121872,16,False
momentum_top,ATGL,2019-05-27,2019-05-28,145.0991,2019-05-29,170.2304,TARGET,6,150.7878,19.9131,130.8747,0.15,0.0,0.195206,2,False
momentum_top,POONAWALLA,2019-05-27,2019-05-28,127.1187,2019-06-04,127.4615,MOMENTUM_FAIL,7,2.3993,19.6922,-17.2929,-0.019391,-0.013097,0.039291,6,False
momentum_top,CGCL,2019-05-27,2019-05-28,184.8656,2019-06-04,173.7944,MOMENTUM_FAIL,5,-55.356,19.7202,-75.0762,-0.081045,-0.076707,0.0,6,False
momentum_top,APLAPOLLO,2019-05-27,2019-05-28,162.1867,2019-06-04,152.3021,MOMENTUM_FAIL,6,-59.3075,19.9182,-79.2257,-0.081236,-0.063942,0.0,6,False
momentum_top,JKCEMENT,2019-05-27,2019-05-28,992.2141,2019-06-04,994.4193,MOMENTUM_FAIL,1,2.2052,20.1241,-17.9189,-0.01802,-0.024154,0.034831,6,False
momentum_top,DEEPAKNTR,2019-05-27,2019-05-28,304.0428,2019-06-04,314.6747,MOMENTUM_FAIL,3,31.8956,19.8464,12.0492,0.013181,-0.018196,0.042722,6,False
momentum_top,HINDPETRO,2019-05-27,2019-05-28,148.695,2019-06-19,143.1582,TIME,6,-33.2208,19.6295,-52.8503,-0.059109,-0.052048,0.053546,16,False
momentum_top,JPPOWER,2019-05-27,2019-05-28,2.35,2019-05-30,2.1855,STOP,424,-69.748,19.9952,-89.7432,-0.089871,-0.085106,0.0,3,False
momentum_top,ADANIGREEN,2019-05-27,2019-05-28,43.5,2019-06-18,40.455,STOP,22,-66.99,19.8345,-86.8245,-0.090528,-0.073563,0.06092,15,False
momentum_top,FSL,2019-05-27,2019-05-28,45.2907,2019-06-03,42.1204,STOP,22,-69.7477,19.9952,-89.743,-0.089871,-0.070742,0.009607,5,False
momentum_top,ATGL,2019-06-03,2019-06-04,177.9949,2019-06-11,165.5353,STOP,5,-62.2982,19.561,-81.8592,-0.091779,-0.074819,0.004467,5,False
momentum_top,J&KBANK,2019-06-03,2019-06-04,56.0728,2019-06-10,46.9024,GAP_STOP,17,-155.8957,19.6376,-175.5333,-0.183743,-0.189949,0.043441,4,False
momentum_top,CGCL,2019-06-03,2019-06-04,179.118,2019-06-06,166.5797,STOP,5,-62.6913,19.5839,-82.2752,-0.091667,-0.113887,0.0,2,False
momentum_top,KEI,2019-06-03,2019-06-04,500.475,2019-06-07,465.4418,STOP,1,-35.0333,17.9719,-53.0051,-0.105679,-0.084894,0.0,3,False
momentum_top,HINDPETRO,2019-06-03,2019-06-04,152.4529,2019-06-12,146.2561,MOMENTUM_FAIL,6,-37.1806,19.7166,-56.8973,-0.062066,-0.049696,0.016981,6,False
momentum_top,MOTILALOFS,2019-06-03,2019-06-04,759.9852,2019-06-10,706.7862,STOP,1,-53.199,19.0307,-72.2296,-0.094834,-0.078499,0.001839,4,False
momentum_top,GRSE,2019-06-03,2019-06-04,98.5167,2019-06-26,98.3497,TIME,10,-1.6696,20.0864,-21.756,-0.022035,-0.033898,0.056356,16,False
momentum_top,INTELLECT,2019-06-03,2019-06-04,255.1316,2019-06-12,258.151,MOMENTUM_FAIL,3,9.0581,19.1803,-10.1222,-0.013196,0.0,0.049246,6,False
momentum_top,PRESTIGE,2019-06-03,2019-06-04,282.328,2019-06-07,262.5651,STOP,3,-59.2889,19.3856,-78.6745,-0.092685,-0.073819,0.000345,3,False
momentum_top,DEEPAKNTR,2019-06-03,2019-06-04,308.2763,2019-06-10,286.697,STOP,3,-64.738,19.7032,-84.4413,-0.091106,-0.09176,0.054775,4,False
momentum_top,FACT,2019-06-03,2019-06-04,43.3569,2019-06-12,42.1609,MOMENTUM_FAIL,23,-27.5092,20.0847,-47.5939,-0.047623,-0.032184,0.022989,6,False
momentum_top,BEL,2019-06-03,2019-06-04,32.2586,2019-06-12,31.1522,MOMENTUM_FAIL,30,-33.1903,19.9487,-53.139,-0.05479,-0.052798,0.021209,6,False
momentum_top,CANFINHOME,2019-06-03,2019-06-04,339.6124,2019-06-11,315.8395,STOP,2,-47.5457,18.7012,-66.2469,-0.09732,-0.071409,0.028867,5,False
momentum_top,JPPOWER,2019-06-03,2019-06-04,2.55,2019-06-06,2.3715,STOP,391,-69.7935,19.9979,-89.7914,-0.089861,-0.078431,0.0,2,False
momentum_top,AARTIIND,2019-06-03,2019-06-04,439.4474,2019-06-11,408.6861,STOP,2,-61.5226,19.5158,-81.0385,-0.092004,-0.070582,0.0,5,False
momentum_top,ADANIGREEN,2019-06-03,2019-06-04,43.9,2019-06-12,43.15,MOMENTUM_FAIL,22,-16.5,19.9744,-36.4744,-0.037684,-0.04328,0.045558,6,False
momentum_top,ATGL,2019-06-10,2019-06-11,170.5412,2019-06-18,164.3794,MOMENTUM_FAIL,5,-30.8089,19.4678,-50.2767,-0.058833,-0.040793,0.048951,6,False
momentum_top,INTELLECT,2019-06-10,2019-06-11,259.9528,2019-06-18,260.9268,MOMENTUM_FAIL,3,2.922,19.2289,-16.3068,-0.020864,-0.014237,0.041589,6,False
momentum_top,TTML,2019-06-10,2019-06-11,4.3058,2019-06-13,3.9231,GAP_STOP,231,-88.4132,19.9498,-108.363,-0.108708,-0.088889,0.0,3,False
momentum_top,NAUKRI,2019-06-10,2019-06-11,444.5941,2019-06-18,410.1346,MOMENTUM_FAIL,2,-68.9191,19.5442,-88.4633,-0.099271,-0.086728,0.0,6,False
momentum_top,PRESTIGE,2019-06-10,2019-06-11,263.873,2019-06-18,257.6889,MOMENTUM_FAIL,3,-18.5522,19.2348,-37.787,-0.04763,-0.051854,0.0,6,False
momentum_top,TATACONSUM,2019-06-10,2019-06-11,240.0394,2019-06-18,234.6883,MOMENTUM_FAIL,4,-21.4041,19.9406,-41.3448,-0.042966,-0.03985,0.015782,6,False
momentum_top,BAJFINANCE,2019-06-10,2019-06-11,342.9639,2019-06-18,340.278,MOMENTUM_FAIL,2,-5.3719,18.8154,-24.1872,-0.035185,-0.022901,0.009273,6,False
momentum_top,BHARTIARTL,2019-06-10,2019-06-11,342.6845,2019-06-18,325.8335,MOMENTUM_FAIL,2,-33.702,18.7553,-52.4573,-0.076372,-0.060055,0.005372,6,False
momentum_top,GRSE,2019-06-10,2019-06-11,99.8942,2019-06-18,97.3896,MOMENTUM_FAIL,9,-22.5417,19.6803,-42.222,-0.046861,-0.028416,0.033013,6,False
momentum_top,GODREJPROP,2019-06-10,2019-06-11,893.4812,2019-06-18,911.0463,MOMENTUM_FAIL,1,17.5651,19.7384,-2.1734,-0.002427,-0.016485,0.040321,6,False
momentum_top,JKCEMENT,2019-06-10,2019-06-11,983.5864,2019-06-18,960.6743,MOMENTUM_FAIL,1,-22.912,20.0365,-42.9485,-0.04357,-0.052583,0.02232,6,False
momentum_top,PRIVISCL,2019-06-10,2019-06-11,404.2359,2019-06-18,396.7934,MOMENTUM_FAIL,2,-14.8851,19.3134,-34.1985,-0.042208,-0.053738,0.034206,6,False
momentum_top,HINDPETRO,2019-06-10,2019-06-11,147.6357,2019-06-18,146.0383,MOMENTUM_FAIL,6,-9.5844,19.6508,-29.2351,-0.032932,-0.038853,0.019672,6,False
momentum_top,BAJAJFINSV,2019-06-10,2019-06-11,827.6929,2019-06-18,821.3432,MOMENTUM_FAIL,1,-6.3497,19.412,-25.7617,-0.031057,-0.025915,0.001203,6,False
momentum_top,SOBHA,2019-06-10,2019-06-11,515.7562,2019-06-21,479.6533,STOP,1,-36.1029,18.0342,-54.1372,-0.104738,-0.090107,0.067285,9,False
momentum_top,ADANIPORTS,2019-06-10,2019-06-11,405.8325,2019-06-18,402.6791,MOMENTUM_FAIL,2,-6.3068,19.3444,-25.6512,-0.031534,-0.014363,0.011067,6,False
momentum_top,SIEMENS,2019-06-10,2019-06-11,716.8873,2019-06-18,710.5087,MOMENTUM_FAIL,1,-6.3785,18.944,-25.3226,-0.035246,-0.021024,0.007795,6,False
momentum_top,CGCL,2019-06-10,2019-06-11,162.7232,2019-06-18,150.5213,MOMENTUM_FAIL,6,-73.2113,19.9035,-93.1148,-0.095163,-0.08454,0.022583,6,False
momentum_top,ATGL,2019-06-17,2019-06-18,166.3174,2019-06-20,154.6751,STOP,5,-58.2111,19.3228,-77.5339,-0.093033,-0.071407,0.005975,3,False
momentum_top,INTELLECT,2019-06-17,2019-06-18,259.758,2019-06-25,255.6187,MOMENTUM_FAIL,3,-12.4181,19.1952,-31.6132,-0.040479,-0.02006,0.019497,6,False
momentum_top,GODREJPROP,2019-06-17,2019-06-18,912.3897,2019-07-01,1069.6502,TARGET,1,157.2604,20.1027,137.1577,0.15,0.0,0.221204,10,False
momentum_top,HDFCAMC,2019-06-17,2019-06-18,825.5664,2019-06-25,854.6977,MOMENTUM_FAIL,1,29.1313,19.4752,9.656,0.011671,-0.056177,0.045599,6,False
momentum_top,SOBHA,2019-06-17,2019-06-18,518.1948,2019-06-21,481.9212,STOP,1,-36.2736,18.0442,-54.3178,-0.104593,-0.094389,0.033213,4,False
momentum_top,PRESTIGE,2019-06-17,2019-06-18,261.974,2019-06-25,258.9062,MOMENTUM_FAIL,3,-9.2033,19.2298,-28.433,-0.036099,-0.024535,0.023792,6,False
momentum_top,BAJFINANCE,2019-06-17,2019-06-18,336.8551,2019-06-25,347.1188,MOMENTUM_FAIL,2,20.5274,18.8165,1.7109,0.002534,0.0,0.035982,6,False
momentum_top,PRIVISCL,2019-06-17,2019-06-18,411.5272,2019-06-18,382.7203,STOP,2,-57.6138,19.288,-76.9018,-0.093231,0.0,0.0,1,False
momentum_top,SRF,2019-06-17,2019-06-18,559.6901,2019-07-09,544.6899,TIME,1,-15.0002,18.2627,-33.2629,-0.059301,-0.040706,0.074173,16,False
momentum_top,HDFCLIFE,2019-06-17,2019-06-18,435.1157,2019-06-25,429.3744,MOMENTUM_FAIL,2,-11.4828,19.5811,-31.0639,-0.035618,-0.031352,0.004173,6,False
momentum_top,SIEMENS,2019-06-17,2019-06-18,707.8557,2019-06-25,706.3597,MOMENTUM_FAIL,1,-1.4959,18.9158,-20.4118,-0.028773,-0.024681,0.030303,6,False
momentum_top,TATACONSUM,2019-06-17,2019-06-18,233.2204,2019-07-09,249.605,TIME,4,65.5385,20.0025,45.536,0.048706,-0.012589,0.126498,16,False
momentum_top,AARTIIND,2019-06-17,2019-06-18,402.5111,2019-07-09,407.4901,TIME,2,9.958,19.3494,-9.3915,-0.011641,0.0,0.089018,16,False
momentum_top,JKCEMENT,2019-06-17,2019-06-18,946.0547,2019-06-25,964.7485,MOMENTUM_FAIL,1,18.6938,19.9627,-1.2689,-0.001338,-0.00076,0.040634,6,False
momentum_top,MANAPPURAM,2019-06-17,2019-06-18,123.7139,2019-06-21,115.0539,STOP,8,-69.2798,19.9679,-89.2477,-0.089979,-0.075391,0.022404,4,False
momentum_top,ATGL,2019-06-24,2019-06-25,158.3668,2019-07-16,171.0878,TIME,6,76.3261,20.0976,56.2285,0.059046,-0.004707,0.133982,16,False
momentum_top,TATACONSUM,2019-06-24,2019-06-25,246.2428,2019-07-16,245.8166,TIME,4,-1.7048,20.0855,-21.7903,-0.022075,-0.037308,0.066923,16,False
momentum_top,INTELLECT,2019-06-24,2019-06-25,258.0536,2019-07-02,258.2971,MOMENTUM_FAIL,3,0.7304,19.2003,-18.4699,-0.023806,-0.031515,0.024344,6,False
momentum_top,HDFCAMC,2019-06-24,2019-06-25,852.1807,2019-07-16,876.4214,TIME,1,24.2407,19.5777,4.6631,0.00546,-0.025449,0.078179,16,False
momentum_top,BEL,2019-06-24,2019-06-25,33.4668,2019-07-02,32.6371,MOMENTUM_FAIL,29,-24.0627,19.9791,-44.0418,-0.04528,-0.044802,0.014354,6,False
momentum_top,BAJFINANCE,2019-06-24,2019-06-25,343.7736,2019-07-02,359.8454,MOMENTUM_FAIL,2,32.1437,18.8986,13.2451,0.019222,0.0,0.049262,6,False
momentum_top,AUBANK,2019-06-24,2019-06-25,342.6156,2019-07-02,346.4633,MOMENTUM_FAIL,2,7.6954,18.839,-11.1436,-0.016227,-0.007825,0.027387,6,False
momentum_top,AARTIIND,2019-06-24,2019-06-25,430.4502,2019-07-02,426.4842,MOMENTUM_FAIL,2,-7.9319,19.549,-27.4809,-0.031851,-0.051155,0.001045,6,False
momentum_top,GRSE,2019-06-24,2019-06-25,97.3061,2019-07-16,100.7291,TIME,10,34.2301,20.1084,14.1217,0.014481,-0.003861,0.131703,16,False
momentum_top,SRF,2019-06-24,2019-06-25,582.0933,2019-07-02,597.4736,MOMENTUM_FAIL,1,15.3803,18.4192,-3.0389,-0.005209,-0.012048,0.03007,6,False
momentum_top,TIMKEN,2019-06-24,2019-06-25,645.6519,2019-07-16,688.0082,TIME,1,42.3562,18.7425,23.6138,0.036494,-0.006168,0.088534,16,False
momentum_top,HDFCLIFE,2019-06-24,2019-06-25,431.9261,2019-07-16,481.9298,TIME,2,100.0074,19.7812,80.2262,0.092668,-0.007044,0.132584,16,False
momentum_top,BAJAJFINSV,2019-06-24,2019-06-25,831.6769,2019-07-02,844.1122,MOMENTUM_FAIL,1,12.4352,19.467,-7.0318,-0.008437,-0.005497,0.026946,6,False
momentum_top,JKCEMENT,2019-06-24,2019-06-25,959.6197,2019-07-02,965.5156,MOMENTUM_FAIL,1,5.8959,19.994,-14.0981,-0.014659,-0.006893,0.033816,6,False
momentum_top,SIEMENS,2019-06-24,2019-06-25,699.6989,2019-07-16,694.5059,TIME,1,-5.1931,18.8739,-24.0669,-0.034321,-0.02868,0.10286,16,False
momentum_top,WELCORP,2019-06-24,2019-06-25,116.1994,2019-07-16,117.7283,TIME,8,12.2312,19.8801,-7.6488,-0.00821,0.0,0.1107,16,False
momentum_top,KPIL,2019-06-24,2019-06-25,479.0141,2019-07-02,482.3696,MOMENTUM_FAIL,2,6.711,19.9889,-13.2779,-0.013829,-0.034457,0.049792,6,False
momentum_top,SBIN,2019-06-24,2019-06-25,319.6799,2019-07-02,330.3752,MOMENTUM_FAIL,3,32.0858,20.0448,12.0409,0.012528,0.0,0.034874,6,False
momentum_top,HDFCAMC,2019-07-01,2019-07-02,913.9887,2019-07-08,850.0095,STOP,1,-63.9792,19.659,-83.6382,-0.091309,-0.091353,0.0,5,False
momentum_top,TATACONSUM,2019-07-01,2019-07-02,258.839,2019-07-09,249.605,MOMENTUM_FAIL,3,-27.7022,19.1524,-46.8546,-0.060208,-0.046652,0.002196,6,False
momentum_top,TDPOWERSYS,2019-07-01,2019-07-02,14.1963,2019-07-23,14.0073,TIME,70,-13.2324,20.0991,-33.3315,-0.033468,-0.035952,0.125166,16,False
momentum_top,ATGL,2019-07-01,2019-07-02,171.8331,2019-07-09,163.3856,MOMENTUM_FAIL,5,-42.2379,19.4718,-61.7097,-0.071668,-0.082707,0.033256,6,False
momentum_top,SRF,2019-07-01,2019-07-02,590.2364,2019-07-09,544.6899,MOMENTUM_FAIL,1,-45.5465,18.3295,-63.876,-0.107985,-0.090352,0.018582,6,False
momentum_top,TRENT,2019-07-01,2019-07-02,458.2832,2019-07-08,426.2034,STOP,2,-64.1596,19.6695,-83.8292,-0.09126,-0.103896,0.0,5,False
momentum_top,TIMKEN,2019-07-01,2019-07-02,687.6802,2019-07-09,671.7967,MOMENTUM_FAIL,1,-15.8835,18.8014,-34.6849,-0.050327,-0.066907,0.004429,6,False
momentum_top,ADANIPOWER,2019-07-01,2019-07-02,12.15,2019-07-23,12.62,TIME,82,38.54,20.2153,18.3247,0.018353,-0.013992,0.131687,16,False
momentum_top,SBILIFE,2019-07-01,2019-07-02,731.0829,2019-07-09,749.8539,MOMENTUM_FAIL,1,18.7711,19.0552,-0.2841,-0.000388,-0.000541,0.049324,6,False
momentum_top,BAJFINANCE,2019-07-01,2019-07-02,358.6722,2019-07-08,333.5651,STOP,2,-50.2141,18.8567,-69.0708,-0.096077,-0.087591,0.017032,5,False
momentum_top,INTELLECT,2019-07-01,2019-07-02,256.5439,2019-07-09,258.1996,MOMENTUM_FAIL,3,4.9673,19.1898,-14.2226,-0.018439,-0.015186,0.015566,6,False
momentum_top,HDFCLIFE,2019-07-01,2019-07-02,460.2894,2019-07-23,499.1048,TIME,2,77.6308,19.9752,57.6556,0.062493,-0.045522,0.090725,16,False
momentum_top,NAUKRI,2019-07-01,2019-07-02,435.4413,2019-07-09,432.9389,MOMENTUM_FAIL,2,-5.0048,19.5971,-24.6019,-0.028188,-0.041726,0.039758,6,False
momentum_top,GRSE,2019-07-01,2019-07-02,102.6911,2019-07-09,99.2681,MOMENTUM_FAIL,9,-30.8072,19.7697,-50.577,-0.054605,-0.056097,0.036179,6,False
momentum_top,BDL,2019-07-01,2019-07-02,150.9444,2019-07-08,140.3783,STOP,6,-63.3966,19.625,-83.0217,-0.091469,-0.114114,0.023724,5,False
momentum_top,TATACONSUM,2019-07-08,2019-07-09,249.1788,2019-07-16,245.8166,MOMENTUM_FAIL,4,-13.4486,20.1112,-33.5598,-0.033597,-0.048651,0.006081,6,False
momentum_top,HDFCAMC,2019-07-08,2019-07-09,837.5389,2019-07-19,983.2074,TARGET,1,145.6686,19.7631,125.9055,0.15,0.0,0.246057,9,False
momentum_top,TDPOWERSYS,2019-07-08,2019-07-09,13.9978,2019-07-30,13.6859,TIME,71,-22.1451,20.0814,-42.2265,-0.042395,-0.046253,0.093855,16,False
momentum_top,TRENT,2019-07-08,2019-07-09,424.9535,2019-07-30,395.2068,STOP,2,-59.4935,19.3975,-78.891,-0.092621,-0.08367,0.082633,16,False
momentum_top,ADANIGREEN,2019-07-08,2019-07-09,44.7,2019-07-10,52.3481,TARGET,22,168.2575,20.425,147.8325,0.15,0.0,0.185682,2,False
momentum_top,ADANIPOWER,2019-07-08,2019-07-09,12.29,2019-07-30,12.13,TIME,81,-12.96,20.107,-33.067,-0.033144,-0.025224,0.110659,16,False
momentum_top,ATGL,2019-07-08,2019-07-09,162.3421,2019-07-30,156.8223,TIME,6,-33.1183,19.9755,-53.0937,-0.054389,-0.053314,0.10805,16,False
momentum_top,SBILIFE,2019-07-08,2019-07-09,745.9021,2019-07-30,787.7911,TIME,1,41.889,19.1648,22.7242,0.030399,-0.030662,0.070861,16,False
momentum_top,NAUKRI,2019-07-08,2019-07-09,441.8678,2019-07-16,439.6087,MOMENTUM_FAIL,2,-4.5181,19.6523,-24.1705,-0.027291,-0.03918,0.031203,6,False
momentum_top,HDFCLIFE,2019-07-08,2019-07-09,456.7562,2019-07-30,474.1275,TIME,2,34.7425,19.858,14.8845,0.016258,-0.027181,0.145251,16,False
momentum_top,GRSE,2019-07-08,2019-07-09,97.8905,2019-07-19,114.6467,TARGET,10,167.5614,20.4046,147.1568,0.15,-0.008102,0.182089,9,False
momentum_top,TIMKEN,2019-07-08,2019-07-09,645.8863,2019-07-30,616.7429,TIME,1,-29.1434,18.5979,-47.7413,-0.073755,-0.053827,0.079942,16,False
momentum_top,RITES,2019-07-08,2019-07-09,82.9133,2019-07-16,83.419,MOMENTUM_FAIL,12,6.068,20.1435,-14.0755,-0.014116,-0.005433,0.015185,6,False
momentum_top,INTELLECT,2019-07-08,2019-07-09,259.8554,2019-07-24,241.6655,STOP,3,-54.5696,19.1106,-73.6802,-0.094308,-0.081709,0.093703,12,False
momentum_top,AUBANK,2019-07-08,2019-07-09,339.9347,2019-07-16,333.4308,MOMENTUM_FAIL,2,-13.0076,18.7742,-31.7819,-0.046645,-0.055645,0.0,6,False
momentum_top,BALRAMCHIN,2019-07-08,2019-07-09,144.9615,2019-07-30,137.0485,TIME,6,-47.4776,19.5059,-66.9835,-0.076845,-0.067506,0.068153,16,False
momentum_top,SRF,2019-07-08,2019-07-09,558.989,2019-07-15,519.8597,STOP,1,-39.1292,18.2106,-57.3399,-0.102354,-0.07228,0.0,5,False
momentum_top,ADANIGREEN,2019-07-15,2019-07-16,48.9,2019-07-19,45.477,STOP,20,-68.46,19.9202,-88.3802,-0.090171,-0.075665,0.022495,4,False
momentum_top,TTML,2019-07-15,2019-07-16,3.8,2019-07-18,3.534,STOP,262,-69.692,19.992,-89.684,-0.089884,-0.105263,0.013158,3,False
momentum_top,TRENT,2019-07-15,2019-07-16,443.4039,2019-07-23,416.8783,MOMENTUM_FAIL,2,-53.0512,19.5665,-72.6176,-0.081708,-0.069797,0.013137,6,False
momentum_top,SBILIFE,2019-07-15,2019-07-16,773.5647,2019-07-23,766.5997,MOMENTUM_FAIL,1,-6.965,19.1822,-26.1472,-0.033727,-0.065326,0.012899,6,False
momentum_top,TIMKEN,2019-07-15,2019-07-16,679.4338,2019-07-22,631.8735,STOP,1,-47.5604,18.702,-66.2624,-0.097313,-0.077305,0.016551,5,False
momentum_top,ATGL,2019-07-15,2019-07-16,162.8887,2019-07-31,151.4865,STOP,6,-68.4132,19.9174,-88.3307,-0.090182,-0.092239,0.104332,12,False
momentum_top,INTELLECT,2019-07-15,2019-07-16,278.4582,2019-07-18,258.9661,STOP,3,-58.4762,19.3383,-77.8145,-0.092946,-0.105806,0.00035,3,False
momentum_top,HDFCAMC,2019-07-15,2019-07-16,855.593,2019-07-19,1004.0576,TARGET,1,148.4645,19.845,128.6195,0.15,0.0,0.219763,4,False
momentum_top,TORNTPOWER,2019-07-15,2019-07-16,258.3239,2019-07-23,259.544,MOMENTUM_FAIL,3,3.6603,19.2097,-15.5495,-0.020021,-0.018893,0.01873,6,False
momentum_top,HDFCLIFE,2019-07-15,2019-07-16,484.2361,2019-07-23,499.1048,MOMENTUM_FAIL,2,29.7373,20.0799,9.6574,0.00995,-0.029084,0.036786,6,False
momentum_top,PRIVISCL,2019-07-15,2019-07-16,412.5474,2019-07-22,383.669,STOP,2,-57.7566,19.2963,-77.0529,-0.093183,-0.074634,0.012729,5,False
momentum_top,TATACONSUM,2019-07-15,2019-07-16,240.8444,2019-07-23,237.1508,MOMENTUM_FAIL,4,-14.7747,19.9677,-34.7424,-0.035984,-0.034212,0.036178,6,False
momentum_top,GRSE,2019-07-15,2019-07-16,100.1865,2019-07-30,117.4755,TARGET,9,155.6015,20.0541,135.5474,0.15,0.0,0.173334,11,False
momentum_top,NAM-INDIA,2019-07-15,2019-07-16,186.7759,2019-07-23,187.6006,MOMENTUM_FAIL,5,4.1233,19.8817,-15.7584,-0.016837,0.0,0.006181,6,False
momentum_top,TDPOWERSYS,2019-07-15,2019-07-16,14.1774,2019-08-05,13.185,STOP,70,-69.4693,19.979,-89.4483,-0.089935,-0.087573,0.08,15,False
momentum_top,NAUKRI,2019-07-15,2019-07-16,434.857,2019-07-22,404.417,STOP,2,-60.88,19.4784,-80.3583,-0.092195,-0.073892,0.015495,5,False
momentum_top,ADANIPOWER,2019-07-15,2019-07-16,12.48,2019-08-05,11.6064,STOP,79,-69.0144,19.9525,-88.9669,-0.090041,-0.088141,0.05609,15,False
momentum_top,HINDPETRO,2019-07-15,2019-07-16,139.4068,2019-07-23,140.5201,MOMENTUM_FAIL,7,7.7931,20.0663,-12.2732,-0.01255,-0.009375,0.046007,6,False
momentum_top,RITES,2019-07-15,2019-07-16,83.5783,2019-07-23,84.0564,MOMENTUM_FAIL,11,5.2591,19.8227,-14.5636,-0.015806,-0.0078,0.026694,6,False
momentum_top,HDFCAMC,2019-07-22,2019-07-23,964.3586,2019-07-30,940.2277,MOMENTUM_FAIL,1,-24.131,19.9528,-44.0838,-0.045613,-0.063927,0.021644,6,False
momentum_top,GRSE,2019-07-22,2019-07-23,110.5391,2019-08-14,109.2033,TIME,9,-12.0221,20.1062,-32.1284,-0.032224,-0.051359,0.072508,16,False
momentum_top,SBILIFE,2019-07-22,2019-07-23,754.7937,2019-08-14,802.3635,TIME,1,47.5698,19.2139,28.3559,0.037486,-0.014987,0.082461,16,False
momentum_top,TORNTPOWER,2019-07-22,2019-07-23,259.7544,2019-07-30,251.6765,MOMENTUM_FAIL,3,-24.2336,19.1711,-43.4046,-0.055578,-0.042436,0.007127,6,False
momentum_top,HDFCLIFE,2019-07-22,2019-07-23,481.8807,2019-08-14,507.3978,TIME,2,51.0341,20.1034,30.9308,0.032024,-0.032383,0.1111,16,False
momentum_top,TATACONSUM,2019-07-22,2019-07-23,236.7719,2019-07-30,236.4878,MOMENTUM_FAIL,4,-1.1366,19.9267,-21.0633,-0.022192,-0.0092,0.042,6,False
momentum_top,TIMKEN,2019-07-22,2019-07-23,651.2744,2019-07-30,616.7429,MOMENTUM_FAIL,1,-34.5316,18.6097,-53.1412,-0.081418,-0.061655,0.012949,6,False
momentum_top,RITES,2019-07-22,2019-07-23,84.1868,2019-08-14,83.5204,TIME,11,-7.3308,19.8253,-27.1561,-0.029261,-0.025125,0.088453,16,False
momentum_top,TRENT,2019-07-22,2019-07-23,419.4127,2019-07-30,398.6905,MOMENTUM_FAIL,2,-41.4443,19.3875,-60.8318,-0.072362,-0.071564,0.0,6,False
momentum_top,ADANIPOWER,2019-07-22,2019-07-23,12.62,2019-07-30,12.13,MOMENTUM_FAIL,79,-38.71,20.0609,-58.7709,-0.05882,-0.049128,0.014263,6,False
momentum_top,TDPOWERSYS,2019-07-22,2019-07-23,13.9978,2019-07-30,13.6859,MOMENTUM_FAIL,71,-22.145,20.0814,-42.2264,-0.042395,-0.046253,0.020594,6,False
momentum_top,BRIGADE,2019-07-22,2019-07-23,132.0613,2019-07-30,128.1559,MOMENTUM_FAIL,7,-27.3381,19.7777,-47.1158,-0.050856,-0.039181,0.04568,6,False
momentum_top,EMBASSY,2019-07-22,2019-07-23,242.7319,2019-07-30,231.2079,MOMENTUM_FAIL,4,-46.0962,19.9358,-66.032,-0.067861,-0.0686,0.003468,6,False
momentum_top,BLUESTARCO,2019-07-22,2019-07-23,346.4876,2019-07-30,319.7178,MOMENTUM_FAIL,2,-53.5396,18.747,-72.2867,-0.104086,-0.088934,0.023009,6,False
momentum_top,INTELLECT,2019-07-22,2019-07-23,249.3365,2019-07-25,212.8613,GAP_STOP,4,-145.9008,19.8442,-165.745,-0.165824,-0.173828,0.00625,3,False
momentum_top,PRIVISCL,2019-07-22,2019-07-23,388.5198,2019-07-29,361.3234,STOP,2,-54.3928,19.1003,-73.493,-0.094374,-0.085862,0.020906,5,False
momentum_top,BEL,2019-07-22,2019-07-23,29.3908,2019-07-29,27.3335,STOP,33,-67.8928,19.8871,-87.7799,-0.090307,-0.087172,0.0,5,False
momentum_top,ADANIPOWER,2019-07-29,2019-07-30,12.34,2019-08-05,11.4762,STOP,80,-69.104,19.9577,-89.0617,-0.09002,-0.077796,0.029173,5,False
momentum_top,HDFCAMC,2019-07-29,2019-07-30,960.2855,2019-08-06,914.8416,MOMENTUM_FAIL,1,-45.4438,19.8922,-65.3361,-0.06789,-0.062066,0.003049,6,False
momentum_top,TATACONSUM,2019-07-29,2019-07-30,243.4015,2019-08-22,245.0116,TIME,4,6.4402,20.0541,-13.6139,-0.013952,-0.043969,0.06751,16,False
momentum_top,TORNTPOWER,2019-07-29,2019-07-30,258.1977,2019-08-05,240.1239,STOP,3,-54.2215,19.0903,-73.3118,-0.094439,-0.088969,0.0,5,False
momentum_top,BRIGADE,2019-07-29,2019-07-30,131.8893,2019-08-06,132.5481,MOMENTUM_FAIL,7,4.6117,19.8377,-15.226,-0.016456,-0.068455,0.026827,6,False
momentum_top,RITES,2019-07-29,2019-07-30,85.5776,2019-08-06,85.9688,MOMENTUM_FAIL,11,4.3027,19.9136,-15.6109,-0.016547,-0.040969,0.039445,6,False
momentum_top,ATGL,2019-07-29,2019-07-30,159.9578,2019-07-31,148.7607,STOP,6,-67.1823,19.8457,-87.028,-0.09048,-0.075607,0.005601,2,False
momentum_top,SBILIFE,2019-07-29,2019-07-30,788.3839,2019-08-06,777.714,MOMENTUM_FAIL,1,-10.6699,19.2372,-29.9071,-0.037852,-0.056955,0.007018,6,False
momentum_top,NAM-INDIA,2019-07-29,2019-07-30,187.5181,2019-08-22,197.496,TIME,5,49.8895,19.9905,29.8989,0.03182,-0.028144,0.14336,16,False
momentum_top,GRSE,2019-07-29,2019-07-30,111.5827,2019-08-22,105.5297,TIME,8,-48.4235,19.6006,-68.0241,-0.076037,-0.061729,0.062476,16,False
momentum_top,TIMKEN,2019-07-29,2019-07-30,623.3493,2019-08-06,602.201,MOMENTUM_FAIL,1,-21.1483,18.519,-39.6673,-0.063497,-0.054328,0.048557,6,False
momentum_top,TDPOWERSYS,2019-07-29,2019-07-30,13.5914,2019-08-16,12.64,STOP,73,-69.4521,19.978,-89.4301,-0.089939,-0.088419,0.076553,12,False
momentum_top,CANFINHOME,2019-07-29,2019-07-30,367.0157,2019-08-06,364.0913,MOMENTUM_FAIL,2,-5.8488,19.0175,-24.8663,-0.033802,-0.060532,0.007326,6,False
momentum_top,HDFCLIFE,2019-07-29,2019-07-30,478.0532,2019-08-22,518.6353,TIME,2,81.1643,20.1324,61.0319,0.063695,-0.020222,0.149661,16,False
momentum_top,CAPLIPOINT,2019-07-29,2019-07-30,399.1109,2019-08-06,398.1466,MOMENTUM_FAIL,2,-1.9286,19.2965,-21.2251,-0.026532,-0.051582,0.036482,6,False
momentum_top,ADANIGREEN,2019-07-29,2019-07-30,49.0,2019-07-31,45.57,STOP,20,-68.6,19.9283,-88.5283,-0.090138,-0.073469,0.0,2,False
momentum_top,FACT,2019-07-29,2019-07-30,38.3734,2019-07-30,35.6872,STOP,26,-69.8395,20.0006,-89.8401,-0.08985,0.0,0.0,1,False
momentum_top,KEI,2019-07-29,2019-07-30,463.0902,2019-07-31,430.6739,STOP,2,-64.8326,19.7087,-84.5414,-0.09108,-0.080411,0.0,2,False
momentum_top,EMBASSY,2019-07-29,2019-07-30,235.9654,2019-08-06,235.1172,MOMENTUM_FAIL,4,-3.3927,19.9085,-23.3012,-0.024633,-0.024324,0.018514,6,False
momentum_top,ADANIPOWER,2019-08-05,2019-08-06,11.56,2019-08-29,11.47,TIME,86,-7.74,20.112,-27.852,-0.027955,-0.045848,0.072664,16,False
momentum_top,TATACONSUM,2019-08-05,2019-08-06,248.137,2019-08-14,252.8724,MOMENTUM_FAIL,4,18.9417,20.1596,-1.2178,-0.001224,-0.003053,0.047138,6,False
momentum_top,HDFCAMC,2019-08-05,2019-08-06,904.9118,2019-08-27,1061.0141,TARGET,1,156.1023,20.0688,136.0335,0.15,0.0,0.178589,14,False
momentum_top,RITES,2019-08-05,2019-08-06,83.7522,2019-08-23,77.8896,STOP,11,-64.4892,19.6887,-84.1779,-0.091172,-0.090555,0.094101,12,False
momentum_top,CAPLIPOINT,2019-08-05,2019-08-06,394.3859,2019-08-29,399.2073,TIME,2,9.6427,19.2802,-9.6374,-0.012192,-0.03912,0.123472,16,False
momentum_top,SBILIFE,2019-08-05,2019-08-06,778.6031,2019-08-14,802.3635,MOMENTUM_FAIL,1,23.7604,19.266,4.4944,0.00576,-0.033498,0.049359,6,False
momentum_top,TRENT,2019-08-05,2019-08-06,446.6945,2019-08-14,441.2778,MOMENTUM_FAIL,2,-10.8333,19.6802,-30.5136,-0.03408,-0.043164,0.011125,6,False
momentum_top,NAM-INDIA,2019-08-05,2019-08-06,188.3427,2019-08-28,220.703,TARGET,5,161.8016,20.2358,141.5658,0.15,0.0,0.230079,15,False
momentum_top,HDFCLIFE,2019-08-05,2019-08-06,476.0412,2019-08-27,557.745,TARGET,2,163.4075,20.2829,143.1246,0.15,-0.007834,0.174621,14,False
momentum_top,TIMKEN,2019-08-05,2019-08-06,591.7365,2019-08-29,660.6239,TIME,1,68.8874,18.5688,50.3185,0.08485,-0.008327,0.164155,16,False
momentum_top,CANFINHOME,2019-08-05,2019-08-06,348.1013,2019-08-29,376.2608,TIME,2,56.3189,18.9844,37.3346,0.053509,-0.034146,0.130081,16,False
momentum_top,ZYDUSWELL,2019-08-05,2019-08-06,297.9762,2019-08-14,296.4666,MOMENTUM_FAIL,3,-4.5288,19.6953,-24.2241,-0.027039,-0.036251,0.045429,6,False
momentum_top,ADANIGREEN,2019-08-05,2019-08-06,45.95,2019-08-26,42.7335,STOP,21,-67.5465,19.8669,-87.4134,-0.090391,-0.075082,0.075082,13,False
momentum_top,DABUR,2019-08-05,2019-08-06,395.6559,2019-08-14,400.3681,MOMENTUM_FAIL,2,9.4244,19.2905,-9.866,-0.012441,-0.001567,0.033238,6,False
momentum_top,GODREJPROP,2019-08-05,2019-08-06,902.6369,2019-08-14,897.4619,MOMENTUM_FAIL,1,-5.175,19.7308,-24.9058,-0.027532,-0.033131,0.040794,6,False
momentum_top,TORNTPOWER,2019-08-05,2019-08-06,242.126,2019-08-14,239.8542,MOMENTUM_FAIL,4,-9.0875,20.001,-29.0885,-0.029969,-0.019983,0.049522,6,False
momentum_top,BRIGADE,2019-08-05,2019-08-06,131.6452,2019-08-14,130.5716,MOMENTUM_FAIL,7,-7.5155,19.8058,-27.3213,-0.029584,-0.035403,0.034291,6,False
momentum_top,GRSE,2019-08-05,2019-08-06,106.9908,2019-08-29,110.6226,TIME,9,32.6861,20.0624,12.6237,0.013081,-0.04604,0.087788,16,False
momentum_top,ADANIPOWER,2019-08-13,2019-08-14,11.8,2019-08-22,11.38,MOMENTUM_FAIL,84,-35.28,20.0435,-55.3235,-0.055693,-0.044068,0.035593,6,False
momentum_top,HDFCAMC,2019-08-13,2019-08-14,981.5321,2019-08-22,941.5486,MOMENTUM_FAIL,1,-39.9835,19.9931,-59.9766,-0.060972,-0.046254,0.04751,6,False
momentum_top,HDFCLIFE,2019-08-13,2019-08-14,478.4457,2019-09-06,520.0582,TIME,2,83.2251,20.1399,63.0852,0.065783,0.0,0.168718,16,False
momentum_top,ATGL,2019-08-13,2019-08-14,153.7864,2019-08-22,145.6243,MOMENTUM_FAIL,6,-48.9729,19.7264,-68.6993,-0.074291,-0.059223,0.032039,6,False
momentum_top,RITES,2019-08-13,2019-08-14,85.8384,2019-08-22,82.0535,MOMENTUM_FAIL,11,-41.6334,19.8322,-61.4656,-0.064954,-0.054219,0.0,6,False
momentum_top,TIMKEN,2019-08-13,2019-08-14,654.6172,2019-08-22,662.1254,MOMENTUM_FAIL,1,7.5081,18.7094,-11.2012,-0.017074,-0.010609,0.024731,6,False
momentum_top,NH,2019-08-13,2019-08-14,229.5752,2019-09-06,242.6797,TIME,4,52.418,19.9142,32.5038,0.035318,-0.043777,0.06867,16,False
momentum_top,ADANIGREEN,2019-08-13,2019-08-14,46.5,2019-08-22,43.5,MOMENTUM_FAIL,21,-63.0,19.9249,-82.9249,-0.084735,-0.070968,0.024731,6,False
momentum_top,KEI,2019-08-13,2019-08-14,472.0194,2019-08-22,408.1415,MOMENTUM_FAIL,2,-127.7557,19.656,-147.4117,-0.155809,-0.18865,0.001975,6,False
momentum_top,TORNTPOWER,2019-08-13,2019-08-14,240.6956,2019-08-22,237.2457,MOMENTUM_FAIL,4,-13.7995,19.9672,-33.7667,-0.034995,-0.021674,0.031288,6,False
momentum_top,TRENT,2019-08-13,2019-08-14,447.241,2019-09-06,457.6766,TIME,2,20.8712,19.7494,1.1218,0.001251,-0.021556,0.087222,16,False
momentum_top,SBILIFE,2019-08-13,2019-08-14,770.6009,2019-09-06,825.4814,TIME,1,54.8806,19.2956,35.585,0.046078,0.0,0.105705,16,False
momentum_top,NAM-INDIA,2019-08-13,2019-08-14,205.907,2019-08-21,191.4935,STOP,4,-57.654,19.2903,-76.9443,-0.093217,-0.072487,0.036444,5,False
momentum_top,BERGEPAINT,2019-08-13,2019-08-14,290.7367,2019-08-22,290.6162,MOMENTUM_FAIL,3,-0.3615,19.6121,-19.9736,-0.02285,-0.012983,0.016574,6,False
momentum_top,CAPLIPOINT,2019-08-13,2019-08-14,423.314,2019-08-21,393.682,STOP,2,-59.264,19.3842,-78.6481,-0.092693,-0.104784,0.036446,5,False
momentum_top,NAUKRI,2019-08-13,2019-08-14,428.8035,2019-08-22,400.2576,MOMENTUM_FAIL,2,-57.0919,19.435,-76.5268,-0.089038,-0.07314,0.022774,6,False
momentum_top,ZYDUSWELL,2019-08-13,2019-08-14,298.0055,2019-08-22,297.192,MOMENTUM_FAIL,3,-2.4405,19.7,-22.1405,-0.024711,-0.026347,0.022005,6,False
momentum_top,HDFCLIFE,2019-08-19,2019-08-20,516.2307,2019-09-12,527.8606,TIME,1,11.6299,18.1334,-6.5035,-0.012571,-0.02519,0.083175,16,False
momentum_top,ADANIPOWER,2019-08-19,2019-08-20,12.05,2019-08-23,11.2065,STOP,82,-69.167,19.9614,-89.1284,-0.090005,-0.084647,0.0,4,False
momentum_top,SBILIFE,2019-08-19,2019-08-20,839.7573,2019-08-27,824.197,MOMENTUM_FAIL,1,-15.5602,19.4442,-35.0044,-0.041593,-0.052294,0.008235,6,False
momentum_top,NH,2019-08-19,2019-08-20,239.4282,2019-08-22,221.8898,GAP_STOP,4,-70.1534,19.831,-89.9845,-0.093753,-0.083128,0.006584,3,False
momentum_top,TRENT,2019-08-19,2019-08-20,471.9387,2019-08-27,469.2056,MOMENTUM_FAIL,2,-5.4662,19.9043,-25.3706,-0.02682,-0.026745,0.030325,6,False
momentum_top,TORNTPOWER,2019-08-19,2019-08-20,241.2846,2019-08-27,238.4237,MOMENTUM_FAIL,4,-11.4437,19.9819,-31.4257,-0.03249,-0.024063,0.020052,6,False
momentum_top,BERGEPAINT,2019-08-19,2019-08-20,290.817,2019-08-27,295.5957,MOMENTUM_FAIL,3,14.3361,19.6431,-5.3069,-0.00607,-0.013256,0.019056,6,False
momentum_top,ZYDUSWELL,2019-08-19,2019-08-20,295.1433,2019-09-09,346.1717,TARGET,3,153.0853,19.9804,133.1049,0.15,-0.012288,0.227864,14,False
momentum_top,REDINGTON,2019-08-19,2019-08-20,41.4017,2019-09-12,43.3948,TIME,24,47.8349,20.223,27.6119,0.027728,-0.043375,0.098189,16,False
momentum_top,NAM-INDIA,2019-08-19,2019-08-20,207.7624,2019-08-21,193.2191,STOP,4,-58.1735,19.3206,-77.4941,-0.093045,-0.08077,0.001588,2,False
momentum_top,BRIGADE,2019-08-19,2019-08-20,134.2074,2019-08-27,135.5983,MOMENTUM_FAIL,7,9.7361,19.9166,-10.1805,-0.010813,-0.042182,0.019818,6,False
momentum_top,TATACONSUM,2019-08-19,2019-08-20,254.7193,2019-08-27,252.3042,MOMENTUM_FAIL,3,-7.2454,19.1419,-26.3872,-0.034456,-0.045734,0.018405,6,False
momentum_top,RITES,2019-08-19,2019-08-20,84.2085,2019-08-23,78.3139,STOP,11,-64.8406,19.7092,-84.5498,-0.091078,-0.095484,0.014624,4,False
momentum_top,POWERGRID,2019-08-19,2019-08-20,80.8184,2019-08-27,80.6427,MOMENTUM_FAIL,12,-2.1081,20.0207,-22.1289,-0.022768,-0.037923,0.011594,6,False
momentum_top,NESTLEIND,2019-08-19,2019-08-20,561.1661,2019-09-12,581.6827,TIME,1,20.5166,18.3413,2.1754,0.003868,-0.011887,0.068912,16,False
momentum_top,TRENT,2019-08-26,2019-08-27,474.8706,2019-09-04,464.435,MOMENTUM_FAIL,2,-20.8713,19.8977,-40.769,-0.042833,-0.068439,0.017162,6,False
momentum_top,ZYDUSWELL,2019-08-26,2019-08-27,327.4905,2019-09-04,327.0298,MOMENTUM_FAIL,3,-1.3822,20.0756,-21.4578,-0.021793,-0.034361,0.023646,6,False
momentum_top,HDFCLIFE,2019-08-26,2019-08-27,525.0635,2019-09-04,525.7015,MOMENTUM_FAIL,1,0.638,18.1484,-17.5103,-0.033276,-0.011963,0.045608,6,False
momentum_top,REDINGTON,2019-08-26,2019-08-27,44.7367,2019-08-27,41.6052,STOP,22,-68.8946,19.9455,-88.84,-0.090069,0.0,0.0,1,False
momentum_top,ADANIPOWER,2019-08-26,2019-08-27,11.82,2019-09-04,11.33,MOMENTUM_FAIL,84,-41.16,20.0386,-61.1986,-0.061503,-0.05753,0.018613,6,False
momentum_top,BERGEPAINT,2019-08-26,2019-08-27,294.391,2019-09-04,289.0099,MOMENTUM_FAIL,3,-16.1431,19.6263,-35.7694,-0.040413,-0.027418,0.017733,6,False
momentum_top,SBILIFE,2019-08-26,2019-08-27,817.0344,2019-09-04,816.4418,MOMENTUM_FAIL,1,-0.5926,19.3787,-19.9713,-0.02439,-0.037062,0.026179,6,False
momentum_top,TORNTPOWER,2019-08-26,2019-08-27,244.2297,2019-09-04,227.6952,MOMENTUM_FAIL,4,-66.1377,19.9203,-86.058,-0.087899,-0.071146,0.0,6,False
momentum_top,TATACONSUM,2019-08-26,2019-08-27,255.7137,2019-09-04,252.8724,MOMENTUM_FAIL,3,-8.5238,19.1519,-27.6757,-0.035998,-0.028333,0.044444,6,False
momentum_top,EMBASSY,2019-08-26,2019-08-27,254.2956,2019-09-04,254.179,MOMENTUM_FAIL,3,-0.3497,19.1505,-19.5002,-0.025505,-0.038168,0.005064,6,False
momentum_top,NAM-INDIA,2019-08-26,2019-08-27,210.9372,2019-09-17,196.1716,STOP,4,-59.0624,19.3724,-78.4348,-0.092757,-0.134285,0.129789,14,False
momentum_top,LALPATHLAB,2019-08-26,2019-08-27,563.9253,2019-09-19,590.6761,TIME,1,26.7509,18.3656,8.3853,0.014837,-0.026807,0.142899,16,False
momentum_top,NESTLEIND,2019-08-26,2019-08-27,572.2884,2019-09-04,578.155,MOMENTUM_FAIL,1,5.8667,18.3584,-12.4917,-0.02178,0.0,0.048138,6,False
momentum_top,NAM-INDIA,2019-09-03,2019-09-04,233.3256,2019-09-12,215.9674,MOMENTUM_FAIL,4,-69.4329,19.7294,-89.1624,-0.095326,-0.078636,0.021382,6,False
momentum_top,ZYDUSWELL,2019-09-03,2019-09-04,323.6186,2019-09-26,339.5275,TIME,3,47.7268,20.1266,27.6002,0.028367,-0.024625,0.126882,16,False
momentum_top,HDFCLIFE,2019-09-03,2019-09-04,528.9893,2019-09-12,527.8606,MOMENTUM_FAIL,1,-1.1287,18.1613,-19.29,-0.036386,-0.022264,0.015584,6,False
momentum_top,BRIGADE,2019-09-03,2019-09-04,144.2119,2019-09-12,143.9191,MOMENTUM_FAIL,6,-1.7569,19.58,-21.3369,-0.024605,-0.047969,0.040609,6,False
momentum_top,ADANIPOWER,2019-09-03,2019-09-04,11.48,2019-09-24,13.4435,TARGET,86,168.8583,20.4426,148.4158,0.15,-0.015679,0.188153,14,False
momentum_top,SBILIFE,2019-09-03,2019-09-04,806.1671,2019-09-12,783.296,MOMENTUM_FAIL,1,-22.8711,19.2874,-42.1585,-0.052181,-0.038971,0.025735,6,False
momentum_top,CANFINHOME,2019-09-03,2019-09-04,385.8359,2019-09-12,370.5533,MOMENTUM_FAIL,2,-30.5651,19.1261,-49.6912,-0.064254,-0.054034,0.0,6,False
momentum_top,TORNTPOWER,2019-09-03,2019-09-04,229.0416,2019-09-26,244.1035,TIME,4,60.2476,19.9211,40.3265,0.043921,-0.007348,0.075864,16,False
momentum_top,PETRONET,2019-09-03,2019-09-04,195.3629,2019-09-12,194.8085,MOMENTUM_FAIL,5,-2.7719,20.0489,-22.8208,-0.023311,-0.010405,0.021378,6,False
momentum_top,LALPATHLAB,2019-09-03,2019-09-04,560.6081,2019-09-23,663.3895,TARGET,1,102.7815,18.5064,84.2751,0.15,0.0,0.245985,13,False
momentum_top,TORNTPHARM,2019-09-03,2019-09-04,787.1628,2019-09-12,781.8115,MOMENTUM_FAIL,1,-5.3513,19.2429,-24.5942,-0.031176,-0.017403,0.016647,6,False
momentum_top,INFY,2019-09-03,2019-09-04,673.4185,2019-09-12,678.1115,MOMENTUM_FAIL,1,4.6929,18.783,-14.0901,-0.020878,0.0,0.044712,6,False
momentum_top,ICICIPRULI,2019-09-03,2019-09-04,417.8957,2019-09-26,443.7612,TIME,2,51.7311,19.5644,32.1667,0.038403,-0.028939,0.073234,16,False
momentum_top,TRENT,2019-09-03,2019-09-04,449.7257,2019-09-12,453.5024,MOMENTUM_FAIL,2,7.5533,19.7433,-12.1899,-0.013523,0.0,0.048619,6,False
momentum_top,COFORGE,2019-09-03,2019-09-04,271.1453,2019-09-12,259.1035,MOMENTUM_FAIL,3,-36.1253,19.2911,-55.4164,-0.067978,-0.048035,0.0,6,False
momentum_top,EMBASSY,2019-09-03,2019-09-04,253.9719,2019-09-26,254.1337,TIME,3,0.4853,19.1481,-18.6628,-0.024441,-0.057325,0.059873,16,False
momentum_top,UNITDSPR,2019-09-03,2019-09-04,603.7139,2019-09-12,596.6206,MOMENTUM_FAIL,1,-7.0933,18.4647,-25.558,-0.042242,-0.034605,0.007565,6,False
momentum_top,ZYDUSWELL,2019-09-09,2019-09-11,360.1317,2019-09-18,345.8597,MOMENTUM_FAIL,2,-28.5439,18.9132,-47.4571,-0.065745,-0.06067,0.0,6,False
momentum_top,NAM-INDIA,2019-09-09,2019-09-11,227.5945,2019-09-16,211.6629,STOP,4,-63.7265,19.6443,-83.3707,-0.091378,-0.101268,0.0,4,False
momentum_top,MCX,2019-09-09,2019-09-11,177.855,2019-09-18,172.6024,MOMENTUM_FAIL,5,-26.2629,19.6314,-45.8944,-0.051496,-0.034622,0.030331,6,False
momentum_top,ADANIPOWER,2019-09-09,2019-09-11,12.12,2019-10-03,12.26,TIME,82,11.48,20.1498,-8.6698,-0.008704,-0.005776,0.153465,16,False
momentum_top,LALPATHLAB,2019-09-09,2019-09-11,613.6835,2019-10-03,658.6313,TIME,1,44.9479,18.6128,26.3351,0.04282,-0.05946,0.138224,16,False
momentum_top,HDFCLIFE,2019-09-09,2019-09-11,523.7878,2019-09-18,529.0873,MOMENTUM_FAIL,1,5.2996,18.1525,-12.8529,-0.024485,-0.017988,0.022859,6,False
momentum_top,ICICIPRULI,2019-09-09,2019-09-11,439.368,2019-09-13,408.6123,STOP,2,-61.5115,19.5152,-81.0267,-0.092007,-0.076396,0.0,3,False
momentum_top,BRIGADE,2019-09-09,2019-09-11,144.9074,2019-09-18,139.8929,MOMENTUM_FAIL,6,-30.0868,19.5399,-49.6267,-0.056954,-0.052538,0.015408,6,False
momentum_top,CANFINHOME,2019-09-09,2019-09-11,377.9117,2019-09-18,360.6952,MOMENTUM_FAIL,2,-34.4329,19.0513,-53.4842,-0.070609,-0.055792,0.015352,6,False
momentum_top,GRSE,2019-09-09,2019-09-11,115.8824,2019-09-18,135.8239,TARGET,8,159.5322,20.1693,139.3628,0.15,0.0,0.225101,6,False
momentum_top,SBILIFE,2019-09-09,2019-09-11,802.2152,2019-09-18,793.2744,MOMENTUM_FAIL,1,-8.9408,19.2991,-28.2399,-0.035126,-0.034236,0.0,6,False
momentum_top,POLYMED,2019-09-09,2019-09-11,204.3203,2019-10-03,210.8543,TIME,4,26.1361,19.4341,6.702,0.008182,-0.029742,0.147017,16,False
momentum_top,TRENT,2019-09-09,2019-09-11,459.0681,2019-09-18,460.0619,MOMENTUM_FAIL,2,1.9877,19.8108,-17.8232,-0.01937,-0.056073,0.027279,6,False
momentum_top,TORNTPOWER,2019-09-09,2019-09-11,235.1421,2019-09-18,235.8994,MOMENTUM_FAIL,4,3.0292,19.9077,-16.8785,-0.017906,-0.014135,0.02326,6,False
momentum_top,EMBASSY,2019-09-09,2019-09-11,266.5897,2019-09-18,257.5049,MOMENTUM_FAIL,3,-27.2543,19.2515,-46.5057,-0.058022,-0.051699,0.0,6,False
momentum_top,DIXON,2019-09-09,2019-09-11,517.6263,2019-09-18,507.5288,MOMENTUM_FAIL,1,-10.0975,18.0951,-28.1926,-0.054346,-0.065025,0.019219,6,False
momentum_top,ADANIPOWER,2019-09-16,2019-09-17,13.04,2019-09-24,13.52,MOMENTUM_FAIL,76,36.48,20.1889,16.2911,0.016403,-0.065951,0.046012,6,False
momentum_top,ADANIGREEN,2019-09-16,2019-09-17,55.9,2019-09-19,51.987,STOP,17,-66.521,19.8071,-86.3281,-0.090645,-0.126118,0.0,3,False
momentum_top,ZYDUSWELL,2019-09-16,2019-09-17,341.7037,2019-09-20,317.7844,STOP,2,-47.8385,18.7182,-66.5568,-0.097177,-0.076248,0.038153,4,False
momentum_top,SCI,2019-09-16,2019-09-17,34.081,2019-09-18,31.6953,STOP,29,-69.1843,19.9624,-89.1467,-0.090001,-0.101351,0.0,2,False
momentum_top,GRSE,2019-09-16,2019-09-17,122.9115,2019-09-24,143.9416,TARGET,8,168.2407,20.4245,147.8162,0.15,0.0,0.291403,6,False
momentum_top,ANANTRAJ,2019-09-16,2019-09-17,14.8089,2019-09-24,14.1192,MOMENTUM_FAIL,67,-46.2116,20.0254,-66.2371,-0.066612,-0.066175,0.002426,6,False
momentum_top,MCX,2019-09-16,2019-09-17,178.7237,2019-10-10,188.2884,TIME,5,47.8234,19.8006,28.0228,0.03129,-0.06824,0.07555,16,False
momentum_top,BRIGADE,2019-09-16,2019-09-17,142.2354,2019-09-24,143.9923,MOMENTUM_FAIL,7,12.2981,20.1591,-7.861,-0.007878,-0.047092,0.047349,6,False
momentum_top,HDFCLIFE,2019-09-16,2019-09-17,528.5967,2019-10-10,572.9572,TIME,1,44.3605,18.2523,26.1082,0.049284,-0.017638,0.130709,16,False
momentum_top,FACT,2019-09-16,2019-09-17,41.513,2019-09-17,38.6071,STOP,24,-69.7419,19.9949,-89.7367,-0.089872,0.0,0.0,1,False
momentum_top,CUPID,2019-09-16,2019-09-17,1.3187,2019-09-24,1.3062,MOMENTUM_FAIL,756,-9.4345,20.1202,-29.5547,-0.029582,-0.040411,0.038821,6,False
momentum_top,POLYMED,2019-09-16,2019-09-17,206.6343,2019-09-24,208.2536,MOMENTUM_FAIL,4,6.4772,19.4332,-12.956,-0.015641,-0.01971,0.044882,6,False
momentum_top,GODFRYPHLP,2019-09-16,2019-09-17,292.8801,2019-10-07,272.3785,STOP,3,-61.5048,19.5148,-81.0196,-0.092009,-0.071207,0.050898,14,False
momentum_top,DABUR,2019-09-16,2019-09-17,421.9281,2019-09-24,419.0534,MOMENTUM_FAIL,2,-5.7494,19.4814,-25.2308,-0.029834,-0.049011,0.031209,6,False
momentum_top,CANFINHOME,2019-09-16,2019-09-17,380.1757,2019-09-20,353.5634,STOP,2,-53.2246,19.0322,-72.2568,-0.094823,-0.077916,0.0,4,False
momentum_top,LTFOODS,2019-09-16,2019-09-17,25.9331,2019-09-18,24.1178,STOP,38,-68.9821,19.9506,-88.9327,-0.090048,-0.076106,0.0,2,False
momentum_top,PETRONET,2019-09-16,2019-09-17,198.0978,2019-09-20,184.231,STOP,5,-69.3342,19.9711,-89.3054,-0.089966,-0.070149,0.014925,4,False
momentum_top,LALPATHLAB,2019-09-16,2019-09-17,620.6494,2019-09-18,577.204,STOP,1,-43.4455,18.4622,-61.9077,-0.099529,-0.070016,0.0,2,False
momentum_top,GRSE,2019-09-23,2019-09-24,137.68,2019-09-25,161.2822,TARGET,7,165.2158,20.3358,144.88,0.15,0.0,0.195345,2,False
momentum_top,BERGEPAINT,2019-09-23,2019-09-24,345.3502,2019-10-01,348.121,MOMENTUM_FAIL,2,5.5416,18.8577,-13.3161,-0.019237,-0.02093,0.034419,6,False
momentum_top,CREDITACC,2019-09-23,2019-09-24,674.6503,2019-10-01,664.8778,MOMENTUM_FAIL,1,-9.7725,18.7588,-28.5313,-0.042198,-0.069118,0.004118,6,False
momentum_top,ADANIPOWER,2019-09-23,2019-09-24,13.28,2019-10-01,12.3504,STOP,75,-69.72,19.9936,-89.7136,-0.089877,-0.09262,0.052711,6,False
momentum_top,ZYDUSWELL,2019-09-23,2019-09-24,333.4698,2019-10-01,331.6368,MOMENTUM_FAIL,2,-3.6661,18.7387,-22.4047,-0.03352,-0.028689,0.045738,6,False
momentum_top,DIXON,2019-09-23,2019-09-24,585.9394,2019-10-01,578.1522,MOMENTUM_FAIL,1,-7.7872,18.3882,-26.1755,-0.044575,-0.065262,0.0,6,False
momentum_top,ADANIGREEN,2019-09-23,2019-09-24,52.0,2019-09-30,60.8931,TARGET,19,168.9698,20.4458,148.524,0.15,-0.011538,0.181731,5,False
momentum_top,LTFOODS,2019-09-23,2019-09-24,25.482,2019-10-01,23.6983,STOP,39,-69.566,19.9846,-89.5506,-0.089913,-0.134058,0.057971,6,False
momentum_top,BRIGADE,2019-09-23,2019-09-24,146.042,2019-10-17,140.0393,TIME,6,-36.0163,19.5566,-55.5729,-0.063283,-0.064912,0.117795,16,False
momentum_top,HDFCLIFE,2019-09-23,2019-09-24,531.0502,2019-10-17,603.7249,TIME,1,72.6747,18.3203,54.3544,0.102129,0.0,0.14951,16,False
momentum_top,SCI,2019-09-23,2019-09-24,33.5283,2019-09-26,39.2711,TARGET,29,166.5416,20.3747,146.167,0.15,0.0,0.21978,3,False
momentum_top,BALRAMCHIN,2019-09-23,2019-09-24,150.4865,2019-10-17,139.9524,STOP,6,-63.2043,19.6138,-82.8182,-0.091523,-0.083074,0.082141,16,False
momentum_top,POLYMED,2019-09-23,2019-09-24,208.2536,2019-10-17,207.4194,TIME,4,-3.3368,19.4406,-22.7774,-0.027284,-0.04901,0.125353,16,False
momentum_top,CUPID,2019-09-23,2019-09-24,1.296,2019-10-01,1.2545,MOMENTUM_FAIL,769,-31.9324,20.0733,-52.0057,-0.052067,-0.045212,0.02136,6,False
momentum_top,GRSE,2019-09-30,2019-10-01,154.5272,2019-10-01,143.7103,STOP,6,-64.9014,19.7127,-84.6142,-0.091062,0.0,0.0,1,False
momentum_top,BERGEPAINT,2019-09-30,2019-10-01,349.8477,2019-10-25,395.2252,TIME,2,90.7549,19.0692,71.6857,0.102229,-0.030877,0.161616,16,False
momentum_top,LALPATHLAB,2019-09-30,2019-10-01,662.5885,2019-10-10,647.9926,MOMENTUM_FAIL,1,-14.5958,18.698,-33.2939,-0.050139,-0.063081,0.017737,6,False
momentum_top,TATACOMM,2019-09-30,2019-10-01,350.4648,2019-10-01,325.9322,STOP,2,-49.0651,18.7897,-67.8548,-0.096596,0.0,0.0,1,False
momentum_top,HDFCLIFE,2019-09-30,2019-10-01,592.9783,2019-10-10,572.9572,MOMENTUM_FAIL,1,-20.0211,18.3931,-38.4142,-0.06464,-0.053211,0.0,6,False
momentum_top,CREDITACC,2019-09-30,2019-10-01,651.9304,2019-10-10,632.7327,MOMENTUM_FAIL,1,-19.1978,18.6437,-37.8414,-0.057919,-0.033252,0.042079,6,False
momentum_top,DIXON,2019-09-30,2019-10-01,578.5704,2019-10-25,593.8662,TIME,1,15.2958,18.4041,-3.1084,-0.005361,-0.020654,0.112565,16,False
momentum_top,ZYDUSWELL,2019-09-30,2019-10-01,337.4691,2019-10-04,313.8462,STOP,2,-47.2457,18.6837,-65.9294,-0.097469,-0.071454,0.0,3,False
momentum_top,CGCL,2019-09-30,2019-10-01,204.3919,2019-10-01,190.0845,STOP,4,-57.2297,19.2656,-76.4953,-0.09336,0.0,0.0,1,False
momentum_top,CUPID,2019-09-30,2019-10-01,1.2993,2019-10-04,1.2083,STOP,767,-69.757,19.9958,-89.7528,-0.089869,-0.086292,0.0,3,False
momentum_top,POLYMED,2019-09-30,2019-10-01,220.8155,2019-10-01,205.3585,STOP,4,-61.8284,19.5336,-81.362,-0.091914,0.0,0.0,1,False
momentum_top,BRIGADE,2019-09-30,2019-10-01,160.3168,2019-10-01,149.0946,STOP,6,-67.3331,19.8545,-87.1875,-0.090443,0.0,0.0,1,False
momentum_top,GRSE,2019-10-07,2019-10-09,149.8932,2019-10-16,146.6883,MOMENTUM_FAIL,6,-19.2294,19.6883,-38.9177,-0.043178,-0.057209,0.006068,6,False
momentum_top,ADANIGREEN,2019-10-07,2019-10-09,68.3,2019-10-14,80.0175,TARGET,14,164.0451,20.3015,143.7436,0.15,0.0,0.189605,4,False
momentum_top,BERGEPAINT,2019-10-07,2019-10-09,350.5706,2019-10-31,412.8432,TARGET,2,124.5452,19.1441,105.4011,0.15,0.0,0.222795,16,False
momentum_top,INDIAMART,2019-10-07,2019-10-09,903.8505,2019-10-09,1059.7884,TARGET,1,155.938,20.064,135.874,0.15,0.0,0.0,1,False
momentum_top,BPCL,2019-10-07,2019-10-09,157.121,2019-10-31,168.857,TIME,6,70.4158,20.054,50.3618,0.053305,-0.023265,0.099184,16,False
momentum_top,CREDITACC,2019-10-07,2019-10-09,671.5747,2019-10-11,624.5645,STOP,1,-47.0102,18.67,-65.6802,-0.097587,-0.08177,0.0,3,False
momentum_top,DIXON,2019-10-07,2019-10-09,587.5427,2019-10-31,601.4643,TIME,1,13.9216,18.4392,-4.5176,-0.007672,-0.016593,0.095575,16,False
momentum_top,CGCL,2019-10-07,2019-10-09,202.6006,2019-10-16,185.678,MOMENTUM_FAIL,4,-67.6906,19.2141,-86.9046,-0.107002,-0.097254,0.0,6,False
momentum_top,TATACOMM,2019-10-07,2019-10-09,334.3213,2019-10-11,310.9188,STOP,2,-46.805,18.658,-65.463,-0.097691,-0.071949,0.02889,3,False
momentum_top,SCI,2019-10-07,2019-10-09,36.0613,2019-10-18,42.2372,TARGET,27,166.7485,20.3808,146.3677,0.15,0.0,0.213282,8,False
momentum_top,NAM-INDIA,2019-10-07,2019-10-09,230.5631,2019-10-15,214.4237,STOP,4,-64.5577,19.6927,-84.2504,-0.091154,-0.07171,0.0,5,False
momentum_top,HDFCLIFE,2019-10-07,2019-10-09,564.5169,2019-10-31,614.5697,TIME,1,50.0528,18.4156,31.6372,0.055921,-0.000348,0.123783,16,False
momentum_top,SIEMENS,2019-10-07,2019-10-09,858.7971,2019-10-31,934.8324,TIME,1,76.0353,19.7111,56.3243,0.065442,0.0,0.128862,16,False
momentum_top,MCX,2019-10-07,2019-10-09,178.7144,2019-10-22,209.5837,TARGET,5,154.3462,20.0173,134.3289,0.15,-0.003864,0.177684,9,False
momentum_top,ADANIGREEN,2019-10-14,2019-10-15,79.8,2019-11-04,93.4885,TARGET,12,164.2619,20.3079,143.954,0.15,-0.006266,0.201128,14,False
momentum_top,BERGEPAINT,2019-10-14,2019-10-15,385.5072,2019-11-06,398.0763,TIME,2,25.1383,19.2368,5.9015,0.007638,-0.025417,0.111979,16,False
momentum_top,GRSE,2019-10-14,2019-10-15,146.7749,2019-10-25,172.1657,TARGET,6,152.3449,19.9587,132.3862,0.15,-0.018885,0.173798,8,False
momentum_top,SCI,2019-10-14,2019-10-15,41.2195,2019-10-22,48.2681,TARGET,24,169.1664,20.4516,148.7148,0.15,-0.050279,0.237989,5,False
momentum_top,BPCL,2019-10-14,2019-10-15,157.105,2019-11-06,167.9912,TIME,6,65.3174,20.0432,45.2742,0.047925,0.0,0.099296,16,False
momentum_top,DIXON,2019-10-14,2019-10-15,622.3865,2019-10-23,594.7723,MOMENTUM_FAIL,1,-27.6142,18.5018,-46.1159,-0.073934,-0.0496,0.020608,6,False
momentum_top,CGCL,2019-10-14,2019-10-15,192.3245,2019-10-23,191.6645,MOMENTUM_FAIL,5,-3.2997,19.9837,-23.2833,-0.02416,-0.04902,0.035784,6,False
momentum_top,GODFRYPHLP,2019-10-14,2019-10-15,295.5107,2019-11-06,327.0494,TIME,3,94.6161,19.866,74.7501,0.084133,-0.009149,0.122552,16,False
momentum_top,LALPATHLAB,2019-10-14,2019-10-15,661.0959,2019-10-27,779.4394,TARGET,1,118.3436,18.9624,99.3812,0.15,-0.02258,0.182753,9,False
momentum_top,SIEMENS,2019-10-14,2019-10-15,891.1418,2019-11-06,949.8756,TIME,1,58.7339,19.8124,38.9215,0.043581,0.0,0.087889,16,False
momentum_top,CREDITACC,2019-10-14,2019-10-15,618.0987,2019-10-23,629.5579,MOMENTUM_FAIL,1,11.4591,18.5632,-7.1041,-0.011468,-0.033307,0.049679,6,False
momentum_top,CUPID,2019-10-14,2019-10-15,1.2734,2019-10-23,1.491,TARGET,783,170.377,20.4871,149.8899,0.15,-0.036232,0.207246,6,False
momentum_top,ADANIGREEN,2019-10-22,2019-10-23,86.55,2019-11-14,95.05,TIME,11,93.5,20.1404,73.3596,0.076886,-0.034084,0.153091,16,False
momentum_top,SCI,2019-10-22,2019-10-23,48.5884,2019-10-30,57.3389,TARGET,20,175.0103,20.3896,154.6207,0.158766,-0.020853,0.21327,6,False
momentum_top,INDIAMART,2019-10-22,2019-10-23,972.5861,2019-10-24,904.505,STOP,1,-68.081,19.8981,-87.9791,-0.090262,-0.140793,0.0,2,False
momentum_top,BERGEPAINT,2019-10-22,2019-10-23,382.7765,2019-11-14,387.1135,TIME,2,8.6739,19.1802,-10.5062,-0.013694,0.0,0.119912,16,False
momentum_top,BPCL,2019-10-22,2019-10-23,170.4282,2019-10-30,168.376,MOMENTUM_FAIL,5,-10.261,19.5072,-29.7682,-0.034857,-0.058043,0.005832,6,False
momentum_top,AVANTIFEED,2019-10-22,2019-10-23,418.7067,2019-10-30,414.4792,MOMENTUM_FAIL,2,-8.455,19.4487,-27.9038,-0.033249,-0.062665,0.009219,6,False
momentum_top,GRSE,2019-10-22,2019-10-23,160.5039,2019-10-29,188.0209,TARGET,6,165.1018,20.3325,144.7693,0.15,-0.038316,0.186454,5,False
momentum_top,GODFRYPHLP,2019-10-22,2019-10-23,318.5436,2019-10-30,321.0574,MOMENTUM_FAIL,3,7.5413,19.9805,-12.4392,-0.012988,-0.024913,0.036888,6,False
momentum_top,SIEMENS,2019-10-22,2019-10-23,945.5009,2019-10-30,932.1228,MOMENTUM_FAIL,1,-13.3781,19.8951,-33.2732,-0.035114,-0.049254,0.003552,6,False
momentum_top,LALPATHLAB,2019-10-22,2019-10-23,710.3562,2019-11-14,752.627,TIME,1,42.2708,19.0155,23.2553,0.032666,-0.056037,0.110741,16,False
momentum_top,ADANIENT,2019-10-22,2019-10-23,176.9823,2019-11-06,207.5833,TARGET,5,153.005,19.978,133.0269,0.15,-0.024895,0.173147,11,False
momentum_top,NAM-INDIA,2019-10-22,2019-10-23,257.5281,2019-10-31,302.7312,TARGET,3,135.6093,19.4683,116.141,0.15,-0.026577,0.194364,7,False
momentum_top,DIXON,2019-10-22,2019-10-23,603.4459,2019-10-30,591.8248,MOMENTUM_FAIL,1,-11.621,18.4544,-30.0754,-0.049731,-0.022047,0.016552,6,False
momentum_top,CUPID,2019-10-22,2019-10-23,1.2679,2019-10-23,1.4845,TARGET,786,170.2947,20.4847,149.81,0.15,0.0,0.0,1,False
momentum_top,MCX,2019-10-22,2019-10-23,209.0227,2019-11-14,214.7149,TIME,4,22.7685,19.5067,3.2618,0.003893,-0.029464,0.089286,16,False
momentum_top,SBILIFE,2019-10-22,2019-10-23,982.0221,2019-10-30,987.7522,MOMENTUM_FAIL,1,5.7301,20.0882,-14.3581,-0.014589,-0.039587,0.036217,6,False
momentum_top,NESTLEIND,2019-10-22,2019-10-23,699.0718,2019-10-30,693.3648,MOMENTUM_FAIL,1,-5.707,18.8702,-24.5771,-0.03508,-0.041723,0.0,6,False
momentum_top,ADANIGREEN,2019-10-29,2019-10-30,89.6,2019-11-21,97.0,TIME,11,81.4,20.2574,61.1426,0.061901,-0.066964,0.126116,16,False
momentum_top,GRSE,2019-10-29,2019-10-30,185.3634,2019-11-21,194.3284,TIME,5,44.825,19.9347,24.8902,0.026797,-0.058411,0.163551,16,False
momentum_top,BPCL,2019-10-29,2019-10-30,168.9852,2019-11-06,167.9912,MOMENTUM_FAIL,5,-4.9701,19.4875,-24.4576,-0.028883,-0.025806,0.007305,6,False
momentum_top,GODFRYPHLP,2019-10-29,2019-10-30,316.1614,2019-11-06,327.0494,MOMENTUM_FAIL,3,32.664,20.0014,12.6625,0.013321,-0.006102,0.04923,6,False
momentum_top,NAVINFLUOR,2019-10-29,2019-10-30,868.6728,2019-11-06,828.1744,MOMENTUM_FAIL,1,-40.4984,19.5155,-60.0139,-0.068936,-0.054945,0.029115,6,False
momentum_top,BERGEPAINT,2019-10-29,2019-10-30,402.3731,2019-11-21,386.752,TIME,2,-31.2422,19.2644,-50.5066,-0.062624,-0.045808,0.065369,16,False
momentum_top,GRANULES,2019-10-29,2019-10-30,125.6995,2019-11-01,116.9005,STOP,7,-61.5928,19.5199,-81.1127,-0.091983,-0.075343,0.013588,3,False
momentum_top,INDIAMART,2019-10-29,2019-10-30,864.5729,2019-11-06,811.408,MOMENTUM_FAIL,1,-53.1649,19.4724,-72.6372,-0.083832,-0.065441,0.034045,6,False
momentum_top,ADANIENT,2019-10-29,2019-10-30,192.428,2019-11-21,203.4677,TIME,5,55.1986,20.105,35.0937,0.036395,-0.001544,0.092102,16,False
momentum_top,LALPATHLAB,2019-10-29,2019-10-30,766.2749,2019-11-01,712.6356,STOP,1,-53.6392,19.0563,-72.6956,-0.094662,-0.105659,0.0,3,False
momentum_top,MANAPPURAM,2019-10-29,2019-10-30,145.7743,2019-11-21,143.5611,TIME,6,-13.279,19.5961,-32.8751,-0.037505,-0.030624,0.053972,16,False
momentum_top,GICRE,2019-10-29,2019-10-30,261.3564,2019-11-05,243.0614,STOP,3,-54.8848,19.1289,-74.0138,-0.094191,-0.08289,0.109801,5,False
momentum_top,NAM-INDIA,2019-10-29,2019-10-30,267.1762,2019-11-21,313.8735,TARGET,3,140.0918,19.5997,120.4921,0.15,-0.02392,0.190432,16,False
momentum_top,GMRAIRPORT,2019-10-29,2019-10-30,18.8745,2019-11-21,18.6492,TIME,52,-11.7121,20.0504,-31.7625,-0.032292,-0.033413,0.083532,16,False
momentum_top,ESCORTS,2019-10-29,2019-10-30,639.9435,2019-11-06,626.0463,MOMENTUM_FAIL,1,-13.8973,18.6038,-32.5011,-0.050677,-0.046642,0.012687,6,False
momentum_top,MCX,2019-10-29,2019-10-30,217.6076,2019-11-06,208.5468,MOMENTUM_FAIL,4,-36.243,19.5316,-55.7745,-0.063937,-0.0506,0.046312,6,False
momentum_top,CUPID,2019-10-29,2019-10-30,1.6148,2019-11-04,1.8908,TARGET,617,170.2641,20.4838,149.7803,0.15,0.0,0.177143,4,False
momentum_top,POLYCAB,2019-10-29,2019-10-30,794.0388,2019-11-21,912.712,TIME,1,118.6732,19.5244,99.1488,0.124594,0.0,0.151332,16,False
momentum_top,SCI,2019-11-04,2019-11-05,55.2664,2019-11-08,51.3978,STOP,18,-69.6357,19.9887,-89.6244,-0.089897,-0.073333,0.008333,4,False
momentum_top,ADANIGREEN,2019-11-04,2019-11-05,93.2,2019-11-08,86.676,STOP,10,-65.24,19.7325,-84.9725,-0.090973,-0.103004,0.0,4,False
momentum_top,GRSE,2019-11-04,2019-11-05,207.6676,2019-11-06,193.1309,STOP,4,-58.1469,19.3191,-77.466,-0.093054,-0.081961,0.0,2,False
momentum_top,CUPID,2019-11-04,2019-11-05,1.8824,2019-11-11,2.2041,TARGET,530,170.4713,20.4898,149.9814,0.15,-0.020343,0.176471,5,False
momentum_top,PFOCUS,2019-11-04,2019-11-05,65.65,2019-11-07,76.8811,TARGET,15,168.4665,20.4311,148.0354,0.15,-0.036558,0.279513,3,False
momentum_top,GODFRYPHLP,2019-11-04,2019-11-05,322.9865,2019-11-14,378.3269,TARGET,3,166.0211,20.3594,145.6617,0.15,-0.011448,0.176471,7,False
momentum_top,ADANIENT,2019-11-04,2019-11-05,198.0221,2019-11-27,211.4381,TIME,5,67.0799,20.2473,46.8326,0.047197,-0.02975,0.0885,16,False
momentum_top,GICRE,2019-11-04,2019-11-05,256.0598,2019-11-08,238.1356,STOP,3,-53.7726,19.0641,-72.8367,-0.09461,-0.080366,0.0,4,False
momentum_top,BPCL,2019-11-04,2019-11-05,166.42,2019-11-13,163.5662,MOMENTUM_FAIL,5,-14.2692,19.4144,-33.6837,-0.040392,-0.038536,0.014547,6,False
momentum_top,NAM-INDIA,2019-11-04,2019-11-05,286.7608,2019-11-08,266.6876,STOP,3,-60.2198,19.4399,-79.6597,-0.092395,-0.090582,0.0,4,False
momentum_top,BERGEPAINT,2019-11-04,2019-11-05,404.7825,2019-11-13,385.467,MOMENTUM_FAIL,2,-38.631,19.2697,-57.9007,-0.071365,-0.050198,0.010913,6,False
momentum_top,DIXON,2019-11-04,2019-11-05,605.0493,2019-11-06,562.6958,STOP,1,-42.3534,18.3986,-60.752,-0.100189,-0.083132,0.0,2,False
momentum_top,AVANTIFEED,2019-11-04,2019-11-05,428.4943,2019-11-08,502.8346,TARGET,2,148.6807,19.8513,128.8293,0.15,-0.006542,0.205362,4,False
momentum_top,POLYCAB,2019-11-04,2019-11-05,816.8698,2019-11-27,895.3605,TIME,1,78.4907,19.539,58.9516,0.07201,-0.007355,0.125037,16,False
momentum_top,MCX,2019-11-04,2019-11-05,220.3417,2019-11-07,204.9178,STOP,4,-61.6957,19.5259,-81.2216,-0.091953,-0.079321,0.0,3,False
momentum_top,SIEMENS,2019-11-04,2019-11-05,948.0411,2019-11-13,922.6679,MOMENTUM_FAIL,1,-25.3732,19.8814,-45.2546,-0.047631,-0.033045,0.017535,6,False
momentum_top,INDIAMART,2019-11-04,2019-11-05,858.0267,2019-11-22,1006.8682,TARGET,1,148.8414,19.8561,128.9854,0.15,-0.058311,0.184196,13,False
momentum_top,MANAPPURAM,2019-11-04,2019-11-05,150.2829,2019-11-13,144.0947,MOMENTUM_FAIL,6,-37.1289,19.6618,-56.7907,-0.062845,-0.049118,0.01647,6,False
momentum_top,NIACL,2019-11-04,2019-11-05,155.1905,2019-11-08,144.3272,STOP,6,-65.18,19.729,-84.909,-0.090989,-0.108333,0.0,4,False
momentum_top,SCI,2019-11-11,2019-11-13,56.9244,2019-11-14,52.9397,STOP,17,-67.7401,19.8782,-87.6183,-0.090344,-0.076861,0.0,2,False
momentum_top,PFOCUS,2019-11-11,2019-11-13,84.45,2019-11-15,78.5385,STOP,11,-65.0265,19.72,-84.7465,-0.091029,-0.204855,0.043221,3,False
momentum_top,ADANIGREEN,2019-11-11,2019-11-13,95.0,2019-11-25,111.3085,TARGET,10,163.0849,20.2734,142.8115,0.15,-0.031579,0.234737,9,False
momentum_top,GRSE,2019-11-11,2019-11-13,194.0252,2019-11-26,180.4435,STOP,5,-67.9088,19.888,-87.7969,-0.090303,-0.084598,0.080357,10,False
momentum_top,AFFLE,2019-11-11,2019-11-13,301.77,2019-12-04,294.1,TIME,3,-23.0099,19.7058,-42.7157,-0.047081,-0.048945,0.152533,16,False
momentum_top,GODFRYPHLP,2019-11-11,2019-11-13,340.2319,2019-11-28,400.9034,TARGET,2,121.343,19.0503,102.2927,0.15,-0.037715,0.181186,12,False
momentum_top,AVANTIFEED,2019-11-11,2019-11-13,459.5113,2019-12-04,472.056,TIME,2,25.0894,19.8616,5.2277,0.005676,-0.022,0.1034,16,False
momentum_top,CUPID,2019-11-11,2019-11-13,1.9507,2019-11-13,1.8142,STOP,511,-69.7776,19.997,-89.7745,-0.089864,0.0,0.0,1,False
momentum_top,ADANIENT,2019-11-11,2019-11-13,206.9331,2019-11-13,192.4478,STOP,4,-57.9413,19.3071,-77.2484,-0.093122,0.0,0.0,1,False
momentum_top,DIXON,2019-11-11,2019-11-13,598.3075,2019-12-04,706.9274,TARGET,1,108.6198,18.6775,89.9423,0.15,0.0,0.196631,16,False
momentum_top,POLYCAB,2019-11-11,2019-11-13,847.1509,2019-12-04,954.0482,TIME,1,106.8973,19.7247,87.1726,0.102676,-0.005957,0.132369,16,False
momentum_top,BPCL,2019-11-11,2019-11-13,164.8167,2019-12-04,160.7123,TIME,6,-24.6264,20.0554,-44.6819,-0.045085,-0.050584,0.068093,16,False
momentum_top,BBOX,2019-11-11,2019-11-13,23.596,2019-12-04,24.164,TIME,42,23.8551,20.1632,3.6919,0.003717,-0.027872,0.122044,16,False
momentum_top,JINDALSTEL,2019-11-11,2019-11-13,149.3186,2019-11-13,138.8663,STOP,6,-62.7138,19.5852,-82.299,-0.09166,0.0,0.0,1,False
momentum_top,JBMA,2019-11-11,2019-11-13,44.8353,2019-11-20,44.4123,MOMENTUM_FAIL,22,-9.3055,20.076,-29.3815,-0.029722,-0.02545,0.03993,6,False
momentum_top,GMRAIRPORT,2019-11-11,2019-11-13,19.6402,2019-11-20,18.6492,MOMENTUM_FAIL,50,-49.5511,19.9756,-69.5267,-0.070646,-0.059633,0.011468,6,False
momentum_top,SIEMENS,2019-11-11,2019-11-13,953.4037,2019-11-15,886.6655,STOP,1,-66.7383,19.8198,-86.5581,-0.09059,-0.073653,0.0,3,False
momentum_top,SCI,2019-11-18,2019-11-19,55.3585,2019-12-10,52.1347,TIME,18,-58.0298,20.0193,-78.0491,-0.078156,-0.062396,0.159734,16,False
momentum_top,AFFLE,2019-11-18,2019-11-19,329.0,2019-11-26,305.97,STOP,3,-69.09,19.9569,-89.0469,-0.090023,-0.071125,0.057143,6,False
momentum_top,ADANIGREEN,2019-11-18,2019-11-19,94.05,2019-11-25,110.2114,TARGET,10,161.6137,20.2303,141.3834,0.15,0.0,0.247209,5,False
momentum_top,GRSE,2019-11-18,2019-11-19,206.1085,2019-11-22,191.6809,STOP,4,-57.7104,19.2936,-77.004,-0.093199,-0.077327,0.0,4,False
momentum_top,AVANTIFEED,2019-11-18,2019-11-19,465.1173,2019-12-10,458.7301,TIME,2,-12.7744,19.8319,-32.6063,-0.034975,-0.033788,0.090101,16,False
momentum_top,INDIAMART,2019-11-18,2019-11-19,900.1097,2019-12-10,937.1428,TIME,1,37.0332,19.8061,17.2271,0.019097,0.0,0.155844,16,False
momentum_top,POLYCAB,2019-11-18,2019-11-19,903.5316,2019-11-26,893.0533,MOMENTUM_FAIL,1,-10.4783,19.7238,-30.202,-0.033354,-0.0233,0.017129,6,False
momentum_top,CUPID,2019-11-18,2019-11-19,1.8931,2019-11-22,1.7605,STOP,527,-69.8348,20.0003,-89.8351,-0.089851,-0.073598,0.004143,4,False
momentum_top,JBMA,2019-11-18,2019-11-19,44.4812,2019-12-10,46.7535,TIME,22,49.9896,20.1638,29.8258,0.030412,-0.014374,0.118974,16,False
momentum_top,CREDITACC,2019-11-18,2019-11-19,791.722,2019-11-25,736.3015,STOP,1,-55.4205,19.1602,-74.5807,-0.093995,-0.083835,0.021303,5,False
momentum_top,BPCL,2019-11-18,2019-11-19,166.9491,2019-12-06,155.2627,STOP,5,-58.4322,19.3357,-77.7679,-0.09296,-0.071353,0.054451,14,False
momentum_top,ADANIENT,2019-11-18,2019-11-19,200.0024,2019-12-10,202.1806,TIME,4,8.7129,19.3257,-10.6129,-0.013237,-0.019307,0.096535,16,False
momentum_top,NAVINFLUOR,2019-11-18,2019-11-19,897.0138,2019-11-26,877.3245,MOMENTUM_FAIL,1,-19.6893,19.6775,-39.3668,-0.043791,-0.046841,0.023802,6,False
momentum_top,JUBLFOOD,2019-11-18,2019-11-19,312.8174,2019-11-26,320.6181,MOMENTUM_FAIL,3,23.4023,19.9402,3.4621,0.003681,-0.023239,0.037736,6,False
momentum_top,MCX,2019-11-18,2019-11-19,218.5407,2019-11-26,221.4614,MOMENTUM_FAIL,4,11.6829,19.6449,-7.962,-0.009088,-0.030743,0.029035,6,False
momentum_top,DIXON,2019-11-18,2019-11-19,669.1501,2019-11-20,622.3096,STOP,1,-46.8405,18.6601,-65.5006,-0.097673,-0.096256,0.01137,2,False
momentum_top,ESCORTS,2019-11-18,2019-11-19,630.058,2019-11-26,620.6019,MOMENTUM_FAIL,1,-9.4561,18.5711,-28.0272,-0.044386,-0.031001,0.042674,6,False
momentum_top,ADANIGREEN,2019-11-25,2019-11-26,114.5,2019-11-29,136.0,TARGET,8,172.0,20.148,151.852,0.165416,0.0,0.21179,4,False
momentum_top,SCI,2019-11-25,2019-11-26,57.1086,2019-12-03,53.8848,MOMENTUM_FAIL,17,-54.8059,19.9178,-74.7236,-0.0768,-0.064516,0.0,6,False
momentum_top,AFFLE,2019-11-25,2019-11-26,316.96,2019-12-03,295.93,MOMENTUM_FAIL,3,-63.09,19.8166,-82.9066,-0.086999,-0.072438,0.022085,6,False
momentum_top,AVANTIFEED,2019-11-25,2019-11-26,503.992,2019-11-28,468.7126,STOP,1,-35.2794,17.9862,-53.2657,-0.105457,-0.084154,0.0,3,False
momentum_top,INDIAMART,2019-11-25,2019-11-26,986.6137,2019-12-17,944.671,TIME,1,-41.9426,20.0105,-61.9532,-0.062657,-0.061588,0.054503,16,False
momentum_top,GRSE,2019-11-25,2019-11-26,188.7848,2019-11-28,175.5699,STOP,5,-66.0747,19.7811,-85.8558,-0.090758,-0.078688,0.0,3,False
momentum_top,POLYCAB,2019-11-25,2019-11-26,905.5503,2019-12-03,933.2359,MOMENTUM_FAIL,1,27.6856,19.81,7.8756,0.008678,-0.02845,0.039225,6,False
momentum_top,ADANIENT,2019-11-25,2019-11-26,212.6263,2019-12-03,205.7945,MOMENTUM_FAIL,4,-27.327,19.4656,-46.7926,-0.054897,-0.052154,0.031432,6,False
momentum_top,JBMA,2019-11-25,2019-11-26,44.1566,2019-12-17,51.7205,TARGET,22,166.406,20.3707,146.0353,0.15,0.0,0.17309,16,False
momentum_top,BPCL,2019-11-25,2019-11-26,163.2135,2019-12-03,158.564,MOMENTUM_FAIL,6,-27.897,20.0082,-47.9052,-0.048812,-0.041257,0.018566,6,False
momentum_top,CUPID,2019-11-25,2019-11-26,1.7806,2019-12-17,1.846,TIME,560,36.6142,20.215,16.3992,0.01641,-0.056771,0.09375,16,False
momentum_top,CGPOWER,2019-11-25,2019-11-26,14.3237,2019-12-02,13.0889,GAP_STOP,69,-85.2014,19.9297,-105.1312,-0.10614,-0.1,0.0,5,False
momentum_top,IDBI,2019-11-25,2019-11-26,35.442,2019-12-06,32.9611,STOP,28,-69.4664,19.9788,-89.4452,-0.089936,-0.081442,0.052069,9,False
momentum_top,GICRE,2019-11-25,2019-11-26,224.0198,2019-12-10,208.3384,STOP,4,-62.7255,19.5859,-82.3115,-0.091657,-0.08876,0.083721,11,False
momentum_top,NAM-INDIA,2019-11-25,2019-11-26,307.9948,2019-12-03,292.6569,MOMENTUM_FAIL,3,-46.0137,19.7378,-65.7514,-0.071006,-0.067202,0.009371,6,False
momentum_top,JINDALSTEL,2019-11-25,2019-11-26,152.3699,2019-12-03,141.704,STOP,6,-63.9954,19.6599,-83.6553,-0.091305,-0.084948,0.074935,6,False
momentum_top,GRANULES,2019-11-25,2019-11-26,127.8957,2019-12-02,118.943,STOP,7,-62.6689,19.5826,-82.2515,-0.091673,-0.091603,0.037404,5,False
momentum_top,TMPV,2019-11-25,2019-11-26,162.3557,2019-12-03,154.1235,MOMENTUM_FAIL,6,-49.3936,19.9427,-69.3362,-0.071022,-0.055506,0.015902,6,False
momentum_top,ADANIGREEN,2019-12-02,2019-12-03,132.0,2019-12-04,119.55,GAP_STOP,7,-87.15,19.6541,-106.8041,-0.115337,-0.101894,0.0,2,False
momentum_top,SCI,2019-12-02,2019-12-03,54.6217,2019-12-10,52.1347,MOMENTUM_FAIL,18,-44.7659,19.9903,-64.7562,-0.06572,-0.049747,0.045531,6,False
momentum_top,AFFLE,2019-12-02,2019-12-03,297.11,2019-12-10,268.24,MOMENTUM_FAIL,3,-86.61,19.5172,-106.1272,-0.118806,-0.121975,0.035307,6,False
momentum_top,JINDALSTEL,2019-12-02,2019-12-03,156.3563,2019-12-03,145.4114,STOP,6,-65.6697,19.7575,-85.4272,-0.090862,0.0,0.0,1,False
momentum_top,CUPID,2019-12-02,2019-12-03,1.9086,2019-12-10,1.8047,MOMENTUM_FAIL,522,-54.2201,20.0264,-74.2465,-0.07436,-0.06414,0.0,6,False
momentum_top,JBMA,2019-12-02,2019-12-03,46.2321,2019-12-20,54.152,TARGET,21,166.3177,20.3681,145.9496,0.15,-0.006809,0.186808,14,False
momentum_top,GRSE,2019-12-02,2019-12-03,179.5599,2019-12-06,166.9907,STOP,5,-62.846,19.5929,-82.4389,-0.091623,-0.071394,0.148094,4,False
momentum_top,TATACOMM,2019-12-02,2019-12-03,390.9843,2019-12-06,363.6154,STOP,2,-54.7378,19.1204,-73.8582,-0.094246,-0.070697,0.01094,4,False
momentum_top,AVANTIFEED,2019-12-02,2019-12-03,456.8461,2019-12-19,535.5772,TARGET,2,157.4621,20.1087,137.3535,0.15,-0.014082,0.199356,13,False
momentum_top,ADANIENT,2019-12-02,2019-12-03,205.943,2019-12-10,202.1806,MOMENTUM_FAIL,4,-15.0497,19.3777,-34.4274,-0.041701,-0.026923,0.027404,6,False
momentum_top,POLYCAB,2019-12-02,2019-12-03,902.6664,2019-12-24,909.4437,TIME,1,6.7773,19.7553,-12.978,-0.014346,0.0,0.16262,16,False
momentum_top,IDEA,2019-12-02,2019-12-03,7.9,2019-12-03,7.347,STOP,126,-69.678,19.9911,-89.6691,-0.089887,0.0,0.0,1,False
momentum_top,CREDITACC,2019-12-02,2019-12-03,816.5253,2019-12-10,786.4637,MOMENTUM_FAIL,1,-30.0616,19.3165,-49.3781,-0.060342,-0.039125,0.017983,6,False
momentum_top,GMRAIRPORT,2019-12-02,2019-12-03,19.2799,2019-12-10,18.1537,MOMENTUM_FAIL,51,-57.4341,19.9649,-77.399,-0.078544,-0.065421,0.004673,6,False
momentum_top,TIINDIA,2019-12-02,2019-12-03,488.9905,2019-12-10,474.5853,MOMENTUM_FAIL,2,-28.8104,20.0008,-48.8112,-0.049801,-0.062236,0.005429,6,False
momentum_top,IIFL,2019-12-02,2019-12-03,161.2137,2019-12-03,149.9288,STOP,6,-67.7098,19.8764,-87.5862,-0.090351,0.0,0.0,1,False
momentum_top,ADANIENSOL,2019-12-02,2019-12-03,333.0,2019-12-10,336.7,MOMENTUM_FAIL,2,7.4,18.7572,-11.3572,-0.017016,-0.069069,0.035135,6,False
momentum_top,BPCL,2019-12-02,2019-12-03,160.9689,2019-12-10,155.9346,MOMENTUM_FAIL,6,-30.2058,19.9466,-50.1524,-0.051814,-0.036853,0.004482,6,False
momentum_top,ADANIGREEN,2019-12-09,2019-12-10,124.35,2019-12-24,146.45,TARGET,8,176.8,20.4905,156.3095,0.156784,0.0,0.197427,11,False
momentum_top,SCI,2019-12-09,2019-12-10,54.2532,2020-01-01,56.8784,TIME,18,47.2528,20.1497,27.1031,0.027693,-0.044991,0.119694,16,False
momentum_top,AFFLE,2019-12-09,2019-12-10,281.59,2019-12-10,261.8787,STOP,3,-59.1339,19.3766,-78.5105,-0.092734,0.0,0.0,1,False
momentum_top,JBMA,2019-12-09,2019-12-10,48.6224,2019-12-23,56.9505,TARGET,20,166.5614,20.3753,146.1861,0.15,-0.048149,0.197653,10,False
momentum_top,POLYCAB,2019-12-09,2019-12-10,961.306,2019-12-17,937.4177,MOMENTUM_FAIL,1,-23.8884,19.9404,-43.8288,-0.045494,-0.04395,0.015,6,False
momentum_top,GRSE,2019-12-09,2019-12-10,181.5522,2019-12-11,168.8435,STOP,5,-63.5433,19.6336,-83.1768,-0.091429,-0.081107,0.0,2,False
momentum_top,CUPID,2019-12-09,2019-12-10,1.8678,2019-12-17,1.846,MOMENTUM_FAIL,534,-11.6379,20.1178,-31.7557,-0.031769,-0.063803,0.002483,6,False
momentum_top,TATACOMM,2019-12-09,2019-12-10,365.5504,2019-12-17,356.6738,MOMENTUM_FAIL,2,-17.7532,18.9809,-36.7341,-0.050135,-0.043785,0.006291,6,False
momentum_top,JINDALSTEL,2019-12-09,2019-12-10,141.1489,2019-12-16,131.2684,STOP,7,-69.1629,19.9611,-89.1241,-0.090006,-0.079498,0.040795,5,False
momentum_top,ADANIENT,2019-12-09,2019-12-10,205.3984,2019-12-17,209.1113,MOMENTUM_FAIL,4,14.8516,19.4294,-4.5778,-0.00556,-0.023138,0.027959,6,False
momentum_top,AVANTIFEED,2019-12-09,2019-12-10,464.0145,2019-12-19,543.8557,TARGET,2,159.6824,20.1737,139.5087,0.15,-0.029313,0.180828,8,False
momentum_top,DLF,2019-12-09,2019-12-10,204.3099,2020-01-01,214.7377,TIME,4,41.7112,19.4657,22.2456,0.027161,0.0,0.086143,16,False
momentum_top,ADANIENSOL,2019-12-09,2019-12-10,334.0,2020-01-01,333.9,TIME,2,-0.2,18.7502,-18.9502,-0.028307,-0.03997,0.050749,16,False
momentum_top,GICRE,2019-12-09,2019-12-10,210.5612,2019-12-17,201.9651,MOMENTUM_FAIL,4,-34.3845,19.4163,-53.8009,-0.063739,-0.065773,0.0,6,False
momentum_top,TIINDIA,2019-12-09,2019-12-10,461.9009,2019-12-17,470.4063,MOMENTUM_FAIL,2,17.0109,19.8653,-2.8544,-0.003083,-0.001703,0.049494,6,False
momentum_top,EIDPARRY,2019-12-09,2019-12-10,198.6494,2019-12-12,184.7439,STOP,5,-69.5273,19.9824,-89.5097,-0.089922,-0.074491,0.0,3,False
momentum_top,MOTHERSON,2019-12-09,2019-12-10,34.2622,2020-01-01,37.2538,TIME,29,86.7549,20.3021,66.4528,0.066735,-0.027985,0.126865,16,False
momentum_top,BERGEPAINT,2019-12-09,2019-12-10,401.57,2019-12-17,395.7874,MOMENTUM_FAIL,2,-11.5652,19.2977,-30.8629,-0.038344,-0.0183,0.0058,6,False
momentum_top,DIXON,2019-12-09,2019-12-10,701.9225,2019-12-17,706.7222,MOMENTUM_FAIL,1,4.7997,18.9036,-14.1039,-0.020049,-0.040958,0.033439,6,False
momentum_top,ADANIGREEN,2019-12-16,2019-12-17,135.0,2019-12-27,159.4,TARGET,7,170.8,20.268,150.532,0.158946,-0.014444,0.215556,8,False
momentum_top,SCI,2019-12-16,2019-12-17,56.9705,2020-01-08,53.8848,TIME,17,-52.457,19.9126,-72.3696,-0.074561,-0.062247,0.065481,16,False
momentum_top,JBMA,2019-12-16,2019-12-17,48.9962,2019-12-23,57.3822,TARGET,20,167.7192,20.4092,147.31,0.15,0.0,0.188516,5,False
momentum_top,AFFLE,2019-12-16,2019-12-17,289.34,2020-01-08,306.39,TIME,3,51.1501,19.6993,31.4507,0.036154,-0.025368,0.123108,16,False
momentum_top,POLYCAB,2019-12-16,2019-12-17,930.5443,2019-12-24,909.4437,MOMENTUM_FAIL,1,-21.1006,19.8162,-40.9168,-0.043875,-0.026704,0.019886,6,False
momentum_top,AVANTIFEED,2019-12-16,2019-12-17,493.5151,2020-01-08,557.4791,TIME,2,127.928,20.3582,107.5699,0.108746,0.0,0.163501,16,False
momentum_top,NAM-INDIA,2019-12-16,2019-12-17,283.6685,2019-12-24,281.8131,MOMENTUM_FAIL,3,-5.5662,19.512,-25.0782,-0.029405,-0.033866,0.023256,6,False
momentum_top,ADANIENSOL,2019-12-16,2019-12-17,333.25,2019-12-24,334.9,MOMENTUM_FAIL,2,3.3,18.751,-15.451,-0.023132,-0.012453,0.049212,6,False
momentum_top,DLF,2019-12-16,2019-12-17,217.4745,2019-12-24,215.7758,MOMENTUM_FAIL,4,-6.7946,19.5893,-26.3839,-0.030264,-0.027121,0.011065,6,False
momentum_top,ADANIENT,2019-12-16,2019-12-17,208.4183,2019-12-24,207.0816,MOMENTUM_FAIL,4,-5.3465,19.4393,-24.7858,-0.029666,-0.023278,0.048931,6,False
momentum_top,DIXON,2019-12-16,2019-12-17,711.303,2020-01-07,837.4219,TARGET,1,126.119,19.1902,106.9287,0.15,-0.006006,0.208165,15,False
momentum_top,TMPV,2019-12-16,2019-12-17,171.4648,2019-12-24,170.9777,MOMENTUM_FAIL,5,-2.4356,19.5451,-21.9806,-0.025583,-0.031534,0.048295,6,False
momentum_top,MANAPPURAM,2019-12-16,2019-12-17,153.1851,2019-12-24,153.0521,MOMENTUM_FAIL,6,-0.7981,19.8093,-20.6074,-0.022372,-0.017082,0.026636,6,False
momentum_top,TIINDIA,2019-12-16,2019-12-17,468.2922,2020-01-08,474.9786,TIME,2,13.3727,19.9119,-6.5392,-0.006967,-0.012284,0.058583,16,False
momentum_top,GRSE,2019-12-16,2019-12-17,173.4534,2020-01-08,167.0436,TIME,5,-32.0487,19.5267,-51.5754,-0.059339,-0.062172,0.062172,16,False
momentum_top,TRIDENT,2019-12-16,2019-12-17,7.3076,2019-12-17,6.7961,STOP,136,-69.5688,19.9848,-89.5535,-0.089912,0.0,0.0,1,False
momentum_top,CUPID,2019-12-16,2019-12-17,1.8149,2020-01-08,1.8474,TIME,549,17.8201,20.1735,-2.3534,-0.002357,-0.018907,0.170414,16,False
momentum_top,NMDC,2019-12-16,2019-12-17,18.6162,2020-01-08,19.7514,TIME,53,60.1622,20.2186,39.9436,0.040395,0.0,0.146777,16,False
momentum_top,TATACOMM,2019-12-16,2019-12-17,354.0522,2020-01-08,383.4416,TIME,2,58.7788,19.0396,39.7392,0.055998,-0.007534,0.127566,16,False
momentum_top,SCI,2019-12-23,2019-12-24,58.7666,2020-01-01,56.8784,MOMENTUM_FAIL,16,-30.2123,19.8387,-50.051,-0.053115,-0.03605,0.0,6,False
momentum_top,AVANTIFEED,2019-12-23,2019-12-24,536.6633,2020-01-01,558.2603,MOMENTUM_FAIL,1,21.597,18.24,3.357,0.006242,-0.032452,0.048891,6,False
momentum_top,JINDALSTEL,2019-12-23,2019-12-24,155.6673,2020-01-15,177.3219,TIME,6,129.9278,20.1383,109.7895,0.117291,0.0,0.142902,16,False
momentum_top,ADANIENT,2019-12-23,2019-12-24,212.4282,2020-01-01,205.7945,MOMENTUM_FAIL,4,-26.535,19.4638,-45.9988,-0.054016,-0.041715,0.0,6,False
momentum_top,JBMA,2019-12-23,2019-12-24,55.272,2020-01-01,55.3802,MOMENTUM_FAIL,18,1.9477,20.1349,-18.1872,-0.018241,-0.017619,0.04645,6,False
momentum_top,AFFLE,2019-12-23,2019-12-24,284.8,2020-01-15,308.98,TIME,3,72.5401,19.6854,52.8547,0.061727,0.0,0.141011,16,False
momentum_top,CUPID,2019-12-23,2019-12-24,1.891,2020-01-14,2.2141,TARGET,527,170.294,20.4846,149.8094,0.15,-0.058362,0.208926,15,False
momentum_top,ADANIENSOL,2019-12-23,2019-12-24,334.7,2020-01-01,333.9,MOMENTUM_FAIL,2,-1.6,18.7533,-20.3533,-0.030339,-0.01703,0.009411,6,False
momentum_top,POLYCAB,2019-12-23,2019-12-24,918.0474,2020-01-15,1041.3347,TIME,1,123.2874,20.0575,103.2299,0.1122,-0.013403,0.161989,16,False
momentum_top,NMDC,2019-12-23,2019-12-24,20.0514,2020-01-15,21.2595,TIME,49,59.1975,20.1992,38.9983,0.039606,-0.044885,0.064699,16,False
momentum_top,NIACL,2019-12-23,2019-12-24,137.9471,2019-12-31,128.2908,STOP,7,-67.5941,19.8697,-87.4638,-0.090379,-0.072222,0.0,5,False
momentum_top,DLF,2019-12-23,2019-12-24,214.03,2020-01-01,214.7377,MOMENTUM_FAIL,4,2.8311,19.5507,-16.7196,-0.019487,-0.005511,0.036817,6,False
momentum_top,GPIL,2019-12-23,2019-12-24,52.5834,2020-01-02,61.6136,TARGET,18,162.5431,20.2575,142.2855,0.15,-0.016204,0.233333,7,False
momentum_top,TMPV,2019-12-23,2019-12-24,173.0723,2020-01-15,195.1874,TIME,5,110.5754,19.8091,90.7663,0.104659,-0.019983,0.135379,16,False
momentum_top,NAM-INDIA,2019-12-23,2019-12-24,286.5546,2020-01-15,289.6057,TIME,3,9.1533,19.5785,-10.4252,-0.012101,-0.048921,0.062878,16,False
momentum_top,DIXON,2019-12-23,2019-12-24,745.8879,2020-01-15,824.0197,TIME,1,78.1318,19.2386,58.8932,0.078785,-0.006155,0.152145,16,False
momentum_top,LINDEINDIA,2019-12-23,2019-12-24,643.667,2020-01-01,644.3473,MOMENTUM_FAIL,1,0.6803,18.6492,-17.9689,-0.027856,-0.024383,0.024232,6,False
momentum_top,GODFRYPHLP,2019-12-23,2019-12-24,378.4934,2020-01-01,378.0403,MOMENTUM_FAIL,2,-0.9061,19.1245,-20.0306,-0.026403,-0.026334,0.025562,6,False
momentum_top,JINDALSTEL,2019-12-30,2019-12-31,163.8862,2020-01-07,164.7229,MOMENTUM_FAIL,6,5.02,20.0922,-15.0723,-0.015295,-0.012613,0.048649,6,False
momentum_top,RPOWER,2019-12-30,2019-12-31,3.5,2020-01-07,3.15,GAP_STOP,285,-99.75,19.9388,-119.6888,-0.119727,-0.1,0.057143,6,False
momentum_top,CUPID,2019-12-30,2019-12-31,2.0389,2020-01-06,1.8962,STOP,489,-69.7919,19.9978,-89.7897,-0.089861,-0.126677,0.041847,5,False
momentum_top,TMPV,2019-12-30,2019-12-31,179.2587,2020-01-21,186.468,TIME,5,36.0465,19.788,16.2586,0.0181,-0.020652,0.096196,16,False
momentum_top,AVANTIFEED,2019-12-30,2019-12-31,522.9238,2020-01-15,619.8693,TARGET,1,96.9455,18.3354,78.6101,0.15,0.0,0.247803,12,False
momentum_top,JBMA,2019-12-30,2019-12-31,57.1508,2020-01-06,53.1502,STOP,17,-68.0094,19.8939,-87.9033,-0.090279,-0.099656,0.003442,5,False
momentum_top,DLF,2019-12-30,2019-12-31,218.9372,2020-01-07,212.8032,MOMENTUM_FAIL,4,-24.5361,19.5778,-44.1139,-0.050263,-0.051078,0.010345,6,False
momentum_top,GPIL,2019-12-30,2019-12-31,53.6667,2020-01-02,62.8646,TARGET,18,165.5629,20.346,145.2169,0.15,0.0,0.208437,3,False
momentum_top,ADANIENSOL,2019-12-30,2019-12-31,334.6,2020-01-21,332.7,TIME,2,-3.8,18.7479,-22.5479,-0.03362,-0.038553,0.095039,16,False
momentum_top,POLYCAB,2019-12-30,2019-12-31,953.5676,2020-01-07,922.6135,MOMENTUM_FAIL,1,-30.9541,19.8934,-50.8474,-0.053207,-0.03725,0.017188,6,False
momentum_top,SCI,2019-12-30,2019-12-31,57.5692,2020-01-07,54.8059,MOMENTUM_FAIL,17,-46.9766,19.9668,-66.9434,-0.068253,-0.0632,0.0304,6,False
momentum_top,AFFLE,2019-12-30,2019-12-31,323.94,2020-01-07,311.82,MOMENTUM_FAIL,3,-36.36,19.9594,-56.3194,-0.057826,-0.064456,0.003149,6,False
momentum_top,NMDC,2019-12-30,2019-12-31,20.7081,2020-01-07,20.7649,MOMENTUM_FAIL,48,2.7243,20.1326,-17.4083,-0.017475,-0.027017,0.030932,6,False
momentum_top,ADANIENT,2019-12-30,2019-12-31,206.6361,2020-01-07,202.0321,MOMENTUM_FAIL,4,-18.4161,19.3825,-37.7986,-0.045631,-0.052468,0.021562,6,False
momentum_top,MOTHERSON,2019-12-30,2019-12-31,38.1487,2020-01-07,37.0109,MOMENTUM_FAIL,26,-29.5832,20.0579,-49.641,-0.049939,-0.060992,0.008713,6,False
momentum_top,LTF,2019-12-30,2019-12-31,102.0818,2020-01-07,99.8907,MOMENTUM_FAIL,9,-19.7203,19.7692,-39.4895,-0.042889,-0.06229,0.02862,6,False
momentum_top,NAM-INDIA,2019-12-30,2019-12-31,298.0169,2020-01-07,281.7307,MOMENTUM_FAIL,3,-48.8586,19.6056,-68.4642,-0.076411,-0.064748,0.007194,6,False
momentum_top,SARDAEN,2019-12-30,2019-12-31,20.099,2020-01-02,23.5374,TARGET,49,168.4823,20.4316,148.0508,0.15,0.0,0.226919,3,False
momentum_top,GPIL,2020-01-06,2020-01-07,59.3998,2020-01-22,55.2418,STOP,16,-66.5277,19.8075,-86.3353,-0.090643,-0.093238,0.065574,12,False
momentum_top,JINDALSTEL,2020-01-06,2020-01-07,166.347,2020-01-28,172.7449,TIME,5,31.9898,19.5071,12.4827,0.014975,-0.02929,0.123077,16,False
momentum_top,AVANTIFEED,2020-01-06,2020-01-07,539.4663,2020-01-15,638.9736,TARGET,1,99.5073,18.4105,81.0968,0.15,-0.002385,0.20954,7,False
momentum_top,ECLERX,2020-01-06,2020-01-07,220.1293,2020-01-14,226.5373,MOMENTUM_FAIL,4,25.6319,19.7001,5.9318,0.006722,-0.003017,0.040724,6,False
momentum_top,SARDAEN,2020-01-06,2020-01-07,23.0178,2020-01-28,22.5859,TIME,43,-18.571,20.0714,-38.6424,-0.038957,-0.022681,0.101031,16,False
momentum_top,HINDCOPPER,2020-01-06,2020-01-07,43.8099,2020-01-28,42.5029,TIME,22,-28.7549,19.9411,-48.696,-0.050414,-0.043094,0.088398,16,False
momentum_top,TMPV,2020-01-06,2020-01-07,182.1814,2020-01-28,171.5622,TIME,5,-53.0956,19.6681,-72.7638,-0.079706,-0.064706,0.07861,16,False
momentum_top,DLF,2020-01-06,2020-01-07,210.4439,2020-01-17,247.0251,TARGET,4,146.3247,19.7823,126.5424,0.15,-0.025561,0.174888,9,False
momentum_top,CUPID,2020-01-06,2020-01-07,1.9012,2020-01-14,2.2261,TARGET,524,170.2434,20.4832,149.7602,0.15,-0.058049,0.202439,6,False
momentum_top,NIACL,2020-01-06,2020-01-07,145.1319,2020-01-28,154.3763,TIME,6,55.4662,19.7198,35.7464,0.040961,-0.059406,0.135314,16,False
momentum_top,MOTHERSON,2020-01-06,2020-01-07,36.5634,2020-01-28,35.5407,TIME,27,-27.6143,20.0422,-47.6565,-0.048169,-0.062937,0.055944,16,False
momentum_top,EIDPARRY,2020-01-06,2020-01-07,218.8712,2020-01-14,221.155,MOMENTUM_FAIL,4,9.1354,19.6453,-10.5099,-0.011978,-0.023913,0.03913,6,False
momentum_top,POLYCAB,2020-01-06,2020-01-07,932.4669,2020-01-20,1092.8366,TARGET,1,160.3697,20.1938,140.1758,0.15,-0.020619,0.175258,10,False
momentum_top,ADANIENSOL,2020-01-06,2020-01-07,328.0,2020-01-14,333.05,MOMENTUM_FAIL,3,15.15,20.1157,-4.9658,-0.005036,-0.018293,0.04878,6,False
momentum_top,NH,2020-01-06,2020-01-07,337.9584,2020-01-28,354.7084,TIME,2,33.5002,18.8522,14.6479,0.021624,-0.031778,0.083236,16,False
momentum_top,ADANIENT,2020-01-06,2020-01-07,198.5667,2020-01-27,232.5103,TARGET,5,169.7184,20.4678,149.2506,0.15,-0.029918,0.179008,15,False
momentum_top,RPOWER,2020-01-06,2020-01-07,3.15,2020-01-09,2.85,GAP_STOP,316,-94.8001,19.94,-114.7401,-0.115019,-0.095238,0.0,3,False
momentum_top,ADANIGREEN,2020-01-13,2020-01-14,199.1,2020-01-16,179.7,GAP_STOP,5,-97.0,19.9359,-116.936,-0.117208,-0.097439,0.0,3,False
momentum_top,PGEL,2020-01-13,2020-01-14,6.7516,2020-01-17,7.9058,TARGET,147,169.6651,20.4662,149.1989,0.15,-0.038462,0.194527,4,False
momentum_top,SAMMAANCAP,2020-01-13,2020-01-14,260.146,2020-01-20,241.9357,STOP,3,-54.6307,19.1141,-73.7448,-0.094285,-0.072753,0.00317,5,False
momentum_top,JINDALSTEL,2020-01-13,2020-01-14,175.6979,2020-01-21,182.8833,MOMENTUM_FAIL,5,35.9271,19.7125,16.2146,0.018417,-0.041177,0.047339,6,False
momentum_top,GPIL,2020-01-13,2020-01-14,60.0814,2020-01-21,57.9391,MOMENTUM_FAIL,16,-34.2766,19.9193,-54.1959,-0.056255,-0.056929,0.028768,6,False
momentum_top,ECLERX,2020-01-13,2020-01-14,225.7737,2020-01-21,222.3041,MOMENTUM_FAIL,4,-13.8784,19.715,-33.5934,-0.037117,-0.044118,0.041176,6,False
momentum_top,JPPOWER,2020-01-13,2020-01-14,1.85,2020-01-21,2.2,TARGET,539,188.65,20.5246,168.1255,0.168238,0.0,0.189189,6,False
momentum_top,CUPID,2020-01-13,2020-01-14,2.1024,2020-02-04,2.1279,TIME,474,12.0889,20.1625,-8.0736,-0.008084,-0.064843,0.15483,16,False
momentum_top,DLF,2020-01-13,2020-01-14,237.9054,2020-01-21,242.6239,MOMENTUM_FAIL,4,18.8739,19.9866,-1.1127,-0.001167,0.0,0.047204,6,False
momentum_top,AVANTIFEED,2020-01-13,2020-01-14,567.9559,2020-01-16,671.8754,TARGET,1,103.9194,18.5398,85.3796,0.15,0.0,0.223301,3,False
momentum_top,TMPV,2020-01-13,2020-01-14,190.6572,2020-01-21,186.468,MOMENTUM_FAIL,5,-20.9461,19.9126,-40.8586,-0.042767,-0.028104,0.030659,6,False
momentum_top,SARDAEN,2020-01-13,2020-01-14,23.35,2020-01-29,21.7155,STOP,42,-68.649,19.9312,-88.5801,-0.090126,-0.085366,0.085366,12,False
momentum_top,TITAGARH,2020-01-13,2020-01-14,59.3876,2020-01-21,57.8431,MOMENTUM_FAIL,16,-24.7116,19.8919,-44.6034,-0.046839,-0.068792,0.031879,6,False
momentum_top,LTF,2020-01-13,2020-01-14,109.5146,2020-01-20,101.8485,STOP,9,-68.9942,19.9513,-88.9455,-0.090045,-0.07807,0.013339,5,False
momentum_top,SAIL,2020-01-13,2020-01-14,42.2735,2020-01-21,41.7289,MOMENTUM_FAIL,23,-12.527,20.0099,-32.5369,-0.033391,-0.015857,0.028741,6,False
momentum_top,EIDPARRY,2020-01-13,2020-01-14,221.8212,2020-01-21,208.5938,MOMENTUM_FAIL,4,-52.9097,19.5688,-72.4785,-0.081507,-0.063277,0.044402,6,False
momentum_top,NH,2020-01-13,2020-01-14,338.3524,2020-02-04,356.679,TIME,2,36.6532,18.862,17.7912,0.026234,-0.010046,0.13279,16,False
momentum_top,ADANIGREEN,2020-01-20,2020-01-21,199.0,2020-01-24,185.07,STOP,5,-69.65,19.9895,-89.6395,-0.089893,-0.082412,0.05,4,False
momentum_top,PGEL,2020-01-20,2020-01-21,7.9601,2020-01-24,7.4029,STOP,125,-69.6511,19.9896,-89.6407,-0.089893,-0.112924,0.066499,4,False
momentum_top,GPIL,2020-01-20,2020-01-21,58.1704,2020-01-22,54.0984,STOP,17,-69.2227,19.9646,-89.1874,-0.089992,-0.074074,0.003767,2,False
momentum_top,JINDALSTEL,2020-01-20,2020-01-21,174.2214,2020-02-03,162.0259,STOP,5,-60.9775,19.484,-80.4615,-0.092165,-0.086441,0.072316,10,False
momentum_top,SARDAEN,2020-01-20,2020-01-21,23.7534,2020-01-28,22.5859,MOMENTUM_FAIL,42,-49.035,20.0427,-69.0777,-0.06909,-0.052947,0.020579,6,False
momentum_top,CUPID,2020-01-20,2020-01-21,2.3232,2020-01-21,2.1605,STOP,429,-69.7645,19.9962,-89.7607,-0.089867,0.0,0.0,1,False
momentum_top,ECLERX,2020-01-20,2020-01-21,220.7934,2020-01-28,222.4369,MOMENTUM_FAIL,4,6.574,19.6725,-13.0985,-0.014799,-0.016541,0.033008,6,False
momentum_top,AVANTIFEED,2020-01-20,2020-01-21,624.4759,2020-02-05,537.6282,GAP_STOP,1,-86.8476,18.39,-105.2376,-0.168154,-0.169684,0.066519,12,False
momentum_top,SAMMAANCAP,2020-01-20,2020-01-21,241.4669,2020-02-03,224.5642,STOP,4,-67.6107,19.8707,-87.4814,-0.090375,-0.145492,0.131147,10,False
momentum_top,NH,2020-01-20,2020-01-21,357.5658,2020-01-28,354.7084,MOMENTUM_FAIL,2,-5.7148,18.938,-24.6527,-0.034398,-0.062414,0.011298,6,False
momentum_top,SAIL,2020-01-20,2020-01-21,42.2316,2020-01-28,39.4246,MOMENTUM_FAIL,23,-64.5627,19.8999,-84.4626,-0.086766,-0.074405,0.021825,6,False
momentum_top,TITAGARH,2020-01-20,2020-01-21,56.0993,2020-01-31,52.1724,STOP,17,-66.7582,19.821,-86.5792,-0.090585,-0.08881,0.064831,9,False
momentum_top,GRAVITA,2020-01-20,2020-01-21,54.5403,2020-02-11,55.8208,TIME,18,23.0491,20.1222,2.9269,0.002975,0.0,0.142609,16,False
momentum_top,DLF,2020-01-20,2020-01-21,243.4733,2020-01-28,243.1429,MOMENTUM_FAIL,4,-1.3212,20.0395,-21.3608,-0.021886,-0.011628,0.03062,6,False
momentum_top,TMPV,2020-01-20,2020-01-21,190.4623,2020-01-27,177.13,STOP,5,-66.6618,19.8154,-86.4772,-0.09061,-0.074936,0.0,5,False
momentum_top,CEMPRO,2020-01-20,2020-01-21,58.5348,2020-02-11,59.5608,TIME,17,17.4431,20.1672,-2.7241,-0.002732,-0.064274,0.156928,16,False
momentum_top,TIINDIA,2020-01-20,2020-01-21,511.4095,2020-01-28,503.8382,MOMENTUM_FAIL,1,-7.5712,18.074,-25.6452,-0.050037,-0.029033,0.02288,6,False
momentum_top,APLAPOLLO,2020-01-20,2020-01-21,188.9524,2020-02-11,200.7043,TIME,5,58.7591,20.0389,38.7203,0.040895,-0.012896,0.153926,16,False
momentum_top,ADANIGREEN,2020-01-27,2020-01-28,191.5,2020-01-30,178.095,STOP,5,-67.025,19.8365,-86.8615,-0.090519,-0.072324,0.0,3,False
momentum_top,BBOX,2020-01-27,2020-01-28,38.8617,2020-01-30,45.8369,TARGET,25,174.3796,20.3874,153.9922,0.158157,0.0,0.193333,3,False
momentum_top,JPPOWER,2020-01-27,2020-01-28,2.0,2020-02-06,1.85,GAP_STOP,498,-74.7,19.9835,-94.6834,-0.094856,-0.075,0.15,8,False
momentum_top,SAMMAANCAP,2020-01-27,2020-01-28,268.0216,2020-02-03,229.509,GAP_STOP,3,-115.5379,19.0899,-134.6277,-0.167069,-0.230154,0.010461,5,False
momentum_top,GPIL,2020-01-27,2020-01-28,55.6994,2020-01-30,51.8005,STOP,17,-66.2823,19.7932,-86.0756,-0.090705,-0.082168,0.0,3,False
momentum_top,JINDALSTEL,2020-01-27,2020-01-28,176.9774,2020-02-03,163.3941,GAP_STOP,5,-67.917,19.5281,-87.4451,-0.098605,-0.100668,0.01168,5,False
momentum_top,AVANTIFEED,2020-01-27,2020-01-28,634.5851,2020-01-31,590.1641,STOP,1,-44.421,18.5191,-62.94,-0.098967,-0.070239,0.0,4,False
momentum_top,ECLERX,2020-01-27,2020-01-28,227.4006,2020-01-30,211.4826,STOP,4,-63.6722,19.6411,-83.3133,-0.091393,-0.091108,0.0,3,False
momentum_top,AUBANK,2020-01-27,2020-01-28,501.9002,2020-02-18,571.1613,TIME,1,69.2611,18.1903,51.0708,0.101533,-0.018618,0.166568,16,False
momentum_top,IIFL,2020-01-27,2020-01-28,160.6996,2020-02-03,143.9659,GAP_STOP,6,-100.402,19.7968,-120.1989,-0.12439,-0.13438,0.006399,5,False
momentum_top,IDEA,2020-01-27,2020-01-28,5.85,2020-01-28,5.4405,STOP,170,-69.615,19.9875,-89.6025,-0.089901,0.0,0.0,1,False
momentum_top,ABREL,2020-01-27,2020-01-28,604.873,2020-02-03,562.5319,STOP,1,-42.3411,18.3978,-60.7389,-0.100197,-0.102416,0.05781,5,False
momentum_top,IRB,2020-01-27,2020-01-28,5.3511,2020-01-30,4.9766,STOP,186,-69.6719,19.9908,-89.6627,-0.089888,-0.07525,0.0,3,False
momentum_top,DIXON,2020-01-27,2020-01-28,865.615,2020-02-18,896.9435,TIME,1,31.3285,19.6488,11.6797,0.013464,-0.056658,0.126258,16,False
momentum_top,GRAVITA,2020-01-27,2020-01-28,56.627,2020-02-18,62.3182,TIME,17,96.7496,20.1918,76.5579,0.079354,-0.031826,0.144054,16,False
momentum_top,APLAPOLLO,2020-01-27,2020-01-28,203.3376,2020-02-03,189.1039,STOP,4,-56.9345,19.2484,-76.1829,-0.093461,-0.082729,0.004156,5,False
momentum_top,DLF,2020-01-27,2020-01-28,241.5859,2020-02-03,217.0498,GAP_STOP,4,-98.1442,19.8105,-117.9547,-0.121797,-0.149023,0.026562,5,False
momentum_top,SARDAEN,2020-01-27,2020-01-28,23.2551,2020-01-29,21.6272,STOP,42,-68.3699,19.9149,-88.2848,-0.090193,-0.081633,0.0,2,False
momentum_top,BHARTIARTL,2020-01-27,2020-01-28,485.5642,2020-02-04,489.8595,MOMENTUM_FAIL,2,8.5908,20.048,-11.4573,-0.011772,-0.066589,0.01604,6,False
momentum_top,ADANIGREEN,2020-02-03,2020-02-04,201.9,2020-02-24,187.767,STOP,4,-56.532,19.2249,-75.7569,-0.0936,-0.082714,0.097821,14,False
momentum_top,JPPOWER,2020-02-03,2020-02-04,2.0,2020-02-06,1.85,GAP_STOP,498,-74.7,19.9835,-94.6834,-0.094856,-0.075,0.0,3,False
momentum_top,DIXON,2020-02-03,2020-02-04,959.9688,2020-02-11,919.9668,MOMENTUM_FAIL,1,-40.002,19.902,-59.904,-0.062266,-0.063268,0.0,6,False
momentum_top,PGEL,2020-02-03,2020-02-04,6.5918,2020-02-06,6.1304,STOP,151,-69.6756,19.991,-89.6666,-0.089888,-0.103788,0.024242,3,False
momentum_top,AUBANK,2020-02-03,2020-02-04,522.7755,2020-02-26,585.9727,TIME,1,63.1972,18.2661,44.9311,0.08576,-0.03109,0.144704,16,False
momentum_top,BSOFT,2020-02-03,2020-02-04,80.2732,2020-02-20,94.0349,TARGET,12,165.1413,20.3337,144.8076,0.15,-0.00507,0.172032,13,False
momentum_top,ABREL,2020-02-03,2020-02-04,551.0578,2020-02-26,544.6291,TIME,1,-6.4287,18.2437,-24.6724,-0.044675,-0.022537,0.106319,16,False
momentum_top,IRB,2020-02-03,2020-02-04,4.8856,2020-02-17,4.5436,STOP,204,-69.7667,19.9963,-89.7631,-0.089867,-0.092901,0.121486,10,False
momentum_top,ECLERX,2020-02-03,2020-02-04,205.1386,2020-02-11,206.4003,MOMENTUM_FAIL,4,5.0466,19.405,-14.3585,-0.01746,-0.019099,0.042243,6,False
momentum_top,GRAVITA,2020-02-03,2020-02-04,56.7219,2020-02-26,52.7513,STOP,17,-67.499,19.8641,-87.3632,-0.090403,-0.088629,0.165552,16,False
momentum_top,BHARTIARTL,2020-02-03,2020-02-04,485.2338,2020-02-26,505.9553,TIME,2,41.4431,20.1121,21.331,0.021932,0.0,0.106712,16,False
momentum_top,IDEA,2020-02-03,2020-02-04,5.35,2020-02-05,4.9755,STOP,186,-69.657,19.9899,-89.6469,-0.089892,-0.074766,0.0,2,False
momentum_top,POLYMED,2020-02-03,2020-02-04,275.7741,2020-02-05,323.8029,TARGET,3,144.0864,19.7167,124.3697,0.15,0.0,0.179715,2,False
momentum_top,COROMANDEL,2020-02-03,2020-02-04,588.8547,2020-02-11,565.3806,MOMENTUM_FAIL,1,-23.4742,18.3686,-41.8428,-0.070903,-0.046416,0.0,6,False
momentum_top,ASAHIINDIA,2020-02-03,2020-02-04,258.1522,2020-02-11,257.4187,MOMENTUM_FAIL,3,-2.2005,19.1956,-21.3961,-0.027567,-0.056639,0.030498,6,False
momentum_top,ADANIGREEN,2020-02-10,2020-02-11,215.9,2020-02-13,200.787,STOP,4,-60.452,19.4534,-79.9054,-0.092324,-0.082909,0.0,3,False
momentum_top,SCHNEIDER,2020-02-10,2020-02-11,112.0,2020-02-11,104.16,STOP,8,-62.72,19.5856,-82.3056,-0.091659,0.0,0.0,1,False
momentum_top,JPPOWER,2020-02-10,2020-02-11,1.9,2020-02-13,1.75,GAP_STOP,525,-78.75,19.9815,-98.7315,-0.098763,-0.078947,0.0,3,False
momentum_top,PGEL,2020-02-10,2020-02-11,6.487,2020-02-18,6.467,MOMENTUM_FAIL,153,-3.0561,20.1146,-23.1707,-0.023295,-0.065435,0.039261,6,False
momentum_top,WELCORP,2020-02-10,2020-02-11,191.2491,2020-02-18,186.6154,MOMENTUM_FAIL,5,-23.1685,19.9205,-43.089,-0.044962,-0.054714,0.027762,6,False
momentum_top,GPIL,2020-02-10,2020-02-11,54.677,2020-02-12,50.8496,STOP,18,-68.893,19.9454,-88.8384,-0.090069,-0.092832,0.0,2,False
momentum_top,IRCTC,2020-02-10,2020-02-11,283.3536,2020-02-11,263.5189,STOP,3,-59.5043,19.3982,-78.9024,-0.092617,0.0,0.0,1,False
momentum_top,SAMMAANCAP,2020-02-10,2020-02-11,270.4957,2020-02-18,251.561,STOP,3,-56.8041,19.2408,-76.0449,-0.093506,-0.089717,0.083689,6,False
momentum_top,IRB,2020-02-10,2020-02-11,5.2557,2020-02-11,4.8878,STOP,189,-69.5331,19.9827,-89.5158,-0.08992,0.0,0.0,1,False
momentum_top,SWANCORP,2020-02-10,2020-02-11,149.4147,2020-02-12,138.9557,STOP,6,-62.7542,19.5876,-82.3418,-0.091649,-0.076051,0.0,2,False
momentum_top,ABREL,2020-02-10,2020-02-11,593.769,2020-02-18,568.2495,MOMENTUM_FAIL,1,-25.5195,18.3852,-43.9047,-0.073781,-0.068241,0.0,6,False
momentum_top,POLYMED,2020-02-10,2020-02-11,310.6629,2020-02-12,288.9165,STOP,3,-65.2392,19.7324,-84.9717,-0.090974,-0.072342,0.00079,2,False
momentum_top,AJANTPHARM,2020-02-10,2020-02-11,871.9236,2020-02-18,810.889,STOP,1,-61.0347,19.4874,-80.522,-0.092148,-0.092527,0.055801,6,False
momentum_top,ECLERX,2020-02-10,2020-02-11,207.7782,2020-02-18,200.0753,MOMENTUM_FAIL,4,-30.8114,19.3766,-50.188,-0.060255,-0.044423,0.035475,6,False
momentum_top,DIXON,2020-02-10,2020-02-11,920.1361,2020-02-17,855.7265,STOP,1,-64.4095,19.6841,-84.0936,-0.091193,-0.071429,0.030303,5,False
momentum_top,AUBANK,2020-02-10,2020-02-11,563.1342,2020-02-18,571.1613,MOMENTUM_FAIL,1,8.0271,18.3242,-10.2971,-0.018245,-0.028244,0.038305,6,False
momentum_top,TRENT,2020-02-10,2020-02-11,696.2052,2020-03-04,679.4586,TIME,1,-16.7465,18.8356,-35.5821,-0.050997,-0.038544,0.148751,16,False
momentum_top,POONAWALLA,2020-02-10,2020-02-11,55.3766,2020-02-14,51.5003,STOP,18,-69.7746,19.9968,-89.7713,-0.089865,-0.074107,0.025,4,False
momentum_top,ADANIGREEN,2020-02-17,2020-02-18,200.8,2020-02-24,186.744,STOP,4,-56.224,19.207,-75.431,-0.093708,-0.077689,0.0,4,False
momentum_top,IRCTC,2020-02-17,2020-02-18,287.1059,2020-02-19,336.8896,TARGET,3,149.3511,19.871,129.4801,0.15,0.0,0.236106,2,False
momentum_top,GRAVITA,2020-02-17,2020-02-18,62.8873,2020-02-25,58.4852,STOP,15,-66.0317,19.7786,-85.8103,-0.090769,-0.160633,0.051282,5,False
momentum_top,PGEL,2020-02-17,2020-02-18,6.1424,2020-02-24,7.1922,TARGET,162,170.0642,20.4779,149.5863,0.15,0.0,0.198374,4,False
momentum_top,WELCORP,2020-02-17,2020-02-18,183.3613,2020-02-26,176.4915,MOMENTUM_FAIL,5,-34.3491,19.7312,-54.0803,-0.058859,-0.081834,0.039931,6,False
momentum_top,JPPOWER,2020-02-17,2020-02-18,1.6,2020-02-24,1.45,GAP_STOP,623,-93.45,19.9487,-113.3986,-0.113515,-0.09375,0.0,4,False
momentum_top,SCHNEIDER,2020-02-17,2020-02-18,102.8,2020-02-28,94.9,GAP_STOP,9,-71.1,19.6918,-90.7919,-0.097918,-0.132296,0.057393,8,False
momentum_top,TRENT,2020-02-17,2020-02-18,746.3955,2020-02-28,694.1478,STOP,1,-52.2477,18.9752,-71.2229,-0.095214,-0.09454,0.071505,8,False
momentum_top,DIXON,2020-02-17,2020-02-18,902.2114,2020-02-24,839.0566,STOP,1,-63.1548,19.6109,-82.7657,-0.091536,-0.099338,0.010817,4,False
momentum_top,PRIVISCL,2020-02-17,2020-02-18,481.5248,2020-02-27,564.0777,TARGET,2,165.1059,20.3326,144.7733,0.15,-0.065803,0.181847,7,False
momentum_top,AUBANK,2020-02-17,2020-02-18,566.5637,2020-02-26,526.9043,STOP,1,-39.6595,18.2415,-57.901,-0.101974,-0.105974,0.056233,6,False
momentum_top,GPIL,2020-02-17,2020-02-18,47.8119,2020-02-25,44.4651,STOP,20,-66.9367,19.8314,-86.7681,-0.090541,-0.090631,0.069501,5,False
momentum_top,IIFL,2020-02-17,2020-02-18,186.7817,2020-02-18,173.707,STOP,5,-65.3736,19.7403,-85.1139,-0.090938,0.0,0.0,1,False
momentum_top,POLYMED,2020-02-17,2020-02-18,286.6186,2020-02-25,336.3268,TARGET,3,149.1247,19.8644,129.2603,0.15,0.0,0.195001,5,False
momentum_top,AEGISLOG,2020-02-17,2020-02-18,232.7682,2020-02-27,216.4745,STOP,4,-65.1751,19.7287,-84.9038,-0.09099,-0.079523,0.061829,7,False
momentum_top,WOCKPHARMA,2020-02-17,2020-02-18,322.3651,2020-02-18,299.7995,STOP,3,-67.6967,19.8757,-87.5723,-0.090354,0.0,0.0,1,False
momentum_top,ESCORTS,2020-02-17,2020-02-18,844.439,2020-02-26,790.7124,MOMENTUM_FAIL,1,-53.7266,19.3862,-73.1128,-0.086393,-0.074143,0.034612,6,False
momentum_top,IRCTC,2020-02-24,2020-02-25,366.3808,2020-02-28,340.7341,STOP,2,-51.2933,18.9196,-70.2129,-0.095611,-0.099829,0.031404,4,False
momentum_top,PGEL,2020-02-24,2020-02-25,7.291,2020-03-02,6.7067,GAP_STOP,136,-79.4615,19.9551,-99.4165,-0.100043,-0.080137,0.108219,5,False
momentum_top,GRAVITA,2020-02-24,2020-02-25,60.7531,2020-02-25,56.5004,STOP,16,-68.0435,19.8959,-87.9394,-0.090271,0.0,0.0,1,False
momentum_top,POLYMED,2020-02-24,2020-02-25,324.9424,2020-02-26,302.1964,STOP,3,-68.2379,19.9072,-88.1451,-0.090224,-0.072788,0.020387,2,False
momentum_top,WELCORP,2020-02-24,2020-02-25,184.446,2020-02-26,171.5348,STOP,5,-64.5561,19.6926,-84.2487,-0.091154,-0.087233,0.0,2,False
momentum_top,TRENT,2020-02-24,2020-02-25,787.1442,2020-02-26,732.0441,STOP,1,-55.1001,19.1415,-74.2416,-0.094112,-0.07197,0.0,2,False
momentum_top,SCHNEIDER,2020-02-24,2020-02-25,103.4,2020-02-28,94.9,GAP_STOP,9,-76.5,19.7036,-96.2036,-0.103153,-0.137331,0.0,4,False
momentum_top,BSOFT,2020-02-24,2020-02-25,93.6256,2020-02-28,87.0718,STOP,10,-65.5379,19.7498,-85.2878,-0.090896,-0.148926,0.0,4,False
momentum_top,AUBANK,2020-02-24,2020-02-25,579.0142,2020-02-26,538.4832,STOP,1,-40.531,18.2923,-58.8233,-0.101371,-0.125198,0.030946,2,False
momentum_top,AJANTPHARM,2020-02-24,2020-02-25,877.1056,2020-03-12,815.7082,STOP,1,-61.3974,19.5085,-80.9059,-0.092041,-0.106272,0.093147,12,False
momentum_top,ADANIGREEN,2020-02-24,2020-02-25,184.75,2020-02-26,171.8175,STOP,5,-64.6625,19.6988,-84.3613,-0.091126,-0.071448,0.0,2,False
momentum_top,AFFLE,2020-02-24,2020-02-25,442.8,2020-02-27,411.804,STOP,2,-61.992,19.5432,-81.5352,-0.091867,-0.086089,0.0,3,False
momentum_top,DEEPAKNTR,2020-02-24,2020-02-25,457.9274,2020-03-12,425.8725,STOP,2,-64.1098,19.6666,-83.7764,-0.091274,-0.174603,0.148148,12,False
momentum_top,JPPOWER,2020-02-24,2020-02-25,1.4,2020-02-27,1.3,GAP_STOP,712,-71.2,19.994,-91.194,-0.091287,-0.071429,0.0,3,False
momentum_top,PRIVISCL,2020-02-24,2020-02-25,470.4557,2020-02-27,551.2944,TARGET,2,161.6774,20.2322,141.4453,0.15,-0.018758,0.209654,3,False
momentum_top,IRCON,2020-02-24,2020-02-25,45.3552,2020-02-26,42.1804,STOP,22,-69.8471,20.001,-89.8481,-0.089848,-0.078178,0.0,2,False
momentum_top,MUTHOOTFIN,2020-02-24,2020-02-25,832.8259,2020-03-02,774.5281,STOP,1,-58.2978,19.3279,-77.6257,-0.093004,-0.088532,0.022562,5,False
momentum_top,BBOX,2020-03-02,2020-03-03,82.7057,2020-03-04,74.1362,GAP_STOP,12,-102.8341,19.9113,-122.7454,-0.123407,-0.10494,0.0,2,False
momentum_top,IRCTC,2020-03-02,2020-03-03,337.1777,2020-03-04,313.5753,STOP,2,-47.2049,18.6813,-65.8862,-0.097489,-0.115593,0.0,2,False
momentum_top,PGEL,2020-03-02,2020-03-03,6.3921,2020-03-05,5.7579,GAP_STOP,156,-98.9373,19.939,-118.8763,-0.118954,-0.099219,0.0,3,False
momentum_top,DEEPAKNTR,2020-03-02,2020-03-03,496.9844,2020-03-09,462.1955,STOP,2,-69.5778,19.9853,-89.5631,-0.08991,-0.096236,0.057917,5,False
momentum_top,TRENT,2020-03-02,2020-03-03,730.444,2020-03-04,679.3129,STOP,1,-51.1311,18.9102,-70.0412,-0.095679,-0.083067,0.002381,2,False
momentum_top,AUBANK,2020-03-02,2020-03-03,577.5231,2020-03-06,537.0965,STOP,1,-40.4266,18.2862,-58.7129,-0.101441,-0.136796,0.022419,4,False
momentum_top,AJANTPHARM,2020-03-02,2020-03-03,881.2325,2020-03-12,819.5462,STOP,1,-61.6863,19.5254,-81.2116,-0.091956,-0.110458,0.088028,7,False
momentum_top,POLYMED,2020-03-02,2020-03-03,289.393,2020-03-09,269.1355,STOP,3,-60.7725,19.4721,-80.2446,-0.092227,-0.077816,0.075085,5,False
momentum_top,ESCORTS,2020-03-02,2020-03-03,814.7342,2020-03-09,757.7028,STOP,1,-57.0314,19.254,-76.2854,-0.093428,-0.108558,0.003752,5,False
momentum_top,PRIVISCL,2020-03-02,2020-03-03,474.6399,2020-03-04,441.4151,STOP,2,-66.4496,19.803,-86.2526,-0.090663,-0.078378,0.030614,2,False
momentum_top,BSOFT,2020-03-02,2020-03-03,83.6596,2020-03-09,77.8034,STOP,11,-64.4179,19.6846,-84.1025,-0.091191,-0.086885,0.090164,5,False
momentum_top,RADICO,2020-03-02,2020-03-03,396.3008,2020-03-06,363.7994,GAP_STOP,2,-65.0028,19.1444,-84.1472,-0.105934,-0.127726,0.000248,4,False
momentum_top,IEX,2020-03-02,2020-03-03,55.246,2020-03-09,51.3788,STOP,18,-69.6099,19.9872,-89.5971,-0.089903,-0.08637,0.041026,5,False
momentum_top,WELCORP,2020-03-02,2020-03-03,155.4752,2020-03-04,144.5919,STOP,6,-65.2996,19.736,-85.0355,-0.090958,-0.084302,0.015698,2,False
momentum_top,GRAVITA,2020-03-02,2020-03-03,49.8925,2020-03-03,46.4,STOP,19,-66.357,19.7976,-86.1546,-0.090686,0.0,0.0,1,False
momentum_top,IPCALAB,2020-03-02,2020-03-03,711.2807,2020-03-12,661.4911,STOP,1,-49.7897,18.832,-68.6216,-0.096266,-0.134182,0.059147,7,False
momentum_top,THANGAMAYL,2020-03-02,2020-03-03,215.6306,2020-03-04,200.5364,STOP,4,-60.3766,19.449,-79.8256,-0.092347,-0.1,0.0,2,False
momentum_top,BBOX,2020-03-09,2020-03-11,60.3154,2020-03-13,54.5061,GAP_STOP,16,-92.9492,19.8156,-112.7648,-0.116594,-0.096316,0.0,3,False
momentum_top,IRCTC,2020-03-09,2020-03-11,233.7099,2020-03-17,217.3502,STOP,4,-65.4388,19.7441,-85.1828,-0.090922,-0.096793,0.034193,5,False
momentum_top,AJANTPHARM,2020-03-09,2020-03-11,869.162,2020-03-12,808.3207,STOP,1,-60.8413,19.4761,-80.3175,-0.092206,-0.098104,0.0,2,False
momentum_top,DEEPAKNTR,2020-03-09,2020-03-11,475.4691,2020-03-12,431.2754,GAP_STOP,2,-88.3873,19.7653,-108.1526,-0.113484,-0.205055,0.0,2,False
momentum_top,SCHNEIDER,2020-03-09,2020-03-11,83.45,2020-03-12,77.6085,STOP,11,-64.2565,19.6752,-83.9317,-0.091234,-0.106052,0.0,2,False
momentum_top,BSOFT,2020-03-09,2020-03-11,79.5452,2020-03-12,73.977,STOP,12,-66.818,19.8245,-86.6424,-0.090571,-0.174138,0.0,2,False
momentum_top,AUBANK,2020-03-09,2020-03-11,528.3421,2020-03-12,474.9363,GAP_STOP,1,-53.4058,18.0522,-71.4579,-0.134954,-0.134525,0.0,2,False
momentum_top,PGEL,2020-03-09,2020-03-11,5.0038,2020-03-13,4.5294,GAP_STOP,199,-94.408,19.9423,-114.3503,-0.114587,-0.09481,0.0,3,False
momentum_top,IPCALAB,2020-03-09,2020-03-11,712.0146,2020-03-12,662.1736,STOP,1,-49.841,18.835,-68.676,-0.096243,-0.135074,0.0,2,False
momentum_top,TRENT,2020-03-09,2020-03-11,660.3762,2020-03-12,614.1499,STOP,1,-46.2263,18.6243,-64.8506,-0.097988,-0.146663,0.0,2,False
momentum_top,ESCORTS,2020-03-09,2020-03-11,739.2782,2020-03-12,659.2853,GAP_STOP,1,-79.9929,18.8887,-98.8816,-0.133462,-0.143346,0.0,2,False
momentum_top,DIXON,2020-03-09,2020-03-11,842.6714,2020-03-12,783.6844,STOP,1,-58.987,19.368,-78.355,-0.092781,-0.084754,0.0,2,False
momentum_top,GRANULES,2020-03-09,2020-03-11,159.2018,2020-03-12,148.0577,STOP,6,-66.8648,19.8272,-86.692,-0.090559,-0.133292,0.01812,2,False
momentum_top,PIDILITIND,2020-03-09,2020-03-11,782.7224,2020-03-13,714.8182,GAP_STOP,1,-67.9042,19.0967,-87.0009,-0.110909,-0.161021,0.032517,3,False
momentum_top,BBOX,2020-03-16,2020-03-17,49.2249,2020-03-19,44.422,GAP_STOP,20,-96.0582,19.8914,-115.9496,-0.117519,-0.097571,0.0,3,False
momentum_top,IRCTC,2020-03-16,2020-03-17,219.4512,2020-03-18,204.0897,STOP,4,-61.4463,19.5114,-80.9577,-0.092026,-0.086198,0.0,2,False
momentum_top,AJANTPHARM,2020-03-16,2020-03-17,781.6283,2020-03-19,726.9144,STOP,1,-54.714,19.119,-73.833,-0.094254,-0.084835,0.048035,3,False
momentum_top,GRANULES,2020-03-16,2020-03-17,151.1831,2020-03-18,140.6003,STOP,6,-63.4969,19.6309,-83.1278,-0.091441,-0.126132,0.000323,2,False
momentum_top,DEEPAKNTR,2020-03-16,2020-03-17,415.8852,2020-03-18,386.7733,STOP,2,-58.2239,19.3236,-77.5475,-0.093028,-0.156471,0.006,2,False
momentum_top,SCHNEIDER,2020-03-16,2020-03-17,72.15,2020-03-17,67.0995,STOP,13,-65.6565,19.7568,-85.4133,-0.090865,0.0,0.0,1,False
momentum_top,AUBANK,2020-03-16,2020-03-17,450.3085,2020-03-17,418.7869,STOP,2,-63.0432,19.6044,-82.6476,-0.091568,0.0,0.0,1,False
momentum_top,IPCALAB,2020-03-16,2020-03-17,649.643,2020-03-19,604.168,STOP,1,-45.475,18.5805,-64.0555,-0.098386,-0.096386,0.028953,3,False
momentum_top,TRENT,2020-03-16,2020-03-17,562.5298,2020-03-17,523.1527,STOP,1,-39.3771,18.2251,-57.6022,-0.102175,0.0,0.0,1,False
momentum_top,COROMANDEL,2020-03-16,2020-03-17,518.7573,2020-03-19,478.7814,GAP_STOP,1,-39.9759,18.039,-58.0149,-0.11159,-0.09086,0.033782,3,False
momentum_top,PIDILITIND,2020-03-16,2020-03-17,714.6728,2020-03-19,664.6457,STOP,1,-50.0271,18.8458,-68.8729,-0.09616,-0.099478,0.083576,3,False
momentum_top,TORNTPHARM,2020-03-16,2020-03-17,894.1914,2020-03-19,827.4817,GAP_STOP,1,-66.7097,19.5698,-86.2796,-0.096278,-0.176891,0.039719,3,False
momentum_top,BBOX,2020-03-23,2020-03-24,41.4724,2020-03-26,48.5602,TARGET,24,170.1063,20.4791,149.6272,0.15,0.0,0.19654,3,False
momentum_top,INDIACEM,2020-03-23,2020-03-24,89.7062,2020-03-24,83.4267,STOP,11,-69.0738,19.9559,-89.0297,-0.090027,0.0,0.0,1,False
momentum_top,AJANTPHARM,2020-03-23,2020-03-24,658.4419,2020-03-25,612.351,STOP,1,-46.0909,18.6164,-64.7073,-0.098059,-0.094251,0.202404,2,True
momentum_top,POLYMED,2020-03-23,2020-03-24,215.4151,2020-03-24,200.336,STOP,4,-60.3162,19.4455,-79.7617,-0.092366,0.0,0.0,1,False
momentum_top,IRCTC,2020-03-23,2020-03-24,164.017,2020-03-26,147.5676,GAP_STOP,6,-98.6959,19.8844,-118.5802,-0.120233,-0.10029,0.0,3,False
momentum_top,TORNTPHARM,2020-03-23,2020-03-24,851.1671,2020-04-07,1004.0188,TARGET,1,152.8517,19.8353,133.0164,0.155934,-0.065239,0.304541,9,False
momentum_top,DRREDDY,2020-03-23,2020-03-24,545.3683,2020-04-07,645.7896,TARGET,1,100.4214,18.4373,81.9841,0.15,-0.019053,0.268632,9,False
momentum_top,COROMANDEL,2020-03-23,2020-03-24,466.6957,2020-03-24,434.027,STOP,2,-65.3374,19.7382,-85.0756,-0.090948,0.0,0.0,1,False
momentum_top,BBOX,2020-03-30,2020-03-31,42.8475,2020-04-13,51.2178,TARGET,23,192.515,20.4832,172.0318,0.174183,-0.00814,0.195349,7,False
momentum_top,INDIACEM,2020-03-30,2020-03-31,103.4085,2020-04-09,101.2398,MOMENTUM_FAIL,9,-19.5185,19.82,-39.3385,-0.042177,-0.046711,0.029075,6,False
momentum_top,AJANTPHARM,2020-03-30,2020-03-31,811.1062,2020-04-09,952.6812,TARGET,1,141.575,19.6431,121.9319,0.15,-0.054935,0.178271,6,False
momentum_top,GRANULES,2020-03-30,2020-03-31,141.3063,2020-04-08,165.4702,TARGET,7,169.147,20.451,148.696,0.15,-0.043599,0.211073,5,False
momentum_top,TORNTPHARM,2020-03-30,2020-03-31,920.3178,2020-04-07,1078.806,TARGET,1,158.4882,20.1387,138.3495,0.15,-0.024095,0.206521,4,False
momentum_top,NESTLEIND,2020-03-30,2020-03-31,737.0333,2020-04-27,834.7744,TIME,1,97.741,19.2411,78.4999,0.106276,-0.053253,0.159061,16,False
momentum_top,DRREDDY,2020-03-30,2020-03-31,583.6397,2020-04-07,689.988,TARGET,1,106.3483,18.6109,87.7374,0.15,-0.008164,0.185443,4,False
momentum_top,COROMANDEL,2020-03-30,2020-03-31,501.4654,2020-04-07,466.3629,STOP,1,-35.1026,17.9759,-53.0785,-0.105616,-0.073229,0.019652,4,False
momentum_top,ZYDUSLIFE,2020-03-30,2020-03-31,248.6131,2020-04-07,291.1054,TARGET,4,169.9691,20.4751,149.494,0.15,0.0,0.236046,4,False
momentum_top,TORNTPOWER,2020-03-30,2020-03-31,243.3393,2020-04-27,266.8882,TIME,4,94.1957,20.2318,73.9639,0.075823,-0.02276,0.126523,16,False
momentum_top,BBOX,2020-04-07,2020-04-08,44.7109,2020-04-17,53.8086,TARGET,22,200.1479,20.4909,179.657,0.182247,0.0,0.217294,6,False
momentum_top,INDIACEM,2020-04-07,2020-04-08,100.5498,2020-05-04,99.4654,TIME,9,-9.7592,19.7312,-29.4904,-0.032517,-0.029412,0.092157,16,False
momentum_top,AJANTPHARM,2020-04-07,2020-04-08,822.7421,2020-05-04,911.8585,TIME,1,89.1164,19.5855,69.5309,0.084327,-0.068301,0.168999,16,False
momentum_top,DRREDDY,2020-04-07,2020-04-08,674.5344,2020-05-04,753.7563,TIME,1,79.2219,18.9395,60.2824,0.089174,0.0,0.161503,16,False
momentum_top,GRANULES,2020-04-07,2020-04-08,151.5743,2020-05-04,158.3217,TIME,6,40.4848,19.8525,20.6323,0.022637,-0.00871,0.167742,16,False
momentum_top,NESTLEIND,2020-04-07,2020-04-08,774.2827,2020-05-04,811.7853,TIME,1,37.5026,19.2757,18.2268,0.023489,-0.01921,0.1033,16,False
momentum_top,DEEPAKNTR,2020-04-07,2020-04-08,430.5146,2020-04-29,505.1678,TARGET,2,149.3064,19.8697,129.4367,0.15,-0.008978,0.21582,14,False
momentum_top,BIOCON,2020-04-07,2020-04-08,318.7689,2020-05-04,353.9186,TIME,3,105.449,20.1827,85.2663,0.088968,0.0,0.140819,16,False
momentum_top,ESCORTS,2020-04-07,2020-04-08,624.3748,2020-04-15,737.0316,TARGET,1,112.6568,18.7958,93.861,0.15,-0.000229,0.212559,4,False
momentum_top,BBOX,2020-04-13,2020-04-15,49.2249,2020-05-05,45.7791,STOP,20,-68.9148,19.9467,-88.8615,-0.090064,-0.082793,0.161943,14,False
momentum_top,ZYDUSLIFE,2020-04-13,2020-04-15,341.6021,2020-04-16,317.6899,STOP,2,-47.8243,18.7174,-66.5417,-0.097184,-0.071509,0.0,2,False
momentum_top,IRCTC,2020-04-13,2020-04-15,233.6051,2020-04-21,273.7732,TARGET,4,160.6722,20.2027,140.4695,0.15,-0.029601,0.21096,5,False
momentum_top,INDIACEM,2020-04-13,2020-04-15,106.1687,2020-04-22,101.782,MOMENTUM_FAIL,9,-39.4806,19.8842,-59.3648,-0.061993,-0.06546,0.005571,6,False
momentum_top,IPCALAB,2020-04-13,2020-04-15,760.1997,2020-04-17,706.9857,STOP,1,-53.214,19.0316,-72.2455,-0.094828,-0.073359,0.003797,3,False
momentum_top,GRANULES,2020-04-13,2020-04-15,171.0833,2020-04-21,156.4638,GAP_STOP,5,-73.0977,19.3931,-92.4908,-0.107888,-0.121749,0.0,5,False
momentum_top,DRREDDY,2020-04-13,2020-04-15,731.9415,2020-05-07,734.3622,TIME,1,2.4207,19.0255,-16.6048,-0.022636,-0.011765,0.070405,16,False
momentum_top,CIPLA,2020-04-13,2020-04-15,576.7947,2020-04-22,560.3339,MOMENTUM_FAIL,1,-16.4608,18.332,-34.7928,-0.060189,-0.056994,0.017454,6,False
momentum_top,DEEPAKNTR,2020-04-13,2020-04-15,455.0273,2020-04-22,447.5414,MOMENTUM_FAIL,2,-14.9719,19.7422,-34.714,-0.038062,-0.048817,0.031183,6,False
momentum_top,NESTLEIND,2020-04-13,2020-04-15,774.6128,2020-05-07,797.1834,TIME,1,22.5706,19.2467,3.3239,0.004282,0.0,0.10283,16,False
momentum_top,LUPIN,2020-04-13,2020-04-15,814.4021,2020-04-16,757.394,STOP,1,-57.0082,19.2527,-76.2608,-0.093436,-0.07182,0.0,2,False
momentum_top,BBOX,2020-04-20,2020-04-21,57.1965,2020-04-22,53.1927,STOP,17,-68.0638,19.8971,-87.9609,-0.090266,-0.093031,0.0,2,False
momentum_top,IRCTC,2020-04-20,2020-04-21,268.5992,2020-04-24,249.7972,STOP,3,-56.4058,19.2176,-75.6234,-0.093644,-0.076028,0.070213,4,False
momentum_top,DRREDDY,2020-04-20,2020-04-21,733.8551,2020-05-13,723.2539,TIME,1,-10.6012,19.0071,-29.6083,-0.040258,-0.02605,0.077497,16,False
momentum_top,ZYDUSLIFE,2020-04-20,2020-04-21,317.7525,2020-04-28,314.0908,MOMENTUM_FAIL,3,-10.9852,19.9327,-30.9179,-0.032363,-0.017437,0.043215,6,False
momentum_top,BIOCON,2020-04-20,2020-04-21,345.7615,2020-05-13,333.4517,TIME,2,-24.6197,18.7998,-43.4195,-0.062651,-0.04461,0.05133,16,False
momentum_top,CIPLA,2020-04-20,2020-04-21,551.5549,2020-05-13,544.1118,TIME,1,-7.4431,18.2438,-25.6869,-0.04647,-0.020415,0.09455,16,False
momentum_top,IPCALAB,2020-04-20,2020-04-21,723.9996,2020-05-13,750.8562,TIME,1,26.8566,19.0417,7.8148,0.01077,0.0,0.141892,16,False
momentum_top,INDIACEM,2020-04-20,2020-04-21,101.1412,2020-04-28,99.3668,MOMENTUM_FAIL,9,-15.9697,19.7411,-35.7107,-0.039145,-0.034113,0.032164,6,False
momentum_top,DEEPAKNTR,2020-04-20,2020-04-21,439.9087,2020-04-29,516.0167,TARGET,2,152.2161,19.9549,132.2611,0.15,-0.009565,0.189857,7,False
momentum_top,GRANULES,2020-04-20,2020-04-21,156.4638,2020-05-13,152.7966,TIME,6,-22.0028,19.8492,-41.852,-0.044484,-0.036875,0.100625,16,False
momentum_top,AJANTPHARM,2020-04-20,2020-04-21,806.7622,2020-04-28,949.4969,TARGET,1,142.7348,19.6272,123.1076,0.152262,-0.012923,0.192154,6,False
momentum_top,AUROPHARMA,2020-04-20,2020-04-21,513.1445,2020-04-21,608.5755,TARGET,1,95.431,18.291,77.14,0.15,0.0,0.0,1,False
momentum_top,IPCALAB,2020-04-27,2020-04-28,818.4131,2020-05-06,758.194,MOMENTUM_FAIL,1,-60.2191,19.2631,-79.4822,-0.096906,-0.078243,0.0,6,False
momentum_top,CIPLA,2020-04-27,2020-04-28,588.5797,2020-05-06,564.6758,MOMENTUM_FAIL,1,-23.9039,18.3666,-42.2705,-0.071661,-0.05869,0.010133,6,False
momentum_top,DRREDDY,2020-04-27,2020-04-28,771.1698,2020-05-06,737.2039,MOMENTUM_FAIL,1,-33.9659,19.1171,-53.083,-0.068684,-0.055819,0.015819,6,False
momentum_top,AJANTPHARM,2020-04-27,2020-04-28,949.4969,2020-05-06,899.1984,MOMENTUM_FAIL,1,-50.2986,19.8368,-70.1353,-0.073705,-0.064575,0.006438,6,False
momentum_top,IRCTC,2020-04-27,2020-04-28,243.8347,2020-05-07,226.7663,STOP,4,-68.2737,19.9093,-88.183,-0.090215,-0.070312,0.065625,7,False
momentum_top,AUROPHARMA,2020-04-27,2020-04-28,617.4163,2020-05-20,683.8061,TIME,1,66.3898,18.6722,47.7176,0.077117,-0.056191,0.114415,16,False
momentum_top,LAURUSLABS,2020-04-27,2020-04-28,103.5776,2020-05-04,96.3271,STOP,9,-65.2539,19.7333,-84.9872,-0.09097,-0.089639,0.007737,4,False
momentum_top,ZYDUSLIFE,2020-04-27,2020-04-28,322.9079,2020-05-06,315.0063,MOMENTUM_FAIL,3,-23.7049,19.9721,-43.677,-0.044989,-0.044464,0.022083,6,False
momentum_top,BIOCON,2020-04-27,2020-04-28,361.8285,2020-05-06,349.2715,MOMENTUM_FAIL,2,-25.1139,18.9345,-44.0484,-0.060736,-0.056292,0.002596,6,False
momentum_top,CAPLIPOINT,2020-04-27,2020-04-28,346.3699,2020-05-05,322.124,STOP,2,-48.4918,18.7563,-67.2481,-0.096864,-0.07493,0.061972,5,False
momentum_top,DEEPAKNTR,2020-04-27,2020-04-28,479.589,2020-05-20,494.7566,TIME,2,30.3352,20.0419,10.2933,0.010708,-0.044583,0.158335,16,False
momentum_top,LUPIN,2020-04-27,2020-04-28,864.3929,2020-04-30,803.8854,STOP,1,-60.5075,19.4567,-79.9642,-0.092307,-0.098278,0.0,3,False
momentum_top,BBOX,2020-04-27,2020-04-28,48.9259,2020-05-05,45.5011,STOP,20,-68.4963,19.9223,-88.4186,-0.090163,-0.077189,0.038697,5,False
momentum_top,AARTIIND,2020-04-27,2020-04-28,512.7263,2020-05-20,491.3586,TIME,1,-21.3677,18.0515,-39.4191,-0.076714,-0.059856,0.14067,16,False
momentum_top,CIPLA,2020-05-04,2020-05-05,594.5437,2020-05-12,544.0641,MOMENTUM_FAIL,1,-50.4795,18.3376,-68.8172,-0.115495,-0.091244,0.0,6,False
momentum_top,AUROPHARMA,2020-05-04,2020-05-05,641.624,2020-05-12,667.6677,MOMENTUM_FAIL,1,26.0437,18.6923,7.3515,0.011433,-0.05633,0.046765,6,False
momentum_top,AJANTPHARM,2020-05-04,2020-05-05,915.9854,2020-05-12,894.0475,MOMENTUM_FAIL,1,-21.9378,19.753,-41.6909,-0.045415,-0.031165,0.028455,6,False
momentum_top,IPCALAB,2020-05-04,2020-05-05,794.932,2020-05-07,739.2868,STOP,1,-55.6452,19.1733,-74.8185,-0.093914,-0.070154,0.0,3,False
momentum_top,DRREDDY,2020-05-04,2020-05-05,761.602,2020-05-12,722.0675,MOMENTUM_FAIL,1,-39.5345,19.0653,-58.5998,-0.076775,-0.05549,0.038241,6,False
momentum_top,ZYDUSLIFE,2020-05-04,2020-05-05,323.7751,2020-05-12,311.9227,MOMENTUM_FAIL,3,-35.5574,19.959,-55.5163,-0.057031,-0.053571,0.0,6,False
momentum_top,DEEPAKNTR,2020-05-04,2020-05-05,482.329,2020-05-27,489.3257,TIME,2,13.9933,20.0317,-6.0384,-0.006246,-0.022824,0.151755,16,False
momentum_top,RPOWER,2020-05-04,2020-05-05,2.1,2020-05-07,1.9,GAP_STOP,475,-95.0,19.9485,-114.9484,-0.114985,-0.095238,0.0,3,False
momentum_top,BIOCON,2020-05-04,2020-05-05,362.7678,2020-05-12,339.5818,MOMENTUM_FAIL,2,-46.3718,18.8991,-65.2709,-0.089766,-0.079722,0.0,6,False
momentum_top,INDIACEM,2020-05-04,2020-05-05,100.2048,2020-05-12,97.8389,MOMENTUM_FAIL,9,-21.2929,19.6946,-40.9876,-0.04535,-0.045745,0.017216,6,False
momentum_top,CAPLIPOINT,2020-05-04,2020-05-05,329.8808,2020-05-12,315.8308,MOMENTUM_FAIL,3,-42.1498,20.0229,-62.1727,-0.062686,-0.079562,0.0,6,False
momentum_top,ADANIGREEN,2020-05-04,2020-05-05,215.0,2020-05-27,242.6,TIME,4,110.4,19.7861,90.6139,0.105135,-0.045116,0.136512,16,False
momentum_top,IRCTC,2020-05-04,2020-05-05,248.5971,2020-05-06,231.1953,STOP,4,-69.6072,19.987,-89.5942,-0.089903,-0.078736,0.0,2,False
momentum_top,CIPLA,2020-05-11,2020-05-12,560.1432,2020-05-19,567.7293,MOMENTUM_FAIL,1,7.5861,18.3106,-10.7245,-0.019104,-0.036457,0.037138,6,False
momentum_top,DEEPAKNTR,2020-05-11,2020-05-12,505.9121,2020-05-19,492.6038,MOMENTUM_FAIL,1,-13.3083,18.0391,-31.3474,-0.061827,-0.046228,0.023211,6,False
momentum_top,AUROPHARMA,2020-05-11,2020-05-12,641.6239,2020-06-03,725.1669,TIME,1,83.543,18.8093,64.7337,0.10067,-0.014083,0.142706,16,False
momentum_top,INDIACEM,2020-05-11,2020-05-12,98.2332,2020-05-15,115.0424,TARGET,10,168.092,20.4201,147.6719,0.15,0.0,0.192173,4,False
momentum_top,IPCALAB,2020-05-11,2020-05-12,763.3793,2020-05-19,767.0972,MOMENTUM_FAIL,1,3.7178,19.1609,-15.4431,-0.020186,-0.026049,0.037488,6,False
momentum_top,DRREDDY,2020-05-11,2020-05-12,739.2514,2020-05-19,707.9454,MOMENTUM_FAIL,1,-31.306,18.9877,-50.2937,-0.067885,-0.064545,0.0,6,False
momentum_top,ZYDUSLIFE,2020-05-11,2020-05-12,314.0908,2020-06-03,340.9275,TIME,3,80.5101,20.0726,60.4374,0.064,-0.01488,0.118269,16,False
momentum_top,BIOCON,2020-05-11,2020-05-12,350.013,2020-05-15,321.3397,GAP_STOP,2,-57.3467,18.7691,-76.1158,-0.108496,-0.094068,0.0,4,False
momentum_top,LUPIN,2020-05-11,2020-05-12,816.371,2020-05-19,807.1028,MOMENTUM_FAIL,1,-9.2682,19.3582,-28.6264,-0.034989,-0.025059,0.023529,6,False
momentum_top,SUZLON,2020-05-11,2020-05-12,2.3874,2020-05-19,2.3874,MOMENTUM_FAIL,417,0.0,20.1336,-20.1336,-0.02018,-0.038462,0.019231,6,False
momentum_top,AJANTPHARM,2020-05-11,2020-05-12,918.7469,2020-05-19,854.4346,STOP,1,-64.3123,19.6784,-83.9907,-0.091219,-0.084468,0.067243,6,False
momentum_top,MUTHOOTFIN,2020-05-11,2020-05-12,752.7294,2020-05-19,714.6355,MOMENTUM_FAIL,1,-38.0939,19.0308,-57.1247,-0.075725,-0.069745,0.026731,6,False
momentum_top,ADANIGREEN,2020-05-11,2020-05-12,222.0,2020-06-01,260.3708,TARGET,4,153.4833,19.9921,133.4912,0.15,-0.01464,0.175676,14,False
momentum_top,RPOWER,2020-05-11,2020-05-12,1.75,2020-06-03,2.1,TARGET,570,199.4999,20.5481,178.9518,0.179009,-0.028571,0.2,16,False
momentum_top,INDIACEM,2020-05-18,2020-05-19,116.273,2020-05-26,136.275,TARGET,8,160.0161,20.1835,139.8327,0.15,-0.011446,0.186944,5,False
momentum_top,CIPLA,2020-05-18,2020-05-19,572.5482,2020-06-10,613.5333,TIME,1,40.9851,18.431,22.5541,0.039306,-0.007667,0.11625,16,False
momentum_top,AUROPHARMA,2020-05-18,2020-05-19,651.2877,2020-06-10,768.1124,TARGET,1,116.8246,18.9179,97.9067,0.15,-0.023518,0.186438,16,False
momentum_top,ZYDUSLIFE,2020-05-18,2020-05-19,314.1872,2020-06-10,355.7673,TIME,3,124.7402,20.1639,104.5763,0.110707,-0.002914,0.138782,16,False
momentum_top,LUPIN,2020-05-18,2020-05-19,829.337,2020-06-10,891.6213,TIME,1,62.2844,19.5587,42.7257,0.051406,-0.026636,0.085061,16,False
momentum_top,DEEPAKNTR,2020-05-18,2020-05-19,497.1052,2020-05-27,489.3257,MOMENTUM_FAIL,2,-15.559,20.0963,-35.6554,-0.035785,-0.05187,0.031496,6,False
momentum_top,ADANIGREEN,2020-05-18,2020-05-19,230.0,2020-06-02,269.6097,TARGET,4,158.439,20.1373,138.3017,0.15,-0.013043,0.190217,10,False
momentum_top,IPCALAB,2020-05-18,2020-05-19,787.5942,2020-05-27,757.3135,MOMENTUM_FAIL,1,-30.2807,19.1939,-49.4746,-0.06268,-0.041615,0.029627,6,False
momentum_top,TATACOMM,2020-05-18,2020-05-19,415.5445,2020-06-10,430.5381,TIME,2,29.9872,19.5003,10.4869,0.012591,-0.006309,0.148644,16,False
momentum_top,DRREDDY,2020-05-18,2020-05-19,708.0507,2020-06-10,786.9568,TIME,1,78.9061,19.0804,59.8257,0.084309,-0.001892,0.132386,16,False
momentum_top,SUZLON,2020-05-18,2020-05-19,2.3414,2020-06-02,2.7415,TARGET,426,170.4342,20.4888,149.9454,0.15,0.0,0.176471,10,False
momentum_top,BIOCON,2020-05-18,2020-05-19,330.2383,2020-06-02,386.7017,TARGET,3,169.3903,20.4582,148.9321,0.15,-0.0,0.185629,10,False
momentum_top,SYNGENE,2020-05-18,2020-05-19,336.1398,2020-06-10,357.1299,TIME,2,41.9803,18.8541,23.1262,0.034325,0.0,0.148601,16,False
momentum_top,MUTHOOTFIN,2020-05-18,2020-05-19,718.9799,2020-06-03,846.2878,TARGET,1,127.3079,19.2251,108.0828,0.15,-0.011576,0.195077,11,False
momentum_top,SUNPHARMA,2020-05-18,2020-05-19,416.8598,2020-06-10,468.8498,TIME,2,103.98,19.6621,84.318,0.100914,-0.014759,0.15525,16,False
momentum_top,PATANJALI,2020-05-26,2020-05-27,167.9334,2020-06-02,204.0692,TARGET,5,180.6788,19.8434,160.8355,0.191129,-0.049923,0.215275,5,False
momentum_top,INDIACEM,2020-05-26,2020-05-27,132.8341,2020-05-29,123.5357,STOP,7,-65.0887,19.7237,-84.8124,-0.091013,-0.082004,0.0,3,False
momentum_top,CIPLA,2020-05-26,2020-05-27,601.1757,2020-06-03,611.8633,MOMENTUM_FAIL,1,10.6876,18.4902,-7.8026,-0.012951,-0.00627,0.045476,6,False
momentum_top,TATACOMM,2020-05-26,2020-05-27,474.6452,2020-05-29,441.42,STOP,2,-66.4503,19.803,-86.2533,-0.090663,-0.077713,0.0,3,False
momentum_top,LUPIN,2020-05-26,2020-05-27,870.1556,2020-05-29,809.2447,STOP,1,-60.9109,19.4802,-80.3911,-0.092185,-0.072296,0.0,3,False
momentum_top,IDEA,2020-05-26,2020-05-27,5.65,2020-05-29,6.6157,TARGET,176,169.961,20.4749,149.4861,0.15,0.0,0.380531,3,False
momentum_top,ADANIGREEN,2020-05-26,2020-05-27,240.0,2020-06-03,287.4,TARGET,4,189.6,20.3696,169.2304,0.175897,0.0,0.1975,6,False
momentum_top,ZYDUSLIFE,2020-05-26,2020-05-27,327.4369,2020-06-17,351.2383,TIME,3,71.4041,20.2232,51.1809,0.051989,-0.018982,0.1289,16,False
momentum_top,AUROPHARMA,2020-05-26,2020-05-27,695.596,2020-06-17,762.4207,TIME,1,66.8247,19.0032,47.8215,0.068599,-0.018755,0.118991,16,False
momentum_top,DRREDDY,2020-05-26,2020-05-27,739.5479,2020-06-17,762.597,TIME,1,23.0491,19.0996,3.9495,0.005329,-0.005757,0.084158,16,False
momentum_top,SYNGENE,2020-05-26,2020-05-27,349.5061,2020-06-17,364.6547,TIME,2,30.2972,18.9432,11.354,0.016207,-0.036261,0.104674,16,False
momentum_top,BIOCON,2020-05-26,2020-05-27,353.968,2020-06-17,391.6389,TIME,2,75.3419,19.0726,56.2693,0.07931,-0.043156,0.118715,16,False
momentum_top,SUNPHARMA,2020-05-26,2020-05-27,436.6789,2020-06-03,447.246,MOMENTUM_FAIL,2,21.1341,19.6607,1.4734,0.001683,-0.04345,0.040439,6,False
momentum_top,IPCALAB,2020-05-26,2020-05-27,791.9725,2020-05-29,736.5344,STOP,1,-55.4381,19.1612,-74.5993,-0.093989,-0.090954,0.0,3,False
momentum_top,SUZLON,2020-05-26,2020-05-27,2.5251,2020-06-04,3.0301,TARGET,395,199.4821,20.5477,178.9344,0.179008,0.0,0.2,7,False
momentum_top,GLENMARK,2020-05-26,2020-05-27,342.5837,2020-06-05,403.6194,TARGET,2,122.0714,19.0717,102.9998,0.15,-0.026788,0.179681,8,False
momentum_top,FACT,2020-05-26,2020-05-27,39.4199,2020-06-11,46.1632,TARGET,25,168.5824,20.4345,148.1479,0.15,0.0,0.195954,12,False
momentum_top,IDEA,2020-06-01,2020-06-02,6.65,2020-06-02,7.7863,TARGET,150,170.4411,20.489,149.9521,0.15,0.0,0.0,1,False
momentum_top,CIPLA,2020-06-01,2020-06-02,615.394,2020-06-09,610.7659,MOMENTUM_FAIL,1,-4.628,18.519,-23.1471,-0.037531,-0.018375,0.038533,6,False
momentum_top,AUROPHARMA,2020-06-01,2020-06-02,704.4866,2020-06-23,777.2545,TIME,1,72.7679,19.0528,53.7151,0.076081,-0.000274,0.12037,16,False
momentum_top,ZYDUSLIFE,2020-06-01,2020-06-02,338.133,2020-06-23,353.6955,TIME,2,31.125,18.8489,12.2761,0.018113,0.0,0.093189,16,False
momentum_top,BIOCON,2020-06-01,2020-06-02,384.6189,2020-06-09,377.3517,MOMENTUM_FAIL,2,-14.5344,19.1485,-33.6829,-0.043692,-0.028278,0.029563,6,False
momentum_top,DRREDDY,2020-06-01,2020-06-02,762.5587,2020-06-09,789.1191,MOMENTUM_FAIL,1,26.5603,19.204,7.3564,0.009626,-0.018507,0.039398,6,False
momentum_top,LUPIN,2020-06-01,2020-06-02,820.1168,2020-06-23,900.7935,TIME,1,80.6767,19.5572,61.1195,0.074363,0.0,0.119569,16,False
momentum_top,INDIACEM,2020-06-01,2020-06-02,125.5394,2020-06-23,129.8275,TIME,7,30.0169,19.7017,10.3152,0.011713,-0.041618,0.095799,16,False
momentum_top,GLENMARK,2020-06-01,2020-06-02,364.1599,2020-06-22,439.5791,TARGET,2,150.8383,19.3124,131.5258,0.180194,-0.005362,0.536327,15,False
momentum_top,TATACOMM,2020-06-01,2020-06-02,440.6106,2020-06-09,427.9626,MOMENTUM_FAIL,2,-25.296,19.5994,-44.8954,-0.050836,-0.035386,0.015136,6,False
momentum_top,SUNPHARMA,2020-06-01,2020-06-02,441.4694,2020-06-23,470.0709,TIME,2,57.2031,19.7746,37.4285,0.042298,-0.031915,0.090851,16,False
momentum_top,ESCORTS,2020-06-01,2020-06-02,928.7779,2020-06-09,902.0817,MOMENTUM_FAIL,1,-26.6962,19.7974,-46.4936,-0.04995,-0.034708,0.032137,6,False
momentum_top,SYNGENE,2020-06-01,2020-06-02,354.1597,2020-06-23,416.9881,TARGET,2,125.6569,19.1767,106.4802,0.15,-0.031591,0.185351,16,False
momentum_top,DEEPAKFERT,2020-06-01,2020-06-02,94.4786,2020-06-09,94.4786,MOMENTUM_FAIL,10,-0.0001,19.9193,-19.9194,-0.021037,-0.04717,0.032547,6,False
momentum_top,IDEA,2020-06-08,2020-06-09,12.35,2020-06-09,11.4855,STOP,80,-69.16,19.961,-89.121,-0.090007,0.0,0.0,1,False
momentum_top,LTFOODS,2020-06-08,2020-06-09,33.7992,2020-06-12,29.1453,GAP_STOP,29,-134.9617,19.7939,-154.7556,-0.157541,-0.137691,0.05007,4,False
momentum_top,CIPLA,2020-06-08,2020-06-09,609.6686,2020-06-16,608.6189,MOMENTUM_FAIL,1,-1.0497,18.5022,-19.5518,-0.032,-0.035373,0.022852,6,False
momentum_top,AUROPHARMA,2020-06-08,2020-06-09,729.6123,2020-06-30,745.7507,TIME,1,16.1384,19.0436,-2.9053,-0.003973,0.0,0.085761,16,False
momentum_top,INDIACEM,2020-06-08,2020-06-09,130.6161,2020-06-12,121.2512,GAP_STOP,7,-65.5546,19.6572,-85.2118,-0.092994,-0.078868,0.01434,4,False
momentum_top,FACT,2020-06-08,2020-06-09,43.2573,2020-06-25,50.6503,TARGET,23,170.041,20.4772,149.5638,0.15,-0.029954,0.254608,13,False
momentum_top,GLENMARK,2020-06-08,2020-06-09,391.1058,2020-06-12,362.2073,GAP_STOP,2,-57.7971,19.1152,-76.9123,-0.098112,-0.073889,0.016974,4,False
momentum_top,TATACOMM,2020-06-08,2020-06-09,435.2294,2020-06-16,514.4749,TARGET,2,158.4909,19.9282,138.5627,0.158836,-0.055374,0.240938,6,False
momentum_top,ZYDUSLIFE,2020-06-08,2020-06-09,341.1203,2020-06-30,340.253,TIME,2,-1.7345,18.8072,-20.5417,-0.030044,-0.006073,0.083616,16,False
momentum_top,IFCI,2020-06-08,2020-06-09,7.4,2020-06-09,6.882,STOP,134,-69.412,19.9756,-89.3876,-0.089948,0.0,0.0,1,False
momentum_top,LUPIN,2020-06-08,2020-06-09,864.2969,2020-06-30,875.726,TIME,1,11.4291,19.6027,-8.1736,-0.009436,0.0,0.06234,16,False
momentum_top,TRIDENT,2020-06-08,2020-06-09,6.1721,2020-06-09,5.7401,STOP,161,-69.5601,19.9843,-89.5444,-0.089914,0.0,0.0,1,False
momentum_top,IDBI,2020-06-08,2020-06-09,35.4894,2020-06-10,32.8868,GAP_STOP,28,-72.8715,19.9775,-92.849,-0.093234,-0.101333,0.0,2,False
momentum_top,DRREDDY,2020-06-08,2020-06-09,752.034,2020-06-30,754.8948,TIME,1,2.8608,19.1113,-16.2504,-0.021562,-0.001145,0.066158,16,False
momentum_top,LTFOODS,2020-06-15,2020-06-16,34.0342,2020-06-18,39.8554,TARGET,29,168.8138,20.4413,148.3725,0.15,-0.031768,0.240331,3,False
momentum_top,SUZLON,2020-06-15,2020-06-16,3.7647,2020-06-18,3.4433,GAP_STOP,265,-85.1644,19.9691,-105.1335,-0.105152,-0.085366,0.0,3,False
momentum_top,GLENMARK,2020-06-15,2020-06-16,388.5674,2020-06-22,456.7245,TARGET,2,136.3141,19.489,116.8251,0.15,-0.012312,0.439824,5,False
momentum_top,AUROPHARMA,2020-06-15,2020-06-16,753.4817,2020-06-23,777.2545,MOMENTUM_FAIL,1,23.7727,19.1599,4.6128,0.006109,-0.013146,0.047518,6,False
momentum_top,IDEA,2020-06-15,2020-06-16,10.3,2020-06-16,9.579,STOP,96,-69.216,19.9642,-89.1802,-0.089994,0.0,0.0,1,False
momentum_top,IFCI,2020-06-15,2020-06-16,7.05,2020-06-16,6.5565,STOP,141,-69.5835,19.9856,-89.5691,-0.089909,0.0,0.0,1,False
momentum_top,LUPIN,2020-06-15,2020-06-16,906.2679,2020-06-23,900.7935,MOMENTUM_FAIL,1,-5.4744,19.7455,-25.2199,-0.027768,-0.033171,0.006783,6,False
momentum_top,ITI,2020-06-15,2020-06-16,83.25,2020-06-18,101.0,TARGET,11,195.25,20.1943,175.0557,0.190744,-0.01021,0.305105,3,False
momentum_top,CIPLA,2020-06-15,2020-06-16,615.0124,2020-07-07,607.426,TIME,1,-7.5863,18.5114,-26.0978,-0.042342,-0.036385,0.074476,16,False
momentum_top,TRIDENT,2020-06-15,2020-06-16,6.4444,2020-06-16,5.9933,STOP,154,-69.4712,19.9791,-89.4502,-0.089935,0.0,0.0,1,False
momentum_top,ZYDUSLIFE,2020-06-15,2020-06-16,352.6836,2020-06-23,353.6955,MOMENTUM_FAIL,2,2.0237,18.9125,-16.8888,-0.023891,-0.02582,0.015847,6,False
momentum_top,TTML,2020-06-15,2020-06-16,3.6,2020-06-23,4.25,TARGET,277,180.05,20.5073,159.5428,0.159642,-0.055556,0.180556,6,False
momentum_top,AVANTIFEED,2020-06-15,2020-06-16,444.4623,2020-06-23,441.0215,MOMENTUM_FAIL,2,-6.8815,19.6694,-26.5509,-0.029803,-0.053876,0.007218,6,False
momentum_top,IDEA,2020-06-22,2020-06-23,10.1,2020-06-25,9.393,STOP,98,-69.286,19.9683,-89.2543,-0.089977,-0.084158,0.029703,3,False
momentum_top,TATACOMM,2020-06-22,2020-06-23,538.1152,2020-07-14,643.2546,TARGET,1,105.1394,18.4163,86.7231,0.160809,-0.031282,0.195384,16,False
momentum_top,LTFOODS,2020-06-22,2020-06-23,37.5599,2020-07-06,43.9905,TARGET,26,167.1976,20.3939,146.8037,0.15,-0.041302,0.196496,10,False
momentum_top,INTELLECT,2020-06-22,2020-06-23,114.8311,2020-06-24,106.793,STOP,8,-64.3054,19.678,-83.9835,-0.091221,-0.090331,0.0,2,False
momentum_top,AUROPHARMA,2020-06-22,2020-06-23,763.9185,2020-06-30,745.7507,MOMENTUM_FAIL,1,-18.1678,19.1186,-37.2865,-0.048703,-0.034662,0.037002,6,False
momentum_top,EIDPARRY,2020-06-22,2020-06-23,264.2632,2020-07-08,245.7647,STOP,3,-55.4953,19.1645,-74.6598,-0.093968,-0.07328,0.065178,12,False
momentum_top,COHANCE,2020-06-22,2020-06-23,238.6962,2020-06-25,221.9875,STOP,4,-66.8349,19.8254,-86.6604,-0.090566,-0.089796,0.087551,3,False
momentum_top,TRIDENT,2020-06-22,2020-06-23,6.3537,2020-06-25,5.9089,STOP,157,-69.827,19.9998,-89.8268,-0.089853,-0.071429,0.0,3,False
momentum_top,INOXWIND,2020-06-22,2020-06-23,9.9375,2020-07-13,9.2419,STOP,100,-69.5625,19.9844,-89.5469,-0.089914,-0.086792,0.100629,15,False
momentum_top,GABRIEL,2020-06-22,2020-06-23,90.021,2020-06-25,83.7195,STOP,11,-69.3161,19.9701,-89.2862,-0.08997,-0.204391,0.005227,3,False
momentum_top,PATANJALI,2020-06-29,2020-06-30,443.111,2020-07-02,399.9161,GAP_STOP,2,-86.3898,19.4961,-105.8859,-0.119219,-0.097481,0.0,3,False
momentum_top,JPPOWER,2020-06-29,2020-06-30,1.95,2020-07-06,2.2832,TARGET,511,170.2785,20.4842,149.7943,0.15,0.0,0.179487,5,False
momentum_top,TATACOMM,2020-06-29,2020-06-30,575.7833,2020-07-07,579.9686,MOMENTUM_FAIL,1,4.1853,18.3697,-14.1844,-0.024581,-0.037623,0.018452,6,False
momentum_top,TARIL,2020-06-29,2020-06-30,6.9648,2020-06-30,6.4772,STOP,143,-69.7173,19.9934,-89.7107,-0.089878,0.0,0.0,1,False
momentum_top,LTFOODS,2020-06-29,2020-06-30,40.4274,2020-07-21,40.1924,TIME,24,-5.6409,20.0154,-25.6563,-0.026385,-0.062791,0.111628,16,False
momentum_top,ADANIGREEN,2020-06-29,2020-06-30,358.85,2020-07-02,323.95,GAP_STOP,2,-69.8,18.8183,-88.6183,-0.123206,-0.097255,0.0,3,False
momentum_top,GLENMARK,2020-06-29,2020-06-30,451.0506,2020-07-01,419.4771,STOP,2,-63.1471,19.6105,-82.7576,-0.091539,-0.082468,0.0,2,False
momentum_top,EIDPARRY,2020-06-29,2020-06-30,274.9688,2020-07-01,255.721,STOP,3,-57.7435,19.2955,-77.039,-0.093187,-0.079079,0.0,2,False
momentum_top,INOXWIND,2020-06-29,2020-06-30,9.9625,2020-07-07,9.6875,MOMENTUM_FAIL,100,-27.5,20.0806,-47.5806,-0.047655,-0.043915,0.043915,6,False
momentum_top,COHANCE,2020-06-29,2020-06-30,228.9535,2020-07-13,268.4012,TARGET,4,157.7907,20.1183,137.6724,0.15,-0.00617,0.192553,10,False
momentum_top,INTELLECT,2020-06-29,2020-06-30,111.0327,2020-07-03,103.2604,STOP,8,-62.1783,19.554,-81.7323,-0.091813,-0.078947,0.0,4,False
momentum_top,TTML,2020-06-29,2020-06-30,4.15,2020-07-01,3.8595,STOP,240,-69.72,19.9936,-89.7136,-0.089877,-0.084337,0.0,2,False
momentum_top,NEULANDLAB,2020-06-29,2020-06-30,544.9658,2020-07-06,506.8182,STOP,1,-38.1476,18.1534,-56.301,-0.103086,-0.078974,0.057197,5,False
momentum_top,ZENTEC,2020-06-29,2020-06-30,49.5016,2020-07-14,57.9658,TARGET,20,169.2846,20.4551,148.8295,0.15,-0.024,0.234,11,False
momentum_top,PATANJALI,2020-07-06,2020-07-07,342.8938,2020-07-09,309.4718,GAP_STOP,2,-66.8439,18.6896,-85.5335,-0.124451,-0.09747,0.0,3,False
momentum_top,IDEA,2020-07-06,2020-07-07,9.8,2020-07-08,9.114,STOP,101,-69.286,19.9683,-89.2543,-0.089977,-0.071429,0.010204,2,False
momentum_top,RPOWER,2020-07-06,2020-07-07,4.05,2020-07-09,3.7,GAP_STOP,246,-86.1,19.9615,-106.0615,-0.106223,-0.08642,0.0,3,False
momentum_top,JPPOWER,2020-07-06,2020-07-07,2.0,2020-07-09,1.85,GAP_STOP,498,-74.7,19.9835,-94.6834,-0.094856,-0.075,0.0,3,False
momentum_top,TATACOMM,2020-07-06,2020-07-07,574.8174,2020-07-28,638.8393,TIME,1,64.0219,18.4875,45.5344,0.079043,-0.015843,0.174988,16,False
momentum_top,SUZLON,2020-07-06,2020-07-07,4.8665,2020-07-09,4.4074,GAP_STOP,205,-94.117,19.9508,-114.0679,-0.114088,-0.09434,0.0,3,False
momentum_top,ADANIGREEN,2020-07-06,2020-07-07,400.4,2020-07-10,365.0,GAP_STOP,2,-70.8,19.1672,-89.9672,-0.112102,-0.109266,0.061064,4,False
momentum_top,SAMMAANCAP,2020-07-06,2020-07-07,193.0868,2020-07-15,179.5707,STOP,5,-67.5804,19.8689,-87.4493,-0.090383,-0.072391,0.090435,7,False
momentum_top,BDL,2020-07-06,2020-07-07,199.7119,2020-07-08,185.7321,STOP,4,-55.9193,19.1892,-75.1086,-0.093816,-0.085608,0.011663,2,False
momentum_top,BLS,2020-07-06,2020-07-07,15.0202,2020-07-14,15.0323,MOMENTUM_FAIL,66,0.7995,20.1175,-19.318,-0.019444,-0.030645,0.030645,6,False
momentum_top,BANDHANBNK,2020-07-06,2020-07-07,354.8406,2020-07-16,330.0017,STOP,2,-49.6777,18.8254,-68.5031,-0.096316,-0.100789,0.084195,8,False
momentum_top,TTML,2020-07-06,2020-07-07,4.0,2020-07-08,3.72,STOP,249,-69.72,19.9936,-89.7136,-0.089877,-0.075,0.0,2,False
momentum_top,LTFOODS,2020-07-06,2020-07-07,44.2821,2020-07-13,41.1824,STOP,22,-68.1944,19.9047,-88.0991,-0.090234,-0.133758,0.004246,5,False
momentum_top,BHEL,2020-07-06,2020-07-07,43.0326,2020-07-14,38.2622,MOMENTUM_FAIL,23,-109.7209,19.8858,-129.6066,-0.130663,-0.12,0.0,6,False
momentum_top,IRB,2020-07-06,2020-07-07,5.0509,2020-07-09,5.9141,TARGET,197,170.0577,20.4777,149.58,0.15,0.0,0.18341,3,False
momentum_top,ACE,2020-07-06,2020-07-07,65.5068,2020-07-10,60.9213,STOP,15,-68.7821,19.9389,-88.7211,-0.090095,-0.071698,0.0,4,False
momentum_top,INOXWIND,2020-07-06,2020-07-07,9.85,2020-07-13,9.1605,STOP,101,-69.6395,19.9889,-89.6284,-0.089896,-0.07868,0.002538,5,False
momentum_top,STLTECH,2020-07-06,2020-07-07,128.1784,2020-07-16,150.3092,TARGET,7,154.9156,20.034,134.8816,0.15,-0.009395,0.192785,8,False
momentum_top,PATANJALI,2020-07-13,2020-07-14,347.3037,2020-07-15,307.9049,GAP_STOP,2,-78.7975,18.7025,-97.5,-0.140061,-0.113442,0.0,2,False
momentum_top,JPPOWER,2020-07-13,2020-07-14,1.85,2020-07-17,1.7,GAP_STOP,539,-80.85,19.9758,-100.8258,-0.100893,-0.081081,0.0,4,False
momentum_top,IDEA,2020-07-13,2020-07-14,9.65,2020-07-15,8.9745,STOP,103,-69.5765,19.9852,-89.5617,-0.08991,-0.124352,0.0,2,False
momentum_top,RPOWER,2020-07-13,2020-07-14,3.6,2020-07-16,3.348,STOP,277,-69.804,19.9985,-89.8025,-0.089858,-0.083333,0.041667,3,False
momentum_top,SAMMAANCAP,2020-07-13,2020-07-14,198.0818,2020-07-15,184.2161,STOP,5,-69.3286,19.9708,-89.2994,-0.089967,-0.095783,0.0,2,False
momentum_top,IDBI,2020-07-13,2020-07-14,37.3821,2020-07-17,34.7654,STOP,26,-68.0355,19.8954,-87.9309,-0.090273,-0.070886,0.049367,4,False
momentum_top,BHEL,2020-07-13,2020-07-14,41.2621,2020-07-14,38.3738,STOP,24,-69.3204,19.9703,-89.2907,-0.089969,0.0,0.0,1,False
momentum_top,EIDPARRY,2020-07-13,2020-07-14,256.9358,2020-08-04,290.385,TIME,3,100.3477,19.389,80.9586,0.104802,0.0,0.162222,16,False
momentum_top,JINDALSTEL,2020-07-13,2020-07-14,166.2486,2020-08-04,191.1514,TIME,6,149.4169,20.4461,128.9708,0.129013,-0.025755,0.159266,16,False
momentum_top,COHANCE,2020-07-13,2020-07-14,265.3425,2020-07-21,311.7558,TARGET,3,139.2399,19.5747,119.6652,0.15,-0.030384,0.206168,6,False
momentum_top,BLS,2020-07-13,2020-07-14,15.0202,2020-07-21,17.5882,TARGET,66,169.4862,20.461,149.0253,0.15,-0.026613,0.18871,6,False
momentum_top,ADANIGREEN,2020-07-13,2020-07-14,364.0,2020-07-16,338.52,STOP,2,-50.96,18.9002,-69.8602,-0.095752,-0.071291,0.004121,3,False
momentum_top,BANDHANBNK,2020-07-13,2020-07-14,351.3656,2020-07-16,326.77,STOP,2,-49.1912,18.7971,-67.9883,-0.096538,-0.091896,0.016484,3,False
momentum_top,SUZLON,2020-07-13,2020-07-14,4.4533,2020-07-15,4.132,GAP_STOP,224,-71.9881,19.9955,-91.9836,-0.092009,-0.072165,0.010309,2,False
momentum_top,LTFOODS,2020-07-13,2020-07-14,40.4274,2020-07-21,40.1924,MOMENTUM_FAIL,24,-5.6409,20.0154,-25.6563,-0.026385,-0.055814,0.02093,6,False
momentum_top,IFCI,2020-07-13,2020-07-14,7.05,2020-07-16,6.5565,STOP,141,-69.5835,19.9856,-89.5691,-0.089909,-0.099291,0.0,3,False
momentum_top,BDL,2020-07-13,2020-07-14,188.6712,2020-07-15,175.4642,STOP,5,-66.0349,19.7788,-85.8137,-0.090768,-0.081111,0.0,2,False
momentum_top,IRB,2020-07-13,2020-07-14,5.6793,2020-08-04,5.9123,TIME,175,40.768,20.2096,20.5583,0.02064,-0.059532,0.097926,16,False
momentum_top,RELIANCE,2020-07-13,2020-07-14,872.9001,2020-07-15,811.7971,STOP,1,-61.103,19.4914,-80.5944,-0.092128,-0.070321,0.023164,2,False
momentum_top,PATANJALI,2020-07-20,2020-07-21,262.6585,2020-07-22,243.9203,GAP_STOP,3,-56.2148,19.1427,-75.3576,-0.095426,-0.088746,0.0,2,False
momentum_top,JPPOWER,2020-07-20,2020-07-21,1.9,2020-08-03,2.3,TARGET,525,210.0,20.5695,189.4305,0.189491,0.0,0.210526,10,False
momentum_top,COHANCE,2020-07-20,2020-07-21,306.8708,2020-07-21,285.3898,STOP,3,-64.4429,19.686,-84.1289,-0.091184,0.0,0.0,1,False
momentum_top,IDEA,2020-07-20,2020-07-21,8.95,2020-07-21,8.3235,STOP,111,-69.5415,19.9832,-89.5247,-0.089918,0.0,0.0,1,False
momentum_top,JINDALSTEL,2020-07-20,2020-07-21,177.0759,2020-07-24,164.6806,STOP,5,-61.9766,19.5423,-81.5188,-0.091871,-0.079489,0.007504,4,False
momentum_top,EIDPARRY,2020-07-20,2020-07-21,282.5341,2020-07-27,262.7567,STOP,3,-59.3322,19.3881,-78.7203,-0.092672,-0.076793,0.040755,5,False
momentum_top,LTFOODS,2020-07-20,2020-07-21,40.2394,2020-07-30,47.1362,TARGET,24,165.5233,20.3449,145.1784,0.15,-0.011683,0.258177,8,False
momentum_top,BLS,2020-07-20,2020-07-21,16.2558,2020-07-24,19.0349,TARGET,61,169.5275,20.4622,149.0653,0.15,0.0,0.233979,4,False
momentum_top,TATACOMM,2020-07-20,2020-07-21,656.7764,2020-07-22,610.8021,STOP,1,-45.9743,18.6096,-64.5839,-0.09812,-0.070938,0.0,2,False
momentum_top,SAMMAANCAP,2020-07-20,2020-07-21,188.0078,2020-07-28,181.1658,MOMENTUM_FAIL,5,-34.2098,19.8296,-54.0394,-0.057361,-0.055593,0.009154,6,False
momentum_top,BHEL,2020-07-20,2020-07-21,37.8687,2020-07-27,35.2179,STOP,26,-68.9211,19.947,-88.8681,-0.090062,-0.07013,0.011688,5,False
momentum_top,BDL,2020-07-20,2020-07-21,181.6834,2020-07-28,180.5187,MOMENTUM_FAIL,5,-5.8233,19.7539,-25.5772,-0.028094,-0.051282,0.023077,6,False
momentum_top,STLTECH,2020-07-20,2020-07-21,154.0453,2020-07-21,143.2621,STOP,6,-64.699,19.701,-84.4,-0.091116,0.0,0.0,1,False
momentum_top,ADANIGREEN,2020-07-20,2020-07-21,352.1,2020-07-23,327.453,STOP,2,-49.294,18.8031,-68.0971,-0.09649,-0.091167,0.0,3,False
momentum_top,BANDHANBNK,2020-07-20,2020-07-21,342.4849,2020-07-27,318.5109,STOP,2,-47.9479,18.7246,-66.6725,-0.097124,-0.077508,0.006201,5,False
momentum_top,POLYMED,2020-07-20,2020-07-21,384.1124,2020-08-11,407.9158,TIME,2,47.6067,19.2707,28.3359,0.036804,-0.053741,0.150424,16,False
momentum_top,M&M,2020-07-20,2020-07-21,559.6992,2020-08-11,594.347,TIME,1,34.6479,18.3639,16.284,0.029031,-0.018301,0.080881,16,False
momentum_top,BLS,2020-07-27,2020-07-28,20.4953,2020-07-31,18.9449,GAP_STOP,48,-74.4226,19.9324,-94.355,-0.095702,-0.07565,0.090426,4,False
momentum_top,JPPOWER,2020-07-27,2020-07-28,1.95,2020-08-03,2.3,TARGET,511,178.85,20.5016,158.3483,0.158566,0.0,0.179487,5,False
momentum_top,LTFOODS,2020-07-27,2020-07-28,41.8377,2020-07-30,49.0109,TARGET,23,164.9845,20.3291,144.6555,0.15,-0.002247,0.210112,3,False
momentum_top,INTELLECT,2020-07-27,2020-07-28,136.5994,2020-08-04,160.0343,TARGET,7,164.0445,20.3015,143.7429,0.15,0.0,0.190374,6,False
momentum_top,COHANCE,2020-07-27,2020-07-28,281.5641,2020-08-05,330.4896,TARGET,3,146.7764,19.7955,126.9809,0.15,0.0,0.176124,7,False
momentum_top,IDEA,2020-07-27,2020-07-28,8.05,2020-08-18,8.85,TIME,123,98.4,20.3112,78.0888,0.078694,-0.055901,0.161491,16,False
momentum_top,EIDPARRY,2020-07-27,2020-07-28,263.5971,2020-08-18,272.9229,TIME,3,27.9775,19.326,8.6514,0.010916,-0.018051,0.137184,16,False
momentum_top,JINDALSTEL,2020-07-27,2020-07-28,174.4675,2020-08-11,204.679,TARGET,5,151.0577,19.921,131.1367,0.15,0.0,0.222849,11,False
momentum_top,PATANJALI,2020-07-27,2020-07-28,249.0894,2020-07-29,231.6532,STOP,4,-69.745,19.9951,-89.7401,-0.089872,-0.074773,0.0,2,False
momentum_top,IRB,2020-07-27,2020-07-28,5.9536,2020-08-04,5.9123,MOMENTUM_FAIL,167,-6.8991,20.1141,-27.0132,-0.02711,-0.026531,0.047347,6,False
momentum_top,GRANULES,2020-07-27,2020-07-28,287.8935,2020-07-31,267.741,STOP,3,-60.4576,19.4537,-79.9114,-0.092322,-0.078021,0.00221,4,False
momentum_top,PERSISTENT,2020-07-27,2020-07-28,409.0654,2020-08-10,480.3969,TARGET,2,142.6629,19.675,122.9879,0.15,0.0,0.194291,10,False
momentum_top,POLYMED,2020-07-27,2020-07-28,401.2982,2020-08-04,402.9279,MOMENTUM_FAIL,2,3.2595,19.3256,-16.0661,-0.019974,-0.064731,0.038641,6,False
momentum_top,ZENSARTECH,2020-07-27,2020-07-28,135.0891,2020-08-04,158.2901,TARGET,7,162.4072,20.2535,142.1536,0.15,0.0,0.192204,6,False
momentum_top,BDL,2020-07-27,2020-07-28,175.371,2020-08-10,212.8956,TARGET,5,187.6231,20.0145,167.6086,0.19073,0.0,0.235224,10,False
momentum_top,IDBI,2020-07-27,2020-07-28,34.5903,2020-08-18,37.4768,TIME,28,80.8211,20.1841,60.637,0.062471,0.0,0.149111,16,False
momentum_top,SUZLON,2020-07-27,2020-07-28,3.9942,2020-08-13,3.6269,GAP_STOP,249,-91.454,19.9433,-111.3972,-0.111762,-0.103448,0.068965,13,False
momentum_top,HAL,2020-07-27,2020-07-28,398.338,2020-08-10,468.0082,TARGET,2,139.3403,19.5777,119.7627,0.15,-0.036896,0.198141,10,False
momentum_top,M&M,2020-07-27,2020-07-28,558.5191,2020-08-18,587.8329,TIME,1,29.3138,18.348,10.9658,0.019591,0.0,0.096349,16,False
momentum_top,ADANIGREEN,2020-07-27,2020-07-28,344.6,2020-08-04,343.2,MOMENTUM_FAIL,2,-2.8,18.8344,-21.6344,-0.031322,-0.032211,0.018427,6,False
momentum_top,BLS,2020-08-03,2020-08-04,20.2894,2020-08-11,23.8507,TARGET,49,174.5011,20.4832,154.0179,0.154581,0.0,0.207164,6,False
momentum_top,LTFOODS,2020-08-03,2020-08-04,47.9958,2020-08-10,56.2268,TARGET,20,164.6205,20.3184,144.3021,0.15,0.0,0.174339,5,False
momentum_top,COHANCE,2020-08-03,2020-08-04,324.3346,2020-08-25,341.774,TIME,3,52.3184,20.145,32.1734,0.032994,-0.065185,0.126464,16,False
momentum_top,LAURUSLABS,2020-08-03,2020-08-04,197.9976,2020-08-24,231.8531,TARGET,5,169.2777,20.4549,148.8228,0.15,-0.017804,0.232443,15,False
momentum_top,JINDALSTEL,2020-08-03,2020-08-04,188.9859,2020-08-17,221.4459,TARGET,5,162.2997,20.2504,142.0493,0.15,0.0,0.173698,10,False
momentum_top,NEULANDLAB,2020-08-03,2020-08-04,873.5605,2020-08-04,812.4112,STOP,1,-61.1492,19.4941,-80.6433,-0.092114,0.0,0.0,1,False
momentum_top,IDEA,2020-08-03,2020-08-04,8.7,2020-08-07,7.9,GAP_STOP,114,-91.2,19.9321,-111.1321,-0.111806,-0.126437,0.028736,4,False
momentum_top,ZENSARTECH,2020-08-03,2020-08-04,152.3383,2020-08-25,159.238,TIME,6,41.3981,19.8737,21.5243,0.023497,0.0,0.108462,16,False
momentum_top,IRB,2020-08-03,2020-08-04,5.9536,2020-08-11,5.7981,MOMENTUM_FAIL,167,-25.9721,20.0753,-46.0474,-0.046213,-0.05102,0.02449,6,False
momentum_top,IDBI,2020-08-03,2020-08-04,37.2875,2020-08-25,39.7008,TIME,26,62.7451,20.1513,42.5938,0.043839,-0.02665,0.147208,16,False
momentum_top,TATACOMM,2020-08-03,2020-08-04,754.2811,2020-08-13,701.4814,STOP,1,-52.7997,19.0074,-71.8071,-0.094992,-0.079268,0.079817,8,False
momentum_top,POLYMED,2020-08-03,2020-08-04,410.0887,2020-08-25,426.5337,TIME,2,32.89,19.4601,13.4299,0.016339,-0.055877,0.098747,16,False
momentum_top,GRANULES,2020-08-03,2020-08-04,294.5978,2020-08-25,305.2735,TIME,3,32.0271,19.727,12.3002,0.013887,0.0,0.116371,16,False
momentum_top,RPOWER,2020-08-03,2020-08-04,3.5,2020-08-11,4.098,TARGET,285,170.4411,20.489,149.9521,0.15,-0.042857,0.171429,6,False
momentum_top,PERSISTENT,2020-08-03,2020-08-04,467.0948,2020-08-11,465.2599,MOMENTUM_FAIL,2,-3.6699,19.8671,-23.537,-0.02514,-0.051071,0.045919,6,False
momentum_top,BDL,2020-08-03,2020-08-04,188.6712,2020-08-14,221.0824,TARGET,5,162.056,20.2433,141.8127,0.15,0.0,0.189383,9,False
momentum_top,EIDPARRY,2020-08-03,2020-08-04,284.3422,2020-08-14,264.4383,STOP,3,-59.7119,19.4103,-79.1221,-0.092552,-0.072122,0.054217,9,False
momentum_top,BLS,2020-08-10,2020-08-11,23.8507,2020-08-17,28.9987,TARGET,41,211.0703,20.4888,190.5815,0.194468,0.0,0.220416,5,False
momentum_top,INTELLECT,2020-08-10,2020-08-11,189.9243,2020-08-12,176.6296,STOP,5,-66.4735,19.8044,-86.2779,-0.090657,-0.082051,0.0,2,False
momentum_top,LTFOODS,2020-08-10,2020-08-11,55.6112,2020-08-18,53.7778,MOMENTUM_FAIL,17,-31.1667,19.8584,-51.0251,-0.053855,-0.087067,0.035503,6,False
momentum_top,LAURUSLABS,2020-08-10,2020-08-11,224.2405,2020-08-11,208.5437,STOP,4,-62.7874,19.5895,-82.3769,-0.09164,0.0,0.0,1,False
momentum_top,ZENTEC,2020-08-10,2020-08-11,70.7873,2020-08-12,82.89,TARGET,14,169.4379,20.4596,148.9783,0.15,0.0,0.243357,2,False
momentum_top,JINDALSTEL,2020-08-10,2020-08-11,199.3211,2020-08-20,233.3816,TARGET,5,170.3025,20.4849,149.8176,0.15,0.0,0.179012,8,False
momentum_top,GRANULES,2020-08-10,2020-08-11,326.0887,2020-08-14,303.2625,STOP,3,-68.4786,19.9212,-88.3999,-0.090167,-0.09237,0.0,4,False
momentum_top,BSOFT,2020-08-10,2020-08-11,136.1411,2020-08-18,159.5051,TARGET,7,163.5477,20.287,143.2607,0.15,-0.044997,0.20361,6,False
momentum_top,RPOWER,2020-08-10,2020-08-11,3.85,2020-08-18,3.75,MOMENTUM_FAIL,259,-25.9,20.0877,-45.9877,-0.046018,-0.038961,0.038961,6,False
momentum_top,GPIL,2020-08-10,2020-08-11,58.1582,2020-08-14,69.819,TARGET,17,198.2344,20.5083,177.7261,0.179367,0.0,0.200502,4,False
momentum_top,NEULANDLAB,2020-08-10,2020-08-11,832.1475,2020-08-12,773.8972,STOP,1,-58.2503,19.3251,-77.5754,-0.09302,-0.073614,0.0,2,False
momentum_top,IRB,2020-08-10,2020-08-11,5.9317,2020-08-18,5.7714,MOMENTUM_FAIL,168,-26.9442,20.0829,-47.0272,-0.047088,-0.036461,0.007374,6,False
momentum_top,ZENSARTECH,2020-08-10,2020-08-11,157.7855,2020-09-01,156.7868,TIME,6,-5.9917,19.9152,-25.907,-0.027305,-0.066743,0.070196,16,False
momentum_top,HAL,2020-08-10,2020-08-11,460.3156,2020-08-13,539.584,TARGET,2,158.5367,20.1401,138.3966,0.15,0.0,0.277956,3,False
momentum_top,IDBI,2020-08-10,2020-08-11,37.7134,2020-08-18,37.4768,MOMENTUM_FAIL,26,-6.1515,20.0578,-26.2093,-0.026671,-0.037641,0.012547,6,False
momentum_top,PERSISTENT,2020-08-10,2020-08-11,475.6503,2020-08-18,476.7227,MOMENTUM_FAIL,2,2.1448,19.9512,-17.8064,-0.018677,-0.037026,0.009269,6,False
momentum_top,JPPOWER,2020-08-17,2020-08-18,2.8,2020-09-01,2.55,GAP_STOP,356,-89.0,19.9577,-108.9577,-0.109069,-0.089286,0.107143,11,False
momentum_top,INTELLECT,2020-08-17,2020-08-18,187.5868,2020-08-25,181.3533,MOMENTUM_FAIL,5,-31.1672,19.8269,-50.9941,-0.05425,-0.043614,0.012201,6,False
momentum_top,GPIL,2020-08-17,2020-08-18,71.5718,2020-08-19,66.5618,STOP,13,-65.1304,19.7261,-84.8565,-0.091002,-0.081292,0.0,2,False
momentum_top,LTFOODS,2020-08-17,2020-08-18,52.8377,2020-09-07,49.139,STOP,18,-66.5755,19.8103,-86.3858,-0.090631,-0.081851,0.105872,15,False
momentum_top,ZENTEC,2020-08-17,2020-08-18,85.6378,2020-08-31,79.6431,STOP,11,-65.9411,19.7733,-85.7144,-0.090792,-0.07341,0.121387,10,False
momentum_top,HAL,2020-08-17,2020-08-18,557.7313,2020-08-25,518.6901,STOP,1,-39.0412,18.2055,-57.2467,-0.102418,-0.072017,0.054862,6,False
momentum_top,JINDALSTEL,2020-08-17,2020-08-18,221.8616,2020-08-31,206.3313,STOP,4,-62.1212,19.5507,-81.672,-0.09183,-0.108252,0.059228,10,False
momentum_top,POONAWALLA,2020-08-17,2020-08-18,30.4077,2020-08-20,35.6156,TARGET,32,166.654,20.378,146.2761,0.15,0.0,0.217886,3,False
momentum_top,LAURUSLABS,2020-08-17,2020-08-18,205.8313,2020-08-24,241.6981,TARGET,4,143.4673,19.6986,123.7688,0.15,-0.000476,0.185538,5,False
momentum_top,COHANCE,2020-08-17,2020-08-18,337.8769,2020-08-18,314.2255,STOP,2,-47.3028,18.687,-65.9898,-0.097441,0.0,0.0,1,False
momentum_top,TEJASNET,2020-08-17,2020-08-18,67.7066,2020-08-25,64.7174,MOMENTUM_FAIL,14,-41.8495,19.8472,-61.6967,-0.064946,-0.071376,0.0,6,False
momentum_top,CYIENT,2020-08-17,2020-08-18,361.2437,2020-08-25,336.1714,MOMENTUM_FAIL,2,-50.1444,18.8786,-69.023,-0.095327,-0.072961,0.0,6,False
momentum_top,BSOFT,2020-08-17,2020-08-18,138.6373,2020-08-18,162.3878,TARGET,7,166.2537,20.3663,145.8874,0.15,0.0,0.0,1,False
momentum_top,RPOWER,2020-08-17,2020-08-18,3.85,2020-08-26,3.5805,STOP,259,-69.8005,19.9983,-89.7988,-0.089859,-0.077922,0.064935,7,False
momentum_top,IRB,2020-08-17,2020-08-18,5.8175,2020-09-08,5.871,TIME,171,9.1416,20.1491,-11.0075,-0.011041,-0.034252,0.161236,16,False
momentum_top,ZENSARTECH,2020-08-17,2020-08-18,156.8776,2020-09-08,152.1114,TIME,6,-28.5975,19.8462,-48.4437,-0.051354,-0.061343,0.067998,16,False
momentum_top,BDL,2020-08-17,2020-08-18,207.7246,2020-08-25,198.9899,MOMENTUM_FAIL,4,-34.9391,19.3673,-54.3064,-0.065216,-0.047993,0.017717,6,False
momentum_top,IDBI,2020-08-17,2020-08-18,36.625,2020-09-08,36.0572,TIME,27,-15.3315,20.0743,-35.4057,-0.035726,-0.041344,0.167959,16,False
momentum_top,BLS,2020-08-24,2020-08-25,29.9193,2020-08-26,27.825,STOP,33,-69.1136,19.9583,-89.0719,-0.090017,-0.093117,0.0,2,False
momentum_top,INTELLECT,2020-08-24,2020-08-25,186.0284,2020-09-15,199.7127,TIME,5,68.4215,19.9968,48.4247,0.051948,-0.067801,0.1089,16,False
momentum_top,LAURUSLABS,2020-08-24,2020-08-25,235.7953,2020-08-26,219.2896,STOP,4,-66.0227,19.7781,-85.8008,-0.090771,-0.081312,0.0,2,False
momentum_top,POONAWALLA,2020-08-24,2020-08-25,36.2915,2020-08-28,42.503,TARGET,27,167.7107,20.4089,147.3018,0.15,-0.038147,0.171662,4,False
momentum_top,ZENTEC,2020-08-24,2020-08-25,91.0334,2020-08-27,84.6611,STOP,10,-63.7234,19.6441,-83.3675,-0.091379,-0.082654,0.0,3,False
momentum_top,BSOFT,2020-08-24,2020-08-25,160.1786,2020-08-31,148.9661,STOP,6,-67.275,19.8511,-87.1261,-0.090457,-0.114368,0.051437,5,False
momentum_top,COHANCE,2020-08-24,2020-08-25,350.7373,2020-08-31,326.1857,STOP,2,-49.1032,18.792,-67.8952,-0.096578,-0.125,0.0,5,False
momentum_top,LTFOODS,2020-08-24,2020-08-25,55.0001,2020-08-31,51.1501,STOP,18,-69.3001,19.9691,-89.2692,-0.089974,-0.1,0.062393,5,False
momentum_top,HAL,2020-08-24,2020-08-25,538.1053,2020-08-27,464.3746,GAP_STOP,1,-73.7307,18.052,-91.7827,-0.170194,-0.164042,0.002155,3,False
momentum_top,IRB,2020-08-24,2020-08-25,6.1237,2020-09-01,5.6863,GAP_STOP,162,-70.8601,19.9746,-90.8346,-0.091364,-0.071429,0.054762,6,False
momentum_top,ZENSARTECH,2020-08-24,2020-08-25,165.0029,2020-08-31,153.4527,STOP,6,-69.3012,19.9692,-89.2704,-0.089974,-0.107565,0.006052,5,False
momentum_top,PERSISTENT,2020-08-24,2020-08-25,526.1967,2020-08-25,489.3629,STOP,1,-36.8338,18.0768,-54.9106,-0.104126,0.0,0.0,1,False
momentum_top,ECLERX,2020-08-24,2020-08-25,268.9363,2020-08-26,250.1108,STOP,3,-56.4766,19.2217,-75.6983,-0.09362,-0.07216,0.0,2,False
momentum_top,TATACOMM,2020-08-24,2020-08-25,828.775,2020-09-01,803.7362,MOMENTUM_FAIL,1,-25.0388,19.3785,-44.4173,-0.053477,-0.046767,0.0,6,False
momentum_top,RPOWER,2020-08-24,2020-08-25,3.7,2020-08-31,3.441,STOP,269,-69.671,19.9907,-89.6617,-0.089889,-0.094595,0.040541,5,False
momentum_top,POONAWALLA,2020-08-31,2020-09-01,36.3904,2020-09-04,33.843,STOP,27,-68.7778,19.9387,-88.7164,-0.090096,-0.089674,0.014946,4,False
momentum_top,LAURUSLABS,2020-08-31,2020-09-01,220.3237,2020-09-14,258.4349,TARGET,4,152.4449,19.9616,132.4832,0.15,-0.008889,0.203111,10,False
momentum_top,JPPOWER,2020-08-31,2020-09-01,2.55,2020-09-03,2.3715,STOP,391,-69.7935,19.9979,-89.7914,-0.089861,-0.078431,0.0,3,False
momentum_top,NEULANDLAB,2020-08-31,2020-09-01,885.477,2020-09-08,1038.5696,TARGET,1,153.0925,19.9806,133.1119,0.15,0.0,0.178957,6,False
momentum_top,BLS,2020-08-31,2020-09-01,23.2692,2020-09-02,21.634,GAP_STOP,42,-68.6813,19.9168,-88.5981,-0.090457,-0.071838,0.021863,2,False
momentum_top,INTELLECT,2020-08-31,2020-09-01,177.4088,2020-09-17,208.0758,TARGET,5,153.3352,19.9877,133.3475,0.15,-0.004117,0.200659,13,False
momentum_top,COHANCE,2020-08-31,2020-09-01,309.3308,2020-09-15,362.5564,TARGET,3,159.6767,20.1735,139.5032,0.15,0.0,0.218898,11,False
momentum_top,GPIL,2020-08-31,2020-09-01,74.2375,2020-09-09,69.0409,STOP,13,-67.5561,19.8675,-87.4236,-0.090389,-0.07493,0.081161,7,False
momentum_top,BSOFT,2020-08-31,2020-09-01,147.1065,2020-09-14,172.5487,TARGET,6,152.6531,19.9677,132.6853,0.15,0.0,0.17428,10,False
momentum_top,TATACOMM,2020-08-31,2020-09-01,801.0568,2020-09-22,744.9828,STOP,1,-56.074,19.1982,-75.2722,-0.093761,-0.103806,0.078431,16,False
momentum_top,ADANIENT,2020-08-31,2020-09-01,279.1469,2020-09-22,259.6066,STOP,3,-58.6208,19.3467,-77.9675,-0.092899,-0.080193,0.100018,16,False
momentum_top,IRB,2020-08-31,2020-09-01,5.6863,2020-09-22,5.2883,STOP,175,-69.6572,19.9899,-89.6471,-0.089892,-0.094017,0.136752,16,False
momentum_top,USHAMART,2020-08-31,2020-09-01,26.7165,2020-09-02,24.8463,STOP,37,-69.1956,19.963,-89.1586,-0.089998,-0.089286,0.0,2,False
momentum_top,CYIENT,2020-08-31,2020-09-01,344.0121,2020-09-08,338.6964,MOMENTUM_FAIL,2,-10.6314,18.8135,-29.4449,-0.042703,-0.036699,0.029101,6,False
momentum_top,EMAMILTD,2020-08-31,2020-09-01,313.9647,2020-09-22,327.0165,TIME,3,39.1556,19.9868,19.1688,0.020307,-0.02,0.164428,16,False
momentum_top,GRANULES,2020-08-31,2020-09-01,310.3181,2020-09-07,363.6965,TARGET,3,160.1354,20.187,139.9484,0.15,-0.004103,0.208807,5,False
momentum_top,AFFLE,2020-08-31,2020-09-01,510.0,2020-09-14,610.6,TARGET,1,100.6,18.2883,82.3117,0.161043,0.0,0.197372,10,False
momentum_top,PERSISTENT,2020-08-31,2020-09-01,455.8941,2020-09-14,534.4777,TARGET,2,157.1673,20.1,137.0672,0.15,0.0,0.241976,10,False
momentum_top,TIINDIA,2020-08-31,2020-09-01,637.7498,2020-09-22,593.1073,STOP,1,-44.6425,18.532,-63.1745,-0.098842,-0.122807,0.058764,16,False
momentum_top,CGPOWER,2020-09-07,2020-09-08,22.8686,2020-09-10,20.6459,GAP_STOP,43,-95.5738,19.8875,-115.4613,-0.11716,-0.097192,0.0,3,False
momentum_top,BLS,2020-09-07,2020-09-08,24.8318,2020-09-22,22.4886,GAP_STOP,40,-93.7302,19.9332,-113.6634,-0.114184,-0.101716,0.097739,11,False
momentum_top,NEULANDLAB,2020-09-07,2020-09-08,960.2762,2020-09-17,1124.9526,TARGET,1,164.6764,20.32,144.3563,0.15,0.0,0.179478,8,False
momentum_top,LAURUSLABS,2020-09-07,2020-09-08,236.187,2020-09-17,276.7549,TARGET,4,162.2716,20.2496,142.022,0.15,-0.014801,0.181592,8,False
momentum_top,INTELLECT,2020-09-07,2020-09-08,180.1846,2020-09-17,211.2815,TARGET,5,155.4846,20.0507,135.4339,0.15,-0.019459,0.182162,8,False
momentum_top,COHANCE,2020-09-07,2020-09-08,328.8162,2020-09-18,385.0594,TARGET,3,168.7296,20.4388,148.2908,0.15,-0.022222,0.222222,9,False
momentum_top,BSOFT,2020-09-07,2020-09-08,149.1318,2020-09-16,174.8876,TARGET,6,154.5349,20.0229,134.512,0.15,0.0,0.265123,7,False
momentum_top,ADANIENT,2020-09-07,2020-09-08,285.1795,2020-09-21,265.2169,STOP,3,-59.8877,19.4205,-79.3082,-0.092498,-0.073427,0.076748,10,False
momentum_top,GPIL,2020-09-07,2020-09-08,73.7385,2020-09-15,74.4201,MOMENTUM_FAIL,13,8.8612,19.9957,-11.1345,-0.01159,-0.06867,0.036646,6,False
momentum_top,IRB,2020-09-07,2020-09-08,6.1261,2020-09-15,5.8734,MOMENTUM_FAIL,162,-40.9413,20.0371,-60.9784,-0.061309,-0.067434,0.0,6,False
momentum_top,AFFLE,2020-09-07,2020-09-08,565.22,2020-09-29,590.98,TIME,1,25.76,18.3691,7.3909,0.013048,-0.069743,0.107887,16,False
momentum_top,USHAMART,2020-09-07,2020-09-08,25.8577,2020-09-18,24.0477,STOP,38,-68.7815,19.9389,-88.7204,-0.090095,-0.081181,0.05166,9,False
momentum_top,EMAMILTD,2020-09-07,2020-09-08,322.8902,2020-09-29,315.1757,TIME,3,-23.1437,19.973,-43.1167,-0.044414,-0.04709,0.132241,16,False
momentum_top,GRANULES,2020-09-07,2020-09-08,366.8376,2020-09-09,340.9288,GAP_STOP,2,-51.8176,18.9224,-70.74,-0.096208,-0.081575,0.0,2,False
momentum_top,CGCL,2020-09-07,2020-09-08,213.1297,2020-09-15,213.9785,MOMENTUM_FAIL,4,3.3951,19.5366,-16.1416,-0.018893,-0.048672,0.034956,6,False
momentum_top,CDSL,2020-09-07,2020-09-08,219.2842,2020-09-22,203.9343,STOP,4,-61.3996,19.5086,-80.9082,-0.09204,-0.096129,0.063226,11,False
momentum_top,CYIENT,2020-09-07,2020-09-08,335.6842,2020-09-29,349.3277,TIME,2,27.287,18.8204,8.4666,0.012583,-0.031143,0.167722,16,False
momentum_top,ECLERX,2020-09-07,2020-09-08,241.6111,2020-09-24,224.6983,STOP,4,-67.6511,19.873,-87.5241,-0.090365,-0.078092,0.091429,13,False
momentum_top,BLS,2020-09-14,2020-09-15,26.5165,2020-09-18,24.6604,STOP,37,-68.6778,19.9329,-88.6107,-0.09012,-0.079853,0.007802,4,False
momentum_top,LAURUSLABS,2020-09-14,2020-09-15,264.1926,2020-10-06,310.4278,TARGET,3,138.7056,19.5591,119.1466,0.15,-0.068643,0.178095,15,False
momentum_top,BSOFT,2020-09-14,2020-09-15,168.8319,2020-10-07,180.1548,TIME,5,56.6149,19.6097,37.0052,0.043741,-0.062159,0.147219,16,False
momentum_top,AFFLE,2020-09-14,2020-09-15,623.6,2020-09-21,579.948,STOP,1,-43.652,18.4742,-62.1262,-0.099408,-0.073124,0.000321,5,False
momentum_top,EMAMILTD,2020-09-14,2020-09-15,354.1521,2020-09-18,329.3615,STOP,2,-49.5813,18.8198,-68.4011,-0.09636,-0.080547,0.022543,4,False
momentum_top,ADANIENT,2020-09-14,2020-09-15,294.0539,2020-09-15,273.4702,STOP,3,-61.7513,19.5291,-81.2805,-0.091937,0.0,0.0,1,False
momentum_top,PERSISTENT,2020-09-14,2020-09-15,556.7007,2020-09-22,561.491,MOMENTUM_FAIL,1,4.7902,18.2904,-13.5002,-0.024197,-0.064854,0.029966,6,False
momentum_top,GRANULES,2020-09-14,2020-09-15,369.9721,2020-09-22,345.4836,MOMENTUM_FAIL,2,-48.9769,18.9547,-67.9315,-0.091606,-0.124305,0.019327,6,False
momentum_top,CYIENT,2020-09-14,2020-09-15,361.4651,2020-09-24,336.1626,STOP,2,-50.6051,18.8795,-69.4846,-0.095906,-0.100245,0.084436,8,False
momentum_top,CDSL,2020-09-14,2020-09-15,224.2829,2020-09-21,208.5831,STOP,4,-62.7992,19.5902,-82.3894,-0.091636,-0.078848,0.039529,5,False
momentum_top,INTELLECT,2020-09-14,2020-09-15,203.8521,2020-10-05,239.4124,TARGET,4,142.2413,19.6627,122.5786,0.15,-0.067129,0.175824,14,False
momentum_top,ECLERX,2020-09-14,2020-09-15,257.3156,2020-09-22,238.3352,MOMENTUM_FAIL,3,-56.9412,19.0736,-76.0148,-0.098257,-0.108518,0.024817,6,False
momentum_top,WELSPUNLIV,2020-09-14,2020-09-15,58.8349,2020-09-22,54.7165,STOP,16,-65.8951,19.7707,-85.6658,-0.090804,-0.084307,0.0601,6,False
momentum_top,FSL,2020-09-14,2020-09-15,60.7653,2020-10-07,60.2422,TIME,16,-8.3695,20.0182,-28.3877,-0.029134,-0.035868,0.12482,16,False
momentum_top,APLAPOLLO,2020-09-14,2020-09-15,267.6531,2020-09-22,250.6445,MOMENTUM_FAIL,3,-51.0259,19.2166,-70.2425,-0.087289,-0.073001,0.041429,6,False
momentum_top,CGPOWER,2020-09-21,2020-09-22,23.1649,2020-09-24,21.5434,STOP,43,-69.7264,19.994,-89.7204,-0.089876,-0.074627,0.023454,3,False
momentum_top,LAURUSLABS,2020-09-21,2020-09-22,279.6642,2020-09-22,260.0877,STOP,3,-58.7295,19.353,-78.0825,-0.092864,0.0,0.0,1,False
momentum_top,BSOFT,2020-09-21,2020-09-22,175.7361,2020-09-22,163.4346,STOP,5,-61.5076,19.5149,-81.0226,-0.092008,0.0,0.0,1,False
momentum_top,AFFLE,2020-09-21,2020-09-22,581.02,2020-09-29,590.98,MOMENTUM_FAIL,1,9.96,18.4036,-8.4436,-0.014501,-0.034285,0.042632,6,False
momentum_top,FSL,2020-09-21,2020-09-22,60.8525,2020-10-14,61.8114,TIME,16,15.3438,20.0724,-4.7286,-0.004846,-0.017192,0.123209,16,False
momentum_top,INTELLECT,2020-09-21,2020-09-22,204.5338,2020-09-24,190.2165,STOP,4,-57.2695,19.2679,-76.5374,-0.093347,-0.070238,0.028095,3,False
momentum_top,GRANULES,2020-09-21,2020-09-22,355.5729,2020-09-22,330.6828,STOP,2,-49.7802,18.8314,-68.6116,-0.09627,0.0,0.0,1,False
momentum_top,PERSISTENT,2020-09-21,2020-09-22,555.7952,2020-09-30,657.8314,TARGET,1,102.0361,18.4846,83.5515,0.15,-0.018095,0.188449,7,False
momentum_top,CAPLIPOINT,2020-09-21,2020-09-22,556.5181,2020-09-22,517.5619,STOP,1,-38.9563,18.2005,-57.1568,-0.10248,0.0,0.0,1,False
momentum_top,EMAMILTD,2020-09-21,2020-09-22,326.568,2020-09-29,315.1757,MOMENTUM_FAIL,3,-34.1771,19.9972,-54.1742,-0.055176,-0.047658,0.027607,6,False
momentum_top,APLAPOLLO,2020-09-21,2020-09-22,265.7322,2020-09-23,247.1309,STOP,3,-55.8038,19.1825,-74.9863,-0.093857,-0.073695,0.0,2,False
momentum_top,ADANIENT,2020-09-21,2020-09-22,277.4517,2020-09-22,258.03,STOP,3,-58.2648,19.3259,-77.5908,-0.093015,0.0,0.0,1,False
momentum_top,ADANIGREEN,2020-09-21,2020-09-22,636.0,2020-09-23,591.48,STOP,1,-44.52,18.5248,-63.0448,-0.098911,-0.075079,0.0,2,False
momentum_top,RKFORGE,2020-09-21,2020-09-22,55.0017,2020-09-29,64.4064,TARGET,18,169.2844,20.4551,148.8293,0.15,-0.043199,0.185291,6,False
momentum_top,ELGIEQUIP,2020-09-21,2020-09-22,125.4363,2020-09-22,116.6558,STOP,7,-61.4638,19.5124,-80.9762,-0.092021,0.0,0.0,1,False
momentum_top,POLYMED,2020-09-21,2020-09-22,485.5975,2020-09-22,451.6057,STOP,2,-67.9837,19.8924,-87.876,-0.090285,0.0,0.0,1,False
momentum_top,KPITTECH,2020-09-21,2020-09-22,101.7154,2020-09-30,119.2412,TARGET,9,157.7325,20.1166,137.6159,0.15,0.0,0.205506,7,False
momentum_top,GPIL,2020-09-21,2020-09-22,67.1899,2020-10-08,78.7355,TARGET,14,161.6383,20.231,141.4072,0.15,-0.032609,0.178985,12,False
momentum_top,LAURUSLABS,2020-09-28,2020-09-29,292.7857,2020-10-01,272.2907,STOP,3,-61.485,19.5136,-80.9986,-0.092015,-0.073579,0.0,3,False
momentum_top,BSOFT,2020-09-28,2020-09-29,184.1133,2020-10-16,171.2254,STOP,5,-64.4397,19.6858,-84.1255,-0.091185,-0.139,0.052,13,False
momentum_top,CGPOWER,2020-09-28,2020-09-29,21.6832,2020-10-05,25.3881,TARGET,46,170.4295,20.4886,149.9409,0.15,0.0,0.173121,4,False
momentum_top,RKFORGE,2020-09-28,2020-09-29,63.8087,2020-10-21,68.1778,TIME,15,65.537,20.1049,45.4321,0.047363,-0.038006,0.117095,16,False
momentum_top,PERSISTENT,2020-09-28,2020-09-29,612.3471,2020-10-19,569.4828,STOP,1,-42.8643,18.4283,-61.2926,-0.099876,-0.172291,0.08239,14,False
momentum_top,FSL,2020-09-28,2020-09-29,64.4269,2020-10-07,60.2422,MOMENTUM_FAIL,15,-62.7706,19.8828,-82.6534,-0.08534,-0.071719,0.0,6,False
momentum_top,GRANULES,2020-09-28,2020-09-29,395.4402,2020-10-05,367.7594,STOP,2,-55.3616,19.1567,-74.5184,-0.094016,-0.071093,0.0,4,False
momentum_top,INTELLECT,2020-09-28,2020-09-29,204.5339,2020-10-06,250.2131,TARGET,4,182.7168,19.7566,162.9602,0.19875,0.0,0.223333,5,False
momentum_top,AFFLE,2020-09-28,2020-09-29,598.0,2020-10-05,556.14,STOP,1,-41.86,18.3698,-60.2298,-0.100499,-0.089849,0.0,4,False
momentum_top,KPITTECH,2020-09-28,2020-09-29,108.0394,2020-10-21,107.6532,TIME,9,-3.4759,20.0286,-23.5045,-0.02412,-0.03798,0.159071,16,False
momentum_top,ADANIENT,2020-09-28,2020-09-29,299.0396,2020-10-21,311.1049,TIME,3,36.1959,19.7917,16.4042,0.018246,-0.016005,0.11904,16,False
momentum_top,CDSL,2020-09-28,2020-09-29,233.7145,2020-10-07,223.8113,MOMENTUM_FAIL,4,-39.6127,19.7967,-59.4094,-0.06341,-0.055387,0.0,6,False
momentum_top,CAPLIPOINT,2020-09-28,2020-09-29,566.2329,2020-10-07,543.6304,MOMENTUM_FAIL,1,-22.6025,18.2749,-40.8774,-0.072034,-0.05328,0.0,6,False
momentum_top,COFORGE,2020-09-28,2020-09-29,448.6295,2020-10-07,448.7044,MOMENTUM_FAIL,2,0.1498,19.7189,-19.5691,-0.021762,-0.048017,0.018351,6,False
momentum_top,CGPOWER,2020-10-05,2020-10-06,25.9309,2020-10-07,24.1157,STOP,38,-68.9762,19.9502,-88.9264,-0.09005,-0.076191,0.0,2,False
momentum_top,LAURUSLABS,2020-10-05,2020-10-06,294.3524,2020-10-27,316.8745,TIME,3,67.5661,19.7962,47.7699,0.053978,0.0,0.14205,16,False
momentum_top,WELSPUNLIV,2020-10-05,2020-10-06,73.6664,2020-10-07,68.5098,STOP,13,-67.0364,19.8372,-86.8736,-0.090516,-0.076,0.0,2,False
momentum_top,RKFORGE,2020-10-05,2020-10-06,69.9844,2020-10-13,65.0556,MOMENTUM_FAIL,14,-69.0025,19.9266,-88.9291,-0.090566,-0.085859,0.018518,6,False
momentum_top,BSOFT,2020-10-05,2020-10-06,189.5446,2020-10-12,176.2765,STOP,5,-66.3406,19.7966,-86.1372,-0.09069,-0.080136,0.016999,5,False
momentum_top,ADANIENT,2020-10-05,2020-10-06,328.4549,2020-10-13,312.3015,MOMENTUM_FAIL,3,-48.4605,19.992,-68.4524,-0.069318,-0.059654,0.018822,6,False
momentum_top,ADANIGREEN,2020-10-05,2020-10-06,749.5,2020-10-08,697.035,STOP,1,-52.465,18.9879,-71.4529,-0.095126,-0.110607,0.0,3,False
momentum_top,GPIL,2020-10-05,2020-10-06,77.1466,2020-10-13,74.5662,MOMENTUM_FAIL,12,-30.9658,19.7759,-50.7417,-0.054691,-0.042285,0.026822,6,False
momentum_top,KPITTECH,2020-10-05,2020-10-06,118.6116,2020-10-07,110.3088,STOP,8,-66.4225,19.8014,-86.2239,-0.09067,-0.071225,0.0,2,False
momentum_top,PERSISTENT,2020-10-05,2020-10-06,634.4864,2020-10-13,640.7302,MOMENTUM_FAIL,1,6.2438,18.6218,-12.378,-0.019466,-0.063251,0.024639,6,False
momentum_top,CDSL,2020-10-05,2020-10-06,229.1873,2020-10-13,225.4854,MOMENTUM_FAIL,4,-14.8076,19.7708,-34.5783,-0.037636,-0.060597,0.004938,6,False
momentum_top,APLAPOLLO,2020-10-05,2020-10-06,284.8534,2020-10-13,275.8037,MOMENTUM_FAIL,3,-27.1489,19.4831,-46.632,-0.054449,-0.061814,0.006554,6,False
momentum_top,FSL,2020-10-05,2020-10-06,62.4653,2020-10-13,62.7269,MOMENTUM_FAIL,15,3.9231,19.8943,-15.9712,-0.017008,-0.042568,0.021633,6,False
momentum_top,CAPLIPOINT,2020-10-05,2020-10-06,550.0255,2020-10-13,545.1925,MOMENTUM_FAIL,1,-4.833,18.2426,-23.0756,-0.041862,-0.020148,0.042691,6,False
momentum_top,GRANULES,2020-10-05,2020-10-06,374.576,2020-10-27,376.7799,TIME,2,4.408,19.1022,-14.6943,-0.019572,-0.054655,0.061585,16,False
momentum_top,PNBHOUSING,2020-10-05,2020-10-06,278.3315,2020-10-27,288.1434,TIME,3,29.4357,19.5157,9.9201,0.011854,-0.006904,0.117803,16,False
momentum_top,CGPOWER,2020-10-12,2020-10-13,23.1155,2020-10-20,23.6095,MOMENTUM_FAIL,43,21.2386,20.1702,1.0684,0.001072,-0.038462,0.047008,6,False
momentum_top,LAURUSLABS,2020-10-12,2020-10-13,326.5687,2020-10-16,303.7089,STOP,3,-68.5794,19.9271,-88.5065,-0.090143,-0.076462,0.0,4,False
momentum_top,PGEL,2020-10-12,2020-10-13,8.4845,2020-10-15,7.6655,GAP_STOP,117,-95.8212,19.9264,-115.7476,-0.116346,-0.096527,0.0,3,False
momentum_top,RKFORGE,2020-10-12,2020-10-13,68.1483,2020-10-14,63.378,STOP,14,-66.7854,19.8226,-86.6079,-0.090579,-0.099265,0.0,2,False
momentum_top,WELSPUNLIV,2020-10-12,2020-10-13,67.5275,2020-10-20,67.282,MOMENTUM_FAIL,14,-3.4377,19.9148,-23.3526,-0.024648,-0.04,0.04,6,False
momentum_top,ANANTRAJ,2020-10-12,2020-10-13,18.9742,2020-10-28,17.646,STOP,52,-69.0659,19.9555,-89.0214,-0.090029,-0.088312,0.101299,12,False
momentum_top,ADANIENT,2020-10-12,2020-10-13,314.5948,2020-10-20,320.9765,MOMENTUM_FAIL,3,19.1449,19.9541,-0.8092,-0.000856,-0.032171,0.039144,6,False
momentum_top,ADANIGREEN,2020-10-12,2020-10-13,671.0,2020-10-29,790.8774,TARGET,1,119.8774,19.0074,100.87,0.15,0.0,0.215574,13,False
momentum_top,GPIL,2020-10-12,2020-10-13,73.8845,2020-10-19,86.8478,TARGET,13,168.5223,20.3288,148.1935,0.153952,-0.008073,0.175453,5,False
momentum_top,PNBHOUSING,2020-10-12,2020-10-13,300.49,2020-10-20,301.8392,MOMENTUM_FAIL,3,4.0475,19.7447,-15.6972,-0.017375,-0.040816,0.020408,6,False
momentum_top,INTELLECT,2020-10-12,2020-10-13,225.9612,2020-11-03,228.5422,TIME,4,10.3241,19.7675,-9.4434,-0.010425,-0.056035,0.118103,16,False
momentum_top,BSOFT,2020-10-12,2020-10-13,178.4058,2020-10-16,165.9174,STOP,5,-62.442,19.5694,-82.0114,-0.091738,-0.111455,0.056502,4,False
momentum_top,PERSISTENT,2020-10-12,2020-10-13,624.5725,2020-10-16,580.8524,STOP,1,-43.7201,18.4782,-62.1983,-0.099368,-0.084249,0.061203,4,False
momentum_top,KPITTECH,2020-10-12,2020-10-13,109.8738,2020-10-22,102.1827,STOP,9,-69.2205,19.9645,-89.185,-0.089993,-0.084358,0.063269,8,False
momentum_top,FSL,2020-10-12,2020-10-13,61.6371,2020-10-20,61.5063,MOMENTUM_FAIL,16,-2.0924,20.0899,-22.1823,-0.022444,-0.056577,0.026167,6,False
momentum_top,AFFLE,2020-10-12,2020-10-13,559.8,2020-10-16,520.614,STOP,1,-39.186,18.2139,-57.3999,-0.102313,-0.072883,0.00393,4,False
momentum_top,CDSL,2020-10-12,2020-10-13,229.8004,2020-10-16,213.7143,STOP,4,-64.3441,19.6803,-84.0244,-0.091211,-0.080443,0.0,4,False
momentum_top,APLAPOLLO,2020-10-12,2020-10-13,270.7041,2020-10-20,271.5737,MOMENTUM_FAIL,3,2.6088,19.3644,-16.7556,-0.020587,-0.032668,0.043557,6,False
momentum_top,CGPOWER,2020-10-19,2020-10-20,22.3253,2020-10-23,26.1455,TARGET,44,168.0889,20.42,147.6688,0.15,0.0,0.183628,4,False
momentum_top,RKFORGE,2020-10-19,2020-10-20,69.4345,2020-11-10,68.0894,TIME,14,-18.8316,19.9962,-38.8278,-0.039856,-0.050764,0.102941,16,False
momentum_top,LAURUSLABS,2020-10-19,2020-10-20,326.5687,2020-10-27,316.8745,MOMENTUM_FAIL,3,-29.0828,20.0075,-49.0903,-0.049998,-0.085457,0.025187,6,False
momentum_top,ADANIGREEN,2020-10-19,2020-10-20,694.95,2020-10-30,834.0,TARGET,1,139.05,19.1475,119.9025,0.172158,-0.02439,0.232319,9,False
momentum_top,GPIL,2020-10-19,2020-10-20,88.1259,2020-11-10,84.6812,TIME,11,-37.8916,19.946,-57.8377,-0.059534,-0.060635,0.106354,16,False
momentum_top,WELSPUNLIV,2020-10-19,2020-10-20,68.3624,2020-11-03,63.5771,STOP,14,-66.9952,19.8348,-86.83,-0.090526,-0.08477,0.12069,11,False
momentum_top,ADANIENT,2020-10-19,2020-10-20,314.3954,2020-10-27,313.149,MOMENTUM_FAIL,3,-3.7392,19.9049,-23.6442,-0.025014,-0.03901,0.029813,6,False
momentum_top,BSOFT,2020-10-19,2020-10-20,175.3679,2020-10-29,163.0921,STOP,5,-61.3788,19.5074,-80.8862,-0.092046,-0.091863,0.052231,8,False
momentum_top,KPITTECH,2020-10-19,2020-10-20,110.2118,2020-10-22,102.4969,STOP,9,-69.4334,19.9769,-89.4103,-0.089943,-0.087166,0.001314,3,False
momentum_top,PNBHOUSING,2020-10-19,2020-10-20,296.7288,2020-10-27,288.1434,MOMENTUM_FAIL,3,-25.7563,19.6363,-45.3927,-0.050881,-0.068476,0.048498,6,False
momentum_top,PERSISTENT,2020-10-19,2020-10-20,599.1207,2020-10-23,557.1822,STOP,1,-41.9384,18.3744,-60.3128,-0.100449,-0.08035,0.0,4,False
momentum_top,SARDAEN,2020-10-19,2020-10-20,25.3537,2020-10-29,23.5789,STOP,39,-69.2155,19.9642,-89.1797,-0.089994,-0.090544,0.058262,8,False
momentum_top,JSL,2020-10-19,2020-10-20,58.5563,2020-10-26,54.4573,STOP,17,-69.6819,19.9914,-89.6733,-0.089886,-0.122074,0.003345,5,False
momentum_top,INTELLECT,2020-10-19,2020-10-20,230.5876,2020-11-10,234.4347,TIME,4,15.3887,19.8559,-4.4672,-0.004833,-0.039704,0.095671,16,False
momentum_top,CGPOWER,2020-10-26,2020-10-27,26.6718,2020-11-02,32.0555,TARGET,37,199.1985,20.5026,178.696,0.180681,-0.012963,0.211111,5,False
momentum_top,RKFORGE,2020-10-26,2020-10-27,69.2774,2020-11-17,71.7516,TIME,14,34.639,20.0958,14.5432,0.014962,-0.048611,0.105442,16,False
momentum_top,ANANTRAJ,2020-10-26,2020-10-27,18.9742,2020-10-28,17.646,STOP,52,-69.0659,19.9555,-89.0214,-0.090029,-0.088312,0.0,2,False
momentum_top,GPIL,2020-10-26,2020-10-27,83.7439,2020-11-17,94.1632,TIME,11,114.6123,20.053,94.5592,0.102426,-0.011483,0.164244,16,False
momentum_top,ADANIGREEN,2020-10-26,2020-10-27,720.05,2020-10-30,847.5236,TARGET,1,127.4736,19.2299,108.2436,0.15,0.0,0.189362,4,False
momentum_top,WELSPUNLIV,2020-10-26,2020-10-27,72.6842,2020-11-02,67.5963,STOP,13,-66.1426,19.7851,-85.9277,-0.090741,-0.102703,0.033784,5,False
momentum_top,BBOX,2020-10-26,2020-10-27,119.5148,2020-10-27,111.1487,STOP,8,-66.9283,19.8309,-86.7592,-0.090543,0.0,0.0,1,False
momentum_top,ADANIENT,2020-10-26,2020-10-27,307.1164,2020-11-09,359.999,TARGET,3,158.6479,20.1434,138.5045,0.15,0.0,0.184091,10,False
momentum_top,LAURUSLABS,2020-10-26,2020-10-27,312.1742,2020-11-03,290.322,STOP,3,-65.5566,19.7509,-85.3075,-0.090891,-0.098651,0.081869,6,False
momentum_top,PNBHOUSING,2020-10-26,2020-10-27,283.728,2020-11-17,318.5195,TIME,3,104.3744,19.7366,84.6378,0.099218,-0.025937,0.139193,16,False
momentum_top,APLAPOLLO,2020-10-26,2020-10-27,299.3958,2020-11-17,325.1888,TIME,3,77.3792,19.8801,57.4991,0.063877,-0.007696,0.098786,16,False
momentum_top,ASHOKLEY,2020-10-26,2020-10-27,35.4391,2020-11-17,41.4975,TARGET,28,169.6351,20.4653,149.1698,0.15,-0.006975,0.181357,16,False
momentum_top,PFOCUS,2020-10-26,2020-10-27,41.9,2020-10-27,38.967,STOP,23,-67.459,19.8618,-87.3208,-0.090412,0.0,0.0,1,False
momentum_top,AFFLE,2020-10-26,2020-10-27,538.2,2020-10-29,500.526,STOP,1,-37.674,18.1258,-55.7998,-0.103452,-0.07016,0.010777,3,False
momentum_top,KPRMILL,2020-10-26,2020-10-27,128.6439,2020-10-28,150.8468,TARGET,7,155.4203,20.0488,135.3714,0.15,0.0,0.186082,2,False
momentum_top,PCBL,2020-10-26,2020-10-27,62.8644,2020-10-29,58.4639,STOP,15,-66.0076,19.7772,-85.7848,-0.090775,-0.076012,0.00691,3,False
momentum_top,CGPOWER,2020-11-02,2020-11-03,30.6231,2020-11-13,35.8644,TARGET,32,167.7217,20.4093,147.3124,0.15,-0.035484,0.179032,9,False
momentum_top,ADANIGREEN,2020-11-02,2020-11-03,881.0,2020-11-03,819.33,STOP,1,-61.67,19.5244,-81.1944,-0.091961,0.0,0.0,1,False
momentum_top,PGEL,2020-11-02,2020-11-03,10.2173,2020-11-10,11.9642,TARGET,97,169.447,20.4598,148.9872,0.15,-0.031769,0.180352,6,False
momentum_top,RKFORGE,2020-11-02,2020-11-03,74.8149,2020-11-09,69.5779,STOP,13,-68.0816,19.8981,-87.9797,-0.090261,-0.119029,0.0,5,False
momentum_top,BBOX,2020-11-02,2020-11-03,119.176,2020-11-24,120.571,TIME,8,11.1603,19.9784,-8.8181,-0.009229,-0.046488,0.102007,16,False
momentum_top,ADANIENT,2020-11-02,2020-11-03,343.013,2020-11-23,404.1153,TARGET,2,122.2044,19.0755,103.1289,0.15,-0.018895,0.202616,15,False
momentum_top,ASHOKLEY,2020-11-02,2020-11-03,36.8774,2020-11-19,43.1796,TARGET,27,170.1606,20.4807,149.6799,0.15,0.0,0.191956,13,False
momentum_top,PNBHOUSING,2020-11-02,2020-11-03,295.1753,2020-11-24,307.9308,TIME,3,38.2664,19.747,18.5194,0.020868,0.0,0.095014,16,False
momentum_top,KPRMILL,2020-11-02,2020-11-03,145.7705,2020-11-24,154.1976,TIME,6,50.5622,19.726,30.8361,0.03518,-0.032043,0.126836,16,False
momentum_top,GPIL,2020-11-02,2020-11-03,89.0996,2020-11-24,95.0639,TIME,11,65.6077,20.202,45.4057,0.046227,-0.056967,0.109563,16,False
momentum_top,ANANTRAJ,2020-11-02,2020-11-03,18.6785,2020-11-09,17.371,STOP,53,-69.2971,19.9689,-89.266,-0.089975,-0.116095,0.0,5,False
momentum_top,WELSPUNLIV,2020-11-02,2020-11-03,64.8264,2020-11-24,64.6791,TIME,15,-2.2102,20.0314,-22.2416,-0.022823,-0.060606,0.075,16,False
momentum_top,TEJASNET,2020-11-02,2020-11-03,91.6705,2020-11-10,89.578,MOMENTUM_FAIL,10,-20.9248,19.7581,-40.6829,-0.044283,-0.06087,0.033696,6,False
momentum_top,JSL,2020-11-02,2020-11-03,58.1646,2020-11-10,59.0948,MOMENTUM_FAIL,17,15.8141,20.1374,-4.3233,-0.004363,-0.048821,0.021885,6,False
momentum_top,PFOCUS,2020-11-02,2020-11-03,39.25,2020-11-24,38.9,TIME,25,-8.75,20.0555,-28.8054,-0.029292,-0.057325,0.06242,16,False
momentum_top,LAURUSLABS,2020-11-02,2020-11-03,298.661,2020-11-04,277.7547,STOP,3,-62.7188,19.5855,-82.3043,-0.091659,-0.11459,0.0,2,False
momentum_top,ADANIGREEN,2020-11-09,2020-11-10,914.95,2020-11-18,1072.6069,TARGET,1,157.6569,20.1144,137.5425,0.15,-0.054484,0.200066,7,False
momentum_top,PGEL,2020-11-09,2020-11-10,11.3859,2020-11-13,13.8778,TARGET,87,216.7963,20.5541,196.2422,0.197678,0.0,0.21886,4,False
momentum_top,CGPOWER,2020-11-09,2020-11-10,32.0061,2020-11-14,37.4777,TARGET,31,169.6187,20.4649,149.1538,0.15,-0.035494,0.183642,5,False
momentum_top,TTML,2020-11-09,2020-11-10,6.4,2020-11-12,5.8,GAP_STOP,155,-93.0,19.9293,-112.9293,-0.113592,-0.09375,0.0,3,False
momentum_top,ADANIENT,2020-11-09,2020-11-10,357.0726,2020-12-01,420.3521,TARGET,2,126.5591,19.2031,107.356,0.15,-0.01131,0.183887,15,False
momentum_top,RKFORGE,2020-11-09,2020-11-10,67.7556,2020-11-26,79.3888,TARGET,14,162.8648,20.267,142.5978,0.15,0.0,0.214027,13,False
momentum_top,ANANTRAJ,2020-11-09,2020-11-10,17.9392,2020-11-17,17.9392,MOMENTUM_FAIL,55,0.0,20.0961,-20.0961,-0.020323,-0.03022,0.010989,6,False
momentum_top,PNBHOUSING,2020-11-09,2020-11-10,304.9872,2020-12-02,306.9905,TIME,3,6.0099,19.8056,-13.7957,-0.015045,-0.01622,0.059786,16,False
momentum_top,INDUSINDBK,2020-11-09,2020-11-10,755.8877,2020-12-02,865.1251,TIME,1,109.2374,19.3441,89.8933,0.118665,-0.05389,0.155293,16,False
momentum_top,CUB,2020-11-09,2020-11-10,130.0288,2020-12-02,130.3156,TIME,7,2.0079,19.7774,-17.7694,-0.01948,-0.050745,0.103144,16,False
momentum_top,ATGL,2020-11-09,2020-11-10,239.6034,2020-11-17,280.7003,TARGET,4,164.3879,20.3116,144.0763,0.15,-0.035833,0.223333,6,False
momentum_top,APLAPOLLO,2020-11-09,2020-11-10,321.7989,2020-11-17,325.1888,MOMENTUM_FAIL,3,10.1699,20.027,-9.8572,-0.010188,-0.023191,0.02229,6,False
momentum_top,KAJARIACER,2020-11-09,2020-11-10,560.3929,2020-12-02,641.0764,TIME,1,80.6835,18.4605,62.223,0.110792,-0.035151,0.154261,16,False
momentum_top,KPRMILL,2020-11-09,2020-11-10,152.193,2020-12-02,156.9709,TIME,6,28.6677,19.8441,8.8235,0.009642,-0.039322,0.079284,16,False
momentum_top,FSL,2020-11-09,2020-11-10,64.5141,2020-11-17,66.1705,MOMENTUM_FAIL,15,24.8467,20.0667,4.7799,0.004929,-0.031081,0.035811,6,False
momentum_top,CHOLAFIN,2020-11-09,2020-11-10,303.8436,2020-11-24,356.2194,TARGET,3,157.1274,20.0988,137.0285,0.15,-0.029221,0.181331,11,False
momentum_top,PGEL,2020-11-17,2020-11-18,13.7729,2020-11-23,12.8088,STOP,72,-69.4155,19.9759,-89.3914,-0.089947,-0.079043,0.034083,4,False
momentum_top,CGPOWER,2020-11-17,2020-11-18,37.0935,2020-11-20,34.497,STOP,26,-67.5102,19.8648,-87.375,-0.0904,-0.095872,0.005326,3,False
momentum_top,BBOX,2020-11-17,2020-11-18,123.5205,2020-11-25,121.3682,MOMENTUM_FAIL,8,-17.2187,20.0674,-37.2861,-0.03765,-0.031946,0.016457,6,False
momentum_top,ADANIENT,2020-11-17,2020-11-18,392.8198,2020-12-07,461.6353,TARGET,2,137.6311,19.5276,118.1036,0.15,-0.040995,0.18378,13,False
momentum_top,TEJASNET,2020-11-17,2020-11-18,101.4354,2020-12-04,124.4028,TARGET,9,206.707,20.2057,186.5013,0.203846,-0.051081,0.226424,12,False
momentum_top,INDUSINDBK,2020-11-17,2020-11-18,752.0312,2020-12-04,884.4575,TARGET,1,132.4264,19.3751,113.0513,0.15,0.0,0.179487,12,False
momentum_top,RKFORGE,2020-11-17,2020-11-18,71.8694,2020-11-27,84.2274,TARGET,13,160.654,20.2022,140.4518,0.15,-0.029508,0.327869,8,False
momentum_top,PNBHOUSING,2020-11-17,2020-11-18,315.2488,2020-11-25,303.679,MOMENTUM_FAIL,3,-34.7097,19.8527,-54.5623,-0.057567,-0.048243,0.02062,6,False
momentum_top,KPRMILL,2020-11-17,2020-11-18,155.881,2020-11-25,152.5919,MOMENTUM_FAIL,6,-19.7345,19.839,-39.5735,-0.042219,-0.027405,0.013796,6,False
momentum_top,CUB,2020-11-17,2020-11-18,135.4437,2020-11-25,126.9089,MOMENTUM_FAIL,7,-59.7431,19.8117,-79.5548,-0.083726,-0.068044,0.047657,6,False
momentum_top,HBLENGINE,2020-11-17,2020-11-18,23.5515,2020-11-20,21.9029,STOP,42,-69.2415,19.9657,-89.2072,-0.089988,-0.070833,0.0,3,False
momentum_top,WELSPUNLIV,2020-11-17,2020-11-18,68.3624,2020-11-25,63.4022,MOMENTUM_FAIL,14,-69.4428,19.8298,-89.2726,-0.093073,-0.077586,0.0,6,False
momentum_top,AXISBANK,2020-11-17,2020-11-18,621.9216,2020-11-25,596.8954,MOMENTUM_FAIL,1,-25.0261,18.5051,-43.5312,-0.069842,-0.0528,0.0128,6,False
momentum_top,CHOLAFIN,2020-11-17,2020-11-18,317.6053,2020-11-27,372.1123,TARGET,3,163.521,20.2862,143.2348,0.15,0.0,0.226588,8,False
momentum_top,PGEL,2020-11-23,2020-11-24,13.5832,2020-12-03,15.9054,TARGET,73,169.5228,20.462,149.0608,0.15,0.0,0.183456,7,False
momentum_top,TTML,2020-11-23,2020-11-24,6.9,2020-12-08,8.25,TARGET,144,194.4,20.5213,173.8787,0.174617,-0.043478,0.195652,10,False
momentum_top,ATGL,2020-11-23,2020-11-24,348.2236,2020-11-25,323.8479,STOP,2,-48.7513,18.7714,-67.5227,-0.096742,-0.082569,0.0,2,False
momentum_top,BBOX,2020-11-23,2020-11-24,122.1653,2020-12-02,123.1618,MOMENTUM_FAIL,8,7.9716,20.0729,-12.1013,-0.012355,-0.045595,0.011419,6,False
momentum_top,TEJASNET,2020-11-23,2020-11-24,105.6702,2020-11-26,98.2733,STOP,9,-66.5722,19.8101,-86.3823,-0.090632,-0.089109,0.006129,3,False
momentum_top,RKFORGE,2020-11-23,2020-11-24,75.1095,2020-11-27,87.9692,TARGET,13,167.177,20.3933,146.7837,0.15,-0.001307,0.270588,4,False
momentum_top,ADANIENT,2020-11-23,2020-11-24,408.724,2020-12-16,461.921,TIME,2,106.394,19.5983,86.7957,0.105947,-0.041229,0.140644,16,False
momentum_top,ACE,2020-11-23,2020-11-24,93.9343,2020-11-27,110.0777,TARGET,10,161.4345,20.225,141.2095,0.15,-0.033684,0.215789,4,False
momentum_top,JSL,2020-11-23,2020-11-24,65.6065,2020-12-02,67.8097,MOMENTUM_FAIL,15,33.0481,20.1526,12.8955,0.013075,-0.067164,0.043284,6,False
momentum_top,CHOLAFIN,2020-11-23,2020-11-24,348.8776,2020-12-16,372.4057,TIME,2,47.0563,18.9721,28.0842,0.040162,-0.008907,0.116641,16,False
momentum_top,KPRMILL,2020-11-23,2020-11-24,155.6961,2020-12-02,156.9709,MOMENTUM_FAIL,6,7.6488,19.8901,-12.2413,-0.013075,-0.060937,0.0225,6,False
momentum_top,PCBL,2020-11-23,2020-11-24,69.5459,2020-12-16,67.767,TIME,14,-24.9059,19.9904,-44.8963,-0.046011,-0.065437,0.060975,16,False
momentum_top,KAJARIACER,2020-11-23,2020-11-24,587.6494,2020-12-16,639.1868,TIME,1,51.5374,18.5163,33.0212,0.056069,-0.03537,0.107717,16,False
momentum_top,ADANIENSOL,2020-11-23,2020-11-24,381.6,2020-11-25,354.888,STOP,2,-53.424,19.0438,-72.4678,-0.094745,-0.097091,0.004979,2,False
momentum_top,PGEL,2020-12-01,2020-12-02,14.3972,2020-12-17,16.969,TARGET,69,177.455,20.4859,156.9691,0.157667,0.0,0.192855,12,False
momentum_top,ANANTRAJ,2020-12-01,2020-12-02,26.416,2020-12-08,24.5669,STOP,37,-68.4174,19.9177,-88.335,-0.090181,-0.070896,0.05597,5,False
momentum_top,ACE,2020-12-01,2020-12-02,126.5641,2020-12-02,117.7046,STOP,7,-62.0164,19.5446,-81.561,-0.09186,0.0,0.0,1,False
momentum_top,TTML,2020-12-01,2020-12-02,6.95,2020-12-08,8.25,TARGET,143,185.9,20.505,165.395,0.166055,0.0,0.18705,5,False
momentum_top,ATGL,2020-12-01,2020-12-02,360.4034,2020-12-21,335.1752,STOP,2,-50.4565,18.8708,-69.3273,-0.09597,-0.107202,0.059972,14,False
momentum_top,RKFORGE,2020-12-01,2020-12-02,89.8074,2020-12-09,93.7837,MOMENTUM_FAIL,11,43.7401,20.1903,23.5498,0.023787,-0.015633,0.049087,6,False
momentum_top,BBOX,2020-12-01,2020-12-02,118.5781,2020-12-21,142.7222,TARGET,8,193.1528,20.3288,172.824,0.181786,-0.011765,0.203613,14,False
momentum_top,TEJASNET,2020-12-01,2020-12-02,108.3107,2020-12-07,128.3387,TARGET,9,180.2521,20.4131,159.8391,0.163614,0.0,0.205612,4,False
momentum_top,CHOLAFIN,2020-12-01,2020-12-02,370.926,2020-12-09,364.9576,MOMENTUM_FAIL,2,-11.9368,19.0381,-30.9749,-0.041662,-0.039229,0.014628,6,False
momentum_top,APOLLOTYRE,2020-12-01,2020-12-02,172.1048,2020-12-09,169.8378,MOMENTUM_FAIL,5,-11.3348,19.5404,-30.8752,-0.035801,-0.017204,0.031989,6,False
momentum_top,WOCKPHARMA,2020-12-01,2020-12-02,434.1373,2020-12-03,403.7477,STOP,2,-60.7792,19.4725,-80.2517,-0.092225,-0.082281,0.0,2,False
momentum_top,KAJARIACER,2020-12-01,2020-12-02,636.7777,2020-12-09,623.6454,MOMENTUM_FAIL,1,-13.1323,18.592,-31.7243,-0.049711,-0.026558,0.022255,6,False
momentum_top,CARBORUNIV,2020-12-01,2020-12-02,373.9123,2020-12-09,364.5401,MOMENTUM_FAIL,2,-18.7444,19.0495,-37.7939,-0.050428,-0.058747,0.038512,6,False
momentum_top,INTELLECT,2020-12-01,2020-12-02,271.7378,2020-12-16,319.1415,TARGET,3,142.2111,19.6618,122.5494,0.15,-0.018459,0.184946,11,False
momentum_top,SHRIRAMFIN,2020-12-01,2020-12-02,187.6887,2020-12-21,174.5505,STOP,5,-65.6911,19.7588,-85.4498,-0.090856,-0.086389,0.071878,14,False
momentum_top,ADANIENT,2020-12-01,2020-12-02,419.3434,2020-12-23,462.27,TIME,2,85.853,19.6461,66.2069,0.078769,-0.025918,0.126977,16,False
momentum_top,PGEL,2020-12-07,2020-12-08,15.9852,2020-12-15,16.0052,MOMENTUM_FAIL,62,1.2385,20.1173,-18.8788,-0.019007,-0.028429,0.03249,6,False
momentum_top,CGPOWER,2020-12-07,2020-12-08,48.2067,2020-12-10,44.4529,GAP_STOP,20,-75.0761,19.8481,-94.9242,-0.098241,-0.096311,0.0,3,False
momentum_top,ANANTRAJ,2020-12-07,2020-12-08,26.8102,2020-12-08,24.9335,STOP,37,-69.4385,19.9772,-89.4157,-0.089942,0.0,0.0,1,False
momentum_top,RKFORGE,2020-12-07,2020-12-08,92.8805,2020-12-21,86.3788,STOP,10,-65.0163,19.7194,-84.7358,-0.091032,-0.078224,0.09926,10,False
momentum_top,ACE,2020-12-07,2020-12-08,123.0045,2020-12-10,114.3942,STOP,8,-68.8825,19.9448,-88.8273,-0.090071,-0.099678,0.006833,3,False
momentum_top,TARIL,2020-12-07,2020-12-08,9.1135,2020-12-08,8.4755,STOP,109,-69.5358,19.9829,-89.5186,-0.08992,0.0,0.0,1,False
momentum_top,NCC,2020-12-07,2020-12-08,53.754,2020-12-10,49.9912,STOP,18,-67.73,19.8776,-87.6076,-0.090346,-0.073379,0.025597,3,False
momentum_top,TATACHEM,2020-12-07,2020-12-08,472.3746,2020-12-15,462.4579,MOMENTUM_FAIL,2,-19.8335,19.8788,-39.7123,-0.041943,-0.025756,0.003402,6,False
momentum_top,TEJASNET,2020-12-07,2020-12-08,133.2211,2020-12-22,122.6591,GAP_STOP,7,-73.9343,19.7171,-93.6514,-0.100206,-0.079282,0.166791,11,False
momentum_top,ATGL,2020-12-07,2020-12-08,362.0507,2020-12-15,358.1072,MOMENTUM_FAIL,2,-7.8869,18.9714,-26.8583,-0.037011,-0.034606,0.017372,6,False
momentum_top,OLECTRA,2020-12-07,2020-12-08,115.373,2020-12-08,107.2968,STOP,8,-64.6089,19.6957,-84.3045,-0.09114,0.0,0.0,1,False
momentum_top,SHRIRAMFIN,2020-12-07,2020-12-08,195.1876,2020-12-15,198.3469,MOMENTUM_FAIL,5,15.7968,20.083,-4.2862,-0.004382,-0.046512,0.024837,6,False
momentum_top,GPIL,2020-12-07,2020-12-08,118.1057,2020-12-15,116.4625,MOMENTUM_FAIL,8,-13.146,19.8928,-33.0388,-0.034891,-0.065753,0.009997,6,False
momentum_top,CHOLAFIN,2020-12-07,2020-12-08,362.3927,2020-12-15,372.1591,MOMENTUM_FAIL,2,19.5328,19.0301,0.5027,0.000692,-0.014291,0.029944,6,False
momentum_top,APOLLOTYRE,2020-12-07,2020-12-08,174.3717,2020-12-15,175.3896,MOMENTUM_FAIL,5,5.0892,19.6217,-14.5325,-0.016632,-0.039798,0.033165,6,False
momentum_top,ADANIENSOL,2020-12-07,2020-12-08,435.95,2020-12-15,431.1,MOMENTUM_FAIL,2,-9.7,19.5918,-29.2918,-0.033522,-0.048056,0.0,6,False
momentum_top,LEMONTREE,2020-12-07,2020-12-08,45.7,2020-12-10,42.501,STOP,21,-67.179,19.8455,-87.0245,-0.090481,-0.087527,0.050328,3,False
momentum_top,TTML,2020-12-14,2020-12-15,8.3,2020-12-16,7.719,STOP,120,-69.72,19.9936,-89.7136,-0.089877,-0.084337,0.0,2,False
momentum_top,TARIL,2020-12-14,2020-12-15,11.5092,2020-12-18,10.7035,STOP,86,-69.2851,19.9682,-89.2533,-0.089978,-0.092275,0.012876,4,False
momentum_top,ANANTRAJ,2020-12-14,2020-12-15,25.726,2020-12-21,23.9252,STOP,38,-68.4312,19.9185,-88.3496,-0.090178,-0.086207,0.051724,5,False
momentum_top,PGEL,2020-12-14,2020-12-15,16.095,2020-12-22,14.7817,GAP_STOP,61,-80.1156,19.9125,-100.0281,-0.10166,-0.113249,0.067018,6,False
momentum_top,ACE,2020-12-14,2020-12-15,129.9259,2020-12-18,120.8311,STOP,7,-63.6637,19.6406,-83.3043,-0.091396,-0.075342,0.027397,4,False
momentum_top,RKFORGE,2020-12-14,2020-12-15,93.8623,2020-12-21,87.2919,STOP,10,-65.7036,19.7595,-85.4631,-0.090853,-0.087866,0.087762,5,False
momentum_top,ATGL,2020-12-14,2020-12-15,358.4067,2020-12-21,333.3183,STOP,2,-50.1769,18.8545,-69.0315,-0.096093,-0.102228,0.039554,5,False
momentum_top,BBOX,2020-12-14,2020-12-15,123.1618,2020-12-22,144.2306,TARGET,8,168.5508,20.4336,148.1173,0.15,-0.017799,0.200324,6,False
momentum_top,NCC,2020-12-14,2020-12-15,52.9284,2020-12-21,49.2234,STOP,18,-66.6898,19.817,-86.5068,-0.090603,-0.166378,0.02513,5,False
momentum_top,WOCKPHARMA,2020-12-14,2020-12-15,471.4716,2020-12-21,438.4685,STOP,2,-66.006,19.7771,-85.7831,-0.090775,-0.10392,0.046046,5,False
momentum_top,TATACHEM,2020-12-14,2020-12-15,468.4722,2020-12-21,435.6791,STOP,2,-65.5861,19.7527,-85.3388,-0.090883,-0.135829,0.0,5,False
momentum_top,TEJASNET,2020-12-14,2020-12-15,131.7265,2020-12-29,122.5056,STOP,7,-64.546,19.692,-84.238,-0.091157,-0.071861,0.076778,10,False
momentum_top,CGPOWER,2020-12-14,2020-12-15,40.3534,2021-01-06,42.7242,TIME,24,56.8999,20.1352,36.7647,0.037878,-0.069767,0.162791,16,False
momentum_top,HBLENGINE,2020-12-14,2020-12-15,26.7899,2020-12-21,24.9146,STOP,37,-69.3857,19.9741,-89.3598,-0.089954,-0.144689,0.153846,5,False
momentum_top,SHRIRAMFIN,2020-12-14,2020-12-15,194.6429,2020-12-21,181.0179,STOP,5,-68.125,19.9006,-88.0256,-0.090251,-0.11903,0.033582,5,False
momentum_top,ADANIENSOL,2020-12-14,2020-12-15,425.0,2020-12-21,395.25,STOP,2,-59.5,19.3979,-78.8979,-0.092619,-0.102235,0.039765,5,False
momentum_top,JPPOWER,2020-12-14,2020-12-15,3.95,2020-12-16,3.55,GAP_STOP,252,-100.8,19.9278,-120.7278,-0.121021,-0.151899,0.0,2,False
momentum_top,GPIL,2020-12-14,2020-12-15,118.0448,2020-12-21,109.7817,STOP,8,-66.1051,19.7829,-85.888,-0.09075,-0.083419,0.006393,5,False
momentum_top,GRAPHITE,2020-12-14,2020-12-15,260.8913,2020-12-22,242.6289,STOP,3,-54.7872,19.1232,-73.9104,-0.094227,-0.085858,0.080145,6,False
momentum_top,TATASTEEL,2020-12-14,2020-12-15,52.5869,2020-12-22,50.7228,MOMENTUM_FAIL,18,-33.5538,19.8585,-53.4123,-0.056304,-0.061673,0.041703,6,False
momentum_top,TTML,2020-12-21,2020-12-22,6.9,2021-01-04,8.0794,TARGET,144,169.8371,20.4713,149.3658,0.15,0.0,0.173913,9,False
momentum_top,TARIL,2020-12-21,2020-12-22,9.5333,2021-01-13,9.7803,TIME,104,25.6855,20.1687,5.5168,0.005552,-0.049223,0.150259,16,False
momentum_top,ANANTRAJ,2020-12-21,2020-12-22,24.2277,2020-12-22,22.5318,STOP,41,-69.5335,19.9827,-89.5163,-0.08992,0.0,0.0,1,False
momentum_top,PGEL,2020-12-21,2020-12-22,14.7817,2020-12-23,13.747,STOP,67,-69.326,19.9706,-89.2967,-0.089968,-0.073311,0.007432,2,False
momentum_top,BBOX,2020-12-21,2020-12-22,139.7029,2021-01-13,148.4817,TIME,7,61.4514,20.1844,41.2671,0.042107,-0.016833,0.169187,16,False
momentum_top,ATGL,2020-12-21,2020-12-22,326.4596,2020-12-30,382.3378,TARGET,3,167.6347,20.4067,147.228,0.15,0.0,0.19159,6,False
momentum_top,TEJASNET,2020-12-21,2020-12-22,122.6591,2021-01-13,129.8831,TIME,8,57.7923,20.1911,37.6012,0.038235,-0.004874,0.168968,16,False
momentum_top,ACE,2020-12-21,2020-12-22,125.5753,2021-01-05,147.303,TARGET,7,152.0937,19.9513,132.1423,0.15,0.0,0.177165,10,False
momentum_top,CGPOWER,2020-12-21,2020-12-22,37.785,2020-12-28,44.2505,TARGET,26,168.1042,20.4205,147.6837,0.15,0.0,0.183007,4,False
momentum_top,HINDCOPPER,2020-12-21,2020-12-22,54.9923,2020-12-22,51.1429,STOP,18,-69.2903,19.9686,-89.2589,-0.089976,0.0,0.0,1,False
momentum_top,HBLENGINE,2020-12-21,2020-12-22,26.0048,2020-12-24,30.4521,TARGET,38,168.9981,20.4467,148.5515,0.15,-0.001887,0.194339,3,False
momentum_top,TATASTEEL,2020-12-21,2020-12-22,50.2716,2021-01-04,58.897,TARGET,19,163.884,20.2968,143.5872,0.15,0.0,0.174329,9,False
momentum_top,WOCKPHARMA,2020-12-21,2020-12-22,431.4179,2020-12-22,401.2187,STOP,2,-60.3985,19.4503,-79.8488,-0.09234,0.0,0.0,1,False
momentum_top,SHRIRAMFIN,2020-12-21,2020-12-22,175.923,2021-01-06,206.3599,TARGET,5,152.1847,19.954,132.2307,0.15,-0.043245,0.247291,11,False
momentum_top,INDUSINDBK,2020-12-21,2020-12-22,812.4829,2021-01-13,908.9453,TIME,1,96.4625,19.5571,76.9054,0.094448,-0.011807,0.158182,16,False
momentum_top,NCC,2020-12-21,2020-12-22,45.1313,2020-12-24,52.8462,TARGET,22,169.727,20.468,149.259,0.15,0.0,0.186992,3,False
momentum_top,ADANIENSOL,2020-12-21,2020-12-22,395.1,2021-01-11,464.2687,TARGET,2,138.3374,19.5483,118.7891,0.15,0.0,0.175399,14,False
momentum_top,SAIL,2020-12-21,2020-12-22,46.5051,2020-12-29,54.4672,TARGET,21,167.2054,20.3941,146.8112,0.15,0.0,0.181982,5,False
momentum_top,JSL,2020-12-21,2020-12-22,65.9003,2020-12-22,61.2873,STOP,15,-69.1953,19.963,-89.1583,-0.089998,0.0,0.0,1,False
momentum_top,TTML,2020-12-28,2020-12-29,8.0,2021-01-05,8.1,MOMENTUM_FAIL,124,12.4,20.1439,-7.7439,-0.007789,-0.05,0.03125,6,False
momentum_top,TARIL,2020-12-28,2020-12-29,10.62,2021-01-01,9.8766,STOP,93,-69.1364,19.9596,-89.096,-0.090012,-0.083721,0.0,4,False
momentum_top,BBOX,2020-12-28,2020-12-29,160.6285,2020-12-30,149.3845,STOP,6,-67.464,19.8621,-87.3261,-0.090411,-0.101923,0.0,2,False
momentum_top,ACE,2020-12-28,2020-12-29,138.3306,2021-01-15,128.6474,STOP,7,-67.782,19.8806,-87.6626,-0.090334,-0.070765,0.068621,14,False
momentum_top,ATGL,2020-12-28,2020-12-29,371.1855,2021-01-05,373.0325,MOMENTUM_FAIL,2,3.694,19.0721,-15.3782,-0.02067,-0.006186,0.04801,6,False
momentum_top,SAIL,2020-12-28,2020-12-29,54.2559,2021-01-04,63.5451,TARGET,18,167.2054,20.3941,146.8112,0.15,-0.016988,0.236293,5,False
momentum_top,OLECTRA,2020-12-28,2020-12-29,117.5686,2020-12-31,138.727,TARGET,8,169.2671,20.2461,149.021,0.158095,0.0,0.216469,3,False
momentum_top,HINDCOPPER,2020-12-28,2020-12-29,59.5427,2021-01-05,59.7848,MOMENTUM_FAIL,16,3.8727,19.9605,-16.0878,-0.01685,-0.017886,0.038211,6,False
momentum_top,ADANIENSOL,2020-12-28,2020-12-29,437.8,2021-01-05,437.95,MOMENTUM_FAIL,2,0.3,19.6278,-19.3277,-0.022026,-0.029237,0.021928,6,False
momentum_top,TATASTEEL,2020-12-28,2020-12-29,53.8015,2021-01-19,57.4496,TIME,18,65.665,20.1528,45.5122,0.046893,-0.021635,0.146821,16,False
momentum_top,TEJASNET,2020-12-28,2020-12-29,125.6484,2021-01-19,137.6054,TIME,7,83.6991,19.8142,63.8849,0.072476,-0.028549,0.141158,16,False
momentum_top,PGEL,2020-12-28,2020-12-29,14.8166,2020-12-30,13.7795,STOP,67,-69.49,19.9802,-89.4702,-0.08993,-0.072801,0.0,2,False
momentum_top,SCI,2020-12-28,2020-12-29,82.0001,2021-01-12,76.2601,STOP,12,-68.8801,19.9446,-88.8247,-0.090072,-0.075697,0.066591,11,False
momentum_top,HFCL,2020-12-28,2020-12-29,26.2171,2021-01-05,26.8107,MOMENTUM_FAIL,38,22.5565,20.1825,2.374,0.002378,-0.04151,0.04717,6,False
momentum_top,NCC,2020-12-28,2020-12-29,55.4969,2021-01-19,54.8089,TIME,17,-11.6957,19.8898,-31.5855,-0.033406,-0.049587,0.066116,16,False
momentum_top,TTML,2021-01-04,2021-01-05,7.95,2021-01-11,9.3089,TARGET,125,169.8603,20.4719,149.3884,0.15,0.0,0.176101,5,False
momentum_top,SUZLON,2021-01-04,2021-01-05,6.6111,2021-01-05,6.1484,STOP,150,-69.417,19.9759,-89.3929,-0.089947,0.0,0.0,1,False
momentum_top,HBLENGINE,2021-01-04,2021-01-05,38.5166,2021-01-12,37.1918,MOMENTUM_FAIL,25,-33.1193,19.9284,-53.0477,-0.054971,-0.059873,0.017834,6,False
momentum_top,SAIL,2021-01-04,2021-01-05,66.1964,2021-01-12,63.5988,MOMENTUM_FAIL,15,-38.964,20.0433,-59.0073,-0.059297,-0.06962,0.010127,6,False
momentum_top,BBOX,2021-01-04,2021-01-05,151.0725,2021-01-12,147.4852,MOMENTUM_FAIL,6,-21.5235,19.7136,-41.237,-0.045394,-0.050195,0.048612,6,False
momentum_top,TARIL,2021-01-04,2021-01-05,10.299,2021-01-06,9.578,STOP,96,-69.209,19.9638,-89.1728,-0.089995,-0.074341,0.0,2,False
momentum_top,OLECTRA,2021-01-04,2021-01-05,131.7408,2021-01-27,129.096,TIME,7,-18.5135,19.7862,-38.2997,-0.041441,-0.056061,0.126136,16,False
momentum_top,ACE,2021-01-04,2021-01-05,140.1598,2021-01-12,137.6879,MOMENTUM_FAIL,7,-17.3039,20.0375,-37.3414,-0.037977,-0.031746,0.042681,6,False
momentum_top,ATGL,2021-01-04,2021-01-05,374.7796,2021-01-12,365.2953,MOMENTUM_FAIL,2,-18.9686,19.0564,-38.0249,-0.050619,-0.037027,0.004262,6,False
momentum_top,JSL,2021-01-04,2021-01-05,81.7634,2021-01-27,81.8123,TIME,12,0.5872,20.0741,-19.4869,-0.019818,-0.065869,0.149701,16,False
momentum_top,HINDCOPPER,2021-01-04,2021-01-05,59.0587,2021-01-22,54.9246,STOP,16,-66.1457,19.7853,-85.931,-0.09074,-0.072951,0.141803,14,False
momentum_top,CGPOWER,2021-01-04,2021-01-05,42.5267,2021-01-12,41.1437,MOMENTUM_FAIL,23,-31.8085,19.9953,-51.8037,-0.052847,-0.055749,0.036005,6,False
momentum_top,NCC,2021-01-04,2021-01-05,57.7901,2021-01-12,56.2766,MOMENTUM_FAIL,17,-25.7305,20.0259,-45.7563,-0.046473,-0.053175,0.022222,6,False
momentum_top,TATASTEEL,2021-01-04,2021-01-05,57.9472,2021-01-22,53.8909,STOP,17,-68.9572,19.9491,-88.9064,-0.090054,-0.077656,0.064774,14,False
momentum_top,MMTC,2021-01-04,2021-01-05,29.9,2021-01-11,27.807,STOP,33,-69.069,19.9557,-89.0247,-0.090028,-0.083612,0.046823,5,False
momentum_top,CHOLAFIN,2021-01-04,2021-01-05,426.1702,2021-01-12,437.0711,MOMENTUM_FAIL,2,21.8017,19.5734,2.2283,0.002609,-0.032176,0.043981,6,False
momentum_top,GRAVITA,2021-01-04,2021-01-05,79.0137,2021-01-11,73.4828,STOP,12,-66.3715,19.7984,-86.17,-0.090683,-0.085366,0.060976,5,False
momentum_top,TEJASNET,2021-01-04,2021-01-05,134.5165,2021-01-12,132.4738,MOMENTUM_FAIL,7,-14.2986,19.8768,-34.1754,-0.036215,-0.054815,0.042963,6,False
momentum_top,SCI,2021-01-04,2021-01-05,84.8937,2021-01-12,81.6267,MOMENTUM_FAIL,11,-35.9363,19.7999,-55.7362,-0.059555,-0.107202,0.0,6,False
momentum_top,SUZLON,2021-01-11,2021-01-12,6.3816,2021-01-14,5.8307,GAP_STOP,156,-85.9449,19.9586,-105.9035,-0.106147,-0.086331,0.0,3,False
momentum_top,HBLENGINE,2021-01-11,2021-01-12,38.2222,2021-01-15,35.5466,STOP,26,-69.5643,19.9845,-89.5489,-0.089913,-0.101412,0.0,4,False
momentum_top,SAIL,2021-01-11,2021-01-12,62.7609,2021-01-14,57.8171,GAP_STOP,15,-74.1565,19.7541,-93.9106,-0.099537,-0.110147,0.038718,3,False
momentum_top,OLECTRA,2021-01-11,2021-01-12,137.5793,2021-01-22,127.9487,STOP,7,-67.4138,19.8592,-87.273,-0.090423,-0.079072,0.078346,9,False
momentum_top,ELECON,2021-01-11,2021-01-12,24.3193,2021-01-18,22.617,STOP,41,-69.7964,19.9981,-89.7945,-0.08986,-0.110664,0.024145,5,False
momentum_top,FACT,2021-01-11,2021-01-12,92.6941,2021-01-12,86.2055,STOP,10,-64.8859,19.7118,-84.5977,-0.091066,0.0,0.0,1,False
momentum_top,TARIL,2021-01-11,2021-01-12,9.3851,2021-01-22,8.7282,STOP,106,-69.6378,19.9888,-89.6266,-0.089896,-0.1,0.052632,9,False
momentum_top,VEDL,2021-01-11,2021-01-12,86.0132,2021-01-19,83.4242,MOMENTUM_FAIL,11,-28.4792,19.8671,-48.3462,-0.050987,-0.068841,0.026756,6,False
momentum_top,HFCL,2021-01-11,2021-01-12,32.6477,2021-01-13,30.3624,STOP,30,-68.5602,19.926,-88.4862,-0.090147,-0.071212,0.0,2,False
momentum_top,HINDCOPPER,2021-01-11,2021-01-12,62.4473,2021-01-18,58.076,STOP,15,-65.5696,19.7517,-85.3213,-0.090888,-0.083721,0.077519,5,False
momentum_top,ACE,2021-01-11,2021-01-12,137.144,2021-01-18,127.5439,STOP,7,-67.2006,19.8468,-87.0473,-0.090476,-0.091564,0.027758,5,False
momentum_top,ATGL,2021-01-11,2021-01-12,364.6963,2021-01-19,358.1072,MOMENTUM_FAIL,2,-13.1782,18.983,-32.1612,-0.043997,-0.066521,0.012592,6,False
momentum_top,BBOX,2021-01-11,2021-01-12,143.888,2021-02-03,168.8318,TARGET,6,149.6625,19.8801,129.7824,0.15,-0.00921,0.173477,16,False
momentum_top,SHRIRAMFIN,2021-01-11,2021-01-12,226.0544,2021-01-19,223.0313,MOMENTUM_FAIL,4,-12.0926,19.7234,-31.816,-0.035109,-0.06494,0.028755,6,False
momentum_top,RVNL,2021-01-11,2021-01-12,29.4155,2021-01-14,27.3564,STOP,33,-67.9497,19.8904,-87.8401,-0.090293,-0.088235,0.004412,3,False
momentum_top,NCC,2021-01-11,2021-01-12,55.9555,2021-01-19,54.8089,MOMENTUM_FAIL,17,-19.4927,19.9069,-39.3995,-0.041329,-0.048361,0.036066,6,False
momentum_top,TEJASNET,2021-01-11,2021-01-12,134.7158,2021-01-19,137.6054,MOMENTUM_FAIL,7,20.2273,19.953,0.2743,0.00029,-0.056953,0.024778,6,False
momentum_top,MMTC,2021-01-11,2021-01-12,30.6,2021-01-22,28.458,STOP,32,-68.544,19.9251,-88.4691,-0.090151,-0.089869,0.078431,9,False
momentum_top,TRIDENT,2021-01-11,2021-01-12,13.4789,2021-01-22,12.5354,STOP,74,-69.8206,19.9995,-89.8201,-0.089854,-0.070707,0.053872,9,False
momentum_top,OLECTRA,2021-01-18,2021-01-19,135.134,2021-01-27,129.096,MOMENTUM_FAIL,7,-42.2666,19.8381,-62.1047,-0.065511,-0.079763,0.045421,6,False
momentum_top,SUZLON,2021-01-18,2021-01-19,6.4734,2021-01-20,6.0203,STOP,154,-69.7833,19.9973,-89.7806,-0.089863,-0.078014,0.0,2,False
momentum_top,TARIL,2021-01-18,2021-01-19,9.237,2021-01-22,8.5904,STOP,108,-69.8314,20.0001,-89.8315,-0.089852,-0.085562,0.029412,4,False
momentum_top,HBLENGINE,2021-01-18,2021-01-19,32.6287,2021-02-10,34.2478,TIME,30,48.5752,20.1621,28.4131,0.028963,0.0,0.157895,16,False
momentum_top,J&KBANK,2021-01-18,2021-01-19,27.9409,2021-01-25,25.985,STOP,35,-68.4551,19.9199,-88.375,-0.090172,-0.070085,0.08718,5,False
momentum_top,ELECON,2021-01-18,2021-01-19,22.1908,2021-02-09,25.9901,TARGET,44,167.1724,20.3932,146.7792,0.15,-0.00441,0.177508,15,False
momentum_top,GRAVITA,2021-01-18,2021-01-19,79.0137,2021-01-27,74.5813,MOMENTUM_FAIL,12,-53.1897,19.8253,-73.015,-0.076839,-0.060366,0.018293,6,False
momentum_top,TMPV,2021-01-18,2021-01-19,245.0193,2021-01-21,286.955,TARGET,4,167.7429,20.4099,147.333,0.15,0.0,0.188867,3,False
momentum_top,MMTC,2021-01-18,2021-01-19,30.2,2021-01-22,28.086,STOP,33,-69.762,19.996,-89.758,-0.089868,-0.077815,0.029801,4,False
momentum_top,SAIL,2021-01-18,2021-01-19,55.8899,2021-01-22,51.9776,STOP,17,-66.5089,19.8064,-86.3154,-0.090648,-0.16042,0.011245,4,False
momentum_top,ATGL,2021-01-18,2021-01-19,349.3717,2021-02-03,411.4587,TARGET,2,124.1739,19.1333,105.0407,0.15,-0.004143,0.180597,11,False
momentum_top,JWL,2021-01-18,2021-01-19,25.5645,2021-01-20,23.775,STOP,39,-69.7912,19.9977,-89.789,-0.089861,-0.07767,0.0,2,False
momentum_top,HFCL,2021-01-18,2021-01-19,30.2239,2021-01-27,28.1082,STOP,33,-69.8172,19.9993,-89.8164,-0.089855,-0.076923,0.090016,6,False
momentum_top,ACE,2021-01-18,2021-01-19,128.5417,2021-02-02,150.7287,TARGET,7,155.3094,20.0456,135.2638,0.15,-0.037692,0.195,10,False
momentum_top,VEDL,2021-01-18,2021-01-19,81.5064,2021-01-27,78.1263,MOMENTUM_FAIL,12,-40.5615,19.9773,-60.5388,-0.061761,-0.047059,0.030882,6,False
momentum_top,NCC,2021-01-18,2021-01-19,55.3134,2021-01-27,54.3044,MOMENTUM_FAIL,18,-18.1626,20.0971,-38.2597,-0.038343,-0.057214,0.03068,6,False
momentum_top,HINDCOPPER,2021-01-18,2021-01-19,58.865,2021-01-25,54.7445,STOP,16,-65.9288,19.7726,-85.7015,-0.090795,-0.118421,0.046053,5,False
momentum_top,RVNL,2021-01-18,2021-01-19,27.0795,2021-01-22,25.184,STOP,36,-68.2404,19.9074,-88.1478,-0.090223,-0.08147,0.022364,4,False
momentum_top,ANANTRAJ,2021-01-25,2021-01-27,39.2093,2021-01-28,36.2427,GAP_STOP,25,-74.1664,19.918,-94.0844,-0.095772,-0.078184,0.001261,2,False
momentum_top,OLECTRA,2021-01-25,2021-01-27,128.7466,2021-02-02,151.5518,TARGET,7,159.6358,20.0604,139.5754,0.154535,-0.020543,0.177132,5,False
momentum_top,TMPV,2021-01-25,2021-01-27,267.8163,2021-02-01,249.0692,STOP,3,-56.2414,19.208,-75.4494,-0.093702,-0.071117,0.025828,4,False
momentum_top,JKTYRE,2021-01-25,2021-01-27,131.4481,2021-01-28,120.5254,GAP_STOP,7,-76.4583,19.6595,-96.1178,-0.104233,-0.123209,0.0,2,False
momentum_top,ELECON,2021-01-25,2021-01-27,22.5822,2021-02-10,26.4422,TARGET,44,169.8398,20.4713,149.3685,0.15,-0.021668,0.173348,11,False
momentum_top,TARIL,2021-01-25,2021-01-27,8.249,2021-02-03,8.4466,MOMENTUM_FAIL,120,23.7098,20.158,3.5518,0.00358,-0.035928,0.04491,6,False
momentum_top,J&KBANK,2021-01-25,2021-01-27,26.3169,2021-02-05,30.824,TARGET,37,166.7594,20.3811,146.3783,0.15,-0.049002,0.177858,8,False
momentum_top,TRIDENT,2021-01-25,2021-01-27,12.5258,2021-01-28,11.649,STOP,79,-69.2678,19.9672,-89.2351,-0.089982,-0.07971,0.054348,2,False
momentum_top,ACE,2021-01-25,2021-01-27,127.3551,2021-02-02,149.3584,TARGET,7,154.0231,20.0079,134.0152,0.15,-0.028727,0.206133,5,False
momentum_top,GRAVITA,2021-01-25,2021-01-27,75.8339,2021-01-28,70.5255,STOP,13,-69.0089,19.9521,-88.961,-0.090042,-0.072427,0.038755,2,False
momentum_top,ATGL,2021-01-25,2021-01-27,374.3803,2021-02-16,440.3402,TARGET,2,131.9199,19.3602,112.5596,0.15,-0.030933,0.357067,15,False
momentum_top,NCC,2021-01-25,2021-01-27,55.0841,2021-02-03,64.5015,TARGET,18,169.5139,20.4618,149.0521,0.15,-0.041632,0.311407,6,False
momentum_top,DLF,2021-01-25,2021-01-27,257.1008,2021-02-08,302.2378,TARGET,3,135.4108,19.4625,115.9483,0.15,-0.067124,0.182644,9,False
momentum_top,SOBHA,2021-01-25,2021-01-27,463.4216,2021-02-03,455.7957,MOMENTUM_FAIL,2,-15.2518,19.8125,-35.0643,-0.037749,-0.037975,0.027426,6,False
momentum_top,SAIL,2021-01-25,2021-01-27,48.5999,2021-02-08,56.9245,TARGET,20,166.4917,20.3732,146.1184,0.15,-0.046552,0.194646,9,False
momentum_top,VEDL,2021-01-25,2021-01-27,79.229,2021-02-17,92.829,TARGET,12,163.2008,20.2768,142.924,0.15,-0.029955,0.181845,16,False
momentum_top,SHRIRAMFIN,2021-01-25,2021-01-27,214.2161,2021-02-02,251.3814,TARGET,4,148.6614,19.8508,128.8106,0.15,-0.0698,0.21207,5,False
momentum_top,HFCL,2021-01-25,2021-01-27,28.6904,2021-02-02,26.6821,STOP,34,-68.2832,19.9099,-88.1931,-0.090213,-0.075862,0.091379,5,False
momentum_top,BANKBARODA,2021-01-25,2021-01-27,63.1604,2021-01-28,58.7391,STOP,15,-66.3184,19.7953,-86.1137,-0.090696,-0.123046,0.0,2,False
momentum_top,ANANTRAJ,2021-02-01,2021-02-02,40.0499,2021-02-10,46.9174,TARGET,24,164.819,20.3242,144.4948,0.15,-0.046914,0.17284,7,False
momentum_top,ELECON,2021-02-01,2021-02-02,22.7535,2021-02-11,26.6484,TARGET,43,167.4831,20.4023,147.0808,0.15,0.0,0.27957,8,False
momentum_top,HBLENGINE,2021-02-01,2021-02-02,35.6217,2021-02-09,34.1497,MOMENTUM_FAIL,28,-41.2152,20.0576,-61.2728,-0.061298,-0.046832,0.016529,6,False
momentum_top,NCC,2021-02-01,2021-02-02,62.3766,2021-02-04,73.1008,TARGET,15,160.8626,20.2083,140.6543,0.15,-0.017647,0.172059,3,False
momentum_top,HINDCOPPER,2021-02-01,2021-02-02,62.4473,2021-02-05,73.1824,TARGET,15,161.0266,20.2131,140.8135,0.15,-0.027907,0.181395,4,False
momentum_top,TRIDENT,2021-02-01,2021-02-02,13.2973,2021-02-09,12.662,MOMENTUM_FAIL,75,-47.6526,20.044,-67.6966,-0.067732,-0.051195,0.010239,6,False
momentum_top,TARIL,2021-02-01,2021-02-02,8.1503,2021-02-08,9.8297,TARGET,122,204.8926,20.5457,184.3469,0.184993,-0.012121,0.206061,5,False
momentum_top,JKTYRE,2021-02-01,2021-02-02,122.4087,2021-02-19,113.8401,STOP,8,-68.5488,19.9253,-88.4742,-0.09015,-0.076923,0.110385,14,False
momentum_top,GRAPHITE,2021-02-01,2021-02-02,298.9614,2021-02-08,350.5811,TARGET,3,154.8591,20.0324,134.8268,0.15,-0.014501,0.281118,5,False
momentum_top,VEDL,2021-02-01,2021-02-02,82.9687,2021-02-22,97.1479,TARGET,12,170.1506,20.4804,149.6701,0.15,-0.002889,0.203121,15,False
momentum_top,GRAVITA,2021-02-01,2021-02-02,76.4121,2021-02-09,75.9137,MOMENTUM_FAIL,13,-6.4784,20.1112,-26.5896,-0.026709,-0.044905,0.036339,6,False
momentum_top,INOXWIND,2021-02-01,2021-02-02,16.825,2021-02-09,16.6375,MOMENTUM_FAIL,59,-11.0625,20.099,-31.1615,-0.031323,-0.061664,0.017088,6,False
momentum_top,TTML,2021-02-08,2021-02-09,19.7,2021-02-11,17.85,GAP_STOP,50,-92.5,19.9008,-112.4008,-0.113864,-0.093909,0.0,3,False
momentum_top,OLECTRA,2021-02-08,2021-02-09,172.8598,2021-03-02,176.6024,TIME,5,18.7133,19.6176,-0.9043,-0.001044,-0.038683,0.132506,16,False
momentum_top,NCC,2021-02-08,2021-02-09,91.5927,2021-02-09,85.1813,STOP,10,-64.1149,19.6669,-83.7818,-0.091273,0.0,0.0,1,False
momentum_top,ANANTRAJ,2021-02-08,2021-02-09,44.2032,2021-02-11,41.0882,GAP_STOP,22,-68.5298,19.8967,-88.4265,-0.090731,-0.076063,0.06264,3,False
momentum_top,GRAPHITE,2021-02-08,2021-02-09,386.5725,2021-02-17,454.4206,TARGET,2,135.6962,19.4709,116.2253,0.15,-0.063084,0.189252,7,False
momentum_top,TMPV,2021-02-08,2021-02-09,328.3161,2021-02-16,320.7171,MOMENTUM_FAIL,3,-22.797,20.0425,-42.8395,-0.043399,-0.051929,0.002671,6,False
momentum_top,HINDCOPPER,2021-02-08,2021-02-09,74.4526,2021-02-16,73.9686,MOMENTUM_FAIL,13,-6.2932,20.004,-26.2972,-0.027111,-0.057217,0.022757,6,False
momentum_top,IIFL,2021-02-08,2021-02-09,198.4441,2021-02-10,232.3688,TARGET,5,169.6235,20.465,149.1585,0.15,0.0,0.193359,2,False
momentum_top,ACE,2021-02-08,2021-02-09,159.6389,2021-03-02,154.0522,TIME,6,-33.5199,19.9062,-53.4261,-0.055656,-0.067204,0.06101,16,False
momentum_top,SUZLON,2021-02-08,2021-02-09,6.0143,2021-02-10,5.5933,STOP,165,-69.4652,19.9787,-89.4439,-0.089936,-0.083969,0.0,2,False
momentum_top,INDIANB,2021-02-08,2021-02-09,110.9596,2021-02-18,130.1387,TARGET,8,153.4332,19.9906,133.4426,0.15,-0.065972,0.21142,8,False
momentum_top,TARIL,2021-02-08,2021-02-09,9.3851,2021-02-10,8.7282,STOP,106,-69.6378,19.9888,-89.6266,-0.089896,-0.081579,0.0,2,False
momentum_top,J&KBANK,2021-02-08,2021-02-09,30.0902,2021-02-10,27.9838,STOP,33,-69.5083,19.9813,-89.4895,-0.089926,-0.079365,0.022222,2,False
momentum_top,INTELLECT,2021-02-08,2021-02-09,467.5059,2021-02-09,434.7805,STOP,2,-65.4508,19.7448,-85.1956,-0.090918,0.0,0.0,1,False
momentum_top,TEJASNET,2021-02-08,2021-02-09,179.2557,2021-02-10,166.7078,STOP,5,-62.7395,19.5867,-82.3262,-0.091653,-0.101445,0.0,2,False
momentum_top,TRIDENT,2021-02-08,2021-02-09,12.9797,2021-02-16,12.2989,MOMENTUM_FAIL,76,-51.7372,19.9899,-71.7271,-0.072553,-0.059441,0.013986,6,False
momentum_top,ELECON,2021-02-08,2021-02-09,24.4661,2021-02-11,28.6541,TARGET,40,167.521,20.4034,147.1176,0.15,0.0,0.19,3,False
momentum_top,OLECTRA,2021-02-15,2021-02-16,180.6445,2021-02-22,167.9994,STOP,5,-63.2256,19.6151,-82.8406,-0.091517,-0.070718,0.020442,5,False
momentum_top,GRAPHITE,2021-02-15,2021-02-16,394.34,2021-03-09,425.9974,TIME,2,63.3148,19.3891,43.9257,0.055574,0.0,0.165827,16,False
momentum_top,TTML,2021-02-15,2021-02-16,15.35,2021-02-18,18.6,TARGET,65,211.25,20.5731,190.6769,0.19069,0.0,0.211726,3,False
momentum_top,NCC,2021-02-15,2021-02-16,79.3009,2021-03-09,78.2001,TIME,12,-13.2092,19.9212,-33.1305,-0.034739,-0.039907,0.119722,16,False
momentum_top,ANANTRAJ,2021-02-15,2021-02-16,41.0388,2021-02-24,49.8893,TARGET,24,212.4126,20.5213,191.8913,0.194402,-0.027711,0.215663,7,False
momentum_top,IIFL,2021-02-15,2021-02-16,238.85,2021-02-17,222.1305,STOP,4,-66.878,19.828,-86.7059,-0.090556,-0.11785,0.0,2,False
momentum_top,HINDCOPPER,2021-02-15,2021-02-16,73.4845,2021-02-18,86.0926,TARGET,13,163.9054,20.2974,143.608,0.15,-0.01054,0.197629,3,False
momentum_top,ADANIENT,2021-02-15,2021-02-16,757.8196,2021-03-03,891.1424,TARGET,1,133.3228,19.4013,113.9215,0.15,-0.040132,0.243289,12,False
momentum_top,INDIANB,2021-02-15,2021-02-16,108.7335,2021-02-18,127.3462,TARGET,9,167.5144,20.4032,147.1112,0.15,0.0,0.23622,3,False
momentum_top,TMPV,2021-02-15,2021-02-16,326.8061,2021-02-19,303.9297,STOP,3,-68.6293,19.93,-88.5593,-0.090131,-0.101505,0.0,4,False
momentum_top,TRIDENT,2021-02-15,2021-02-16,12.662,2021-03-09,12.7527,TIME,78,7.0799,20.1147,-13.0347,-0.013169,-0.039426,0.09319,16,False
momentum_top,J&KBANK,2021-02-15,2021-02-16,27.9886,2021-03-09,27.7976,TIME,35,-6.6867,20.0527,-26.7394,-0.027237,-0.02901,0.12628,16,False
momentum_top,ELECON,2021-02-15,2021-02-16,27.0106,2021-02-22,25.1198,STOP,36,-68.0667,19.8972,-87.9639,-0.090265,-0.076087,0.021739,5,False
momentum_top,ADANIENSOL,2021-02-15,2021-02-16,690.0,2021-02-17,812.8199,TARGET,1,122.8199,19.0936,103.7263,0.15,0.0,0.188406,2,False
momentum_top,TATACHEM,2021-02-15,2021-02-16,525.2178,2021-02-25,624.3848,TARGET,1,99.167,18.3496,80.8174,0.153538,0.0,0.29021,8,False
momentum_top,OLECTRA,2021-02-22,2021-02-23,171.0135,2021-03-09,205.4457,TARGET,5,172.1612,19.891,152.2702,0.177691,0.0,0.201342,11,False
momentum_top,POONAWALLA,2021-02-22,2021-02-23,113.2254,2021-02-25,103.8312,GAP_STOP,8,-75.154,19.6017,-94.7557,-0.104381,-0.106114,0.0,3,False
momentum_top,TTML,2021-02-22,2021-02-23,16.0,2021-02-25,14.25,GAP_STOP,62,-108.5,19.8977,-128.3977,-0.129151,-0.109375,0.0,3,False
momentum_top,INDIANB,2021-02-22,2021-02-23,117.7233,2021-03-15,109.4827,STOP,8,-65.925,19.7724,-85.6975,-0.090796,-0.087636,0.072364,14,False
momentum_top,ADANIENSOL,2021-02-22,2021-02-23,762.0,2021-02-24,708.66,STOP,1,-53.34,19.0389,-72.3789,-0.094778,-0.098425,0.0,2,False
momentum_top,NCC,2021-02-22,2021-02-23,81.2731,2021-03-17,78.4294,TIME,12,-34.1237,19.9786,-54.1023,-0.055353,-0.048533,0.092551,16,False
momentum_top,TEJASNET,2021-02-22,2021-02-23,199.2837,2021-03-02,185.3338,STOP,5,-69.7493,19.9953,-89.7446,-0.089871,-0.0725,0.052,6,False
momentum_top,ADANIENT,2021-02-22,2021-02-23,812.4623,2021-03-17,871.3928,TIME,1,58.9304,19.4806,39.4498,0.04845,-0.023748,0.159671,16,False
momentum_top,GRAPHITE,2021-02-22,2021-02-23,432.7715,2021-03-02,419.9008,MOMENTUM_FAIL,2,-25.7414,19.5323,-45.2737,-0.052193,-0.060628,0.035897,6,False
momentum_top,BANKINDIA,2021-02-22,2021-02-23,73.8003,2021-03-01,68.6343,STOP,13,-67.1583,19.8443,-87.0026,-0.090486,-0.070358,0.040946,5,False
momentum_top,HEGAM,2021-02-22,2021-02-23,276.5458,2021-03-02,264.8214,MOMENTUM_FAIL,3,-35.1734,19.3615,-54.5349,-0.06559,-0.050748,0.005568,6,False
momentum_top,MAHABANK,2021-02-22,2021-02-23,18.8774,2021-02-23,17.556,STOP,52,-68.7139,19.935,-88.6488,-0.090111,0.0,0.0,1,False
momentum_top,BANKBARODA,2021-02-22,2021-02-23,77.5443,2021-03-01,72.1162,STOP,12,-65.1372,19.7265,-84.8637,-0.091,-0.081949,0.003876,5,False
momentum_top,VEDL,2021-02-22,2021-02-23,97.9515,2021-03-17,107.7802,TIME,10,98.2871,20.2661,78.021,0.079479,-0.013705,0.134116,16,False
momentum_top,TMPV,2021-02-22,2021-02-23,300.5505,2021-03-17,297.9201,TIME,3,-7.8912,19.7211,-27.6123,-0.030557,-0.014587,0.157212,16,False
momentum_top,TRIDENT,2021-02-22,2021-02-23,12.662,2021-03-02,12.662,MOMENTUM_FAIL,78,0.0,20.1002,-20.1002,-0.020307,-0.014337,0.02509,6,False
momentum_top,POONAWALLA,2021-03-01,2021-03-02,122.0264,2021-03-19,113.4845,STOP,8,-68.3348,19.9129,-88.2476,-0.090201,-0.076175,0.151945,13,False
momentum_top,IIFL,2021-03-01,2021-03-02,276.4943,2021-03-17,327.5103,TARGET,3,153.0482,19.7441,133.3041,0.160357,-0.016822,0.213597,11,False
momentum_top,TTML,2021-03-01,2021-03-02,15.35,2021-03-03,14.2755,STOP,65,-69.8425,20.0007,-89.8432,-0.089849,-0.091205,0.0,2,False
momentum_top,OLECTRA,2021-03-01,2021-03-02,178.6983,2021-03-10,215.6756,TARGET,5,184.8862,20.0792,164.807,0.18405,-0.019827,0.206925,7,False
momentum_top,FACT,2021-03-01,2021-03-02,106.7976,2021-03-02,99.3217,STOP,9,-67.2825,19.8515,-87.134,-0.090456,0.0,0.0,1,False
momentum_top,ANANTRAJ,2021-03-01,2021-03-02,51.4221,2021-03-08,60.2257,TARGET,19,167.2694,20.396,146.8734,0.15,0.0,0.202885,5,False
momentum_top,NCC,2021-03-01,2021-03-02,84.9882,2021-03-09,78.2001,MOMENTUM_FAIL,11,-74.6684,19.7254,-94.3938,-0.10075,-0.085807,0.029682,6,False
momentum_top,ADANIENT,2021-03-01,2021-03-02,854.9401,2021-03-23,1003.3035,TARGET,1,148.3634,19.842,128.5214,0.15,-0.020061,0.267436,15,False
momentum_top,INDIANB,2021-03-01,2021-03-02,118.451,2021-03-09,115.7113,MOMENTUM_FAIL,8,-21.918,19.8866,-41.8046,-0.04402,-0.031442,0.040477,6,False
momentum_top,GRAPHITE,2021-03-01,2021-03-02,433.5392,2021-03-24,443.3842,TIME,2,19.69,19.6313,0.0587,6.8e-05,-0.0375,0.11875,16,False
momentum_top,MAHABANK,2021-03-01,2021-03-02,20.116,2021-03-05,18.7079,STOP,49,-68.9979,19.9515,-88.9494,-0.090044,-0.078556,0.016985,4,False
momentum_top,TMPV,2021-03-01,2021-03-02,322.5682,2021-03-17,299.9884,STOP,3,-67.7393,19.8782,-87.6175,-0.090344,-0.081848,0.078224,11,False
momentum_top,ADANIENSOL,2021-03-01,2021-03-02,763.0,2021-03-24,864.55,TIME,1,101.55,19.3585,82.1915,0.107486,-0.06422,0.166121,16,False
momentum_top,HINDCOPPER,2021-03-08,2021-03-09,138.0133,2021-03-10,128.3524,STOP,7,-67.6265,19.8716,-87.4981,-0.090371,-0.070502,0.0,2,False
momentum_top,POONAWALLA,2021-03-08,2021-03-09,124.5974,2021-03-18,115.8756,STOP,8,-69.7746,19.9968,-89.7713,-0.089865,-0.071429,0.128175,7,False
momentum_top,IIFL,2021-03-08,2021-03-09,290.5443,2021-03-26,270.2062,STOP,3,-61.0143,19.4862,-80.5005,-0.092154,-0.099216,0.154911,13,False
momentum_top,ANANTRAJ,2021-03-08,2021-03-09,58.2949,2021-03-10,54.2142,STOP,17,-69.3709,19.9732,-89.3441,-0.089958,-0.083969,0.005089,2,False
momentum_top,FACT,2021-03-08,2021-03-09,125.2866,2021-03-09,116.5165,STOP,7,-61.3904,19.5081,-80.8985,-0.092043,0.0,0.0,1,False
momentum_top,MMTC,2021-03-08,2021-03-09,45.65,2021-03-09,42.4545,STOP,21,-67.1055,19.8412,-86.9467,-0.090499,0.0,0.0,1,False
momentum_top,ADANIENT,2021-03-08,2021-03-09,915.3662,2021-03-17,871.3928,MOMENTUM_FAIL,1,-43.9735,19.7056,-63.679,-0.069415,-0.057734,0.006318,6,False
momentum_top,ATGL,2021-03-08,2021-03-09,727.7953,2021-03-19,676.8497,STOP,1,-50.9457,18.8993,-69.845,-0.095759,-0.079561,0.068518,8,False
momentum_top,HEGAM,2021-03-08,2021-03-09,292.0362,2021-03-25,271.5937,STOP,3,-61.3276,19.5045,-80.8321,-0.092061,-0.105165,0.070671,12,False
momentum_top,ADANIENSOL,2021-03-08,2021-03-09,801.1,2021-03-09,745.023,STOP,1,-56.077,19.1984,-75.2754,-0.09376,0.0,0.0,1,False
momentum_top,APLAPOLLO,2021-03-08,2021-03-09,683.3927,2021-03-10,635.5552,STOP,1,-47.8375,18.7182,-66.5557,-0.097178,-0.079547,0.0,2,False
momentum_top,NBCC,2021-03-08,2021-03-09,32.3845,2021-03-09,30.1175,STOP,30,-68.0074,19.8938,-87.9011,-0.090279,0.0,0.0,1,False
momentum_top,TMPV,2021-03-08,2021-03-09,316.6254,2021-03-17,297.9201,MOMENTUM_FAIL,3,-56.1158,19.8265,-75.9423,-0.079775,-0.064615,0.004615,6,False
momentum_top,IDFCFIRSTB,2021-03-08,2021-03-09,67.3312,2021-03-17,60.5235,MOMENTUM_FAIL,14,-95.3071,19.7162,-115.0233,-0.121757,-0.104797,0.005166,6,False
momentum_top,POONAWALLA,2021-03-15,2021-03-16,124.993,2021-03-18,116.2435,STOP,7,-61.2466,19.4997,-80.7463,-0.092085,-0.074367,0.054193,3,False
momentum_top,IIFL,2021-03-15,2021-03-16,309.7783,2021-03-22,288.0938,STOP,3,-65.0534,19.7216,-84.775,-0.091022,-0.09853,0.083203,5,False
momentum_top,HINDCOPPER,2021-03-15,2021-03-16,130.9456,2021-03-17,121.7794,STOP,7,-64.1634,19.6697,-83.8331,-0.091259,-0.074677,0.0,2,False
momentum_top,FACT,2021-03-15,2021-03-16,118.1102,2021-03-17,109.8425,STOP,8,-66.1417,19.785,-85.9268,-0.090741,-0.105485,0.0,2,False
momentum_top,ANANTRAJ,2021-03-15,2021-03-16,55.3776,2021-03-18,51.5012,STOP,18,-69.7758,19.9968,-89.7727,-0.089865,-0.076786,0.025893,3,False
momentum_top,ATGL,2021-03-15,2021-03-16,754.6009,2021-03-19,701.7789,STOP,1,-52.8221,19.0087,-71.8308,-0.094983,-0.112258,0.030562,4,False
momentum_top,OLECTRA,2021-03-15,2021-03-16,209.5875,2021-04-08,217.472,TIME,4,31.5378,19.5341,12.0037,0.014287,-0.050476,0.103333,16,False
momentum_top,ADANIENT,2021-03-15,2021-03-16,898.116,2021-03-23,1053.1659,TARGET,1,155.0499,20.038,135.0119,0.15,-0.06717,0.206506,6,False
momentum_top,HEGAM,2021-03-15,2021-03-16,303.5845,2021-03-18,282.3336,STOP,3,-63.7527,19.6458,-83.3985,-0.091371,-0.087232,0.0,3,False
momentum_top,MMTC,2021-03-15,2021-03-16,46.25,2021-03-17,43.0125,STOP,21,-67.9875,19.8926,-87.8801,-0.090284,-0.096216,0.0,2,False
momentum_top,ADANIENSOL,2021-03-15,2021-03-16,782.3,2021-03-19,727.539,STOP,1,-54.761,19.1217,-73.8827,-0.094237,-0.087307,0.009779,4,False
momentum_top,GRAPHITE,2021-03-15,2021-03-16,469.3062,2021-03-23,457.0677,MOMENTUM_FAIL,2,-24.4769,19.8434,-44.3203,-0.047116,-0.055812,0.008468,6,False
momentum_top,TMPV,2021-03-15,2021-03-16,312.7284,2021-03-19,290.8374,STOP,3,-65.673,19.7577,-85.4307,-0.090861,-0.09595,0.0,4,False
momentum_top,IDFCFIRSTB,2021-03-15,2021-03-16,65.3435,2021-03-17,60.7695,STOP,15,-68.6107,19.9289,-88.5397,-0.090135,-0.077567,0.0,2,False
momentum_top,ELECON,2021-03-15,2021-03-16,32.0261,2021-03-18,29.7843,STOP,31,-69.4967,19.9806,-89.4773,-0.089929,-0.147441,0.062643,3,False
momentum_top,POONAWALLA,2021-03-22,2021-03-23,116.9831,2021-03-26,108.7943,STOP,8,-65.5106,19.7483,-85.2588,-0.090903,-0.081572,0.016483,4,False
momentum_top,PGEL,2021-03-22,2021-03-23,40.8394,2021-03-25,37.9529,GAP_STOP,24,-69.2742,19.9276,-89.2018,-0.09081,-0.099413,0.000245,3,False
momentum_top,IIFL,2021-03-22,2021-03-23,295.5344,2021-03-25,274.847,STOP,3,-62.0622,19.5473,-81.6095,-0.091847,-0.074426,0.009836,3,False
momentum_top,ATGL,2021-03-22,2021-03-23,831.6235,2021-04-01,983.3722,TARGET,1,151.7488,19.7505,131.9983,0.158377,0.0,0.305882,7,False
momentum_top,INTELLECT,2021-03-22,2021-03-23,671.9424,2021-03-23,624.9064,STOP,1,-47.036,18.6715,-65.7074,-0.097574,0.0,0.0,1,False
momentum_top,ANANTRAJ,2021-03-22,2021-03-23,53.8943,2021-04-12,50.1217,STOP,18,-67.9068,19.8879,-87.7947,-0.090304,-0.07156,0.082569,13,False
momentum_top,FACT,2021-03-22,2021-03-23,114.7214,2021-03-25,106.6909,STOP,8,-64.244,19.6744,-83.9184,-0.091238,-0.104257,0.0,3,False
momentum_top,ADANIENT,2021-03-22,2021-03-23,996.1338,2021-04-06,1166.3633,TARGET,1,170.2295,20.4828,149.7467,0.15,-0.022022,0.242242,9,False
momentum_top,HINDCOPPER,2021-03-22,2021-03-23,119.0855,2021-04-07,139.5231,TARGET,8,163.5006,20.2856,143.215,0.15,-0.034146,0.180894,10,False
momentum_top,ADANIENSOL,2021-03-22,2021-03-23,799.3,2021-04-01,939.0467,TARGET,1,139.7467,19.5896,120.1571,0.15,0.0,0.250094,7,False
momentum_top,MMTC,2021-03-22,2021-03-23,42.8,2021-04-12,39.804,STOP,23,-68.908,19.9463,-88.8543,-0.090065,-0.070093,0.108645,13,False
momentum_top,TMPV,2021-03-22,2021-03-23,297.1407,2021-03-25,276.3409,STOP,3,-62.3996,19.5669,-81.9665,-0.09175,-0.07459,0.0,3,False
momentum_top,TTML,2021-03-22,2021-03-23,13.7,2021-03-26,12.741,STOP,72,-69.048,19.9544,-89.0024,-0.090033,-0.080292,0.040146,4,False
momentum_top,HEGAM,2021-03-22,2021-03-23,291.8136,2021-03-25,271.3867,STOP,3,-61.2809,19.5017,-80.7826,-0.092075,-0.104482,0.017101,3,False
momentum_top,KIRLOSBROS,2021-03-22,2021-03-23,205.1303,2021-04-01,240.8885,TARGET,4,143.0331,19.6859,123.3472,0.15,-0.033019,0.312736,7,False
momentum_top,APLAPOLLO,2021-03-22,2021-03-23,625.7883,2021-04-16,618.2469,TIME,1,-7.5414,18.557,-26.0984,-0.041614,-0.068459,0.136801,16,False
momentum_top,POONAWALLA,2021-03-30,2021-03-31,100.4196,2021-04-05,119.9992,TARGET,9,176.2163,20.105,156.1113,0.172355,0.0,0.194978,3,False
momentum_top,ATGL,2021-03-30,2021-03-31,909.4945,2021-04-01,1066.3065,TARGET,1,156.812,20.0896,136.7224,0.15,0.0,0.194073,2,False
momentum_top,IIFL,2021-03-30,2021-03-31,266.3686,2021-04-13,247.7228,STOP,3,-55.9374,19.1903,-75.1277,-0.09381,-0.086577,0.076392,9,False
momentum_top,INTELLECT,2021-03-30,2021-03-31,684.7014,2021-04-12,636.7723,STOP,1,-47.9291,18.7235,-66.6526,-0.097133,-0.096728,0.100711,8,False
momentum_top,ANANTRAJ,2021-03-30,2021-03-31,55.1798,2021-04-08,52.6088,MOMENTUM_FAIL,18,-46.2797,20.0297,-66.3094,-0.066615,-0.065412,0.022401,6,False
momentum_top,ADANIENSOL,2021-03-30,2021-03-31,887.0,2021-04-05,1040.3284,TARGET,1,153.3284,19.9875,133.3409,0.15,0.0,0.239121,3,False
momentum_top,HINDCOPPER,2021-03-30,2021-03-31,118.0689,2021-04-07,138.3491,TARGET,8,162.2411,20.2487,141.9925,0.15,-0.01476,0.191062,5,False
momentum_top,FACT,2021-03-30,2021-03-31,111.6316,2021-04-12,103.8174,STOP,8,-62.5137,19.5736,-82.0873,-0.091717,-0.095982,0.125,8,False
momentum_top,KIRLOSBROS,2021-03-30,2021-03-31,230.7716,2021-04-15,214.6176,STOP,4,-64.616,19.6961,-84.3122,-0.091138,-0.071698,0.166876,10,False
momentum_top,ADANIPOWER,2021-03-30,2021-03-31,17.23,2021-04-07,20.66,TARGET,57,195.51,20.475,175.035,0.177835,-0.055717,0.199071,5,False
momentum_top,BBOX,2021-03-30,2021-03-31,246.0844,2021-04-06,288.1851,TARGET,4,168.4027,20.4292,147.9735,0.15,0.0,0.192056,4,False
momentum_top,MMTC,2021-03-30,2021-03-31,43.0,2021-04-12,39.99,STOP,23,-69.23,19.965,-89.195,-0.08999,-0.074419,0.082558,8,False
momentum_top,NBCC,2021-03-30,2021-03-31,30.0601,2021-04-08,29.4004,MOMENTUM_FAIL,33,-21.7676,20.0743,-41.8419,-0.042088,-0.066876,0.010449,6,False
momentum_top,POLYMED,2021-03-30,2021-03-31,808.3745,2021-04-22,949.5265,TARGET,1,141.152,19.6307,121.5213,0.15,-0.004215,0.276437,14,False
momentum_top,PGEL,2021-04-05,2021-04-06,37.0391,2021-04-13,34.4463,STOP,26,-67.4111,19.859,-87.2701,-0.090424,-0.075367,0.078603,6,False
momentum_top,POONAWALLA,2021-04-05,2021-04-06,116.9337,2021-04-13,106.7483,MOMENTUM_FAIL,8,-81.4828,19.7141,-101.1969,-0.107942,-0.098943,0.029598,6,False
momentum_top,IIFL,2021-04-05,2021-04-06,273.2482,2021-04-13,261.9598,MOMENTUM_FAIL,3,-33.8653,19.3224,-53.1877,-0.064742,-0.109574,0.024823,6,False
momentum_top,INTELLECT,2021-04-05,2021-04-06,698.7266,2021-04-12,649.8158,STOP,1,-48.9109,18.7807,-67.6916,-0.096667,-0.114859,0.04356,5,False
momentum_top,ANANTRAJ,2021-04-05,2021-04-06,54.0921,2021-04-12,50.3056,STOP,18,-68.156,19.9024,-88.0585,-0.090244,-0.074954,0.0,5,False
momentum_top,KIRLOSBROS,2021-04-05,2021-04-06,243.1568,2021-04-12,226.1358,STOP,4,-68.0839,19.8982,-87.9821,-0.090261,-0.104656,0.060087,5,False
momentum_top,BBOX,2021-04-05,2021-04-06,285.9227,2021-04-09,335.5232,TARGET,3,148.8014,19.8549,128.9465,0.15,0.0,0.183523,4,False
momentum_top,POLYMED,2021-04-05,2021-04-06,892.7725,2021-04-12,830.2784,STOP,1,-62.4941,19.5724,-82.0665,-0.091723,-0.09282,0.016705,5,False
momentum_top,GRAPHITE,2021-04-05,2021-04-06,491.1638,2021-04-07,575.2095,TARGET,2,168.0914,20.4201,147.6713,0.15,0.0,0.268665,2,False
momentum_top,FACT,2021-04-05,2021-04-06,106.6979,2021-04-08,124.9954,TARGET,9,164.6772,20.3201,144.3571,0.15,0.0,0.17702,3,False
momentum_top,TTML,2021-04-05,2021-04-06,13.05,2021-04-13,11.85,MOMENTUM_FAIL,76,-91.2,19.9321,-111.1321,-0.111806,-0.099617,0.030651,6,False
momentum_top,OLECTRA,2021-04-05,2021-04-06,214.0787,2021-04-13,198.0602,GAP_STOP,4,-64.074,19.4153,-83.4893,-0.097286,-0.074825,0.058275,6,False
momentum_top,HEGAM,2021-04-05,2021-04-06,287.5283,2021-04-06,337.3774,TARGET,3,149.5473,19.8767,129.6706,0.15,0.0,0.0,1,False
momentum_top,ATGL,2021-04-12,2021-04-13,994.354,2021-04-16,1164.3078,TARGET,1,169.9539,20.4747,149.4792,0.15,-0.003012,0.171687,3,False
momentum_top,PGEL,2021-04-12,2021-04-13,36.0353,2021-04-15,33.5128,STOP,27,-68.1068,19.8996,-88.0063,-0.090255,-0.076497,0.0,2,False
momentum_top,POONAWALLA,2021-04-12,2021-04-13,111.2477,2021-04-15,103.4603,STOP,8,-62.2987,19.561,-81.8598,-0.091779,-0.083556,0.0,2,False
momentum_top,IIFL,2021-04-12,2021-04-13,249.5086,2021-05-05,232.043,STOP,3,-52.3968,18.9839,-71.3807,-0.095154,-0.070291,0.117864,15,False
momentum_top,ADANIENSOL,2021-04-12,2021-04-13,897.1,2021-04-20,1051.9925,TARGET,1,154.8925,20.0334,134.8592,0.15,-0.041244,0.173448,5,False
momentum_top,HINDCOPPER,2021-04-12,2021-04-13,128.7672,2021-04-28,152.778,TARGET,7,168.0752,20.0782,147.9969,0.163833,0.0,0.240602,10,False
momentum_top,BBOX,2021-04-12,2021-04-13,277.2934,2021-04-22,325.5575,TARGET,3,144.7922,19.7374,125.0548,0.15,-0.02113,0.203105,6,False
momentum_top,HEGAM,2021-04-12,2021-04-13,382.901,2021-05-06,408.873,TIME,2,51.944,19.2693,32.6747,0.042574,-0.064922,0.150678,16,False
momentum_top,INTELLECT,2021-04-12,2021-04-13,641.7493,2021-05-06,757.0968,TARGET,1,115.3475,18.8746,96.4728,0.15,-0.00167,0.224617,16,False
momentum_top,CGPOWER,2021-04-12,2021-04-13,71.1247,2021-04-22,65.4446,MOMENTUM_FAIL,14,-79.5213,19.9726,-99.4938,-0.099701,-0.099305,0.009722,6,False
momentum_top,GRAPHITE,2021-04-12,2021-04-13,532.7113,2021-04-27,631.1725,TARGET,1,98.4612,18.3798,80.0814,0.15,0.0,0.213717,9,False
momentum_top,ADANIPOWER,2021-04-12,2021-04-13,17.91,2021-05-06,19.37,TIME,55,80.3001,20.2528,60.0472,0.060826,-0.05081,0.107761,16,False
momentum_top,KIRLOSBROS,2021-04-12,2021-04-13,222.4502,2021-04-19,206.8787,STOP,4,-62.2861,19.5603,-81.8464,-0.091782,-0.085254,0.016746,4,False
momentum_top,POLYMED,2021-04-12,2021-04-13,841.2151,2021-04-22,987.453,TARGET,1,146.2379,19.7798,126.4581,0.15,-0.042445,0.226606,6,False
momentum_top,ANANTRAJ,2021-04-12,2021-04-13,49.9388,2021-04-22,50.9276,MOMENTUM_FAIL,19,18.7889,19.9747,-1.1858,-0.001247,-0.063366,0.035644,6,False
momentum_top,MAHABANK,2021-04-12,2021-04-13,19.6462,2021-04-13,23.008,TARGET,50,168.0887,20.42,147.6687,0.15,0.0,0.0,1,False
momentum_top,IIFL,2021-04-19,2021-04-20,251.931,2021-04-22,234.2958,STOP,3,-52.9055,19.0136,-71.9191,-0.09495,-0.073077,0.0,2,False
momentum_top,HINDCOPPER,2021-04-19,2021-04-20,138.449,2021-05-07,162.1704,TARGET,7,166.0495,20.3603,145.6893,0.15,-0.051748,0.202447,13,False
momentum_top,PGEL,2021-04-19,2021-04-20,28.8143,2021-04-23,34.3574,TARGET,34,188.4665,20.4504,168.016,0.171126,0.0,0.218024,3,False
momentum_top,INTELLECT,2021-04-19,2021-04-20,678.8576,2021-05-07,799.9519,TARGET,1,121.0943,19.043,102.0513,0.15,-0.0401,0.183644,13,False
momentum_top,HEGAM,2021-04-19,2021-04-20,378.4487,2021-05-12,402.1296,TIME,2,47.3618,19.2224,28.1393,0.037096,-0.016324,0.164216,16,False
momentum_top,GRAPHITE,2021-04-19,2021-04-20,578.0523,2021-05-04,683.5352,TARGET,1,105.483,18.5856,86.8974,0.15,-0.015469,0.202969,10,False
momentum_top,POLYMED,2021-04-19,2021-04-20,877.0682,2021-04-22,1028.8585,TARGET,1,151.7903,19.9425,131.8479,0.15,-0.005405,0.176464,2,False
momentum_top,ADANIPOWER,2021-04-19,2021-04-20,17.99,2021-05-12,19.49,TIME,55,82.5,20.2759,62.2241,0.06275,-0.052807,0.122846,16,False
momentum_top,CGPOWER,2021-04-19,2021-04-20,69.149,2021-04-22,64.3086,STOP,14,-67.766,19.8797,-87.6458,-0.090338,-0.073571,0.0,2,False
momentum_top,JSWSTEEL,2021-04-19,2021-04-20,586.1882,2021-04-30,692.9312,TARGET,1,106.743,18.6225,88.1205,0.15,-0.017983,0.188183,8,False
momentum_top,PRIVISCL,2021-04-19,2021-04-20,911.9922,2021-04-26,848.1528,STOP,1,-63.8395,19.6509,-83.4903,-0.091347,-0.070652,0.041304,4,False
momentum_top,KIRLOSBROS,2021-04-19,2021-04-20,208.033,2021-04-30,244.2409,TARGET,4,144.8313,19.7385,125.0927,0.15,-0.010233,0.176744,8,False
momentum_top,MAHABANK,2021-04-19,2021-04-20,20.5004,2021-04-22,18.8774,GAP_STOP,48,-77.9014,19.9263,-97.8278,-0.0992,-0.1,0.0,2,False
momentum_top,POONAWALLA,2021-04-26,2021-04-27,116.4887,2021-05-04,121.1858,MOMENTUM_FAIL,8,37.577,19.9415,17.6356,0.018883,-0.0573,0.047538,6,False
momentum_top,HINDCOPPER,2021-04-26,2021-04-27,136.8999,2021-05-07,160.3814,TARGET,7,164.3702,20.3111,144.0592,0.15,0.0,0.216054,9,False
momentum_top,PGEL,2021-04-26,2021-04-27,31.461,2021-05-07,37.2338,TARGET,31,178.9581,20.4125,158.5456,0.162208,-0.057143,0.183492,9,False
momentum_top,INTELLECT,2021-04-26,2021-04-27,697.2656,2021-05-04,678.1758,MOMENTUM_FAIL,1,-19.0899,18.8353,-37.9252,-0.054273,-0.065442,0.018089,6,False
momentum_top,HEGAM,2021-04-26,2021-04-27,392.1582,2021-05-19,405.3019,TIME,2,26.2874,19.2953,6.9922,0.008896,-0.015918,0.123516,16,False
momentum_top,GRAPHITE,2021-04-26,2021-04-27,614.1806,2021-05-19,668.5084,TIME,1,54.3278,18.634,35.6939,0.057989,0.0,0.170441,16,False
momentum_top,IIFL,2021-04-26,2021-04-27,247.8614,2021-05-19,254.8379,TIME,4,27.9061,20.1732,7.733,0.007783,-0.064113,0.125293,16,False
momentum_top,SAIL,2021-04-26,2021-04-27,85.5571,2021-04-30,100.2581,TARGET,11,161.7111,20.2332,141.4779,0.15,-0.008955,0.207462,4,False
momentum_top,JSWSTEEL,2021-04-26,2021-04-27,621.8134,2021-05-19,664.3561,TIME,1,42.5428,18.6422,23.9006,0.038353,-0.015137,0.170059,16,False
momentum_top,KIRLOSBROS,2021-04-26,2021-04-27,228.1107,2021-05-17,267.4279,TARGET,4,157.2686,20.103,137.1656,0.15,-0.004878,0.204666,14,False
momentum_top,ELECON,2021-04-26,2021-04-27,40.0755,2021-04-28,46.9469,TARGET,24,164.9142,20.327,144.5872,0.15,-0.009768,0.196581,2,False
momentum_top,CGPOWER,2021-04-26,2021-04-27,67.1239,2021-05-05,78.6593,TARGET,14,161.4953,20.2268,141.2684,0.15,-0.003679,0.182487,7,False
momentum_top,ADANIPOWER,2021-04-26,2021-04-27,17.66,2021-05-19,20.74,TARGET,56,172.48,20.457,152.023,0.153385,0.0,0.211212,16,False
momentum_top,POONAWALLA,2021-05-03,2021-05-04,115.8954,2021-05-07,135.8389,TARGET,8,159.5483,20.1698,139.3785,0.15,0.0,0.208618,4,False
momentum_top,HINDCOPPER,2021-05-03,2021-05-04,151.6162,2021-05-10,179.1123,TARGET,6,164.977,20.1071,144.8699,0.158903,-0.038314,0.207535,5,False
momentum_top,GRAPHITE,2021-05-03,2021-05-04,678.3082,2021-05-14,630.8266,STOP,1,-47.4816,18.6974,-66.179,-0.097352,-0.070439,0.059787,8,False
momentum_top,HEGAM,2021-05-03,2021-05-04,431.8767,2021-05-11,417.0635,MOMENTUM_FAIL,2,-29.6265,19.5168,-49.1433,-0.056771,-0.061426,0.010309,6,False
momentum_top,ELECON,2021-05-03,2021-05-04,47.66,2021-05-04,44.3238,STOP,20,-66.724,19.819,-86.5429,-0.090594,0.0,0.0,1,False
momentum_top,BBOX,2021-05-03,2021-05-04,325.1531,2021-05-06,302.3924,STOP,3,-68.2822,19.9098,-88.1919,-0.090213,-0.0916,0.0,3,False
momentum_top,SAIL,2021-05-03,2021-05-04,110.4155,2021-05-24,102.6864,STOP,9,-69.5618,19.9844,-89.5461,-0.089914,-0.097147,0.166538,14,False
momentum_top,INTELLECT,2021-05-03,2021-05-04,695.4151,2021-05-10,819.0735,TARGET,1,123.6585,19.1182,104.5403,0.15,-0.032213,0.188375,5,False
momentum_top,GPIL,2021-05-03,2021-05-04,246.335,2021-05-14,229.0916,STOP,4,-68.9738,19.9501,-88.9239,-0.09005,-0.093069,0.118713,8,False
momentum_top,POLYMED,2021-05-03,2021-05-04,987.4919,2021-05-26,999.4922,TIME,1,12.0003,20.1241,-8.1237,-0.008209,-0.04981,0.165233,16,False
momentum_top,JSWSTEEL,2021-05-03,2021-05-04,685.1571,2021-05-24,637.1961,STOP,1,-47.961,18.7254,-66.6864,-0.097118,-0.076997,0.061886,14,False
momentum_top,BALRAMCHIN,2021-05-03,2021-05-04,316.9843,2021-05-04,294.7954,STOP,3,-66.5667,19.8098,-86.3765,-0.090633,0.0,0.0,1,False
momentum_top,ADANIPOWER,2021-05-03,2021-05-04,19.34,2021-05-11,19.8,MOMENTUM_FAIL,51,23.46,20.1425,3.3174,0.003356,-0.007239,0.044467,6,False
momentum_top,HINDCOPPER,2021-05-10,2021-05-11,174.2715,2021-05-14,162.0725,STOP,5,-60.995,19.4851,-80.4801,-0.09216,-0.083333,0.048611,3,False
momentum_top,SAIL,2021-05-10,2021-05-11,120.461,2021-05-12,112.0287,STOP,8,-67.4582,19.8618,-87.3199,-0.090412,-0.087279,0.012368,2,False
momentum_top,GPIL,2021-05-10,2021-05-11,253.6519,2021-05-14,235.8963,STOP,3,-53.2669,19.0346,-72.3015,-0.094807,-0.119231,0.086442,3,False
momentum_top,BALRAMCHIN,2021-05-10,2021-05-11,321.8237,2021-05-12,299.296,STOP,3,-67.583,19.869,-87.452,-0.090382,-0.091429,0.001504,2,False
momentum_top,HEGAM,2021-05-10,2021-05-11,425.7548,2021-05-14,395.952,STOP,2,-59.6057,19.4041,-79.0098,-0.092585,-0.093573,0.0,3,False
momentum_top,POONAWALLA,2021-05-10,2021-05-11,129.0473,2021-06-02,148.3797,TIME,7,135.3265,20.0198,115.3067,0.127368,-0.041379,0.149808,16,False
momentum_top,CGPOWER,2021-05-10,2021-05-11,81.991,2021-06-02,83.7691,TIME,12,21.3374,20.1279,1.2095,0.001227,-0.00241,0.084337,16,False
momentum_top,GRAPHITE,2021-05-10,2021-05-11,699.9852,2021-05-14,650.9862,STOP,1,-48.999,18.7859,-67.7848,-0.096626,-0.099226,0.007032,3,False
momentum_top,ELECON,2021-05-10,2021-05-11,44.5283,2021-05-14,41.4113,STOP,22,-68.5736,19.9268,-88.5004,-0.090144,-0.073077,0.007143,3,False
momentum_top,ADANIPOWER,2021-05-10,2021-05-11,19.59,2021-05-28,18.2187,STOP,50,-68.565,19.9263,-88.4913,-0.090146,-0.073507,0.091884,13,False
momentum_top,NMDC,2021-05-10,2021-05-11,36.5813,2021-05-17,34.0206,STOP,27,-69.1387,19.9597,-89.0984,-0.090012,-0.081795,0.093333,4,False
momentum_top,ANGELONE,2021-05-10,2021-05-11,57.4091,2021-05-21,68.2807,TARGET,17,184.8167,20.4273,164.3894,0.168072,-0.008819,0.18937,8,False
momentum_top,JSWSTEEL,2021-05-10,2021-05-11,697.4399,2021-05-14,648.6191,STOP,1,-48.8208,18.7755,-67.5963,-0.096709,-0.083603,0.001215,3,False
momentum_top,TATASTEEL,2021-05-10,2021-05-11,100.3744,2021-05-17,93.3482,STOP,9,-63.2359,19.6157,-82.8516,-0.091514,-0.072689,0.047773,4,False
momentum_top,HINDCOPPER,2021-05-17,2021-05-18,169.3822,2021-06-01,157.5254,STOP,5,-59.2838,19.3853,-78.6691,-0.092687,-0.093455,0.055445,11,False
momentum_top,RPOWER,2021-05-17,2021-05-18,6.6,2021-05-25,7.75,TARGET,151,173.65,20.4917,153.1583,0.153346,0.0,0.189394,6,False
momentum_top,BALRAMCHIN,2021-05-17,2021-05-18,305.3695,2021-05-24,283.9937,STOP,3,-64.1276,19.6676,-83.7952,-0.091269,-0.077496,0.045642,5,False
momentum_top,GPIL,2021-05-17,2021-05-18,243.6156,2021-05-20,226.5625,STOP,4,-68.2124,19.9057,-88.1181,-0.09023,-0.240276,0.0,3,False
momentum_top,ANGELONE,2021-05-17,2021-05-18,59.1992,2021-05-24,69.3648,TARGET,16,162.6493,20.2606,142.3887,0.15,-0.012446,0.201436,5,False
momentum_top,MMTC,2021-05-17,2021-05-18,56.15,2021-05-24,52.2195,STOP,17,-66.8185,19.8245,-86.643,-0.09057,-0.07569,0.0,5,False
momentum_top,HEGAM,2021-05-17,2021-05-18,416.1452,2021-05-31,387.015,STOP,2,-58.2603,19.3257,-77.586,-0.093017,-0.070524,0.127853,10,False
momentum_top,CGPOWER,2021-05-17,2021-05-18,84.4112,2021-06-08,82.1392,TIME,11,-24.9924,19.7998,-44.7922,-0.048135,-0.030427,0.053247,16,False
momentum_top,BHEL,2021-05-17,2021-05-18,71.5079,2021-06-08,74.5079,TIME,13,38.9999,19.9346,19.0653,0.020464,-0.034388,0.07978,16,False
momentum_top,NMDC,2021-05-17,2021-05-18,36.0185,2021-05-20,33.4972,STOP,27,-68.075,19.8977,-87.9728,-0.090263,-0.079688,0.0,3,False
momentum_top,KIRLOSBROS,2021-05-17,2021-05-18,275.5713,2021-05-26,323.5686,TARGET,3,143.9921,19.714,124.2782,0.15,-0.029319,0.253686,7,False
momentum_top,GRAPHITE,2021-05-17,2021-05-18,677.405,2021-06-08,695.8304,TIME,1,18.4254,18.8278,-0.4024,-0.000593,-0.046267,0.087867,16,False
momentum_top,DEEPAKFERT,2021-05-17,2021-05-18,265.8078,2021-06-08,292.7629,TIME,3,80.8655,19.4617,61.4037,0.076835,-0.005458,0.126585,16,False
momentum_top,JSWSTEEL,2021-05-17,2021-05-18,681.298,2021-05-24,633.6072,STOP,1,-47.6909,18.7096,-66.4005,-0.097249,-0.071769,0.0,5,False
momentum_top,USHAMART,2021-05-17,2021-05-18,51.3338,2021-05-26,47.7404,STOP,19,-68.2739,19.9093,-88.1832,-0.090215,-0.070632,0.076208,7,False
momentum_top,KPITTECH,2021-05-17,2021-05-18,233.3612,2021-05-25,229.9337,MOMENTUM_FAIL,4,-13.7103,19.8435,-33.5538,-0.035868,-0.031237,0.036822,6,False
momentum_top,ANGELONE,2021-05-24,2021-05-25,67.806,2021-05-26,63.0596,STOP,14,-66.4499,19.803,-86.2529,-0.090663,-0.094667,0.000533,2,False
momentum_top,HINDCOPPER,2021-05-24,2021-05-25,168.1235,2021-06-01,156.3549,STOP,5,-58.8432,19.3596,-78.2029,-0.092827,-0.086668,0.059603,6,False
momentum_top,DEEPAKFERT,2021-05-24,2021-05-25,286.4922,2021-06-01,267.8201,MOMENTUM_FAIL,3,-56.0164,19.445,-75.4615,-0.087608,-0.072199,0.025808,6,False
momentum_top,KIRLOSBROS,2021-05-24,2021-05-25,291.7301,2021-05-26,342.23,TARGET,3,151.4995,19.9339,131.5656,0.15,0.0,0.184245,2,False
momentum_top,SAIL,2021-05-24,2021-05-25,107.6062,2021-06-01,103.1793,MOMENTUM_FAIL,9,-39.8415,19.9381,-59.7796,-0.061592,-0.065665,0.010285,6,False
momentum_top,ELECON,2021-05-24,2021-05-25,49.7885,2021-05-28,58.2972,TARGET,20,170.1732,20.4811,149.6921,0.15,0.0,0.186241,4,False
momentum_top,KPITTECH,2021-05-24,2021-05-25,238.3818,2021-05-26,221.695,STOP,4,-66.7469,19.8203,-86.5672,-0.090588,-0.08465,0.0,2,False
momentum_top,ADANIPOWER,2021-05-24,2021-05-25,20.4,2021-05-27,18.972,STOP,48,-68.544,19.9251,-88.4691,-0.090151,-0.07549,0.0,3,False
momentum_top,BHEL,2021-05-24,2021-05-25,71.9506,2021-06-01,69.9342,MOMENTUM_FAIL,13,-26.2131,19.8261,-46.0392,-0.049114,-0.033493,0.031442,6,False
momentum_top,INTELLECT,2021-05-24,2021-05-25,762.6191,2021-05-27,709.2358,STOP,1,-53.3833,19.0414,-72.4248,-0.094761,-0.071201,0.0,3,False
momentum_top,GPIL,2021-05-24,2021-05-25,224.36,2021-06-10,263.0963,TARGET,4,154.9452,20.0349,134.9103,0.15,-0.008588,0.277911,13,False
momentum_top,MMTC,2021-05-24,2021-05-25,53.0,2021-05-26,62.0947,TARGET,18,163.7044,20.2916,143.4128,0.15,0.0,0.173585,2,False
momentum_top,USHAMART,2021-05-24,2021-05-25,49.8548,2021-05-31,46.365,STOP,20,-69.7967,19.9981,-89.7948,-0.08986,-0.078469,0.008612,5,False
momentum_top,BALRAMCHIN,2021-05-24,2021-05-25,286.7861,2021-06-08,336.5202,TARGET,3,149.2025,19.8666,129.3359,0.15,-0.015187,0.20486,11,False
momentum_top,JSWSTEEL,2021-05-24,2021-05-25,648.4967,2021-06-01,653.6734,MOMENTUM_FAIL,1,5.1767,18.6788,-13.5021,-0.020775,-0.022424,0.040566,6,False
momentum_top,CGPOWER,2021-05-24,2021-05-25,87.918,2021-06-01,82.9294,MOMENTUM_FAIL,11,-54.8746,19.9018,-74.7764,-0.077152,-0.060112,0.011236,6,False
momentum_top,KIRLOSBROS,2021-05-31,2021-06-01,391.586,2021-06-08,473.5414,TARGET,2,163.9108,19.5707,144.3401,0.1839,-0.035458,0.209291,6,False
momentum_top,ANGELONE,2021-05-31,2021-06-01,68.7101,2021-06-07,80.4911,TARGET,14,164.9343,20.3276,144.6067,0.15,-0.029342,0.266645,5,False
momentum_top,ELECON,2021-05-31,2021-06-01,58.0825,2021-06-01,54.0168,STOP,17,-69.1182,19.9585,-89.0767,-0.090016,0.0,0.0,1,False
momentum_top,JSWSTEEL,2021-05-31,2021-06-01,674.3801,2021-06-08,665.9092,MOMENTUM_FAIL,1,-8.4709,18.7603,-27.2312,-0.040292,-0.034194,0.019888,6,False
momentum_top,INTELLECT,2021-05-31,2021-06-01,754.8273,2021-06-08,748.9348,MOMENTUM_FAIL,1,-5.8925,19.1052,-24.9977,-0.033045,-0.068387,0.0,6,False
momentum_top,BALRAMCHIN,2021-05-31,2021-06-01,295.2551,2021-06-14,346.3008,TARGET,3,153.1372,19.9819,133.1553,0.15,-0.012293,0.19128,10,False
momentum_top,KPRMILL,2021-05-31,2021-06-01,312.0561,2021-06-18,290.2122,STOP,3,-65.5318,19.7495,-85.2813,-0.090897,-0.070132,0.061365,14,False
momentum_top,KPITTECH,2021-05-31,2021-06-01,237.0301,2021-06-08,235.6302,MOMENTUM_FAIL,4,-5.5997,19.922,-25.5217,-0.026859,-0.04725,0.04277,6,False
momentum_top,ADANIPOWER,2021-05-31,2021-06-01,18.8,2021-06-07,22.51,TARGET,53,196.6301,20.5376,176.0924,0.176343,0.0,0.35,5,False
momentum_top,USHAMART,2021-05-31,2021-06-01,48.0896,2021-06-08,47.374,MOMENTUM_FAIL,20,-14.3123,19.962,-34.2743,-0.035558,-0.039682,0.019841,6,False
momentum_top,GPIL,2021-05-31,2021-06-01,239.0182,2021-06-08,241.2132,MOMENTUM_FAIL,4,8.7803,19.9848,-11.2045,-0.011694,-0.052704,0.02551,6,False
momentum_top,BSE,2021-05-31,2021-06-01,100.5085,2021-06-08,96.2578,MOMENTUM_FAIL,9,-38.2563,19.6716,-57.9279,-0.063899,-0.051662,0.0,6,False
momentum_top,SAIL,2021-05-31,2021-06-01,108.5426,2021-06-08,103.3922,MOMENTUM_FAIL,9,-46.3542,19.9605,-66.3147,-0.067736,-0.058039,0.0,6,False
momentum_top,JSWENERGY,2021-05-31,2021-06-01,114.0594,2021-06-03,133.7186,TARGET,8,157.2737,20.1031,137.1705,0.15,0.0,0.252542,3,False
momentum_top,DEEPAKFERT,2021-05-31,2021-06-01,279.7533,2021-06-10,328.3984,TARGET,3,145.9351,19.7709,126.1642,0.15,-0.038474,0.272666,8,False
momentum_top,CDSL,2021-05-31,2021-06-01,466.8159,2021-06-08,462.8075,MOMENTUM_FAIL,2,-8.0169,19.8559,-27.8728,-0.029789,-0.032124,0.008536,6,False
momentum_top,ANGELONE,2021-06-07,2021-06-08,83.1709,2021-06-09,77.3489,STOP,11,-64.0416,19.6626,-83.7042,-0.091292,-0.095548,0.0,2,False
momentum_top,ELECON,2021-06-07,2021-06-08,59.4282,2021-06-17,69.6292,TARGET,16,163.2167,20.2773,142.9394,0.15,-0.039111,0.173322,8,False
momentum_top,PNBHOUSING,2021-06-07,2021-06-08,735.6487,2021-06-09,684.1533,STOP,1,-51.4954,18.9314,-70.4268,-0.095525,-0.099311,0.0,2,False
momentum_top,JSWSTEEL,2021-06-07,2021-06-08,672.3094,2021-06-15,682.4745,MOMENTUM_FAIL,1,10.1651,18.7895,-8.6244,-0.0128,-0.029049,0.032059,6,False
momentum_top,GPIL,2021-06-07,2021-06-08,242.4327,2021-06-10,283.9679,TARGET,4,166.1406,20.3629,145.7776,0.15,-0.002565,0.182646,3,False
momentum_top,KPITTECH,2021-06-07,2021-06-08,232.6854,2021-06-18,216.3974,STOP,4,-65.1519,19.7273,-84.8793,-0.090996,-0.087137,0.052697,9,False
momentum_top,JSWENERGY,2021-06-07,2021-06-08,136.1947,2021-06-16,159.5669,TARGET,7,163.6057,20.2887,143.317,0.15,0.0,0.194464,7,False
momentum_top,SAIL,2021-06-07,2021-06-08,104.7117,2021-06-29,110.9263,TIME,9,55.9315,20.0232,35.9083,0.03802,-0.028049,0.136179,16,False
momentum_top,BALRAMCHIN,2021-06-07,2021-06-08,327.873,2021-06-18,304.9219,STOP,3,-68.8533,19.9431,-88.7964,-0.090078,-0.071587,0.072767,9,False
momentum_top,HFCL,2021-06-07,2021-06-08,48.1307,2021-06-21,56.3826,TARGET,20,165.0383,20.3306,144.7077,0.15,-0.014389,0.192189,10,False
momentum_top,CDSL,2021-06-07,2021-06-08,467.3346,2021-06-15,475.1393,MOMENTUM_FAIL,2,15.6093,19.9084,-4.2991,-0.00459,-0.036327,0.039304,6,False
momentum_top,ANGELONE,2021-06-14,2021-06-15,76.8468,2021-06-18,71.4676,STOP,12,-64.5513,19.6923,-84.2437,-0.091155,-0.099118,0.017647,4,False
momentum_top,KIRLOSBROS,2021-06-14,2021-06-15,456.7051,2021-06-18,424.7358,STOP,2,-63.9387,19.6566,-83.5954,-0.09132,-0.08697,0.018962,4,False
momentum_top,DEEPAKFERT,2021-06-14,2021-06-15,420.2384,2021-06-21,382.8943,GAP_STOP,2,-74.6882,19.3268,-94.015,-0.111615,-0.088864,0.048998,5,False
momentum_top,PNBHOUSING,2021-06-14,2021-06-15,605.1502,2021-06-22,545.3792,GAP_STOP,1,-59.771,18.3635,-78.1345,-0.128834,-0.09877,0.060397,6,False
momentum_top,ELECON,2021-06-14,2021-06-15,59.6973,2021-07-02,69.94,TARGET,16,163.8835,20.2968,143.5867,0.15,-0.036475,0.190574,14,False
momentum_top,ECLERX,2021-06-14,2021-06-15,597.7496,2021-06-17,555.9071,STOP,1,-41.8425,18.3688,-60.2112,-0.10051,-0.096802,0.0,3,False
momentum_top,JSWENERGY,2021-06-14,2021-06-15,151.2737,2021-06-18,140.6846,STOP,6,-63.535,19.6331,-83.1681,-0.091431,-0.071566,0.075399,4,False
momentum_top,SARDAEN,2021-06-14,2021-06-15,70.5108,2021-06-16,65.575,STOP,14,-69.1006,19.9575,-89.058,-0.09002,-0.097397,0.0,2,False
momentum_top,PATANJALI,2021-06-14,2021-06-15,417.7337,2021-06-16,388.4923,STOP,2,-58.4827,19.3386,-77.8213,-0.092944,-0.081825,0.0,2,False
momentum_top,SAIL,2021-06-14,2021-06-15,117.4389,2021-06-17,108.9683,GAP_STOP,8,-67.7647,19.7591,-87.5238,-0.092956,-0.07684,0.000362,3,False
momentum_top,ADANIPOWER,2021-06-14,2021-06-15,26.78,2021-06-17,24.18,GAP_STOP,37,-96.2,19.918,-116.118,-0.116933,-0.097087,0.0,3,False
momentum_top,HFCL,2021-06-14,2021-06-15,48.9716,2021-06-21,57.3537,TARGET,20,167.6429,20.407,147.236,0.15,-0.010101,0.171717,5,False
momentum_top,LAURUSLABS,2021-06-14,2021-06-15,615.0013,2021-06-21,571.9512,STOP,1,-43.0501,18.4392,-61.4892,-0.099764,-0.075673,0.002482,5,False
momentum_top,ANGELONE,2021-06-21,2021-06-22,73.2215,2021-07-07,85.7888,TARGET,13,163.3759,20.2819,143.094,0.15,-0.022102,0.214965,12,False
momentum_top,ELECON,2021-06-21,2021-06-22,67.7711,2021-06-29,67.5754,MOMENTUM_FAIL,14,-2.7401,19.9307,-22.6708,-0.023842,-0.057762,0.025271,6,False
momentum_top,HFCL,2021-06-21,2021-06-22,57.8261,2021-06-23,67.7203,TARGET,17,168.2022,20.4233,147.7788,0.15,0.0,0.243798,2,False
momentum_top,KIRLOSBROS,2021-06-21,2021-06-22,425.7421,2021-06-28,395.9401,STOP,2,-59.6039,19.404,-79.0079,-0.092586,-0.078409,0.05,5,False
momentum_top,GPIL,2021-06-21,2021-06-22,339.0156,2021-06-22,315.2845,STOP,2,-47.4622,18.6963,-66.1585,-0.097362,0.0,0.0,1,False
momentum_top,JUBLINGREA,2021-06-21,2021-06-22,527.5928,2021-06-29,507.4185,MOMENTUM_FAIL,1,-20.1744,18.1167,-38.291,-0.072418,-0.04875,0.01486,6,False
momentum_top,JSWENERGY,2021-06-21,2021-06-22,154.5602,2021-06-29,157.2183,MOMENTUM_FAIL,6,15.949,19.8782,-3.9293,-0.004228,-0.072858,0.031895,6,False
momentum_top,PNBHOUSING,2021-06-21,2021-06-22,545.3792,2021-07-13,604.9049,TIME,1,59.5257,18.354,41.1716,0.075327,-0.004123,0.176012,16,False
momentum_top,PATANJALI,2021-06-21,2021-06-22,385.1033,2021-06-24,358.146,STOP,2,-53.9145,19.0724,-72.9868,-0.094556,-0.072903,0.0,3,False
momentum_top,TARIL,2021-06-21,2021-06-22,15.5102,2021-07-12,18.1616,TARGET,64,169.6903,20.467,149.2233,0.15,-0.031847,0.197452,15,False
momentum_top,SAIL,2021-06-21,2021-06-22,108.9683,2021-06-29,110.9263,MOMENTUM_FAIL,9,17.6222,20.1069,-2.4847,-0.002528,-0.033984,0.045703,6,False
momentum_top,DEEPAKFERT,2021-06-21,2021-06-22,366.8897,2021-07-13,404.4677,TIME,2,75.1561,19.1814,55.9748,0.076116,-0.010204,0.157653,16,False
momentum_top,REDINGTON,2021-06-21,2021-06-22,110.8728,2021-07-07,130.0385,TARGET,8,153.3256,19.9874,133.3382,0.15,-0.033148,0.221852,12,False
momentum_top,LAURUSLABS,2021-06-21,2021-06-22,598.7003,2021-07-13,660.8505,TIME,1,62.1502,18.5845,43.5657,0.072608,0.0,0.147981,16,False
momentum_top,RPOWER,2021-06-28,2021-06-29,14.1,2021-07-07,13.0,GAP_STOP,70,-77.0,19.9408,-96.9408,-0.098003,-0.088652,0.117021,7,False
momentum_top,ANGELONE,2021-06-28,2021-06-29,73.7006,2021-07-07,86.3422,TARGET,13,164.3406,20.3102,144.0304,0.15,0.0,0.207066,7,False
momentum_top,HFCL,2021-06-28,2021-06-29,66.2353,2021-07-05,77.557,TARGET,15,169.8262,20.4709,149.3552,0.15,-0.010455,0.300971,5,False
momentum_top,ELECON,2021-06-28,2021-06-29,68.8476,2021-07-06,65.0554,MOMENTUM_FAIL,14,-53.0915,19.8918,-72.9833,-0.075554,-0.092395,0.032338,6,False
momentum_top,JWL,2021-06-28,2021-06-29,33.2587,2021-07-06,39.0666,TARGET,30,174.2362,20.4978,153.7384,0.153747,-0.032836,0.174627,6,False
momentum_top,JUBLINGREA,2021-06-28,2021-06-29,516.2627,2021-07-20,562.0135,TIME,1,45.7508,18.2031,27.5477,0.053244,-0.046208,0.101861,16,False
momentum_top,TARIL,2021-06-28,2021-06-29,16.5228,2021-06-30,15.3662,STOP,60,-69.3957,19.9747,-89.3704,-0.089952,-0.070254,0.0,2,False
momentum_top,LAURUSLABS,2021-06-28,2021-06-29,673.7041,2021-07-06,665.0366,MOMENTUM_FAIL,1,-8.6675,18.757,-27.4245,-0.040618,-0.031798,0.015205,6,False
momentum_top,PNBHOUSING,2021-06-28,2021-06-29,581.479,2021-07-06,564.2672,MOMENTUM_FAIL,1,-17.2118,18.3502,-35.562,-0.061024,-0.064895,0.005414,6,False
momentum_top,GPIL,2021-06-28,2021-06-29,314.6259,2021-07-20,370.6001,TARGET,3,167.9225,20.2574,147.6651,0.156104,-0.003876,0.204729,16,False
momentum_top,USHAMART,2021-06-28,2021-06-29,56.2,2021-07-02,52.266,STOP,17,-66.878,19.8279,-86.7059,-0.090556,-0.081494,0.0,4,False
momentum_top,DEEPAKFERT,2021-06-28,2021-06-29,383.643,2021-07-20,383.3154,TIME,2,-0.6552,19.1685,-19.8237,-0.02578,-0.053428,0.107099,16,False
momentum_top,JSWENERGY,2021-06-28,2021-06-29,147.8906,2021-07-15,173.4542,TARGET,6,153.3816,19.9891,133.3925,0.15,0.0,0.24183,13,False
momentum_top,KIRLOSBROS,2021-06-28,2021-06-29,393.8114,2021-07-06,462.7806,TARGET,2,137.9383,19.5366,118.4017,0.15,-0.036732,0.181818,6,False
momentum_top,BALRAMCHIN,2021-06-28,2021-06-29,353.2802,2021-07-06,334.3095,MOMENTUM_FAIL,2,-37.9414,18.8362,-56.7776,-0.080182,-0.057534,0.002055,6,False
momentum_top,GALLANTT,2021-06-28,2021-06-29,75.5433,2021-07-20,75.8905,TIME,13,4.5138,20.0859,-15.5721,-0.015822,-0.014445,0.155614,16,False
momentum_top,JPPOWER,2021-06-28,2021-06-29,5.4,2021-07-12,6.55,TARGET,184,211.6,20.5563,191.0437,0.191855,0.0,0.222222,10,False
momentum_top,ANGELONE,2021-07-05,2021-07-06,80.7344,2021-07-12,94.5676,TARGET,12,165.9984,20.3588,145.6396,0.15,-0.005599,0.17178,5,False
momentum_top,RPOWER,2021-07-05,2021-07-06,13.95,2021-07-07,12.9735,STOP,71,-69.3315,19.971,-89.3025,-0.089967,-0.078853,0.0,2,False
momentum_top,ELECON,2021-07-05,2021-07-06,67.6243,2021-07-06,62.8906,STOP,14,-66.2718,19.7926,-86.0644,-0.090708,0.0,0.0,1,False
momentum_top,JSWENERGY,2021-07-05,2021-07-06,164.1296,2021-07-13,162.4863,MOMENTUM_FAIL,6,-9.8594,20.0681,-29.9275,-0.030324,-0.040047,0.027091,6,False
momentum_top,ECLERX,2021-07-05,2021-07-06,713.0109,2021-07-13,692.3324,MOMENTUM_FAIL,1,-20.6785,18.8985,-39.577,-0.055386,-0.043689,0.023453,6,False
momentum_top,TARIL,2021-07-05,2021-07-06,16.0041,2021-07-28,16.6463,TIME,62,39.8128,20.2008,19.6119,0.019722,-0.037037,0.160494,16,False
momentum_top,PNBHOUSING,2021-07-05,2021-07-06,575.6327,2021-07-28,555.8044,TIME,1,-19.8283,18.3202,-38.1485,-0.066128,-0.055398,0.114205,16,False
momentum_top,SUZLON,2021-07-05,2021-07-06,8.4935,2021-07-07,7.6671,GAP_STOP,117,-96.6879,19.9291,-116.6171,-0.117096,-0.097297,0.0,2,False
momentum_top,KIRLOSBROS,2021-07-05,2021-07-06,449.8352,2021-07-28,416.0661,GAP_STOP,2,-67.5381,19.5913,-87.1294,-0.096635,-0.101527,0.073779,16,False
momentum_top,REDINGTON,2021-07-05,2021-07-06,126.3128,2021-07-28,136.1093,TIME,7,68.5749,19.8031,48.7718,0.05504,-0.020481,0.163849,16,False
momentum_top,DEEPAKFERT,2021-07-05,2021-07-06,396.8398,2021-07-28,388.9311,TIME,2,-15.8175,19.2491,-35.0665,-0.044086,-0.054245,0.070283,16,False
momentum_top,IOB,2021-07-05,2021-07-06,27.2,2021-07-13,26.7,MOMENTUM_FAIL,36,-18.0,20.028,-38.028,-0.038751,-0.049632,0.009191,6,False
momentum_top,JUBLINGREA,2021-07-05,2021-07-06,530.6047,2021-07-13,535.1941,MOMENTUM_FAIL,1,4.5894,18.1798,-13.5904,-0.025557,-0.026038,0.049824,6,False
momentum_top,GPIL,2021-07-05,2021-07-06,320.7233,2021-07-20,375.7132,TARGET,3,164.9697,20.3286,144.641,0.15,0.0,0.181825,11,False
momentum_top,BALRAMCHIN,2021-07-05,2021-07-06,343.6012,2021-07-13,338.9554,MOMENTUM_FAIL,2,-9.2917,18.8128,-28.1045,-0.040808,-0.059437,0.008451,6,False
momentum_top,TTML,2021-07-12,2021-07-13,45.0,2021-07-15,41.85,GAP_STOP,22,-69.3,19.9691,-89.2692,-0.089974,-0.07,0.042222,3,False
momentum_top,HFCL,2021-07-12,2021-07-13,89.435,2021-07-14,83.1745,STOP,11,-68.8649,19.9438,-88.8087,-0.090076,-0.091814,0.0,2,False
momentum_top,ANGELONE,2021-07-12,2021-07-13,93.3056,2021-07-16,109.3517,TARGET,10,160.4609,20.1965,140.2644,0.15,-0.035899,0.232644,4,False
momentum_top,RPOWER,2021-07-12,2021-07-13,14.05,2021-07-15,13.0665,STOP,71,-69.8285,19.9999,-89.8284,-0.089853,-0.081851,0.0,3,False
momentum_top,KIRLOSBROS,2021-07-12,2021-07-13,459.608,2021-07-23,427.4354,STOP,2,-64.3451,19.6803,-84.0254,-0.09121,-0.082,0.050947,8,False
momentum_top,ELECON,2021-07-12,2021-07-13,65.3245,2021-07-13,60.7518,STOP,15,-68.5907,19.9278,-88.5185,-0.09014,0.0,0.0,1,False
momentum_top,TARIL,2021-07-12,2021-07-13,18.0294,2021-07-14,16.7673,STOP,55,-69.413,19.9757,-89.3887,-0.089948,-0.089041,0.0,2,False
momentum_top,PNBHOUSING,2021-07-12,2021-07-13,613.245,2021-07-19,570.3179,STOP,1,-42.9272,18.432,-61.3591,-0.099838,-0.070667,0.0228,5,False
momentum_top,REDINGTON,2021-07-12,2021-07-13,141.4244,2021-07-20,133.5355,MOMENTUM_FAIL,7,-55.2218,19.9977,-75.2195,-0.075816,-0.087065,0.019164,6,False
momentum_top,ECLERX,2021-07-12,2021-07-13,712.7782,2021-08-04,737.4627,TIME,1,24.6845,18.9899,5.6945,0.007972,-0.043377,0.110074,16,False
momentum_top,DEEPAKFERT,2021-07-12,2021-07-13,409.0071,2021-07-19,380.3766,STOP,2,-57.261,19.2674,-76.5284,-0.09335,-0.071968,0.0,5,False
momentum_top,GPIL,2021-07-12,2021-07-13,348.2836,2021-07-26,422.9158,TARGET,2,149.2644,19.1752,130.0893,0.18635,-0.033614,0.214286,9,False
momentum_top,JUBLINGREA,2021-07-12,2021-07-13,544.0383,2021-07-20,562.0135,MOMENTUM_FAIL,1,17.9752,18.2638,-0.2886,-0.000529,-0.022232,0.045606,6,False
momentum_top,GRAVITA,2021-07-12,2021-07-13,159.1109,2021-08-02,186.4121,TARGET,6,163.8074,20.2946,143.5128,0.15,0.0,0.222734,14,False
momentum_top,JSWENERGY,2021-07-12,2021-07-13,166.2561,2021-07-19,194.6639,TARGET,6,170.4467,20.4891,149.9576,0.15,-0.028488,0.174419,5,False
momentum_top,SUZLON,2021-07-12,2021-07-13,7.6671,2021-07-19,7.1304,STOP,130,-69.7705,19.9965,-89.767,-0.089866,-0.083832,0.0,5,False
momentum_top,GALLANTT,2021-07-12,2021-07-13,81.3963,2021-07-20,75.8905,MOMENTUM_FAIL,12,-66.0693,19.9198,-85.9891,-0.087843,-0.073735,0.0,6,False
momentum_top,SAMMAANCAP,2021-07-12,2021-07-13,238.7064,2021-07-20,232.542,MOMENTUM_FAIL,4,-24.6576,19.9115,-44.5691,-0.046576,-0.032784,0.043407,6,False
momentum_top,ANGELONE,2021-07-19,2021-07-20,124.9891,2021-07-20,116.2399,STOP,7,-61.2447,19.4996,-80.7443,-0.092086,0.0,0.0,1,False
momentum_top,TTML,2021-07-19,2021-07-20,43.4,2021-07-22,40.362,STOP,22,-66.836,19.8255,-86.6615,-0.090566,-0.085253,0.0,2,False
momentum_top,RPOWER,2021-07-19,2021-07-20,13.15,2021-07-23,12.2295,STOP,75,-69.0375,19.9538,-88.9913,-0.090035,-0.102662,0.003802,3,False
momentum_top,HFCL,2021-07-19,2021-07-20,79.5417,2021-07-23,73.9738,STOP,12,-66.8151,19.8243,-86.6393,-0.090571,-0.09204,0.001866,3,False
momentum_top,BSE,2021-07-19,2021-07-20,140.9971,2021-07-22,131.1273,STOP,7,-69.0886,19.9568,-89.0453,-0.090023,-0.088155,0.0,2,False
momentum_top,JWL,2021-07-19,2021-07-20,35.2443,2021-07-23,32.7772,STOP,28,-69.0789,19.9562,-89.0351,-0.090026,-0.087324,0.042254,3,False
momentum_top,CDSL,2021-07-19,2021-07-20,721.7515,2021-07-23,639.1544,GAP_STOP,1,-82.5971,18.8094,-101.4064,-0.140194,-0.11444,0.0,3,False
momentum_top,KIRLOSBROS,2021-07-19,2021-07-20,472.7188,2021-07-22,436.434,GAP_STOP,2,-72.5697,19.7743,-92.344,-0.09746,-0.078907,0.0,2,False
momentum_top,JPPOWER,2021-07-19,2021-07-20,6.1,2021-07-22,5.673,STOP,163,-69.601,19.9867,-89.5877,-0.089905,-0.090164,0.0,2,False
momentum_top,FSL,2021-07-19,2021-07-20,205.2182,2021-07-28,183.7655,MOMENTUM_FAIL,4,-85.8111,19.2214,-105.0325,-0.127673,-0.114398,0.002849,6,False
momentum_top,PNBHOUSING,2021-07-19,2021-07-20,573.8339,2021-07-28,555.8044,MOMENTUM_FAIL,1,-18.0295,18.3163,-36.3458,-0.0632,-0.052437,0.025221,6,False
momentum_top,GRAVITA,2021-07-19,2021-07-20,177.9304,2021-07-28,177.7349,MOMENTUM_FAIL,5,-0.9776,19.6845,-20.6621,-0.023174,-0.032967,0.013736,6,False
momentum_top,REDINGTON,2021-07-19,2021-07-20,135.3223,2021-07-28,136.1093,MOMENTUM_FAIL,7,5.509,19.941,-14.432,-0.015202,-0.013046,0.03348,6,False
momentum_top,JSWENERGY,2021-07-19,2021-07-20,190.4212,2021-07-23,223.1035,TARGET,5,163.4111,20.283,143.1282,0.15,0.0,0.250761,3,False
momentum_top,TARIL,2021-07-19,2021-07-20,16.5722,2021-08-10,15.4121,STOP,60,-69.6032,19.9868,-89.59,-0.089904,-0.186289,0.055142,15,False
momentum_top,ECLERX,2021-07-19,2021-07-20,748.7496,2021-07-26,696.3371,STOP,1,-52.4125,18.9848,-71.3973,-0.095147,-0.076459,0.010123,4,False
momentum_top,GPIL,2021-07-19,2021-07-20,370.6001,2021-07-29,450.7199,TARGET,2,160.2396,19.386,140.8536,0.18962,0.0,0.216189,7,False
momentum_top,DEEPAKFERT,2021-07-19,2021-07-20,390.2882,2021-07-28,388.9311,MOMENTUM_FAIL,2,-2.7142,19.2204,-21.9347,-0.028039,-0.028777,0.029976,6,False
momentum_top,ANGELONE,2021-07-26,2021-07-27,111.3648,2021-08-11,103.5692,STOP,8,-62.3643,19.5649,-81.9291,-0.09176,-0.083941,0.137647,12,False
momentum_top,TTML,2021-07-26,2021-07-27,38.4,2021-07-28,34.5,GAP_STOP,25,-97.5,19.785,-117.2851,-0.121905,-0.102865,0.0,2,False
momentum_top,RPOWER,2021-07-26,2021-07-27,12.65,2021-07-28,11.7645,STOP,78,-69.069,19.9557,-89.0247,-0.090028,-0.102767,0.0,2,False
momentum_top,HFCL,2021-07-26,2021-07-27,71.2314,2021-07-28,66.2452,STOP,14,-69.8068,19.9987,-89.8054,-0.089858,-0.076389,0.0,2,False
momentum_top,JSWENERGY,2021-07-26,2021-07-27,235.8755,2021-08-11,219.3643,STOP,4,-66.0452,19.7794,-85.8246,-0.090765,-0.077893,0.067355,12,False
momentum_top,BSE,2021-07-26,2021-07-27,131.2157,2021-08-03,131.5643,MOMENTUM_FAIL,7,2.4402,19.8133,-17.3731,-0.018873,-0.05226,0.025654,6,False
momentum_top,FSL,2021-07-26,2021-07-27,194.7842,2021-07-29,181.1493,STOP,5,-68.1745,19.9035,-88.078,-0.090239,-0.093974,0.0,3,False
momentum_top,CAPLIPOINT,2021-07-26,2021-07-27,941.4891,2021-07-27,875.5849,STOP,1,-65.9042,19.7712,-85.6754,-0.090801,0.0,0.0,1,False
momentum_top,GPIL,2021-07-26,2021-07-27,414.3795,2021-08-03,385.3729,STOP,2,-58.0131,19.3113,-77.3244,-0.093098,-0.070902,0.087698,6,False
momentum_top,GRAVITA,2021-07-26,2021-07-27,176.8061,2021-08-10,164.4297,STOP,5,-61.8821,19.5368,-81.4189,-0.091899,-0.090406,0.116948,11,False
momentum_top,PNBHOUSING,2021-07-26,2021-07-27,562.959,2021-08-03,559.0341,MOMENTUM_FAIL,1,-3.9248,18.2991,-22.2239,-0.039391,-0.034132,0.006681,6,False
momentum_top,KIRLOSBROS,2021-07-26,2021-07-27,441.2236,2021-07-28,410.338,STOP,2,-61.7713,19.5303,-81.3016,-0.091931,-0.083991,0.0,2,False
momentum_top,REDINGTON,2021-07-26,2021-07-27,136.9813,2021-08-03,140.3633,MOMENTUM_FAIL,7,23.6739,20.027,3.6469,0.003795,-0.025,0.040217,6,False
momentum_top,TARIL,2021-07-26,2021-07-27,16.6216,2021-08-03,17.1155,MOMENTUM_FAIL,60,29.6372,20.2014,9.4358,0.009441,-0.043091,0.04309,6,False
momentum_top,ACE,2021-07-26,2021-07-27,263.7081,2021-07-28,245.2485,STOP,3,-55.3787,19.1577,-74.5364,-0.09401,-0.078553,0.0,2,False
momentum_top,CDSL,2021-07-26,2021-07-27,655.4946,2021-07-30,609.61,STOP,1,-45.8846,18.6044,-64.489,-0.098168,-0.071942,0.0,4,False
momentum_top,JPPOWER,2021-07-26,2021-07-27,5.45,2021-07-28,5.0685,STOP,183,-69.8145,19.9991,-89.8136,-0.089856,-0.100917,0.0,2,False
momentum_top,ECLERX,2021-07-26,2021-07-27,694.1941,2021-08-17,774.5312,TIME,1,80.3372,19.0248,61.3124,0.088129,-0.065634,0.145922,16,False
momentum_top,JWL,2021-08-02,2021-08-03,37.7263,2021-08-05,35.0855,STOP,26,-68.6619,19.9319,-88.5938,-0.090123,-0.092105,0.0,3,False
momentum_top,HFCL,2021-08-02,2021-08-03,74.1004,2021-08-04,68.9134,STOP,13,-67.4314,19.8602,-87.2916,-0.090419,-0.078772,0.0,2,False
momentum_top,JSWENERGY,2021-08-02,2021-08-03,237.8249,2021-08-10,228.9065,MOMENTUM_FAIL,4,-35.6737,19.8742,-55.5479,-0.058264,-0.03791,0.036885,6,False
momentum_top,GRAVITA,2021-08-02,2021-08-03,191.5685,2021-08-10,170.2559,MOMENTUM_FAIL,5,-106.5628,19.7575,-126.3203,-0.131592,-0.1605,0.030875,6,False
momentum_top,TITAGARH,2021-08-02,2021-08-03,91.8215,2021-08-05,85.394,STOP,10,-64.2751,19.6762,-83.9513,-0.091229,-0.093326,0.02713,3,False
momentum_top,REDINGTON,2021-08-02,2021-08-03,140.81,2021-08-10,136.9813,MOMENTUM_FAIL,7,-26.8006,20.0374,-46.838,-0.047415,-0.042749,0.017523,6,False
momentum_top,BSE,2021-08-02,2021-08-03,133.557,2021-08-10,120.6928,MOMENTUM_FAIL,7,-90.0494,19.6942,-109.7436,-0.117129,-0.120332,0.0,6,False
momentum_top,PNBHOUSING,2021-08-02,2021-08-03,564.1854,2021-08-23,524.6924,STOP,1,-39.493,18.2318,-57.7248,-0.102092,-0.07413,0.092319,14,False
momentum_top,INOXWIND,2021-08-02,2021-08-03,34.2125,2021-08-03,31.8176,STOP,29,-69.4514,19.9779,-89.4293,-0.089939,0.0,0.0,1,False
momentum_top,ACE,2021-08-02,2021-08-03,254.5124,2021-08-05,236.6966,STOP,3,-53.4476,19.0452,-72.4928,-0.094736,-0.102564,0.0,3,False
momentum_top,ECLERX,2021-08-02,2021-08-03,781.2634,2021-08-05,726.575,STOP,1,-54.6884,19.1175,-73.8059,-0.094264,-0.103255,0.012766,3,False
momentum_top,CDSL,2021-08-02,2021-08-03,673.7919,2021-08-04,626.6265,STOP,1,-47.1654,18.679,-65.8444,-0.097509,-0.071949,0.0,2,False
momentum_top,OLECTRA,2021-08-02,2021-08-03,324.3617,2021-08-06,301.6563,STOP,3,-68.1159,19.9001,-88.0161,-0.090253,-0.073846,0.058462,4,False
momentum_top,JSL,2021-08-02,2021-08-03,155.8399,2021-08-10,144.9311,STOP,6,-65.4528,19.7449,-85.1977,-0.090918,-0.119698,0.05498,6,False
momentum_top,ABREL,2021-08-02,2021-08-03,800.6997,2021-08-10,748.157,MOMENTUM_FAIL,1,-52.5427,19.2039,-71.7467,-0.089409,-0.071341,0.012054,6,False
momentum_top,JSWENERGY,2021-08-09,2021-08-10,242.6984,2021-08-11,224.4229,GAP_STOP,4,-73.1019,19.8803,-92.9822,-0.095571,-0.103815,0.0,2,False
momentum_top,ANGELONE,2021-08-09,2021-08-10,116.0115,2021-08-10,107.8907,STOP,8,-64.9665,19.7165,-84.683,-0.091045,0.0,0.0,1,False
momentum_top,JWL,2021-08-09,2021-08-10,33.9537,2021-08-11,31.5769,STOP,29,-68.926,19.9473,-88.8733,-0.090061,-0.070176,0.026316,2,False
momentum_top,RPOWER,2021-08-09,2021-08-10,12.25,2021-08-12,11.3925,STOP,81,-69.4575,19.9783,-89.4358,-0.089938,-0.093878,0.0,3,False
momentum_top,HFCL,2021-08-09,2021-08-10,68.0161,2021-08-11,63.255,STOP,14,-66.6558,19.815,-86.4708,-0.090611,-0.074909,0.0,2,False
momentum_top,REDINGTON,2021-08-09,2021-08-10,139.3423,2021-08-23,129.5884,STOP,7,-68.2778,19.9095,-88.1873,-0.090215,-0.087162,0.083804,9,False
momentum_top,PNBHOUSING,2021-08-09,2021-08-10,549.5493,2021-08-17,552.2067,MOMENTUM_FAIL,1,2.6574,18.2559,-15.5984,-0.028322,-0.012052,0.048951,6,False
momentum_top,INOXWIND,2021-08-09,2021-08-10,33.5,2021-08-10,31.155,STOP,29,-68.005,19.8936,-87.8986,-0.09028,0.0,0.0,1,False
momentum_top,GRAVITA,2021-08-09,2021-08-10,183.3074,2021-08-10,170.4759,STOP,5,-64.1576,19.6694,-83.827,-0.091261,0.0,0.0,1,False
momentum_top,ELECON,2021-08-09,2021-08-10,73.5507,2021-08-11,68.4021,STOP,13,-66.9311,19.831,-86.7622,-0.090542,-0.088726,0.0,2,False
momentum_top,JSL,2021-08-09,2021-08-10,156.6723,2021-08-10,145.7052,STOP,6,-65.8024,19.7653,-85.5676,-0.090828,0.0,0.0,1,False
momentum_top,TITAGARH,2021-08-09,2021-08-10,84.697,2021-08-11,78.7682,STOP,11,-65.2167,19.7311,-84.9478,-0.090979,-0.097647,0.0,2,False
momentum_top,ECLERX,2021-08-09,2021-08-10,698.1502,2021-08-12,649.2797,STOP,1,-48.8705,18.7784,-67.6489,-0.096686,-0.070929,0.023333,3,False
momentum_top,OLECTRA,2021-08-09,2021-08-10,285.7377,2021-09-01,299.1613,TIME,3,40.2708,19.6315,20.6392,0.024025,-0.041041,0.15386,16,False
momentum_top,ACE,2021-08-09,2021-08-10,234.2424,2021-08-10,217.8454,STOP,4,-65.5879,19.7528,-85.3406,-0.090883,0.0,0.0,1,False
momentum_top,DEEPAKFERT,2021-08-09,2021-08-10,439.8932,2021-08-11,406.1993,GAP_STOP,2,-67.3878,19.5076,-86.8954,-0.098553,-0.103511,0.0,2,False
momentum_top,TTML,2021-08-16,2021-08-17,38.6,2021-08-18,35.898,STOP,25,-67.55,19.8671,-87.4171,-0.09039,-0.104922,0.0,2,False
momentum_top,TEJASNET,2021-08-16,2021-08-17,375.5003,2021-08-23,349.2153,STOP,2,-52.57,18.994,-71.5641,-0.095084,-0.086374,0.037548,4,False
momentum_top,JSWENERGY,2021-08-16,2021-08-17,239.092,2021-08-23,222.3556,STOP,4,-66.9458,19.8319,-86.7777,-0.090539,-0.082348,0.01916,4,False
momentum_top,ELECON,2021-08-16,2021-08-17,88.5405,2021-08-20,82.3427,STOP,11,-68.1762,19.9036,-88.0798,-0.090239,-0.118592,0.0,3,False
momentum_top,GRAVITA,2021-08-16,2021-08-17,210.1925,2021-08-18,195.4791,STOP,4,-58.8539,19.3603,-78.2142,-0.092824,-0.086744,0.0,2,False
momentum_top,REDINGTON,2021-08-16,2021-08-17,145.4682,2021-08-20,135.2855,STOP,6,-61.0967,19.491,-80.5876,-0.09213,-0.081737,0.023541,3,False
momentum_top,TITAGARH,2021-08-16,2021-08-17,98.8962,2021-08-20,91.9735,STOP,10,-69.2274,19.9649,-89.1922,-0.089991,-0.078086,0.0,3,False
momentum_top,OLECTRA,2021-08-16,2021-08-17,328.3538,2021-08-17,305.369,STOP,3,-68.9543,19.949,-88.9033,-0.090055,0.0,0.0,1,False
momentum_top,JUBLINGREA,2021-08-16,2021-08-17,717.4616,2021-08-20,667.2393,STOP,1,-50.2223,18.8572,-69.0795,-0.096073,-0.073138,0.0,3,False
momentum_top,INOXWIND,2021-08-16,2021-08-17,32.5,2021-08-18,30.225,STOP,30,-68.25,19.9079,-88.1579,-0.090221,-0.084231,0.0,2,False
momentum_top,ANGELONE,2021-08-16,2021-08-17,112.5401,2021-08-23,104.6623,STOP,8,-63.0224,19.6032,-82.6257,-0.091573,-0.140726,0.0,4,False
momentum_top,ABREL,2021-08-16,2021-08-17,803.6544,2021-08-23,747.3986,STOP,1,-56.2558,19.2088,-75.4646,-0.093697,-0.091912,0.001838,4,False
momentum_top,PNBHOUSING,2021-08-16,2021-08-17,554.3735,2021-08-24,502.8609,GAP_STOP,1,-51.5126,18.1659,-69.6785,-0.125415,-0.09292,0.014749,5,False
momentum_top,JSL,2021-08-16,2021-08-17,151.4335,2021-08-20,140.8332,STOP,6,-63.6021,19.637,-83.2391,-0.091413,-0.126738,0.0,3,False
momentum_top,BSOFT,2021-08-16,2021-08-17,400.3535,2021-08-23,372.3287,STOP,2,-56.0495,19.1968,-75.2463,-0.09377,-0.073772,0.008378,4,False
momentum_top,ZENSARTECH,2021-08-16,2021-08-17,401.3921,2021-08-25,397.1948,MOMENTUM_FAIL,2,-8.3946,19.3026,-27.6972,-0.034426,-0.044897,0.047397,6,False
momentum_top,JWL,2021-08-16,2021-08-17,34.0033,2021-08-18,31.6231,STOP,29,-69.0268,19.9532,-88.98,-0.090038,-0.084672,0.0,2,False
momentum_top,RPOWER,2021-08-16,2021-08-17,10.6,2021-08-23,9.858,STOP,94,-69.748,19.9952,-89.7432,-0.089871,-0.09434,0.033019,4,False
momentum_top,TTML,2021-08-23,2021-08-24,33.35,2021-09-15,37.25,TIME,29,113.1,20.244,92.856,0.0958,-0.001499,0.146927,16,False
momentum_top,TEJASNET,2021-08-23,2021-08-24,356.8174,2021-09-08,421.8835,TARGET,2,130.1322,19.2083,110.9239,0.155096,-0.019827,0.196034,12,False
momentum_top,JSWENERGY,2021-08-23,2021-08-24,208.438,2021-08-30,244.7085,TARGET,4,145.0821,19.7459,125.3362,0.15,0.0,0.19827,5,False
momentum_top,ECLERX,2021-08-23,2021-08-24,682.0097,2021-09-15,781.2301,TIME,1,99.2204,19.0118,80.2086,0.11735,0.0,0.145531,16,False
momentum_top,GRAVITA,2021-08-23,2021-08-24,174.362,2021-09-09,204.5572,TARGET,5,150.976,19.9186,131.0574,0.15,0.0,0.183067,13,False
momentum_top,REDINGTON,2021-08-23,2021-08-24,125.9207,2021-09-07,117.1063,STOP,7,-61.7012,19.5262,-81.2274,-0.091951,-0.07973,0.068581,11,False
momentum_top,OLECTRA,2021-08-23,2021-08-24,286.4363,2021-09-08,341.2285,TARGET,3,164.3766,19.8931,144.4835,0.167772,0.0,0.195819,12,False
momentum_top,TITAGARH,2021-08-23,2021-08-24,84.9461,2021-09-15,94.2628,TIME,11,102.4835,20.0842,82.3993,0.087991,0.0,0.163636,16,False
momentum_top,BLS,2021-08-23,2021-08-24,40.9864,2021-08-25,47.9989,TARGET,24,168.2998,20.4262,147.8736,0.15,0.0,0.228571,2,False
momentum_top,INOXWIND,2021-08-23,2021-08-24,28.6375,2021-08-26,26.6329,STOP,34,-68.1573,19.9025,-88.0598,-0.090243,-0.100829,0.043649,3,False
momentum_top,PNBHOUSING,2021-08-23,2021-08-24,502.8609,2021-09-15,521.0538,TIME,1,18.1929,18.0904,0.1025,0.000203,0.0,0.099187,16,False
momentum_top,ANGELONE,2021-08-23,2021-08-24,95.4775,2021-08-31,111.86,TARGET,10,163.8245,20.2951,143.5294,0.15,0.0,0.18693,6,False
momentum_top,UTIAMC,2021-08-23,2021-08-24,899.0997,2021-09-15,993.371,TIME,1,94.2713,19.9184,74.3529,0.082517,0.0,0.134515,16,False
momentum_top,ELECON,2021-08-23,2021-08-24,74.483,2021-09-08,87.2457,TARGET,13,165.9156,20.3564,145.5593,0.15,0.0,0.225296,12,False
momentum_top,ABREL,2021-08-23,2021-08-24,728.8042,2021-09-06,857.6335,TARGET,1,128.8293,19.2697,109.5596,0.15,0.0,0.181081,10,False
momentum_top,ZENSARTECH,2021-08-23,2021-08-24,390.5338,2021-09-15,458.9953,TARGET,2,136.9231,19.5068,117.4163,0.15,-0.00222,0.365841,16,False
momentum_top,TEJASNET,2021-08-30,2021-08-31,376.5465,2021-09-09,442.8419,TARGET,2,132.5908,19.3799,113.2109,0.15,-0.050013,0.189997,8,False
momentum_top,TTML,2021-08-30,2021-08-31,37.8,2021-09-02,35.154,STOP,26,-68.796,19.9397,-88.7357,-0.090092,-0.07672,0.002646,3,False
momentum_top,GRAVITA,2021-08-30,2021-08-31,195.7235,2021-09-07,194.6481,MOMENTUM_FAIL,5,-5.377,20.0512,-25.4282,-0.025927,-0.03971,0.028472,6,False
momentum_top,JSWENERGY,2021-08-30,2021-08-31,246.5972,2021-09-14,299.9616,TARGET,4,213.4576,20.5296,192.9279,0.195164,-0.011462,0.216601,10,False
momentum_top,ECLERX,2021-08-30,2021-08-31,738.3769,2021-09-07,725.1952,MOMENTUM_FAIL,1,-13.1818,19.0209,-32.2027,-0.043518,-0.022963,0.022062,6,False
momentum_top,OLECTRA,2021-08-30,2021-08-31,299.7102,2021-09-09,353.1051,TARGET,3,160.1846,20.0527,140.1319,0.155513,-0.017649,0.199967,8,False
momentum_top,TITAGARH,2021-08-30,2021-08-31,96.8535,2021-09-06,90.0738,STOP,10,-67.7975,19.8815,-87.679,-0.09033,-0.077675,0.003086,5,False
momentum_top,BLS,2021-08-30,2021-08-31,51.6477,2021-09-09,60.4863,TARGET,19,167.9333,20.4155,147.5178,0.15,-0.048181,0.188474,8,False
momentum_top,JSL,2021-08-30,2021-08-31,148.9366,2021-09-22,157.7983,TIME,6,53.1704,19.8115,33.3589,0.037249,-0.044707,0.146614,16,False
momentum_top,RKFORGE,2021-08-30,2021-08-31,202.367,2021-09-07,191.9539,MOMENTUM_FAIL,4,-41.6523,19.2631,-60.9154,-0.075089,-0.062476,0.0,6,False
momentum_top,JWL,2021-08-30,2021-08-31,31.4717,2021-09-22,34.5494,TIME,31,95.408,20.2438,75.1642,0.076874,-0.05836,0.167192,16,False
momentum_top,ZENSARTECH,2021-08-30,2021-08-31,408.6005,2021-09-07,399.0197,MOMENTUM_FAIL,2,-19.1616,19.3416,-38.5032,-0.047013,-0.03305,0.012059,6,False
momentum_top,UTIAMC,2021-08-30,2021-08-31,973.7451,2021-09-07,974.4161,MOMENTUM_FAIL,1,0.671,20.043,-19.3719,-0.019851,-0.009475,0.042205,6,False
momentum_top,HFCL,2021-08-30,2021-08-31,70.9346,2021-09-03,65.9692,STOP,14,-69.5159,19.9817,-89.4976,-0.089924,-0.077406,0.0,4,False
momentum_top,ANGELONE,2021-08-30,2021-08-31,111.1787,2021-09-07,108.7827,MOMENTUM_FAIL,8,-19.1682,19.6465,-38.8148,-0.043545,-0.057102,0.028571,6,False
momentum_top,ABREL,2021-08-30,2021-08-31,755.7404,2021-09-22,888.7411,TARGET,1,133.0008,19.3919,113.6089,0.15,0.0,0.204144,16,False
momentum_top,LODHA,2021-08-30,2021-08-31,464.7766,2021-09-06,544.7359,TARGET,2,159.9184,20.1806,139.7378,0.15,0.0,0.173839,5,False
momentum_top,GRAVITA,2021-09-06,2021-09-07,198.1676,2021-09-21,184.2958,STOP,5,-69.3586,19.9725,-89.3312,-0.089961,-0.076961,0.092501,10,False
momentum_top,BLS,2021-09-06,2021-09-07,54.5265,2021-09-15,63.8576,TARGET,18,167.9598,20.4162,147.5435,0.15,-0.029083,0.236465,6,False
momentum_top,JSWENERGY,2021-09-06,2021-09-07,246.6459,2021-09-14,299.9616,TARGET,4,213.2626,20.5301,192.7326,0.194927,0.0,0.21636,5,False
momentum_top,ECLERX,2021-09-06,2021-09-07,731.3954,2021-09-29,730.2923,TIME,1,-1.1031,19.016,-20.1192,-0.027448,-0.013636,0.117317,16,False
momentum_top,OLECTRA,2021-09-06,2021-09-07,319.2717,2021-09-13,377.6069,TARGET,3,175.0057,20.3307,154.675,0.161135,0.0,0.182713,4,False
momentum_top,PRESTIGE,2021-09-06,2021-09-07,481.5929,2021-09-07,447.8814,STOP,2,-67.423,19.8597,-87.2827,-0.090421,0.0,0.0,1,False
momentum_top,SOBHA,2021-09-06,2021-09-07,808.4201,2021-09-08,751.8307,STOP,1,-56.5894,19.2283,-75.8177,-0.09358,-0.097324,0.0,2,False
momentum_top,JSL,2021-09-06,2021-09-07,157.1619,2021-09-21,146.1605,STOP,6,-66.008,19.7772,-85.7852,-0.090775,-0.071651,0.086604,10,False
momentum_top,LODHA,2021-09-06,2021-09-07,536.6615,2021-09-15,505.7936,MOMENTUM_FAIL,1,-30.8679,18.1332,-49.0011,-0.091108,-0.070111,0.0,6,False
momentum_top,TDPOWERSYS,2021-09-06,2021-09-07,31.5349,2021-09-15,31.1602,MOMENTUM_FAIL,31,-11.6163,20.0341,-31.6504,-0.032306,-0.015432,0.048302,6,False
momentum_top,IEX,2021-09-06,2021-09-07,173.729,2021-09-29,196.2575,TIME,5,112.6422,19.8272,92.8151,0.106617,0.0,0.141287,16,False
momentum_top,TTML,2021-09-06,2021-09-07,34.5,2021-09-29,35.7,TIME,28,33.6,20.0773,13.5227,0.013968,-0.023188,0.107246,16,False
momentum_top,ABREL,2021-09-06,2021-09-07,855.8525,2021-09-15,829.9996,MOMENTUM_FAIL,1,-25.8529,19.4912,-45.3441,-0.052866,-0.042175,0.016628,6,False
momentum_top,TEJASNET,2021-09-13,2021-09-14,423.4778,2021-09-21,398.6172,MOMENTUM_FAIL,2,-49.7213,19.405,-69.1263,-0.081439,-0.1,0.046824,6,False
momentum_top,BLS,2021-09-13,2021-09-14,60.3085,2021-09-16,70.6459,TARGET,16,165.3981,20.3412,145.0569,0.15,0.0,0.212667,3,False
momentum_top,IRCTC,2021-09-13,2021-09-14,665.512,2021-10-05,784.5395,TARGET,1,119.0275,18.9825,100.045,0.15,0.0,0.208512,16,False
momentum_top,GRAVITA,2021-09-13,2021-09-14,200.4161,2021-09-20,186.387,STOP,4,-56.1165,19.2007,-75.3172,-0.093746,-0.070732,0.080244,5,False
momentum_top,TITAGARH,2021-09-13,2021-09-14,91.7717,2021-09-21,91.0244,MOMENTUM_FAIL,10,-7.4733,19.7898,-27.2631,-0.029643,-0.053203,0.049946,6,False
momentum_top,ZENSARTECH,2021-09-13,2021-09-14,449.3875,2021-09-15,526.9635,TARGET,2,155.152,20.041,135.111,0.15,-0.006272,0.186964,2,False
momentum_top,JSL,2021-09-13,2021-09-14,161.2745,2021-09-21,149.9853,STOP,6,-67.7353,19.8779,-87.6132,-0.090345,-0.095325,0.058895,6,False
momentum_top,TDPOWERSYS,2021-09-13,2021-09-14,31.7344,2021-09-21,30.861,MOMENTUM_FAIL,31,-27.0764,20.0288,-47.1052,-0.047778,-0.062453,0.020081,6,False
momentum_top,SOBHA,2021-09-13,2021-09-14,787.767,2021-09-17,732.6233,STOP,1,-55.1437,19.144,-74.2877,-0.094096,-0.081086,0.0,4,False
momentum_top,CARBORUNIV,2021-09-13,2021-09-14,902.8673,2021-09-17,839.6666,STOP,1,-63.2007,19.6136,-82.8143,-0.091524,-0.101413,0.010924,4,False
momentum_top,IEX,2021-09-13,2021-09-14,183.8307,2021-09-21,179.7808,MOMENTUM_FAIL,5,-20.2494,19.7698,-40.0193,-0.043444,-0.050343,0.03736,6,False
momentum_top,RKFORGE,2021-09-13,2021-09-14,196.4728,2021-10-05,219.2244,TIME,5,113.7578,20.3096,93.4481,0.094918,-0.03,0.14855,16,False
momentum_top,ANGELONE,2021-09-13,2021-09-14,118.3486,2021-09-20,110.0642,STOP,8,-66.2752,19.7928,-86.068,-0.090707,-0.077991,0.016104,5,False
momentum_top,LODHA,2021-09-13,2021-09-14,529.6811,2021-09-17,492.6034,STOP,1,-37.0777,18.0911,-55.1687,-0.103927,-0.07468,0.0,4,False
momentum_top,TEJASNET,2021-09-20,2021-09-21,388.7028,2021-09-27,456.8808,TARGET,2,136.356,19.4902,116.8658,0.15,-0.011151,0.177006,5,False
momentum_top,ZENTEC,2021-09-20,2021-09-21,180.9628,2021-09-27,214.4043,TARGET,5,167.2075,20.091,147.1165,0.162238,-0.008538,0.184798,5,False
momentum_top,BLS,2021-09-20,2021-09-21,65.6254,2021-09-21,61.0316,STOP,15,-68.9067,19.9462,-88.8529,-0.090066,0.0,0.0,1,False
momentum_top,JSWENERGY,2021-09-20,2021-09-21,326.327,2021-09-30,382.1847,TARGET,3,167.5731,20.4049,147.1682,0.15,-0.005376,0.181302,8,False
momentum_top,OLECTRA,2021-09-20,2021-09-21,384.2438,2021-10-04,454.0565,TARGET,2,139.6254,19.4592,120.1662,0.156026,0.0,0.181689,10,False
momentum_top,IRCTC,2021-09-20,2021-09-21,712.5929,2021-10-06,838.9116,TARGET,1,126.3187,19.1961,107.1226,0.15,-0.023775,0.209553,12,False
momentum_top,ZENSARTECH,2021-09-20,2021-09-21,471.0524,2021-09-28,449.1825,MOMENTUM_FAIL,2,-43.7399,19.8189,-63.5588,-0.067318,-0.071442,0.032704,6,False
momentum_top,RKFORGE,2021-09-20,2021-09-21,194.7046,2021-10-07,228.0501,TARGET,5,166.7278,20.3801,146.3477,0.15,0.0,0.197881,13,False
momentum_top,TDPOWERSYS,2021-09-20,2021-09-21,30.5177,2021-10-12,33.3281,TIME,32,89.9342,20.2366,69.6976,0.071214,-0.027162,0.12504,16,False
momentum_top,IEX,2021-09-20,2021-09-21,179.673,2021-10-08,210.6907,TARGET,5,155.0884,20.0391,135.0493,0.15,-0.003771,0.207234,14,False
momentum_top,GRAVITA,2021-09-20,2021-09-21,185.7515,2021-10-12,197.581,TIME,5,59.1472,19.9721,39.1752,0.042088,0.0,0.114737,16,False
momentum_top,JSL,2021-09-20,2021-09-21,151.9231,2021-10-12,163.135,TIME,6,67.2712,19.9159,47.3553,0.051838,-0.000967,0.169191,16,False
momentum_top,JSWENERGY,2021-09-27,2021-09-28,336.2689,2021-10-14,396.3266,TARGET,2,120.1155,19.0143,101.1012,0.15,0.0,0.182609,13,False
momentum_top,IRCTC,2021-09-27,2021-09-28,744.3845,2021-10-07,878.7369,TARGET,1,134.3523,19.3467,115.0056,0.154161,-0.041553,0.224377,8,False
momentum_top,OLECTRA,2021-09-27,2021-09-28,418.1771,2021-10-06,499.018,TARGET,2,161.6818,19.7907,141.8911,0.169284,-0.05,0.193317,7,False
momentum_top,TDPOWERSYS,2021-09-27,2021-09-28,30.704,2021-10-18,35.9579,TARGET,32,168.1226,20.421,147.7016,0.15,-0.033067,0.197125,14,False
momentum_top,PRESTIGE,2021-09-27,2021-09-28,497.4662,2021-09-28,462.6436,STOP,2,-69.6453,19.9892,-89.6345,-0.089895,0.0,0.0,1,False
momentum_top,SOBHA,2021-09-27,2021-09-28,790.1274,2021-10-05,761.5081,MOMENTUM_FAIL,1,-28.6194,19.208,-47.8274,-0.060399,-0.050286,0.014439,6,False
momentum_top,SONACOMS,2021-09-27,2021-09-28,548.6215,2021-10-05,570.303,MOMENTUM_FAIL,1,21.6815,18.2907,3.3909,0.006167,-0.024512,0.047691,6,False
momentum_top,WELSPUNLIV,2021-09-27,2021-09-28,156.9517,2021-10-19,145.965,STOP,6,-65.9197,19.7721,-85.6918,-0.090797,-0.078659,0.069884,15,False
momentum_top,LODHA,2021-09-27,2021-09-28,546.5383,2021-10-05,535.8447,MOMENTUM_FAIL,1,-10.6935,18.216,-28.9095,-0.05278,-0.05974,0.0,6,False
momentum_top,ZENSARTECH,2021-09-27,2021-09-28,458.2148,2021-10-05,435.7487,MOMENTUM_FAIL,2,-44.9321,19.7081,-64.6402,-0.070381,-0.060136,0.009105,6,False
momentum_top,IEX,2021-09-27,2021-09-28,182.26,2021-10-08,213.6783,TARGET,5,157.0916,20.0978,136.9938,0.15,-0.003041,0.190098,9,False
momentum_top,RKFORGE,2021-09-27,2021-09-28,204.3317,2021-10-11,239.9664,TARGET,4,142.5384,19.6714,122.8671,0.15,-0.005,0.211538,10,False
momentum_top,KPRMILL,2021-09-27,2021-09-28,461.2447,2021-09-29,428.9576,STOP,2,-64.5743,19.6937,-84.2679,-0.091149,-0.101505,0.0,2,False
momentum_top,JSWENERGY,2021-10-04,2021-10-05,378.8629,2021-10-12,370.2368,MOMENTUM_FAIL,2,-17.2522,19.0943,-36.3465,-0.047863,-0.040777,0.015436,6,False
momentum_top,ZENTEC,2021-10-04,2021-10-05,214.1551,2021-10-12,204.8852,MOMENTUM_FAIL,4,-37.0797,19.4715,-56.5512,-0.065873,-0.057482,0.011403,6,False
momentum_top,BLS,2021-10-04,2021-10-05,65.5399,2021-10-12,62.744,MOMENTUM_FAIL,15,-41.9392,19.9957,-61.9349,-0.062862,-0.057377,0.016393,6,False
momentum_top,IRCTC,2021-10-04,2021-10-05,780.696,2021-10-08,921.9285,TARGET,1,141.2325,19.514,121.7184,0.15557,0.0,0.215227,4,False
momentum_top,PRESTIGE,2021-10-04,2021-10-05,478.6379,2021-10-12,466.7462,MOMENTUM_FAIL,2,-23.7832,19.9236,-43.7068,-0.045558,-0.057971,0.039337,6,False
momentum_top,USHAMART,2021-10-04,2021-10-05,91.5038,2021-10-11,85.0986,STOP,10,-64.0527,19.6633,-83.716,-0.091289,-0.080813,0.0,5,False
momentum_top,IEX,2021-10-04,2021-10-05,194.425,2021-10-11,227.7273,TARGET,5,166.5114,20.3738,146.1376,0.15,-0.011563,0.265167,5,False
momentum_top,CGPOWER,2021-10-04,2021-10-05,124.9622,2021-10-06,116.2148,STOP,7,-61.2315,19.4988,-80.7303,-0.09209,-0.094466,0.0,2,False
momentum_top,JSL,2021-10-04,2021-10-05,172.3395,2021-10-12,163.135,MOMENTUM_FAIL,5,-46.0225,19.4748,-65.4973,-0.075844,-0.069034,0.020455,6,False
momentum_top,LODHA,2021-10-04,2021-10-05,524.7798,2021-10-25,488.0452,STOP,1,-36.7346,18.0711,-54.8056,-0.104208,-0.103774,0.15566,14,False
momentum_top,TDPOWERSYS,2021-10-04,2021-10-05,32.9406,2021-10-12,33.3281,MOMENTUM_FAIL,30,11.6242,20.1264,-8.5021,-0.008585,-0.043032,0.042287,6,False
momentum_top,RKFORGE,2021-10-04,2021-10-05,221.9946,2021-10-27,229.0249,TIME,4,28.1211,19.7367,8.3844,0.009422,-0.023365,0.115143,16,False
momentum_top,TEJASNET,2021-10-11,2021-10-12,485.2558,2021-10-21,450.8793,GAP_STOP,2,-68.7529,19.8879,-88.6408,-0.091135,-0.086345,0.107187,7,False
momentum_top,JSWENERGY,2021-10-11,2021-10-12,379.1553,2021-10-20,366.6793,MOMENTUM_FAIL,2,-24.952,19.0811,-44.0331,-0.057941,-0.066838,0.048843,6,False
momentum_top,ZENTEC,2021-10-11,2021-10-12,204.8852,2021-10-19,242.214,TARGET,4,149.3155,19.6945,129.621,0.157818,0.0,0.21479,5,False
momentum_top,IRCTC,2021-10-11,2021-10-12,910.6528,2021-10-14,1067.6442,TARGET,1,156.9914,20.0949,136.8966,0.15,0.0,0.173977,3,False
momentum_top,BLS,2021-10-11,2021-10-12,63.4888,2021-10-14,56.7858,GAP_STOP,15,-100.5443,19.7464,-120.2907,-0.126036,-0.105577,0.011539,3,False
momentum_top,IEX,2021-10-11,2021-10-12,242.192,2021-10-19,283.6899,TARGET,4,165.9915,20.3586,145.6329,0.15,-0.004323,0.215666,5,False
momentum_top,TDPOWERSYS,2021-10-11,2021-10-12,33.4458,2021-10-22,31.1046,STOP,29,-67.895,19.8872,-87.7822,-0.090306,-0.122305,0.120252,8,False
momentum_top,SONACOMS,2021-10-11,2021-10-12,634.3739,2021-10-14,748.5792,TARGET,1,114.2053,18.8412,95.3641,0.15,0.0,0.248848,3,False
momentum_top,PRESTIGE,2021-10-11,2021-10-12,477.3992,2021-10-18,443.9812,STOP,2,-66.8359,19.8255,-86.6614,-0.090566,-0.075039,0.0,4,False
momentum_top,RKFORGE,2021-10-11,2021-10-12,239.6969,2021-10-20,237.4276,MOMENTUM_FAIL,4,-9.077,19.96,-29.037,-0.030219,-0.053279,0.015328,6,False
momentum_top,USHAMART,2021-10-11,2021-10-12,85.922,2021-10-20,83.9183,MOMENTUM_FAIL,11,-22.0411,19.8759,-41.917,-0.044253,-0.038312,0.041088,6,False
momentum_top,CGPOWER,2021-10-11,2021-10-12,118.0473,2021-10-21,138.6932,TARGET,8,165.1673,20.2539,144.9134,0.153114,-0.045607,0.179916,7,False
momentum_top,TEJASNET,2021-10-18,2021-10-19,518.0877,2021-10-20,481.8216,STOP,1,-36.2661,18.0438,-54.3099,-0.104599,-0.09924,0.0,2,False
momentum_top,OLECTRA,2021-10-18,2021-10-19,561.8942,2021-10-20,513.0403,GAP_STOP,1,-48.854,18.2031,-67.057,-0.119081,-0.096803,0.0,2,False
momentum_top,ZENTEC,2021-10-18,2021-10-19,242.214,2021-10-20,220.2852,GAP_STOP,4,-87.7154,19.8423,-107.5577,-0.110773,-0.104321,0.0,2,False
momentum_top,JSWENERGY,2021-10-18,2021-10-19,384.8573,2021-10-20,357.9173,STOP,2,-53.88,19.0704,-72.9504,-0.094569,-0.080663,0.0,2,False
momentum_top,TDPOWERSYS,2021-10-18,2021-10-19,37.1784,2021-10-19,34.5759,STOP,26,-67.6646,19.8738,-87.5384,-0.090362,0.0,0.0,1,False
momentum_top,BLS,2021-10-18,2021-10-19,57.5672,2021-10-25,53.5375,STOP,17,-68.505,19.9228,-88.4278,-0.09016,-0.086108,0.003605,5,False
momentum_top,SONACOMS,2021-10-18,2021-10-19,751.6989,2021-10-19,699.08,STOP,1,-52.6189,18.9969,-71.6158,-0.095064,0.0,0.0,1,False
momentum_top,TMPV,2021-10-18,2021-10-19,499.2451,2021-10-19,464.298,STOP,1,-34.9472,17.9669,-52.914,-0.105757,0.0,0.0,1,False
momentum_top,THANGAMAYL,2021-10-18,2021-10-19,666.7033,2021-10-20,620.034,STOP,1,-46.6692,18.6501,-65.3193,-0.09776,-0.09889,0.0,2,False
momentum_top,IDBI,2021-10-18,2021-10-19,57.0669,2021-10-19,53.0722,STOP,17,-67.9096,19.8881,-87.7977,-0.090303,0.0,0.0,1,False
momentum_top,USHAMART,2021-10-18,2021-10-19,88.0689,2021-10-25,81.9041,STOP,11,-67.813,19.8825,-87.6955,-0.090326,-0.083424,0.0,5,False
momentum_top,ZENTEC,2021-10-25,2021-10-26,204.3369,2021-11-17,216.0489,TIME,4,46.848,19.4766,27.3714,0.033415,-0.004634,0.110732,16,False
momentum_top,TRIDENT,2021-10-25,2021-10-26,37.1042,2021-10-29,34.5069,STOP,26,-67.5297,19.8659,-87.3956,-0.090395,-0.096715,0.01125,4,False
momentum_top,OLECTRA,2021-10-25,2021-10-26,509.9465,2021-11-03,608.7021,TARGET,1,98.7556,18.2843,80.4713,0.157459,-0.001859,0.220374,7,False
momentum_top,CGPOWER,2021-10-25,2021-10-26,142.2494,2021-11-08,166.5593,TARGET,7,170.1694,20.481,149.6884,0.15,-0.007639,0.177083,9,False
momentum_top,TEJASNET,2021-10-25,2021-10-26,407.5849,2021-11-17,478.6871,TARGET,2,142.2044,19.6616,122.5428,0.15,0.0,0.190441,16,False
momentum_top,TATAPOWER,2021-10-25,2021-10-26,207.8803,2021-11-17,244.0645,TARGET,4,144.7367,19.7358,125.0009,0.15,-0.063474,0.174146,16,False
momentum_top,IRCTC,2021-10-25,2021-10-26,777.4471,2021-10-28,913.8095,TARGET,1,136.3624,19.4904,116.872,0.15,-0.008419,0.20821,3,False
momentum_top,IRB,2021-10-25,2021-10-26,13.8026,2021-10-27,12.8365,STOP,72,-69.5653,19.9846,-89.5499,-0.089913,-0.073416,0.084507,2,False
momentum_top,TMPV,2021-10-25,2021-10-26,471.0411,2021-11-17,516.4891,TIME,2,90.8959,20.093,70.803,0.074992,-0.032678,0.110031,16,False
momentum_top,IEX,2021-10-25,2021-10-26,215.5829,2021-10-29,200.4921,STOP,4,-60.3632,19.4482,-79.8115,-0.092351,-0.084,0.071,4,False
momentum_top,TDPOWERSYS,2021-10-25,2021-10-26,31.7831,2021-11-11,37.2201,TARGET,31,168.548,20.4335,148.1145,0.15,-0.058642,0.175926,12,False
momentum_top,ZEEL,2021-10-25,2021-10-26,287.1045,2021-11-02,294.6142,MOMENTUM_FAIL,3,22.5291,19.6127,2.9164,0.003379,-0.035148,0.037764,6,False
momentum_top,THANGAMAYL,2021-10-25,2021-10-26,605.3907,2021-11-17,637.2557,TIME,1,31.8651,18.5511,13.314,0.021944,-0.034345,0.086262,16,False
momentum_top,GMRAIRPORT,2021-10-25,2021-10-26,37.0282,2021-11-02,37.7939,MOMENTUM_FAIL,26,19.9105,20.0356,-0.1251,-0.00013,-0.043796,0.032847,6,False
momentum_top,JSWENERGY,2021-10-25,2021-10-26,365.4609,2021-10-28,339.8786,STOP,2,-51.1645,18.9121,-70.0766,-0.095665,-0.07121,0.008134,3,False
momentum_top,ZENTEC,2021-11-01,2021-11-02,213.557,2021-11-25,212.012,TIME,4,-6.1799,19.5244,-25.7042,-0.030025,-0.057176,0.062777,16,False
momentum_top,TRIDENT,2021-11-01,2021-11-02,38.1966,2021-11-10,37.4009,MOMENTUM_FAIL,26,-20.6898,20.0812,-40.771,-0.040964,-0.066176,0.007353,6,False
momentum_top,IEX,2021-11-01,2021-11-02,226.9781,2021-11-25,239.1431,TIME,4,48.66,19.8627,28.7973,0.031649,-0.017368,0.122117,16,False
momentum_top,OLECTRA,2021-11-01,2021-11-02,578.4616,2021-11-11,684.008,TARGET,1,105.5464,18.5874,86.9589,0.15,0.0,0.236025,7,False
momentum_top,TDPOWERSYS,2021-11-01,2021-11-02,32.8572,2021-11-17,38.4778,TARGET,30,168.6163,20.4355,148.1808,0.15,-0.041648,0.197194,11,False
momentum_top,IRCTC,2021-11-01,2021-11-02,829.8121,2021-11-08,771.7252,STOP,1,-58.0868,19.3156,-77.4024,-0.093074,-0.101969,0.0,4,False
momentum_top,CGPOWER,2021-11-01,2021-11-02,150.0534,2021-11-25,152.7206,TIME,6,16.0031,19.7641,-3.761,-0.004168,-0.025675,0.115866,16,False
momentum_top,TATAPOWER,2021-11-01,2021-11-02,220.3986,2021-11-25,234.7052,TIME,4,57.2263,19.769,37.4573,0.042395,-0.025439,0.107456,16,False
momentum_top,TRITURBINE,2021-11-01,2021-11-02,197.3648,2021-11-16,183.5492,STOP,5,-69.0777,19.9562,-89.0338,-0.090026,-0.070684,0.126488,10,False
momentum_top,IDEA,2021-11-01,2021-11-02,10.1,2021-11-10,10.3,MOMENTUM_FAIL,98,19.6,20.1493,-0.5493,-0.000554,-0.039604,0.049505,6,False
momentum_top,ZEEL,2021-11-01,2021-11-02,293.7694,2021-11-10,297.8997,MOMENTUM_FAIL,3,12.3909,19.6765,-7.2856,-0.008249,-0.024924,0.047611,6,False
momentum_top,SONACOMS,2021-11-01,2021-11-02,636.3228,2021-11-25,750.8299,TARGET,1,114.5071,18.85,95.6571,0.15,-0.02657,0.18683,16,False
momentum_top,UNITDSPR,2021-11-01,2021-11-02,945.9448,2021-11-10,943.0297,MOMENTUM_FAIL,1,-2.9151,19.9183,-22.8333,-0.024085,-0.015049,0.047715,6,False
momentum_top,GMRAIRPORT,2021-11-01,2021-11-02,38.1543,2021-11-10,37.6588,MOMENTUM_FAIL,26,-12.8833,20.0925,-32.9758,-0.033169,-0.035419,0.016529,6,False
momentum_top,TEJASNET,2021-11-01,2021-11-02,433.2427,2021-11-25,486.9497,TIME,2,107.414,19.8074,87.6066,0.100885,-0.046688,0.123965,16,False
momentum_top,ZENTEC,2021-11-08,2021-11-09,210.8159,2021-12-01,204.5861,TIME,4,-24.9192,19.4399,-44.3591,-0.052489,-0.051537,0.076596,16,False
momentum_top,OLECTRA,2021-11-08,2021-11-09,656.6578,2021-11-15,787.8994,TARGET,1,131.2416,18.9699,112.2716,0.170601,-0.010563,0.199863,5,False
momentum_top,CGPOWER,2021-11-08,2021-11-09,161.4136,2021-11-10,150.1146,STOP,6,-67.7937,19.8813,-87.675,-0.090331,-0.081395,0.0,2,False
momentum_top,TRIDENT,2021-11-08,2021-11-09,37.4477,2021-11-16,38.3839,MOMENTUM_FAIL,26,24.3409,20.0907,4.2502,0.004356,-0.0325,0.025,6,False
momentum_top,IEX,2021-11-08,2021-11-09,240.3288,2021-11-29,223.5058,STOP,4,-67.2921,19.8521,-87.1442,-0.090453,-0.100596,0.059781,14,False
momentum_top,TATAPOWER,2021-11-08,2021-11-09,227.1652,2021-11-29,211.2636,STOP,4,-63.6063,19.6373,-83.2435,-0.091411,-0.092553,0.074468,14,False
momentum_top,TRITURBINE,2021-11-08,2021-11-09,200.397,2021-11-15,186.3692,STOP,4,-56.1112,19.2004,-75.3116,-0.093748,-0.072155,0.109443,5,False
momentum_top,TDPOWERSYS,2021-11-08,2021-11-09,33.1074,2021-11-17,38.7667,TARGET,30,169.7785,20.4695,149.309,0.15,-0.017333,0.188148,7,False
momentum_top,ZEEL,2021-11-08,2021-11-09,296.6324,2021-11-22,275.8682,STOP,3,-62.2928,19.5607,-81.8535,-0.09178,-0.073101,0.065664,9,False
momentum_top,TMPV,2021-11-08,2021-11-09,491.9871,2021-11-16,505.675,MOMENTUM_FAIL,2,27.3758,20.1405,7.2353,0.007337,-0.015148,0.043267,6,False
momentum_top,BLS,2021-11-08,2021-11-09,55.1253,2021-11-16,52.0364,MOMENTUM_FAIL,18,-55.6014,20.0065,-75.608,-0.076032,-0.091251,0.0,6,False
momentum_top,CANBK,2021-11-08,2021-11-09,41.472,2021-11-12,38.569,STOP,24,-69.673,19.9909,-89.6638,-0.089888,-0.075306,0.0,4,False
momentum_top,IRCTC,2021-11-08,2021-11-09,797.8962,2021-11-29,742.0434,STOP,1,-55.8527,19.1853,-75.0381,-0.09384,-0.101138,0.112575,14,False
momentum_top,UNITDSPR,2021-11-08,2021-11-09,970.7231,2021-11-16,908.7289,MOMENTUM_FAIL,1,-61.9942,19.9026,-81.8968,-0.084183,-0.068469,0.006306,6,False
momentum_top,UNIONBANK,2021-11-08,2021-11-09,45.2997,2021-11-11,42.1288,STOP,22,-69.7616,19.996,-89.7576,-0.089868,-0.091667,0.007407,3,False
momentum_top,ZENTEC,2021-11-15,2021-11-16,210.3175,2021-12-08,213.258,TIME,4,11.7618,19.5062,-7.7444,-0.009186,-0.049289,0.056635,16,False
momentum_top,IEX,2021-11-15,2021-11-16,251.8163,2021-11-22,234.1891,STOP,3,-52.8814,19.0122,-71.8936,-0.094959,-0.077662,0.011435,4,False
momentum_top,TRIDENT,2021-11-15,2021-11-16,36.8392,2021-11-22,43.1355,TARGET,27,170.0008,20.4761,149.5248,0.15,0.0,0.205845,4,False
momentum_top,CGPOWER,2021-11-15,2021-11-16,154.795,2021-11-24,153.5602,MOMENTUM_FAIL,6,-7.4088,19.8366,-27.2454,-0.029271,-0.05552,0.013082,6,False
momentum_top,ZEEL,2021-11-15,2021-11-16,307.4276,2021-11-22,285.9077,STOP,3,-64.5598,19.6928,-84.2526,-0.091153,-0.105649,0.0,4,False
momentum_top,TATAPOWER,2021-11-15,2021-11-16,234.0768,2021-11-22,217.6914,STOP,4,-65.5415,19.7501,-85.2916,-0.090895,-0.074954,0.042742,4,False
momentum_top,IDEA,2021-11-15,2021-11-16,10.15,2021-11-29,11.9,TARGET,98,171.5,20.4793,151.0207,0.151494,-0.034483,0.221675,9,False
momentum_top,TMPV,2021-11-15,2021-11-16,493.8381,2021-11-26,459.2694,STOP,2,-69.1373,19.9596,-89.097,-0.090012,-0.096469,0.058789,8,False
momentum_top,IRCTC,2021-11-15,2021-11-16,875.1057,2021-11-24,824.4608,MOMENTUM_FAIL,1,-50.6448,19.522,-70.1668,-0.080006,-0.068465,0.014086,6,False
momentum_top,JBMA,2021-11-15,2021-11-16,153.7389,2021-11-16,180.2082,TARGET,6,158.8158,20.1483,138.6675,0.15,0.0,0.0,1,False
momentum_top,INDHOTEL,2021-11-15,2021-11-16,215.6807,2021-11-22,200.583,STOP,4,-60.3906,19.4498,-79.8404,-0.092343,-0.101645,0.006852,4,False
momentum_top,ASAHIINDIA,2021-11-15,2021-11-16,509.9429,2021-11-18,474.2469,STOP,1,-35.696,18.0105,-53.7065,-0.105089,-0.073197,0.0,3,False
momentum_top,THANGAMAYL,2021-11-15,2021-11-16,635.0798,2021-12-08,650.1422,TIME,1,15.0624,18.6423,-3.5799,-0.005625,-0.033044,0.155056,16,False
momentum_top,BRIGADE,2021-11-15,2021-11-16,370.4334,2021-11-22,344.503,STOP,2,-51.8607,18.9527,-70.8133,-0.095373,-0.198323,0.032738,4,False
momentum_top,OLECTRA,2021-11-22,2021-11-23,758.5073,2021-12-14,853.6201,TIME,1,95.1128,19.3264,75.7863,0.099697,0.0,0.168816,16,False
momentum_top,JBMA,2021-11-22,2021-11-23,181.9442,2021-11-29,169.2081,STOP,5,-63.6805,19.6416,-83.322,-0.091391,-0.081878,0.058406,5,False
momentum_top,CGPOWER,2021-11-22,2021-11-23,152.0291,2021-11-29,141.387,STOP,6,-63.8522,19.6516,-83.5038,-0.091344,-0.072125,0.026641,5,False
momentum_top,TATAPOWER,2021-11-22,2021-11-23,216.4836,2021-12-14,221.4136,TIME,4,19.7199,19.6265,0.0934,0.000108,-0.048448,0.101585,16,False
momentum_top,IEX,2021-11-22,2021-11-23,237.0027,2021-11-29,220.4125,STOP,4,-66.3607,19.7978,-86.1585,-0.090685,-0.087973,0.040868,5,False
momentum_top,ZEEL,2021-11-22,2021-11-23,280.5805,2021-11-26,329.3537,TARGET,3,146.3194,19.7822,126.5373,0.15,0.0,0.17464,4,False
momentum_top,TMPV,2021-11-22,2021-11-23,471.9179,2021-11-29,438.8837,STOP,2,-66.0685,19.7808,-85.8493,-0.090759,-0.08526,0.035921,5,False
momentum_top,IRCTC,2021-11-22,2021-11-23,838.0299,2021-11-29,751.0734,GAP_STOP,1,-86.9565,19.2915,-106.248,-0.126506,-0.144185,0.028164,5,False
momentum_top,IDEA,2021-11-22,2021-11-23,10.45,2021-11-29,12.2364,TARGET,95,169.7055,20.4674,149.2381,0.15,0.0,0.186603,5,False
momentum_top,LODHA,2021-11-22,2021-11-23,681.6691,2021-11-29,633.9523,STOP,1,-47.7168,18.7112,-66.428,-0.097236,-0.154623,0.074878,5,False
momentum_top,THANGAMAYL,2021-11-22,2021-11-23,640.8098,2021-12-14,638.5613,TIME,1,-2.2485,18.6312,-20.8797,-0.032512,-0.031617,0.144727,16,False
momentum_top,SONACOMS,2021-11-22,2021-11-23,672.3777,2021-12-09,792.4685,TARGET,1,120.0908,19.0136,101.0772,0.15,-0.02,0.185362,13,False
momentum_top,PGEL,2021-11-22,2021-11-23,48.0504,2021-11-25,56.2899,TARGET,20,164.7898,20.3234,144.4664,0.15,0.0,0.288713,3,False
momentum_top,ASAHIINDIA,2021-11-22,2021-11-23,503.1385,2021-11-26,467.9188,STOP,1,-35.2197,17.9828,-53.2025,-0.105511,-0.076833,0.027048,4,False
momentum_top,TTML,2021-11-29,2021-11-30,110.0,2021-12-03,130.25,TARGET,9,182.25,20.4813,161.7687,0.163046,0.0,0.184091,4,False
momentum_top,OLECTRA,2021-11-29,2021-11-30,761.8008,2021-12-15,895.7401,TARGET,1,133.9393,19.4194,114.5199,0.15,0.0,0.176536,12,False
momentum_top,TRIDENT,2021-11-29,2021-11-30,48.682,2021-12-02,43.9542,GAP_STOP,20,-94.5554,19.8486,-114.404,-0.117245,-0.097115,0.0,3,False
momentum_top,ZENTEC,2021-11-29,2021-11-30,207.7259,2021-12-07,207.3272,MOMENTUM_FAIL,4,-1.5947,19.4352,-21.0299,-0.025255,-0.029271,0.03167,6,False
momentum_top,ZEEL,2021-11-29,2021-11-30,313.5292,2021-12-21,326.4834,TIME,3,38.8625,19.9807,18.8818,0.020031,-0.034281,0.133832,16,False
momentum_top,JBMA,2021-11-29,2021-11-30,173.6017,2021-12-03,203.6792,TARGET,5,150.3873,19.9013,130.486,0.15,0.0,0.224199,4,False
momentum_top,IDEA,2021-11-29,2021-11-30,11.2,2021-12-01,13.1138,TARGET,89,170.3327,20.4858,149.8469,0.15,-0.044643,0.183036,2,False
momentum_top,CGPOWER,2021-11-29,2021-11-30,144.2251,2021-12-13,169.2211,TARGET,6,149.9757,19.8893,130.0864,0.15,0.0,0.187329,10,False
momentum_top,TATAPOWER,2021-11-29,2021-11-30,214.5503,2021-12-07,218.9003,MOMENTUM_FAIL,4,17.3999,19.5891,-2.1892,-0.002545,-0.031313,0.038297,6,False
momentum_top,TMPV,2021-11-29,2021-11-30,454.5278,2021-12-07,469.3849,MOMENTUM_FAIL,2,29.7141,19.8289,9.8851,0.01085,-0.00643,0.039331,6,False
momentum_top,PGEL,2021-11-29,2021-11-30,52.435,2021-12-02,61.3955,TARGET,19,170.2498,20.4833,149.7664,0.15,0.0,0.241905,3,False
momentum_top,SONACOMS,2021-11-29,2021-11-30,730.8455,2021-12-20,679.6863,STOP,1,-51.1592,18.9118,-70.071,-0.095667,-0.08,0.119867,15,False
momentum_top,LODHA,2021-11-29,2021-11-30,712.9083,2021-12-14,663.0047,STOP,1,-49.9036,18.8386,-68.7422,-0.096215,-0.124028,0.06875,11,False
momentum_top,TDPOWERSYS,2021-11-29,2021-11-30,38.7479,2021-12-07,38.5664,MOMENTUM_FAIL,25,-4.537,20.011,-24.5481,-0.025286,-0.050633,0.037468,6,False
momentum_top,IEX,2021-11-29,2021-11-30,227.2244,2021-12-10,266.4043,TARGET,4,156.7196,20.0869,136.6327,0.15,-0.047099,0.235294,9,False
momentum_top,WELCORP,2021-11-29,2021-11-30,161.9696,2021-12-01,150.6318,STOP,6,-68.0273,19.8949,-87.9222,-0.090275,-0.082726,0.0,2,False
momentum_top,TRITURBINE,2021-11-29,2021-11-30,175.6506,2021-12-20,163.3551,STOP,5,-61.4777,19.5132,-80.9909,-0.092017,-0.079834,0.071547,15,False
momentum_top,MINDACORP,2021-11-29,2021-11-30,167.9845,2021-12-07,160.2193,MOMENTUM_FAIL,5,-38.826,19.3975,-58.2234,-0.069169,-0.058806,0.003511,6,False
momentum_top,OLECTRA,2021-12-06,2021-12-07,804.4169,2021-12-28,790.7938,TIME,1,-13.6231,19.2989,-32.922,-0.040837,-0.050868,0.167742,16,False
momentum_top,ZEEL,2021-12-06,2021-12-07,338.8275,2021-12-14,347.5575,MOMENTUM_FAIL,2,17.46,18.8269,-1.3669,-0.002013,-0.027289,0.038925,6,False
momentum_top,IDEA,2021-12-06,2021-12-07,14.85,2021-12-20,13.8105,STOP,67,-69.6465,19.9893,-89.6358,-0.089894,-0.107744,0.131313,10,False
momentum_top,TATAPOWER,2021-12-06,2021-12-07,216.5319,2021-12-20,201.3747,STOP,4,-60.6289,19.4637,-80.0927,-0.09227,-0.094643,0.055803,10,False
momentum_top,PGEL,2021-12-06,2021-12-07,59.1467,2021-12-14,69.3041,TARGET,16,162.5192,20.2568,142.2623,0.15,0.0,0.226022,6,False
momentum_top,CGPOWER,2021-12-06,2021-12-07,150.6461,2021-12-14,176.6364,TARGET,6,155.942,20.0641,135.8779,0.15,0.0,0.193443,6,False
momentum_top,BSE,2021-12-06,2021-12-07,199.2601,2021-12-14,233.3112,TARGET,5,170.2553,20.4835,149.7718,0.15,0.0,0.233932,6,False
momentum_top,TMPV,2021-12-06,2021-12-07,464.5625,2021-12-20,432.0431,STOP,2,-65.0387,19.7208,-84.7595,-0.091026,-0.077278,0.061969,10,False
momentum_top,ELGIEQUIP,2021-12-06,2021-12-07,299.2871,2021-12-14,301.8408,MOMENTUM_FAIL,3,7.6613,19.7368,-12.0755,-0.01342,-0.034788,0.036265,6,False
momentum_top,BEML,2021-12-06,2021-12-07,836.44,2021-12-14,794.3331,MOMENTUM_FAIL,1,-42.107,19.3761,-61.483,-0.073345,-0.072444,0.0,6,False
momentum_top,KPITTECH,2021-12-06,2021-12-07,481.874,2021-12-20,448.1428,STOP,2,-67.4624,19.862,-87.3244,-0.090411,-0.090552,0.068518,10,False
momentum_top,HOMEFIRST,2021-12-06,2021-12-07,827.1522,2021-12-28,786.0408,TIME,1,-41.1114,19.3389,-60.4503,-0.072923,-0.06875,0.096786,16,False
momentum_top,JBMA,2021-12-13,2021-12-14,222.1963,2021-12-17,206.6426,STOP,4,-62.215,19.5562,-81.7711,-0.091803,-0.070263,0.02798,4,False
momentum_top,TRIDENT,2021-12-13,2021-12-14,51.4906,2021-12-21,47.3245,GAP_STOP,19,-79.155,19.8997,-99.0547,-0.101029,-0.099091,0.067273,6,False
momentum_top,CGPOWER,2021-12-13,2021-12-14,173.8604,2022-01-04,202.1127,TIME,5,141.2617,19.8882,121.3734,0.139317,-0.066193,0.169886,16,False
momentum_top,IDEA,2021-12-13,2021-12-14,15.35,2021-12-17,14.2755,STOP,65,-69.8425,20.0007,-89.8432,-0.089849,-0.094463,0.026059,4,False
momentum_top,BSE,2021-12-13,2021-12-14,221.212,2021-12-17,205.7271,STOP,4,-61.9394,19.5401,-81.4795,-0.091882,-0.070574,0.135742,4,False
momentum_top,TATAPOWER,2021-12-13,2021-12-14,222.3319,2021-12-20,203.482,GAP_STOP,4,-75.3995,19.5316,-94.9312,-0.106512,-0.118261,0.010435,5,False
momentum_top,PGEL,2021-12-13,2021-12-14,65.6985,2021-12-20,61.0996,STOP,15,-68.9835,19.9507,-88.9341,-0.090048,-0.07297,0.130967,5,False
momentum_top,TMPV,2021-12-13,2021-12-14,479.2734,2021-12-20,445.7242,STOP,2,-67.0983,19.8408,-86.9391,-0.090501,-0.1056,0.011688,5,False
momentum_top,KPITTECH,2021-12-13,2021-12-14,498.8916,2021-12-20,463.9691,STOP,2,-69.8448,20.0009,-89.8457,-0.089849,-0.121574,0.023129,5,False
momentum_top,DEVYANI,2021-12-13,2021-12-14,185.95,2021-12-17,172.9335,STOP,5,-65.0825,19.7233,-84.8058,-0.091015,-0.070449,0.042485,4,False
momentum_top,IFCI,2021-12-13,2021-12-14,17.6,2021-12-16,16.368,STOP,56,-68.992,19.9512,-88.9432,-0.090046,-0.079545,0.028409,3,False
momentum_top,WELCORP,2021-12-13,2021-12-14,175.5104,2021-12-16,163.2247,STOP,5,-61.4286,19.5103,-80.939,-0.092031,-0.085484,0.024462,3,False
momentum_top,HOMEFIRST,2021-12-13,2021-12-14,827.2015,2021-12-21,817.059,MOMENTUM_FAIL,1,-10.1425,19.4022,-29.5446,-0.035638,-0.068805,0.017916,6,False
momentum_top,UNOMINDA,2021-12-13,2021-12-14,512.6273,2021-12-22,607.9782,TARGET,1,95.3509,18.2887,77.0622,0.15,-0.057526,0.208711,7,False
momentum_top,ELGIEQUIP,2021-12-13,2021-12-14,304.2473,2021-12-17,282.95,STOP,3,-63.8919,19.6539,-83.5458,-0.091333,-0.081356,0.120258,4,False
momentum_top,IEX,2021-12-13,2021-12-14,259.6235,2021-12-15,241.4498,STOP,3,-54.5209,19.1077,-73.6287,-0.094326,-0.072954,0.0,2,False
momentum_top,SONACOMS,2021-12-13,2021-12-14,801.3964,2021-12-17,745.2987,STOP,1,-56.0977,19.1996,-75.2974,-0.093753,-0.098674,0.0,4,False
momentum_top,TTML,2021-12-20,2021-12-21,173.0,2021-12-23,154.1,GAP_STOP,5,-94.5,19.39,-113.89,-0.131377,-0.109249,0.0,3,False
momentum_top,TRIDENT,2021-12-20,2021-12-21,47.3245,2022-01-11,52.4736,TIME,21,108.1302,20.3465,87.7837,0.088137,-0.014837,0.108803,16,False
momentum_top,JBMA,2021-12-20,2021-12-21,196.2454,2022-01-03,229.8296,TARGET,5,167.921,20.4151,147.5059,0.15,0.0,0.252328,10,False
momentum_top,OLECTRA,2021-12-20,2021-12-21,803.5186,2021-12-28,790.7938,MOMENTUM_FAIL,1,-12.7249,19.2969,-32.0218,-0.039765,-0.043597,0.030928,6,False
momentum_top,CGPOWER,2021-12-20,2021-12-21,167.637,2022-01-04,196.7907,TARGET,5,145.7686,19.766,126.0026,0.15,0.0,0.213318,11,False
momentum_top,BSE,2021-12-20,2021-12-21,206.0447,2021-12-28,204.7005,MOMENTUM_FAIL,4,-5.3768,19.3991,-24.7759,-0.029996,-0.065084,0.041763,6,False
momentum_top,PGEL,2021-12-20,2021-12-21,64.0206,2021-12-27,74.9994,TARGET,15,164.6815,20.3202,144.3613,0.15,0.0,0.216849,5,False
momentum_top,TATAPOWER,2021-12-20,2021-12-21,205.8987,2021-12-28,214.212,MOMENTUM_FAIL,4,33.2531,19.4753,13.7778,0.016692,0.0,0.043192,6,False
momentum_top,DEVYANI,2021-12-20,2021-12-21,177.0,2021-12-27,164.61,STOP,5,-61.95,19.5407,-81.4907,-0.091879,-0.082203,0.022034,5,False
momentum_top,TMPV,2021-12-20,2021-12-21,440.4503,2022-01-11,488.3824,TIME,2,95.8642,19.8448,76.0195,0.086109,0.0,0.123424,16,False
momentum_top,HOMEFIRST,2021-12-20,2021-12-21,793.6723,2021-12-28,786.0408,MOMENTUM_FAIL,1,-7.6314,19.2657,-26.8971,-0.033816,-0.022332,0.041253,6,False
momentum_top,UNOMINDA,2021-12-20,2021-12-21,518.6535,2021-12-22,614.9377,TARGET,1,96.2842,18.316,77.9681,0.15,0.0,0.194667,2,False
momentum_top,TRITURBINE,2021-12-20,2021-12-21,178.4164,2021-12-28,171.041,MOMENTUM_FAIL,5,-36.8768,19.6217,-56.4985,-0.063195,-0.067446,0.0,6,False
momentum_top,KPRMILL,2021-12-20,2021-12-21,578.2907,2022-01-03,683.8107,TARGET,1,105.5199,18.5867,86.9333,0.15,0.0,0.199527,10,False
momentum_top,KPITTECH,2021-12-20,2021-12-21,450.8932,2021-12-27,528.7024,TARGET,2,155.6183,20.0546,135.5637,0.15,0.0,0.204301,5,False
momentum_top,ASAHIINDIA,2021-12-20,2021-12-21,478.2379,2021-12-28,457.8737,MOMENTUM_FAIL,2,-40.7284,19.8857,-60.6142,-0.063234,-0.049387,0.026807,6,False
momentum_top,IDEA,2021-12-20,2021-12-21,13.85,2021-12-28,13.75,MOMENTUM_FAIL,72,-7.2,20.126,-27.326,-0.027343,-0.039711,0.028881,6,False
momentum_top,ELGIEQUIP,2021-12-20,2021-12-21,272.0791,2022-01-06,319.5357,TARGET,3,142.3697,19.6664,122.7033,0.15,0.0,0.230867,13,False
momentum_top,JBMA,2021-12-27,2021-12-28,210.1495,2022-01-04,249.3191,TARGET,4,156.6785,19.7984,136.88,0.162481,-0.004726,0.24759,6,False
momentum_top,OLECTRA,2021-12-27,2021-12-28,806.9121,2021-12-31,742.0398,GAP_STOP,1,-64.8723,19.2051,-84.0773,-0.103969,-0.080396,0.0,4,False
momentum_top,TRIDENT,2021-12-27,2021-12-28,48.682,2022-01-13,57.8099,TARGET,20,182.5575,20.4129,162.1446,0.166171,-0.017308,0.1875,13,False
momentum_top,PGEL,2021-12-27,2021-12-28,77.8934,2022-01-18,81.6787,TIME,12,45.4237,19.9693,25.4544,0.027173,-0.022246,0.117387,16,False
momentum_top,UNOMINDA,2021-12-27,2021-12-28,604.4537,2022-01-04,571.7291,MOMENTUM_FAIL,1,-32.7246,18.4156,-51.1402,-0.084421,-0.083844,0.01904,6,False
momentum_top,KPITTECH,2021-12-27,2021-12-28,544.9506,2022-01-07,645.3072,TARGET,1,100.3567,18.4354,81.9213,0.15,-0.003381,0.334519,9,False
momentum_top,KPRMILL,2021-12-27,2021-12-28,666.6008,2022-01-18,718.5507,TIME,1,51.95,18.8505,33.0995,0.049546,-0.036217,0.127566,16,False
momentum_top,GRAVITA,2021-12-27,2021-12-28,296.2248,2021-12-29,275.4891,STOP,3,-62.2072,19.5557,-81.7629,-0.091805,-0.075578,0.0,2,False
momentum_top,TATAPOWER,2021-12-27,2021-12-28,211.4086,2022-01-04,218.7552,MOMENTUM_FAIL,4,29.3864,19.5605,9.8259,0.011594,-0.012346,0.043667,6,False
momentum_top,TMPV,2021-12-27,2021-12-28,462.955,2022-01-18,497.6376,TIME,2,69.3653,19.9809,49.3845,0.05322,-0.013889,0.112163,16,False
momentum_top,DEVYANI,2021-12-27,2021-12-28,166.4,2022-01-04,172.2,MOMENTUM_FAIL,5,29.0,19.5021,9.4979,0.011391,-0.014423,0.041466,6,False
momentum_top,ELGIEQUIP,2021-12-27,2021-12-28,278.9548,2022-01-06,327.4761,TARGET,3,145.5641,19.76,125.8041,0.15,-0.017958,0.200528,8,False
momentum_top,HOMEFIRST,2021-12-27,2021-12-28,801.4515,2022-01-04,811.2,MOMENTUM_FAIL,1,9.7485,19.3339,-9.5854,-0.011934,-0.069296,0.027153,6,False
momentum_top,WELCORP,2021-12-27,2021-12-28,166.4989,2022-01-18,175.1801,TIME,5,43.4059,19.5336,23.8723,0.028613,-0.008218,0.118164,16,False
momentum_top,JPPOWER,2021-12-27,2021-12-28,6.0,2022-01-03,7.0254,TARGET,166,170.2088,20.4821,149.7266,0.15,-0.041667,0.225,5,False
momentum_top,HBLENGINE,2021-12-27,2021-12-28,63.8951,2022-01-04,61.7702,MOMENTUM_FAIL,15,-31.8735,19.912,-51.7855,-0.053914,-0.04099,0.012374,6,False
momentum_top,JBMA,2022-01-03,2022-01-04,249.3191,2022-01-10,295.9374,TARGET,4,186.473,20.5207,165.9524,0.166043,-0.0384,0.187938,5,False
momentum_top,PGEL,2022-01-03,2022-01-04,77.9933,2022-01-24,72.5338,STOP,12,-65.5144,19.7485,-85.2628,-0.090902,-0.101037,0.115956,15,False
momentum_top,KPITTECH,2022-01-03,2022-01-04,591.8822,2022-01-07,699.5069,TARGET,1,107.6248,18.6483,88.9764,0.15,-0.031782,0.228702,4,False
momentum_top,CGPOWER,2022-01-03,2022-01-04,194.6051,2022-01-18,180.9828,STOP,5,-68.1118,19.8999,-88.0117,-0.090254,-0.098731,0.060406,11,False
momentum_top,JPPOWER,2022-01-03,2022-01-04,7.45,2022-01-05,6.9285,STOP,133,-69.3595,19.9726,-89.3321,-0.08996,-0.073825,0.0,2,False
momentum_top,UNOMINDA,2022-01-03,2022-01-04,598.872,2022-01-04,556.9509,STOP,1,-41.921,18.3733,-60.2944,-0.10046,0.0,0.0,1,False
momentum_top,GRAVITA,2022-01-03,2022-01-04,317.5374,2022-01-06,295.0516,GAP_STOP,3,-67.4572,19.815,-87.2722,-0.091414,-0.088978,0.0,3,False
momentum_top,TRIDENT,2022-01-03,2022-01-04,50.7884,2022-01-11,52.4736,MOMENTUM_FAIL,19,32.0177,20.0698,11.9479,0.012355,-0.058065,0.03318,6,False
momentum_top,KPRMILL,2022-01-03,2022-01-04,692.9912,2022-01-24,644.4818,STOP,1,-48.5094,18.7573,-67.2667,-0.096855,-0.119887,0.084626,15,False
momentum_top,SUZLON,2022-01-03,2022-01-04,10.0085,2022-01-05,9.0903,GAP_STOP,99,-90.9032,19.9287,-110.8319,-0.111612,-0.110092,0.0,2,False
momentum_top,BSE,2022-01-03,2022-01-04,202.7847,2022-01-11,206.9549,MOMENTUM_FAIL,4,16.6809,19.389,-2.708,-0.003331,-0.017825,0.042852,6,False
momentum_top,ELGIEQUIP,2022-01-03,2022-01-04,301.2515,2022-01-10,353.2259,TARGET,3,155.9231,20.0636,135.8595,0.15,-0.005543,0.216172,5,False
momentum_top,DEVYANI,2022-01-03,2022-01-04,170.2,2022-01-25,169.7,TIME,5,-2.5,19.5182,-22.0182,-0.025817,-0.048179,0.159224,16,False
momentum_top,TMPV,2022-01-03,2022-01-04,483.9984,2022-01-11,488.3824,MOMENTUM_FAIL,2,8.768,20.0352,-11.2671,-0.011614,-0.039654,0.022343,6,False
momentum_top,BSOFT,2022-01-03,2022-01-04,533.0093,2022-01-11,534.7391,MOMENTUM_FAIL,1,1.7298,18.1841,-16.4543,-0.030803,-0.057544,0.027807,6,False
momentum_top,KPITTECH,2022-01-10,2022-01-11,730.1561,2022-01-13,679.0452,STOP,1,-51.1109,18.909,-70.0199,-0.095688,-0.086321,0.0,3,False
momentum_top,POONAWALLA,2022-01-10,2022-01-11,293.1006,2022-01-11,272.5835,STOP,3,-61.5511,19.5175,-81.0686,-0.091995,0.0,0.0,1,False
momentum_top,ELGIEQUIP,2022-01-10,2022-01-11,350.6579,2022-01-18,344.8136,MOMENTUM_FAIL,2,-11.6886,18.8675,-30.556,-0.043475,-0.030952,0.019328,6,False
momentum_top,CGPOWER,2022-01-10,2022-01-11,190.6538,2022-01-18,179.1947,MOMENTUM_FAIL,5,-57.295,19.8385,-77.1335,-0.080738,-0.080052,0.006477,6,False
momentum_top,GRAVITA,2022-01-10,2022-01-11,321.1546,2022-01-24,298.6738,STOP,3,-67.4425,19.8609,-87.3033,-0.090416,-0.117808,0.058752,10,False
momentum_top,DEVYANI,2022-01-10,2022-01-11,184.95,2022-01-24,172.0035,STOP,5,-64.7325,19.7029,-84.4354,-0.091107,-0.101649,0.066775,10,False
momentum_top,KPRMILL,2022-01-10,2022-01-11,715.4718,2022-01-24,665.3887,STOP,1,-50.083,18.8491,-68.9321,-0.096135,-0.147541,0.050547,10,False
momentum_top,ASAHIINDIA,2022-01-10,2022-01-11,542.3875,2022-02-02,555.8488,TIME,1,13.4612,18.2476,-4.7864,-0.008805,-0.032545,0.108909,16,False
momentum_top,MINDACORP,2022-01-10,2022-01-11,196.5389,2022-01-18,197.571,MOMENTUM_FAIL,5,5.1603,20.0899,-14.9296,-0.015159,-0.054764,0.028757,6,False
momentum_top,UNOMINDA,2022-01-10,2022-01-11,598.1309,2022-01-18,565.8016,MOMENTUM_FAIL,1,-32.3293,18.3897,-50.7191,-0.084611,-0.066727,0.006689,6,False
momentum_top,PGEL,2022-01-10,2022-01-11,81.9983,2022-01-18,81.6787,MOMENTUM_FAIL,12,-3.8353,20.077,-23.9123,-0.024249,-0.044458,0.025822,6,False
momentum_top,OLECTRA,2022-01-10,2022-01-11,834.358,2022-01-18,791.8916,MOMENTUM_FAIL,1,-42.4664,19.3666,-61.833,-0.073947,-0.055024,0.010766,6,False
momentum_top,IDEA,2022-01-10,2022-01-11,13.4,2022-01-11,12.462,STOP,74,-69.412,19.9756,-89.3876,-0.089948,0.0,0.0,1,False
momentum_top,TRIDENT,2022-01-10,2022-01-11,50.9757,2022-01-14,59.7102,TARGET,19,165.9558,20.3575,145.5982,0.15,0.0,0.190083,4,False
momentum_top,BSE,2022-01-10,2022-01-11,206.7062,2022-02-02,219.9471,TIME,4,52.9638,19.5291,33.4347,0.040349,-0.044676,0.123838,16,False
momentum_top,TTML,2022-01-17,2022-01-18,224.65,2022-01-20,202.8,GAP_STOP,4,-87.4,19.5463,-106.9463,-0.118755,-0.097262,0.0,3,False
momentum_top,JBMA,2022-01-17,2022-01-18,300.5356,2022-02-09,279.4981,STOP,3,-63.1125,19.6085,-82.7209,-0.091548,-0.101385,0.114967,16,False
momentum_top,KPITTECH,2022-01-17,2022-01-18,711.7325,2022-01-20,661.9112,STOP,1,-49.8213,18.8338,-68.6551,-0.096251,-0.071662,0.0,3,False
momentum_top,JPPOWER,2022-01-17,2022-01-18,10.15,2022-01-19,9.4395,STOP,98,-69.629,19.9883,-89.6173,-0.089898,-0.133005,0.0,2,False
momentum_top,POONAWALLA,2022-01-17,2022-01-18,285.684,2022-01-24,265.6861,STOP,3,-59.9936,19.4267,-79.4203,-0.092465,-0.082554,0.0,5,False
momentum_top,SUZLON,2022-01-17,2022-01-18,11.7531,2022-01-19,10.8808,GAP_STOP,84,-73.2735,19.9495,-93.2229,-0.09422,-0.09375,0.0,2,False
momentum_top,ELGIEQUIP,2022-01-17,2022-01-18,353.6046,2022-01-24,328.8523,STOP,2,-49.5046,18.8154,-68.32,-0.096394,-0.147361,0.063056,5,False
momentum_top,TRIDENT,2022-01-17,2022-01-18,65.5334,2022-01-18,60.9461,STOP,15,-68.8101,19.9406,-88.7507,-0.090088,0.0,0.0,1,False
momentum_top,KPRMILL,2022-01-17,2022-01-18,745.7719,2022-01-21,693.5678,STOP,1,-52.204,18.9727,-71.1767,-0.095232,-0.087418,0.0,4,False
momentum_top,PGEL,2022-01-17,2022-01-18,82.6625,2022-01-21,76.8761,STOP,12,-69.4365,19.9771,-89.4136,-0.089943,-0.119012,0.0,4,False
momentum_top,GRAVITA,2022-01-17,2022-01-18,327.1182,2022-01-24,304.22,STOP,3,-68.6948,19.9338,-88.6287,-0.090116,-0.133891,0.015541,5,False
momentum_top,MINDACORP,2022-01-17,2022-01-18,198.5539,2022-01-24,184.6551,STOP,5,-69.4939,19.9804,-89.4743,-0.089929,-0.101485,0.059406,5,False
momentum_top,ASAHIINDIA,2022-01-17,2022-01-18,557.1799,2022-02-09,556.0952,TIME,1,-1.0847,18.2805,-19.3652,-0.03468,-0.05823,0.084779,16,False
momentum_top,UNOMINDA,2022-01-17,2022-01-18,558.2194,2022-01-24,519.1441,STOP,1,-39.0754,18.2075,-57.2828,-0.102393,-0.074153,0.046367,5,False
momentum_top,BSE,2022-01-17,2022-01-18,217.8144,2022-01-25,202.5674,STOP,4,-60.988,19.4847,-80.4727,-0.092162,-0.093396,0.066524,6,False
momentum_top,DEVYANI,2022-01-17,2022-01-18,189.0,2022-01-24,175.77,STOP,5,-66.15,19.7855,-85.9355,-0.090739,-0.1209,0.019577,5,False
momentum_top,WELCORP,2022-01-17,2022-01-18,185.4182,2022-01-19,172.439,STOP,5,-64.8964,19.7125,-84.6088,-0.091064,-0.082697,0.0,2,False
momentum_top,TTML,2022-01-24,2022-01-25,173.95,2022-01-28,157.05,GAP_STOP,5,-84.5,19.4304,-103.9304,-0.119234,-0.097154,0.0,3,False
momentum_top,JBMA,2022-01-24,2022-01-25,293.1863,2022-02-09,272.6633,STOP,3,-61.5691,19.5185,-81.0877,-0.09199,-0.078859,0.067715,11,False
momentum_top,JPPOWER,2022-01-24,2022-01-25,8.45,2022-02-16,8.5,TIME,118,5.9,20.1522,-14.2522,-0.014262,-0.029586,0.130178,16,False
momentum_top,KPITTECH,2022-01-24,2022-01-25,606.5725,2022-02-11,564.1125,STOP,1,-42.4601,18.4048,-60.8648,-0.100123,-0.076508,0.058269,13,False
momentum_top,ELGIEQUIP,2022-01-24,2022-01-25,313.5785,2022-02-02,367.4619,TARGET,3,161.6502,20.2314,141.4188,0.15,-0.027251,0.217541,6,False
momentum_top,POONAWALLA,2022-01-24,2022-01-25,254.1392,2022-02-16,252.9031,TIME,3,-3.7083,19.1417,-22.85,-0.029905,-0.066148,0.122568,16,False
momentum_top,SUZLON,2022-01-24,2022-01-25,9.779,2022-02-01,11.4777,TARGET,102,173.2669,20.4945,152.7724,0.152828,0.0,0.173709,5,False
momentum_top,TRIDENT,2022-01-24,2022-01-25,54.3928,2022-02-14,50.5544,GAP_STOP,18,-69.0909,19.9234,-89.0143,-0.090719,-0.070568,0.098967,14,False
momentum_top,JWL,2022-01-24,2022-01-25,47.7039,2022-02-11,44.3647,STOP,20,-66.7855,19.8226,-86.6081,-0.090579,-0.078044,0.130073,13,False
momentum_top,BSE,2022-01-24,2022-01-25,204.8063,2022-02-09,240.5144,TARGET,4,142.8324,19.68,123.1524,0.15,-0.00155,0.183411,11,False
momentum_top,PGEL,2022-01-24,2022-01-25,70.153,2022-02-15,65.2423,STOP,14,-68.75,19.9371,-88.687,-0.090103,-0.102221,0.149274,15,False
momentum_top,DEVYANI,2022-01-24,2022-01-25,166.1,2022-02-16,166.0,TIME,6,-0.6,20.1369,-20.7369,-0.020762,-0.036725,0.119807,16,False
momentum_top,KPRMILL,2022-01-24,2022-01-25,617.7298,2022-02-16,660.1009,TIME,1,42.3711,18.6246,23.7465,0.038358,-0.03212,0.153164,16,False
momentum_top,GRAVITA,2022-01-24,2022-01-25,281.658,2022-01-28,330.598,TARGET,3,146.82,19.7968,127.0232,0.15,0.0,0.185005,3,False
momentum_top,UNOMINDA,2022-01-24,2022-01-25,521.1233,2022-01-27,480.3473,GAP_STOP,1,-40.776,18.0474,-58.8234,-0.112632,-0.096351,0.0,2,False
momentum_top,OLECTRA,2022-01-24,2022-01-25,757.2099,2022-02-15,704.2052,STOP,1,-53.0047,19.0194,-72.024,-0.09491,-0.071965,0.171477,15,False
momentum_top,SWANCORP,2022-01-24,2022-01-25,169.7229,2022-02-16,162.4847,TIME,5,-36.1909,19.4395,-55.6304,-0.065411,-0.064706,0.075588,16,False
momentum_top,JBMA,2022-01-31,2022-02-01,302.9092,2022-02-08,284.2778,MOMENTUM_FAIL,3,-55.8943,19.6532,-75.5475,-0.082954,-0.075049,0.019672,6,False
momentum_top,TTML,2022-01-31,2022-02-01,141.75,2022-02-07,172.2,TARGET,7,213.15,20.5537,192.5962,0.193677,0.0,0.214815,5,False
momentum_top,JPPOWER,2022-01-31,2022-02-01,9.25,2022-02-08,8.55,MOMENTUM_FAIL,107,-74.9,19.9567,-94.8566,-0.09563,-0.108108,0.016216,6,False
momentum_top,KPITTECH,2022-01-31,2022-02-01,635.1292,2022-02-08,595.2761,MOMENTUM_FAIL,1,-39.8531,18.5307,-58.3838,-0.091724,-0.075573,0.0,6,False
momentum_top,ELGIEQUIP,2022-01-31,2022-02-01,329.0488,2022-02-03,385.328,TARGET,3,168.8376,20.442,148.3957,0.15,0.0,0.252537,3,False
momentum_top,POONAWALLA,2022-01-31,2022-02-01,283.0635,2022-02-03,263.2491,STOP,3,-59.4433,19.3946,-78.838,-0.092636,-0.085415,0.00786,3,False
momentum_top,GRAVITA,2022-01-31,2022-02-01,334.4505,2022-02-22,340.671,TIME,2,12.4408,18.7797,-6.3389,-0.009456,-0.011455,0.1727,16,False
momentum_top,GMDCLTD,2022-01-31,2022-02-01,101.5951,2022-02-07,119.8279,TARGET,9,164.095,20.125,143.97,0.157112,-0.016825,0.224331,5,False
momentum_top,TRIDENT,2022-01-31,2022-02-01,58.3248,2022-02-08,56.5928,MOMENTUM_FAIL,17,-29.4432,20.0567,-49.4999,-0.049814,-0.060193,0.02488,6,False
momentum_top,PGEL,2022-01-31,2022-02-01,76.4053,2022-02-08,74.7573,MOMENTUM_FAIL,13,-21.4234,20.0804,-41.5039,-0.041694,-0.045555,0.037909,6,False
momentum_top,JWL,2022-01-31,2022-02-01,50.037,2022-02-11,46.5344,STOP,19,-66.5492,19.8088,-86.358,-0.090638,-0.121032,0.077381,9,False
momentum_top,BSE,2022-01-31,2022-02-01,208.2991,2022-02-10,244.5481,TARGET,4,144.9961,19.7434,125.2527,0.15,0.0,0.181403,8,False
momentum_top,WELCORP,2022-01-31,2022-02-01,176.454,2022-02-08,168.4333,MOMENTUM_FAIL,5,-40.1031,19.5737,-59.6768,-0.067493,-0.055615,0.036898,6,False
momentum_top,MMTC,2022-01-31,2022-02-01,61.2,2022-02-01,56.916,STOP,16,-68.544,19.9251,-88.4691,-0.090151,0.0,0.0,1,False
momentum_top,UNOMINDA,2022-01-31,2022-02-01,558.1699,2022-02-07,519.098,STOP,1,-39.0719,18.2073,-57.2792,-0.102396,-0.073451,0.013274,5,False
momentum_top,JBMA,2022-02-07,2022-02-08,297.5463,2022-02-09,276.718,STOP,3,-62.4847,19.5719,-82.0566,-0.091725,-0.092357,0.0,2,False
momentum_top,ELGIEQUIP,2022-02-07,2022-02-08,412.5387,2022-02-10,383.661,STOP,2,-57.7554,19.2962,-77.0517,-0.093183,-0.095238,0.0,3,False
momentum_top,JPPOWER,2022-02-07,2022-02-08,8.9,2022-02-08,8.277,STOP,112,-69.776,19.9969,-89.7729,-0.089865,0.0,0.0,1,False
momentum_top,GMDCLTD,2022-02-07,2022-02-08,118.2939,2022-02-08,110.0133,STOP,8,-66.2446,19.791,-86.0356,-0.090715,0.0,0.0,1,False
momentum_top,GRAVITA,2022-02-07,2022-02-08,376.4429,2022-02-08,350.0919,STOP,2,-52.702,19.0017,-71.7037,-0.095031,0.0,0.0,1,False
momentum_top,DEEPAKFERT,2022-02-07,2022-02-08,575.0901,2022-02-09,534.8338,STOP,1,-40.2563,18.2763,-58.5326,-0.101558,-0.072269,0.0,2,False
momentum_top,SUZLON,2022-02-07,2022-02-08,10.1922,2022-02-09,9.4787,STOP,97,-69.2049,19.9636,-89.1684,-0.089996,-0.085586,0.0,2,False
momentum_top,TRIDENT,2022-02-07,2022-02-08,58.0439,2022-02-10,53.9808,STOP,17,-69.0723,19.9558,-89.0281,-0.090027,-0.083064,0.0,3,False
momentum_top,KPITTECH,2022-02-07,2022-02-08,610.5967,2022-02-11,567.855,STOP,1,-42.7418,18.4212,-61.163,-0.099951,-0.082594,0.0,4,False
momentum_top,BSE,2022-02-07,2022-02-08,227.9859,2022-02-24,210.5218,GAP_STOP,4,-69.8564,19.6384,-89.4948,-0.097922,-0.137024,0.088208,13,False
momentum_top,HBLENGINE,2022-02-07,2022-02-08,74.569,2022-02-14,69.3491,STOP,13,-67.8578,19.8851,-87.7428,-0.090315,-0.104705,0.011266,5,False
momentum_top,PGEL,2022-02-07,2022-02-08,74.9071,2022-02-14,69.6636,STOP,13,-68.1655,19.903,-88.0685,-0.090241,-0.104,0.033067,5,False
momentum_top,POONAWALLA,2022-02-07,2022-02-08,249.6892,2022-02-22,232.211,STOP,3,-52.4347,18.9861,-71.4209,-0.095138,-0.085148,0.060594,11,False
momentum_top,JWL,2022-02-07,2022-02-08,51.6751,2022-02-08,48.0579,STOP,19,-68.7279,19.9358,-88.6637,-0.090108,0.0,0.0,1,False
momentum_top,TARIL,2022-02-07,2022-02-08,22.433,2022-02-08,20.8627,STOP,44,-69.0938,19.9571,-89.0509,-0.090022,0.0,0.0,1,False
momentum_top,ASAHIINDIA,2022-02-07,2022-02-08,556.1937,2022-02-14,517.2602,STOP,1,-38.9336,18.1992,-57.1328,-0.102497,-0.131117,0.010638,5,False
momentum_top,RPOWER,2022-02-07,2022-02-08,18.9,2022-02-09,17.577,STOP,52,-68.796,19.9397,-88.7357,-0.090092,-0.113757,0.0,2,False
momentum_top,JPPOWER,2022-02-14,2022-02-15,8.9,2022-02-17,8.277,STOP,112,-69.776,19.9969,-89.7729,-0.089865,-0.078652,0.0,3,False
momentum_top,TTML,2022-02-14,2022-02-15,140.0,2022-02-23,124.05,GAP_STOP,7,-111.65,19.8407,-131.4906,-0.133881,-0.113929,0.1025,7,False
momentum_top,GMDCLTD,2022-02-14,2022-02-15,108.2571,2022-02-16,126.7961,TARGET,9,166.8504,20.3837,146.4666,0.15,0.0,0.231579,2,False
momentum_top,ELGIEQUIP,2022-02-14,2022-02-15,378.1605,2022-02-21,351.6892,STOP,2,-52.9425,19.0157,-71.9582,-0.094935,-0.12974,0.049351,5,False
momentum_top,JBMA,2022-02-14,2022-02-15,264.1766,2022-02-18,245.6842,STOP,3,-55.4771,19.1635,-74.6405,-0.093975,-0.071917,0.018797,4,False
momentum_top,RHIM,2022-02-14,2022-02-15,482.5144,2022-02-24,448.7384,STOP,2,-67.552,19.8672,-87.4193,-0.09039,-0.074712,0.141931,8,False
momentum_top,DEEPAKFERT,2022-02-14,2022-02-15,510.1544,2022-03-09,541.8604,TIME,1,31.7061,18.1487,13.5574,0.026517,-0.054405,0.164614,16,False
momentum_top,SUZLON,2022-02-14,2022-02-15,8.8149,2022-02-25,8.1262,GAP_STOP,113,-77.8187,19.9774,-97.7961,-0.097967,-0.078125,0.135417,9,False
momentum_top,HBLENGINE,2022-02-14,2022-02-15,68.3919,2022-02-21,63.6045,STOP,14,-67.0241,19.8365,-86.8606,-0.090519,-0.081647,0.044075,5,False
momentum_top,SWANCORP,2022-02-14,2022-02-15,161.9855,2022-02-22,160.2883,MOMENTUM_FAIL,6,-10.1832,20.0131,-30.1963,-0.031001,-0.029276,0.035747,6,False
momentum_top,BSE,2022-02-14,2022-02-15,229.5736,2022-02-24,210.5218,GAP_STOP,4,-76.2069,19.6523,-95.8592,-0.104161,-0.142992,0.080683,8,False
momentum_top,PGEL,2022-02-14,2022-02-15,68.4152,2022-02-15,63.6261,STOP,14,-67.0469,19.8378,-86.8847,-0.090514,0.0,0.0,1,False
momentum_top,KPRMILL,2022-02-14,2022-02-15,636.3007,2022-02-24,591.7596,STOP,1,-44.541,18.5261,-63.0671,-0.098899,-0.091398,0.053763,8,False
momentum_top,TARIL,2022-02-14,2022-02-15,18.9627,2022-02-22,17.6353,STOP,52,-69.0244,19.9531,-88.9774,-0.090038,-0.101961,0.098039,6,False
momentum_top,NATIONALUM,2022-02-14,2022-02-15,97.9268,2022-02-22,95.4617,MOMENTUM_FAIL,10,-24.6515,20.0147,-44.6663,-0.045512,-0.0813,0.018715,6,False
momentum_top,JWL,2022-02-14,2022-02-15,39.7119,2022-02-25,36.9321,STOP,25,-69.4959,19.9805,-89.4764,-0.089929,-0.09,0.15,9,False
momentum_top,BALRAMCHIN,2022-02-14,2022-02-15,393.2583,2022-02-22,386.6877,MOMENTUM_FAIL,2,-13.1411,19.2243,-32.3653,-0.04106,-0.095173,0.047648,6,False
momentum_top,GMDCLTD,2022-02-21,2022-02-22,111.4128,2022-03-03,130.6621,TARGET,8,153.9947,20.007,133.9876,0.15,-0.016522,0.274587,7,False
momentum_top,GRAVITA,2022-02-21,2022-02-22,340.0304,2022-03-16,328.5992,TIME,2,-22.8625,18.755,-41.6175,-0.061063,-0.046225,0.086799,16,False
momentum_top,RHIM,2022-02-21,2022-02-22,487.4968,2022-02-24,449.3958,GAP_STOP,2,-76.2019,19.8917,-96.0936,-0.098343,-0.084168,0.058116,3,False
momentum_top,JPPOWER,2022-02-21,2022-02-22,6.8,2022-03-16,7.1,TIME,146,43.8,20.2112,23.5887,0.023708,-0.022059,0.102941,16,False
momentum_top,DEEPAKFERT,2022-02-21,2022-02-22,483.2565,2022-03-03,594.1328,TARGET,2,221.7526,20.4626,201.29,0.20781,0.0,0.229436,7,False
momentum_top,BSE,2022-02-21,2022-02-22,216.6131,2022-02-24,201.4502,STOP,4,-60.6517,19.4651,-80.1167,-0.092264,-0.091715,0.049693,3,False
momentum_top,JBMA,2022-02-21,2022-02-22,248.2862,2022-02-24,228.9199,GAP_STOP,4,-77.4652,19.9658,-97.431,-0.097889,-0.078,0.016,3,False
momentum_top,SUZLON,2022-02-21,2022-02-22,8.4476,2022-03-16,9.1821,TIME,118,86.6794,20.3155,66.3639,0.066431,-0.059783,0.125,16,False
momentum_top,SWANCORP,2022-02-21,2022-02-22,160.7375,2022-03-02,157.5927,MOMENTUM_FAIL,6,-18.8693,19.9638,-38.8331,-0.040178,-0.06677,0.029814,6,False
momentum_top,TTML,2022-02-21,2022-02-22,130.55,2022-02-24,117.85,GAP_STOP,7,-88.9,19.6077,-108.5077,-0.118478,-0.097281,0.0,3,False
momentum_top,VTL,2022-02-21,2022-02-22,481.8912,2022-03-16,530.9185,TIME,2,98.0546,20.1992,77.8554,0.080605,-0.027189,0.128349,16,False
momentum_top,ELGIEQUIP,2022-02-21,2022-02-22,324.1376,2022-03-11,301.4479,STOP,3,-68.0689,19.8974,-87.9662,-0.090265,-0.084091,0.117727,13,False
momentum_top,TARIL,2022-02-21,2022-02-22,17.6738,2022-02-24,16.4366,STOP,56,-69.2812,19.968,-89.2492,-0.089978,-0.154278,0.116409,3,False
momentum_top,NATIONALUM,2022-02-21,2022-02-22,90.6679,2022-03-03,107.446,TARGET,11,184.5593,20.5171,164.0422,0.16412,0.0,0.193254,7,False
momentum_top,KPRMILL,2022-02-21,2022-02-22,610.8878,2022-03-16,600.1362,TIME,1,-10.7516,18.4876,-29.2391,-0.047759,-0.06968,0.0848,16,False
momentum_top,POONAWALLA,2022-02-21,2022-02-22,232.3841,2022-02-24,216.1172,STOP,4,-65.0675,19.7224,-84.79,-0.091019,-0.08,0.046596,3,False
momentum_top,CREDITACC,2022-02-21,2022-02-22,647.3666,2022-03-14,763.584,TARGET,1,116.2174,18.9001,97.3173,0.15,-0.011494,0.273793,14,False
momentum_top,GMDCLTD,2022-02-28,2022-03-02,116.1463,2022-03-03,136.1287,TARGET,8,159.8592,20.1789,139.6803,0.15,0.0,0.222641,2,False
momentum_top,GRAVITA,2022-02-28,2022-03-02,332.6395,2022-03-24,357.3744,TIME,2,49.4697,18.8398,30.6299,0.04594,-0.022367,0.110947,16,False
momentum_top,JPPOWER,2022-02-28,2022-03-02,7.2,2022-03-07,6.696,STOP,138,-69.552,19.9838,-89.5358,-0.089916,-0.076389,0.041667,4,False
momentum_top,RHIM,2022-02-28,2022-03-02,512.8975,2022-03-07,476.9947,STOP,1,-35.9028,18.0226,-53.9254,-0.104909,-0.076191,0.035428,4,False
momentum_top,DEEPAKFERT,2022-02-28,2022-03-02,538.9089,2022-03-24,526.1027,TIME,1,-12.8062,18.1794,-30.9857,-0.057372,-0.047438,0.102474,16,False
momentum_top,CREDITACC,2022-02-28,2022-03-02,734.1783,2022-03-04,682.7858,STOP,1,-51.3925,18.9254,-70.3179,-0.095569,-0.090541,0.0,3,False
momentum_top,NATIONALUM,2022-02-28,2022-03-02,100.834,2022-03-15,93.7756,STOP,9,-63.5254,19.6325,-83.158,-0.091434,-0.07582,0.087705,10,False
momentum_top,HINDALCO,2022-02-28,2022-03-02,556.0955,2022-03-24,601.2404,TIME,1,45.145,18.37,26.775,0.048043,-0.033551,0.08857,16,False
momentum_top,SUZLON,2022-02-28,2022-03-02,8.5394,2022-03-24,8.5394,TIME,116,0.0,20.1126,-20.1126,-0.02026,-0.005376,0.112903,16,False
momentum_top,VTL,2022-02-28,2022-03-02,491.6792,2022-03-24,520.1862,TIME,2,57.0138,20.1983,36.8156,0.037357,-0.031546,0.105886,16,False
momentum_top,SWANCORP,2022-02-28,2022-03-02,160.6377,2022-03-10,188.1754,TARGET,6,165.2261,20.3361,144.89,0.15,-0.028589,0.243008,7,False
momentum_top,TARIL,2022-02-28,2022-03-02,17.5994,2022-03-07,16.36,GAP_STOP,56,-69.4062,19.9502,-89.3564,-0.090467,-0.098592,0.022535,4,False
momentum_top,KPRMILL,2022-02-28,2022-03-02,617.7298,2022-03-07,574.4887,STOP,1,-43.2411,18.4503,-61.6914,-0.09965,-0.079984,0.007278,4,False
momentum_top,BALRAMCHIN,2022-02-28,2022-03-02,386.4444,2022-03-11,454.2726,TARGET,2,135.6565,19.4697,116.1868,0.15,0.0,0.237531,8,False
momentum_top,ADANIPOWER,2022-02-28,2022-03-02,24.67,2022-03-09,24.26,MOMENTUM_FAIL,40,-16.4,20.0633,-36.4633,-0.03687,-0.064856,0.031617,6,False
momentum_top,CHOLAFIN,2022-02-28,2022-03-02,674.969,2022-03-07,627.7212,STOP,1,-47.2478,18.6838,-65.9316,-0.097468,-0.123529,0.022059,4,False
momentum_top,GPIL,2022-02-28,2022-03-02,312.3015,2022-03-03,365.9871,TARGET,3,161.0569,20.214,140.8429,0.15,0.0,0.202254,2,False
momentum_top,MINDACORP,2022-02-28,2022-03-02,191.9909,2022-03-07,178.5516,STOP,5,-67.1968,19.8465,-87.0434,-0.090477,-0.107436,0.0,4,False
momentum_top,GMDCLTD,2022-03-07,2022-03-08,145.5116,2022-03-28,170.7068,TARGET,6,151.1711,19.9243,131.2468,0.15,-0.04006,0.181928,14,False
momentum_top,DEEPAKFERT,2022-03-07,2022-03-08,536.5285,2022-03-15,518.3903,MOMENTUM_FAIL,1,-18.1382,18.1585,-36.2967,-0.067503,-0.043212,0.037799,6,False
momentum_top,GRAVITA,2022-03-07,2022-03-08,337.2218,2022-03-30,328.2049,TIME,2,-18.0338,18.7411,-36.7749,-0.054407,-0.048364,0.09585,16,False
momentum_top,RHIM,2022-03-07,2022-03-08,482.6121,2022-03-16,565.3334,TARGET,2,165.4427,20.3425,145.1002,0.15,0.0,0.240081,7,False
momentum_top,HINDALCO,2022-03-07,2022-03-08,597.422,2022-03-10,554.4037,GAP_STOP,1,-43.0183,18.365,-61.3833,-0.102523,-0.077994,0.0,3,False
momentum_top,BALRAMCHIN,2022-03-07,2022-03-08,436.0884,2022-03-30,468.4056,TIME,2,64.6345,19.7443,44.8902,0.051357,-0.036496,0.163839,16,False
momentum_top,GPIL,2022-03-07,2022-03-08,344.5681,2022-03-30,374.0969,TIME,2,59.0576,18.9601,40.0975,0.058058,-0.012486,0.157775,16,False
momentum_top,NATIONALUM,2022-03-07,2022-03-08,104.5533,2022-03-14,97.2345,STOP,9,-65.8686,19.7691,-85.6377,-0.090811,-0.07747,0.0,5,False
momentum_top,SWANCORP,2022-03-07,2022-03-08,158.3414,2022-03-10,185.5235,TARGET,6,163.0925,20.2736,142.8188,0.15,0.0,0.261034,3,False
momentum_top,SUZLON,2022-03-07,2022-03-08,8.7689,2022-03-30,8.5853,TIME,113,-20.7516,20.0717,-40.8233,-0.041109,-0.062827,0.078534,16,False
momentum_top,ONGC,2022-03-07,2022-03-08,147.3786,2022-03-09,137.0621,STOP,6,-61.899,19.5378,-81.4368,-0.091894,-0.085,0.0,2,False
momentum_top,VTL,2022-03-07,2022-03-08,493.24,2022-03-30,458.7132,STOP,2,-69.0536,19.9548,-89.0084,-0.090031,-0.126724,0.102387,16,False
momentum_top,COALINDIA,2022-03-07,2022-03-08,136.0445,2022-03-15,124.4555,MOMENTUM_FAIL,7,-81.1227,19.7859,-100.9086,-0.105731,-0.092592,0.008466,6,False
momentum_top,GAIL,2022-03-07,2022-03-08,89.5857,2022-03-10,83.3147,STOP,11,-68.981,19.9505,-88.9315,-0.090048,-0.092174,0.0,3,False
momentum_top,CREDITACC,2022-03-07,2022-03-08,660.4628,2022-03-14,778.7084,TARGET,1,118.2456,18.9595,99.286,0.15,-0.009163,0.248535,5,False
momentum_top,OIL,2022-03-07,2022-03-08,139.4343,2022-03-10,129.6739,STOP,7,-68.3228,19.9122,-88.235,-0.090204,-0.076027,0.0,3,False
momentum_top,SARDAEN,2022-03-07,2022-03-08,90.0373,2022-03-11,105.4321,TARGET,11,169.3431,20.4568,148.8863,0.15,-0.007661,0.231254,4,False
momentum_top,NMDC,2022-03-07,2022-03-08,33.209,2022-03-15,31.6128,MOMENTUM_FAIL,30,-47.8852,20.0392,-67.9244,-0.06803,-0.053226,0.028387,6,False
momentum_top,GMDCLTD,2022-03-14,2022-03-15,150.2889,2022-03-23,142.0053,MOMENTUM_FAIL,6,-49.7017,19.6363,-69.338,-0.076726,-0.0662,0.000292,6,False
momentum_top,BALRAMCHIN,2022-03-14,2022-03-15,491.5729,2022-03-15,457.1628,STOP,2,-68.8202,19.9412,-88.7614,-0.090086,0.0,0.0,1,False
momentum_top,GRAVITA,2022-03-14,2022-03-15,359.5916,2022-03-15,334.4202,STOP,2,-50.3428,18.8642,-69.207,-0.09602,0.0,0.0,1,False
momentum_top,GPIL,2022-03-14,2022-03-15,365.5414,2022-04-06,404.0168,TIME,2,76.951,19.1737,57.7773,0.078857,-0.037314,0.149926,16,False
momentum_top,DEEPAKFERT,2022-03-14,2022-03-15,531.2917,2022-03-23,531.2917,MOMENTUM_FAIL,1,0.0,18.1734,-18.1734,-0.034131,-0.032258,0.035842,6,False
momentum_top,BSE,2022-03-14,2022-03-15,329.7011,2022-03-15,306.622,STOP,3,-69.2372,19.9655,-89.2027,-0.089989,0.0,0.0,1,False
momentum_top,RHIM,2022-03-14,2022-03-15,521.69,2022-03-29,618.4444,TARGET,1,96.7544,18.3298,78.4246,0.15,0.0,0.187079,10,False
momentum_top,SARDAEN,2022-03-14,2022-03-15,107.1407,2022-04-06,118.1042,TIME,9,98.672,20.2025,78.4696,0.0812,-0.063927,0.13242,16,False
momentum_top,SUZLON,2022-03-14,2022-03-15,9.0444,2022-03-23,8.6771,MOMENTUM_FAIL,110,-40.4013,20.0486,-60.4499,-0.060628,-0.045685,0.030457,6,False
momentum_top,JPPOWER,2022-03-14,2022-03-15,7.2,2022-03-23,6.95,MOMENTUM_FAIL,138,-34.5,20.0552,-54.5552,-0.054787,-0.041667,0.0,6,False
momentum_top,HINDALCO,2022-03-14,2022-03-15,560.6873,2022-04-06,561.8957,TIME,1,1.2084,18.2999,-17.0915,-0.030417,-0.031983,0.096552,16,False
momentum_top,BDL,2022-03-14,2022-03-15,246.6702,2022-03-17,288.8616,TARGET,4,168.7655,20.4399,148.3257,0.15,0.0,0.209725,3,False
momentum_top,HSCL,2022-03-14,2022-03-15,56.5488,2022-03-29,66.2453,TARGET,17,164.8396,20.3248,144.5148,0.15,0.0,0.259649,10,False
momentum_top,CHOLAFIN,2022-03-14,2022-03-15,674.4728,2022-04-06,697.5507,TIME,1,23.078,18.8249,4.253,0.006292,0.0,0.088962,16,False
momentum_top,CREDITACC,2022-03-14,2022-03-15,795.3929,2022-03-15,739.7154,STOP,1,-55.6775,19.1751,-74.8526,-0.093902,0.0,0.0,1,False
momentum_top,COALINDIA,2022-03-14,2022-03-15,129.4942,2022-03-23,131.7616,MOMENTUM_FAIL,7,15.8717,19.7898,-3.9181,-0.004313,-0.03891,0.035853,6,False
momentum_top,GMDCLTD,2022-03-21,2022-03-22,143.7585,2022-03-28,168.6821,TARGET,6,149.5421,19.8766,129.6655,0.15,-0.02378,0.196341,5,False
momentum_top,RHIM,2022-03-21,2022-03-22,571.5143,2022-04-12,607.6613,TIME,1,36.147,18.4168,17.7302,0.030956,-0.00453,0.102222,16,False
momentum_top,BALRAMCHIN,2022-03-21,2022-03-22,486.4138,2022-03-29,459.1582,MOMENTUM_FAIL,2,-54.5111,19.9267,-74.4379,-0.07635,-0.065539,0.008605,6,False
momentum_top,GPIL,2022-03-21,2022-03-22,375.8569,2022-04-11,442.0455,TARGET,2,132.3772,19.3736,113.0036,0.15,-0.039802,0.256504,15,False
momentum_top,BDL,2022-03-21,2022-03-22,280.1674,2022-03-29,274.2188,MOMENTUM_FAIL,3,-17.8456,19.4426,-37.2882,-0.044267,-0.052384,0.040724,6,False
momentum_top,DEEPAKFERT,2022-03-21,2022-03-22,535.862,2022-03-28,498.3517,STOP,1,-37.5103,18.1163,-55.6266,-0.103581,-0.083511,0.007107,5,False
momentum_top,BSE,2022-03-21,2022-03-22,302.3512,2022-03-25,281.1866,STOP,3,-63.4938,19.6307,-83.1245,-0.091442,-0.073934,0.022894,4,False
momentum_top,HSCL,2022-03-21,2022-03-22,63.4438,2022-03-30,74.3333,TARGET,15,163.3416,20.2809,143.0607,0.15,-0.037529,0.200938,7,False
momentum_top,SARDAEN,2022-03-21,2022-03-22,110.4185,2022-04-12,115.4037,TIME,9,44.8671,20.2175,24.6496,0.02475,-0.069473,0.098804,16,False
momentum_top,GRAVITA,2022-03-21,2022-03-22,346.8793,2022-03-30,322.5977,STOP,2,-48.5631,18.7605,-67.3236,-0.09683,-0.074858,0.051136,7,False
momentum_top,ANGELONE,2022-03-21,2022-03-22,150.1926,2022-03-29,139.5918,MOMENTUM_FAIL,6,-63.6049,19.6056,-83.2105,-0.092136,-0.091436,0.012226,6,False
momentum_top,CHOLAFIN,2022-03-21,2022-03-22,691.8433,2022-04-12,735.2199,TIME,1,43.3766,18.9396,24.437,0.035244,-0.017217,0.087446,16,False
momentum_top,BANKBARODA,2022-03-21,2022-03-22,91.1983,2022-04-12,103.1777,TIME,10,119.7944,20.0247,99.7696,0.10916,-0.010828,0.155367,16,False
momentum_top,PFOCUS,2022-03-21,2022-03-22,87.95,2022-03-29,91.45,MOMENTUM_FAIL,11,38.5,20.0934,18.4066,0.018984,-0.044912,0.042638,6,False
momentum_top,GMDCLTD,2022-03-28,2022-03-29,168.6094,2022-04-07,197.9137,TARGET,5,146.5216,19.7881,126.7335,0.15,-0.022095,0.187419,8,False
momentum_top,RHIM,2022-03-28,2022-03-29,596.9149,2022-04-21,606.3914,TIME,1,9.4765,18.4697,-8.9932,-0.015033,-0.04689,0.10311,16,False
momentum_top,ADANIPOWER,2022-03-28,2022-03-29,30.93,2022-03-29,36.2188,TARGET,32,169.2424,20.4538,148.7886,0.15,0.0,0.0,1,False
momentum_top,LEMONTREE,2022-03-28,2022-03-29,67.95,2022-03-31,63.1935,STOP,14,-66.591,19.8112,-86.4022,-0.090627,-0.077998,0.048565,3,False
momentum_top,GPIL,2022-03-28,2022-03-29,372.3369,2022-04-07,437.9804,TARGET,2,131.287,19.3417,111.9453,0.15,-0.026654,0.179097,8,False
momentum_top,SARDAEN,2022-03-28,2022-03-29,111.0545,2022-04-07,103.2806,STOP,8,-62.1905,19.5547,-81.7452,-0.09181,-0.074802,0.092511,8,False
momentum_top,HSCL,2022-03-28,2022-03-29,62.6502,2022-03-30,73.4167,TARGET,15,161.4979,20.2269,141.271,0.15,0.0,0.216152,2,False
momentum_top,CHOLAFIN,2022-03-28,2022-03-29,720.2317,2022-04-05,699.387,MOMENTUM_FAIL,1,-20.8447,18.9287,-39.7734,-0.055103,-0.044515,0.01702,6,False
momentum_top,CREDITACC,2022-03-28,2022-03-29,836.4175,2022-04-13,981.9124,TARGET,1,145.4949,19.758,125.7369,0.15,-0.015479,0.246664,12,False
momentum_top,BDL,2022-03-28,2022-03-29,268.1728,2022-04-08,315.0244,TARGET,3,140.5548,19.6132,120.9416,0.15,-0.021818,0.344455,9,False
momentum_top,HINDALCO,2022-03-28,2022-03-29,609.0224,2022-03-31,566.3908,STOP,1,-42.6316,18.4148,-61.0463,-0.100018,-0.098175,0.0,3,False
momentum_top,JINDALSTEL,2022-03-28,2022-03-29,514.9928,2022-04-21,533.44,TIME,1,18.4472,18.1421,0.3052,0.000591,-0.01178,0.106791,16,False
momentum_top,BANKBARODA,2022-03-28,2022-03-29,96.6083,2022-04-05,99.6139,MOMENTUM_FAIL,10,30.0559,20.0704,9.9855,0.010314,-0.012889,0.047556,6,False
momentum_top,DEEPAKFERT,2022-03-28,2022-03-29,498.9191,2022-04-11,592.1471,TARGET,1,93.228,18.2265,75.0015,0.15,0.0,0.206393,10,False
momentum_top,GMDCLTD,2022-04-04,2022-04-05,179.3475,2022-04-28,166.7931,STOP,5,-62.7716,19.5886,-82.3602,-0.091644,-0.098241,0.116324,16,False
momentum_top,ADANIPOWER,2022-04-04,2022-04-05,43.0,2022-04-07,51.39,TARGET,23,192.97,20.4989,172.4711,0.174009,0.0,0.195116,3,False
momentum_top,HSCL,2022-04-04,2022-04-05,82.3431,2022-04-12,75.6961,MOMENTUM_FAIL,12,-79.7636,19.9399,-99.7035,-0.100682,-0.096386,0.0,6,False
momentum_top,RHIM,2022-04-04,2022-04-05,604.5351,2022-04-12,607.6613,MOMENTUM_FAIL,1,3.1262,18.489,-15.3627,-0.025357,-0.029493,0.042017,6,False
momentum_top,SARDAEN,2022-04-04,2022-04-05,116.9252,2022-04-07,108.7404,STOP,8,-65.4781,19.7464,-85.2245,-0.090911,-0.121255,0.033975,3,False
momentum_top,CREDITACC,2022-04-04,2022-04-05,874.4162,2022-04-13,1025.7958,TARGET,1,151.3796,19.9304,131.4492,0.15,-0.005673,0.192489,7,False
momentum_top,BDL,2022-04-04,2022-04-05,285.7259,2022-04-08,335.2959,TARGET,3,148.7099,19.8522,128.8577,0.15,-0.041468,0.26186,4,False
momentum_top,GPIL,2022-04-04,2022-04-05,398.4924,2022-04-11,468.1864,TARGET,2,139.3881,19.5791,119.8091,0.15,0.0,0.185131,5,False
momentum_top,BSE,2022-04-04,2022-04-05,293.5239,2022-04-12,286.062,MOMENTUM_FAIL,3,-22.3858,19.6026,-41.9884,-0.047579,-0.043704,0.0,6,False
momentum_top,USHAMART,2022-04-04,2022-04-05,129.5748,2022-04-19,151.9219,TARGET,7,156.4294,20.0784,136.351,0.15,-0.035346,0.174521,9,False
momentum_top,BLS,2022-04-04,2022-04-05,63.7028,2022-04-07,74.6323,TARGET,15,163.9431,20.2986,143.6446,0.15,0.0,0.30408,3,False
momentum_top,BANKBARODA,2022-04-04,2022-04-05,99.9574,2022-04-28,99.3563,TIME,9,-5.4101,19.7176,-25.1277,-0.027871,-0.063144,0.054124,16,False
momentum_top,SWANCORP,2022-04-04,2022-04-05,205.6142,2022-04-05,241.4475,TARGET,4,143.3329,19.6946,123.6383,0.15,0.0,0.0,1,False
momentum_top,DEEPAKFERT,2022-04-04,2022-04-05,545.0978,2022-04-18,647.4524,TARGET,1,102.3546,18.4401,83.9145,0.153608,-0.00786,0.240699,8,False
momentum_top,GMDCLTD,2022-04-11,2022-04-12,184.3001,2022-04-18,171.3991,STOP,5,-64.505,19.6896,-84.1947,-0.091168,-0.080856,0.008086,3,False
momentum_top,ADANIPOWER,2022-04-11,2022-04-12,46.8,2022-04-18,43.524,STOP,21,-68.796,19.9397,-88.7357,-0.090092,-0.08547,0.009615,3,False
momentum_top,BDL,2022-04-11,2022-04-12,373.0039,2022-04-19,438.7507,TARGET,2,131.4936,19.3477,112.1458,0.15,-0.058823,0.182876,4,False
momentum_top,GPIL,2022-04-11,2022-04-12,472.2656,2022-04-19,439.207,STOP,2,-66.1172,19.7836,-85.9008,-0.090747,-0.120083,0.030642,4,False
momentum_top,CREDITACC,2022-04-11,2022-04-12,918.6158,2022-04-28,1076.8404,TARGET,1,158.2246,20.131,138.0936,0.15,0.0,0.178475,11,False
momentum_top,CHENNPETRO,2022-04-11,2022-04-12,148.6532,2022-04-19,174.3349,TARGET,6,154.0903,20.0098,134.0804,0.15,-0.035433,0.206974,4,False
momentum_top,BLS,2022-04-11,2022-04-12,80.3028,2022-05-06,85.0474,TIME,12,56.9353,20.1148,36.8205,0.038127,-0.022901,0.154198,16,False
momentum_top,SWANCORP,2022-04-11,2022-04-12,266.6146,2022-04-21,313.2249,TARGET,3,139.8309,19.592,120.2389,0.15,0.0,0.190788,6,False
momentum_top,HSCL,2022-04-11,2022-04-12,77.8787,2022-04-21,75.8945,MOMENTUM_FAIL,12,-23.8101,19.8276,-43.6377,-0.046592,-0.063057,0.038216,6,False
momentum_top,RHIM,2022-04-11,2022-04-12,614.4999,2022-05-06,557.8859,GAP_STOP,1,-56.6141,18.4094,-75.0235,-0.121822,-0.124006,0.071542,16,False
momentum_top,JINDALSTEL,2022-04-11,2022-04-12,561.2588,2022-04-21,533.44,MOMENTUM_FAIL,1,-27.8188,18.2432,-46.062,-0.08189,-0.080148,0.00167,6,False
momentum_top,SARDAEN,2022-04-11,2022-04-12,116.2109,2022-05-06,114.9038,TIME,8,-10.4567,19.8343,-30.291,-0.032511,-0.062119,0.14507,16,False
momentum_top,USHAMART,2022-04-11,2022-04-12,128.6683,2022-04-19,150.875,TARGET,7,155.4467,20.0496,135.3971,0.15,0.0,0.182796,4,False
momentum_top,ANGELONE,2022-04-11,2022-04-12,157.9094,2022-04-29,185.0246,TARGET,6,162.691,20.2619,142.4292,0.15,-0.064036,0.177636,12,False
momentum_top,BSE,2022-04-11,2022-04-12,284.8237,2022-04-21,267.1372,MOMENTUM_FAIL,3,-53.0593,19.4299,-72.4892,-0.08465,-0.069119,0.013099,6,False
momentum_top,ADANIPOWER,2022-04-18,2022-04-19,48.0,2022-04-26,57.12,TARGET,20,182.4,20.355,162.045,0.168429,-0.033333,0.190208,6,False
momentum_top,BDL,2022-04-18,2022-04-19,423.201,2022-04-20,393.577,STOP,2,-59.2481,19.3832,-78.6314,-0.092698,-0.118325,0.0,2,False
momentum_top,GMDCLTD,2022-04-18,2022-04-19,172.3348,2022-05-02,157.3454,GAP_STOP,5,-74.9474,19.4158,-94.3631,-0.109272,-0.130214,0.10885,10,False
momentum_top,GPIL,2022-04-18,2022-04-19,470.31,2022-04-19,437.3883,STOP,2,-65.8434,19.7677,-85.6111,-0.090817,0.0,0.0,1,False
momentum_top,CHENNPETRO,2022-04-18,2022-04-19,153.8369,2022-04-20,180.3213,TARGET,6,158.9068,20.151,138.7559,0.15,0.0,0.282609,2,False
momentum_top,RHIM,2022-04-18,2022-04-19,654.4571,2022-04-20,608.6451,STOP,1,-45.812,18.6001,-64.4121,-0.098206,-0.08867,0.0,2,False
momentum_top,SARDAEN,2022-04-18,2022-04-19,127.4631,2022-04-26,120.9858,MOMENTUM_FAIL,7,-45.3415,19.6051,-64.9467,-0.072632,-0.062716,0.017118,6,False
momentum_top,BLS,2022-04-18,2022-04-19,81.6268,2022-05-11,81.7862,TIME,12,1.9125,20.0699,-18.1574,-0.018497,-0.028237,0.135476,16,False
momentum_top,USHAMART,2022-04-18,2022-04-19,134.8704,2022-05-06,123.325,GAP_STOP,7,-80.8174,19.7518,-100.5692,-0.106292,-0.096923,0.166608,13,False
momentum_top,CGCL,2022-04-18,2022-04-19,693.2803,2022-05-09,644.7507,STOP,1,-48.5296,18.7585,-67.2881,-0.096846,-0.074354,0.095238,14,False
momentum_top,HSCL,2022-04-18,2022-04-19,76.6882,2022-04-26,74.1087,MOMENTUM_FAIL,13,-33.5326,20.0713,-53.6039,-0.053651,-0.044631,0.023286,6,False
momentum_top,VEDL,2022-04-18,2022-04-19,234.1268,2022-04-25,217.738,STOP,4,-65.5555,19.7509,-85.3064,-0.090891,-0.070032,0.004684,5,False
momentum_top,LEMONTREE,2022-04-18,2022-04-19,66.5,2022-04-26,65.55,MOMENTUM_FAIL,15,-14.25,20.1129,-34.3628,-0.034374,-0.046617,0.007519,6,False
momentum_top,CHENNPETRO,2022-04-25,2022-04-26,195.6403,2022-04-29,229.1308,TARGET,5,167.4524,20.4014,147.051,0.15,-0.068376,0.194658,4,False
momentum_top,USHAMART,2022-04-25,2022-04-26,148.2763,2022-05-02,137.897,STOP,6,-62.276,19.5597,-81.8358,-0.091785,-0.112291,0.048584,5,False
momentum_top,BDL,2022-04-25,2022-04-26,382.2681,2022-05-02,355.5093,STOP,2,-53.5175,19.0492,-72.5668,-0.094709,-0.096875,0.003827,5,False
momentum_top,GPIL,2022-04-25,2022-04-26,434.1323,2022-05-02,400.888,GAP_STOP,2,-66.4886,19.4608,-85.9494,-0.098774,-0.084459,0.0,5,False
momentum_top,CREDITACC,2022-04-25,2022-04-26,975.5145,2022-05-09,907.2285,STOP,1,-68.286,19.91,-88.196,-0.090213,-0.07643,0.109738,9,False
momentum_top,SARDAEN,2022-04-25,2022-04-26,124.2636,2022-04-27,115.5651,STOP,8,-69.5876,19.9859,-89.5735,-0.089908,-0.070079,0.0,2,False
momentum_top,MRPL,2022-04-25,2022-04-26,64.6027,2022-04-27,60.0805,STOP,15,-67.8328,19.8836,-87.7165,-0.090321,-0.078358,0.004478,2,False
momentum_top,BLS,2022-04-25,2022-04-26,81.8966,2022-05-13,76.1638,STOP,12,-68.7931,19.9396,-88.7327,-0.090092,-0.089221,0.131736,13,False
momentum_top,RHIM,2022-04-25,2022-04-26,608.394,2022-05-04,589.8809,MOMENTUM_FAIL,1,-18.5132,18.4612,-36.9744,-0.060641,-0.051224,0.01959,6,False
momentum_top,SCHNEIDER,2022-04-25,2022-04-26,152.75,2022-04-27,142.0575,STOP,6,-64.155,19.6692,-83.8242,-0.091262,-0.099509,0.0,2,False
momentum_top,CUPID,2022-04-25,2022-04-26,2.9554,2022-04-27,2.7486,STOP,337,-69.7186,19.9935,-89.7121,-0.089878,-0.081063,0.0,2,False
momentum_top,NAVA,2022-04-25,2022-04-26,75.3642,2022-05-06,70.0887,STOP,13,-68.5815,19.9272,-88.5087,-0.090142,-0.10758,0.093215,8,False
momentum_top,MINDACORP,2022-04-25,2022-04-26,263.8153,2022-04-27,245.3482,STOP,3,-55.4012,19.159,-74.5602,-0.094002,-0.070349,0.0,2,False
momentum_top,JINDALSTEL,2022-04-25,2022-04-26,524.0685,2022-05-04,513.3157,MOMENTUM_FAIL,1,-10.7527,18.121,-28.8737,-0.054975,-0.026259,0.038965,6,False
momentum_top,LEMONTREE,2022-04-25,2022-04-26,65.9,2022-05-04,63.6,MOMENTUM_FAIL,15,-34.5,20.0336,-54.5337,-0.055048,-0.050076,0.038695,6,False
momentum_top,ADANIPOWER,2022-05-02,2022-05-04,57.6,2022-05-04,53.568,STOP,17,-68.544,19.9251,-88.4691,-0.090151,0.0,0.0,1,False
momentum_top,SWANCORP,2022-05-02,2022-05-04,333.4555,2022-05-06,309.4946,GAP_STOP,2,-47.9217,18.6484,-66.5701,-0.099601,-0.10015,0.0,3,False
momentum_top,MRPL,2022-05-02,2022-05-04,77.3786,2022-05-06,71.9621,STOP,12,-64.998,19.7184,-84.7164,-0.091037,-0.072274,0.017445,3,False
momentum_top,USHAMART,2022-05-02,2022-05-04,136.9218,2022-05-05,127.3373,STOP,7,-67.0917,19.8404,-86.9321,-0.090503,-0.076655,0.0,2,False
momentum_top,GMDCLTD,2022-05-02,2022-05-04,151.1217,2022-05-05,177.1857,TARGET,6,156.3839,20.0771,136.3069,0.15,0.0,0.179814,2,False
momentum_top,CUPID,2022-05-02,2022-05-04,3.1281,2022-05-06,2.9091,STOP,318,-69.6311,19.9884,-89.6195,-0.089898,-0.148992,0.097674,3,False
momentum_top,BLS,2022-05-02,2022-05-04,89.9513,2022-05-09,83.6548,STOP,11,-69.2625,19.9669,-89.2295,-0.089983,-0.091454,0.030394,4,False
momentum_top,BDL,2022-05-02,2022-05-04,351.5014,2022-05-09,326.8963,STOP,2,-49.2102,18.7982,-68.0084,-0.096529,-0.092177,0.012276,4,False
momentum_top,SARDAEN,2022-05-02,2022-05-04,119.5915,2022-05-06,111.2201,STOP,8,-66.9712,19.8334,-86.8046,-0.090532,-0.08863,0.020773,3,False
momentum_top,RHIM,2022-05-02,2022-05-04,599.7481,2022-05-06,557.7657,STOP,1,-41.9824,18.3769,-60.3593,-0.100422,-0.10246,0.010344,3,False
momentum_top,NLCINDIA,2022-05-02,2022-05-04,81.9475,2022-05-06,76.2112,STOP,12,-68.8359,19.9421,-88.778,-0.090082,-0.095556,0.0,3,False
momentum_top,BSE,2022-05-02,2022-05-04,284.9189,2022-05-05,264.9746,STOP,3,-59.833,19.4173,-79.2503,-0.092515,-0.074446,0.0,2,False
momentum_top,CGCL,2022-05-02,2022-05-04,706.297,2022-05-09,656.8562,STOP,1,-49.4408,18.8116,-68.2524,-0.096423,-0.091413,0.016226,4,False
momentum_top,CHENNPETRO,2022-05-09,2022-05-10,237.5692,2022-05-12,220.9394,STOP,4,-66.5194,19.8071,-86.3264,-0.090645,-0.088334,0.02006,3,False
momentum_top,ADANIPOWER,2022-05-09,2022-05-10,54.49,2022-05-12,50.0,GAP_STOP,18,-80.82,19.9069,-100.7269,-0.102473,-0.109745,0.020371,3,False
momentum_top,SWANCORP,2022-05-09,2022-05-10,290.5256,2022-05-10,270.1888,STOP,3,-61.0104,19.486,-80.4963,-0.092156,0.0,0.0,1,False
momentum_top,MRPL,2022-05-09,2022-05-10,71.3522,2022-05-11,66.3576,STOP,13,-64.9305,19.7144,-84.645,-0.091055,-0.087838,0.022973,2,False
momentum_top,USHAMART,2022-05-09,2022-05-10,129.4794,2022-05-11,120.4158,STOP,7,-63.4449,19.6279,-83.0728,-0.091456,-0.228077,0.0,2,False
momentum_top,BDL,2022-05-09,2022-05-10,321.3198,2022-05-11,298.8274,STOP,3,-67.4771,19.8629,-87.34,-0.090408,-0.076707,0.0,2,False
momentum_top,SARDAEN,2022-05-09,2022-05-10,110.262,2022-05-11,102.5437,STOP,9,-69.4651,19.9787,-89.4438,-0.089936,-0.10625,0.0,2,False
momentum_top,BLS,2022-05-09,2022-05-10,82.8774,2022-05-13,77.0759,STOP,12,-69.617,19.9876,-89.6046,-0.089901,-0.1,0.029586,4,False
momentum_top,RHIM,2022-05-09,2022-05-10,536.3441,2022-05-26,498.8,STOP,1,-37.5441,18.1182,-55.6623,-0.103555,-0.118306,0.129326,13,False
momentum_top,PATANJALI,2022-05-09,2022-05-10,348.5637,2022-05-11,324.1642,STOP,2,-48.7989,18.7742,-67.5731,-0.096719,-0.128279,0.0,2,False
momentum_top,CREDITACC,2022-05-09,2022-05-10,939.6986,2022-05-12,873.9197,STOP,1,-65.7789,19.7639,-85.5428,-0.090834,-0.105738,0.008763,3,False
momentum_top,GMDCLTD,2022-05-09,2022-05-10,152.9625,2022-05-24,142.2551,STOP,6,-64.2442,19.6744,-83.9187,-0.091238,-0.071633,0.073352,11,False
momentum_top,LEMONTREE,2022-05-09,2022-05-10,61.3,2022-05-11,57.009,STOP,16,-68.656,19.9316,-88.5876,-0.090125,-0.070147,0.0,2,False
momentum_top,SWANCORP,2022-05-16,2022-05-17,268.5614,2022-06-07,268.7112,TIME,3,0.4494,19.3329,-18.8835,-0.023387,-0.007063,0.126394,16,False
momentum_top,AWL,2022-05-16,2022-05-17,580.9651,2022-05-20,686.8992,TARGET,1,105.9341,18.5988,87.3353,0.15,0.0,0.201284,4,False
momentum_top,BDL,2022-05-16,2022-05-17,339.2142,2022-06-01,399.7281,TARGET,2,121.0278,19.0411,101.9867,0.15,-0.021489,0.214173,12,False
momentum_top,BLS,2022-05-16,2022-05-17,83.2697,2022-05-23,97.6164,TARGET,11,157.8143,20.119,137.6953,0.15,-0.007951,0.222026,5,False
momentum_top,CREDITACC,2022-05-16,2022-05-17,942.8238,2022-05-31,1104.7974,TARGET,1,161.9736,20.2408,141.7328,0.15,-0.057771,0.188362,11,False
momentum_top,USHAMART,2022-05-16,2022-05-17,118.1249,2022-05-25,109.8561,STOP,8,-66.1499,19.7855,-85.9355,-0.090739,-0.0937,0.081583,7,False
momentum_top,GMDCLTD,2022-05-16,2022-05-17,149.6753,2022-05-25,139.1981,STOP,6,-62.8636,19.594,-82.4576,-0.091618,-0.235725,0.075842,7,False
momentum_top,LEMONTREE,2022-05-16,2022-05-17,63.45,2022-05-24,63.95,MOMENTUM_FAIL,15,7.5,19.964,-12.464,-0.013067,-0.061466,0.029157,6,False
momentum_top,JWL,2022-05-16,2022-05-17,55.1499,2022-05-24,64.929,TARGET,18,176.0232,20.48,155.5431,0.156345,-0.056706,0.184519,6,False
momentum_top,GESHIP,2022-05-16,2022-05-17,336.9104,2022-06-07,340.6334,TIME,2,7.446,18.7903,-11.3443,-0.016799,-0.01829,0.130446,16,False
momentum_top,GRSE,2022-05-16,2022-05-17,268.3542,2022-05-25,249.5694,STOP,3,-56.3544,19.2146,-75.569,-0.093662,-0.085388,0.158985,7,False
momentum_top,PATANJALI,2022-05-16,2022-05-17,337.6115,2022-06-07,349.4521,TIME,2,23.6812,18.8293,4.8519,0.00717,-0.050574,0.175072,16,False
momentum_top,NAVA,2022-05-16,2022-05-17,71.4025,2022-05-19,66.4044,STOP,13,-64.9763,19.7171,-84.6934,-0.091043,-0.080645,0.167742,3,False
momentum_top,CHENNPETRO,2022-05-23,2022-05-24,258.8054,2022-05-26,240.2028,GAP_STOP,3,-55.8077,19.0947,-74.9025,-0.096262,-0.0974,0.0,3,False
momentum_top,MRPL,2022-05-23,2022-05-24,80.7534,2022-05-26,75.1006,STOP,12,-67.8328,19.8836,-87.7164,-0.090321,-0.096716,0.0,3,False
momentum_top,BLS,2022-05-23,2022-05-24,96.5104,2022-05-31,91.6064,MOMENTUM_FAIL,10,-49.0399,19.9053,-68.9451,-0.071282,-0.0625,0.0,6,False
momentum_top,SWANCORP,2022-05-23,2022-05-24,287.7801,2022-05-31,283.537,MOMENTUM_FAIL,3,-12.7292,19.5495,-32.2787,-0.037307,-0.058977,0.031223,6,False
momentum_top,BDL,2022-05-23,2022-05-24,378.3675,2022-05-25,351.8817,STOP,2,-52.9714,19.0174,-71.9889,-0.094923,-0.096328,0.0,2,False
momentum_top,NAVA,2022-05-23,2022-05-24,88.9998,2022-05-25,82.7698,STOP,11,-68.5299,19.9242,-88.4541,-0.090155,-0.129917,0.0,2,False
momentum_top,WELCORP,2022-05-23,2022-05-24,212.0279,2022-05-25,197.1859,STOP,4,-59.3678,19.3902,-78.758,-0.09266,-0.142857,0.0,2,False
momentum_top,USHAMART,2022-05-23,2022-05-24,118.8882,2022-05-25,110.566,STOP,8,-66.5774,19.8104,-86.3878,-0.090631,-0.099519,0.0,2,False
momentum_top,GRSE,2022-05-23,2022-05-24,298.9384,2022-05-25,278.0127,STOP,3,-62.7771,19.5889,-82.366,-0.091642,-0.178961,0.0,2,False
momentum_top,CREDITACC,2022-05-23,2022-05-24,972.2405,2022-05-26,904.1837,STOP,1,-68.0568,19.8967,-87.9535,-0.090267,-0.08628,0.006174,3,False
momentum_top,PATANJALI,2022-05-23,2022-05-24,366.6881,2022-05-25,341.0199,STOP,2,-51.3363,18.9221,-70.2584,-0.095592,-0.080088,0.0,2,False
momentum_top,HAL,2022-05-23,2022-05-24,862.3489,2022-05-31,871.1395,MOMENTUM_FAIL,1,8.7905,19.5891,-10.7986,-0.012495,-0.062618,0.028713,6,False
momentum_top,KSB,2022-05-23,2022-05-24,289.8773,2022-05-31,265.4141,MOMENTUM_FAIL,3,-73.3898,19.4525,-92.8423,-0.106528,-0.110676,0.013514,6,False
momentum_top,NLCINDIA,2022-05-23,2022-05-24,74.7543,2022-05-25,69.5215,STOP,13,-68.0264,19.8949,-87.9213,-0.090275,-0.118149,0.0,2,False
momentum_top,GESHIP,2022-05-23,2022-05-24,359.2912,2022-05-31,339.906,MOMENTUM_FAIL,2,-38.7705,18.8852,-57.6557,-0.08006,-0.068604,0.032515,6,False
momentum_top,ELECON,2022-05-23,2022-05-24,97.8877,2022-05-26,91.0355,STOP,10,-68.5214,19.9237,-88.4451,-0.090157,-0.094236,0.025063,3,False
momentum_top,ADANIPOWER,2022-05-30,2022-05-31,64.65,2022-06-02,58.35,GAP_STOP,15,-94.5,19.8323,-114.3323,-0.117642,-0.097448,0.0,3,False
momentum_top,CHENNPETRO,2022-05-30,2022-05-31,224.443,2022-06-06,263.1921,TARGET,4,154.9966,20.0364,134.9602,0.15,0.0,0.196126,5,False
momentum_top,MRPL,2022-05-30,2022-05-31,76.1251,2022-06-07,92.083,TARGET,13,207.4519,20.5311,186.9208,0.188468,0.0,0.375554,6,False
momentum_top,AWL,2022-05-30,2022-05-31,666.5182,2022-06-07,659.4053,MOMENTUM_FAIL,1,-7.1129,18.7299,-25.8427,-0.038688,-0.058209,0.029925,6,False
momentum_top,BLS,2022-05-30,2022-05-31,93.6661,2022-06-07,87.953,MOMENTUM_FAIL,10,-57.1314,19.7687,-76.9001,-0.081921,-0.077487,0.00445,6,False
momentum_top,SWANCORP,2022-05-30,2022-05-31,283.0877,2022-06-07,268.7112,MOMENTUM_FAIL,3,-43.1296,19.4282,-62.5577,-0.0735,-0.058015,0.016576,6,False
momentum_top,BDL,2022-05-30,2022-05-31,364.6662,2022-06-20,339.1396,STOP,2,-51.0533,18.9056,-69.9589,-0.095713,-0.134109,0.140995,15,False
momentum_top,WELCORP,2022-05-30,2022-05-31,207.357,2022-06-16,192.842,STOP,4,-58.06,19.314,-77.374,-0.093082,-0.076295,0.105936,13,False
momentum_top,JWL,2022-05-30,2022-05-31,56.4902,2022-06-16,52.5359,STOP,17,-67.2233,19.8481,-87.0714,-0.09047,-0.079965,0.128295,13,False
momentum_top,HBLENGINE,2022-05-30,2022-05-31,82.525,2022-06-02,96.6354,TARGET,12,169.3259,20.4563,148.8697,0.15,-0.004192,0.220359,3,False
momentum_top,NAVA,2022-05-30,2022-05-31,79.6945,2022-06-20,74.1158,STOP,12,-66.9433,19.8318,-86.7751,-0.090539,-0.168497,0.144219,15,False
momentum_top,USHAMART,2022-05-30,2022-05-31,114.8807,2022-06-07,112.9247,MOMENTUM_FAIL,8,-15.6483,19.7788,-35.4271,-0.038464,-0.044851,0.017442,6,False
momentum_top,EIDPARRY,2022-05-30,2022-05-31,547.6959,2022-06-03,509.3572,STOP,1,-38.3387,18.1646,-56.5033,-0.10294,-0.072936,0.0,4,False
momentum_top,ELECON,2022-05-30,2022-05-31,97.5687,2022-06-03,114.275,TARGET,10,167.063,20.39,146.6731,0.15,-0.008046,0.181795,4,False
momentum_top,PATANJALI,2022-05-30,2022-05-31,355.3805,2022-06-07,349.4521,MOMENTUM_FAIL,2,-11.8567,18.907,-30.7637,-0.043188,-0.061318,0.017273,6,False
momentum_top,HAL,2022-05-30,2022-05-31,863.4151,2022-06-21,855.4065,TIME,1,-8.0087,19.5594,-27.5681,-0.031859,-0.066959,0.082629,16,False
momentum_top,KSB,2022-05-30,2022-05-31,276.167,2022-06-07,271.7111,MOMENTUM_FAIL,3,-13.3676,19.4011,-32.7687,-0.039466,-0.058404,0.019894,6,False
momentum_top,ADANIPOWER,2022-06-06,2022-06-07,59.99,2022-06-09,55.7907,STOP,16,-67.1888,19.8461,-87.0349,-0.090479,-0.076179,0.0,3,False
momentum_top,AWL,2022-06-06,2022-06-07,662.7877,2022-06-13,588.4261,GAP_STOP,1,-74.3615,18.5772,-92.9387,-0.139918,-0.112195,0.004128,5,False
momentum_top,BDL,2022-06-06,2022-06-07,391.0446,2022-06-14,381.6099,MOMENTUM_FAIL,2,-18.8694,19.1939,-38.0634,-0.048563,-0.031359,0.037406,6,False
momentum_top,ELECON,2022-06-06,2022-06-07,122.1265,2022-06-23,143.035,TARGET,8,167.2682,20.396,146.8722,0.15,-0.058621,0.17127,13,False
momentum_top,SWANCORP,2022-06-06,2022-06-07,267.7128,2022-06-10,248.9729,STOP,3,-56.2197,19.2067,-75.4264,-0.09371,-0.107962,0.094537,4,False
momentum_top,BLS,2022-06-06,2022-06-07,89.0564,2022-06-15,104.2993,TARGET,11,167.6721,20.4078,147.2643,0.15,-0.035793,0.182269,7,False
momentum_top,WELCORP,2022-06-06,2022-06-07,219.7654,2022-06-14,212.599,MOMENTUM_FAIL,4,-28.6657,19.5834,-48.2491,-0.054767,-0.052567,0.043492,6,False
momentum_top,HBLENGINE,2022-06-06,2022-06-07,98.2887,2022-06-13,91.4085,STOP,10,-68.8021,19.9401,-88.7422,-0.09009,-0.127199,0.008044,5,False
momentum_top,NAVA,2022-06-06,2022-06-07,81.445,2022-06-16,75.7438,STOP,12,-68.4138,19.9175,-88.3312,-0.090182,-0.080882,0.119627,8,False
momentum_top,PGEL,2022-06-06,2022-06-07,91.8861,2022-06-17,85.4541,STOP,10,-64.3203,19.6789,-83.9991,-0.091217,-0.081522,0.061956,9,False
momentum_top,JWL,2022-06-06,2022-06-07,60.0146,2022-06-13,55.8136,STOP,16,-67.2164,19.8477,-87.0641,-0.090472,-0.085194,0.055418,5,False
momentum_top,M&M,2022-06-06,2022-06-07,987.9325,2022-06-14,973.0867,MOMENTUM_FAIL,1,-14.8458,20.0713,-34.9171,-0.035266,-0.035031,0.021405,6,False
momentum_top,HAL,2022-06-06,2022-06-07,905.97,2022-06-14,892.7248,MOMENTUM_FAIL,1,-13.2452,19.7284,-32.9736,-0.036317,-0.047782,0.0,6,False
momentum_top,ASHOKLEY,2022-06-06,2022-06-07,61.9249,2022-06-14,60.2989,MOMENTUM_FAIL,16,-26.0165,20.0606,-46.0771,-0.046404,-0.047411,0.031729,6,False
momentum_top,M&MFIN,2022-06-06,2022-06-07,167.0522,2022-06-13,155.3585,STOP,5,-58.4683,19.3378,-77.8061,-0.092949,-0.084549,0.026472,5,False
momentum_top,CHENNPETRO,2022-06-13,2022-06-14,289.2802,2022-06-14,269.0305,STOP,3,-60.7488,19.4707,-80.2195,-0.092234,0.0,0.0,1,False
momentum_top,MRPL,2022-06-13,2022-06-14,105.2928,2022-06-14,97.9223,STOP,9,-66.3345,19.7963,-86.1307,-0.090692,0.0,0.0,1,False
momentum_top,ADANIPOWER,2022-06-13,2022-06-14,52.32,2022-06-21,48.6576,STOP,19,-69.5856,19.9858,-89.5714,-0.089908,-0.089067,0.080084,6,False
momentum_top,BLS,2022-06-13,2022-06-14,91.4103,2022-06-16,107.1629,TARGET,10,157.5257,20.1105,137.4152,0.15,0.0,0.173015,3,False
momentum_top,AWL,2022-06-13,2022-06-14,586.9339,2022-06-21,545.8486,STOP,1,-41.0854,18.3246,-59.41,-0.101,-0.097203,0.101695,6,False
momentum_top,ELECON,2022-06-13,2022-06-14,121.3818,2022-06-23,142.175,TARGET,8,166.3456,20.3689,145.9766,0.15,-0.052846,0.178455,8,False
momentum_top,WELCORP,2022-06-13,2022-06-14,208.213,2022-06-16,193.6381,STOP,4,-58.2996,19.328,-77.6276,-0.093004,-0.080093,0.033796,3,False
momentum_top,BDL,2022-06-13,2022-06-14,383.7309,2022-06-20,356.8698,STOP,2,-53.7223,19.0612,-72.7835,-0.09463,-0.177129,0.084307,5,False
momentum_top,NAVA,2022-06-13,2022-06-14,81.3068,2022-06-16,75.6153,STOP,12,-68.2977,19.9107,-88.2084,-0.09021,-0.07932,0.028612,3,False
momentum_top,PGEL,2022-06-13,2022-06-14,88.0908,2022-06-20,81.9244,STOP,11,-67.8299,19.8834,-87.7133,-0.090322,-0.073356,0.071429,5,False
momentum_top,HBLENGINE,2022-06-13,2022-06-14,85.9841,2022-06-20,79.9652,STOP,11,-66.2077,19.7889,-85.9966,-0.090724,-0.147127,0.095402,5,False
momentum_top,CREDITACC,2022-06-13,2022-06-14,988.5114,2022-06-20,919.3156,STOP,1,-69.1958,19.963,-89.1588,-0.089998,-0.121744,0.087871,5,False
momentum_top,HAL,2022-06-13,2022-06-14,876.6601,2022-06-20,815.2939,STOP,1,-61.3662,19.5067,-80.8729,-0.09205,-0.081056,0.066272,5,False
momentum_top,M&M,2022-06-13,2022-06-14,954.7085,2022-06-21,952.7514,MOMENTUM_FAIL,1,-1.9571,19.9572,-21.9144,-0.022904,-0.0209,0.0393,6,False
momentum_top,ELGIEQUIP,2022-06-13,2022-06-14,389.9473,2022-06-16,362.651,STOP,2,-54.5926,19.1119,-73.7045,-0.0943,-0.080101,0.045214,3,False
momentum_top,JWL,2022-06-13,2022-06-14,57.0363,2022-06-16,53.0437,STOP,17,-67.8731,19.886,-87.7591,-0.090312,-0.088773,0.039164,3,False
momentum_top,TVSMOTOR,2022-06-13,2022-06-14,731.4347,2022-06-21,732.2216,MOMENTUM_FAIL,1,0.7869,19.0201,-18.2331,-0.024873,-0.02777,0.030594,6,False
momentum_top,AMBUJACEM,2022-06-13,2022-06-14,355.8481,2022-06-21,352.7033,MOMENTUM_FAIL,2,-6.2896,18.9223,-25.2119,-0.035348,-0.01657,0.005661,6,False
momentum_top,CHENNPETRO,2022-06-20,2022-06-21,235.061,2022-06-28,275.4545,TARGET,4,161.5741,20.2291,141.3449,0.15,0.0,0.179798,6,False
momentum_top,ADANIPOWER,2022-06-20,2022-06-21,49.67,2022-07-12,58.1603,TARGET,20,169.8061,20.4703,149.3358,0.15,-0.013086,0.205355,16,False
momentum_top,MRPL,2022-06-20,2022-06-21,75.6912,2022-06-29,89.8653,TARGET,13,184.2623,20.46,163.8023,0.166105,0.0,0.256688,7,False
momentum_top,BLS,2022-06-20,2022-06-21,103.4005,2022-06-22,96.1625,STOP,9,-65.1423,19.7268,-84.8691,-0.090999,-0.090586,0.0,2,False
momentum_top,ELECON,2022-06-20,2022-06-21,122.3687,2022-07-06,143.3147,TARGET,8,167.5682,20.4048,147.1635,0.15,0.0,0.185282,12,False
momentum_top,APARINDS,2022-06-20,2022-06-21,959.977,2022-06-21,892.7786,STOP,1,-67.1984,19.8466,-87.045,-0.090476,0.0,0.0,1,False
momentum_top,AWL,2022-06-20,2022-06-21,552.1158,2022-07-12,644.931,TIME,1,92.8151,18.4503,74.3649,0.134397,-0.008649,0.168468,16,False
momentum_top,WELCORP,2022-06-20,2022-06-21,183.0539,2022-06-27,214.5952,TARGET,5,157.7064,20.1158,137.5906,0.15,0.0,0.183254,5,False
momentum_top,M&M,2022-06-20,2022-06-21,938.1921,2022-07-08,1131.2817,TARGET,1,193.0896,20.2846,172.805,0.183788,-0.010227,0.215936,14,False
momentum_top,BDL,2022-06-20,2022-06-21,353.3542,2022-06-28,350.4774,MOMENTUM_FAIL,2,-5.7536,18.9023,-24.656,-0.034812,-0.012005,0.045674,6,False
momentum_top,ELGIEQUIP,2022-06-20,2022-06-21,363.3288,2022-07-04,337.8958,STOP,2,-50.866,18.8947,-69.7607,-0.095793,-0.096918,0.087591,10,False
momentum_top,PGEL,2022-06-20,2022-06-21,83.5963,2022-07-12,93.4591,TIME,11,108.4906,20.0337,88.4568,0.095985,-0.032258,0.134887,16,False
momentum_top,HBLENGINE,2022-06-20,2022-06-21,80.6966,2022-06-30,94.5239,TARGET,12,165.9281,20.3567,145.5714,0.15,0.0,0.18616,8,False
momentum_top,PAYTM,2022-06-20,2022-06-21,655.0,2022-07-12,697.1,TIME,1,42.1,18.7814,23.3185,0.035523,-0.056183,0.104733,16,False
momentum_top,HAL,2022-06-20,2022-06-21,833.5605,2022-06-28,853.0608,MOMENTUM_FAIL,1,19.5003,19.4894,0.0109,1.3e-05,-0.004946,0.038829,6,False
momentum_top,AMBUJACEM,2022-06-20,2022-06-21,351.9171,2022-06-28,360.1229,MOMENTUM_FAIL,2,16.4116,18.9353,-2.5237,-0.003578,-0.007261,0.025831,6,False
momentum_top,CIEINDIA,2022-06-20,2022-06-21,192.6807,2022-06-28,225.7129,TARGET,5,165.1607,20.3342,144.8265,0.15,0.0,0.212106,6,False
momentum_top,TVSMOTOR,2022-06-20,2022-06-21,719.2867,2022-07-01,846.6421,TARGET,1,127.3554,19.2265,108.1289,0.15,0.0,0.212034,9,False
momentum_top,ASHOKLEY,2022-06-20,2022-06-21,60.9312,2022-07-12,64.7705,TIME,16,61.428,20.1715,41.2565,0.042226,-0.017791,0.110452,16,False
momentum_top,CHENNPETRO,2022-06-27,2022-06-28,251.6152,2022-07-01,234.0022,STOP,3,-52.8392,19.0097,-71.8489,-0.094976,-0.094368,0.144542,4,False
momentum_top,MRPL,2022-06-27,2022-06-28,80.5123,2022-06-29,94.3111,TARGET,12,165.5857,20.3467,145.239,0.15,0.0,0.181437,2,False
momentum_top,ELECON,2022-06-27,2022-06-28,129.3012,2022-07-11,151.6059,TARGET,7,156.1328,20.0697,136.0631,0.15,-0.030719,0.227629,10,False
momentum_top,BLS,2022-06-27,2022-06-28,99.8942,2022-07-05,98.7417,MOMENTUM_FAIL,9,-10.3719,19.7051,-30.0769,-0.033381,-0.064065,0.011291,6,False
momentum_top,ADANIPOWER,2022-06-27,2022-06-28,54.01,2022-07-05,52.55,MOMENTUM_FAIL,18,-26.28,19.9815,-46.2615,-0.047481,-0.05536,0.020737,6,False
momentum_top,APARINDS,2022-06-27,2022-06-28,927.2725,2022-07-05,908.5154,MOMENTUM_FAIL,1,-18.7571,19.8072,-38.5642,-0.041498,-0.06001,0.033558,6,False
momentum_top,HBLENGINE,2022-06-27,2022-06-28,89.8386,2022-07-19,95.0272,TIME,11,57.0756,20.2189,36.8567,0.037215,-0.058306,0.072607,16,False
momentum_top,WELCORP,2022-06-27,2022-06-28,209.659,2022-07-19,209.3216,TIME,4,-1.3496,19.4684,-20.8179,-0.024769,-0.055402,0.052874,16,False
momentum_top,ELGIEQUIP,2022-06-27,2022-06-28,382.7279,2022-06-30,355.9369,STOP,2,-53.5819,19.053,-72.6349,-0.094684,-0.088669,0.008597,3,False
momentum_top,TDPOWERSYS,2022-06-27,2022-06-28,47.0321,2022-06-30,43.7399,STOP,21,-69.1372,19.9596,-89.0968,-0.090012,-0.077693,0.02409,3,False
momentum_top,CIEINDIA,2022-06-27,2022-06-28,213.0434,2022-07-19,235.4615,TIME,4,89.6723,19.7109,69.9615,0.081919,0.0,0.148755,16,False
momentum_top,BDL,2022-06-27,2022-06-28,354.3781,2022-07-01,329.5716,STOP,2,-49.6129,18.8217,-68.4346,-0.096345,-0.091841,0.0,4,False
momentum_top,PAYTM,2022-06-27,2022-06-28,702.15,2022-07-01,652.9995,STOP,1,-49.1505,18.7947,-67.9452,-0.096556,-0.071424,0.022502,4,False
momentum_top,TVSMOTOR,2022-06-27,2022-06-28,785.83,2022-07-19,865.7508,TIME,1,79.9208,19.4109,60.51,0.076833,0.0,0.112405,16,False
momentum_top,HAL,2022-06-27,2022-06-28,856.5438,2022-07-05,833.5842,MOMENTUM_FAIL,1,-22.9596,19.5,-42.4596,-0.049463,-0.044315,0.0,6,False
momentum_top,ASAHIINDIA,2022-06-27,2022-06-28,534.4983,2022-07-19,565.9568,TIME,1,31.4585,18.251,13.2075,0.024656,-0.027768,0.102952,16,False
momentum_top,ASHOKLEY,2022-06-27,2022-06-28,63.6187,2022-07-19,66.6818,TIME,15,45.9469,20.053,25.8939,0.027075,0.0,0.063543,16,False
momentum_top,CHENNPETRO,2022-07-04,2022-07-05,256.6735,2022-07-06,225.7389,GAP_STOP,3,-92.8038,18.9924,-111.7962,-0.144869,-0.144951,0.0,2,False
momentum_top,MRPL,2022-07-04,2022-07-05,77.0894,2022-07-06,71.6931,STOP,12,-64.7551,19.7042,-84.4593,-0.091101,-0.130707,0.0,2,False
momentum_top,ELECON,2022-07-04,2022-07-05,131.5464,2022-07-11,154.1987,TARGET,7,158.5667,20.141,138.4256,0.15,0.0,0.206676,5,False
momentum_top,HBLENGINE,2022-07-04,2022-07-05,95.0767,2022-07-12,94.7307,MOMENTUM_FAIL,10,-3.4592,19.9375,-23.3967,-0.024555,-0.053534,0.011434,6,False
momentum_top,PATANJALI,2022-07-04,2022-07-05,340.0184,2022-07-12,340.7453,MOMENTUM_FAIL,2,1.4538,18.8044,-17.3506,-0.025458,-0.048886,0.01183,6,False
momentum_top,APARINDS,2022-07-04,2022-07-05,911.882,2022-07-26,1069.0638,TARGET,1,157.1818,20.1004,137.0813,0.15,-0.029536,0.179325,16,False
momentum_top,BLS,2022-07-04,2022-07-05,95.7503,2022-07-15,112.175,TARGET,10,164.2469,20.3075,143.9395,0.15,0.0,0.187964,9,False
momentum_top,TDPOWERSYS,2022-07-04,2022-07-05,47.2332,2022-07-20,57.3763,TARGET,21,213.0055,20.552,192.4535,0.193602,-0.054829,0.214746,12,False
momentum_top,TVSMOTOR,2022-07-04,2022-07-05,826.2084,2022-07-12,834.9628,MOMENTUM_FAIL,1,8.7544,19.4365,-10.682,-0.012901,-0.029585,0.022323,6,False
momentum_top,CIEINDIA,2022-07-04,2022-07-05,226.3795,2022-07-26,247.1724,TIME,4,83.1715,19.9229,63.2487,0.069696,-0.024493,0.134924,16,False
momentum_top,VBL,2022-07-04,2022-07-05,155.2651,2022-07-26,173.4462,TIME,6,109.0867,20.0857,89.001,0.095328,0.0,0.158377,16,False
momentum_top,BDL,2022-07-04,2022-07-05,332.2417,2022-07-26,341.7984,TIME,3,28.6701,20.197,8.4731,0.008482,-0.023995,0.084238,16,False
momentum_top,COROMANDEL,2022-07-04,2022-07-05,951.5666,2022-07-12,948.1379,MOMENTUM_FAIL,1,-3.4287,19.941,-23.3697,-0.024506,-0.035018,0.02908,6,False
momentum_top,NAVA,2022-07-04,2022-07-05,82.1129,2022-07-26,90.2897,TIME,12,98.1209,20.2904,77.8305,0.078815,-0.031136,0.154558,16,False
momentum_top,PGEL,2022-07-04,2022-07-05,88.8898,2022-07-26,91.137,TIME,11,24.7193,20.109,4.6103,0.004705,-0.029214,0.067416,16,False
momentum_top,ELECON,2022-07-11,2022-07-12,156.2915,2022-07-25,183.1561,TARGET,6,161.1876,20.2178,140.9698,0.15,-0.051934,0.243725,10,False
momentum_top,CHENNPETRO,2022-07-11,2022-07-12,223.1052,2022-07-19,222.4364,MOMENTUM_FAIL,4,-2.6754,19.6928,-22.3682,-0.02501,-0.02848,0.02567,6,False
momentum_top,HBLENGINE,2022-07-11,2022-07-12,93.8907,2022-07-14,87.3183,STOP,10,-65.7235,19.7607,-85.4841,-0.090848,-0.098947,0.018421,3,False
momentum_top,APARINDS,2022-07-11,2022-07-12,959.4961,2022-07-14,892.3314,STOP,1,-67.1647,19.8447,-87.0094,-0.090485,-0.077694,0.013283,3,False
momentum_top,TDPOWERSYS,2022-07-11,2022-07-12,50.2742,2022-08-02,55.8558,TIME,19,106.0515,20.1793,85.8722,0.089703,-0.032195,0.148976,16,False
momentum_top,MRPL,2022-07-11,2022-07-12,69.3274,2022-07-19,70.0988,MOMENTUM_FAIL,14,10.7991,20.0502,-9.2511,-0.009511,-0.026426,0.040334,6,False
momentum_top,TVSMOTOR,2022-07-11,2022-07-12,841.9959,2022-07-19,865.7508,MOMENTUM_FAIL,1,23.7549,19.5337,4.2213,0.005002,-0.027395,0.038201,6,False
momentum_top,CHOICEIN,2022-07-11,2022-07-12,100.4875,2022-07-19,98.975,MOMENTUM_FAIL,9,-13.6125,19.721,-33.3336,-0.036777,-0.017291,0.012813,6,False
momentum_top,BLS,2022-07-11,2022-07-12,104.3078,2022-07-21,122.2351,TARGET,9,161.3458,20.2224,141.1233,0.15,-0.026093,0.181946,8,False
momentum_top,ADANIPOWER,2022-07-11,2022-07-12,57.36,2022-07-19,58.67,MOMENTUM_FAIL,17,22.27,20.0927,2.1772,0.002228,-0.03417,0.04463,6,False
momentum_top,VBL,2022-07-11,2022-07-12,169.1206,2022-07-19,173.6338,MOMENTUM_FAIL,5,22.5658,19.5465,3.0193,0.003563,-0.045022,0.032701,6,False
momentum_top,PGEL,2022-07-11,2022-07-12,93.579,2022-07-19,91.8911,MOMENTUM_FAIL,10,-16.879,19.847,-36.726,-0.03916,-0.050109,0.012754,6,False
momentum_top,JWL,2022-07-11,2022-07-12,62.4966,2022-07-15,58.1219,STOP,15,-65.6215,19.7547,-85.3762,-0.090874,-0.078634,0.0,4,False
momentum_top,CIEINDIA,2022-07-11,2022-07-12,232.4023,2022-07-19,235.4615,MOMENTUM_FAIL,4,12.2367,19.8801,-7.6435,-0.008204,-0.049568,0.029823,6,False
momentum_top,ASAHIINDIA,2022-07-11,2022-07-12,557.032,2022-08-02,575.5225,TIME,1,18.4905,18.3197,0.1708,0.000306,-0.032486,0.079844,16,False
momentum_top,ELECON,2022-07-18,2022-07-19,157.6237,2022-07-25,184.6946,TARGET,6,162.4256,20.2541,142.1715,0.15,-0.053999,0.233213,5,False
momentum_top,APARINDS,2022-07-18,2022-07-19,983.0627,2022-08-01,1151.2679,TARGET,1,168.2052,20.4234,147.7818,0.15,-0.064579,0.223092,10,False
momentum_top,TDPOWERSYS,2022-07-18,2022-07-19,52.9522,2022-08-10,62.0395,TARGET,18,163.5711,20.2877,143.2835,0.15,-0.034642,0.181919,16,False
momentum_top,BLS,2022-07-18,2022-07-19,117.2052,2022-08-10,114.9739,TIME,8,-17.8504,19.8528,-37.7032,-0.040123,-0.039749,0.07908,16,False
momentum_top,TVSMOTOR,2022-07-18,2022-07-19,856.2586,2022-07-26,850.3076,MOMENTUM_FAIL,1,-5.951,19.5334,-25.4844,-0.029698,-0.011488,0.032395,6,False
momentum_top,CHOICEIN,2022-07-18,2022-07-19,99.75,2022-07-26,98.925,MOMENTUM_FAIL,10,-8.25,20.1251,-28.3751,-0.028384,-0.019799,0.010025,6,False
momentum_top,CIEINDIA,2022-07-18,2022-07-19,234.0275,2022-08-10,258.9312,TIME,4,99.6148,20.0855,79.5292,0.084772,-0.003268,0.151961,16,False
momentum_top,HBLENGINE,2022-07-18,2022-07-19,94.4837,2022-07-26,87.8125,MOMENTUM_FAIL,10,-66.7119,19.7837,-86.4956,-0.091346,-0.07636,0.03295,6,False
momentum_top,ASAHIINDIA,2022-07-18,2022-07-19,568.5208,2022-07-26,569.8522,MOMENTUM_FAIL,1,1.3314,18.3333,-17.0019,-0.02984,-0.007285,0.044232,6,False
momentum_top,SHRIRAMFIN,2022-07-18,2022-07-19,257.1191,2022-08-10,259.7607,TIME,3,7.9247,19.2032,-11.2785,-0.01459,-0.035197,0.091738,16,False
momentum_top,VBL,2022-07-18,2022-07-19,169.5946,2022-08-04,199.0515,TARGET,5,147.2845,19.8104,127.4741,0.15,-0.004018,0.196996,13,False
momentum_top,PHOENIXLTD,2022-07-18,2022-07-19,614.5721,2022-07-26,600.1252,MOMENTUM_FAIL,1,-14.4468,18.4956,-32.9424,-0.053485,-0.042942,0.016894,6,False
momentum_top,COROMANDEL,2022-07-18,2022-07-19,971.7898,2022-07-26,974.025,MOMENTUM_FAIL,1,2.2351,20.0379,-17.8028,-0.01828,-0.00695,0.045,6,False
momentum_top,ELECON,2022-07-25,2022-07-26,183.553,2022-08-02,175.2635,MOMENTUM_FAIL,5,-41.4474,19.7208,-61.1682,-0.066504,-0.074059,0.015995,6,False
momentum_top,TDPOWERSYS,2022-07-25,2022-07-26,54.149,2022-08-02,55.8558,MOMENTUM_FAIL,18,30.7236,20.1081,10.6155,0.010868,-0.055978,0.047917,6,False
momentum_top,BLS,2022-07-25,2022-07-26,124.1934,2022-07-28,115.4999,STOP,8,-69.5483,19.9836,-89.5319,-0.089917,-0.07996,0.0,3,False
momentum_top,TVSMOTOR,2022-07-25,2022-07-26,855.7668,2022-08-18,958.0654,TIME,1,102.2986,19.7517,82.5469,0.096249,-0.037874,0.138966,16,False
momentum_top,PAYTM,2022-07-25,2022-07-26,753.0,2022-07-26,700.29,STOP,1,-52.71,19.0022,-71.7122,-0.095028,0.0,0.0,1,False
momentum_top,ASAHIINDIA,2022-07-25,2022-07-26,587.9975,2022-08-02,575.5225,MOMENTUM_FAIL,1,-12.4751,18.3874,-30.8625,-0.052373,-0.056436,0.022977,6,False
momentum_top,TITAGARH,2022-07-25,2022-07-26,131.6291,2022-08-02,126.1487,MOMENTUM_FAIL,7,-38.3629,19.7425,-58.1054,-0.062924,-0.060939,0.003028,6,False
momentum_top,CHOICEIN,2022-07-25,2022-07-26,99.675,2022-08-18,108.0625,TIME,10,83.875,20.3095,63.5655,0.063634,-0.00928,0.108603,16,False
momentum_top,SHRIRAMFIN,2022-07-25,2022-07-26,278.2885,2022-07-29,258.8083,STOP,3,-58.4406,19.3362,-77.7768,-0.092958,-0.083891,0.006818,4,False
momentum_top,ANANTRAJ,2022-07-25,2022-07-26,77.135,2022-08-02,75.9934,MOMENTUM_FAIL,12,-13.6996,19.8105,-33.5101,-0.036124,-0.057272,0.016731,6,False
momentum_top,CEMPRO,2022-07-25,2022-07-26,81.6936,2022-08-18,90.8472,TIME,12,109.8434,20.293,89.5503,0.091148,-0.024096,0.128916,16,False
momentum_top,HSCL,2022-07-25,2022-07-26,84.5256,2022-08-16,99.0669,TARGET,11,159.9538,20.1817,139.7722,0.15,-0.069249,0.203052,14,False
momentum_top,GESHIP,2022-07-25,2022-07-26,397.9762,2022-08-18,447.6451,TIME,2,99.3377,19.4931,79.8445,0.100094,-0.035699,0.156748,16,False
momentum_top,ITI,2022-07-25,2022-07-26,122.9,2022-08-02,117.3,MOMENTUM_FAIL,8,-44.8,19.9903,-64.7903,-0.065754,-0.054923,0.0,6,False
momentum_top,ELECON,2022-08-01,2022-08-02,175.1648,2022-08-10,171.5382,MOMENTUM_FAIL,5,-18.1333,19.5912,-37.7245,-0.042979,-0.06493,0.019437,6,False
momentum_top,TDPOWERSYS,2022-08-01,2022-08-02,54.9337,2022-08-19,51.0884,STOP,18,-69.2165,19.9643,-89.1808,-0.089993,-0.088303,0.139286,12,False
momentum_top,TVSMOTOR,2022-08-01,2022-08-02,915.7689,2022-08-10,950.7864,MOMENTUM_FAIL,1,35.0175,19.8681,15.1494,0.016507,-0.015789,0.040816,6,False
momentum_top,ANANTRAJ,2022-08-01,2022-08-02,74.0079,2022-08-11,68.8274,STOP,13,-67.3472,19.8553,-87.2025,-0.09044,-0.080483,0.052985,7,False
momentum_top,BLS,2022-08-01,2022-08-02,117.0581,2022-08-10,114.9739,MOMENTUM_FAIL,8,-16.6735,19.8502,-36.5237,-0.038917,-0.038542,0.047759,6,False
momentum_top,HSCL,2022-08-01,2022-08-02,86.2618,2022-08-16,101.0719,TARGET,11,162.9114,20.2683,142.6431,0.15,-0.010926,0.178838,9,False
momentum_top,CEMPRO,2022-08-01,2022-08-02,82.1857,2022-08-19,96.2437,TARGET,12,168.6955,20.4378,148.2577,0.15,-0.002395,0.194012,12,False
momentum_top,CGPOWER,2022-08-01,2022-08-02,223.2526,2022-08-25,224.9813,TIME,4,6.9149,19.7148,-12.7999,-0.014302,-0.015487,0.09292,16,False
momentum_top,GESHIP,2022-08-01,2022-08-02,431.3549,2022-08-25,467.7095,TIME,2,72.7091,19.7208,52.9883,0.061287,-0.002083,0.14483,16,False
momentum_top,CHOICEIN,2022-08-01,2022-08-02,109.675,2022-08-10,107.1875,MOMENTUM_FAIL,9,-22.3875,20.0523,-42.4398,-0.042902,-0.02439,0.007294,6,False
momentum_top,KARURVYSYA,2022-08-01,2022-08-02,47.1131,2022-08-25,55.1695,TARGET,21,169.1829,20.4521,148.7309,0.15,-0.032995,0.174281,16,False
momentum_top,NAVA,2022-08-01,2022-08-02,92.1287,2022-08-10,91.7014,MOMENTUM_FAIL,10,-4.2739,19.8114,-24.0853,-0.026086,-0.055412,0.020361,6,False
momentum_top,PAYTM,2022-08-01,2022-08-02,744.0,2022-08-25,768.7,TIME,1,24.7,19.1218,5.5782,0.007481,-0.004368,0.135349,16,False
momentum_top,ASAHIINDIA,2022-08-01,2022-08-02,570.9862,2022-08-10,517.4377,MOMENTUM_FAIL,1,-53.5484,18.2319,-71.7803,-0.125439,-0.098186,0.028325,6,False
momentum_top,ELECON,2022-08-08,2022-08-10,174.1533,2022-09-02,179.2356,TIME,5,25.4112,19.6585,5.7527,0.006592,-0.056807,0.118855,16,False
momentum_top,DEEPAKFERT,2022-08-08,2022-08-10,828.3581,2022-09-02,827.5931,TIME,1,-0.765,19.4261,-20.1911,-0.024322,-0.024943,0.151839,16,False
momentum_top,KARURVYSYA,2022-08-08,2022-08-10,49.8235,2022-09-02,54.8059,TIME,20,99.647,20.3405,79.3066,0.079414,0.0,0.152,16,False
momentum_top,AEGISLOG,2022-08-08,2022-08-10,270.0987,2022-08-17,251.1918,STOP,3,-56.7207,19.2359,-75.9567,-0.093535,-0.091069,0.017933,5,False
momentum_top,PGEL,2022-08-08,2022-08-10,92.9847,2022-08-18,89.514,MOMENTUM_FAIL,10,-34.7069,19.7856,-54.4925,-0.058476,-0.069871,0.0,6,False
momentum_top,CEMPRO,2022-08-08,2022-08-10,84.5479,2022-08-29,99.0927,TARGET,11,159.9919,20.1828,139.8091,0.15,-0.030268,0.260186,13,False
momentum_top,TVSMOTOR,2022-08-08,2022-08-10,944.2452,2022-08-18,958.0654,MOMENTUM_FAIL,1,13.8202,19.9452,-6.1249,-0.006472,-0.010834,0.032241,6,False
momentum_top,HSCL,2022-08-08,2022-08-10,92.0159,2022-09-02,98.4644,TIME,10,64.4854,19.9466,44.5388,0.048298,-0.008086,0.126685,16,False
momentum_top,ELGIEQUIP,2022-08-08,2022-08-10,426.3337,2022-09-02,500.3394,TARGET,2,148.0115,19.8317,128.1797,0.15,-0.034304,0.24128,16,False
momentum_top,PAYTM,2022-08-08,2022-08-10,839.0,2022-08-12,780.27,STOP,1,-58.73,19.353,-78.083,-0.092864,-0.076281,0.003576,3,False
momentum_top,BLS,2022-08-08,2022-08-10,116.5432,2022-08-18,119.1423,MOMENTUM_FAIL,8,20.7929,19.9091,0.8838,0.000946,-0.034294,0.0425,6,False
momentum_top,ASTERDM,2022-08-08,2022-08-10,177.672,2022-08-12,165.235,STOP,5,-62.1852,19.5544,-81.7396,-0.091811,-0.097981,0.022742,3,False
momentum_top,CIEINDIA,2022-08-08,2022-08-10,259.5526,2022-09-02,261.5123,TIME,3,5.8792,19.2298,-13.3506,-0.017108,-0.017864,0.133886,16,False
momentum_top,CHOICEIN,2022-08-08,2022-08-10,108.475,2022-08-18,108.0625,MOMENTUM_FAIL,9,-3.7125,20.0447,-23.7572,-0.024281,-0.015902,0.018668,6,False
momentum_top,ELECON,2022-08-16,2022-08-17,170.6007,2022-09-08,185.6007,TIME,5,75.0002,19.6845,55.3157,0.064707,-0.037166,0.142155,16,False
momentum_top,DEEPAKFERT,2022-08-16,2022-08-17,876.7266,2022-09-02,814.1363,GAP_STOP,1,-62.5903,19.5045,-82.0948,-0.093434,-0.078737,0.088293,12,False
momentum_top,CIEINDIA,2022-08-16,2022-08-17,276.5215,2022-08-22,257.165,STOP,3,-58.0695,19.3146,-77.3841,-0.093079,-0.078133,0.016076,4,False
momentum_top,HSCL,2022-08-16,2022-08-17,100.647,2022-08-24,95.9842,MOMENTUM_FAIL,9,-41.9652,19.6693,-61.6346,-0.067894,-0.053721,0.030064,6,False
momentum_top,KARURVYSYA,2022-08-16,2022-08-17,52.4144,2022-08-24,50.8599,MOMENTUM_FAIL,19,-29.5354,20.0749,-49.6103,-0.049707,-0.048669,0.0,6,False
momentum_top,CUB,2022-08-16,2022-08-17,129.0673,2022-08-24,128.8502,MOMENTUM_FAIL,7,-1.5201,19.7418,-21.2618,-0.023482,-0.057207,0.041503,6,False
momentum_top,TVSMOTOR,2022-08-16,2022-08-17,964.9509,2022-08-24,944.2452,MOMENTUM_FAIL,1,-20.7056,19.9623,-40.6679,-0.042053,-0.057085,0.010652,6,False
momentum_top,VBL,2022-08-16,2022-08-17,206.917,2022-08-22,192.4328,STOP,4,-57.9368,19.3068,-77.2436,-0.093123,-0.131196,0.006842,4,False
momentum_top,CEMPRO,2022-08-16,2022-08-17,84.5972,2022-08-29,99.1495,TARGET,11,160.0757,20.1852,139.8905,0.15,0.0,0.259453,9,False
momentum_top,CGPOWER,2022-08-16,2022-08-17,236.8848,2022-08-24,226.9076,MOMENTUM_FAIL,4,-39.9089,19.8497,-59.7585,-0.06293,-0.057131,0.030025,6,False
momentum_top,PAYTM,2022-08-16,2022-08-17,790.0,2022-08-24,768.3,MOMENTUM_FAIL,1,-21.7,19.2216,-40.9216,-0.051686,-0.03038,0.012658,6,False
momentum_top,ELECON,2022-08-22,2022-08-23,169.1698,2022-09-14,198.5609,TARGET,5,146.9555,19.8008,127.1547,0.15,0.0,0.212192,16,False
momentum_top,HSCL,2022-08-22,2022-08-23,95.4386,2022-08-30,98.0676,MOMENTUM_FAIL,10,26.2903,20.0134,6.2769,0.006563,-0.043659,0.049376,6,False
momentum_top,CEMPRO,2022-08-22,2022-08-23,91.6346,2022-09-01,107.4219,TARGET,10,157.8731,20.1207,137.7524,0.15,-0.000537,0.207841,7,False
momentum_top,CIEINDIA,2022-08-22,2022-08-23,260.8431,2022-09-14,267.3439,TIME,3,19.5022,19.2739,0.2283,0.000291,-0.046912,0.068353,16,False
momentum_top,NAVA,2022-08-22,2022-08-23,121.6194,2022-08-25,113.1061,STOP,8,-68.1069,19.8996,-88.0065,-0.090255,-0.152675,0.003514,3,False
momentum_top,DEEPAKFERT,2022-08-22,2022-08-23,885.5815,2022-09-02,814.1363,GAP_STOP,1,-71.4452,19.5238,-90.9691,-0.102498,-0.087948,0.077411,8,False
momentum_top,KARURVYSYA,2022-08-22,2022-08-23,50.4214,2022-09-08,59.0701,TARGET,19,164.325,20.3097,144.0152,0.15,0.0,0.180237,12,False
momentum_top,BEML,2022-08-22,2022-08-23,747.2362,2022-08-30,755.1051,MOMENTUM_FAIL,1,7.8689,19.1012,-11.2323,-0.014999,-0.026258,0.028392,6,False
momentum_top,TITAGARH,2022-08-22,2022-08-23,147.4724,2022-08-30,172.9713,TARGET,6,152.9931,19.9777,133.0154,0.15,-0.007432,0.175676,6,False
momentum_top,TARIL,2022-08-22,2022-08-23,19.7086,2022-08-29,18.329,STOP,50,-68.9802,19.9505,-88.9307,-0.090049,-0.08091,0.030341,5,False
momentum_top,SOBHA,2022-08-22,2022-08-23,675.5825,2022-09-14,692.9165,TIME,1,17.334,18.8179,-1.4839,-0.002192,-0.002924,0.097734,16,False
momentum_top,ADANIPOWER,2022-08-22,2022-08-23,84.2,2022-08-24,78.08,GAP_STOP,11,-67.3199,19.7038,-87.0237,-0.093753,-0.072684,0.0,2,False
momentum_top,CEMPRO,2022-08-29,2022-08-30,104.5776,2022-09-21,114.3284,TIME,9,87.757,20.0829,67.6741,0.071745,-0.003765,0.119529,16,False
momentum_top,TITAGARH,2022-08-29,2022-08-30,165.3087,2022-09-09,153.737,STOP,6,-69.4296,19.9767,-89.4063,-0.089944,-0.070524,0.072333,8,False
momentum_top,ELECON,2022-08-29,2022-08-30,182.4428,2022-09-07,184.7126,MOMENTUM_FAIL,5,11.3488,19.8049,-8.4561,-0.00925,-0.036917,0.037728,6,False
momentum_top,ANANTRAJ,2022-08-29,2022-08-30,78.7234,2022-09-02,92.2451,TARGET,12,162.2611,20.2493,142.0119,0.15,0.0,0.204918,3,False
momentum_top,KARURVYSYA,2022-08-29,2022-08-30,54.2877,2022-09-14,63.5819,TARGET,18,167.2941,20.3967,146.8973,0.15,-0.011013,0.237151,11,False
momentum_top,KIRLOSENG,2022-08-29,2022-08-30,212.1705,2022-09-08,249.0191,TARGET,4,147.3943,19.8136,127.5806,0.15,0.0,0.243663,7,False
momentum_top,GESHIP,2022-08-29,2022-08-30,484.3146,2022-09-06,450.4126,STOP,2,-67.804,19.8819,-87.686,-0.090328,-0.074732,0.035714,5,False
momentum_top,CIEINDIA,2022-08-29,2022-08-30,265.7187,2022-09-07,262.4683,MOMENTUM_FAIL,3,-9.7513,19.2761,-29.0274,-0.036334,-0.039036,0.04875,6,False
momentum_top,ASAHIINDIA,2022-08-29,2022-08-30,633.8045,2022-09-07,661.2458,MOMENTUM_FAIL,1,27.4413,18.6621,8.7792,0.013821,-0.017427,0.047378,6,False
momentum_top,AEGISLOG,2022-08-29,2022-08-30,285.6343,2022-09-05,265.6399,STOP,3,-59.9832,19.4261,-79.4093,-0.092468,-0.07107,0.015217,4,False
momentum_top,DEEPAKFERT,2022-08-29,2022-08-30,902.5667,2022-09-01,839.387,STOP,1,-63.1797,19.6124,-82.7921,-0.091529,-0.07263,0.0,2,False
momentum_top,HSCL,2022-08-29,2022-08-30,97.0755,2022-09-21,102.7811,TIME,10,57.0564,20.1451,36.9112,0.03794,-0.000511,0.110485,16,False
momentum_top,ANANTRAJ,2022-09-05,2022-09-06,95.2027,2022-09-13,90.6361,MOMENTUM_FAIL,10,-45.6654,19.8569,-65.5223,-0.068674,-0.061001,0.032325,6,False
momentum_top,CEMPRO,2022-09-05,2022-09-06,113.3868,2022-09-13,112.6486,MOMENTUM_FAIL,8,-5.9055,19.7481,-25.6537,-0.028219,-0.056424,0.032552,6,False
momentum_top,TITAGARH,2022-09-05,2022-09-06,167.8496,2022-09-09,156.1001,STOP,5,-58.7474,19.3541,-78.1014,-0.092858,-0.084595,0.038884,4,False
momentum_top,KIRLOSENG,2022-09-05,2022-09-06,223.4113,2022-09-08,262.0007,TARGET,4,154.3575,20.0177,134.3399,0.15,0.0,0.181089,3,False
momentum_top,KARURVYSYA,2022-09-05,2022-09-06,58.4331,2022-09-15,68.4213,TARGET,17,169.8002,20.4702,149.3301,0.15,-0.036835,0.213506,8,False
momentum_top,HSCL,2022-09-05,2022-09-06,103.1768,2022-09-13,100.5478,MOMENTUM_FAIL,9,-23.6612,19.8028,-43.464,-0.046704,-0.056731,0.009615,6,False
momentum_top,IDFCFIRSTB,2022-09-05,2022-09-06,50.635,2022-09-13,49.9394,MOMENTUM_FAIL,19,-13.2179,19.9654,-33.1832,-0.034416,-0.029441,0.015702,6,False
momentum_top,ASAHIINDIA,2022-09-05,2022-09-06,661.7128,2022-09-13,649.1287,MOMENTUM_FAIL,1,-12.5842,18.6984,-31.2826,-0.047172,-0.057958,0.037412,6,False
momentum_top,MAZDOCK,2022-09-05,2022-09-06,188.615,2022-09-19,221.0175,TARGET,5,162.0125,20.242,141.7705,0.15,-0.039203,0.19152,10,False
momentum_top,ELECON,2022-09-05,2022-09-06,179.8524,2022-09-26,167.2627,STOP,5,-62.9483,19.5989,-82.5472,-0.091594,-0.127572,0.140192,15,False
momentum_top,TEJASNET,2022-09-05,2022-09-06,655.6433,2022-09-13,617.5801,MOMENTUM_FAIL,1,-38.0632,18.6209,-56.6841,-0.086267,-0.06383,0.0,6,False
momentum_top,GABRIEL,2022-09-05,2022-09-06,163.0177,2022-09-13,163.1631,MOMENTUM_FAIL,6,0.872,20.0618,-19.1898,-0.019577,-0.02852,0.042781,6,False
momentum_top,KIRLOSENG,2022-09-12,2022-09-13,242.356,2022-09-20,229.7101,MOMENTUM_FAIL,4,-50.5837,19.9203,-70.504,-0.072569,-0.063774,0.035586,6,False
momentum_top,ANANTRAJ,2022-09-12,2022-09-13,92.5223,2022-09-16,86.0457,STOP,10,-64.7656,19.7048,-84.4704,-0.091098,-0.104077,0.015021,4,False
momentum_top,CEMPRO,2022-09-12,2022-09-13,113.9773,2022-09-20,111.4628,MOMENTUM_FAIL,8,-20.1162,19.7391,-39.8554,-0.043614,-0.063243,0.007415,6,False
momentum_top,MAZDOCK,2022-09-12,2022-09-13,205.701,2022-10-03,241.5476,TARGET,4,143.3866,19.6962,123.6904,0.15,-0.042462,0.226141,15,False
momentum_top,KARURVYSYA,2022-09-12,2022-09-13,60.1868,2022-09-15,70.5054,TARGET,16,165.0966,20.3324,144.7642,0.15,0.0,0.178146,3,False
momentum_top,RPOWER,2022-09-12,2022-09-13,20.9,2022-09-14,19.05,GAP_STOP,47,-86.95,19.9007,-106.8507,-0.108539,-0.088517,0.0,2,False
momentum_top,INOXWIND,2022-09-12,2022-09-13,36.675,2022-09-21,34.1077,STOP,27,-69.3157,19.97,-89.2858,-0.08997,-0.078391,0.086571,7,False
momentum_top,HSCL,2022-09-12,2022-09-13,99.1093,2022-10-04,98.9045,TIME,10,-2.048,20.1107,-22.1587,-0.022309,-0.034161,0.091709,16,False
momentum_top,GRSE,2022-09-12,2022-09-13,346.3007,2022-09-20,334.1439,MOMENTUM_FAIL,2,-24.3135,18.805,-43.1185,-0.06212,-0.061047,0.023736,6,False
momentum_top,APOLLOTYRE,2022-09-12,2022-09-13,271.405,2022-10-03,252.4066,STOP,3,-56.995,19.2519,-76.247,-0.09344,-0.077465,0.068486,15,False
momentum_top,JKTYRE,2022-09-12,2022-09-13,154.6016,2022-09-15,181.2046,TARGET,6,159.6175,20.1718,139.4457,0.15,-0.041147,0.183604,3,False
momentum_top,JSWENERGY,2022-09-12,2022-09-13,344.1559,2022-09-16,320.065,STOP,2,-48.1818,18.7383,-66.9201,-0.097011,-0.081574,0.015973,4,False
momentum_top,IDFCFIRSTB,2022-09-12,2022-09-13,50.5853,2022-09-26,47.0444,STOP,19,-67.2785,19.8513,-87.1298,-0.090457,-0.086444,0.055992,10,False
momentum_top,TATAINVEST,2022-09-19,2022-09-20,264.3245,2022-09-21,245.8218,STOP,3,-55.5081,19.1653,-74.6734,-0.093963,-0.102229,0.0,2,False
momentum_top,KARURVYSYA,2022-09-19,2022-09-20,68.3978,2022-09-26,63.0567,GAP_STOP,14,-74.7752,19.821,-94.5962,-0.098572,-0.085082,0.008159,5,False
momentum_top,KIRLOSENG,2022-09-19,2022-09-20,237.6561,2022-09-26,221.0202,STOP,4,-66.5437,19.8085,-86.3522,-0.090639,-0.102956,0.009582,5,False
momentum_top,MAZDOCK,2022-09-19,2022-09-20,223.0092,2022-09-26,207.3985,STOP,4,-62.4426,19.5694,-82.012,-0.091737,-0.102542,0.003016,5,False
momentum_top,TARIL,2022-09-19,2022-09-20,25.7632,2022-09-26,23.9598,STOP,38,-68.5302,19.9243,-88.4545,-0.090154,-0.085106,0.121857,5,False
momentum_top,INDIACEM,2022-09-19,2022-09-20,297.0,2022-09-21,276.21,STOP,3,-62.37,19.5652,-81.9352,-0.091758,-0.104377,0.0,2,False
momentum_top,JKTYRE,2022-09-19,2022-09-20,176.2883,2022-09-23,163.9481,STOP,5,-61.7009,19.5262,-81.2271,-0.091952,-0.080099,0.0,4,False
momentum_top,ANANTRAJ,2022-09-19,2022-09-20,85.7717,2022-10-04,100.506,TARGET,11,162.0766,20.2439,141.8328,0.15,-0.068866,0.21412,11,False
momentum_top,IDFCFIRSTB,2022-09-19,2022-09-20,51.4798,2022-09-23,47.8762,STOP,19,-68.4681,19.9206,-88.3887,-0.090169,-0.070463,0.0,4,False
momentum_top,CEMPRO,2022-09-19,2022-09-20,108.9924,2022-10-12,114.7237,TIME,9,51.5811,20.177,31.4041,0.031945,-0.062557,0.105621,16,False
momentum_top,INOXWIND,2022-09-19,2022-09-20,35.5,2022-09-26,33.015,STOP,28,-69.58,19.9854,-89.5654,-0.08991,-0.091549,0.020422,5,False
momentum_top,HSCL,2022-09-19,2022-09-20,103.3279,2022-09-26,96.0949,STOP,9,-65.0965,19.7241,-84.8207,-0.091011,-0.073593,0.047138,5,False
momentum_top,PARADEEP,2022-09-19,2022-09-20,63.5476,2022-10-12,62.5258,TIME,15,-15.3273,19.9237,-35.251,-0.036901,-0.069678,0.067381,16,False
momentum_top,KALYANKJIL,2022-09-19,2022-09-20,97.3085,2022-09-22,90.4969,STOP,10,-68.1159,19.9001,-88.016,-0.090253,-0.070558,0.0,3,False
momentum_top,JSWENERGY,2022-09-19,2022-09-20,339.6405,2022-09-23,315.8656,STOP,2,-47.5497,18.7014,-66.2511,-0.097318,-0.086127,0.004191,4,False
momentum_top,TARIL,2022-09-26,2022-09-27,27.607,2022-10-11,25.6745,STOP,36,-69.5697,19.9848,-89.5546,-0.089912,-0.07852,0.118231,10,False
momentum_top,KARURVYSYA,2022-09-26,2022-09-27,64.372,2022-10-04,64.4916,MOMENTUM_FAIL,15,1.7935,20.0108,-18.2172,-0.018825,-0.048916,0.021053,6,False
momentum_top,KIRLOSENG,2022-09-26,2022-09-27,221.5701,2022-10-11,259.8744,TARGET,4,153.217,19.9843,133.2327,0.15,-0.013995,0.193965,10,False
momentum_top,TATAINVEST,2022-09-26,2022-09-27,222.3253,2022-10-04,226.8249,MOMENTUM_FAIL,4,17.9983,19.7217,-1.7234,-0.001934,-0.062607,0.040412,6,False
momentum_top,INOXWIND,2022-09-26,2022-09-27,35.475,2022-10-19,38.0125,TIME,28,71.0501,20.2688,50.7812,0.051012,-0.02396,0.12685,16,False
momentum_top,SCHNEIDER,2022-09-26,2022-09-27,173.85,2022-10-19,174.8,TIME,5,4.75,19.61,-14.8601,-0.017058,-0.03365,0.123957,16,False
momentum_top,MAZDOCK,2022-09-26,2022-09-27,204.4171,2022-10-03,240.0649,TARGET,4,142.5913,19.6729,122.9184,0.15,-0.000705,0.233842,5,False
momentum_top,HSCL,2022-09-26,2022-09-27,98.8051,2022-10-04,98.9045,MOMENTUM_FAIL,10,0.994,20.104,-19.11,-0.019299,-0.027666,0.016097,6,False
momentum_top,CEMPRO,2022-09-26,2022-09-27,106.3244,2022-10-19,120.5043,TIME,9,127.6189,20.2304,107.3885,0.111978,0.0,0.156134,16,False
momentum_top,JKTYRE,2022-09-26,2022-09-27,160.192,2022-10-04,166.7462,MOMENTUM_FAIL,6,39.325,20.0685,19.2566,0.019991,-0.043321,0.048736,6,False
momentum_top,ANANTRAJ,2022-09-26,2022-09-27,86.2681,2022-09-29,80.2293,STOP,11,-66.4264,19.8016,-86.2281,-0.090669,-0.074223,0.0,3,False
momentum_top,EIHOTEL,2022-09-26,2022-09-27,189.7465,2022-10-04,190.3367,MOMENTUM_FAIL,5,2.951,19.942,-16.991,-0.01787,-0.056247,0.044323,6,False
momentum_top,PARADEEP,2022-09-26,2022-09-27,61.2607,2022-10-19,60.3362,TIME,16,-14.7921,20.0386,-34.8307,-0.035458,-0.032565,0.092137,16,False
momentum_top,IDFCFIRSTB,2022-09-26,2022-09-27,47.0076,2022-10-12,55.0476,TARGET,21,168.8397,20.442,148.3976,0.15,-0.023256,0.172304,11,False
momentum_top,TARIL,2022-10-03,2022-10-04,29.5007,2022-10-04,27.4356,STOP,33,-68.1465,19.9019,-88.0484,-0.090246,0.0,0.0,1,False
momentum_top,MAZDOCK,2022-10-03,2022-10-04,249.8164,2022-10-07,293.8252,TARGET,3,132.0265,19.3633,112.6631,0.15,0.0,0.240289,3,False
momentum_top,INOXWIND,2022-10-03,2022-10-04,37.0,2022-10-27,37.6375,TIME,26,16.575,20.0257,-3.4507,-0.003579,-0.027027,0.080405,16,False
momentum_top,KARURVYSYA,2022-10-03,2022-10-04,64.4517,2022-10-12,65.9664,MOMENTUM_FAIL,15,22.7196,20.0584,2.6612,0.002747,0.0,0.048238,6,False
momentum_top,TATAINVEST,2022-10-03,2022-10-04,230.672,2022-10-27,229.0577,TIME,4,-6.457,19.8129,-26.2699,-0.028409,-0.050369,0.051207,16,False
momentum_top,SCHNEIDER,2022-10-03,2022-10-04,185.0,2022-10-12,172.05,STOP,5,-64.75,19.7039,-84.4539,-0.091102,-0.075676,0.050541,6,False
momentum_top,ANANTRAJ,2022-10-03,2022-10-04,95.3019,2022-10-27,109.2994,TIME,10,139.9746,20.2391,119.7355,0.125364,0.0,0.155208,16,False
momentum_top,TRITURBINE,2022-10-03,2022-10-04,256.2944,2022-10-12,260.5008,MOMENTUM_FAIL,3,12.6191,19.2023,-6.5832,-0.008543,-0.051527,0.028244,6,False
momentum_top,CEMPRO,2022-10-03,2022-10-04,109.8818,2022-10-27,120.0597,TIME,9,91.6011,20.2923,71.3088,0.071949,-0.007194,0.145684,16,False
momentum_top,COCHINSHIP,2022-10-03,2022-10-04,228.4769,2022-10-27,265.5451,TIME,4,148.2729,20.0908,128.182,0.139951,0.0,0.171992,16,False
momentum_top,INDIACEM,2022-10-03,2022-10-04,258.7,2022-10-12,240.591,STOP,3,-54.327,19.0964,-73.4234,-0.094399,-0.098377,0.091998,6,False
momentum_top,KALYANKJIL,2022-10-03,2022-10-04,95.0857,2022-10-27,101.5564,TIME,10,64.7076,20.0767,44.6309,0.046835,-0.018182,0.129351,16,False
momentum_top,EIHOTEL,2022-10-03,2022-10-04,194.7632,2022-10-12,179.91,MOMENTUM_FAIL,5,-74.2658,19.8907,-94.1565,-0.096477,-0.085606,0.005051,6,False
momentum_top,TEJASNET,2022-10-03,2022-10-04,687.8276,2022-10-27,685.8845,TIME,1,-1.9431,18.8304,-20.7734,-0.030136,-0.056642,0.119803,16,False
momentum_top,PARADEEP,2022-10-03,2022-10-04,60.4335,2022-10-27,60.7741,TIME,16,5.4497,20.0239,-14.5743,-0.01504,-0.009662,0.107085,16,False
momentum_top,GRSE,2022-10-03,2022-10-04,348.1767,2022-10-06,410.0786,TARGET,2,123.8038,19.1224,104.6814,0.15,0.0,0.187026,2,False
momentum_top,JKTYRE,2022-10-03,2022-10-04,156.6739,2022-10-27,162.6498,TIME,6,35.8554,19.9723,15.8831,0.016859,-0.019994,0.128883,16,False
momentum_top,MAZDOCK,2022-10-10,2022-10-11,302.1817,2022-10-11,281.029,STOP,3,-63.4582,19.6286,-83.0868,-0.091452,0.0,0.0,1,False
momentum_top,INOXWIND,2022-10-10,2022-10-11,39.5,2022-10-18,37.8875,MOMENTUM_FAIL,25,-40.3125,20.0176,-60.3301,-0.06096,-0.062975,0.0,6,False
momentum_top,KARURVYSYA,2022-10-10,2022-10-11,66.5643,2022-10-27,78.013,TARGET,14,160.2818,20.1913,140.0906,0.15,-0.016168,0.208383,12,False
momentum_top,KIRLOSENG,2022-10-10,2022-10-11,249.0424,2022-11-02,253.4999,TIME,4,17.8302,20.1726,-2.3424,-0.002346,-0.020039,0.133463,16,False
momentum_top,GRSE,2022-10-10,2022-10-11,436.1701,2022-11-02,475.0006,TIME,2,77.6611,19.7715,57.8895,0.066216,-0.068863,0.104011,16,False
momentum_top,TARIL,2022-10-10,2022-10-11,27.5323,2022-10-11,25.605,STOP,36,-69.3814,19.9739,-89.3552,-0.089955,0.0,0.0,1,False
momentum_top,TATAINVEST,2022-10-10,2022-10-11,235.2827,2022-10-18,229.1399,MOMENTUM_FAIL,4,-24.5713,19.8538,-44.4251,-0.047101,-0.068978,0.006532,6,False
momentum_top,SCHNEIDER,2022-10-10,2022-10-11,180.9,2022-10-18,176.05,MOMENTUM_FAIL,5,-24.25,19.6998,-43.9498,-0.048484,-0.054726,0.002764,6,False
momentum_top,ANANTRAJ,2022-10-10,2022-10-11,100.4145,2022-11-02,109.2001,TIME,9,79.0708,19.907,59.1638,0.065323,-0.035096,0.155709,16,False
momentum_top,COCHINSHIP,2022-10-10,2022-10-11,252.9836,2022-10-18,244.3565,MOMENTUM_FAIL,3,-25.8814,19.0819,-44.9633,-0.059115,-0.061364,0.046936,6,False
momentum_top,RITES,2022-10-10,2022-10-11,163.2601,2022-10-12,151.8319,STOP,6,-68.5692,19.9265,-88.4958,-0.090145,-0.098271,0.0,2,False
momentum_top,TRITURBINE,2022-10-10,2022-10-11,256.0988,2022-11-02,277.0817,TIME,3,62.9487,19.3023,43.6464,0.056685,-0.033422,0.166921,16,False
momentum_top,CEMPRO,2022-10-10,2022-10-11,112.8462,2022-11-02,118.281,TIME,8,43.4784,19.8304,23.648,0.026138,-0.009194,0.115587,16,False
momentum_top,INDIACEM,2022-10-10,2022-10-11,272.9,2022-10-11,253.797,STOP,3,-57.309,19.2702,-76.5792,-0.093334,0.0,0.0,1,False
momentum_top,KALYANKJIL,2022-10-10,2022-10-11,100.9637,2022-10-12,93.8962,STOP,9,-63.6071,19.6373,-83.2444,-0.091411,-0.075343,0.0,2,False
momentum_top,IDFCFIRSTB,2022-10-10,2022-10-11,53.6662,2022-10-18,56.0513,MOMENTUM_FAIL,18,42.933,20.0963,22.8367,0.023589,-0.024074,0.046296,6,False
momentum_top,JKTYRE,2022-10-10,2022-10-11,174.1678,2022-10-13,161.9761,STOP,5,-60.9587,19.483,-80.4417,-0.092171,-0.073603,0.0,3,False
momentum_top,PARADEEP,2022-10-10,2022-10-11,64.3748,2022-10-18,61.0174,MOMENTUM_FAIL,15,-50.3612,19.9047,-70.266,-0.072609,-0.058201,0.0,6,False
momentum_top,TEJASNET,2022-10-10,2022-10-11,761.7618,2022-10-11,708.4385,STOP,1,-53.3233,19.0379,-72.3613,-0.094785,0.0,0.0,1,False
momentum_top,MAZDOCK,2022-10-17,2022-10-18,300.5003,2022-11-02,352.3583,TARGET,3,155.5741,20.0533,135.5208,0.15,-0.017426,0.197442,11,False
momentum_top,KIRLOSENG,2022-10-17,2022-10-18,279.6639,2022-10-20,260.0874,STOP,3,-58.7294,19.353,-78.0824,-0.092864,-0.074844,0.0,3,False
momentum_top,INOXWIND,2022-10-17,2022-10-18,37.9875,2022-10-25,37.675,MOMENTUM_FAIL,26,-8.125,20.0839,-28.2089,-0.028499,-0.031918,0.028628,6,False
momentum_top,KARURVYSYA,2022-10-17,2022-10-18,68.8761,2022-10-31,80.6828,TARGET,14,165.2941,20.3381,144.9559,0.15,0.0,0.212384,9,False
momentum_top,TARIL,2022-10-17,2022-10-18,26.7848,2022-10-27,31.3643,TARGET,37,169.4403,20.4596,148.9807,0.15,-0.013953,0.231628,7,False
momentum_top,GRSE,2022-10-17,2022-10-18,424.6363,2022-11-03,498.3791,TARGET,2,147.4857,19.8163,127.6694,0.15,-0.020032,0.222273,12,False
momentum_top,ANANTRAJ,2022-10-17,2022-10-18,108.7038,2022-10-19,101.0945,STOP,9,-68.4834,19.9215,-88.4049,-0.090166,-0.091324,0.0,2,False
momentum_top,TRITURBINE,2022-10-17,2022-10-18,266.3213,2022-11-10,273.8536,TIME,3,22.597,19.3496,3.2474,0.004056,-0.032874,0.12213,16,False
momentum_top,TATAINVEST,2022-10-17,2022-10-18,233.4365,2022-10-25,232.0688,MOMENTUM_FAIL,4,-5.471,19.8616,-25.3325,-0.027071,-0.047578,0.014493,6,False
momentum_top,COCHINSHIP,2022-10-17,2022-10-18,250.3765,2022-10-25,256.9891,MOMENTUM_FAIL,3,19.8377,19.142,0.6957,0.000924,-0.030481,0.037486,6,False
momentum_top,RITES,2022-10-17,2022-10-18,166.256,2022-10-25,166.0607,MOMENTUM_FAIL,6,-1.1723,20.1397,-21.312,-0.021318,-0.057195,0.025333,6,False
momentum_top,SCHNEIDER,2022-10-17,2022-10-18,175.8,2022-10-25,173.5,MOMENTUM_FAIL,5,-11.5,19.6181,-31.1181,-0.035325,-0.032423,0.023891,6,False
momentum_top,KALYANKJIL,2022-10-17,2022-10-18,103.7298,2022-10-25,98.8891,MOMENTUM_FAIL,9,-43.5665,19.7832,-63.3497,-0.06771,-0.052381,0.031429,6,False
momentum_top,IDFCFIRSTB,2022-10-17,2022-10-18,55.8526,2022-10-25,56.1507,MOMENTUM_FAIL,17,5.0684,19.9495,-14.8811,-0.015638,-0.004448,0.039146,6,False
momentum_top,CEMPRO,2022-10-17,2022-10-18,117.8363,2022-11-10,109.5878,STOP,8,-65.9883,19.7761,-85.7644,-0.09078,-0.073375,0.085954,16,False
momentum_top,PARADEEP,2022-10-17,2022-10-18,61.7959,2022-10-25,60.3848,MOMENTUM_FAIL,16,-22.5774,20.0589,-42.6363,-0.043028,-0.031496,0.003937,6,False
momentum_top,DEEPAKFERT,2022-10-17,2022-10-18,940.0535,2022-11-02,874.2498,STOP,1,-65.8037,19.7653,-85.5691,-0.090827,-0.079755,0.08589,11,False
momentum_top,JKTYRE,2022-10-17,2022-10-18,164.8185,2022-10-25,162.8908,MOMENTUM_FAIL,6,-11.5662,20.0821,-31.6483,-0.031933,-0.068421,0.014327,6,False
momentum_top,MAZDOCK,2022-10-24,2022-10-25,308.235,2022-11-03,361.2909,TARGET,3,159.1676,20.1586,139.009,0.15,-0.039121,0.243688,7,False
momentum_top,TARIL,2022-10-24,2022-10-25,28.1303,2022-10-27,32.9428,TARGET,35,168.4371,20.4302,148.0068,0.15,0.0,0.172719,2,False
momentum_top,GRSE,2022-10-24,2022-10-25,422.3776,2022-11-03,495.7707,TARGET,2,146.7861,19.7958,126.9903,0.15,0.0,0.228809,7,False
momentum_top,INOXWIND,2022-10-24,2022-10-25,37.8625,2022-11-02,37.2,MOMENTUM_FAIL,26,-17.225,20.0516,-37.2766,-0.037784,-0.029383,0.026742,6,False
momentum_top,KIRLOSENG,2022-10-24,2022-10-25,257.9575,2022-11-02,253.4999,MOMENTUM_FAIL,3,-13.3727,19.1704,-32.5431,-0.041961,-0.042074,0.016905,6,False
momentum_top,TATAINVEST,2022-10-24,2022-10-25,228.7339,2022-11-02,227.5595,MOMENTUM_FAIL,4,-4.6977,19.7837,-24.4814,-0.026699,-0.037759,0.0303,6,False
momentum_top,SCHNEIDER,2022-10-24,2022-10-25,174.9,2022-11-09,162.657,STOP,5,-61.215,19.4979,-80.7129,-0.092095,-0.085192,0.080332,10,False
momentum_top,TRITURBINE,2022-10-24,2022-10-25,277.8153,2022-11-17,270.6254,TIME,3,-21.5698,19.4053,-40.9751,-0.049056,-0.048591,0.075704,16,False
momentum_top,IDFCFIRSTB,2022-10-24,2022-10-25,58.039,2022-11-02,55.0078,MOMENTUM_FAIL,17,-51.5294,19.9912,-71.5206,-0.072329,-0.056507,0.0,6,False
momentum_top,KALYANKJIL,2022-10-24,2022-10-25,102.3962,2022-11-02,100.5686,MOMENTUM_FAIL,9,-16.4485,19.7878,-36.2362,-0.039235,-0.033285,0.027014,6,False
momentum_top,COCHINSHIP,2022-10-24,2022-10-25,246.2289,2022-11-03,288.3519,TARGET,4,168.4921,20.4318,148.0603,0.15,0.0,0.187795,7,False
momentum_top,DEEPAKFERT,2022-10-24,2022-10-25,980.0394,2022-11-01,911.4366,STOP,1,-68.6028,19.9285,-88.5312,-0.090137,-0.097685,0.006277,5,False
momentum_top,KARURVYSYA,2022-10-24,2022-10-25,72.9417,2022-11-17,81.7505,TIME,13,114.5145,20.1671,94.3474,0.09928,0.0,0.15847,16,False
momentum_top,SUZLON,2022-10-24,2022-10-25,8.8,2022-10-27,8.184,STOP,113,-69.608,19.9871,-89.5951,-0.089903,-0.090909,0.0,2,False
momentum_top,CEMPRO,2022-10-24,2022-10-25,123.5182,2022-11-02,118.281,MOMENTUM_FAIL,8,-41.8974,20.0171,-61.9145,-0.062521,-0.0632,0.0,6,False
momentum_top,BEML,2022-10-24,2022-10-25,776.8986,2022-11-02,754.3029,MOMENTUM_FAIL,1,-22.5956,19.1644,-41.76,-0.053635,-0.03156,0.034131,6,False
momentum_top,JKTYRE,2022-10-24,2022-10-25,166.3125,2022-11-02,166.3124,MOMENTUM_FAIL,5,-0.0001,19.4412,-19.4414,-0.023328,-0.040858,0.036801,6,False
momentum_top,ETERNAL,2022-10-24,2022-10-25,62.7,2022-11-02,63.0,MOMENTUM_FAIL,15,4.5,19.9104,-15.4104,-0.01635,-0.009569,0.047847,6,False
momentum_top,TEJASNET,2022-10-24,2022-10-25,695.2509,2022-11-02,681.5004,MOMENTUM_FAIL,1,-13.7505,18.8377,-32.5882,-0.04677,-0.05052,0.001648,6,False
momentum_top,MAZDOCK,2022-10-31,2022-11-01,306.2172,2022-11-02,358.9606,TARGET,3,158.2302,20.1312,138.099,0.15,-0.001255,0.175086,2,False
momentum_top,TARIL,2022-10-31,2022-11-01,30.3976,2022-11-09,28.7033,MOMENTUM_FAIL,32,-54.2175,19.9269,-74.1444,-0.076057,-0.065574,0.009836,6,False
momentum_top,KARURVYSYA,2022-10-31,2022-11-01,83.2651,2022-11-02,77.4366,STOP,11,-64.1141,19.6669,-83.781,-0.091273,-0.071326,0.0,2,False
momentum_top,GRSE,2022-10-31,2022-11-01,431.5565,2022-11-03,506.3711,TARGET,2,149.6291,19.8791,129.75,0.15,0.0,0.202673,3,False
momentum_top,COCHINSHIP,2022-10-31,2022-11-01,255.9225,2022-11-11,300.877,TARGET,3,134.8634,19.4465,115.4169,0.15,0.0,0.212447,8,False
momentum_top,INOXWIND,2022-10-31,2022-11-01,37.2625,2022-11-09,36.1375,MOMENTUM_FAIL,26,-29.25,19.9613,-49.2113,-0.050684,-0.060047,0.043274,6,False
momentum_top,TATAINVEST,2022-10-31,2022-11-01,228.7001,2022-11-23,230.6237,TIME,4,7.6942,19.8084,-12.1142,-0.013214,-0.037616,0.070583,16,False
momentum_top,KIRLOSENG,2022-10-31,2022-11-01,255.8256,2022-11-16,300.7651,TARGET,3,134.8184,19.4452,115.3732,0.15,-0.017046,0.238257,11,False
momentum_top,KALYANKJIL,2022-10-31,2022-11-01,102.0504,2022-11-21,94.9069,STOP,9,-64.2917,19.6772,-83.969,-0.091225,-0.073088,0.060503,14,False
momentum_top,TRITURBINE,2022-10-31,2022-11-01,275.0763,2022-11-09,281.3858,MOMENTUM_FAIL,3,18.9285,19.453,-0.5245,-0.000634,-0.016714,0.048364,6,False
momentum_top,SCHNEIDER,2022-10-31,2022-11-01,175.0,2022-11-09,162.75,STOP,5,-61.25,19.4999,-80.7499,-0.092084,-0.085714,0.079714,6,False
momentum_top,ANANTRAJ,2022-10-31,2022-11-01,113.4192,2022-11-02,105.4799,STOP,8,-63.5148,19.6319,-83.1467,-0.091437,-0.121663,0.005252,2,False
momentum_top,RITES,2022-10-31,2022-11-01,167.1678,2022-11-23,169.2632,TIME,5,10.4771,19.4806,-9.0035,-0.010748,-0.064935,0.124676,16,False
momentum_top,JKTYRE,2022-10-31,2022-11-01,169.3004,2022-11-09,165.7823,MOMENTUM_FAIL,5,-17.5902,19.4685,-37.0587,-0.043683,-0.057785,0.001993,6,False
momentum_top,CEMPRO,2022-10-31,2022-11-01,120.2079,2022-11-10,111.7933,STOP,8,-67.3164,19.8535,-87.1699,-0.090447,-0.091656,0.064529,7,False
momentum_top,TEJASNET,2022-10-31,2022-11-01,687.429,2022-11-04,639.309,STOP,1,-48.12,18.7347,-66.8547,-0.097041,-0.074359,0.010581,4,False
momentum_top,INDIANB,2022-10-31,2022-11-01,230.8952,2022-11-23,249.5027,TIME,4,74.4296,19.9813,54.4483,0.058825,-0.054902,0.096078,16,False
momentum_top,AMBUJACEM,2022-10-31,2022-11-01,525.7628,2022-11-23,553.1811,TIME,1,27.4183,18.2058,9.2124,0.017484,0.0,0.109346,16,False
momentum_top,MAZDOCK,2022-11-07,2022-11-09,389.1371,2022-11-30,441.4838,TIME,2,104.6935,19.4294,85.2641,0.109316,-0.065854,0.153684,16,False
momentum_top,GRSE,2022-11-07,2022-11-09,496.9148,2022-11-10,462.1307,STOP,2,-69.5681,19.9847,-89.5528,-0.089912,-0.110155,0.0,2,False
momentum_top,KIRLOSENG,2022-11-07,2022-11-09,292.649,2022-11-09,272.1635,STOP,3,-61.4563,19.5119,-80.9682,-0.092023,0.0,0.0,1,False
momentum_top,RAINBOW,2022-11-07,2022-11-09,831.6132,2022-11-22,773.4003,STOP,1,-58.2129,19.3229,-77.5358,-0.093032,-0.101191,0.055298,10,False
momentum_top,COCHINSHIP,2022-11-07,2022-11-09,285.8331,2022-11-30,319.5936,TIME,3,101.2814,19.757,81.5245,0.094865,-0.069652,0.134992,16,False
momentum_top,TARIL,2022-11-07,2022-11-09,29.3262,2022-11-16,28.9774,MOMENTUM_FAIL,34,-11.86,20.116,-31.976,-0.031999,-0.055225,0.034834,6,False
momentum_top,KARURVYSYA,2022-11-07,2022-11-09,82.7469,2022-11-10,76.9547,STOP,12,-69.5074,19.9812,-89.4886,-0.089926,-0.100193,0.0,2,False
momentum_top,RVNL,2022-11-07,2022-11-09,49.798,2022-11-15,58.3082,TARGET,20,170.2027,20.482,149.7208,0.15,-0.061657,0.189788,5,False
momentum_top,TATAINVEST,2022-11-07,2022-11-09,232.1799,2022-11-16,228.8258,MOMENTUM_FAIL,4,-13.4166,19.8242,-33.2408,-0.035714,-0.021649,0.030204,6,False
momentum_top,ANANTRAJ,2022-11-07,2022-11-09,114.412,2022-11-16,112.5258,MOMENTUM_FAIL,8,-15.0895,19.7641,-34.8535,-0.037996,-0.027332,0.044252,6,False
momentum_top,RITES,2022-11-07,2022-11-09,178.1966,2022-11-10,165.7229,STOP,5,-62.3688,19.5651,-81.934,-0.091758,-0.091131,0.0,2,False
momentum_top,ACE,2022-11-07,2022-11-09,331.976,2022-11-16,320.4549,MOMENTUM_FAIL,3,-34.5633,20.0649,-54.6282,-0.054732,-0.066567,0.039641,6,False
momentum_top,UNIONBANK,2022-11-07,2022-11-09,52.4652,2022-11-17,61.4304,TARGET,19,170.3387,20.486,149.8528,0.15,0.0,0.196625,7,False
momentum_top,TRITURBINE,2022-11-07,2022-11-09,281.826,2022-11-16,279.3805,MOMENTUM_FAIL,3,-7.3366,19.4851,-26.8216,-0.031654,-0.062131,0.012669,6,False
momentum_top,CEMPRO,2022-11-07,2022-11-09,127.4213,2022-11-10,117.5893,GAP_STOP,7,-68.8242,19.5561,-88.3803,-0.098871,-0.143079,0.0,2,False
momentum_top,AMBUJACEM,2022-11-07,2022-11-09,560.1585,2022-11-16,567.2342,MOMENTUM_FAIL,1,7.0757,18.3096,-11.2339,-0.020011,-0.032456,0.041228,6,False
momentum_top,INDIANB,2022-11-07,2022-11-09,236.3281,2022-11-30,241.6704,TIME,4,21.3691,19.965,1.4041,0.001482,-0.015134,0.076054,16,False
momentum_top,KALYANKJIL,2022-11-07,2022-11-09,104.8165,2022-11-16,100.124,MOMENTUM_FAIL,9,-42.2329,19.8272,-62.0601,-0.065644,-0.054194,0.031103,6,False
momentum_top,BHEL,2022-11-07,2022-11-09,75.3792,2022-11-14,68.5986,GAP_STOP,13,-88.1486,19.8882,-108.0368,-0.110009,-0.093237,0.011162,4,False
momentum_top,MAZDOCK,2022-11-14,2022-11-15,385.7742,2022-12-05,453.4986,TARGET,2,135.4489,19.4636,115.9853,0.15,-0.057711,0.17923,15,False
momentum_top,COCHINSHIP,2022-11-14,2022-11-15,316.1702,2022-11-21,294.0383,STOP,3,-66.3957,19.7998,-86.1956,-0.090676,-0.089111,0.026087,5,False
momentum_top,RVNL,2022-11-14,2022-11-15,53.684,2022-11-24,62.8846,TARGET,18,165.6112,20.3474,145.2637,0.15,0.0,0.247543,8,False
momentum_top,ANANTRAJ,2022-11-14,2022-11-15,114.4616,2022-11-18,106.4493,STOP,8,-64.0985,19.6659,-83.7644,-0.091277,-0.089332,0.027754,4,False
momentum_top,KIRLOSENG,2022-11-14,2022-11-15,285.1389,2022-11-17,334.618,TARGET,3,148.4373,19.8442,128.593,0.15,-0.006797,0.181648,3,False
momentum_top,GRSE,2022-11-14,2022-11-15,447.848,2022-12-06,498.1642,TIME,2,100.6324,19.9169,80.7155,0.089918,0.0,0.149909,16,False
momentum_top,TARIL,2022-11-14,2022-11-15,28.7532,2022-11-22,28.4293,MOMENTUM_FAIL,34,-11.013,20.0355,-31.0485,-0.03169,-0.068458,0.031196,6,False
momentum_top,UNIONBANK,2022-11-14,2022-11-15,57.3354,2022-11-21,67.1537,TARGET,17,166.9104,20.3855,146.5249,0.15,-0.02471,0.183784,5,False
momentum_top,TATAINVEST,2022-11-14,2022-11-15,235.3697,2022-11-22,226.0903,MOMENTUM_FAIL,4,-37.1179,19.8298,-56.9476,-0.060355,-0.047228,0.0,6,False
momentum_top,KARURVYSYA,2022-11-14,2022-11-15,81.1127,2022-11-22,81.033,MOMENTUM_FAIL,12,-0.9566,20.038,-20.9945,-0.021522,-0.017199,0.035872,6,False
momentum_top,BANKINDIA,2022-11-14,2022-11-15,67.1454,2022-12-06,78.6841,TARGET,14,161.5419,20.2282,141.3137,0.15,-0.027815,0.256954,16,False
momentum_top,GODFRYPHLP,2022-11-14,2022-11-15,557.6052,2022-12-06,555.1147,TIME,1,-2.4906,18.2794,-20.7699,-0.037167,-0.028007,0.075903,16,False
momentum_top,BLS,2022-11-14,2022-11-15,174.3865,2022-12-06,179.0499,TIME,5,23.3172,19.6592,3.658,0.004186,-0.028712,0.095003,16,False
momentum_top,RBLBANK,2022-11-14,2022-11-15,142.1823,2022-11-22,138.9954,MOMENTUM_FAIL,7,-22.308,20.0871,-42.3951,-0.042503,-0.046897,0.02,6,False
momentum_top,AMBUJACEM,2022-11-14,2022-11-15,573.8185,2022-11-22,556.0801,MOMENTUM_FAIL,1,-17.7384,18.3168,-36.0552,-0.062697,-0.040075,0.016441,6,False
momentum_top,KALYANKJIL,2022-11-14,2022-11-15,101.5564,2022-11-22,90.0968,MOMENTUM_FAIL,9,-103.1372,19.5793,-122.7165,-0.133969,-0.121595,0.005837,6,False
momentum_top,INDIANB,2022-11-14,2022-11-15,238.637,2022-11-22,248.6877,MOMENTUM_FAIL,4,40.2028,20.0424,20.1604,0.021074,0.0,0.043445,6,False
momentum_top,ACE,2022-11-14,2022-11-15,344.4903,2022-11-16,320.376,STOP,2,-48.2286,18.741,-66.9696,-0.096989,-0.074528,0.0,2,False
momentum_top,MAZDOCK,2022-11-21,2022-11-22,372.1338,2022-11-23,437.7459,TARGET,2,131.2241,19.3398,111.8842,0.15,0.0,0.19282,2,False
momentum_top,RVNL,2022-11-21,2022-11-22,59.2971,2022-11-22,55.1463,STOP,16,-66.4127,19.8008,-86.2136,-0.090672,0.0,0.0,1,False
momentum_top,UNIONBANK,2022-11-21,2022-11-22,67.917,2022-12-09,79.5752,TARGET,14,163.2147,20.2772,142.9375,0.15,-0.027379,0.1897,14,False
momentum_top,COCHINSHIP,2022-11-21,2022-11-22,292.4277,2022-12-13,302.2257,TIME,3,29.3938,19.6941,9.6997,0.011032,-0.023511,0.125584,16,False
momentum_top,GRSE,2022-11-21,2022-11-22,454.6242,2022-12-09,533.0111,TARGET,2,156.7739,20.0885,136.6854,0.15,0.0,0.177167,14,False
momentum_top,KIRLOSENG,2022-11-21,2022-11-22,324.7241,2022-11-25,301.9934,STOP,3,-68.1921,19.9045,-88.0966,-0.090235,-0.07356,0.01134,4,False
momentum_top,MAHABANK,2022-11-21,2022-11-22,25.7653,2022-11-23,23.9617,STOP,38,-68.5357,19.9246,-88.4603,-0.090153,-0.075343,0.0,2,False
momentum_top,BLS,2022-11-21,2022-11-22,178.1909,2022-11-29,171.024,MOMENTUM_FAIL,5,-35.8346,19.619,-55.4536,-0.062105,-0.049449,0.019008,6,False
momentum_top,GODFRYPHLP,2022-11-21,2022-11-22,568.6014,2022-11-29,568.5856,MOMENTUM_FAIL,1,-0.0158,18.3309,-18.3467,-0.032196,-0.046805,0.021184,6,False
momentum_top,KARURVYSYA,2022-11-21,2022-11-22,82.1092,2022-11-29,79.3988,MOMENTUM_FAIL,12,-32.5248,20.0242,-52.549,-0.053216,-0.07233,0.018447,6,False
momentum_top,BANKINDIA,2022-11-21,2022-11-22,69.8135,2022-12-06,81.7653,TARGET,14,167.3265,20.3977,146.9288,0.15,-0.001911,0.208917,11,False
momentum_top,TATAINVEST,2022-11-21,2022-11-22,227.1535,2022-11-29,227.2599,MOMENTUM_FAIL,4,0.4253,19.7674,-19.3422,-0.021241,-0.006362,0.034,6,False
momentum_top,IRCON,2022-11-21,2022-11-22,54.6332,2022-12-13,59.362,TIME,18,85.1175,20.2557,64.8618,0.065813,-0.038656,0.121849,16,False
momentum_top,INDIANB,2022-11-21,2022-11-22,243.8435,2022-11-29,242.6211,MOMENTUM_FAIL,4,-4.8894,20.0385,-24.9279,-0.025502,-0.010026,0.042889,6,False
momentum_top,JSL,2022-11-21,2022-11-22,177.2355,2022-11-29,166.3174,MOMENTUM_FAIL,5,-54.5905,19.5607,-74.1512,-0.083493,-0.06547,0.0,6,False
momentum_top,J&KBANK,2022-11-21,2022-11-22,42.6038,2022-12-06,49.8957,TARGET,23,167.7136,20.409,147.3046,0.15,0.0,0.229821,11,False
momentum_top,PNB,2022-11-21,2022-11-22,44.0918,2022-12-06,51.6456,TARGET,22,166.1852,20.3642,145.8209,0.15,0.0,0.198537,11,False
momentum_top,RVNL,2022-11-28,2022-11-29,78.0074,2022-11-30,72.5468,STOP,12,-65.5262,19.7492,-85.2753,-0.090899,-0.088561,0.0,2,False
momentum_top,MAZDOCK,2022-11-28,2022-11-29,430.4315,2022-12-19,400.3013,STOP,2,-60.2604,19.4422,-79.7027,-0.092383,-0.079402,0.056885,15,False
momentum_top,UNIONBANK,2022-11-28,2022-11-29,70.2193,2022-12-13,82.234,TARGET,14,168.2063,20.4235,147.7828,0.15,0.0,0.190416,11,False
momentum_top,COCHINSHIP,2022-11-28,2022-11-29,313.7724,2022-12-06,307.7834,MOMENTUM_FAIL,3,-17.9667,19.8681,-37.8348,-0.040106,-0.022752,0.049015,6,False
momentum_top,UCOBANK,2022-11-28,2022-11-29,20.1829,2022-12-01,18.7701,STOP,49,-69.2272,19.9649,-89.1921,-0.089991,-0.078947,0.0,3,False
momentum_top,IRFC,2022-11-28,2022-11-29,32.118,2022-12-09,29.8698,STOP,31,-69.6961,19.9922,-89.6883,-0.089883,-0.097345,0.094395,9,False
momentum_top,GRSE,2022-11-28,2022-11-29,475.7694,2022-12-20,498.2123,TIME,2,44.8857,20.0392,24.8465,0.026055,-0.030303,0.124848,16,False
momentum_top,TARIL,2022-11-28,2022-11-29,31.1202,2022-12-06,28.6037,MOMENTUM_FAIL,32,-80.5288,19.9709,-100.4997,-0.100699,-0.085669,0.000801,6,False
momentum_top,GODFRYPHLP,2022-11-28,2022-11-29,549.8045,2022-12-12,650.9129,TARGET,1,101.1084,18.4574,82.651,0.15,-0.00037,0.196581,10,False
momentum_top,BANKINDIA,2022-11-28,2022-11-29,72.5704,2022-12-08,85.037,TARGET,13,162.0652,20.2435,141.8217,0.15,-0.01777,0.240196,8,False
momentum_top,IRCON,2022-11-28,2022-11-29,56.6533,2022-12-20,59.5456,TIME,17,49.1698,20.0968,29.0731,0.030121,-0.063209,0.081848,16,False
momentum_top,MAHABANK,2022-11-28,2022-11-29,24.2653,2022-12-13,28.4125,TARGET,41,170.0348,20.477,149.5577,0.15,-0.061818,0.221818,11,False
momentum_top,PNB,2022-11-28,2022-11-29,49.2519,2022-12-20,51.187,TIME,20,38.7013,20.1681,18.5332,0.018774,-0.047708,0.159963,16,False
momentum_top,KARURVYSYA,2022-11-28,2022-11-29,82.2686,2022-11-29,76.5098,STOP,12,-69.1057,19.9578,-89.0634,-0.090019,0.0,0.0,1,False
momentum_top,TATAINVEST,2022-11-28,2022-11-29,228.2893,2022-12-06,222.8376,MOMENTUM_FAIL,4,-21.8068,19.7414,-41.5482,-0.0454,-0.028242,0.007304,6,False
momentum_top,J&KBANK,2022-11-28,2022-11-29,44.5143,2022-12-06,52.1336,TARGET,22,167.6248,20.4064,147.2184,0.15,-0.0397,0.177039,6,False
momentum_top,KIRLOSENG,2022-11-28,2022-11-29,318.813,2022-12-20,313.5802,TIME,3,-15.6983,19.9366,-35.6349,-0.037177,-0.054407,0.094225,16,False
momentum_top,HBLENGINE,2022-11-28,2022-11-29,115.8562,2022-12-06,108.9098,MOMENTUM_FAIL,8,-55.5712,19.7304,-75.3017,-0.081068,-0.062955,0.0,6,False
momentum_top,RAILTEL,2022-11-28,2022-11-29,137.2676,2022-12-05,127.6588,STOP,7,-67.2611,19.8503,-87.1114,-0.090461,-0.083015,0.0,5,False
momentum_top,INDIANB,2022-11-28,2022-11-29,246.3335,2022-12-20,269.6494,TIME,4,93.2637,20.2804,72.9833,0.073908,-0.02812,0.124793,16,False
momentum_top,MAZDOCK,2022-12-05,2022-12-06,440.9737,2022-12-13,431.0874,MOMENTUM_FAIL,2,-19.7726,19.6137,-39.3863,-0.044561,-0.055635,0.011347,6,False
momentum_top,RVNL,2022-12-05,2022-12-06,67.6447,2022-12-23,62.9096,STOP,14,-66.2919,19.7938,-86.0856,-0.090703,-0.104255,0.07305,14,False
momentum_top,UNIONBANK,2022-12-05,2022-12-06,73.407,2022-12-22,68.2685,STOP,13,-66.8004,19.8234,-86.6238,-0.090575,-0.092883,0.162847,13,False
momentum_top,COCHINSHIP,2022-12-05,2022-12-06,318.1323,2022-12-08,295.8631,STOP,3,-66.8078,19.8239,-86.6316,-0.090573,-0.08878,0.0,3,False
momentum_top,BANKINDIA,2022-12-05,2022-12-06,77.8175,2022-12-09,91.199,TARGET,12,160.5778,20.1999,140.3778,0.15,0.0,0.175428,4,False
momentum_top,UCOBANK,2022-12-05,2022-12-06,19.7,2022-12-08,23.0701,TARGET,50,168.5054,20.4322,148.0732,0.15,0.0,0.17402,3,False
momentum_top,J&KBANK,2022-12-05,2022-12-06,49.3383,2022-12-08,57.7772,TARGET,20,168.7787,20.4402,148.3385,0.15,0.0,0.200387,3,False
momentum_top,GODFRYPHLP,2022-12-05,2022-12-06,555.6629,2022-12-12,657.6785,TARGET,1,102.0156,18.484,83.5317,0.15,0.0,0.183966,5,False
momentum_top,IRFC,2022-12-05,2022-12-06,31.5022,2022-12-09,29.297,STOP,31,-68.3597,19.9143,-88.274,-0.090195,-0.079699,0.01203,4,False
momentum_top,MAHABANK,2022-12-05,2022-12-06,24.3976,2022-12-13,28.5751,TARGET,40,167.0968,20.391,146.7058,0.15,-0.016275,0.21519,6,False
momentum_top,IRCON,2022-12-05,2022-12-06,57.0206,2022-12-21,53.0291,STOP,17,-67.8545,19.8849,-87.7393,-0.090316,-0.072464,0.074879,12,False
momentum_top,INDIANB,2022-12-05,2022-12-06,258.3763,2022-12-23,240.29,STOP,3,-54.259,19.0925,-73.3515,-0.094425,-0.104608,0.072367,14,False
momentum_top,GRSE,2022-12-05,2022-12-06,493.0702,2022-12-22,458.5552,STOP,2,-69.0298,19.9534,-88.9832,-0.090037,-0.138401,0.08538,13,False
momentum_top,PNB,2022-12-05,2022-12-06,50.8184,2022-12-23,47.2611,STOP,19,-67.5885,19.8694,-87.4578,-0.090381,-0.106074,0.124207,14,False
momentum_top,BLS,2022-12-05,2022-12-06,182.118,2022-12-23,163.3171,GAP_STOP,5,-94.0044,19.5835,-113.5879,-0.124469,-0.168733,0.126145,14,False
momentum_top,TARIL,2022-12-05,2022-12-06,29.6502,2022-12-12,27.5746,STOP,33,-68.4919,19.922,-88.4139,-0.090164,-0.092437,0.0,5,False
momentum_top,IIFL,2022-12-05,2022-12-06,465.0209,2022-12-23,432.4695,STOP,2,-65.1029,19.7245,-84.8274,-0.091009,-0.088068,0.094171,14,False
momentum_top,BHEL,2022-12-05,2022-12-06,86.4659,2022-12-13,84.7831,MOMENTUM_FAIL,11,-18.5107,19.9084,-38.4191,-0.040305,-0.037779,0.026331,6,False
momentum_top,KIRLOSENG,2022-12-05,2022-12-06,330.296,2022-12-13,325.6447,MOMENTUM_FAIL,3,-13.9541,20.0856,-34.0397,-0.034278,-0.049142,0.023764,6,False
momentum_top,MAZDOCK,2022-12-12,2022-12-13,431.1603,2022-12-16,400.9791,STOP,2,-60.3624,19.4482,-79.8106,-0.092351,-0.070141,0.010366,4,False
momentum_top,RVNL,2022-12-12,2022-12-13,69.4678,2022-12-20,70.5712,MOMENTUM_FAIL,14,15.4479,20.068,-4.6201,-0.00474,-0.051795,0.027624,6,False
momentum_top,UCOBANK,2022-12-12,2022-12-13,23.6593,2022-12-13,27.7034,TARGET,42,169.8513,20.4717,149.3797,0.15,0.0,0.0,1,False
momentum_top,UNIONBANK,2022-12-12,2022-12-13,78.0116,2022-12-21,72.5508,STOP,12,-65.5297,19.7494,-85.2791,-0.090898,-0.090806,0.094211,7,False
momentum_top,BANKINDIA,2022-12-12,2022-12-13,87.6003,2022-12-16,81.4683,STOP,11,-67.4522,19.8614,-87.3137,-0.090414,-0.080203,0.050761,4,False
momentum_top,J&KBANK,2022-12-12,2022-12-13,57.6967,2022-12-15,53.6579,STOP,17,-68.659,19.9318,-88.5908,-0.090124,-0.072848,0.037252,3,False
momentum_top,GODFRYPHLP,2022-12-12,2022-12-13,636.3477,2022-12-16,591.8034,STOP,1,-44.5443,18.5262,-63.0706,-0.098897,-0.077612,0.0,4,False
momentum_top,COCHINSHIP,2022-12-12,2022-12-13,294.5119,2022-12-20,298.1292,MOMENTUM_FAIL,3,10.8519,19.6828,-8.8309,-0.009973,-0.008948,0.040264,6,False
momentum_top,CENTRALBK,2022-12-12,2022-12-13,32.722,2022-12-13,38.3216,TARGET,30,167.9882,20.4171,147.5711,0.15,0.0,0.0,1,False
momentum_top,GRSE,2022-12-12,2022-12-13,519.0213,2022-12-15,482.6898,STOP,1,-36.3315,18.0476,-54.3791,-0.104544,-0.075556,0.002222,3,False
momentum_top,IRFC,2022-12-12,2022-12-13,32.1654,2022-12-16,29.9138,STOP,31,-69.7989,19.9982,-89.7971,-0.089859,-0.070692,0.004418,4,False
momentum_top,JSL,2022-12-12,2022-12-13,210.2836,2022-12-20,208.472,MOMENTUM_FAIL,4,-7.246,19.4669,-26.7129,-0.031689,-0.015599,0.047264,6,False
momentum_top,IRCON,2022-12-12,2022-12-13,58.1683,2022-12-20,59.5456,MOMENTUM_FAIL,17,23.4143,20.1531,3.2612,0.003291,-0.065509,0.045778,6,False
momentum_top,MAHABANK,2022-12-12,2022-12-13,26.383,2022-12-14,30.9002,TARGET,37,167.1378,20.3922,146.7456,0.15,0.0,0.210702,2,False
momentum_top,PNB,2022-12-12,2022-12-13,54.1817,2022-12-20,50.389,STOP,18,-68.269,19.909,-88.178,-0.090217,-0.076531,0.054422,6,False
momentum_top,TARIL,2022-12-12,2022-12-13,28.6784,2022-12-22,26.6709,STOP,34,-68.2547,19.9082,-88.1629,-0.09022,-0.095569,0.111208,8,False
momentum_top,GRAVITA,2022-12-12,2022-12-13,453.6038,2022-12-15,421.8515,STOP,2,-63.5045,19.6313,-83.1359,-0.091439,-0.074191,0.0,3,False
momentum_top,IIFL,2022-12-12,2022-12-13,488.3111,2022-12-20,500.7881,MOMENTUM_FAIL,2,24.9538,20.1046,4.8493,0.004955,-0.038577,0.038076,6,False
momentum_top,FACT,2022-12-12,2022-12-13,181.4014,2022-12-15,212.6868,TARGET,5,156.4268,20.0783,136.3485,0.15,0.0,0.23022,3,False
momentum_top,IOB,2022-12-12,2022-12-13,27.4,2022-12-14,32.0867,TARGET,36,168.7221,20.4386,148.2835,0.15,0.0,0.226277,2,False
momentum_top,UCOBANK,2022-12-19,2022-12-20,31.8677,2022-12-20,29.6369,STOP,31,-69.1529,19.9605,-89.1134,-0.090008,0.0,0.0,1,False
momentum_top,FACT,2022-12-19,2022-12-20,259.1449,2022-12-21,304.5984,TARGET,3,136.3605,19.4903,116.8701,0.15,0.0,0.215385,2,False
momentum_top,RVNL,2022-12-19,2022-12-20,67.6447,2022-12-23,62.9096,STOP,14,-66.2918,19.7938,-86.0856,-0.090703,-0.104255,0.07305,4,False
momentum_top,MAZDOCK,2022-12-19,2022-12-20,408.8613,2022-12-23,380.241,STOP,2,-57.2406,19.2662,-76.5068,-0.093357,-0.178945,0.062025,4,False
momentum_top,UNIONBANK,2022-12-19,2022-12-20,75.3551,2022-12-22,70.0802,STOP,13,-68.5731,19.9268,-88.4999,-0.090144,-0.116334,0.024677,3,False
momentum_top,MAHABANK,2022-12-19,2022-12-20,29.8684,2022-12-21,27.7776,STOP,33,-68.9959,19.9514,-88.9473,-0.090045,-0.138848,0.016248,2,False
momentum_top,GODFRYPHLP,2022-12-19,2022-12-20,617.1596,2022-12-22,573.9584,STOP,1,-43.2012,18.448,-61.6491,-0.099674,-0.088274,0.047462,3,False
momentum_top,IOB,2022-12-19,2022-12-20,32.8,2022-12-20,30.504,STOP,30,-68.88,19.9446,-88.8246,-0.090072,0.0,0.0,1,False
momentum_top,J&KBANK,2022-12-19,2022-12-20,52.3473,2022-12-22,48.683,STOP,19,-69.6219,19.9879,-89.6098,-0.0899,-0.100365,0.054745,3,False
momentum_top,BANKINDIA,2022-12-19,2022-12-20,80.7524,2022-12-22,75.0997,STOP,12,-67.832,19.8836,-87.7156,-0.090322,-0.106278,0.034692,3,False
momentum_top,CENTRALBK,2022-12-19,2022-12-20,34.6979,2022-12-21,32.269,STOP,28,-68.0079,19.8938,-87.9017,-0.090279,-0.080556,0.059722,2,False
momentum_top,HUDCO,2022-12-19,2022-12-20,50.681,2022-12-21,47.1333,STOP,19,-67.4057,19.8587,-87.2644,-0.090425,-0.132124,0.0,2,False
momentum_top,IRFC,2022-12-19,2022-12-20,31.218,2022-12-23,29.0327,STOP,31,-67.743,19.8784,-87.6213,-0.090343,-0.163885,0.107739,4,False
momentum_top,JSL,2022-12-19,2022-12-20,211.4586,2023-01-02,248.1969,TARGET,4,146.9533,19.8007,127.1525,0.15,-0.061125,0.180829,10,False
momentum_top,IRCON,2022-12-19,2022-12-20,57.6633,2022-12-21,53.6269,STOP,17,-68.6193,19.9294,-88.5488,-0.090133,-0.082802,0.041401,2,False
momentum_top,NIACL,2022-12-19,2022-12-20,128.5698,2022-12-21,119.5699,STOP,7,-62.9992,19.6019,-82.6011,-0.09158,-0.108037,0.017944,2,False
momentum_top,IFCI,2022-12-19,2022-12-20,15.8,2022-12-21,14.694,STOP,63,-69.678,19.9911,-89.6691,-0.089887,-0.161392,0.0,2,False
momentum_top,SUZLON,2022-12-19,2022-12-20,11.75,2022-12-21,10.9275,STOP,84,-69.09,19.9569,-89.0469,-0.090023,-0.157447,0.004255,2,False
momentum_top,GICRE,2022-12-19,2022-12-20,164.9076,2022-12-21,153.364,STOP,6,-69.2612,19.9669,-89.228,-0.089983,-0.111856,0.021459,2,False
momentum_top,UCOBANK,2022-12-26,2022-12-27,31.3848,2023-01-03,31.6745,MOMENTUM_FAIL,31,8.981,20.0564,-11.0755,-0.011359,-0.06,0.038462,6,False
momentum_top,J&KBANK,2022-12-26,2022-12-27,53.8757,2023-01-17,53.6369,TIME,18,-4.2987,20.016,-24.3147,-0.025018,-0.060284,0.057624,16,False
momentum_top,RVNL,2022-12-26,2022-12-27,61.8398,2023-01-12,72.4143,TARGET,16,169.1923,20.4524,148.7399,0.15,0.0,0.176106,13,False
momentum_top,BANKINDIA,2022-12-26,2022-12-27,79.3739,2023-01-17,83.0647,TIME,12,44.2894,20.042,24.2474,0.025401,-0.055462,0.135014,16,False
momentum_top,MAZDOCK,2022-12-26,2022-12-27,399.8252,2023-01-03,405.2421,MOMENTUM_FAIL,2,10.8337,19.3285,-8.4949,-0.0106,-0.055893,0.02582,6,False
momentum_top,JSL,2022-12-26,2022-12-27,217.8234,2023-01-17,238.9742,TIME,4,84.603,19.7813,64.8217,0.074235,-0.024275,0.146325,16,False
momentum_top,GODFRYPHLP,2022-12-26,2022-12-27,576.1201,2023-01-17,604.3934,TIME,1,28.2733,18.4202,9.8531,0.017065,-0.032083,0.16857,16,False
momentum_top,SHRIPISTON,2022-12-26,2022-12-27,544.8491,2023-01-04,645.1901,TARGET,1,100.341,18.4349,81.906,0.15,-0.069892,0.193772,7,False
momentum_top,INDIANB,2022-12-26,2022-12-27,264.3977,2023-01-03,268.7439,MOMENTUM_FAIL,3,13.0387,19.3058,-6.2671,-0.007884,-0.068151,0.02637,6,False
momentum_top,PNB,2022-12-26,2022-12-27,50.3116,2023-01-17,53.2142,TIME,19,55.1494,20.0786,35.0707,0.036608,-0.021978,0.088828,16,False
momentum_top,CANBK,2022-12-26,2022-12-27,54.0275,2023-01-17,55.9443,TIME,18,34.5013,20.1066,14.3947,0.01477,-0.01053,0.107079,16,False
momentum_top,RBLBANK,2022-12-26,2022-12-27,157.381,2023-01-06,184.4144,TARGET,6,162.2001,20.2475,141.9526,0.15,0.0,0.179439,9,False
momentum_top,IRB,2022-12-26,2022-12-27,13.8643,2023-01-17,15.0754,TIME,71,85.9886,20.2615,65.7271,0.066626,0.0,0.140895,16,False
momentum_top,HUDCO,2022-12-26,2022-12-27,43.941,2023-01-17,44.2474,TIME,22,6.7398,20.0256,-13.2858,-0.013713,-0.00996,0.092629,16,False
momentum_top,FACT,2023-01-02,2023-01-03,338.8817,2023-01-16,315.16,STOP,2,-47.4434,18.6952,-66.1387,-0.097371,-0.102206,0.129412,10,False
momentum_top,UCOBANK,2023-01-02,2023-01-03,30.4674,2023-01-10,28.3347,STOP,32,-68.247,19.9077,-88.1548,-0.090222,-0.071315,0.058637,6,False
momentum_top,J&KBANK,2023-01-02,2023-01-03,54.2578,2023-01-10,52.1563,MOMENTUM_FAIL,18,-37.8277,19.9768,-57.8044,-0.059058,-0.047535,0.027289,6,False
momentum_top,JSL,2023-01-02,2023-01-03,248.0318,2023-01-05,230.6696,STOP,4,-69.4489,19.9778,-89.4267,-0.08994,-0.075997,0.0,3,False
momentum_top,RVNL,2023-01-02,2023-01-03,66.3974,2023-01-16,78.0073,TARGET,15,174.1495,20.49,153.6595,0.153946,0.0,0.181359,10,False
momentum_top,BANKINDIA,2023-01-02,2023-01-03,82.0864,2023-01-10,81.6862,MOMENTUM_FAIL,12,-4.8025,20.0795,-24.882,-0.025205,-0.014626,0.040087,6,False
momentum_top,UNIONBANK,2023-01-02,2023-01-03,72.3444,2023-01-10,70.0422,MOMENTUM_FAIL,13,-29.9294,19.8402,-49.7696,-0.052804,-0.041615,0.017136,6,False
momentum_top,IOB,2023-01-02,2023-01-03,32.05,2023-01-10,29.65,MOMENTUM_FAIL,31,-74.4,19.9737,-94.3737,-0.094779,-0.082683,0.017161,6,False
momentum_top,MAHABANK,2023-01-02,2023-01-03,27.1771,2023-01-24,26.1624,TIME,36,-36.5303,19.9868,-56.517,-0.05764,-0.058442,0.118506,16,False
momentum_top,GODFRYPHLP,2023-01-02,2023-01-03,624.9916,2023-01-24,602.9837,TIME,1,-22.0079,18.5242,-40.5321,-0.064711,-0.059649,0.077193,16,False
momentum_top,CENTRALBK,2023-01-02,2023-01-03,31.2763,2023-01-10,29.0595,MOMENTUM_FAIL,31,-68.721,19.884,-88.6051,-0.091187,-0.078582,0.016949,6,False
momentum_top,IRFC,2023-01-02,2023-01-03,31.2653,2023-01-10,30.46,MOMENTUM_FAIL,31,-24.9651,19.9717,-44.9368,-0.046262,-0.028788,0.048485,6,False
momentum_top,PNB,2023-01-02,2023-01-03,52.9378,2023-01-10,50.7723,MOMENTUM_FAIL,18,-38.9777,19.8741,-58.8518,-0.061627,-0.048738,0.015666,6,False
momentum_top,RBLBANK,2023-01-02,2023-01-03,177.7278,2023-01-10,176.9924,MOMENTUM_FAIL,5,-3.6772,19.6747,-23.3519,-0.026221,-0.016,0.044414,6,False
momentum_top,CANBK,2023-01-02,2023-01-03,58.9901,2023-01-10,55.5417,MOMENTUM_FAIL,16,-55.1742,19.803,-74.9771,-0.079265,-0.068249,0.004451,6,False
momentum_top,NIACL,2023-01-02,2023-01-03,126.0705,2023-01-19,117.2456,STOP,7,-61.7745,19.5305,-81.305,-0.09193,-0.072817,0.06748,13,False
momentum_top,HUDCO,2023-01-02,2023-01-03,46.8296,2023-01-10,44.4662,MOMENTUM_FAIL,21,-49.6308,19.9814,-69.6121,-0.070631,-0.056075,0.0,6,False
momentum_top,GICRE,2023-01-02,2023-01-03,167.4289,2023-01-19,155.7089,STOP,5,-58.6001,19.3455,-77.9456,-0.092906,-0.070013,0.077939,13,False
momentum_top,INDIANB,2023-01-02,2023-01-03,269.6947,2023-01-10,261.6813,MOMENTUM_FAIL,3,-24.0402,19.2974,-43.3376,-0.053447,-0.03626,0.007218,6,False
momentum_top,FACT,2023-01-09,2023-01-10,343.8653,2023-01-13,319.7947,STOP,2,-48.1411,18.7359,-66.877,-0.097031,-0.074928,0.01971,4,False
momentum_top,UCOBANK,2023-01-09,2023-01-10,29.6466,2023-01-27,27.5713,STOP,33,-68.4836,19.9215,-88.4052,-0.090166,-0.099349,0.078176,13,False
momentum_top,BANKINDIA,2023-01-09,2023-01-10,84.9323,2023-01-19,78.987,STOP,11,-65.3979,19.7417,-85.1395,-0.090932,-0.070157,0.060733,8,False
momentum_top,J&KBANK,2023-01-09,2023-01-10,54.3533,2023-01-17,53.6369,MOMENTUM_FAIL,18,-12.8959,20.0348,-32.9307,-0.033586,-0.068541,0.04833,6,False
momentum_top,RVNL,2023-01-09,2023-01-10,69.2759,2023-02-01,69.7077,TIME,14,6.0451,20.0375,-13.9924,-0.014396,-0.025623,0.132272,16,False
momentum_top,UNIONBANK,2023-01-09,2023-01-10,72.0788,2023-01-17,72.1231,MOMENTUM_FAIL,13,0.5756,19.8877,-19.3121,-0.020565,-0.049754,0.029484,6,False
momentum_top,JSL,2023-01-09,2023-01-10,235.547,2023-01-17,238.9742,MOMENTUM_FAIL,4,13.7088,19.9363,-6.2275,-0.006595,-0.039701,0.022241,6,False
momentum_top,IOB,2023-01-09,2023-01-10,30.55,2023-01-25,28.4115,STOP,32,-68.432,19.9185,-88.3505,-0.090178,-0.072013,0.08347,12,False
momentum_top,MAHABANK,2023-01-09,2023-01-10,27.2654,2023-01-27,25.3568,STOP,36,-68.7087,19.9347,-88.6433,-0.090112,-0.126213,0.114887,13,False
momentum_top,SHRIPISTON,2023-01-09,2023-01-10,624.9653,2023-01-19,581.2178,STOP,1,-43.7476,18.4798,-62.2274,-0.099352,-0.078119,0.058511,8,False
momentum_top,GODFRYPHLP,2023-01-09,2023-01-10,661.7548,2023-01-16,615.4319,STOP,1,-46.3228,18.6299,-64.9527,-0.097938,-0.087533,0.0,5,False
momentum_top,CENTRALBK,2023-01-09,2023-01-10,30.0233,2023-01-27,27.9217,STOP,33,-69.3539,19.9723,-89.3261,-0.089962,-0.091493,0.072231,13,False
momentum_top,PFC,2023-01-09,2023-01-10,107.4649,2023-01-12,99.9424,STOP,9,-67.7029,19.876,-87.5789,-0.090353,-0.079062,0.0,3,False
momentum_top,PNB,2023-01-09,2023-01-10,52.431,2023-01-17,53.2142,MOMENTUM_FAIL,19,14.8816,20.1667,-5.2851,-0.005294,-0.040422,0.044816,6,False
momentum_top,IRFC,2023-01-09,2023-01-10,31.1232,2023-01-17,30.9811,MOMENTUM_FAIL,32,-4.5476,20.1261,-24.6737,-0.02472,-0.035008,0.042618,6,False
momentum_top,NIACL,2023-01-09,2023-01-10,124.4844,2023-01-17,120.4952,MOMENTUM_FAIL,8,-31.9142,20.0701,-51.9842,-0.052086,-0.037066,0.030888,6,False
momentum_top,GICRE,2023-01-09,2023-01-10,164.8191,2023-01-17,157.83,MOMENTUM_FAIL,6,-41.9348,20.0203,-61.955,-0.062513,-0.053945,0.027107,6,False
momentum_top,RBLBANK,2023-01-09,2023-01-10,182.1894,2023-01-17,168.5595,MOMENTUM_FAIL,5,-68.1494,19.6377,-87.7871,-0.096159,-0.086114,0.0,6,False
momentum_top,INDIANB,2023-01-09,2023-01-10,268.427,2023-01-17,260.4589,MOMENTUM_FAIL,3,-23.9046,19.2816,-43.1861,-0.053512,-0.049924,0.0,6,False
momentum_top,SWANCORP,2023-01-09,2023-01-10,322.1094,2023-01-23,377.3139,TARGET,3,165.6136,20.3475,145.2661,0.15,-0.021085,0.175194,10,False
momentum_top,UCOBANK,2023-01-16,2023-01-17,31.6745,2023-01-19,29.4573,STOP,31,-68.7337,19.9361,-88.6699,-0.090106,-0.070122,0.0,3,False
momentum_top,FACT,2023-01-16,2023-01-17,303.9968,2023-01-30,282.7171,STOP,3,-63.8393,19.6508,-83.4902,-0.091347,-0.075082,0.151967,9,False
momentum_top,RVNL,2023-01-16,2023-01-17,73.6896,2023-01-24,72.3943,MOMENTUM_FAIL,13,-16.8394,19.9407,-36.78,-0.03831,-0.020182,0.039714,6,False
momentum_top,BANKINDIA,2023-01-16,2023-01-17,87.9561,2023-01-17,81.7991,STOP,11,-67.7262,19.8774,-87.6036,-0.090347,0.0,0.0,1,False
momentum_top,JSL,2023-01-16,2023-01-17,239.5617,2023-02-08,257.2852,TIME,4,70.8943,20.1205,50.7738,0.052871,-0.059064,0.114245,16,False
momentum_top,J&KBANK,2023-01-16,2023-01-17,55.213,2023-01-24,53.2548,MOMENTUM_FAIL,18,-35.2484,20.0546,-55.303,-0.055525,-0.065744,0.0,6,False
momentum_top,IOB,2023-01-16,2023-01-17,32.6,2023-01-23,30.318,STOP,30,-68.46,19.9202,-88.3802,-0.090171,-0.079755,0.0,5,False
momentum_top,UNIONBANK,2023-01-16,2023-01-17,73.9383,2023-01-24,71.4147,MOMENTUM_FAIL,13,-32.8074,19.9218,-52.7292,-0.054738,-0.038922,0.0,6,False
momentum_top,MAHABANK,2023-01-16,2023-01-17,29.4713,2023-01-20,27.4083,STOP,33,-68.0787,19.8979,-87.9766,-0.090262,-0.071856,0.0,4,False
momentum_top,IRFC,2023-01-16,2023-01-17,31.3127,2023-01-24,30.8863,MOMENTUM_FAIL,31,-13.2167,20.0018,-33.2185,-0.034147,-0.019667,0.033283,6,False
momentum_top,SWANCORP,2023-01-16,2023-01-17,323.0582,2023-01-23,378.4097,TARGET,3,166.0545,20.3604,145.694,0.15,0.0,0.171742,5,False
momentum_top,IRCON,2023-01-16,2023-01-17,57.0206,2023-01-24,55.2301,MOMENTUM_FAIL,17,-30.4385,19.9611,-50.3996,-0.05188,-0.040258,0.011272,6,False
momentum_top,GPIL,2023-01-16,2023-01-17,398.1295,2023-01-24,393.8031,MOMENTUM_FAIL,2,-8.6529,19.2745,-27.9274,-0.034997,-0.028155,0.024944,6,False
momentum_top,NIACL,2023-01-16,2023-01-17,123.8596,2023-01-24,121.3603,MOMENTUM_FAIL,8,-19.9945,20.0732,-40.0677,-0.040348,-0.056267,0.002716,6,False
momentum_top,GICRE,2023-01-16,2023-01-17,161.6342,2023-01-24,162.9612,MOMENTUM_FAIL,6,7.9622,20.0412,-12.0789,-0.012428,-0.060208,0.01642,6,False
momentum_top,HUDCO,2023-01-16,2023-01-17,44.8601,2023-01-24,42.7593,MOMENTUM_FAIL,22,-46.2167,20.0031,-66.2199,-0.066951,-0.053658,0.006829,6,False
momentum_top,PFC,2023-01-16,2023-01-17,101.4201,2023-01-24,100.3118,MOMENTUM_FAIL,9,-9.9742,19.7639,-29.738,-0.032509,-0.014239,0.011589,6,False
momentum_top,PNB,2023-01-16,2023-01-17,54.5503,2023-01-24,51.1409,MOMENTUM_FAIL,18,-61.3691,19.9511,-81.3202,-0.082638,-0.065878,0.0,6,False
momentum_top,FACT,2023-01-23,2023-01-24,330.31,2023-01-27,307.1883,STOP,3,-69.3651,19.9729,-89.338,-0.089959,-0.105462,0.0,3,False
momentum_top,UCOBANK,2023-01-23,2023-01-24,29.6466,2023-01-27,27.5713,STOP,33,-68.4836,19.9215,-88.4052,-0.090166,-0.099349,0.001629,3,False
momentum_top,RVNL,2023-01-23,2023-01-24,73.0179,2023-02-01,69.7077,MOMENTUM_FAIL,13,-43.0334,19.8505,-62.8839,-0.066102,-0.061761,0.044021,6,False
momentum_top,JSL,2023-01-23,2023-01-24,249.9412,2023-01-27,232.4454,STOP,3,-52.4877,18.9892,-71.4769,-0.095117,-0.098139,0.030167,3,False
momentum_top,SWANCORP,2023-01-23,2023-01-24,351.5736,2023-01-30,326.9635,STOP,2,-49.2203,18.7988,-68.0191,-0.096524,-0.085085,0.032386,4,False
momentum_top,IOB,2023-01-23,2023-01-24,30.3,2023-01-27,28.179,STOP,32,-67.872,19.8859,-87.7579,-0.090312,-0.120462,0.0,3,False
momentum_top,SHRIPISTON,2023-01-23,2023-01-24,583.4182,2023-02-15,584.7852,TIME,1,1.367,18.3962,-17.0292,-0.029125,-0.061088,0.137238,16,False
momentum_top,GPIL,2023-01-23,2023-01-24,404.1275,2023-01-27,375.8386,STOP,2,-56.5778,19.2276,-75.8055,-0.093584,-0.105353,0.0,3,False
momentum_top,UNIONBANK,2023-01-23,2023-01-24,72.433,2023-01-27,67.3627,STOP,13,-65.914,19.7718,-85.6858,-0.090799,-0.115526,0.0,3,False
momentum_top,IRFC,2023-01-23,2023-01-24,31.1706,2023-01-27,28.9886,STOP,32,-69.8221,19.9995,-89.8216,-0.089854,-0.074468,0.0,3,False
momentum_top,CENTRALBK,2023-01-23,2023-01-24,30.1679,2023-01-27,28.0561,STOP,33,-69.6878,19.9917,-89.6795,-0.089885,-0.095847,0.0,3,False
momentum_top,BANKINDIA,2023-01-23,2023-01-24,78.3511,2023-01-25,72.8666,STOP,12,-65.815,19.766,-85.581,-0.090824,-0.083428,0.0,2,False
momentum_top,MAHABANK,2023-01-23,2023-01-24,27.3536,2023-01-27,25.4388,STOP,36,-68.931,19.9476,-88.8787,-0.09006,-0.129032,0.0,3,False
momentum_top,JWL,2023-01-23,2023-01-24,110.4488,2023-02-06,99.5777,GAP_STOP,9,-97.8401,19.9281,-117.7682,-0.118216,-0.098427,0.147865,9,False
momentum_top,JINDALSAW,2023-01-23,2023-01-24,55.6989,2023-02-03,65.2637,TARGET,17,162.6019,20.2593,142.3426,0.15,-0.062203,0.17365,8,False
momentum_top,TITAGARH,2023-01-23,2023-01-24,234.1623,2023-01-25,217.771,STOP,4,-65.5655,19.7515,-85.3169,-0.090889,-0.079787,0.0,2,False
momentum_top,GICRE,2023-01-23,2023-01-24,156.9453,2023-02-01,142.7017,MOMENTUM_FAIL,6,-85.4617,19.7321,-105.1938,-0.111466,-0.148534,0.047633,6,False
momentum_top,USHAMART,2023-01-23,2023-01-24,183.1454,2023-01-27,170.3252,STOP,5,-64.1009,19.6661,-83.767,-0.091276,-0.081789,0.025146,3,False
momentum_top,NIACL,2023-01-23,2023-01-24,118.7168,2023-01-30,110.4066,STOP,8,-66.4814,19.8048,-86.2862,-0.090655,-0.07004,0.021458,4,False
momentum_top,FACT,2023-01-30,2023-01-31,289.0462,2023-02-03,268.8129,STOP,3,-60.6997,19.4679,-80.1675,-0.092249,-0.086207,0.077414,4,False
momentum_top,UCOBANK,2023-01-30,2023-01-31,27.6669,2023-02-16,25.7303,STOP,36,-69.7207,19.9936,-89.7143,-0.089877,-0.089005,0.064572,13,False
momentum_top,JSL,2023-01-30,2023-01-31,246.5141,2023-02-21,267.4689,TIME,4,83.8195,20.2643,63.5553,0.064313,-0.017279,0.08997,16,False
momentum_top,RVNL,2023-01-30,2023-01-31,70.2354,2023-02-14,65.3189,STOP,14,-68.8307,19.9418,-88.7724,-0.090084,-0.078552,0.085383,11,False
momentum_top,JWL,2023-01-30,2023-01-31,118.143,2023-02-03,104.7899,GAP_STOP,8,-106.8249,19.7033,-126.5282,-0.13358,-0.113025,0.073109,4,False
momentum_top,JINDALSAW,2023-01-30,2023-01-31,59.6688,2023-02-10,69.9071,TARGET,16,163.8128,20.2947,143.5181,0.15,-0.05,0.172581,9,False
momentum_top,SWANCORP,2023-01-30,2023-01-31,329.1009,2023-02-01,306.0638,STOP,3,-69.1112,19.9581,-89.0693,-0.090018,-0.125038,0.025493,2,False
momentum_top,GRAVITA,2023-01-30,2023-01-31,519.7769,2023-02-01,483.3925,STOP,1,-36.3844,18.0506,-54.435,-0.104499,-0.077827,0.0,2,False
momentum_top,GICRE,2023-01-30,2023-01-31,162.7401,2023-02-01,151.3483,STOP,6,-68.3508,19.9138,-88.2646,-0.090197,-0.178853,0.010329,2,False
momentum_top,GPIL,2023-01-30,2023-01-31,377.6773,2023-02-14,351.2399,STOP,2,-52.8748,19.0118,-71.8866,-0.094962,-0.085655,0.053241,11,False
momentum_top,IRFC,2023-01-30,2023-01-31,29.8915,2023-02-14,27.7991,STOP,33,-69.0495,19.9545,-89.004,-0.090032,-0.080824,0.082409,11,False
momentum_top,IOB,2023-01-30,2023-01-31,27.3,2023-02-20,25.389,STOP,36,-68.796,19.9397,-88.7357,-0.090092,-0.084249,0.075092,15,False
momentum_top,UNIONBANK,2023-01-30,2023-01-31,66.8544,2023-02-14,62.1746,STOP,14,-65.5173,19.7486,-85.266,-0.090901,-0.07351,0.055629,11,False
momentum_top,TITAGARH,2023-01-30,2023-01-31,224.198,2023-02-02,208.4045,GAP_STOP,4,-63.1741,19.588,-82.7621,-0.092086,-0.083556,0.048889,3,False
momentum_top,MAHABANK,2023-01-30,2023-01-31,25.7653,2023-02-13,23.9617,STOP,38,-68.5357,19.9246,-88.4603,-0.090153,-0.071918,0.063356,10,False
momentum_top,SHRIPISTON,2023-01-30,2023-01-31,584.8829,2023-02-21,590.4174,TIME,1,5.5346,18.4109,-12.8764,-0.021967,-0.063439,0.134391,16,False
momentum_top,CENTRALBK,2023-01-30,2023-01-31,27.9029,2023-02-03,25.9497,STOP,35,-68.3621,19.9145,-88.2765,-0.090194,-0.07772,0.056995,4,False
momentum_top,NIACL,2023-01-30,2023-01-31,112.9492,2023-02-01,105.0427,STOP,8,-63.2515,19.6166,-82.8681,-0.091509,-0.113617,0.037447,2,False
momentum_top,J&KBANK,2023-01-30,2023-01-31,51.5354,2023-02-01,47.9279,STOP,19,-68.542,19.9249,-88.467,-0.090152,-0.07507,0.050046,2,False
momentum_top,CIEINDIA,2023-01-30,2023-01-31,368.0579,2023-02-21,373.6027,TIME,2,11.0895,19.0608,-7.9713,-0.010805,0.0,0.09013,16,False
momentum_top,FACT,2023-02-06,2023-02-07,275.7899,2023-02-08,256.4846,STOP,3,-57.9159,19.3056,-77.2215,-0.09313,-0.076437,0.0,2,False
momentum_top,UCOBANK,2023-02-06,2023-02-07,26.8944,2023-02-17,25.0118,STOP,37,-69.6565,19.9899,-89.6464,-0.089892,-0.078995,0.055655,9,False
momentum_top,JINDALSAW,2023-02-06,2023-02-07,65.8281,2023-02-28,72.2521,TIME,15,96.3603,20.2956,76.0648,0.076866,-0.025219,0.15826,16,False
momentum_top,JSL,2023-02-06,2023-02-07,257.7749,2023-02-14,251.7038,MOMENTUM_FAIL,3,-18.2132,19.1582,-37.3714,-0.04822,-0.037797,0.009497,6,False
momentum_top,RVNL,2023-02-06,2023-02-07,70.1394,2023-02-14,67.0211,MOMENTUM_FAIL,14,-43.6572,19.9874,-63.6446,-0.064673,-0.077291,0.036252,6,False
momentum_top,CIEINDIA,2023-02-06,2023-02-07,382.9237,2023-02-14,382.9237,MOMENTUM_FAIL,2,-0.0,19.1638,-19.1638,-0.024968,-0.031082,0.047809,6,False
momentum_top,USHAMART,2023-02-06,2023-02-07,178.9764,2023-02-22,166.448,STOP,5,-62.6417,19.581,-82.2228,-0.091681,-0.100487,0.050921,12,False
momentum_top,GRAVITA,2023-02-06,2023-02-07,475.0867,2023-02-28,450.5489,TIME,2,-49.0756,19.8421,-68.9178,-0.072374,-0.065339,0.119996,16,False
momentum_top,GPIL,2023-02-06,2023-02-07,353.9803,2023-02-28,336.2813,TIME,2,-35.398,18.8473,-54.2453,-0.076455,-0.061528,0.087778,16,False
momentum_top,NAVA,2023-02-06,2023-02-07,118.7226,2023-02-14,116.0632,MOMENTUM_FAIL,8,-21.2752,19.8971,-41.1723,-0.043255,-0.0496,0.0218,6,False
momentum_top,RHIM,2023-02-06,2023-02-07,719.4778,2023-02-14,669.1144,STOP,1,-50.3634,18.8654,-69.2289,-0.096011,-0.130189,0.057188,6,False
momentum_top,JWL,2023-02-06,2023-02-07,94.6633,2023-02-28,92.2309,TIME,10,-24.3236,19.8776,-44.2012,-0.046591,-0.02989,0.125852,16,False
momentum_top,PNBHOUSING,2023-02-06,2023-02-07,442.1497,2023-02-28,488.3066,TIME,2,92.3139,19.8519,72.462,0.081764,0.0,0.131484,16,False
momentum_top,NCC,2023-02-06,2023-02-07,87.8726,2023-02-28,84.9611,TIME,11,-32.0275,19.9462,-51.9737,-0.053652,-0.050516,0.064639,16,False
momentum_top,IOB,2023-02-06,2023-02-07,26.65,2023-02-21,24.7845,STOP,37,-69.0235,19.953,-88.9765,-0.090038,-0.076923,0.076923,11,False
momentum_top,J&KBANK,2023-02-06,2023-02-07,49.7682,2023-02-14,47.5711,MOMENTUM_FAIL,20,-43.9412,20.0434,-63.9846,-0.064142,-0.068138,0.033589,6,False
momentum_top,IRFC,2023-02-06,2023-02-07,28.802,2023-02-14,27.6177,MOMENTUM_FAIL,34,-40.2659,19.9829,-60.2488,-0.06139,-0.046053,0.013158,6,False
momentum_top,FACT,2023-02-13,2023-02-14,259.1449,2023-02-20,241.0047,STOP,3,-54.4204,19.1019,-73.5223,-0.094364,-0.076923,0.007115,5,False
momentum_top,UCOBANK,2023-02-13,2023-02-14,26.9427,2023-02-17,25.0567,STOP,37,-69.7815,19.9972,-89.7787,-0.089863,-0.080645,0.0,4,False
momentum_top,JINDALSAW,2023-02-13,2023-02-14,70.2552,2023-03-08,78.604,TIME,14,116.8835,20.3211,96.5624,0.097961,-0.020548,0.125343,16,False
momentum_top,JSL,2023-02-13,2023-02-14,253.2705,2023-03-08,297.8143,TARGET,3,133.6313,19.4104,114.2209,0.15,-0.061666,0.271989,16,False
momentum_top,GRAVITA,2023-02-13,2023-02-14,514.4062,2023-02-20,478.3978,STOP,1,-36.0084,18.0287,-54.0372,-0.104819,-0.074521,0.013123,5,False
momentum_top,USHAMART,2023-02-13,2023-02-14,180.77,2023-02-21,170.2021,MOMENTUM_FAIL,5,-52.8397,19.6389,-72.4785,-0.080014,-0.061411,0.01314,6,False
momentum_top,PNBHOUSING,2023-02-13,2023-02-14,464.7988,2023-03-08,509.811,TIME,2,90.0244,20.0385,69.9859,0.075122,-0.013106,0.105638,16,False
momentum_top,CIEINDIA,2023-02-13,2023-02-14,380.9639,2023-02-21,373.6027,MOMENTUM_FAIL,2,-14.7224,19.1172,-33.8396,-0.044316,-0.033501,0.02133,6,False
momentum_top,GPIL,2023-02-13,2023-02-14,356.0452,2023-02-21,368.9753,MOMENTUM_FAIL,2,25.8601,18.9894,6.8707,0.009628,-0.024717,0.04391,6,False
momentum_top,NAVA,2023-02-13,2023-02-14,115.2322,2023-03-08,122.3318,TIME,8,56.797,19.9381,36.8589,0.039896,-0.051927,0.151865,16,False
momentum_top,POLICYBZR,2023-02-13,2023-02-14,526.15,2023-02-17,489.3195,STOP,1,-36.8305,18.0766,-54.9071,-0.104129,-0.085812,0.0,4,False
momentum_top,TDPOWERSYS,2023-02-13,2023-02-14,64.5019,2023-03-03,75.5552,TARGET,15,165.7994,20.3529,145.4465,0.15,-0.012997,0.18932,14,False
momentum_top,M&MFIN,2023-02-13,2023-02-14,237.7622,2023-02-21,235.1001,MOMENTUM_FAIL,4,-10.6487,19.9241,-30.5728,-0.032076,-0.016795,0.035521,6,False
momentum_top,TECHNOE,2023-02-13,2023-02-14,364.176,2023-02-15,320.5234,GAP_STOP,2,-87.3052,18.8277,-106.1329,-0.145399,-0.182133,0.0,2,False
momentum_top,CGPOWER,2023-02-13,2023-02-14,329.9396,2023-02-21,316.011,MOMENTUM_FAIL,3,-41.7859,20.0244,-61.8102,-0.06231,-0.05988,0.007036,6,False
momentum_top,RKFORGE,2023-02-13,2023-02-14,282.475,2023-02-21,273.5548,MOMENTUM_FAIL,3,-26.7608,19.4537,-46.2145,-0.054416,-0.05614,0.0,6,False
momentum_top,IOB,2023-02-13,2023-02-14,26.75,2023-02-21,24.75,MOMENTUM_FAIL,37,-74.0,19.9585,-93.9585,-0.094724,-0.080374,0.0,6,False
momentum_top,FACT,2023-02-20,2023-02-21,240.5562,2023-02-23,223.7173,STOP,4,-67.3557,19.8558,-87.2115,-0.090438,-0.077895,0.0,3,False
momentum_top,JINDALSAW,2023-02-20,2023-02-21,72.1559,2023-03-09,84.5583,TARGET,13,161.2307,20.2191,141.0116,0.15,-0.046349,0.185395,12,False
momentum_top,JSL,2023-02-20,2023-02-21,263.4053,2023-02-27,244.9669,STOP,3,-55.3151,19.154,-74.4691,-0.094033,-0.097769,0.02342,5,False
momentum_top,NAVA,2023-02-20,2023-02-21,123.2816,2023-02-24,114.6519,STOP,8,-69.0377,19.9538,-88.9915,-0.090035,-0.084553,0.002119,4,False
momentum_top,JBMA,2023-02-20,2023-02-21,288.7323,2023-02-28,285.9196,MOMENTUM_FAIL,3,-8.438,19.5703,-28.0083,-0.032264,-0.054828,0.003793,6,False
momentum_top,PAYTM,2023-02-20,2023-02-21,632.0,2023-02-28,597.25,MOMENTUM_FAIL,1,-34.75,18.5278,-53.2778,-0.084116,-0.084335,0.038449,6,False
momentum_top,CIEINDIA,2023-02-20,2023-02-21,377.9525,2023-03-13,347.982,GAP_STOP,2,-59.9409,18.9997,-78.9406,-0.104204,-0.096497,0.169597,14,False
momentum_top,USHAMART,2023-02-20,2023-02-21,175.2437,2023-02-22,162.9766,STOP,5,-61.3353,19.5049,-80.8402,-0.092059,-0.081328,0.0,2,False
momentum_top,GRAVITA,2023-02-20,2023-02-21,480.8516,2023-02-28,450.5489,MOMENTUM_FAIL,2,-60.6054,19.8673,-80.4728,-0.083495,-0.076545,0.020596,6,False
momentum_top,PNBHOUSING,2023-02-20,2023-02-21,476.2052,2023-02-28,488.3066,MOMENTUM_FAIL,2,24.2027,20.0008,4.2019,0.004402,-0.035457,0.036744,6,False
momentum_top,ZENTEC,2023-02-20,2023-02-21,252.998,2023-02-23,235.2882,STOP,3,-53.1296,19.0266,-72.1562,-0.094861,-0.087505,0.00946,3,False
momentum_top,OIL,2023-02-20,2023-02-21,149.1723,2023-02-28,148.6473,MOMENTUM_FAIL,6,-3.1498,19.7028,-22.8526,-0.025477,-0.038208,0.015035,6,False
momentum_top,SHRIPISTON,2023-02-20,2023-02-21,594.7252,2023-02-28,563.8073,MOMENTUM_FAIL,1,-30.918,18.3782,-49.2962,-0.082708,-0.06457,0.011589,6,False
momentum_top,PGEL,2023-02-20,2023-02-21,129.849,2023-03-15,137.8491,TIME,7,56.0006,19.882,36.1186,0.03965,0.0,0.110607,16,False
momentum_top,ZENSARTECH,2023-02-20,2023-02-21,256.3169,2023-03-15,251.5285,TIME,3,-14.3652,19.1476,-33.5128,-0.043487,-0.036264,0.129853,16,False
momentum_top,JWL,2023-02-20,2023-02-21,99.1309,2023-02-27,92.1917,STOP,10,-69.3916,19.9745,-89.3661,-0.089953,-0.07361,0.024036,5,False
momentum_top,RKFORGE,2023-02-20,2023-02-21,272.4645,2023-02-27,253.392,STOP,3,-57.2175,19.2649,-76.4824,-0.093365,-0.109858,0.013096,5,False
momentum_top,JINDALSAW,2023-02-27,2023-02-28,70.5439,2023-03-09,82.6089,TARGET,14,168.9101,20.4441,148.466,0.15,-0.009209,0.212483,7,False
momentum_top,FACT,2023-02-27,2023-02-28,225.9544,2023-03-14,210.1376,STOP,4,-63.2672,19.6175,-82.8847,-0.091505,-0.072342,0.139832,10,False
momentum_top,JSL,2023-02-27,2023-02-28,254.5924,2023-03-08,299.3409,TARGET,3,134.2454,19.4284,114.8171,0.15,0.0,0.265385,6,False
momentum_top,CIEINDIA,2023-02-27,2023-02-28,403.9077,2023-03-08,389.759,MOMENTUM_FAIL,2,-28.2974,19.2833,-47.5808,-0.058772,-0.046746,0.027219,6,False
momentum_top,PGEL,2023-02-27,2023-02-28,136.0563,2023-03-08,141.1051,MOMENTUM_FAIL,7,35.3413,20.0234,15.3179,0.016048,0.0,0.049734,6,False
momentum_top,ZENTEC,2023-02-27,2023-02-28,264.0673,2023-03-21,310.2831,TARGET,3,138.6474,19.5574,119.0901,0.15,-0.029834,0.208082,15,False
momentum_top,GRAVITA,2023-02-27,2023-02-28,460.3048,2023-03-08,475.9735,MOMENTUM_FAIL,2,31.3374,19.881,11.4564,0.012417,-0.050417,0.043353,6,False
momentum_top,JBMA,2023-02-27,2023-02-28,275.3909,2023-03-10,323.3603,TARGET,3,143.9083,19.7115,124.1968,0.15,0.0,0.216377,8,False
momentum_top,PNBHOUSING,2023-02-27,2023-02-28,471.9534,2023-03-14,438.9167,STOP,2,-66.0735,19.7811,-85.8545,-0.090758,-0.111227,0.134442,10,False
momentum_top,USHAMART,2023-02-27,2023-02-28,167.7782,2023-03-09,196.9538,TARGET,5,145.878,19.7692,126.1088,0.15,0.0,0.225079,7,False
momentum_top,NAVA,2023-02-27,2023-02-28,110.2458,2023-03-22,111.2193,TIME,9,8.7618,20.1374,-11.3756,-0.01144,-0.004954,0.138919,16,False
momentum_top,TDPOWERSYS,2023-02-27,2023-02-28,72.7539,2023-03-22,81.5141,TIME,13,113.8822,20.1555,93.7267,0.098882,-0.066326,0.138095,16,False
momentum_top,FINCABLES,2023-02-27,2023-02-28,682.26,2023-03-06,803.8812,TARGET,1,121.6212,19.0585,102.5627,0.15,-0.00292,0.207179,5,False
momentum_top,UCOBANK,2023-02-27,2023-02-28,24.3836,2023-03-22,23.9973,TIME,40,-15.4511,20.0169,-35.468,-0.036285,-0.051485,0.130693,16,False
momentum_top,OIL,2023-02-27,2023-02-28,148.2863,2023-03-22,150.8435,TIME,6,15.343,19.718,-4.3751,-0.004907,-0.026172,0.101846,16,False
momentum_top,ZENSARTECH,2023-02-27,2023-02-28,263.5463,2023-03-08,260.7297,MOMENTUM_FAIL,3,-8.45,19.2512,-27.7012,-0.03496,-0.04845,0.045956,6,False
momentum_top,KAYNES,2023-02-27,2023-02-28,880.25,2023-03-22,961.35,TIME,1,81.1,19.812,61.288,0.069474,-0.024936,0.127691,16,False
momentum_top,PAYTM,2023-02-27,2023-02-28,632.9,2023-02-28,588.597,STOP,1,-44.303,18.5122,-62.8152,-0.099033,0.0,0.0,1,False
momentum_top,JINDALSAW,2023-03-06,2023-03-08,74.3454,2023-03-24,69.1412,STOP,13,-67.6543,19.8732,-87.5275,-0.090365,-0.08932,0.162136,13,False
momentum_top,FACT,2023-03-06,2023-03-08,254.1115,2023-03-09,236.3237,STOP,3,-53.3634,19.0403,-72.4037,-0.094769,-0.081389,0.0,2,False
momentum_top,JSL,2023-03-06,2023-03-08,295.5721,2023-03-20,274.882,STOP,3,-62.0701,19.5477,-81.6179,-0.091844,-0.070565,0.08332,9,False
momentum_top,CIEINDIA,2023-03-06,2023-03-08,396.7378,2023-03-10,368.9661,STOP,2,-55.5433,19.1673,-74.7106,-0.093951,-0.077952,0.0,3,False
momentum_top,ZENTEC,2023-03-06,2023-03-08,273.94,2023-03-29,321.6847,TARGET,3,143.2342,19.6918,123.5425,0.15,-0.064798,0.186021,16,False
momentum_top,FINCABLES,2023-03-06,2023-03-08,753.1536,2023-03-15,761.1225,MOMENTUM_FAIL,1,7.9689,19.1264,-11.1575,-0.014782,-0.044516,0.032258,6,False
momentum_top,USHAMART,2023-03-06,2023-03-08,177.8129,2023-03-14,208.5426,TARGET,5,153.6482,19.9969,133.6513,0.15,0.0,0.186478,5,False
momentum_top,JBMA,2023-03-06,2023-03-08,286.7161,2023-03-29,315.6391,TIME,3,86.7689,19.7386,67.0303,0.077759,-0.010331,0.16833,16,False
momentum_top,PNBHOUSING,2023-03-06,2023-03-08,478.3311,2023-03-14,444.8479,STOP,2,-66.9664,19.8331,-86.7995,-0.090534,-0.123077,0.119316,5,False
momentum_top,NAVA,2023-03-06,2023-03-08,118.2952,2023-03-16,110.0146,STOP,8,-66.2453,19.7911,-86.0364,-0.090714,-0.070654,0.061421,7,False
momentum_top,PGEL,2023-03-06,2023-03-08,140.8254,2023-03-15,137.8491,MOMENTUM_FAIL,7,-20.8342,20.05,-40.8842,-0.041384,-0.028369,0.024042,6,False
momentum_top,OIL,2023-03-06,2023-03-08,157.9434,2023-03-15,156.018,MOMENTUM_FAIL,6,-11.5525,19.9079,-31.4604,-0.033126,-0.085714,0.034286,6,False
momentum_top,POLICYBZR,2023-03-06,2023-03-08,594.0,2023-03-14,552.42,STOP,1,-41.58,18.3535,-59.9335,-0.100678,-0.07904,0.0,5,False
momentum_top,KAYNES,2023-03-06,2023-03-08,908.65,2023-03-29,963.9,TIME,1,55.25,19.8792,35.3708,0.038842,-0.005943,0.092445,16,False
momentum_top,TDPOWERSYS,2023-03-06,2023-03-08,75.2285,2023-03-14,69.9625,STOP,13,-68.458,19.92,-88.378,-0.090172,-0.087829,0.100658,5,False
momentum_top,ZENSARTECH,2023-03-06,2023-03-08,261.1052,2023-03-15,251.5285,MOMENTUM_FAIL,3,-28.7302,19.179,-47.9092,-0.061029,-0.053938,0.029666,6,False
momentum_top,GAIL,2023-03-06,2023-03-08,94.9573,2023-03-15,94.3947,MOMENTUM_FAIL,10,-5.6264,19.9281,-25.5545,-0.026853,-0.01732,0.025068,6,False
momentum_top,KPITTECH,2023-03-06,2023-03-08,816.499,2023-03-14,759.344,STOP,1,-57.1549,19.2612,-76.4162,-0.093386,-0.08134,0.0,5,False
momentum_top,JINDALSAW,2023-03-13,2023-03-14,79.807,2023-03-16,74.2205,STOP,12,-67.0379,19.8373,-86.8751,-0.090516,-0.088333,0.0,3,False
momentum_top,USHAMART,2023-03-13,2023-03-14,201.1303,2023-03-21,205.5417,MOMENTUM_FAIL,4,17.6456,19.363,-1.7174,-0.00213,-0.003856,0.043625,6,False
momentum_top,JBMA,2023-03-13,2023-03-14,304.6623,2023-03-21,308.6946,MOMENTUM_FAIL,3,12.0968,19.8139,-7.7171,-0.008425,-0.068627,0.034314,6,False
momentum_top,JSL,2023-03-13,2023-03-14,301.5941,2023-03-17,280.4825,STOP,3,-63.3348,19.6214,-82.9562,-0.091486,-0.073377,0.056818,4,False
momentum_top,KAYNES,2023-03-13,2023-03-14,970.3,2023-03-21,960.4,MOMENTUM_FAIL,1,-9.9,20.0069,-29.9068,-0.030755,-0.050036,0.019994,6,False
momentum_top,FINCABLES,2023-03-13,2023-03-14,762.8717,2023-03-21,757.6725,MOMENTUM_FAIL,1,-5.1991,19.1406,-24.3397,-0.031836,-0.029299,0.046369,6,False
momentum_top,ZENTEC,2023-03-13,2023-03-14,261.2751,2023-03-17,307.0585,TARGET,3,137.3502,19.5193,117.8308,0.15,0.0,0.182061,4,False
momentum_top,OLECTRA,2023-03-13,2023-03-14,703.0782,2023-03-15,653.8628,STOP,1,-49.2155,18.7985,-68.014,-0.096526,-0.118537,0.0,2,False
momentum_top,OIL,2023-03-13,2023-03-14,153.4308,2023-03-21,151.1143,MOMENTUM_FAIL,6,-13.8991,19.7888,-33.6879,-0.036514,-0.058824,0.023529,6,False
momentum_top,POLICYBZR,2023-03-13,2023-03-14,573.0,2023-04-06,593.5,TIME,1,20.5,18.3912,2.1088,0.003672,-0.027923,0.144154,16,False
momentum_top,PGEL,2023-03-13,2023-03-14,138.8628,2023-03-21,131.7367,MOMENTUM_FAIL,7,-49.8832,19.9328,-69.816,-0.071668,-0.057791,0.010141,6,False
momentum_top,ZENSARTECH,2023-03-13,2023-03-14,252.2796,2023-04-06,263.2646,TIME,3,32.9549,19.1928,13.7621,0.018144,-0.036844,0.056755,16,False
momentum_top,NAVA,2023-03-13,2023-03-14,117.9628,2023-03-21,111.5993,MOMENTUM_FAIL,8,-50.9081,19.8111,-70.7192,-0.074775,-0.070048,0.0,6,False
momentum_top,BLUESTARCO,2023-03-13,2023-03-14,731.6744,2023-03-20,680.4572,STOP,1,-51.2172,18.9152,-70.1324,-0.095643,-0.090298,0.080231,5,False
momentum_top,TITAGARH,2023-03-13,2023-03-14,238.6463,2023-03-21,240.9879,MOMENTUM_FAIL,4,9.3665,19.9798,-10.6132,-0.011094,-0.048017,0.048017,6,False
momentum_top,ACE,2023-03-13,2023-03-14,387.3467,2023-03-16,360.2324,STOP,2,-54.2285,19.0907,-73.3192,-0.094436,-0.088462,0.0,3,False
momentum_top,PNBHOUSING,2023-03-13,2023-03-14,480.9476,2023-03-14,447.2813,STOP,2,-67.3327,19.8545,-87.1871,-0.090443,0.0,0.0,1,False
momentum_top,TDPOWERSYS,2023-03-13,2023-03-14,73.5458,2023-03-16,68.3976,STOP,13,-66.9267,19.8308,-86.7575,-0.090543,-0.07638,0.009421,3,False
momentum_top,PFC,2023-03-13,2023-03-14,112.1744,2023-03-20,104.3222,STOP,8,-62.8177,19.5913,-82.4089,-0.091631,-0.08249,0.008893,5,False
momentum_top,ZENTEC,2023-03-20,2023-03-21,305.7018,2023-03-28,295.181,MOMENTUM_FAIL,3,-31.5624,19.7382,-51.3006,-0.055815,-0.045833,0.035557,6,False
momentum_top,FINCABLES,2023-03-20,2023-03-21,781.822,2023-03-28,774.1447,MOMENTUM_FAIL,1,-7.6773,19.2156,-26.8929,-0.034323,-0.052828,0.027035,6,False
momentum_top,JINDALSAW,2023-03-20,2023-03-21,71.2176,2023-03-27,66.2323,STOP,14,-69.7932,19.9979,-89.7911,-0.089861,-0.085135,0.043581,5,False
momentum_top,USHAMART,2023-03-20,2023-03-21,204.0389,2023-04-17,210.4379,TIME,4,25.5959,19.4283,6.1676,0.00754,-0.023996,0.087194,16,False
momentum_top,JSL,2023-03-20,2023-03-21,282.3528,2023-03-28,274.1276,MOMENTUM_FAIL,3,-24.6758,19.4564,-44.1322,-0.051987,-0.061904,0.039709,6,False
momentum_top,KAYNES,2023-03-20,2023-03-21,946.65,2023-03-28,957.5,MOMENTUM_FAIL,1,10.85,19.9493,-9.0993,-0.009591,-0.014366,0.041568,6,False
momentum_top,POLICYBZR,2023-03-20,2023-03-21,587.0,2023-03-28,594.3,MOMENTUM_FAIL,1,7.3,18.4234,-11.1235,-0.018908,-0.025213,0.021635,6,False
momentum_top,OIL,2023-03-20,2023-03-21,152.6185,2023-03-28,154.9049,MOMENTUM_FAIL,6,13.7183,19.8245,-6.1061,-0.006654,-0.034102,0.023852,6,False
momentum_top,ZENSARTECH,2023-03-20,2023-03-21,255.8943,2023-03-28,251.106,MOMENTUM_FAIL,3,-14.3649,19.1423,-33.5072,-0.043552,-0.050449,0.021097,6,False
momentum_top,TDPOWERSYS,2023-03-20,2023-03-21,74.1645,2023-04-17,78.1486,TIME,13,51.7938,20.1065,31.6873,0.032794,0.0,0.166834,16,False
momentum_top,NCC,2023-03-20,2023-03-21,98.7553,2023-03-28,98.1348,MOMENTUM_FAIL,10,-6.205,20.0873,-26.2923,-0.026566,-0.050749,0.033833,6,False
momentum_top,KPITTECH,2023-03-20,2023-03-21,878.0295,2023-03-28,868.2138,MOMENTUM_FAIL,1,-9.8157,19.6175,-29.4332,-0.033449,-0.03554,0.016574,6,False
momentum_top,OLECTRA,2023-03-20,2023-03-21,625.7297,2023-04-17,649.7982,TIME,1,24.0685,18.6211,5.4474,0.008687,-0.021626,0.090097,16,False
momentum_top,JBMA,2023-03-20,2023-03-21,306.1557,2023-04-05,358.8896,TARGET,3,158.2016,20.1303,138.0713,0.15,-0.011626,0.177236,10,False
momentum_top,ACE,2023-03-20,2023-03-21,362.3678,2023-04-17,403.6848,TIME,2,82.6339,19.1584,63.4755,0.087393,0.0,0.161299,16,False
momentum_top,TITAGARH,2023-03-20,2023-03-21,237.4008,2023-04-03,278.1566,TARGET,4,163.0235,20.2716,142.7519,0.15,-0.008604,0.192025,9,False
momentum_top,KIRLOSBROS,2023-03-20,2023-03-21,372.0662,2023-04-05,437.6678,TARGET,2,131.2031,19.3392,111.8639,0.15,-0.005156,0.180989,10,False
momentum_top,PGEL,2023-03-20,2023-03-21,134.5781,2023-03-28,132.9402,MOMENTUM_FAIL,7,-11.4658,19.8844,-31.3502,-0.033206,-0.044862,0.012839,6,False
momentum_top,ZENTEC,2023-03-27,2023-03-28,299.1699,2023-04-24,294.9816,TIME,3,-12.5651,19.6941,-32.2592,-0.035865,-0.019167,0.141333,16,False
momentum_top,FINCABLES,2023-03-27,2023-03-28,769.5772,2023-04-24,844.6982,TIME,1,75.1209,19.3325,55.7885,0.072334,0.0,0.13013,16,False
momentum_top,TDPOWERSYS,2023-03-27,2023-03-28,80.9697,2023-04-06,78.2229,MOMENTUM_FAIL,12,-32.9621,19.9656,-52.9277,-0.054354,-0.052567,0.002445,6,False
momentum_top,JINDALSAW,2023-03-27,2023-03-28,68.2101,2023-04-12,79.9136,TARGET,14,163.8501,20.2958,143.5543,0.15,0.0,0.176014,9,False
momentum_top,JSL,2023-03-27,2023-03-28,279.1704,2023-04-06,282.3528,MOMENTUM_FAIL,3,9.5472,19.4858,-9.9386,-0.011841,-0.035426,0.038934,6,False
momentum_top,ACE,2023-03-27,2023-03-28,378.3086,2023-04-24,417.1922,TIME,2,77.7673,19.2831,58.4842,0.077128,-0.004069,0.120242,16,False
momentum_top,POLICYBZR,2023-03-27,2023-03-28,586.0,2023-04-24,586.8,TIME,1,0.8,18.406,-17.606,-0.029979,-0.033618,0.118771,16,False
momentum_top,OLECTRA,2023-03-27,2023-03-28,632.0214,2023-04-24,658.5866,TIME,1,26.5652,18.6528,7.9124,0.012492,-0.028206,0.117721,16,False
momentum_top,KAYNES,2023-03-27,2023-03-28,951.1,2023-04-24,961.0,TIME,1,9.9,19.9661,-10.0661,-0.010561,-0.019714,0.125013,16,False
momentum_top,OIL,2023-03-27,2023-03-28,151.2647,2023-04-24,153.0096,TIME,6,10.4695,19.7836,-9.3141,-0.01024,-0.00716,0.073986,16,False
momentum_top,KPITTECH,2023-03-27,2023-03-28,856.3472,2023-04-03,796.4029,STOP,1,-59.9443,19.4238,-79.3681,-0.09248,-0.133212,0.079665,4,False
momentum_top,ANURAS,2023-03-27,2023-03-28,821.1589,2023-04-13,964.2907,TARGET,1,143.1319,19.6888,123.4431,0.15,0.0,0.204472,10,False
momentum_top,CYIENT,2023-03-27,2023-03-28,942.2955,2023-04-21,1104.1873,TARGET,1,161.8918,20.2384,141.6533,0.15,-0.0405,0.1937,15,False
momentum_top,ZENSARTECH,2023-03-27,2023-03-28,246.8341,2023-04-24,255.4719,TIME,4,34.5512,20.1693,14.3819,0.014535,-0.013693,0.106885,16,False
momentum_top,NCC,2023-03-27,2023-03-28,96.1301,2023-04-24,110.3539,TIME,10,142.2382,20.2787,121.9595,0.126592,0.0,0.151937,16,False
momentum_top,KIRLOSENG,2023-03-27,2023-03-28,370.5565,2023-04-24,406.5963,TIME,2,72.0797,19.2061,52.8737,0.071188,-0.020691,0.104375,16,False
momentum_top,JBMA,2023-03-27,2023-03-28,312.1295,2023-04-06,365.7885,TARGET,3,160.977,20.2116,140.7654,0.15,-0.009011,0.177033,6,False
momentum_top,ZENTEC,2023-04-03,2023-04-05,334.0731,2023-04-10,310.688,STOP,2,-46.7702,18.656,-65.4262,-0.097708,-0.087761,0.0,3,False
momentum_top,FINCABLES,2023-04-03,2023-04-05,792.026,2023-04-28,869.6738,TIME,1,77.6478,19.4324,58.2154,0.073342,0.0,0.131779,16,False
momentum_top,JINDALSAW,2023-04-03,2023-04-05,72.0837,2023-04-28,78.7002,TIME,13,86.0145,20.062,65.9525,0.070227,0.0,0.114486,16,False
momentum_top,POLICYBZR,2023-04-03,2023-04-05,622.7,2023-04-13,583.7,MOMENTUM_FAIL,1,-39.0,18.4799,-57.4799,-0.092106,-0.068412,0.0,6,False
momentum_top,KIRLOSBROS,2023-04-03,2023-04-05,424.0099,2023-04-13,432.6671,MOMENTUM_FAIL,2,17.3146,19.546,-2.2314,-0.002626,-0.035847,0.044084,6,False
momentum_top,JBMA,2023-04-03,2023-04-05,352.2285,2023-04-24,414.7578,TARGET,2,125.0587,19.1592,105.8996,0.15,-0.016889,0.199915,12,False
momentum_top,TRITURBINE,2023-04-03,2023-04-05,321.2485,2023-04-27,376.3197,TARGET,3,165.2136,20.3358,144.8778,0.15,-0.014921,0.202801,15,False
momentum_top,ZENSARTECH,2023-04-03,2023-04-05,259.6969,2023-04-28,261.246,TIME,3,4.6474,19.2291,-14.5817,-0.018675,-0.062545,0.052061,16,False
momentum_top,ACE,2023-04-03,2023-04-05,411.8787,2023-04-13,399.0168,MOMENTUM_FAIL,2,-25.7237,19.3559,-45.0796,-0.054605,-0.039547,0.021703,6,False
momentum_top,OLECTRA,2023-04-03,2023-04-05,653.1437,2023-04-13,640.9099,MOMENTUM_FAIL,1,-12.2338,18.663,-30.8968,-0.047202,-0.033792,0.044343,6,False
momentum_top,OIL,2023-04-03,2023-04-05,159.4477,2023-04-13,156.7401,MOMENTUM_FAIL,6,-16.2458,19.9365,-36.1823,-0.037738,-0.050755,0.007547,6,False
momentum_top,KIRLOSENG,2023-04-03,2023-04-05,385.744,2023-04-13,393.3622,MOMENTUM_FAIL,2,15.2363,19.2186,-3.9823,-0.005151,-0.047728,0.03051,6,False
momentum_top,PGEL,2023-04-03,2023-04-05,135.8316,2023-04-28,138.3335,TIME,7,17.5134,19.9805,-2.4671,-0.002589,-0.000993,0.078677,16,False
momentum_top,CYIENT,2023-04-03,2023-04-05,940.4109,2023-04-21,1102.0108,TARGET,1,161.5999,20.2299,141.37,0.15,0.0,0.196092,11,False
momentum_top,ANURAS,2023-04-03,2023-04-05,841.0148,2023-04-13,987.2217,TARGET,1,146.2069,19.7789,126.428,0.15,0.0,0.176035,6,False
momentum_top,TEGA,2023-04-03,2023-04-05,688.845,2023-04-13,695.7087,MOMENTUM_FAIL,1,6.8636,18.8526,-11.989,-0.017366,-0.017978,0.048375,6,False
momentum_top,ZENTEC,2023-04-10,2023-04-11,312.134,2023-04-19,311.8847,MOMENTUM_FAIL,3,-0.7479,19.8824,-20.6303,-0.021983,-0.030032,0.023962,6,False
momentum_top,FINCABLES,2023-04-10,2023-04-11,834.1055,2023-04-19,841.7828,MOMENTUM_FAIL,1,7.6773,19.4676,-11.7903,-0.014104,-0.048584,0.021554,6,False
momentum_top,JINDALSAW,2023-04-10,2023-04-11,77.8822,2023-04-19,79.037,MOMENTUM_FAIL,12,13.8585,19.9045,-6.046,-0.006455,-0.054062,0.029966,6,False
momentum_top,JBMA,2023-04-10,2023-04-11,375.8498,2023-05-04,392.5763,TIME,2,33.4531,19.1721,14.2809,0.018957,-0.028543,0.124503,16,False
momentum_top,ZENSARTECH,2023-04-10,2023-04-11,269.3674,2023-04-17,250.5117,STOP,3,-56.5672,19.227,-75.7941,-0.093588,-0.075984,0.010806,4,False
momentum_top,ANURAS,2023-04-10,2023-04-11,907.6988,2023-04-17,1064.2328,TARGET,1,156.5339,20.0815,136.4525,0.15,0.0,0.172971,4,False
momentum_top,OLECTRA,2023-04-10,2023-04-11,662.082,2023-05-04,654.4919,TIME,1,-7.5901,18.7102,-26.3003,-0.039637,-0.046836,0.066973,16,False
momentum_top,KIRLOSBROS,2023-04-10,2023-04-11,410.0894,2023-05-04,434.6347,TIME,2,49.0908,19.4931,29.5976,0.036008,-0.040062,0.121986,16,False
momentum_top,TRITURBINE,2023-04-10,2023-04-11,326.7265,2023-04-19,330.5416,MOMENTUM_FAIL,3,11.4454,20.0921,-8.6467,-0.008802,-0.022455,0.043413,6,False
momentum_top,ACE,2023-04-10,2023-04-11,406.2175,2023-04-19,410.5875,MOMENTUM_FAIL,2,8.7401,19.3783,-10.6382,-0.013066,-0.025672,0.026895,6,False
momentum_top,OIL,2023-04-10,2023-04-11,155.8375,2023-04-19,155.9579,MOMENTUM_FAIL,6,0.722,19.8796,-19.1576,-0.020444,-0.015058,0.042471,6,False
momentum_top,POLICYBZR,2023-04-10,2023-04-11,592.1,2023-04-19,582.75,MOMENTUM_FAIL,1,-9.35,18.4111,-27.7611,-0.046783,-0.043574,0.020605,6,False
momentum_top,PFOCUS,2023-04-10,2023-04-11,90.95,2023-04-13,106.6313,TARGET,10,156.8129,20.0896,136.7233,0.15,-0.002749,0.176471,3,False
momentum_top,TITAGARH,2023-04-10,2023-04-11,286.8738,2023-04-20,336.6215,TARGET,3,149.2433,19.8678,129.3754,0.15,-0.036124,0.193817,7,False
momentum_top,PGEL,2023-04-10,2023-04-11,143.7218,2023-04-19,143.0526,MOMENTUM_FAIL,6,-4.015,19.563,-23.578,-0.027283,-0.014142,0.019458,6,False
momentum_top,AUROPHARMA,2023-04-10,2023-04-11,533.0267,2023-05-04,607.5154,TIME,1,74.4888,18.3324,56.1564,0.105124,0.0,0.159751,16,False
momentum_top,KIRLOSENG,2023-04-10,2023-04-11,372.1191,2023-05-04,385.1091,TIME,2,25.98,19.1254,6.8546,0.00919,-0.018373,0.100656,16,False
momentum_top,ZENTEC,2023-04-17,2023-04-18,311.5356,2023-04-25,286.3056,MOMENTUM_FAIL,3,-75.69,19.7222,-95.4122,-0.101865,-0.088988,0.023207,6,False
momentum_top,FINCABLES,2023-04-17,2023-04-18,838.4786,2023-04-25,850.2375,MOMENTUM_FAIL,1,11.7589,19.4944,-7.7355,-0.009205,-0.014835,0.030366,6,False
momentum_top,PFOCUS,2023-04-17,2023-04-18,108.5,2023-04-18,100.905,STOP,9,-68.355,19.914,-88.269,-0.090196,0.0,0.0,1,False
momentum_top,JBMA,2023-04-17,2023-04-18,370.4236,2023-05-10,384.8353,TIME,2,28.8235,19.1169,9.7066,0.013073,-0.002889,0.147292,16,False
momentum_top,JINDALSAW,2023-04-17,2023-04-18,75.7889,2023-04-25,76.7995,MOMENTUM_FAIL,13,13.1369,20.1169,-6.9801,-0.007069,-0.010476,0.046349,6,False
momentum_top,KIRLOSBROS,2023-04-17,2023-04-18,428.0926,2023-04-25,424.2559,MOMENTUM_FAIL,2,-7.6734,19.5296,-27.203,-0.031703,-0.016891,0.043778,6,False
momentum_top,OLECTRA,2023-04-17,2023-04-18,654.1424,2023-05-10,669.8718,TIME,1,15.7293,18.7241,-2.9948,-0.004568,-0.05,0.08687,16,False
momentum_top,TITAGARH,2023-04-17,2023-04-18,289.4147,2023-04-20,339.556,TARGET,3,150.4238,19.9024,130.5213,0.15,-0.005681,0.183336,3,False
momentum_top,AUROPHARMA,2023-04-17,2023-04-18,554.7979,2023-05-10,613.7642,TIME,1,58.9662,18.3927,40.5735,0.072973,0.0,0.114776,16,False
momentum_top,POLICYBZR,2023-04-17,2023-04-18,595.45,2023-04-25,586.5,MOMENTUM_FAIL,1,-8.95,18.426,-27.376,-0.045875,-0.025947,0.007641,6,False
momentum_top,VBL,2023-04-17,2023-04-18,289.281,2023-04-25,284.7832,MOMENTUM_FAIL,3,-13.4934,19.5669,-33.0603,-0.038012,-0.058187,3.5e-05,6,False
momentum_top,ZENSARTECH,2023-04-17,2023-04-18,253.0307,2023-04-25,251.5755,MOMENTUM_FAIL,3,-4.3656,19.1263,-23.492,-0.03088,-0.03154,0.018738,6,False
momentum_top,KAYNES,2023-04-17,2023-04-18,974.6,2023-04-25,960.8,MOMENTUM_FAIL,1,-13.8,20.0171,-33.8171,-0.034623,-0.040478,0.0,6,False
momentum_top,KIRLOSENG,2023-04-17,2023-04-18,389.3577,2023-05-10,379.1513,TIME,2,-20.4127,19.1765,-39.5893,-0.050728,-0.061834,0.051925,16,False
momentum_top,ACE,2023-04-17,2023-04-18,405.2739,2023-05-10,430.8984,TIME,2,51.249,19.4569,31.7922,0.039137,-0.009558,0.110648,16,False
momentum_top,PGEL,2023-04-17,2023-04-18,144.8154,2023-04-25,137.8591,MOMENTUM_FAIL,6,-41.7382,19.5139,-61.2521,-0.070341,-0.05583,0.006242,6,False
momentum_top,ANANTRAJ,2023-04-17,2023-04-18,140.9674,2023-04-25,139.8754,MOMENTUM_FAIL,7,-7.6441,20.081,-27.7252,-0.028036,-0.059507,0.005634,6,False
momentum_top,FINCABLES,2023-04-24,2023-04-25,850.3346,2023-05-17,878.8574,TIME,1,28.5227,19.5786,8.9441,0.010495,-0.014286,0.070857,16,False
momentum_top,JBMA,2023-04-24,2023-04-25,415.1771,2023-05-02,386.1147,STOP,2,-58.1248,19.3178,-77.4426,-0.093061,-0.071942,0.017926,5,False
momentum_top,ZENTEC,2023-04-24,2023-04-25,295.7295,2023-05-03,284.0619,MOMENTUM_FAIL,3,-35.0028,19.6048,-54.6077,-0.061417,-0.055134,0.018041,6,False
momentum_top,TITAGARH,2023-04-24,2023-04-25,328.8237,2023-05-17,323.8416,TIME,3,-14.9465,20.0649,-35.0114,-0.035414,-0.018333,0.084849,16,False
momentum_top,KIRLOSBROS,2023-04-24,2023-04-25,429.0272,2023-04-26,398.9953,STOP,2,-60.0638,19.4308,-79.4946,-0.092443,-0.082435,0.0,2,False
momentum_top,OLECTRA,2023-04-24,2023-04-25,660.5341,2023-05-03,650.1476,MOMENTUM_FAIL,1,-10.3864,18.6979,-29.0844,-0.043936,-0.023813,0.022452,6,False
momentum_top,JINDALSAW,2023-04-24,2023-04-25,77.5694,2023-05-17,84.1618,TIME,12,79.1092,20.0215,59.0877,0.06334,-0.037221,0.102047,16,False
momentum_top,POLICYBZR,2023-04-24,2023-04-25,586.8,2023-05-03,598.25,MOMENTUM_FAIL,1,11.45,18.431,-6.981,-0.011871,-0.023517,0.047716,6,False
momentum_top,AUROPHARMA,2023-04-24,2023-04-25,584.9009,2023-05-17,614.5576,TIME,1,29.6567,18.4601,11.1966,0.019101,0.0,0.099203,16,False
momentum_top,KIRLOSENG,2023-04-24,2023-04-25,408.2567,2023-04-27,379.6787,STOP,2,-57.1559,19.2613,-76.4172,-0.093386,-0.072847,0.0,3,False
momentum_top,PFOCUS,2023-04-24,2023-04-25,91.2,2023-04-25,84.816,STOP,10,-63.84,19.6509,-83.4909,-0.091347,0.0,0.0,1,False
momentum_top,ELGIEQUIP,2023-04-24,2023-04-25,476.6093,2023-05-03,445.0948,MOMENTUM_FAIL,2,-63.0291,19.8266,-82.8557,-0.086732,-0.069635,0.00062,6,False
momentum_top,ZENSARTECH,2023-04-24,2023-04-25,255.5658,2023-05-12,305.1391,TARGET,3,148.7199,19.4702,129.2498,0.168212,-0.015614,0.261939,13,False
momentum_top,ACE,2023-04-24,2023-04-25,419.9732,2023-05-03,436.7086,MOMENTUM_FAIL,2,33.4706,19.5448,13.9258,0.016543,-0.028024,0.045288,6,False
momentum_top,BLUESTARCO,2023-04-24,2023-04-25,727.2454,2023-05-03,703.8766,MOMENTUM_FAIL,1,-23.3687,18.9532,-42.3219,-0.058068,-0.045054,0.043069,6,False
momentum_top,FINCABLES,2023-05-02,2023-05-03,886.1945,2023-05-10,863.7457,MOMENTUM_FAIL,1,-22.4488,19.6262,-42.0751,-0.047375,-0.033885,0.027525,6,False
momentum_top,IRCON,2023-05-02,2023-05-03,81.5167,2023-05-09,75.8106,STOP,12,-68.4741,19.921,-88.395,-0.090168,-0.102967,0.033159,5,False
momentum_top,GVT&D,2023-05-02,2023-05-03,174.986,2023-05-05,205.2778,TARGET,5,151.4592,19.9328,131.5264,0.15,-0.013356,0.219381,3,False
momentum_top,AUROPHARMA,2023-05-02,2023-05-03,610.987,2023-05-10,613.7642,MOMENTUM_FAIL,1,2.7772,18.5155,-15.7383,-0.025703,-0.032143,0.012256,6,False
momentum_top,TITAGARH,2023-05-02,2023-05-03,330.6173,2023-05-24,322.9945,TIME,3,-22.8683,20.0715,-42.9398,-0.043198,-0.03255,0.077004,16,False
momentum_top,WELSPUNLIV,2023-05-02,2023-05-03,99.9127,2023-05-05,92.9188,STOP,9,-62.945,19.5987,-82.5437,-0.091595,-0.083375,0.00148,3,False
momentum_top,JBMA,2023-05-02,2023-05-03,390.2615,2023-05-24,379.8074,TIME,2,-20.9082,19.1831,-40.0913,-0.051253,-0.053575,0.088973,16,False
momentum_top,GLENMARK,2023-05-02,2023-05-03,535.8547,2023-05-24,603.8224,TIME,1,67.9678,18.331,49.6368,0.092429,-0.000833,0.166281,16,False
momentum_top,KIRLOSBROS,2023-05-02,2023-05-03,424.9937,2023-05-10,415.1559,MOMENTUM_FAIL,2,-19.6756,19.479,-39.1546,-0.045964,-0.039352,0.040509,6,False
momentum_top,ZENTEC,2023-05-02,2023-05-03,288.3001,2023-05-17,338.2687,TARGET,3,149.9059,19.8872,130.0187,0.15,-0.028018,0.196818,11,False
momentum_top,OLECTRA,2023-05-02,2023-05-03,662.0321,2023-05-24,697.186,TIME,1,35.1539,18.797,16.3569,0.024653,-0.061321,0.105446,16,False
momentum_top,NCC,2023-05-02,2023-05-03,117.084,2023-05-09,108.8881,STOP,8,-65.567,19.7515,-85.3186,-0.090888,-0.085202,0.030167,5,False
momentum_top,POLICYBZR,2023-05-02,2023-05-03,594.0,2023-05-10,614.5,MOMENTUM_FAIL,1,20.5,18.4799,2.0201,0.003393,-0.017677,0.046633,6,False
momentum_top,TDPOWERSYS,2023-05-02,2023-05-03,89.3339,2023-05-03,83.0805,STOP,11,-68.7871,19.9392,-88.7263,-0.090094,0.0,0.0,1,False
momentum_top,MINDACORP,2023-05-02,2023-05-03,280.0809,2023-05-04,260.4752,STOP,3,-58.817,19.3581,-78.1751,-0.092836,-0.074368,0.0,2,False
momentum_top,RVNL,2023-05-08,2023-05-09,132.6548,2023-05-10,121.0598,GAP_STOP,7,-81.165,19.6856,-100.8507,-0.10837,-0.097407,0.0,2,False
momentum_top,GVT&D,2023-05-08,2023-05-09,216.8056,2023-05-10,201.6292,STOP,4,-60.7056,19.4682,-80.1738,-0.092247,-0.096101,0.0,2,False
momentum_top,TITAGARH,2023-05-08,2023-05-09,341.5781,2023-05-16,326.0338,MOMENTUM_FAIL,2,-31.0887,18.7513,-49.84,-0.072796,-0.050175,0.015023,6,False
momentum_top,FINCABLES,2023-05-08,2023-05-09,894.1634,2023-05-16,866.8069,MOMENTUM_FAIL,1,-27.3565,19.6499,-47.0064,-0.052456,-0.046951,0.0,6,False
momentum_top,JBMA,2023-05-08,2023-05-09,412.1653,2023-05-10,383.3137,STOP,2,-57.7031,19.2932,-76.9963,-0.093201,-0.103871,0.031101,2,False
momentum_top,ZENTEC,2023-05-08,2023-05-09,309.1423,2023-05-16,307.6963,MOMENTUM_FAIL,3,-4.3381,19.8372,-24.1752,-0.02601,-0.041935,0.014516,6,False
momentum_top,AUROPHARMA,2023-05-08,2023-05-09,612.4748,2023-05-16,636.2299,MOMENTUM_FAIL,1,23.7551,18.5645,5.1906,0.008456,-0.029879,0.049717,6,False
momentum_top,IRCON,2023-05-08,2023-05-09,80.1415,2023-05-09,74.5316,STOP,12,-67.3189,19.8536,-87.1725,-0.090447,0.0,0.0,1,False
momentum_top,GLENMARK,2023-05-08,2023-05-09,567.5068,2023-05-30,590.8243,TIME,1,23.3174,18.3737,4.9437,0.008692,-0.01897,0.101233,16,False
momentum_top,TRITURBINE,2023-05-08,2023-05-09,379.5505,2023-05-30,376.6647,TIME,2,-5.7715,19.1235,-24.895,-0.032724,-0.031314,0.089949,16,False
momentum_top,POLICYBZR,2023-05-08,2023-05-09,613.55,2023-05-16,627.5,MOMENTUM_FAIL,1,13.95,18.5491,-4.5991,-0.007479,-0.036183,0.028686,6,False
momentum_top,ANANTRAJ,2023-05-08,2023-05-09,142.8536,2023-05-16,145.6829,MOMENTUM_FAIL,6,16.9757,19.5837,-2.608,-0.003036,-0.044128,0.037526,6,False
momentum_top,OLECTRA,2023-05-08,2023-05-09,673.7168,2023-05-16,664.9283,MOMENTUM_FAIL,1,-8.7885,18.7568,-27.5453,-0.040796,-0.041877,0.014972,6,False
momentum_top,WELSPUNLIV,2023-05-08,2023-05-09,94.6385,2023-05-10,88.0138,STOP,10,-66.247,19.7912,-86.0381,-0.090714,-0.073438,0.0,2,False
momentum_top,PAYTM,2023-05-08,2023-05-09,726.0,2023-05-16,722.8,MOMENTUM_FAIL,1,-3.2,18.989,-22.189,-0.030497,-0.059091,0.008264,6,False
momentum_top,ADANIPORTS,2023-05-08,2023-05-09,671.5069,2023-05-16,673.3692,MOMENTUM_FAIL,1,1.8623,18.7692,-16.9069,-0.025123,0.0,0.042184,6,False
momentum_top,TDPOWERSYS,2023-05-08,2023-05-09,87.3047,2023-05-12,102.2764,TARGET,11,164.6881,20.3204,144.3677,0.15,-0.002267,0.176304,4,False
momentum_top,GVT&D,2023-05-15,2023-05-16,208.9489,2023-05-25,187.3678,GAP_STOP,4,-86.3244,19.2833,-105.6078,-0.12608,-0.103284,0.147073,8,False
momentum_top,RVNL,2023-05-15,2023-05-16,119.7332,2023-05-23,111.037,MOMENTUM_FAIL,8,-69.57,19.8329,-89.4029,-0.093132,-0.075503,0.020927,6,False
momentum_top,FINCABLES,2023-05-15,2023-05-16,868.6047,2023-05-23,856.9916,MOMENTUM_FAIL,1,-11.6131,19.574,-31.1871,-0.035827,-0.028865,0.018125,6,False
momentum_top,TITAGARH,2023-05-15,2023-05-16,333.6066,2023-05-23,337.0443,MOMENTUM_FAIL,2,6.8753,18.7613,-11.8859,-0.017775,-0.031959,0.023297,6,False
momentum_top,TDPOWERSYS,2023-05-15,2023-05-16,96.7825,2023-06-05,113.3671,TARGET,10,165.8455,20.3543,145.4912,0.15,-0.036052,0.190744,15,False
momentum_top,GLENMARK,2023-05-15,2023-05-16,603.2768,2023-05-23,604.269,MOMENTUM_FAIL,1,0.9922,18.4793,-17.4871,-0.028924,-0.044408,0.035937,6,False
momentum_top,IRCON,2023-05-15,2023-05-16,74.8304,2023-05-23,75.7314,MOMENTUM_FAIL,13,11.7128,20.0614,-8.3486,-0.008563,-0.018378,0.048162,6,False
momentum_top,ZENSARTECH,2023-05-15,2023-05-16,359.5948,2023-05-16,334.4231,STOP,2,-50.3433,18.8642,-69.2075,-0.09602,0.0,0.0,1,False
momentum_top,JBMA,2023-05-15,2023-05-16,390.7344,2023-05-23,374.4808,MOMENTUM_FAIL,2,-32.5073,19.1635,-51.6708,-0.065976,-0.051472,0.0,6,False
momentum_top,OLECTRA,2023-05-15,2023-05-16,673.1176,2023-05-23,678.061,MOMENTUM_FAIL,1,4.9435,18.7823,-13.8388,-0.020514,-0.026632,0.041543,6,False
momentum_top,ZENTEC,2023-05-15,2023-05-16,306.35,2023-05-29,359.114,TARGET,3,158.2919,20.133,138.1589,0.15,0.0,0.189779,10,False
momentum_top,ADANIPOWER,2023-05-15,2023-05-16,47.0,2023-05-19,43.71,STOP,21,-69.09,19.9569,-89.0469,-0.090023,-0.089362,0.010851,4,False
momentum_top,TRITURBINE,2023-05-15,2023-05-16,388.7948,2023-05-23,391.0936,MOMENTUM_FAIL,2,4.5976,19.2227,-14.6251,-0.018767,-0.054346,0.02906,6,False
momentum_top,KIRLOSBROS,2023-05-15,2023-05-16,535.1772,2023-06-06,589.7278,TIME,1,54.5506,18.3008,36.2498,0.067586,-0.034835,0.11011,16,False
momentum_top,WELSPUNLIV,2023-05-15,2023-05-16,92.4697,2023-05-23,91.2375,MOMENTUM_FAIL,10,-12.3227,19.8094,-32.1321,-0.034673,-0.037313,0.023454,6,False
momentum_top,KIRLOSENG,2023-05-15,2023-05-16,416.6074,2023-05-19,387.4448,STOP,2,-58.325,19.3294,-77.6545,-0.092995,-0.084163,0.038683,4,False
momentum_top,ELECON,2023-05-15,2023-05-16,257.5663,2023-06-06,271.7276,TIME,3,42.4837,19.2792,23.2045,0.029965,-0.007663,0.149234,16,False
momentum_top,RVNL,2023-05-22,2023-05-23,114.2305,2023-05-30,113.5427,MOMENTUM_FAIL,8,-5.5027,19.7775,-25.2801,-0.027603,-0.045161,0.046022,6,False
momentum_top,OLECTRA,2023-05-22,2023-05-23,678.111,2023-06-05,799.0896,TARGET,1,120.9787,19.0396,101.939,0.15,-0.005891,0.207658,10,False
momentum_top,KIRLOSBROS,2023-05-22,2023-05-23,557.3123,2023-05-30,538.6697,MOMENTUM_FAIL,1,-18.6426,18.2453,-36.8879,-0.066044,-0.06346,0.015799,6,False
momentum_top,TITAGARH,2023-05-22,2023-05-23,332.1119,2023-06-06,388.8655,TARGET,3,170.2608,20.4837,149.7771,0.15,-0.036904,0.182118,11,False
momentum_top,IRCON,2023-05-22,2023-05-23,77.7705,2023-05-30,75.8262,MOMENTUM_FAIL,12,-23.3311,19.8231,-43.1542,-0.04614,-0.043293,0.035976,6,False
momentum_top,CEMPRO,2023-05-22,2023-05-23,150.2969,2023-05-30,152.7179,MOMENTUM_FAIL,6,14.5257,19.7673,-5.2416,-0.0058,-0.056542,0.022025,6,False
momentum_top,TDPOWERSYS,2023-05-22,2023-05-23,98.9849,2023-05-30,95.8917,MOMENTUM_FAIL,10,-30.9328,20.0466,-50.9794,-0.05139,-0.038,0.0485,6,False
momentum_top,ZENTEC,2023-05-22,2023-05-23,331.58,2023-06-02,388.2512,TARGET,3,170.0137,20.4764,149.5372,0.15,-0.011429,0.204511,9,False
momentum_top,TRITURBINE,2023-05-22,2023-05-23,391.9251,2023-05-30,376.6647,MOMENTUM_FAIL,2,-30.5207,19.1776,-49.6983,-0.063264,-0.044802,0.012105,6,False
momentum_top,CHENNPETRO,2023-05-22,2023-05-23,293.9712,2023-06-13,313.3447,TIME,3,58.1203,19.7722,38.3481,0.043388,0.0,0.154728,16,False
momentum_top,CHOLAHLDNG,2023-05-22,2023-05-23,826.0434,2023-05-30,822.3524,MOMENTUM_FAIL,1,-3.691,19.4104,-23.1015,-0.027905,-0.013767,0.040275,6,False
momentum_top,GLENMARK,2023-05-22,2023-05-23,603.2768,2023-05-30,590.8243,MOMENTUM_FAIL,1,-12.4525,18.452,-30.9045,-0.051116,-0.034539,0.00921,6,False
momentum_top,JBMA,2023-05-22,2023-05-23,380.9275,2023-06-08,447.9013,TARGET,2,133.9477,19.4196,114.5281,0.15,-0.016858,0.245426,13,False
momentum_top,ADANIGREEN,2023-05-29,2023-05-30,984.85,2023-06-06,991.85,MOMENTUM_FAIL,1,7.0,20.1027,-13.1027,-0.013275,-0.051886,0.026552,6,False
momentum_top,RVNL,2023-05-29,2023-05-30,115.4588,2023-06-20,120.5685,TIME,8,40.8773,19.9134,20.9639,0.022647,-0.058723,0.125106,16,False
momentum_top,GVT&D,2023-05-29,2023-05-30,185.0307,2023-06-08,216.8781,TARGET,5,159.2371,20.1607,139.0764,0.15,-0.04918,0.173072,8,False
momentum_top,ADANIPOWER,2023-05-29,2023-05-30,51.4,2023-06-06,52.6,MOMENTUM_FAIL,19,22.7999,20.1001,2.6999,0.002759,-0.053502,0.031128,6,False
momentum_top,TITAGARH,2023-05-29,2023-05-30,355.5282,2023-06-09,418.5686,TARGET,2,126.0808,19.1891,106.8916,0.15,-0.029148,0.196889,9,False
momentum_top,CHENNPETRO,2023-05-29,2023-05-30,320.3359,2023-06-06,310.3123,MOMENTUM_FAIL,3,-30.0709,19.9266,-49.9975,-0.051913,-0.042335,0.01604,6,False
momentum_top,IRCON,2023-05-29,2023-05-30,78.6715,2023-06-06,78.2921,MOMENTUM_FAIL,12,-4.5525,19.907,-24.4594,-0.025852,-0.053647,0.015672,6,False
momentum_top,ENGINERSIN,2023-05-29,2023-05-30,103.9942,2023-06-06,103.5715,MOMENTUM_FAIL,9,-3.8048,19.8742,-23.679,-0.025244,-0.040199,0.023487,6,False
momentum_top,CEMPRO,2023-05-29,2023-05-30,146.0479,2023-06-20,171.3261,TARGET,6,151.6694,19.9389,131.7305,0.15,0.0,0.182341,16,False
momentum_top,RKFORGE,2023-05-29,2023-05-30,386.7056,2023-06-06,374.4473,MOMENTUM_FAIL,2,-24.5165,19.1458,-43.6622,-0.056331,-0.063142,0.021561,6,False
momentum_top,KIRLOSBROS,2023-05-29,2023-05-30,527.2578,2023-06-20,600.6478,TIME,1,73.39,18.3058,55.0842,0.104245,0.0,0.152999,16,False
momentum_top,HSCL,2023-05-29,2023-05-30,124.2519,2023-06-20,134.5468,TIME,8,82.3597,20.2949,62.0648,0.062302,-0.0064,0.103294,16,False
momentum_top,LODHA,2023-05-29,2023-05-30,525.2748,2023-06-13,622.5844,TARGET,1,97.3096,18.3461,78.9635,0.15,-0.001225,0.306126,11,False
momentum_top,SCHNEIDER,2023-05-29,2023-05-30,245.0,2023-06-20,241.2,TIME,4,-15.2,20.0371,-35.2371,-0.035878,-0.041429,0.065306,16,False
momentum_top,OLECTRA,2023-05-29,2023-05-30,691.9928,2023-06-05,815.1213,TARGET,1,123.1285,19.1026,104.0259,0.15,0.0,0.183432,5,False
momentum_top,CHOLAHLDNG,2023-05-29,2023-05-30,837.9645,2023-06-06,817.1151,MOMENTUM_FAIL,1,-20.8494,19.4258,-40.2752,-0.047958,-0.069464,0.0,6,False
momentum_top,RVNL,2023-06-05,2023-06-06,115.2132,2023-06-27,121.7476,TIME,8,52.2759,19.9283,32.3476,0.035019,0.0,0.127505,16,False
momentum_top,GVT&D,2023-06-05,2023-06-06,192.3901,2023-06-21,225.3773,TARGET,5,164.9357,20.3276,144.608,0.15,0.0,0.17343,12,False
momentum_top,ADANIGREEN,2023-06-05,2023-06-06,990.0,2023-06-13,955.3,MOMENTUM_FAIL,1,-34.7,20.0396,-54.7396,-0.055172,-0.044394,0.020202,6,False
momentum_top,TITAGARH,2023-06-05,2023-06-06,376.1046,2023-06-19,442.3316,TARGET,2,132.4539,19.3759,113.0781,0.15,0.0,0.278447,10,False
momentum_top,JINDALSAW,2023-06-05,2023-06-06,113.8278,2023-06-27,127.1268,TIME,8,106.3917,19.9917,86.4,0.094673,-0.036145,0.121758,16,False
momentum_top,CHENNPETRO,2023-06-05,2023-06-06,316.8825,2023-06-13,313.3447,MOMENTUM_FAIL,3,-10.6134,19.9225,-30.5358,-0.032051,-0.05303,0.002126,6,False
momentum_top,SCHNEIDER,2023-06-05,2023-06-06,254.7,2023-06-09,236.871,STOP,3,-53.487,19.0475,-72.5345,-0.094721,-0.077935,0.006478,4,False
momentum_top,KIRLOSBROS,2023-06-05,2023-06-06,569.8554,2023-06-13,573.3971,MOMENTUM_FAIL,1,3.5416,18.3434,-14.8017,-0.025918,-0.038412,0.042728,6,False
momentum_top,ZENTEC,2023-06-05,2023-06-06,421.7798,2023-06-23,392.2552,STOP,2,-59.0492,19.3717,-78.4208,-0.092761,-0.089727,0.071522,14,False
momentum_top,CEMPRO,2023-06-05,2023-06-06,162.9946,2023-06-13,164.2298,MOMENTUM_FAIL,6,7.411,20.0745,-12.6635,-0.012921,-0.030009,0.043346,6,False
momentum_top,ADANIPOWER,2023-06-05,2023-06-06,52.6,2023-06-23,48.918,STOP,18,-66.276,19.7929,-86.0689,-0.090707,-0.08365,0.087453,14,False
momentum_top,OLECTRA,2023-06-05,2023-06-06,795.8067,2023-06-13,935.0124,TARGET,1,139.2057,19.5737,119.632,0.15,-0.037397,0.181904,6,False
momentum_top,IRCON,2023-06-05,2023-06-06,76.1107,2023-06-27,79.9044,TIME,13,49.3181,20.2083,29.1098,0.029356,0.0,0.142679,16,False
momentum_top,HSCL,2023-06-05,2023-06-06,131.6076,2023-06-13,128.9698,MOMENTUM_FAIL,7,-18.4648,19.7823,-38.2471,-0.041426,-0.031394,0.012085,6,False
momentum_top,ZENSARTECH,2023-06-05,2023-06-06,379.4053,2023-06-13,371.5656,MOMENTUM_FAIL,2,-15.6795,19.1021,-34.7816,-0.045737,-0.038233,0.001856,6,False
momentum_top,THANGAMAYL,2023-06-05,2023-06-06,736.5404,2023-06-13,718.8397,MOMENTUM_FAIL,1,-17.7007,19.004,-36.7046,-0.049725,-0.052558,0.0,6,False
momentum_top,RVNL,2023-06-12,2023-06-13,122.1898,2023-06-20,120.5685,MOMENTUM_FAIL,8,-12.9707,20.0311,-33.0018,-0.033687,-0.051066,0.027744,6,False
momentum_top,SUZLON,2023-06-12,2023-06-13,15.4,2023-06-14,14.322,STOP,64,-68.992,19.9512,-88.9432,-0.090046,-0.081169,0.0,2,False
momentum_top,GVT&D,2023-06-12,2023-06-13,208.9986,2023-06-15,194.3687,STOP,4,-58.5196,19.3408,-77.8604,-0.092932,-0.070664,0.000476,3,False
momentum_top,TITAGARH,2023-06-12,2023-06-13,417.1577,2023-06-20,489.7424,TARGET,2,145.1694,19.7485,125.4209,0.15,-0.020662,0.193598,6,False
momentum_top,ZENTEC,2023-06-12,2023-06-13,426.5665,2023-06-20,403.8795,MOMENTUM_FAIL,2,-45.3741,19.4399,-64.814,-0.075806,-0.060666,0.0,6,False
momentum_top,SCHNEIDER,2023-06-12,2023-06-13,250.0,2023-06-20,241.2,MOMENTUM_FAIL,3,-26.4,19.0431,-45.4431,-0.060459,-0.0458,0.0124,6,False
momentum_top,IRCON,2023-06-12,2023-06-13,79.857,2023-06-20,82.3229,MOMENTUM_FAIL,12,29.591,20.0366,9.5544,0.009949,-0.039192,0.036817,6,False
momentum_top,CHENNPETRO,2023-06-12,2023-06-13,313.5131,2023-07-05,367.3864,TARGET,3,161.6198,20.2305,141.3893,0.15,-0.00806,0.191564,16,False
momentum_top,ANANTRAJ,2023-06-12,2023-06-13,167.7711,2023-06-20,168.5157,MOMENTUM_FAIL,5,3.7227,19.4796,-15.7569,-0.018743,-0.04142,0.020118,6,False
momentum_top,CEMPRO,2023-06-12,2023-06-13,166.6013,2023-06-20,168.0835,MOMENTUM_FAIL,5,7.4112,19.4624,-12.0513,-0.014436,-0.047746,0.036477,6,False
momentum_top,SYRMA,2023-06-12,2023-06-13,399.3077,2023-07-05,440.3283,TIME,2,82.0413,19.4692,62.5722,0.07818,0.0,0.173201,16,False
momentum_top,CHOLAHLDNG,2023-06-12,2023-06-13,861.9063,2023-07-05,929.7913,TIME,1,67.885,19.7076,48.1774,0.055774,-0.00978,0.116898,16,False
momentum_top,JBMA,2023-06-12,2023-06-13,461.4738,2023-06-27,540.9215,TARGET,2,158.8955,20.1506,138.7448,0.15,0.0,0.173139,11,False
momentum_top,ETERNAL,2023-06-12,2023-06-13,77.9,2023-06-20,75.85,MOMENTUM_FAIL,12,-24.6,19.8271,-44.4271,-0.047422,-0.061617,0.00706,6,False
momentum_top,GLENMARK,2023-06-12,2023-06-13,633.5894,2023-06-20,638.8483,MOMENTUM_FAIL,1,5.2588,18.616,-13.3572,-0.021036,-0.006577,0.024979,6,False
momentum_top,ELECON,2023-06-12,2023-06-13,281.2351,2023-07-05,315.4022,TIME,3,102.5013,19.7012,82.8001,0.097925,-0.042169,0.135135,16,False
momentum_top,RVNL,2023-06-19,2023-06-20,115.9501,2023-07-12,118.6032,TIME,8,21.2247,19.89,1.3347,0.001436,0.0,0.082627,16,False
momentum_top,TITAGARH,2023-06-19,2023-06-20,473.3567,2023-07-12,520.0895,TIME,2,93.4657,20.1178,73.348,0.077307,-0.036733,0.117777,16,False
momentum_top,GVT&D,2023-06-19,2023-06-20,212.8275,2023-07-12,227.4967,TIME,4,58.6767,19.6441,39.0326,0.04575,-0.053271,0.074766,16,False
momentum_top,SUZLON,2023-06-19,2023-06-20,14.65,2023-06-22,13.6245,STOP,68,-69.734,19.9944,-89.7284,-0.089874,-0.09215,0.0,3,False
momentum_top,MAZDOCK,2023-06-19,2023-06-20,588.3213,2023-07-10,695.3946,TARGET,1,107.0733,18.6322,88.4411,0.15,-0.040463,0.201362,14,False
momentum_top,FACT,2023-06-19,2023-06-20,380.6439,2023-06-27,447.5738,TARGET,2,133.8599,19.4171,114.4428,0.15,0.0,0.235533,6,False
momentum_top,HEGAM,2023-06-19,2023-06-20,311.7042,2023-07-12,301.5949,TIME,3,-30.3279,19.8167,-50.1446,-0.053507,-0.050614,0.061917,16,False
momentum_top,SYRMA,2023-06-19,2023-06-20,439.3871,2023-06-27,456.6276,MOMENTUM_FAIL,2,34.4811,19.7108,14.7703,0.016771,-0.0336,0.044988,6,False
momentum_top,CHOLAHLDNG,2023-06-19,2023-06-20,931.7866,2023-06-23,866.5615,STOP,1,-65.2251,19.7316,-84.9567,-0.090977,-0.076013,0.0,4,False
momentum_top,KIRLOSBROS,2023-06-19,2023-06-20,603.0581,2023-06-23,560.844,STOP,1,-42.2141,18.3904,-60.6045,-0.100276,-0.079608,0.001794,4,False
momentum_top,JBMA,2023-06-19,2023-06-20,502.0207,2023-06-28,595.7291,TARGET,1,93.7083,18.2406,75.4677,0.15,-0.007586,0.251426,7,False
momentum_top,INOXWIND,2023-06-19,2023-06-20,40.6875,2023-06-22,37.8394,STOP,24,-68.355,19.914,-88.269,-0.090196,-0.078034,0.027957,3,False
momentum_top,CEMPRO,2023-06-19,2023-06-20,164.7238,2023-06-27,161.71,MOMENTUM_FAIL,6,-18.0831,20.0664,-38.1495,-0.038515,-0.062388,0.037492,6,False
momentum_top,JINDALSAW,2023-06-19,2023-06-20,115.9907,2023-07-05,135.949,TARGET,8,159.6663,20.1732,139.4931,0.15,-0.040756,0.180672,11,False
momentum_top,CHENNPETRO,2023-06-19,2023-06-20,331.7495,2023-06-27,327.8748,MOMENTUM_FAIL,3,-11.624,20.1087,-31.7327,-0.031815,-0.055351,0.026787,6,False
momentum_top,RKFORGE,2023-06-19,2023-06-20,429.2868,2023-07-12,460.3047,TIME,2,62.0357,19.6816,42.3541,0.049223,-0.017341,0.132948,16,False
momentum_top,FACT,2023-06-26,2023-06-27,419.0672,2023-07-13,491.9476,TARGET,2,145.7608,19.7658,125.995,0.15,0.0,0.21477,12,False
momentum_top,MAZDOCK,2023-06-26,2023-06-27,616.9843,2023-07-11,728.4965,TARGET,1,111.5122,18.7623,92.75,0.15,-0.031496,0.253425,10,False
momentum_top,TITAGARH,2023-06-26,2023-06-27,488.2534,2023-07-19,571.8484,TARGET,2,167.1899,20.3937,146.7963,0.15,-0.016327,0.224081,16,False
momentum_top,SUZLON,2023-06-26,2023-06-27,14.05,2023-07-03,16.4507,TARGET,71,170.4488,20.4892,149.9596,0.15,0.0,0.195729,4,False
momentum_top,RVNL,2023-06-26,2023-06-27,121.6494,2023-07-05,121.9442,MOMENTUM_FAIL,8,2.3582,20.0441,-17.6858,-0.018133,-0.022617,0.017771,6,False
momentum_top,GVT&D,2023-06-26,2023-06-27,212.7778,2023-07-18,254.5974,TARGET,4,167.2784,19.8644,147.414,0.172824,-0.018462,0.224352,15,False
momentum_top,JINDALSAW,2023-06-26,2023-06-27,120.1819,2023-07-10,140.7893,TARGET,8,164.859,20.3254,144.5336,0.15,0.0,0.228711,9,False
momentum_top,JWL,2023-06-26,2023-06-27,158.5499,2023-07-03,185.7642,TARGET,6,163.2861,20.2793,143.0068,0.15,0.0,0.176581,4,False
momentum_top,SCHNEIDER,2023-06-26,2023-06-27,265.9,2023-07-19,297.8,TIME,3,95.7,19.4931,76.2069,0.095325,-0.037232,0.158706,16,False
momentum_top,HEGAM,2023-06-26,2023-06-27,310.766,2023-07-05,306.707,MOMENTUM_FAIL,3,-12.177,19.8418,-32.0188,-0.034269,-0.036104,0.022673,6,False
momentum_top,CHOLAHLDNG,2023-06-26,2023-06-27,877.8675,2023-07-19,922.7584,TIME,1,44.8909,19.7282,25.1628,0.028601,0.0,0.096591,16,False
momentum_top,TARIL,2023-06-26,2023-06-27,46.3439,2023-07-13,54.2812,TARGET,21,166.6814,20.3788,146.3026,0.15,0.0,0.200538,12,False
momentum_top,JBMA,2023-06-26,2023-06-27,532.263,2023-06-30,630.6547,TARGET,1,98.3918,18.3778,80.014,0.15,0.0,0.280256,3,False
momentum_top,SYRMA,2023-06-26,2023-06-27,433.7888,2023-07-19,471.4406,TIME,2,75.3037,19.7466,55.5571,0.063897,-0.00137,0.169141,16,False
momentum_top,HBLENGINE,2023-06-26,2023-06-27,151.3325,2023-07-05,154.8554,MOMENTUM_FAIL,6,21.137,19.807,1.33,0.001462,-0.021311,0.042295,6,False
momentum_top,CHENNPETRO,2023-06-26,2023-06-27,322.147,2023-07-07,377.3574,TARGET,3,165.6311,20.348,145.2831,0.15,0.0,0.198849,8,False
momentum_top,RKFORGE,2023-06-26,2023-06-27,451.0241,2023-07-05,441.0984,MOMENTUM_FAIL,2,-19.8514,19.6984,-39.5499,-0.043749,-0.040933,0.045114,6,False
momentum_top,FACT,2023-07-03,2023-07-04,461.4772,2023-07-25,476.1288,TIME,2,29.3033,19.8868,9.4165,0.01018,-0.060043,0.103132,16,False
momentum_top,JBMA,2023-07-03,2023-07-04,691.9618,2023-07-06,643.5245,STOP,1,-48.4373,18.7531,-67.1905,-0.09689,-0.082734,0.092086,3,False
momentum_top,MAZDOCK,2023-07-03,2023-07-04,630.2471,2023-07-11,743.8133,TARGET,1,113.5662,18.8224,94.7438,0.15,-0.013336,0.227048,6,False
momentum_top,JWL,2023-07-03,2023-07-04,181.682,2023-07-10,168.9643,STOP,5,-63.5887,19.6362,-83.225,-0.091416,-0.07459,0.002732,5,False
momentum_top,TITAGARH,2023-07-03,2023-07-04,513.1643,2023-07-11,509.627,MOMENTUM_FAIL,1,-3.5374,18.0896,-21.627,-0.042052,-0.064078,0.031068,6,False
momentum_top,JINDALSAW,2023-07-03,2023-07-04,131.9028,2023-07-11,154.6104,TARGET,7,158.9531,20.1523,138.8008,0.15,-0.029189,0.179752,6,False
momentum_top,GVT&D,2023-07-03,2023-07-04,220.7837,2023-07-11,218.4963,MOMENTUM_FAIL,4,-9.1496,19.6404,-28.7899,-0.032529,-0.054054,0.018018,6,False
momentum_top,TARIL,2023-07-03,2023-07-04,50.8288,2023-07-11,49.9568,MOMENTUM_FAIL,19,-16.5692,19.9741,-36.5433,-0.037757,-0.051471,0.013725,6,False
momentum_top,INOXWIND,2023-07-03,2023-07-04,40.925,2023-07-10,47.928,TARGET,24,168.0716,20.4195,147.6521,0.15,-0.010996,0.23763,5,False
momentum_top,HEGAM,2023-07-03,2023-07-04,312.6615,2023-07-11,301.1353,MOMENTUM_FAIL,3,-34.5786,19.8202,-54.3988,-0.057869,-0.053521,0.003062,6,False
momentum_top,CHOLAHLDNG,2023-07-03,2023-07-04,922.7585,2023-07-11,931.8364,MOMENTUM_FAIL,1,9.078,19.8448,-10.7668,-0.011643,-0.024865,0.032162,6,False
momentum_top,RVNL,2023-07-03,2023-07-04,119.6841,2023-07-11,118.8489,MOMENTUM_FAIL,8,-6.6819,19.9593,-26.6412,-0.027764,-0.009442,0.034483,6,False
momentum_top,SYRMA,2023-07-03,2023-07-04,442.6568,2023-07-11,445.4312,MOMENTUM_FAIL,2,5.5487,19.6795,-14.1308,-0.015927,-0.019586,0.02451,6,False
momentum_top,LTF,2023-07-03,2023-07-04,128.0612,2023-07-11,125.885,MOMENTUM_FAIL,7,-15.233,19.6841,-34.9171,-0.038866,-0.055042,0.00628,6,False
momentum_top,CHENNPETRO,2023-07-03,2023-07-04,339.8358,2023-07-25,337.3509,TIME,2,-4.9698,18.7898,-23.7595,-0.034881,-0.014128,0.136448,16,False
momentum_top,PFOCUS,2023-07-03,2023-07-04,124.8,2023-07-11,126.1,MOMENTUM_FAIL,7,9.1,19.6373,-10.5373,-0.012036,-0.035256,0.036859,6,False
momentum_top,SCHNEIDER,2023-07-03,2023-07-04,262.65,2023-07-25,280.7,TIME,3,54.1501,19.3673,34.7827,0.044047,0.0,0.173044,16,False
momentum_top,SUZLON,2023-07-10,2023-07-11,17.5,2023-07-24,20.55,TARGET,57,173.85,20.4959,153.3541,0.153403,-0.011429,0.174286,10,False
momentum_top,INOXWIND,2023-07-10,2023-07-11,48.95,2023-07-18,46.85,MOMENTUM_FAIL,20,-42.0,19.9783,-61.9783,-0.06317,-0.063075,0.038049,6,False
momentum_top,MAZDOCK,2023-07-10,2023-07-11,723.8634,2023-07-13,851.9276,TARGET,1,128.0641,19.2472,108.8169,0.15,0.0,0.185705,3,False
momentum_top,JINDALSAW,2023-07-10,2023-07-11,147.4008,2023-07-19,172.8885,TARGET,6,152.9265,19.9757,132.9507,0.15,0.0,0.189453,7,False
momentum_top,JBMA,2023-07-10,2023-07-11,681.4828,2023-08-01,697.4626,TIME,1,15.9798,18.8401,-2.8602,-0.004188,-0.057672,0.124658,16,False
momentum_top,JWL,2023-07-10,2023-07-11,172.0023,2023-07-21,201.832,TARGET,5,149.1488,19.8651,129.2837,0.15,-0.012121,0.183261,9,False
momentum_top,TITAGARH,2023-07-10,2023-07-11,498.2178,2023-07-19,583.3559,TARGET,2,170.2762,20.4841,149.7921,0.15,0.0,0.1996,7,False
momentum_top,CHENNPETRO,2023-07-10,2023-07-11,362.9155,2023-07-25,336.9298,GAP_STOP,2,-51.9714,18.889,-70.8604,-0.097414,-0.076825,0.054775,11,False
momentum_top,SCHNEIDER,2023-07-10,2023-07-11,277.0,2023-08-01,283.8,TIME,3,20.4,19.4804,0.9196,0.001104,-0.022022,0.112274,16,False
momentum_top,RVNL,2023-07-10,2023-07-11,120.8633,2023-07-18,117.5715,MOMENTUM_FAIL,8,-26.3345,19.9591,-46.2936,-0.047774,-0.048374,0.0,6,False
momentum_top,CHOLAHLDNG,2023-07-10,2023-07-11,937.6224,2023-07-18,914.8776,MOMENTUM_FAIL,1,-22.7449,19.8428,-42.5876,-0.045322,-0.031812,0.020853,6,False
momentum_top,THANGAMAYL,2023-07-10,2023-07-11,820.8285,2023-07-24,963.9092,TARGET,1,143.0807,19.6873,123.3934,0.15,-0.052474,0.24078,10,False
momentum_top,ENGINERSIN,2023-07-10,2023-07-11,113.0597,2023-07-24,132.5641,TARGET,8,156.0351,20.0668,135.9682,0.15,-0.007063,0.183216,10,False
momentum_top,FACT,2023-07-10,2023-07-11,457.1913,2023-08-01,493.8204,TIME,2,73.2582,19.9401,53.3181,0.058183,0.0,0.113473,16,False
momentum_top,GVT&D,2023-07-10,2023-07-11,216.1592,2023-07-18,254.5974,TARGET,4,153.7529,19.894,133.8589,0.154478,-0.021164,0.205199,6,False
momentum_top,MAZDOCK,2023-07-17,2023-07-18,849.7866,2023-08-08,883.7449,TIME,1,33.9584,19.5873,14.371,0.016874,-0.017179,0.167391,16,False
momentum_top,SUZLON,2023-07-17,2023-07-18,18.3,2023-08-08,18.6,TIME,54,16.2001,20.1356,-3.9356,-0.003974,-0.046448,0.136612,16,False
momentum_top,JINDALSAW,2023-07-17,2023-07-18,168.6251,2023-07-28,156.8213,STOP,5,-59.0188,19.3699,-78.3887,-0.092771,-0.089595,0.111272,9,False
momentum_top,ZENTEC,2023-07-17,2023-07-18,611.7028,2023-08-08,734.9608,TARGET,1,123.258,18.7639,104.4941,0.170452,-0.054695,0.21014,16,False
momentum_top,INOXWIND,2023-07-17,2023-07-18,47.85,2023-08-08,56.0584,TARGET,20,164.169,20.3052,143.8638,0.15,-0.035005,0.193312,16,False
momentum_top,JBMA,2023-07-17,2023-07-18,735.8442,2023-07-18,684.3351,STOP,1,-51.5091,18.9322,-70.4413,-0.09552,0.0,0.0,1,False
momentum_top,KALYANKJIL,2023-07-17,2023-07-18,180.0453,2023-07-21,167.4422,STOP,5,-63.0159,19.6028,-82.6187,-0.091575,-0.078189,0.0,4,False
momentum_top,JWL,2023-07-17,2023-07-18,179.9943,2023-07-24,211.0617,TARGET,5,155.3372,20.0464,135.2908,0.15,-0.021511,0.173194,5,False
momentum_top,GVT&D,2023-07-17,2023-07-18,254.5974,2023-07-25,253.1554,MOMENTUM_FAIL,3,-4.3262,19.1463,-23.4724,-0.030664,-0.062305,0.019727,6,False
momentum_top,SCHNEIDER,2023-07-17,2023-07-18,278.75,2023-08-08,290.1,TIME,3,34.05,19.5304,14.5197,0.017325,-0.023856,0.097579,16,False
momentum_top,SYRMA,2023-07-17,2023-07-18,487.294,2023-07-25,468.369,MOMENTUM_FAIL,2,-37.85,19.9681,-57.8181,-0.059196,-0.05429,0.0,6,False
momentum_top,THANGAMAYL,2023-07-17,2023-07-18,870.792,2023-07-25,1021.6103,TARGET,1,150.8183,19.914,130.9044,0.15,-0.036009,0.315998,6,False
momentum_top,BSE,2023-07-17,2023-07-18,245.2815,2023-07-25,239.6774,MOMENTUM_FAIL,4,-22.4164,20.0271,-42.4435,-0.043166,-0.038874,0.0,6,False
momentum_top,ZENSARTECH,2023-07-17,2023-07-18,414.0034,2023-08-08,455.3382,TIME,2,82.6697,19.5946,63.0751,0.076011,-0.013267,0.152743,16,False
momentum_top,HBLENGINE,2023-07-17,2023-07-18,167.3093,2023-07-25,166.2177,MOMENTUM_FAIL,5,-5.4579,19.4512,-24.9091,-0.029711,-0.024021,0.022835,6,False
momentum_top,MAZDOCK,2023-07-24,2023-07-25,971.6288,2023-07-25,903.6147,STOP,1,-68.014,19.8942,-87.9082,-0.090278,0.0,0.0,1,False
momentum_top,SUZLON,2023-07-24,2023-07-25,20.25,2023-07-26,18.05,GAP_STOP,49,-107.8,19.9002,-127.7003,-0.128417,-0.108642,0.0,2,False
momentum_top,JINDALSAW,2023-07-24,2023-07-25,176.301,2023-07-28,163.9599,STOP,5,-61.7053,19.5265,-81.2318,-0.09195,-0.129233,0.036213,4,False
momentum_top,ZENTEC,2023-07-24,2023-07-25,615.2929,2023-08-08,734.9608,TARGET,1,119.668,18.7717,100.8962,0.163623,-0.060211,0.203079,11,False
momentum_top,INOXWIND,2023-07-24,2023-07-25,53.225,2023-08-01,52.1625,MOMENTUM_FAIL,18,-19.125,19.9364,-39.0614,-0.040683,-0.034758,0.03969,6,False
momentum_top,JWL,2023-07-24,2023-07-25,210.8207,2023-08-01,196.0632,STOP,4,-59.0298,19.3705,-78.4003,-0.092768,-0.076289,0.10478,6,False
momentum_top,TITAGARH,2023-07-24,2023-07-25,639.612,2023-08-16,670.2524,TIME,1,30.6405,18.6931,11.9473,0.018638,-0.04954,0.088955,16,False
momentum_top,ELECON,2023-07-24,2023-07-25,365.9101,2023-08-16,410.1293,TIME,2,88.4383,19.2002,69.2382,0.094405,-0.016104,0.13668,16,False
momentum_top,ENGINERSIN,2023-07-24,2023-07-25,134.2437,2023-08-16,139.5045,TIME,7,36.8253,19.9728,16.8525,0.017895,0.0,0.124563,16,False
momentum_top,ZENSARTECH,2023-07-24,2023-07-25,446.4926,2023-08-16,485.6121,TIME,2,78.2391,19.8599,58.3792,0.065233,-0.00784,0.121093,16,False
momentum_top,KALYANKJIL,2023-07-24,2023-07-25,171.6482,2023-08-01,170.4627,MOMENTUM_FAIL,5,-5.9275,19.5418,-25.4693,-0.029611,-0.013525,0.022734,6,False
momentum_top,JBMA,2023-07-24,2023-07-25,677.2763,2023-08-11,629.867,STOP,1,-47.4093,18.6932,-66.1026,-0.097388,-0.103271,0.083315,14,False
momentum_top,KIRLOSBROS,2023-07-24,2023-07-25,700.8838,2023-08-01,825.3892,TARGET,1,124.5054,19.143,105.3624,0.15,0.0,0.200735,6,False
momentum_top,SYRMA,2023-07-24,2023-07-25,468.6663,2023-08-16,445.0844,TIME,2,-47.1639,19.7918,-66.9557,-0.071276,-0.052854,0.093023,16,False
momentum_top,MAZDOCK,2023-07-31,2023-08-01,927.9055,2023-08-08,883.7449,MOMENTUM_FAIL,1,-44.1606,19.7581,-63.9187,-0.068735,-0.068063,0.0,6,False
momentum_top,ZENTEC,2023-07-31,2023-08-01,619.5311,2023-08-08,734.9608,TARGET,1,115.4297,18.781,96.6487,0.155663,-0.06664,0.194849,6,False
momentum_top,JINDALSAW,2023-07-31,2023-08-01,161.5097,2023-08-02,150.204,STOP,6,-67.8341,19.8837,-87.7178,-0.090321,-0.08268,0.005733,2,False
momentum_top,TITAGARH,2023-07-31,2023-08-01,651.6689,2023-08-08,648.4304,MOMENTUM_FAIL,1,-3.2385,18.675,-21.9135,-0.033553,-0.033639,0.031345,6,False
momentum_top,JWL,2023-07-31,2023-08-01,196.7229,2023-08-08,231.3219,TARGET,5,172.9951,20.4355,152.5595,0.154763,-0.015645,0.175877,6,False
momentum_top,HBLENGINE,2023-07-31,2023-08-01,192.0187,2023-08-07,224.9483,TARGET,5,164.648,20.3192,144.3288,0.15,-0.037726,0.236176,5,False
momentum_top,INOXWIND,2023-07-31,2023-08-01,53.025,2023-08-02,49.3133,STOP,18,-66.8115,19.8241,-86.6356,-0.090572,-0.07025,0.0,2,False
momentum_top,SARDAEN,2023-07-31,2023-08-01,200.7064,2023-08-02,186.6569,STOP,4,-56.1978,19.2055,-75.4032,-0.093717,-0.086035,0.0,2,False
momentum_top,KIRLOSBROS,2023-07-31,2023-08-01,767.2693,2023-08-11,902.0556,TARGET,1,134.7862,19.4442,115.342,0.15,0.0,0.207304,9,False
momentum_top,GALLANTT,2023-07-31,2023-08-01,91.8127,2023-08-02,85.3858,STOP,10,-64.2689,19.6759,-83.9447,-0.091231,-0.081578,0.0,2,False
momentum_top,ELECON,2023-07-31,2023-08-01,375.2689,2023-08-23,420.1814,TIME,2,89.825,19.282,70.543,0.093785,0.0,0.140463,16,False
momentum_top,LODHA,2023-07-31,2023-08-01,752.5143,2023-08-04,699.8383,STOP,1,-52.676,19.0002,-71.6762,-0.095041,-0.076316,0.001842,4,False
momentum_top,JBMA,2023-07-31,2023-08-01,701.943,2023-08-02,652.807,STOP,1,-49.136,18.7939,-67.9299,-0.096563,-0.074359,0.0,2,False
momentum_top,MAZDOCK,2023-08-07,2023-08-08,886.5384,2023-08-30,905.5337,TIME,1,18.9953,19.712,-0.7167,-0.000807,-0.060717,0.088281,16,False
momentum_top,HBLENGINE,2023-08-07,2023-08-08,232.2086,2023-08-10,215.954,STOP,4,-65.0184,19.7196,-84.738,-0.091031,-0.098291,0.0,3,False
momentum_top,SUZLON,2023-08-07,2023-08-08,18.65,2023-08-23,21.8394,TARGET,53,169.0395,20.4479,148.5916,0.15,0.0,0.171582,11,False
momentum_top,JINDALSAW,2023-08-07,2023-08-08,157.6109,2023-08-30,162.0945,TIME,6,26.9021,19.9778,6.9243,0.007306,-0.06478,0.092146,16,False
momentum_top,TITAGARH,2023-08-07,2023-08-08,649.676,2023-08-24,766.251,TARGET,1,116.575,18.9106,97.6644,0.15,-0.064264,0.247393,12,False
momentum_top,JBMA,2023-08-07,2023-08-08,674.3641,2023-08-11,627.1586,STOP,1,-47.2055,18.6813,-65.8868,-0.097489,-0.099398,0.0,4,False
momentum_top,RKFORGE,2023-08-07,2023-08-08,586.6093,2023-08-16,591.0262,MOMENTUM_FAIL,1,4.417,18.4159,-13.9989,-0.023812,-0.046531,0.014298,6,False
momentum_top,NAVA,2023-08-07,2023-08-08,182.3212,2023-08-30,192.7672,TIME,5,52.23,19.8856,32.3444,0.035403,-0.012467,0.111406,16,False
momentum_top,SARDAEN,2023-08-07,2023-08-08,187.0024,2023-08-08,173.9122,STOP,5,-65.4508,19.7448,-85.1956,-0.090918,0.0,0.0,1,False
momentum_top,KIRLOSBROS,2023-08-07,2023-08-08,867.8128,2023-08-16,807.0659,STOP,1,-60.7469,19.4706,-80.2175,-0.092235,-0.107473,0.132573,6,False
momentum_top,PFC,2023-08-07,2023-08-08,190.0094,2023-08-16,185.9277,MOMENTUM_FAIL,5,-20.4084,19.9,-40.3084,-0.042335,-0.04463,0.009444,6,False
momentum_top,ACE,2023-08-07,2023-08-08,738.9383,2023-08-30,772.9487,TIME,1,34.0104,19.1194,14.891,0.020108,-0.000202,0.104905,16,False
momentum_top,MAZDOCK,2023-08-14,2023-08-16,909.9304,2023-09-06,925.9622,TIME,1,16.0318,19.8048,-3.773,-0.004137,-0.03094,0.060304,16,False
momentum_top,SUZLON,2023-08-14,2023-08-16,20.05,2023-08-28,23.4808,TARGET,49,168.1103,20.4207,147.6897,0.15,-0.032419,0.17207,9,False
momentum_top,HBLENGINE,2023-08-14,2023-08-16,229.7774,2023-08-22,269.3526,TARGET,4,158.3011,20.1332,138.1678,0.15,0.0,0.234722,5,False
momentum_top,KALYANKJIL,2023-08-14,2023-08-16,205.7911,2023-08-31,241.6517,TARGET,4,143.4425,19.6979,123.7446,0.15,0.0,0.25662,12,False
momentum_top,TITAGARH,2023-08-14,2023-08-16,651.7187,2023-08-24,768.6101,TARGET,1,116.8914,18.9199,97.9715,0.15,-0.032184,0.243483,7,False
momentum_top,JINDALSAW,2023-08-14,2023-08-16,163.6054,2023-08-23,149.1065,MOMENTUM_FAIL,6,-86.9931,19.8978,-106.8908,-0.108653,-0.099047,0.009532,6,False
momentum_top,RECLTD,2023-08-14,2023-08-16,192.8739,2023-09-06,205.7643,TIME,5,64.452,20.1332,44.3188,0.045856,0.0,0.133212,16,False
momentum_top,INOXWIND,2023-08-14,2023-08-16,49.5,2023-08-23,50.9375,MOMENTUM_FAIL,20,28.75,20.1688,8.5812,0.008649,-0.060606,0.046717,6,False
momentum_top,JBMA,2023-08-14,2023-08-16,651.6139,2023-08-21,768.4891,TARGET,1,116.8752,18.9194,97.9558,0.15,0.0,0.186447,4,False
momentum_top,BSE,2023-08-14,2023-08-16,286.715,2023-08-31,336.4382,TARGET,3,149.1695,19.8657,129.3038,0.15,-0.034544,0.247155,12,False
momentum_top,SARDAEN,2023-08-14,2023-08-16,189.9066,2023-08-31,222.5091,TARGET,5,163.0126,20.2713,142.7413,0.15,-0.029549,0.182478,12,False
momentum_top,SCHNEIDER,2023-08-14,2023-08-16,314.55,2023-09-06,358.9,TIME,3,133.05,20.1854,112.8646,0.119343,0.0,0.158957,16,False
momentum_top,ACE,2023-08-14,2023-08-16,766.4499,2023-09-04,712.7984,STOP,1,-53.6515,19.0571,-72.7085,-0.094657,-0.078778,0.065245,14,False
momentum_top,ANANDRATHI,2023-08-14,2023-08-16,353.1277,2023-08-23,347.0174,MOMENTUM_FAIL,2,-12.2205,18.8872,-31.1077,-0.04395,-0.058085,0.002442,6,False
momentum_top,NAVA,2023-08-14,2023-08-16,201.6657,2023-08-17,187.5491,STOP,4,-56.4664,19.2211,-75.6875,-0.093623,-0.08753,0.0,2,False
momentum_top,MAZDOCK,2023-08-21,2023-08-22,912.3108,2023-08-29,883.4293,MOMENTUM_FAIL,1,-28.8815,19.7234,-48.6049,-0.05316,-0.033468,0.017626,6,False
momentum_top,HBLENGINE,2023-08-21,2023-08-22,259.0515,2023-09-12,240.9179,STOP,3,-54.4008,19.1007,-73.5015,-0.094371,-0.104003,0.129669,16,False
momentum_top,ZENTEC,2023-08-21,2023-08-22,807.6592,2023-09-12,775.0369,TIME,1,-32.6223,19.2739,-51.8962,-0.064115,-0.048666,0.055686,16,False
momentum_top,KALYANKJIL,2023-08-21,2023-08-22,219.3157,2023-08-29,225.756,MOMENTUM_FAIL,4,25.761,19.6867,6.0744,0.006909,-0.05105,0.038401,6,False
momentum_top,SUZLON,2023-08-21,2023-08-22,19.95,2023-08-28,23.4,TARGET,50,172.4999,20.4931,152.0068,0.152055,0.0,0.177945,5,False
momentum_top,TITAGARH,2023-08-21,2023-08-22,689.3839,2023-08-25,812.1083,TARGET,1,122.7244,19.0908,103.6337,0.15,-0.006071,0.19708,4,False
momentum_top,JBMA,2023-08-21,2023-08-22,769.4963,2023-08-29,753.4169,MOMENTUM_FAIL,1,-16.0794,19.1464,-35.2258,-0.045678,-0.048197,0.040045,6,False
momentum_top,RECLTD,2023-08-21,2023-08-22,210.3242,2023-08-29,214.2702,MOMENTUM_FAIL,4,15.7843,19.5145,-3.7302,-0.004424,-0.018136,0.02981,6,False
momentum_top,GVT&D,2023-08-21,2023-08-22,351.0163,2023-08-29,327.3964,MOMENTUM_FAIL,2,-47.2397,18.7981,-66.0379,-0.093861,-0.06729,0.044766,6,False
momentum_top,RKFORGE,2023-08-21,2023-08-22,649.1412,2023-08-29,648.7442,MOMENTUM_FAIL,1,-0.397,18.6702,-19.0672,-0.029309,-0.018272,0.039755,6,False
momentum_top,COCHINSHIP,2023-08-21,2023-08-22,406.876,2023-08-29,410.8617,MOMENTUM_FAIL,2,7.9714,19.3823,-11.4109,-0.013992,-0.019293,0.04862,6,False
momentum_top,SARDAEN,2023-08-21,2023-08-22,200.6375,2023-09-01,235.7,TARGET,4,140.25,19.6043,120.6457,0.15,-0.016192,0.215898,9,False
momentum_top,GALLANTT,2023-08-21,2023-08-22,93.1023,2023-08-25,86.5851,STOP,10,-65.1716,19.7285,-84.9001,-0.090991,-0.071391,0.0,4,False
momentum_top,J&KBANK,2023-08-21,2023-08-22,89.2094,2023-08-29,83.4896,MOMENTUM_FAIL,11,-62.9176,19.9454,-82.863,-0.084258,-0.067888,0.023707,6,False
momentum_top,HBLENGINE,2023-08-28,2023-08-29,281.8259,2023-08-30,262.0981,STOP,3,-59.1834,19.3795,-78.5629,-0.092719,-0.091549,0.0,2,False
momentum_top,MAZDOCK,2023-08-28,2023-08-29,893.4128,2023-09-08,1058.1038,TARGET,1,164.691,20.0377,144.6532,0.161558,-0.009244,0.351115,9,False
momentum_top,TITAGARH,2023-08-28,2023-08-29,782.2018,2023-08-29,727.4477,STOP,1,-54.7541,19.1213,-73.8754,-0.094239,0.0,0.0,1,False
momentum_top,ZENTEC,2023-08-28,2023-08-29,811.3988,2023-09-05,833.1883,MOMENTUM_FAIL,1,21.7895,19.4005,2.389,0.002938,-0.01524,0.049591,6,False
momentum_top,SUZLON,2023-08-28,2023-08-29,24.0,2023-09-13,22.2,GAP_STOP,41,-73.8,19.9346,-93.7346,-0.095051,-0.095833,0.127083,12,False
momentum_top,KALYANKJIL,2023-08-28,2023-08-29,220.2074,2023-08-31,258.3006,TARGET,4,152.3728,19.9595,132.4133,0.15,0.0,0.174353,3,False
momentum_top,JBMA,2023-08-28,2023-08-29,780.2243,2023-08-31,725.6086,STOP,1,-54.6157,19.1132,-73.7289,-0.094291,-0.07229,0.0,3,False
momentum_top,GVT&D,2023-08-28,2023-08-29,347.0879,2023-08-30,318.4457,GAP_STOP,2,-57.2844,18.7445,-76.0289,-0.109285,-0.103868,0.0,2,False
momentum_top,GABRIEL,2023-08-28,2023-08-29,319.7734,2023-09-05,322.569,MOMENTUM_FAIL,3,8.3866,19.9978,-11.6111,-0.012077,-0.046012,0.041871,6,False
momentum_top,SARDAEN,2023-08-28,2023-08-29,207.4304,2023-09-01,243.5449,TARGET,4,144.4579,19.7276,124.7303,0.15,-0.017086,0.17608,4,False
momentum_top,RECLTD,2023-08-28,2023-08-29,213.9633,2023-09-05,210.7188,MOMENTUM_FAIL,4,-12.9781,19.5174,-32.4954,-0.037886,-0.055123,0.021516,6,False
momentum_top,GRSE,2023-08-28,2023-08-29,788.2403,2023-09-05,807.8977,MOMENTUM_FAIL,1,19.6574,19.2983,0.359,0.000454,-0.028765,0.040741,6,False
momentum_top,RKFORGE,2023-08-28,2023-08-29,657.0818,2023-09-12,611.0861,STOP,1,-45.9957,18.6108,-64.6066,-0.098109,-0.097281,0.137387,11,False
momentum_top,SJVN,2023-08-28,2023-08-29,58.9614,2023-09-11,69.0902,TARGET,16,162.0602,20.2434,141.8168,0.15,-0.0216,0.2288,10,False
momentum_top,COCHINSHIP,2023-08-28,2023-08-29,413.1462,2023-09-07,485.1096,TARGET,2,143.9269,19.712,124.2148,0.15,-0.008235,0.348412,8,False
momentum_top,JWL,2023-09-04,2023-09-05,382.2273,2023-09-12,355.4713,STOP,2,-53.5118,19.0489,-72.5607,-0.094711,-0.077208,0.067533,6,False
momentum_top,KALYANKJIL,2023-09-04,2023-09-05,249.7831,2023-09-06,232.2983,STOP,3,-52.4544,18.9873,-71.4417,-0.09513,-0.071797,0.0,2,False
momentum_top,HBLENGINE,2023-09-04,2023-09-05,281.7763,2023-09-12,242.4794,MOMENTUM_FAIL,3,-117.8907,19.2593,-137.15,-0.161891,-0.176264,0.0,6,False
momentum_top,BSE,2023-09-04,2023-09-05,395.5144,2023-09-06,367.8284,STOP,2,-55.372,19.1573,-74.5294,-0.094013,-0.076667,0.024167,2,False
momentum_top,TITAGARH,2023-09-04,2023-09-05,835.4116,2023-09-06,776.9328,STOP,1,-58.4788,19.3384,-77.8172,-0.092945,-0.0789,0.010377,2,False
momentum_top,SARDAEN,2023-09-04,2023-09-05,244.2993,2023-09-07,227.1983,STOP,4,-68.4038,19.9169,-88.3207,-0.090184,-0.105178,0.0,3,False
momentum_top,HSCL,2023-09-04,2023-09-05,253.9559,2023-09-12,236.179,STOP,3,-53.3307,19.0384,-72.3691,-0.094782,-0.092157,0.133137,6,False
momentum_top,MAZDOCK,2023-09-04,2023-09-05,932.1807,2023-09-08,1092.506,TARGET,1,160.3253,20.1925,140.1328,0.15,-0.017042,0.294924,4,False
momentum_top,ZENTEC,2023-09-04,2023-09-05,836.18,2023-09-12,775.0369,MOMENTUM_FAIL,1,-61.1431,19.3362,-80.4793,-0.096036,-0.081114,0.007513,6,False
momentum_top,RKFORGE,2023-09-04,2023-09-05,716.3384,2023-09-12,651.325,MOMENTUM_FAIL,1,-65.0134,18.8223,-83.8357,-0.116778,-0.171955,0.026049,6,False
momentum_top,SUZLON,2023-09-04,2023-09-05,24.6,2023-09-12,22.8,MOMENTUM_FAIL,40,-72.0,19.9383,-91.9383,-0.093229,-0.073171,0.014228,6,False
momentum_top,GABRIEL,2023-09-04,2023-09-05,314.1823,2023-09-12,286.4718,MOMENTUM_FAIL,3,-83.1313,19.7406,-102.8719,-0.108904,-0.124102,0.034655,6,False
momentum_top,RAILTEL,2023-09-04,2023-09-05,226.7864,2023-09-13,210.9114,STOP,4,-63.5002,19.6311,-83.1313,-0.091441,-0.117811,0.096137,7,False
momentum_top,SAMMAANCAP,2023-09-04,2023-09-05,171.5975,2023-09-12,146.8088,MOMENTUM_FAIL,5,-123.9437,19.3004,-143.2441,-0.166589,-0.152611,0.0,6,False
momentum_top,SJVN,2023-09-04,2023-09-05,61.7444,2023-09-11,72.3042,TARGET,16,168.956,20.4454,148.5106,0.15,-0.062643,0.173415,5,False
momentum_top,RECLTD,2023-09-04,2023-09-05,213.9195,2023-09-27,249.3462,TIME,4,141.7069,19.8316,121.8753,0.142121,-0.042222,0.172167,16,False
momentum_top,JWL,2023-09-11,2023-09-12,372.7978,2023-09-13,338.9974,GAP_STOP,2,-67.6007,18.9406,-86.5413,-0.115817,-0.101067,0.0,2,False
momentum_top,BSE,2023-09-11,2023-09-12,452.2049,2023-09-12,420.5505,STOP,2,-63.3087,19.6199,-82.9286,-0.091494,0.0,0.0,1,False
momentum_top,KALYANKJIL,2023-09-11,2023-09-12,246.2162,2023-09-12,228.981,STOP,4,-68.9405,19.9482,-88.8887,-0.090058,0.0,0.0,1,False
momentum_top,COCHINSHIP,2023-09-11,2023-09-12,582.8033,2023-09-12,542.0071,STOP,1,-40.7962,18.3078,-59.104,-0.101192,0.0,0.0,1,False
momentum_top,MMTC,2023-09-11,2023-09-12,66.1,2023-09-12,61.473,STOP,15,-69.405,19.9752,-89.3802,-0.08995,0.0,0.0,1,False
momentum_top,TITAGARH,2023-09-11,2023-09-12,823.9526,2023-09-12,766.276,STOP,1,-57.6767,19.2917,-76.9683,-0.09321,0.0,0.0,1,False
momentum_top,TARIL,2023-09-11,2023-09-12,77.3708,2023-09-12,71.9548,STOP,12,-64.9914,19.718,-84.7094,-0.091039,0.0,0.0,1,False
momentum_top,ZENTEC,2023-09-11,2023-09-12,808.951,2023-09-13,752.3245,STOP,1,-56.6266,19.2305,-75.857,-0.093568,-0.089827,0.0,2,False
momentum_top,RAILTEL,2023-09-11,2023-09-12,243.4305,2023-09-12,226.3903,STOP,4,-68.1605,19.9027,-88.0632,-0.090243,0.0,0.0,1,False
momentum_top,HSCL,2023-09-11,2023-09-12,257.8897,2023-09-12,239.8374,STOP,3,-54.1568,19.0865,-73.2433,-0.094464,0.0,0.0,1,False
momentum_top,J&KBANK,2023-09-11,2023-09-12,99.4954,2023-09-12,92.5307,STOP,10,-69.6468,19.9893,-89.6361,-0.089894,0.0,0.0,1,False
momentum_top,RECLTD,2023-09-11,2023-09-12,238.6919,2023-09-12,221.9835,STOP,4,-66.8337,19.8254,-86.6591,-0.090567,0.0,0.0,1,False
momentum_top,HBLENGINE,2023-09-11,2023-09-12,266.9407,2023-09-12,248.2548,STOP,3,-56.0575,19.1973,-75.2548,-0.093767,0.0,0.0,1,False
momentum_top,GMDCLTD,2023-09-11,2023-09-12,261.6228,2023-09-12,243.3092,STOP,3,-54.9408,19.1322,-74.073,-0.09417,0.0,0.0,1,False
momentum_top,RKFORGE,2023-09-11,2023-09-12,729.341,2023-09-12,678.2871,STOP,1,-51.0539,18.9057,-69.9595,-0.095712,0.0,0.0,1,False
momentum_top,IRFC,2023-09-18,2023-09-20,72.6307,2023-09-27,72.0573,MOMENTUM_FAIL,13,-7.4543,19.9017,-27.356,-0.028909,-0.061184,0.035526,6,False
momentum_top,JWL,2023-09-18,2023-09-20,326.5708,2023-09-22,303.7109,STOP,3,-68.5799,19.9271,-88.507,-0.090143,-0.076104,0.019178,3,False
momentum_top,BSE,2023-09-18,2023-09-20,410.0166,2023-09-22,381.3155,STOP,2,-57.4023,19.2757,-76.678,-0.093302,-0.071704,0.0,3,False
momentum_top,TARIL,2023-09-18,2023-09-20,85.3824,2023-09-21,79.4056,STOP,11,-65.7444,19.7619,-85.5063,-0.090842,-0.08594,0.0,2,False
momentum_top,IOB,2023-09-18,2023-09-20,45.4,2023-09-21,42.222,STOP,21,-66.738,19.8198,-86.5578,-0.09059,-0.081498,0.056167,2,False
momentum_top,SJVN,2023-09-18,2023-09-20,71.6499,2023-09-22,66.1612,GAP_STOP,13,-71.3531,19.7177,-91.0708,-0.09756,-0.079921,0.001009,3,False
momentum_top,GVT&D,2023-09-18,2023-09-20,400.792,2023-09-22,372.7366,STOP,2,-56.1109,19.2004,-75.3113,-0.093748,-0.076923,0.030521,3,False
momentum_top,KALYANKJIL,2023-09-18,2023-09-20,225.9046,2023-09-21,210.0912,STOP,4,-63.2533,19.6167,-82.87,-0.091509,-0.071053,0.0,2,False
momentum_top,COCHINSHIP,2023-09-18,2023-09-20,528.8271,2023-09-22,491.8092,STOP,1,-37.0179,18.0876,-55.1055,-0.103976,-0.080962,0.000379,3,False
momentum_top,ZENTEC,2023-09-18,2023-09-20,748.1051,2023-09-21,685.1646,GAP_STOP,1,-62.9405,18.9607,-81.9012,-0.109239,-0.084133,0.0,2,False
momentum_top,J&KBANK,2023-09-18,2023-09-20,103.1003,2023-09-27,102.4754,MOMENTUM_FAIL,9,-5.6238,19.8366,-25.4603,-0.027379,-0.022378,0.0331,6,False
momentum_top,CENTRALBK,2023-09-18,2023-09-20,48.5771,2023-09-21,45.1767,STOP,20,-68.0079,19.8938,-87.9017,-0.090279,-0.083333,0.008928,2,False
momentum_top,MMTC,2023-09-18,2023-09-20,59.5,2023-09-27,57.85,MOMENTUM_FAIL,16,-26.4,19.896,-46.296,-0.048524,-0.062185,0.042017,6,False
momentum_top,SUZLON,2023-09-18,2023-09-20,24.95,2023-10-05,29.2232,TARGET,39,166.6546,20.378,146.2766,0.15,-0.018036,0.182365,11,False
momentum_top,HSCL,2023-09-18,2023-09-20,238.9177,2023-10-12,254.5535,TIME,4,62.543,20.0926,42.4504,0.044323,-0.041267,0.092747,16,False
momentum_top,HBLENGINE,2023-09-18,2023-09-20,261.4372,2023-09-22,243.1366,STOP,3,-54.9018,19.1299,-74.0317,-0.094185,-0.073004,0.0,3,False
momentum_top,SAMMAANCAP,2023-09-18,2023-09-20,174.8789,2023-09-22,162.6374,STOP,5,-61.2076,19.4975,-80.7051,-0.092097,-0.076749,0.016608,3,False
momentum_top,GMDCLTD,2023-09-18,2023-09-20,262.525,2023-09-27,268.1744,MOMENTUM_FAIL,3,16.9482,19.29,-2.3418,-0.002967,-0.057086,0.032263,6,False
momentum_top,MAHABANK,2023-09-18,2023-09-20,43.5449,2023-09-27,43.6369,MOMENTUM_FAIL,22,2.0254,19.9792,-17.9538,-0.0187,-0.063425,0.021142,6,False
momentum_top,IRFC,2023-09-25,2023-09-26,73.7775,2023-10-04,71.7228,MOMENTUM_FAIL,13,-26.7109,19.9254,-46.6363,-0.048519,-0.044041,0.007772,6,False
momentum_top,BSE,2023-09-25,2023-09-26,399.7003,2023-10-09,469.5814,TARGET,2,139.7623,19.59,120.1722,0.15,0.0,0.187433,9,False
momentum_top,J&KBANK,2023-09-25,2023-09-26,103.8213,2023-10-04,101.5141,MOMENTUM_FAIL,9,-20.7643,19.8331,-40.5974,-0.043353,-0.039815,0.018518,6,False
momentum_top,IFCI,2023-09-25,2023-09-26,22.2,2023-09-27,26.0008,TARGET,44,167.2354,20.395,146.8403,0.15,0.0,0.198198,2,False
momentum_top,MMTC,2023-09-25,2023-09-26,60.1,2023-10-04,58.75,MOMENTUM_FAIL,16,-21.6,19.9463,-41.5463,-0.043111,-0.046589,0.019967,6,False
momentum_top,ANANDRATHI,2023-09-25,2023-09-26,400.8151,2023-10-09,470.8689,TARGET,2,140.1076,19.6001,120.5074,0.15,0.0,0.212196,9,False
momentum_top,HSCL,2023-09-25,2023-09-26,246.5364,2023-10-04,246.636,MOMENTUM_FAIL,4,0.3983,20.0948,-19.6964,-0.01993,-0.030095,0.04181,6,False
momentum_top,ITI,2023-09-25,2023-09-26,196.95,2023-10-10,230.6433,TARGET,5,168.4665,20.4311,148.0354,0.15,-0.064737,0.191673,10,False
momentum_top,ZENTEC,2023-09-25,2023-09-26,766.0597,2023-10-04,731.2978,MOMENTUM_FAIL,1,-34.7619,19.0939,-53.8557,-0.070149,-0.051432,0.035482,6,False
momentum_top,IOB,2023-09-25,2023-09-26,43.75,2023-10-18,43.1,TIME,22,-14.3,19.965,-34.265,-0.035522,-0.022857,0.168,16,False
momentum_top,GVT&D,2023-09-25,2023-09-26,388.9075,2023-10-18,385.178,TIME,2,-7.4589,19.1991,-26.658,-0.034198,-0.0257,0.150748,16,False
momentum_top,CENTRALBK,2023-09-25,2023-09-26,48.4325,2023-10-09,45.0422,STOP,20,-67.8055,19.882,-87.6875,-0.090328,-0.075622,0.083582,9,False
momentum_top,COCHINSHIP,2023-09-25,2023-09-26,480.4068,2023-10-18,503.8033,TIME,2,46.793,20.0823,26.7107,0.027739,0.0,0.14651,16,False
momentum_top,SJVN,2023-09-25,2023-09-26,66.5415,2023-10-18,70.5815,TIME,14,56.5602,19.9787,36.5815,0.039183,-0.025,0.11,16,False
momentum_top,IRCON,2023-09-25,2023-09-26,137.3879,2023-10-04,136.1433,MOMENTUM_FAIL,7,-8.7122,19.9731,-28.6852,-0.029762,-0.021603,0.026133,6,False
momentum_top,JPPOWER,2023-09-25,2023-09-26,10.65,2023-10-04,9.55,MOMENTUM_FAIL,93,-102.2999,19.9038,-122.2038,-0.123113,-0.122066,0.0,6,False
momentum_top,SUZLON,2023-09-25,2023-09-26,25.6,2023-10-18,30.25,TARGET,38,176.7,20.3974,156.3026,0.160322,-0.021484,0.208984,16,False
momentum_top,RAILTEL,2023-09-25,2023-09-26,221.9198,2023-10-04,209.8505,MOMENTUM_FAIL,4,-48.2774,19.5799,-67.8572,-0.076277,-0.063597,0.0,6,False
momentum_top,JWL,2023-09-25,2023-09-26,272.3909,2023-09-28,325.0796,TARGET,3,158.0661,19.7023,138.3638,0.168951,0.0,0.218066,3,False
momentum_top,IRFC,2023-10-03,2023-10-04,73.0608,2023-10-09,67.9465,STOP,13,-66.4853,19.8051,-86.2904,-0.090654,-0.079791,0.0,4,False
momentum_top,GMDCLTD,2023-10-03,2023-10-04,307.1431,2023-10-10,360.0299,TARGET,3,158.6603,20.1438,138.5166,0.15,-0.031987,0.173707,5,False
momentum_top,GVT&D,2023-10-03,2023-10-04,429.6331,2023-10-09,397.8085,GAP_STOP,2,-63.6494,19.4286,-83.078,-0.096474,-0.107523,0.00463,4,False
momentum_top,HSCL,2023-10-03,2023-10-04,252.96,2023-10-09,235.2528,STOP,3,-53.1216,19.0262,-72.1478,-0.094864,-0.077953,0.0,4,False
momentum_top,ANANDRATHI,2023-10-03,2023-10-04,428.2005,2023-10-26,450.0735,TIME,2,43.7461,19.6352,24.1109,0.028092,0.0,0.13467,16,False
momentum_top,IFCI,2023-10-03,2023-10-04,24.0,2023-10-11,23.2,MOMENTUM_FAIL,41,-32.8,20.0181,-52.8181,-0.05356,-0.0625,0.025,6,False
momentum_top,BSE,2023-10-03,2023-10-04,429.7924,2023-10-19,504.3337,TARGET,2,149.0827,19.8631,129.2196,0.15,-0.013229,0.187117,12,False
momentum_top,COCHINSHIP,2023-10-03,2023-10-04,521.4725,2023-10-11,511.2123,MOMENTUM_FAIL,1,-10.2602,18.111,-28.3712,-0.054287,-0.041968,0.032855,6,False
momentum_top,ITI,2023-10-03,2023-10-04,200.7,2023-10-09,186.651,STOP,4,-56.196,19.2054,-75.4014,-0.093718,-0.082212,0.125561,4,False
momentum_top,RECLTD,2023-10-03,2023-10-04,255.7038,2023-10-11,255.7037,MOMENTUM_FAIL,3,-0.0001,19.1691,-19.1691,-0.024934,-0.047668,0.009088,6,False
momentum_top,HBLENGINE,2023-10-03,2023-10-04,279.5787,2023-10-23,260.0082,STOP,3,-58.7115,19.352,-78.0635,-0.09287,-0.072,0.1056,14,False
momentum_top,IOB,2023-10-03,2023-10-04,48.25,2023-10-09,44.8725,STOP,20,-67.55,19.8671,-87.4171,-0.09039,-0.110881,0.01658,4,False
momentum_top,MMTC,2023-10-03,2023-10-04,59.85,2023-10-09,54.0,GAP_STOP,16,-93.6,19.7828,-113.3828,-0.118145,-0.097744,0.0,4,False
momentum_top,ZENTEC,2023-10-03,2023-10-04,739.4272,2023-10-11,737.4322,MOMENTUM_FAIL,1,-1.995,19.0481,-21.0431,-0.028397,-0.051666,0.032241,6,False
momentum_top,IRCON,2023-10-03,2023-10-04,139.7814,2023-10-09,129.9967,STOP,7,-68.4929,19.9221,-88.415,-0.090163,-0.09863,0.0,4,False
momentum_top,JWL,2023-10-03,2023-10-04,306.1912,2023-10-25,284.7578,STOP,3,-64.3002,19.6777,-83.9779,-0.091223,-0.089123,0.063312,15,False
momentum_top,RAILTEL,2023-10-03,2023-10-04,214.9118,2023-10-11,207.0765,MOMENTUM_FAIL,4,-31.3412,19.496,-50.8372,-0.059008,-0.062273,0.013361,6,False
momentum_top,CUPID,2023-10-03,2023-10-04,4.117,2023-10-11,3.9785,MOMENTUM_FAIL,242,-33.5171,20.0686,-53.5857,-0.053667,-0.040564,0.031819,6,False
momentum_top,CENTRALBK,2023-10-03,2023-10-04,50.071,2023-10-09,46.3602,GAP_STOP,19,-70.5043,19.8035,-90.3077,-0.094719,-0.105871,0.0,4,False
momentum_top,IRFC,2023-10-09,2023-10-10,68.2347,2023-10-26,63.4582,STOP,14,-66.87,19.8275,-86.6974,-0.090558,-0.079132,0.131653,12,False
momentum_top,ANANDRATHI,2023-10-09,2023-10-10,470.5906,2023-10-17,439.916,MOMENTUM_FAIL,2,-61.3492,19.7792,-81.1284,-0.08601,-0.07322,0.010471,6,False
momentum_top,ITI,2023-10-09,2023-10-10,215.95,2023-10-13,253.3839,TARGET,4,149.7355,19.8822,129.8533,0.15,0.0,0.255383,4,False
momentum_top,GMDCLTD,2023-10-09,2023-10-10,304.6047,2023-10-10,357.0984,TARGET,3,157.481,20.1092,137.3718,0.15,0.0,0.0,1,False
momentum_top,BSE,2023-10-09,2023-10-10,464.0538,2023-10-23,543.9011,TARGET,2,159.6946,20.1741,139.5205,0.15,0.0,0.277034,10,False
momentum_top,HSCL,2023-10-09,2023-10-10,237.5234,2023-11-01,242.1046,TIME,4,18.3247,19.979,-1.6543,-0.001737,-0.060797,0.137107,16,False
momentum_top,IFCI,2023-10-09,2023-10-10,22.95,2023-10-23,21.3435,STOP,43,-69.0795,19.9563,-89.0358,-0.090025,-0.084967,0.150327,10,False
momentum_top,MMTC,2023-10-09,2023-10-10,56.5,2023-10-12,66.1889,TARGET,17,164.711,20.3211,144.39,0.15,0.0,0.249557,3,False
momentum_top,JWL,2023-10-09,2023-10-10,304.0041,2023-10-25,282.7238,STOP,3,-63.8409,19.6509,-83.4918,-0.091347,-0.08257,0.070961,11,False
momentum_top,RECLTD,2023-10-09,2023-10-10,247.5924,2023-10-26,230.2609,STOP,4,-69.3259,19.9706,-89.2965,-0.089968,-0.081105,0.059678,12,False
momentum_top,GVT&D,2023-10-09,2023-10-10,383.9349,2023-10-25,357.0595,STOP,2,-53.7509,19.0628,-72.8137,-0.094619,-0.077969,0.072788,11,False
momentum_top,CUPID,2023-10-09,2023-10-10,4.105,2023-10-13,4.8064,TARGET,243,170.4434,20.489,149.9544,0.15,-0.037759,0.190865,4,False
momentum_top,HBLENGINE,2023-10-09,2023-10-10,279.3302,2023-10-23,259.7771,STOP,3,-58.6593,19.3489,-78.0083,-0.092887,-0.071174,0.106584,10,False
momentum_top,TARIL,2023-10-09,2023-10-10,83.8599,2023-10-23,77.9897,STOP,11,-64.5721,19.6936,-84.2657,-0.09115,-0.135417,0.061607,10,False
momentum_top,IRCON,2023-10-09,2023-10-10,128.2925,2023-10-17,150.441,TARGET,7,155.0393,20.0377,135.0016,0.15,0.0,0.223134,6,False
momentum_top,IOB,2023-10-09,2023-10-10,43.8,2023-10-17,44.3,MOMENTUM_FAIL,22,11.0,20.0212,-9.0212,-0.009342,-0.018265,0.045662,6,False
momentum_top,COCHINSHIP,2023-10-09,2023-10-10,517.6463,2023-10-17,509.7744,MOMENTUM_FAIL,1,-7.8719,18.0997,-25.9716,-0.050063,-0.046139,0.012006,6,False
momentum_top,GABRIEL,2023-10-09,2023-10-10,325.0212,2023-10-25,302.2697,STOP,3,-68.2545,19.9082,-88.1626,-0.09022,-0.072884,0.084503,11,False
momentum_top,ITI,2023-10-16,2023-10-17,292.7,2023-10-23,272.211,STOP,3,-61.467,19.5126,-80.9796,-0.09202,-0.097369,0.153058,5,False
momentum_top,GMDCLTD,2023-10-16,2023-10-17,396.7383,2023-10-19,368.5341,GAP_STOP,2,-56.4084,19.1656,-75.5739,-0.095036,-0.07109,0.001422,3,False
momentum_top,IRFC,2023-10-16,2023-10-17,73.5386,2023-10-25,67.1834,MOMENTUM_FAIL,13,-82.6175,19.7984,-102.4159,-0.106896,-0.116309,0.048733,6,False
momentum_top,BSE,2023-10-16,2023-10-17,491.3114,2023-10-23,575.3799,TARGET,2,168.1371,20.4214,147.7156,0.15,-0.016536,0.206185,5,False
momentum_top,IFCI,2023-10-16,2023-10-17,25.1,2023-10-20,23.343,STOP,39,-68.523,19.9238,-88.4468,-0.090156,-0.075697,0.00996,4,False
momentum_top,RECLTD,2023-10-16,2023-10-17,260.0005,2023-10-23,241.8005,STOP,3,-54.6001,19.1123,-73.7124,-0.094297,-0.070995,0.0,5,False
momentum_top,HSCL,2023-10-16,2023-10-17,257.6408,2023-10-25,237.5732,MOMENTUM_FAIL,3,-60.2025,19.071,-79.2736,-0.10234,-0.083494,0.048318,6,False
momentum_top,CUPID,2023-10-16,2023-10-17,4.6995,2023-10-23,5.5026,TARGET,212,170.2543,20.4835,149.7708,0.15,-0.008086,0.176615,5,False
momentum_top,ANANDRATHI,2023-10-16,2023-10-17,457.0396,2023-10-25,452.2227,MOMENTUM_FAIL,2,-9.6337,19.77,-29.4037,-0.032097,-0.037763,0.038814,6,False
momentum_top,GABRIEL,2023-10-16,2023-10-17,342.1379,2023-10-23,318.1882,STOP,2,-47.8993,18.7218,-66.6211,-0.097148,-0.079702,0.016055,5,False
momentum_top,IRCON,2023-10-16,2023-10-17,141.6962,2023-10-25,131.7775,STOP,7,-69.4311,19.9768,-89.4079,-0.089944,-0.103716,0.104392,6,False
momentum_top,HBLENGINE,2023-10-16,2023-10-17,284.7976,2023-10-23,264.8617,STOP,3,-59.8075,19.4159,-79.2233,-0.092522,-0.089005,0.036649,5,False
momentum_top,IOB,2023-10-16,2023-10-17,44.6,2023-10-19,41.478,STOP,22,-68.684,19.9332,-88.6172,-0.090118,-0.076233,0.0,3,False
momentum_top,GVT&D,2023-10-16,2023-10-17,411.7318,2023-10-18,382.9105,STOP,2,-57.6424,19.2897,-76.9321,-0.093221,-0.07971,0.0,2,False
momentum_top,JWL,2023-10-16,2023-10-17,306.1415,2023-10-25,279.1509,MOMENTUM_FAIL,3,-80.9717,19.6431,-100.6148,-0.109313,-0.088976,0.032635,6,False
momentum_top,J&KBANK,2023-10-16,2023-10-17,111.3195,2023-10-20,103.5271,STOP,8,-62.3389,19.5634,-81.9023,-0.091767,-0.090674,0.006045,4,False
momentum_top,KALYANKJIL,2023-10-16,2023-10-17,286.8889,2023-10-19,266.8067,STOP,3,-60.2467,19.4414,-79.6881,-0.092387,-0.082542,0.069764,3,False
momentum_top,COCHINSHIP,2023-10-16,2023-10-17,521.1314,2023-10-23,484.6522,STOP,1,-36.4792,18.0562,-54.5354,-0.10442,-0.092737,0.0,5,False
momentum_top,ITI,2023-10-23,2023-10-25,269.05,2023-11-01,265.85,MOMENTUM_FAIL,3,-9.5999,19.3186,-28.9185,-0.03575,-0.065229,0.047761,6,False
momentum_top,BSE,2023-10-23,2023-10-25,576.7919,2023-10-26,536.4165,STOP,1,-40.3754,18.2833,-58.6587,-0.101476,-0.093629,0.045571,2,False
momentum_top,IRFC,2023-10-23,2023-10-25,70.146,2023-10-25,65.2358,STOP,14,-68.7431,19.9367,-88.6797,-0.090104,0.0,0.0,1,False
momentum_top,GMDCLTD,2023-10-23,2023-10-25,335.6293,2023-11-02,302.7244,GAP_STOP,2,-65.8097,18.6304,-84.4401,-0.125519,-0.12549,0.055462,7,False
momentum_top,MMTC,2023-10-23,2023-10-25,58.6,2023-10-27,52.6,GAP_STOP,17,-102.0,19.9287,-121.9287,-0.122127,-0.115188,0.0,3,False
momentum_top,HSCL,2023-10-23,2023-10-25,248.8768,2023-10-26,231.4554,STOP,4,-69.6855,19.9916,-89.6771,-0.089885,-0.103641,0.0,2,False
momentum_top,SUZLON,2023-10-23,2023-10-25,32.1,2023-11-01,31.3,MOMENTUM_FAIL,31,-24.8,20.0813,-44.8812,-0.045004,-0.065421,0.024922,6,False
momentum_top,CUPID,2023-10-23,2023-10-25,5.1,2023-10-27,5.9717,TARGET,195,169.9765,20.4753,149.5011,0.15,-0.008529,0.229412,3,False
momentum_top,ANANDRATHI,2023-10-23,2023-10-25,462.9317,2023-10-26,430.5265,STOP,2,-64.8104,19.7074,-84.5179,-0.091086,-0.071533,0.0,2,False
momentum_top,IFCI,2023-10-23,2023-10-25,21.65,2023-11-13,25.3499,TARGET,46,170.1933,20.4817,149.7116,0.15,-0.057737,0.17321,14,False
momentum_top,KALYANKJIL,2023-10-23,2023-10-25,287.0871,2023-11-01,294.6172,MOMENTUM_FAIL,3,22.5905,19.6126,2.9779,0.00345,-0.040207,0.044003,6,False
momentum_top,TARIL,2023-10-23,2023-10-25,75.3242,2023-11-03,88.2172,TARGET,13,167.6092,20.406,147.2032,0.15,-0.058979,0.258449,8,False
momentum_top,RECLTD,2023-10-23,2023-10-25,244.2163,2023-11-01,248.0309,MOMENTUM_FAIL,4,15.2583,20.0858,-4.8276,-0.004931,-0.068402,0.048115,6,False
momentum_top,HBLENGINE,2023-10-23,2023-10-25,266.4572,2023-11-06,323.0687,TARGET,3,169.8347,19.6511,150.1836,0.187467,-0.050923,0.238575,9,False
momentum_top,GVT&D,2023-10-23,2023-10-25,372.5477,2023-11-16,380.9513,TIME,2,16.8073,19.1104,-2.303,-0.003084,-0.06834,0.075814,16,False
momentum_top,GABRIEL,2023-10-23,2023-10-25,318.4982,2023-11-15,373.1435,TARGET,3,163.9359,20.2983,143.6375,0.15,-0.059748,0.31814,15,False
momentum_top,IRCON,2023-10-23,2023-10-25,139.6378,2023-10-25,129.8631,STOP,7,-68.4225,19.918,-88.3405,-0.09018,0.0,0.0,1,False
momentum_top,NBCC,2023-10-23,2023-10-25,41.0647,2023-11-16,43.8001,TIME,24,65.6512,20.2251,45.4261,0.045991,-0.036479,0.115781,16,False
momentum_top,JPPOWER,2023-10-23,2023-10-25,8.9,2023-11-02,10.4208,TARGET,112,170.3327,20.4858,149.8469,0.15,-0.061798,0.179775,7,False
momentum_top,J&KBANK,2023-10-23,2023-10-25,98.6302,2023-10-26,91.7261,STOP,10,-69.0411,19.954,-88.9952,-0.090034,-0.077973,0.0,2,False
momentum_top,ITI,2023-10-30,2023-10-31,272.0,2023-11-09,252.96,STOP,3,-57.12,19.2592,-76.3792,-0.093398,-0.099265,0.057537,8,False
momentum_top,CUPID,2023-10-30,2023-10-31,6.22,2023-11-03,7.283,TARGET,160,170.0849,20.4785,149.6064,0.15,-0.011254,0.200965,4,False
momentum_top,BSE,2023-10-30,2023-10-31,626.2312,2023-11-02,582.395,STOP,1,-43.8362,18.485,-62.3212,-0.099301,-0.078684,0.0,3,False
momentum_top,GMDCLTD,2023-10-30,2023-10-31,341.6932,2023-11-02,302.7244,GAP_STOP,2,-77.9375,18.6569,-96.5943,-0.141038,-0.14101,0.0,3,False
momentum_top,TARIL,2023-10-30,2023-10-31,85.5072,2023-11-20,100.2004,TARGET,11,161.6259,20.2307,141.3953,0.15,-0.065966,0.190893,14,False
momentum_top,IRFC,2023-10-30,2023-10-31,70.4327,2023-11-07,69.8115,MOMENTUM_FAIL,14,-8.6964,20.0759,-28.7723,-0.029115,-0.035956,0.011533,6,False
momentum_top,SWANCORP,2023-10-30,2023-10-31,394.2575,2023-11-07,386.0146,MOMENTUM_FAIL,2,-16.4857,19.2259,-35.7116,-0.045191,-0.066523,0.010517,6,False
momentum_top,HSCL,2023-10-30,2023-10-31,243.0009,2023-11-22,263.4668,TIME,4,81.8634,20.2009,61.6625,0.0633,-0.032172,0.123975,16,False
momentum_top,ANGELONE,2023-10-30,2023-10-31,245.8447,2023-11-15,287.9083,TARGET,4,168.2542,20.4249,147.8293,0.15,-0.026396,0.20656,11,False
momentum_top,KALYANKJIL,2023-10-30,2023-10-31,290.109,2023-11-08,340.3578,TARGET,3,150.7463,19.9119,130.8345,0.15,-0.022712,0.201503,7,False
momentum_top,IFCI,2023-10-30,2023-10-31,22.6,2023-11-22,24.1,TIME,44,66.0,20.2632,45.7368,0.045894,-0.04646,0.154867,16,False
momentum_top,SUZLON,2023-10-30,2023-10-31,32.0,2023-11-08,37.8,TARGET,31,179.8,20.4848,159.3152,0.16025,-0.04375,0.225,7,False
momentum_top,JWL,2023-10-30,2023-10-31,317.3752,2023-11-07,305.0977,MOMENTUM_FAIL,3,-36.8325,19.8753,-56.7078,-0.059429,-0.050274,0.001723,6,False
momentum_top,ANANDRATHI,2023-10-30,2023-10-31,469.4905,2023-11-20,550.1797,TARGET,2,161.3785,20.2234,141.1551,0.15,0.0,0.258853,14,False
momentum_top,CHENNPETRO,2023-10-30,2023-10-31,526.2411,2023-11-22,535.7935,TIME,1,9.5524,18.1715,-8.6191,-0.016343,-0.02543,0.129378,16,False
momentum_top,J&KBANK,2023-10-30,2023-10-31,100.5528,2023-11-22,106.1765,TIME,9,50.6129,19.8543,30.7586,0.033914,-0.000956,0.119503,16,False
momentum_top,GVT&D,2023-10-30,2023-10-31,372.6968,2023-11-22,402.2341,TIME,2,59.0746,19.1977,39.8769,0.053381,-0.009606,0.127418,16,False
momentum_top,NBCC,2023-10-30,2023-10-31,43.9304,2023-11-07,44.3212,MOMENTUM_FAIL,22,8.5971,20.0284,-11.4313,-0.011802,-0.027428,0.020756,6,False
momentum_top,GABRIEL,2023-10-30,2023-10-31,327.6696,2023-11-07,330.5633,MOMENTUM_FAIL,3,8.681,20.0984,-11.4174,-0.011589,-0.031881,0.041311,6,False
momentum_top,IOB,2023-10-30,2023-10-31,40.1,2023-11-07,39.6,MOMENTUM_FAIL,24,-12.0,19.9693,-31.9693,-0.033146,-0.032419,0.011222,6,False
momentum_top,CUPID,2023-11-06,2023-11-07,7.44,2023-11-09,6.9192,STOP,134,-69.7872,19.9975,-89.7847,-0.089862,-0.072648,0.054637,3,False
momentum_top,ITI,2023-11-06,2023-11-07,279.85,2023-11-09,260.2605,STOP,3,-58.7685,19.3553,-78.1238,-0.092851,-0.124531,0.0,3,False
momentum_top,BSE,2023-11-06,2023-11-07,615.6512,2023-11-13,726.957,TARGET,1,111.3058,18.7562,92.5496,0.15,0.0,0.258097,5,False
momentum_top,SUZLON,2023-11-06,2023-11-07,37.0,2023-11-17,43.344,TARGET,26,164.9433,20.3279,144.6155,0.15,-0.005405,0.189189,8,False
momentum_top,GMDCLTD,2023-11-06,2023-11-07,297.0836,2023-11-09,348.4125,TARGET,3,153.9867,20.0068,133.9799,0.15,0.0,0.19288,3,False
momentum_top,TARIL,2023-11-06,2023-11-07,92.3457,2023-11-30,91.9714,TIME,10,-3.7437,19.8216,-23.5654,-0.025463,-0.064595,0.113514,16,False
momentum_top,KALYANKJIL,2023-11-06,2023-11-07,320.8241,2023-11-30,322.1122,TIME,3,3.8642,20.0019,-16.1377,-0.01673,-0.06084,0.109172,16,False
momentum_top,JPPOWER,2023-11-06,2023-11-07,12.65,2023-11-09,14.8137,TARGET,78,168.7685,20.4399,148.3286,0.15,0.0,0.185771,3,False
momentum_top,IFCI,2023-11-06,2023-11-07,23.6,2023-11-30,25.4,TIME,42,75.6,20.2692,55.3307,0.0557,-0.042373,0.129237,16,False
momentum_top,IDEA,2023-11-06,2023-11-07,13.6,2023-11-30,13.05,TIME,73,-40.15,20.0403,-60.1903,-0.060495,-0.047794,0.106618,16,False
momentum_top,HSCL,2023-11-06,2023-11-07,248.578,2023-11-30,272.5793,TIME,4,96.0052,20.3239,75.6813,0.075948,-0.00641,0.104968,16,False
momentum_top,MCX,2023-11-06,2023-11-07,508.1359,2023-11-28,602.7912,TARGET,1,94.6553,18.2683,76.387,0.15,-0.050762,0.238105,14,False
momentum_top,ANANDRATHI,2023-11-06,2023-11-07,513.5862,2023-11-15,526.8151,MOMENTUM_FAIL,1,13.2288,18.1255,-4.8967,-0.009514,-0.045984,0.031746,6,False
momentum_top,ANGELONE,2023-11-06,2023-11-07,252.4685,2023-11-28,296.888,TARGET,3,133.2586,19.3995,113.8592,0.15,-0.031331,0.214829,14,False
momentum_top,CHENNPETRO,2023-11-06,2023-11-07,525.2948,2023-11-30,599.6868,TIME,1,74.392,18.2995,56.0925,0.10655,-0.023675,0.156288,16,False
momentum_top,GABRIEL,2023-11-06,2023-11-07,331.6423,2023-11-15,388.3231,TARGET,3,170.0426,20.4773,149.5653,0.15,-0.002218,0.265898,6,False
momentum_top,FACT,2023-11-06,2023-11-07,715.8049,2023-11-30,708.0657,TIME,1,-7.7392,18.9367,-26.6759,-0.037186,-0.040178,0.064453,16,False
momentum_top,COCHINSHIP,2023-11-06,2023-11-07,496.1995,2023-11-30,581.0251,TARGET,2,169.6511,20.4658,149.1853,0.15,0.0,0.20538,16,False
momentum_top,SWANCORP,2023-11-06,2023-11-07,391.0603,2023-11-13,459.6033,TARGET,2,137.0862,19.5116,117.5746,0.15,-0.011242,0.18255,5,False
momentum_top,CUPID,2023-11-13,2023-11-15,9.16,2023-11-16,8.5188,STOP,108,-69.2496,19.9662,-89.2158,-0.089986,-0.088373,0.0,2,False
momentum_top,BSE,2023-11-13,2023-11-15,784.1074,2023-11-21,729.2199,STOP,1,-54.8875,19.1291,-74.0166,-0.09419,-0.101303,0.040353,5,False
momentum_top,GMDCLTD,2023-11-13,2023-11-15,370.6025,2023-12-07,397.1143,TIME,2,53.0237,19.1677,33.856,0.045577,-0.02727,0.141552,16,False
momentum_top,ITI,2023-11-13,2023-11-15,268.4,2023-12-07,315.2868,TARGET,3,140.6604,19.6163,121.044,0.15,-0.033159,0.176416,16,False
momentum_top,JPPOWER,2023-11-13,2023-11-15,14.5,2023-11-21,13.485,STOP,68,-69.02,19.9528,-88.9728,-0.090039,-0.096552,0.055172,5,False
momentum_top,IDEA,2023-11-13,2023-11-15,14.05,2023-11-30,13.0665,STOP,71,-69.8285,19.9999,-89.8284,-0.089853,-0.078292,0.071174,11,False
momentum_top,IFCI,2023-11-13,2023-11-15,25.45,2023-11-22,24.1,MOMENTUM_FAIL,39,-52.65,20.0138,-72.6638,-0.07305,-0.072692,0.02554,6,False
momentum_top,MCX,2023-11-13,2023-11-15,555.7736,2023-12-07,657.8064,TARGET,1,102.0328,18.4845,83.5483,0.15,0.0,0.1875,16,False
momentum_top,TARIL,2023-11-13,2023-11-15,95.8399,2023-11-30,89.1311,STOP,10,-67.0879,19.8402,-86.9281,-0.090504,-0.075,0.072917,11,False
momentum_top,CARTRADE,2023-11-13,2023-11-15,864.75,2023-11-21,804.2175,STOP,1,-60.5325,19.4581,-79.9906,-0.0923,-0.07719,0.007112,5,False
momentum_top,CHENNPETRO,2023-11-13,2023-11-15,533.5405,2023-12-07,614.7815,TIME,1,81.241,18.3483,62.8927,0.117621,-0.003378,0.178701,16,False
momentum_top,WELCORP,2023-11-13,2023-11-15,520.809,2023-12-07,523.707,TIME,1,2.898,18.135,-15.237,-0.029193,-0.033858,0.074036,16,False
momentum_top,GABRIEL,2023-11-13,2023-11-15,363.9139,2023-12-06,437.06,TARGET,2,146.2923,19.3011,126.9912,0.174099,0.0,0.200999,15,False
momentum_top,CDSL,2023-11-13,2023-11-15,910.1675,2023-11-16,846.4558,STOP,1,-63.7117,19.6434,-83.3551,-0.091382,-0.109149,0.0,2,False
momentum_top,FACT,2023-11-13,2023-11-15,736.9755,2023-11-22,700.626,MOMENTUM_FAIL,1,-36.3495,18.9678,-55.3173,-0.074896,-0.067751,0.009688,6,False
momentum_top,ANGELONE,2023-11-13,2023-11-15,272.5315,2023-12-07,294.9465,TIME,3,67.2451,19.5192,47.7259,0.058246,0.0,0.143026,16,False
momentum_top,SWANCORP,2023-11-13,2023-11-15,435.6215,2023-11-22,430.6259,MOMENTUM_FAIL,2,-9.9913,19.5884,-29.5797,-0.033877,-0.045298,0.013532,6,False
momentum_top,HSCL,2023-11-13,2023-11-15,260.4293,2023-11-22,263.4668,MOMENTUM_FAIL,3,9.1125,19.2475,-10.135,-0.012944,-0.043977,0.048757,6,False
momentum_top,CUPID,2023-11-20,2023-11-21,8.847,2023-11-29,8.6085,MOMENTUM_FAIL,112,-26.7121,20.0595,-46.7716,-0.0471,-0.088957,0.045552,6,False
momentum_top,BSE,2023-11-20,2023-11-21,758.0694,2023-11-21,705.0045,STOP,1,-53.0649,19.0229,-72.0877,-0.094886,0.0,0.0,1,False
momentum_top,ITI,2023-11-20,2023-11-21,281.8,2023-11-29,274.3,MOMENTUM_FAIL,3,-22.5,19.4538,-41.9538,-0.049518,-0.034067,0.03726,6,False
momentum_top,GMDCLTD,2023-11-20,2023-11-21,370.3674,2023-12-13,390.2513,TIME,2,39.7678,19.1387,20.6291,0.027789,-0.02513,0.142277,16,False
momentum_top,SUZLON,2023-11-20,2023-11-21,41.5,2023-11-22,37.75,GAP_STOP,24,-90.0,19.9523,-109.9523,-0.110153,-0.1,0.0,2,False
momentum_top,JPPOWER,2023-11-20,2023-11-21,14.1,2023-11-21,13.113,STOP,70,-69.09,19.9569,-89.0469,-0.090023,0.0,0.0,1,False
momentum_top,MCX,2023-11-20,2023-11-21,574.3524,2023-12-13,648.3497,TIME,1,73.9973,18.5059,55.4915,0.096405,-0.017228,0.155654,16,False
momentum_top,TATAINVEST,2023-11-20,2023-11-21,444.2586,2023-11-22,413.1605,STOP,2,-62.1962,19.5551,-81.7513,-0.091808,-0.083012,0.0,2,False
momentum_top,IDEA,2023-11-20,2023-11-21,14.3,2023-11-28,13.299,STOP,69,-69.069,19.9557,-89.0247,-0.090028,-0.083916,0.0,5,False
momentum_top,TARIL,2023-11-20,2023-11-21,102.0545,2023-11-29,94.0429,MOMENTUM_FAIL,9,-72.1046,19.6615,-91.7661,-0.099692,-0.09171,0.006603,6,False
momentum_top,IFCI,2023-11-20,2023-11-21,24.85,2023-12-05,29.0975,TARGET,40,169.899,20.4731,149.426,0.15,-0.050302,0.187123,10,False
momentum_top,ANGELONE,2023-11-20,2023-11-21,289.9067,2023-12-13,291.6731,TIME,3,5.2992,19.6131,-14.3139,-0.016422,-0.038742,0.07452,16,False
momentum_top,ANANDRATHI,2023-11-20,2023-11-21,586.9557,2023-11-21,545.8688,STOP,1,-41.0869,18.3247,-59.4116,-0.100999,0.0,0.0,1,False
momentum_top,GABRIEL,2023-11-20,2023-11-21,409.2484,2023-11-29,407.5256,MOMENTUM_FAIL,2,-3.4456,19.379,-22.8247,-0.027825,-0.060139,0.005533,6,False
momentum_top,WELCORP,2023-11-20,2023-11-21,529.454,2023-11-29,520.7598,MOMENTUM_FAIL,1,-8.6941,18.1479,-26.842,-0.050587,-0.049634,0.026904,6,False
momentum_top,CHENNPETRO,2023-11-20,2023-11-21,555.9348,2023-12-13,612.123,TIME,1,56.1882,18.3918,37.7964,0.067839,-0.043524,0.14119,16,False
momentum_top,IRFC,2023-11-20,2023-11-21,73.9011,2023-11-29,72.7418,MOMENTUM_FAIL,13,-15.0701,19.9559,-35.026,-0.036379,-0.019608,0.020915,6,False
momentum_top,CARTRADE,2023-11-20,2023-11-21,822.5,2023-11-30,764.925,STOP,1,-57.575,19.2857,-76.8607,-0.093244,-0.079939,0.051064,7,False
momentum_top,PRESTIGE,2023-11-20,2023-11-21,889.9984,2023-11-30,1043.7912,TARGET,1,153.7928,20.0011,133.7916,0.15,0.0,0.175812,7,False
momentum_top,BSE,2023-11-28,2023-11-29,780.1522,2023-12-20,761.9421,TIME,1,-18.2102,19.1871,-37.3972,-0.047831,-0.038868,0.096325,16,False
momentum_top,CUPID,2023-11-28,2023-11-29,8.3805,2023-12-11,9.8125,TARGET,119,170.4069,20.488,149.919,0.15,-0.015095,0.181314,9,False
momentum_top,ITI,2023-11-28,2023-11-29,277.8,2023-12-06,271.45,MOMENTUM_FAIL,3,-19.0499,19.4102,-38.4601,-0.046048,-0.045356,0.013139,6,False
momentum_top,MCX,2023-11-28,2023-11-29,622.6947,2023-12-06,629.9099,MOMENTUM_FAIL,1,7.2152,18.574,-11.3588,-0.018202,-0.029358,0.036913,6,False
momentum_top,ANANDRATHI,2023-11-28,2023-11-29,625.4933,2023-12-20,610.9922,TIME,1,-14.501,18.5416,-33.0426,-0.052711,-0.034933,0.07109,16,False
momentum_top,NIACL,2023-11-28,2023-11-29,222.3566,2023-12-20,206.7917,STOP,4,-62.2599,19.5588,-81.8186,-0.09179,-0.070175,0.148684,16,False
momentum_top,ANGELONE,2023-11-28,2023-11-29,297.6727,2023-12-06,301.623,MOMENTUM_FAIL,3,11.8506,19.7249,-7.8742,-0.008798,-0.06382,0.046487,6,False
momentum_top,IFCI,2023-11-28,2023-11-29,24.9,2023-12-05,29.1552,TARGET,40,170.2088,20.4821,149.7266,0.15,-0.018072,0.184739,5,False
momentum_top,GMDCLTD,2023-11-28,2023-11-29,385.4566,2023-12-20,358.4746,STOP,2,-53.9639,19.0753,-73.0392,-0.094537,-0.082683,0.097561,16,False
momentum_top,JPPOWER,2023-11-28,2023-11-29,13.55,2023-11-30,12.6015,STOP,73,-69.2405,19.9656,-89.2062,-0.089988,-0.073801,0.0,2,False
momentum_top,PRESTIGE,2023-11-28,2023-11-29,961.7066,2023-12-04,1126.6045,TARGET,1,164.8979,20.3265,144.5714,0.15,-0.011918,0.189854,4,False
momentum_top,TATAINVEST,2023-11-28,2023-11-29,402.6378,2023-12-06,407.7695,MOMENTUM_FAIL,2,10.2633,19.3511,-9.0878,-0.011261,-0.009804,0.04902,6,False
momentum_top,WELCORP,2023-11-28,2023-11-29,512.8026,2023-12-20,505.975,TIME,1,-6.8276,18.0814,-24.9089,-0.048468,-0.042146,0.090805,16,False
momentum_top,CDSL,2023-11-28,2023-11-29,886.3054,2023-12-20,879.9503,TIME,1,-6.3551,19.6594,-26.0146,-0.029288,-0.045604,0.092143,16,False
momentum_top,TARIL,2023-11-28,2023-11-29,97.3374,2023-11-30,90.5238,STOP,10,-68.1362,19.9013,-88.0375,-0.090248,-0.089231,0.0,2,False
momentum_top,SUZLON,2023-11-28,2023-11-29,39.45,2023-12-06,38.95,MOMENTUM_FAIL,25,-12.5,20.0689,-32.5689,-0.032951,-0.034221,0.03929,6,False
momentum_top,IRFC,2023-11-28,2023-11-29,73.4181,2023-12-06,73.2249,MOMENTUM_FAIL,13,-2.5115,19.9549,-22.4664,-0.023488,-0.024342,0.02829,6,False
momentum_top,COALINDIA,2023-11-28,2023-11-29,290.5289,2023-12-20,298.2792,TIME,3,23.2508,19.6576,3.5933,0.004114,-0.014432,0.083965,16,False
momentum_top,FACT,2023-11-28,2023-11-29,720.1489,2023-12-07,847.6378,TARGET,1,127.4889,19.2304,108.2585,0.15,-0.019968,0.185606,7,False
momentum_top,CARTRADE,2023-11-28,2023-11-29,810.6,2023-12-05,753.858,STOP,1,-56.742,19.2372,-75.9792,-0.093528,-0.08395,0.0,5,False
momentum_top,CUPID,2023-12-04,2023-12-05,8.68,2023-12-27,10.1625,TIME,114,169.005,20.4523,148.5527,0.149798,-0.017627,0.170795,16,False
momentum_top,ITI,2023-12-04,2023-12-05,274.65,2023-12-20,322.5047,TARGET,3,143.5641,19.7014,123.8627,0.15,-0.020207,0.183324,12,False
momentum_top,BSE,2023-12-04,2023-12-05,831.2396,2023-12-11,773.0528,STOP,1,-58.1868,19.3214,-77.5082,-0.093041,-0.092764,0.0,5,False
momentum_top,ANANDRATHI,2023-12-04,2023-12-05,665.2535,2023-12-08,618.6858,STOP,1,-46.5677,18.6442,-65.2119,-0.097812,-0.082772,0.0,4,False
momentum_top,GMDCLTD,2023-12-04,2023-12-05,405.9046,2023-12-12,377.1834,MOMENTUM_FAIL,2,-57.4424,19.2409,-76.6832,-0.094254,-0.082339,0.018993,6,False
momentum_top,NIACL,2023-12-04,2023-12-05,235.9126,2023-12-06,219.3987,STOP,4,-66.0555,19.78,-85.8355,-0.090763,-0.072344,0.0,2,False
momentum_top,PFC,2023-12-04,2023-12-05,332.7869,2023-12-27,343.3147,TIME,2,21.0555,18.7832,2.2723,0.003407,-0.012467,0.149464,16,False
momentum_top,MCX,2023-12-04,2023-12-05,616.4622,2023-12-27,632.8475,TIME,1,16.3853,18.5663,-2.181,-0.00353,-0.014972,0.076712,16,False
momentum_top,TATAINVEST,2023-12-04,2023-12-05,411.5245,2023-12-12,417.0164,MOMENTUM_FAIL,2,10.9837,19.4277,-8.444,-0.010237,-0.030467,0.042673,6,False
momentum_top,CDSL,2023-12-04,2023-12-05,941.9673,2023-12-12,913.1624,MOMENTUM_FAIL,1,-28.8049,19.8488,-48.6537,-0.051538,-0.053353,0.0,6,False
momentum_top,SUZLON,2023-12-04,2023-12-05,40.5,2023-12-12,38.5,MOMENTUM_FAIL,24,-48.0,19.9365,-67.9365,-0.069741,-0.061728,0.0,6,False
momentum_top,IFCI,2023-12-04,2023-12-05,28.5,2023-12-12,27.95,MOMENTUM_FAIL,35,-19.25,20.1027,-39.3527,-0.039365,-0.057895,0.012281,6,False
momentum_top,RECLTD,2023-12-04,2023-12-05,350.7582,2023-12-12,361.8385,MOMENTUM_FAIL,2,22.1606,18.9372,3.2233,0.004585,-0.009098,0.042204,6,False
momentum_top,INOXWIND,2023-12-04,2023-12-05,83.5,2023-12-11,97.8824,TARGET,11,158.2067,20.1305,138.0762,0.15,-0.032934,0.197605,5,False
momentum_top,FACT,2023-12-04,2023-12-05,751.705,2023-12-27,802.6342,TIME,1,50.9292,19.2077,31.7215,0.042107,-0.02358,0.144005,16,False
momentum_top,WELCORP,2023-12-04,2023-12-05,525.2788,2023-12-27,542.274,TIME,1,16.9952,18.1826,-1.1874,-0.002256,-0.068543,0.064896,16,False
momentum_top,PCBL,2023-12-04,2023-12-05,257.6769,2023-12-08,239.6395,STOP,3,-54.1121,19.0839,-73.196,-0.094481,-0.073797,0.010386,4,False
momentum_top,SOBHA,2023-12-04,2023-12-05,960.7973,2023-12-27,1006.5945,TIME,1,45.7971,20.0802,25.717,0.026708,-0.051849,0.124716,16,False
momentum_top,CUPID,2023-12-11,2023-12-12,9.3795,2023-12-14,8.7229,STOP,106,-69.5959,19.9864,-89.5823,-0.089906,-0.09089,0.0,3,False
momentum_top,ITI,2023-12-11,2023-12-12,299.55,2023-12-20,278.5815,STOP,3,-62.9055,19.5964,-82.5019,-0.091606,-0.075113,0.084961,7,False
momentum_top,INOXWIND,2023-12-11,2023-12-12,99.475,2023-12-22,116.4765,TARGET,10,170.0152,20.4765,149.5387,0.15,-0.019854,0.196155,9,False
momentum_top,MCX,2023-12-11,2023-12-12,648.8657,2023-12-19,633.8301,MOMENTUM_FAIL,1,-15.0356,18.6392,-33.6748,-0.051785,-0.025635,0.012848,6,False
momentum_top,ANANDRATHI,2023-12-11,2023-12-12,616.5876,2024-01-03,641.9211,TIME,1,25.3334,18.5851,6.7483,0.010921,-0.042449,0.081732,16,False
momentum_top,BSE,2023-12-11,2023-12-12,779.9875,2023-12-19,791.1443,MOMENTUM_FAIL,1,11.1568,19.2462,-8.0894,-0.010349,-0.038623,0.02472,6,False
momentum_top,NIACL,2023-12-11,2023-12-12,224.2584,2023-12-19,219.8697,MOMENTUM_FAIL,4,-17.5545,19.6819,-37.2365,-0.04142,-0.036965,0.037617,6,False
momentum_top,TATAINVEST,2023-12-11,2023-12-12,419.7105,2023-12-19,424.8668,MOMENTUM_FAIL,2,10.3127,19.4954,-9.1827,-0.010916,-0.004491,0.041618,6,False
momentum_top,SUZLON,2023-12-11,2023-12-12,39.5,2023-12-15,36.735,STOP,25,-69.125,19.9589,-89.0839,-0.090015,-0.088608,0.0,4,False
momentum_top,PFC,2023-12-11,2023-12-12,349.1585,2024-01-03,350.72,TIME,2,3.1229,18.885,-15.762,-0.022522,-0.058771,0.095567,16,False
momentum_top,IFCI,2023-12-11,2023-12-12,28.45,2023-12-21,26.4585,STOP,35,-69.7025,19.9926,-89.6951,-0.089881,-0.070299,0.098418,8,False
momentum_top,ANGELONE,2023-12-11,2023-12-12,287.0365,2024-01-01,336.8094,TARGET,3,149.3188,19.87,129.4488,0.15,-0.00806,0.210294,14,False
momentum_top,SWANCORP,2023-12-11,2023-12-12,470.741,2024-01-03,498.9665,TIME,2,56.451,20.0203,36.4307,0.038611,-0.023347,0.114932,16,False
momentum_top,RECLTD,2023-12-11,2023-12-12,365.5614,2024-01-03,375.445,TIME,2,19.7672,19.0574,0.7098,0.000969,-0.056256,0.102692,16,False
momentum_top,HBLENGINE,2023-12-11,2023-12-12,410.0985,2023-12-20,381.3916,STOP,2,-57.4138,19.2763,-76.6901,-0.093298,-0.088474,0.162283,7,False
momentum_top,WOCKPHARMA,2023-12-11,2023-12-12,385.15,2024-01-01,452.7778,TARGET,2,135.2556,19.458,115.7976,0.15,-0.022589,0.231209,14,False
momentum_top,CUPID,2023-12-18,2023-12-19,8.78,2023-12-28,10.6705,TARGET,113,213.6265,20.5543,193.0723,0.194177,-0.009112,0.215319,7,False
momentum_top,INOXWIND,2023-12-18,2023-12-19,100.975,2023-12-22,118.3862,TARGET,9,156.7006,20.0863,136.6143,0.15,-0.01176,0.178386,4,False
momentum_top,BSE,2023-12-18,2023-12-19,784.437,2023-12-27,747.1268,MOMENTUM_FAIL,1,-37.3102,19.1663,-56.4765,-0.071839,-0.067164,0.036975,6,False
momentum_top,MCX,2023-12-18,2023-12-19,645.0944,2023-12-27,632.8475,MOMENTUM_FAIL,1,-12.2469,18.6289,-30.8759,-0.047758,-0.058692,0.027677,6,False
momentum_top,PFC,2023-12-18,2023-12-19,369.2775,2023-12-20,343.4281,STOP,2,-51.6989,18.9432,-70.6421,-0.09544,-0.089273,0.0,2,False
momentum_top,ANGELONE,2023-12-18,2023-12-19,320.4333,2023-12-27,318.3742,MOMENTUM_FAIL,3,-6.1773,19.9765,-26.1538,-0.027147,-0.063811,0.003595,6,False
momentum_top,RECLTD,2023-12-18,2023-12-19,387.3675,2023-12-20,360.2518,STOP,2,-54.2314,19.0909,-73.3223,-0.094435,-0.08238,0.00492,2,False
momentum_top,ANANDRATHI,2023-12-18,2023-12-19,628.7047,2023-12-27,635.1277,MOMENTUM_FAIL,1,6.423,18.5978,-12.1748,-0.019323,-0.060904,0.02554,6,False
momentum_top,WOCKPHARMA,2023-12-18,2023-12-19,420.75,2023-12-20,391.2975,STOP,2,-58.905,19.3632,-78.2682,-0.092807,-0.105288,0.0,2,False
momentum_top,HBLENGINE,2023-12-18,2023-12-19,454.0359,2023-12-20,422.2534,STOP,2,-63.565,19.6349,-83.1999,-0.091423,-0.176683,0.0,2,False
momentum_top,SWANCORP,2023-12-18,2023-12-19,496.5686,2023-12-27,508.3084,MOMENTUM_FAIL,2,23.4797,20.1713,3.3084,0.003324,-0.042656,0.049095,6,False
momentum_top,TATAINVEST,2023-12-18,2023-12-19,428.4491,2023-12-21,398.4577,STOP,2,-59.9829,19.4261,-79.4089,-0.092468,-0.074052,0.007705,3,False
momentum_top,IFCI,2023-12-18,2023-12-19,30.15,2023-12-20,28.0395,STOP,33,-69.6465,19.9893,-89.6358,-0.089894,-0.092869,0.013267,2,False
momentum_top,ITI,2023-12-18,2023-12-19,300.9,2023-12-20,279.837,STOP,3,-63.189,19.6129,-82.8019,-0.091527,-0.079262,0.080093,2,False
momentum_top,NIACL,2023-12-18,2023-12-19,222.4054,2023-12-20,206.837,STOP,4,-62.2735,19.5596,-81.8331,-0.091786,-0.070379,0.02938,2,False
momentum_top,PCBL,2023-12-18,2023-12-19,245.0935,2023-12-21,225.2325,GAP_STOP,4,-79.4441,19.9078,-99.3519,-0.10112,-0.09636,0.001149,3,False
momentum_top,HUDCO,2023-12-18,2023-12-19,103.6027,2023-12-20,96.3505,STOP,9,-65.2697,19.7342,-85.0039,-0.090966,-0.100224,0.007606,2,False
momentum_top,NLCINDIA,2023-12-18,2023-12-19,193.7373,2023-12-26,226.9331,TARGET,5,165.9788,20.3582,145.6206,0.15,-0.038462,0.264268,5,False
momentum_top,INOXWIND,2023-12-26,2023-12-27,116.9875,2024-01-10,108.7984,STOP,8,-65.513,19.7484,-85.2614,-0.090902,-0.076077,0.15429,11,False
momentum_top,NLCINDIA,2023-12-26,2023-12-27,246.1377,2024-01-03,220.3701,MOMENTUM_FAIL,4,-103.0702,19.8773,-122.9476,-0.124604,-0.108594,0.016602,6,False
momentum_top,GALLANTT,2023-12-26,2023-12-27,173.0105,2024-01-17,174.4986,TIME,5,7.4403,19.5978,-12.1575,-0.014023,-0.036124,0.163991,16,False
momentum_top,WOCKPHARMA,2023-12-26,2023-12-27,422.0,2024-01-03,495.3346,TARGET,2,146.6692,19.7924,126.8768,0.15,-0.032346,0.203791,6,False
momentum_top,BSE,2023-12-26,2023-12-27,765.3864,2024-01-03,742.6937,MOMENTUM_FAIL,1,-22.6927,19.1156,-41.8083,-0.054505,-0.056929,0.0,6,False
momentum_top,ANGELONE,2023-12-26,2023-12-27,317.2655,2024-01-08,371.7198,TARGET,3,163.3631,20.2816,143.0816,0.15,-0.000514,0.175235,9,False
momentum_top,HBLENGINE,2023-12-26,2023-12-27,443.8468,2024-01-03,456.0737,MOMENTUM_FAIL,2,24.4538,19.728,4.7258,0.005312,-0.039418,0.043561,6,False
momentum_top,SWANCORP,2023-12-26,2023-12-27,503.9622,2024-01-03,498.9665,MOMENTUM_FAIL,1,-4.9957,18.0478,-23.0434,-0.045625,-0.014869,0.041435,6,False
momentum_top,PFC,2023-12-26,2023-12-27,352.0582,2024-01-03,350.72,MOMENTUM_FAIL,2,-2.6763,18.8976,-21.574,-0.030573,-0.038266,0.016979,6,False
momentum_top,MCX,2023-12-26,2023-12-27,628.2227,2024-01-03,630.7137,MOMENTUM_FAIL,1,2.4911,18.5877,-16.0966,-0.025567,-0.017378,0.021137,6,False
momentum_top,BDL,2023-12-26,2023-12-27,839.1224,2024-01-03,809.4744,MOMENTUM_FAIL,1,-29.648,19.4128,-49.0608,-0.058339,-0.04174,0.036449,6,False
momentum_top,KALYANKJIL,2023-12-26,2023-12-27,342.8201,2024-01-17,358.8217,TIME,2,32.0031,18.8902,13.1129,0.019083,-0.022543,0.141618,16,False
momentum_top,RECLTD,2023-12-26,2023-12-27,373.5836,2024-01-03,375.445,MOMENTUM_FAIL,2,3.7228,19.0925,-15.3697,-0.020526,-0.036185,0.026575,6,False
momentum_top,ITI,2023-12-26,2023-12-27,306.0,2024-01-16,358.7097,TARGET,3,158.1292,20.1282,138.001,0.15,-0.024183,0.236438,15,False
momentum_top,NIACL,2023-12-26,2023-12-27,211.4826,2024-01-03,213.0918,MOMENTUM_FAIL,4,6.4366,19.515,-13.0784,-0.015427,-0.03597,0.023749,6,False
momentum_top,PCBL,2023-12-26,2023-12-27,241.3373,2024-01-03,239.0836,MOMENTUM_FAIL,4,-9.0149,19.9878,-29.0027,-0.029978,-0.022957,0.018288,6,False
momentum_top,CUPID,2024-01-01,2024-01-02,11.64,2024-01-08,13.8115,TARGET,85,184.5774,20.4835,164.0939,0.16549,-0.046392,0.186555,5,False
momentum_top,INOXWIND,2024-01-01,2024-01-02,131.0,2024-01-08,121.83,STOP,7,-64.19,19.6713,-83.8613,-0.091252,-0.12376,0.030821,5,False
momentum_top,GALLANTT,2024-01-01,2024-01-02,176.5819,2024-01-24,182.1373,TIME,5,27.7769,19.7146,8.0622,0.009112,-0.044944,0.140449,16,False
momentum_top,WOCKPHARMA,2024-01-01,2024-01-02,472.4,2024-01-16,439.332,STOP,2,-66.136,19.7847,-85.9207,-0.090742,-0.08478,0.07536,11,False
momentum_top,ANGELONE,2024-01-01,2024-01-02,345.5842,2024-01-16,321.3933,STOP,2,-48.3818,18.7499,-67.1317,-0.096916,-0.088889,0.082222,11,False
momentum_top,SIGNATURE,2024-01-01,2024-01-02,923.0,2024-01-08,1081.9036,TARGET,1,158.9036,20.1509,138.7527,0.15,-0.002113,0.189599,5,False
momentum_top,NLCINDIA,2024-01-01,2024-01-02,241.3784,2024-01-03,224.4819,STOP,4,-67.5859,19.8692,-87.4552,-0.090381,-0.091018,0.0,2,False
momentum_top,SWANCORP,2024-01-01,2024-01-02,511.5556,2024-01-23,606.7405,TARGET,1,95.1849,18.2838,76.9011,0.15,-0.02832,0.195508,15,False
momentum_top,BSE,2024-01-01,2024-01-02,729.79,2024-01-09,758.399,MOMENTUM_FAIL,1,28.6089,19.0698,9.5392,0.013043,-0.001897,0.04776,6,False
momentum_top,BDL,2024-01-01,2024-01-02,856.0923,2024-01-09,859.2494,MOMENTUM_FAIL,1,3.1571,19.5512,-16.3942,-0.019108,-0.060735,0.013599,6,False
momentum_top,HINDCOPPER,2024-01-01,2024-01-02,269.3637,2024-01-18,250.5082,STOP,3,-56.5664,19.2269,-75.7933,-0.093588,-0.102564,0.059707,13,False
momentum_top,MCX,2024-01-01,2024-01-02,629.2251,2024-01-09,610.8945,MOMENTUM_FAIL,1,-18.3306,18.5495,-36.8802,-0.058484,-0.033958,0.021987,6,False
momentum_top,RAILTEL,2024-01-01,2024-01-02,347.1696,2024-01-23,435.9781,TARGET,2,177.617,19.2235,158.3935,0.227624,-0.032662,0.265099,15,False
momentum_top,TECHNOE,2024-01-01,2024-01-02,801.6614,2024-01-09,778.8199,MOMENTUM_FAIL,1,-22.8415,19.2685,-42.11,-0.052414,-0.041667,0.018015,6,False
momentum_top,PFC,2024-01-01,2024-01-02,352.4151,2024-01-09,351.3444,MOMENTUM_FAIL,2,-2.1414,18.9018,-21.0431,-0.02979,-0.025316,0.04481,6,False
momentum_top,KALYANKJIL,2024-01-01,2024-01-02,358.9207,2024-01-24,358.1776,TIME,2,-1.4862,18.958,-20.4442,-0.028418,-0.05314,0.090407,16,False
momentum_top,NUVAMA,2024-01-01,2024-01-02,687.1823,2024-01-09,657.4412,MOMENTUM_FAIL,1,-29.7412,18.771,-48.5122,-0.070442,-0.052807,0.020755,6,False
momentum_top,INOXWIND,2024-01-08,2024-01-09,125.0,2024-01-10,116.25,STOP,7,-61.25,19.4999,-80.7499,-0.092084,-0.1353,0.0,2,False
momentum_top,GALLANTT,2024-01-08,2024-01-09,192.4544,2024-01-15,178.9826,STOP,5,-67.359,19.856,-87.215,-0.090437,-0.096134,0.02268,5,False
momentum_top,WOCKPHARMA,2024-01-08,2024-01-09,462.0,2024-01-16,441.8,MOMENTUM_FAIL,2,-40.4,19.7493,-60.1493,-0.064955,-0.064177,0.034524,6,False
momentum_top,ANGELONE,2024-01-08,2024-01-09,367.6056,2024-01-16,319.6558,MOMENTUM_FAIL,2,-95.8996,18.8391,-114.7388,-0.155722,-0.143469,0.001514,6,False
momentum_top,SWANCORP,2024-01-08,2024-01-09,548.5234,2024-01-16,541.1799,MOMENTUM_FAIL,1,-7.3436,18.2312,-25.5747,-0.046523,-0.031876,0.028962,6,False
momentum_top,JPPOWER,2024-01-08,2024-01-09,17.15,2024-01-10,15.9495,STOP,58,-69.629,19.9883,-89.6173,-0.089898,-0.072886,0.0,2,False
momentum_top,RPOWER,2024-01-08,2024-01-09,32.5,2024-01-10,30.225,STOP,30,-68.25,19.9079,-88.1579,-0.090221,-0.076923,0.0,2,False
momentum_top,HINDCOPPER,2024-01-08,2024-01-09,267.8837,2024-01-16,263.3943,MOMENTUM_FAIL,3,-13.4681,19.296,-32.7641,-0.04068,-0.058379,0.012891,6,False
momentum_top,HINDPETRO,2024-01-08,2024-01-09,252.9546,2024-01-16,261.502,MOMENTUM_FAIL,3,25.6421,19.1865,6.4556,0.008488,-0.028196,0.048859,6,False
momentum_top,BDL,2024-01-08,2024-01-09,855.5496,2024-02-01,840.627,TIME,1,-14.9225,19.5121,-34.4347,-0.040161,-0.062878,0.060255,16,False
momentum_top,RAILTEL,2024-01-08,2024-01-09,343.0151,2024-01-23,435.9781,TARGET,2,185.926,19.2053,166.7207,0.242492,-0.016529,0.280422,10,False
momentum_top,PFC,2024-01-08,2024-01-09,365.2626,2024-01-16,357.2776,MOMENTUM_FAIL,2,-15.9701,18.9821,-34.9522,-0.047741,-0.069858,0.011114,6,False
momentum_top,TARIL,2024-01-08,2024-01-09,138.3689,2024-01-16,133.8764,MOMENTUM_FAIL,7,-31.4474,19.9558,-51.4032,-0.052955,-0.054473,0.002886,6,False
momentum_top,SUZLON,2024-01-08,2024-01-09,43.25,2024-01-18,40.2225,STOP,23,-69.6325,19.9885,-89.621,-0.089897,-0.072832,0.056647,8,False
momentum_top,INOXWIND,2024-01-15,2024-01-16,113.0,2024-01-18,105.09,STOP,8,-63.28,19.6182,-82.8982,-0.091502,-0.09281,0.002212,3,False
momentum_top,GALLANTT,2024-01-15,2024-01-16,177.3259,2024-02-01,207.9801,TARGET,5,153.271,19.9858,133.2852,0.15,-0.048951,0.18014,11,False
momentum_top,WOCKPHARMA,2024-01-15,2024-01-16,457.1,2024-01-17,425.103,STOP,2,-63.994,19.6599,-83.6539,-0.091305,-0.081601,0.0,2,False
momentum_top,ANGELONE,2024-01-15,2024-01-16,335.9846,2024-01-17,312.4657,STOP,2,-47.0378,18.6716,-65.7094,-0.097573,-0.074243,0.0,2,False
momentum_top,JPPOWER,2024-01-15,2024-01-16,17.1,2024-01-17,15.903,STOP,58,-69.426,19.9765,-89.4025,-0.089945,-0.081871,0.0,2,False
momentum_top,BDL,2024-01-15,2024-01-16,869.9543,2024-01-24,839.4677,MOMENTUM_FAIL,1,-30.4867,19.5413,-50.028,-0.057381,-0.078395,0.012986,6,False
momentum_top,HINDPETRO,2024-01-15,2024-01-16,259.5384,2024-01-25,241.3708,STOP,3,-54.5031,19.1067,-73.6098,-0.094333,-0.073209,0.061415,7,False
momentum_top,SWANCORP,2024-01-15,2024-01-16,544.7268,2024-02-01,659.4271,TARGET,1,114.7004,18.4636,96.2367,0.176284,-0.035583,0.221478,11,False
momentum_top,NLCINDIA,2024-01-15,2024-01-16,220.899,2024-01-23,205.4361,STOP,4,-61.8517,19.535,-81.3867,-0.091908,-0.077258,0.083787,5,False
momentum_top,RPOWER,2024-01-15,2024-01-16,30.8,2024-01-18,28.644,STOP,32,-68.992,19.9512,-88.9432,-0.090046,-0.092532,0.0,3,False
momentum_top,PFC,2024-01-15,2024-01-16,365.6195,2024-01-18,340.0261,STOP,2,-51.1867,18.9134,-70.1001,-0.095656,-0.074671,0.0,3,False
momentum_top,ENGINERSIN,2024-01-15,2024-01-16,215.2396,2024-01-18,200.1728,STOP,4,-60.2671,19.4426,-79.7097,-0.092381,-0.099693,0.000439,3,False
momentum_top,HINDCOPPER,2024-01-15,2024-01-16,259.4969,2024-01-24,270.005,MOMENTUM_FAIL,3,31.5243,19.2813,12.243,0.015692,-0.068441,0.045627,6,False
momentum_top,IRFC,2024-01-23,2024-01-24,159.3945,2024-01-24,148.2369,STOP,6,-66.9457,19.8319,-86.7776,-0.090539,0.0,0.0,1,False
momentum_top,INOXWIND,2024-01-23,2024-01-24,107.8125,2024-02-02,126.2826,TARGET,9,166.2307,20.3656,145.8651,0.15,0.0,0.205565,7,False
momentum_top,GALLANTT,2024-01-23,2024-01-24,176.9787,2024-02-01,207.5791,TARGET,5,153.0022,19.978,133.0242,0.15,0.0,0.182455,6,False
momentum_top,HUDCO,2024-01-23,2024-01-24,138.9713,2024-01-31,162.7735,TARGET,7,166.6157,20.3769,146.2389,0.15,0.0,0.174116,5,False
momentum_top,RVNL,2024-01-23,2024-01-24,284.353,2024-01-24,264.4483,STOP,3,-59.7141,19.4104,-79.1245,-0.092552,0.0,0.0,1,False
momentum_top,WOCKPHARMA,2024-01-23,2024-01-24,425.0,2024-02-15,444.25,TIME,2,38.5,19.5975,18.9025,0.02219,-0.011765,0.152941,16,False
momentum_top,SWANCORP,2024-01-23,2024-01-24,581.1951,2024-02-02,687.1648,TARGET,1,105.9697,18.5998,87.3699,0.15,0.0,0.192539,7,False
momentum_top,IFCI,2024-01-23,2024-01-24,40.8,2024-01-24,47.7836,TARGET,24,167.607,20.4059,147.2011,0.15,0.0,0.0,1,False
momentum_top,RAILTEL,2024-01-23,2024-01-24,378.5483,2024-01-25,445.1537,TARGET,2,133.2108,19.3981,113.8128,0.15,0.0,0.185797,2,False
momentum_top,COCHINSHIP,2024-01-23,2024-01-24,837.7457,2024-02-12,779.1035,STOP,1,-58.6422,19.3479,-77.9901,-0.092892,-0.07017,0.107855,13,False
momentum_top,TARIL,2024-01-23,2024-01-24,138.7682,2024-01-24,162.539,TARGET,7,166.3956,20.3704,146.0251,0.15,0.0,0.0,1,False
momentum_top,NLCINDIA,2024-01-23,2024-01-24,214.2648,2024-01-30,251.4377,TARGET,4,148.6916,19.8517,128.8399,0.15,0.0,0.188243,4,False
momentum_top,HINDCOPPER,2024-01-23,2024-01-24,255.3035,2024-02-02,300.1621,TARGET,3,134.5758,19.438,115.1377,0.15,0.0,0.185894,7,False
momentum_top,JPPOWER,2024-01-23,2024-01-24,15.85,2024-02-01,18.65,TARGET,62,173.6,20.4329,153.1671,0.155523,-0.003155,0.211356,6,False
momentum_top,ATGL,2024-01-23,2024-01-24,989.0251,2024-02-15,1006.4579,TIME,1,17.4329,20.1416,-2.7087,-0.002733,-0.007071,0.08303,16,False
momentum_top,ENGINERSIN,2024-01-23,2024-01-24,211.7893,2024-02-02,248.5789,TARGET,4,147.1581,19.8067,127.3514,0.15,0.0,0.222495,7,False
momentum_top,CUPID,2024-01-29,2024-01-30,18.09,2024-02-06,18.8615,MOMENTUM_FAIL,55,42.4325,20.2175,22.2149,0.022279,-0.068546,0.042648,6,False
momentum_top,IRFC,2024-01-29,2024-01-30,165.577,2024-02-06,153.9867,STOP,6,-69.5424,19.9832,-89.5256,-0.089918,-0.112602,0.069137,6,False
momentum_top,GALLANTT,2024-01-29,2024-01-30,194.7857,2024-02-02,228.1438,TARGET,5,166.7906,20.382,146.4086,0.15,-0.042526,0.181564,4,False
momentum_top,HUDCO,2024-01-29,2024-01-30,157.0497,2024-02-01,184.0317,TARGET,6,161.8922,20.2385,141.6537,0.15,-0.039551,0.220779,3,False
momentum_top,INOXWIND,2024-01-29,2024-01-30,123.65,2024-02-13,114.9945,STOP,8,-69.244,19.9659,-89.2099,-0.089987,-0.104832,0.170239,11,False
momentum_top,TARIL,2024-01-29,2024-01-30,179.1008,2024-02-01,166.5638,STOP,5,-62.6853,19.5836,-82.2689,-0.091668,-0.079013,0.0,3,False
momentum_top,WOCKPHARMA,2024-01-29,2024-01-30,460.05,2024-02-06,458.1,MOMENTUM_FAIL,2,-3.9,19.8071,-23.7071,-0.02571,-0.051081,0.032388,6,False
momentum_top,HINDCOPPER,2024-01-29,2024-01-30,281.2038,2024-02-09,261.5196,STOP,3,-59.0528,19.3719,-78.4247,-0.09276,-0.073333,0.076667,9,False
momentum_top,RAILTEL,2024-01-29,2024-01-30,423.9546,2024-02-06,401.4225,MOMENTUM_FAIL,2,-45.0642,19.4185,-64.4826,-0.075883,-0.082315,0.03009,6,False
momentum_top,RVNL,2024-01-29,2024-01-30,296.2195,2024-02-05,275.4841,STOP,3,-62.2061,19.5557,-81.7617,-0.091805,-0.075798,0.060173,5,False
momentum_top,PFC,2024-01-29,2024-01-30,401.4856,2024-02-06,405.0543,MOMENTUM_FAIL,2,7.1375,19.335,-12.1975,-0.015157,-0.028667,0.032222,6,False
momentum_top,ENGINERSIN,2024-01-29,2024-01-30,224.3143,2024-02-12,208.6123,STOP,4,-62.808,19.5907,-82.3987,-0.091634,-0.1535,0.154235,10,False
momentum_top,NLCINDIA,2024-01-29,2024-01-30,246.33,2024-02-12,229.0869,STOP,4,-68.9724,19.95,-88.9224,-0.09005,-0.2016,0.146565,10,False
momentum_top,IFCI,2024-02-05,2024-02-06,63.55,2024-02-12,58.9,GAP_STOP,15,-69.75,19.813,-89.563,-0.09375,-0.073171,0.129819,5,False
momentum_top,HUDCO,2024-02-05,2024-02-06,187.8755,2024-02-09,174.7242,STOP,5,-65.7564,19.7626,-85.519,-0.090839,-0.099679,0.0264,4,False
momentum_top,NBCC,2024-02-05,2024-02-06,109.2235,2024-02-06,101.5779,STOP,9,-68.8108,19.9406,-88.7514,-0.090088,0.0,0.0,1,False
momentum_top,GALLANTT,2024-02-05,2024-02-06,213.7831,2024-02-12,198.8183,STOP,4,-59.8593,19.4189,-79.2781,-0.092506,-0.082831,0.044084,5,False
momentum_top,INOXWIND,2024-02-05,2024-02-06,135.25,2024-02-09,125.7825,STOP,7,-66.2725,19.7927,-86.0652,-0.090708,-0.079298,0.069871,4,False
momentum_top,IRFC,2024-02-05,2024-02-06,155.9168,2024-02-09,145.0026,STOP,6,-65.485,19.7468,-85.2318,-0.090909,-0.075898,0.027881,4,False
momentum_top,SCI,2024-02-05,2024-02-06,263.804,2024-02-06,245.3378,STOP,3,-55.3988,19.1589,-74.5577,-0.094003,0.0,0.0,1,False
momentum_top,SJVN,2024-02-05,2024-02-06,144.49,2024-02-09,134.3757,STOP,6,-60.6858,19.467,-80.1529,-0.092253,-0.095066,0.062171,4,False
momentum_top,IRB,2024-02-05,2024-02-06,34.8686,2024-02-09,32.4278,STOP,28,-68.3424,19.9133,-88.2557,-0.090199,-0.095871,0.0,4,False
momentum_top,HINDCOPPER,2024-02-05,2024-02-06,291.6133,2024-02-09,271.2004,STOP,3,-61.2388,19.4993,-80.7381,-0.092088,-0.106412,0.036373,4,False
momentum_top,HINDPETRO,2024-02-05,2024-02-06,297.4239,2024-02-16,348.8055,TARGET,3,154.1448,20.0114,134.1334,0.15,-0.027333,0.188216,9,False
momentum_top,NLCINDIA,2024-02-05,2024-02-06,271.1361,2024-02-07,252.1565,STOP,3,-56.9386,19.2486,-76.1872,-0.09346,-0.097695,0.0,2,False
momentum_top,ENGINERSIN,2024-02-05,2024-02-06,234.1452,2024-02-09,217.755,STOP,4,-65.5606,19.7512,-85.3118,-0.09089,-0.103754,0.023819,4,False
momentum_top,WOCKPHARMA,2024-02-05,2024-02-06,446.1,2024-02-19,523.1669,TARGET,2,154.1337,20.0111,134.1226,0.15,-0.058507,0.251513,10,False
momentum_top,NIACL,2024-02-05,2024-02-06,263.3171,2024-02-09,309.4167,TARGET,3,138.2989,19.5471,118.7517,0.15,0.0,0.202593,4,False
momentum_top,IOC,2024-02-05,2024-02-06,157.5366,2024-02-27,154.592,TIME,6,-17.6676,19.8852,-37.5528,-0.039643,-0.032002,0.114698,16,False
momentum_top,TARIL,2024-02-05,2024-02-06,168.1192,2024-02-12,155.8147,GAP_STOP,5,-61.5222,19.3541,-80.8763,-0.096003,-0.104513,0.039192,5,False
momentum_top,IFCI,2024-02-12,2024-02-13,55.95,2024-02-15,52.0335,STOP,17,-66.5805,19.8106,-86.3911,-0.09063,-0.077748,0.0,3,False
momentum_top,HUDCO,2024-02-12,2024-02-13,157.6059,2024-02-15,188.2927,TARGET,6,184.1209,20.2978,163.8231,0.172863,0.0,0.222353,3,False
momentum_top,CUPID,2024-02-12,2024-02-13,18.875,2024-02-20,22.9,TARGET,52,209.3,20.5005,188.7995,0.191938,-0.008742,0.217801,6,False
momentum_top,GVT&D,2024-02-12,2024-02-13,798.1032,2024-02-20,771.3009,MOMENTUM_FAIL,1,-26.8023,19.2454,-46.0477,-0.057571,-0.068411,0.049221,6,False
momentum_top,GALLANTT,2024-02-12,2024-02-13,186.6014,2024-02-16,222.1658,TARGET,5,177.8218,20.2317,157.5902,0.168537,-0.019139,0.19059,4,False
momentum_top,NBCC,2024-02-12,2024-02-13,80.9895,2024-02-20,94.8623,TARGET,12,166.4726,20.3727,146.0999,0.15,0.0,0.185364,6,False
momentum_top,INOXWIND,2024-02-12,2024-02-13,125.0,2024-02-13,116.25,STOP,7,-61.25,19.4999,-80.7499,-0.092084,0.0,0.0,1,False
momentum_top,IRFC,2024-02-12,2024-02-13,127.5156,2024-02-13,149.5437,TARGET,7,154.197,20.013,134.1841,0.15,0.0,0.0,1,False
momentum_top,IOC,2024-02-12,2024-02-13,156.1089,2024-03-05,156.912,TIME,6,4.8185,19.8948,-15.0763,-0.016061,-0.060589,0.10946,16,False
momentum_top,IRB,2024-02-12,2024-02-13,29.7306,2024-02-13,27.6494,STOP,33,-68.6776,19.9328,-88.6104,-0.09012,0.0,0.0,1,False
momentum_top,NIACL,2024-02-12,2024-02-13,243.6658,2024-02-16,285.3919,TARGET,4,166.9044,20.3853,146.5191,0.15,-0.055433,0.180708,4,False
momentum_top,HINDPETRO,2024-02-12,2024-02-13,298.8604,2024-02-16,350.4645,TARGET,3,154.8122,20.031,134.7812,0.15,-0.022763,0.182505,4,False
momentum_top,EIHOTEL,2024-02-12,2024-02-13,386.7346,2024-02-13,359.6632,STOP,2,-54.1428,19.0857,-73.2285,-0.094469,0.0,0.0,1,False
momentum_top,INOXWIND,2024-02-19,2024-02-20,159.0125,2024-02-22,147.8816,STOP,6,-66.7852,19.8225,-86.6078,-0.090579,-0.1018,0.0,3,False
momentum_top,MRPL,2024-02-19,2024-02-20,278.1918,2024-02-21,258.7183,STOP,3,-58.4203,19.335,-77.7553,-0.092964,-0.135587,0.0,2,False
momentum_top,GALLANTT,2024-02-19,2024-02-20,232.0861,2024-02-26,214.4279,GAP_STOP,4,-70.6327,19.7061,-90.3388,-0.097099,-0.076085,0.0,5,False
momentum_top,HUDCO,2024-02-19,2024-02-20,180.366,2024-03-13,167.7404,STOP,5,-63.1281,19.6094,-82.7375,-0.091544,-0.156258,0.098946,16,False
momentum_top,IFCI,2024-02-19,2024-02-20,52.7,2024-02-21,49.011,STOP,18,-66.402,19.8002,-86.2022,-0.090675,-0.070209,0.008539,2,False
momentum_top,NBCC,2024-02-19,2024-02-20,93.1363,2024-02-27,90.1078,MOMENTUM_FAIL,10,-30.2855,19.801,-50.0865,-0.05366,-0.034965,0.033566,6,False
momentum_top,IRFC,2024-02-19,2024-02-20,154.2262,2024-02-27,146.4497,MOMENTUM_FAIL,6,-46.659,19.7423,-66.4013,-0.071601,-0.065456,0.004698,6,False
momentum_top,OIL,2024-02-19,2024-02-20,370.2901,2024-02-27,356.2999,MOMENTUM_FAIL,2,-27.9804,19.0001,-46.9805,-0.063299,-0.057385,0.045489,6,False
momentum_top,GVT&D,2024-02-19,2024-02-20,764.6376,2024-02-27,899.0163,TARGET,1,134.3787,19.4323,114.9464,0.15,-0.030305,0.186122,6,False
momentum_top,HINDPETRO,2024-02-19,2024-02-20,329.5782,2024-02-26,306.5077,STOP,3,-69.2114,19.964,-89.1754,-0.089995,-0.078781,0.02578,5,False
momentum_top,IOC,2024-02-19,2024-02-20,167.3074,2024-02-26,155.5959,STOP,5,-58.5576,19.343,-77.9006,-0.09292,-0.079733,0.017067,5,False
momentum_top,NIACL,2024-02-19,2024-02-20,287.2107,2024-02-22,267.1059,STOP,3,-60.3142,19.4454,-79.7596,-0.092366,-0.081155,0.06927,3,False
momentum_top,IRB,2024-02-19,2024-02-20,32.8044,2024-02-27,32.5339,MOMENTUM_FAIL,30,-8.1151,20.0689,-28.184,-0.028576,-0.048726,0.038981,6,False
momentum_top,IREDA,2024-02-26,2024-02-27,144.8616,2024-03-12,134.7213,STOP,6,-60.8419,19.4761,-80.318,-0.092206,-0.085607,0.096862,10,False
momentum_top,HUDCO,2024-02-26,2024-02-27,189.5906,2024-02-28,176.3193,STOP,5,-66.3567,19.7976,-86.1543,-0.090686,-0.082885,0.0,2,False
momentum_top,GALLANTT,2024-02-26,2024-02-27,221.1737,2024-02-29,203.4164,GAP_STOP,4,-71.0296,19.5209,-90.5505,-0.102129,-0.080511,0.0,3,False
momentum_top,INOXWIND,2024-02-26,2024-02-27,158.475,2024-02-29,147.3818,STOP,6,-66.5595,19.8094,-86.3689,-0.090635,-0.087711,0.0,3,False
momentum_top,IRFC,2024-02-26,2024-02-27,147.7055,2024-02-29,137.3662,STOP,6,-62.0363,19.5458,-81.5821,-0.091854,-0.079137,0.00327,3,False
momentum_top,MRPL,2024-02-26,2024-02-27,236.5939,2024-02-29,220.0323,STOP,4,-66.2463,19.7911,-86.0374,-0.090714,-0.075205,0.030328,3,False
momentum_top,NBCC,2024-02-26,2024-02-27,91.1173,2024-02-29,84.7391,STOP,10,-63.7821,19.6475,-83.4296,-0.091363,-0.080415,0.0,3,False
momentum_top,IFCI,2024-02-26,2024-02-27,49.25,2024-02-28,45.6,GAP_STOP,20,-73.0,19.9405,-92.9405,-0.09415,-0.108629,0.0,2,False
momentum_top,TARIL,2024-02-26,2024-02-27,184.6915,2024-02-27,171.7631,STOP,5,-64.642,19.6976,-84.3396,-0.091131,0.0,0.0,1,False
momentum_top,WOCKPHARMA,2024-02-26,2024-02-27,614.8,2024-02-28,571.764,STOP,1,-43.036,18.4383,-61.4743,-0.099773,-0.078643,0.0,2,False
momentum_top,OIL,2024-02-26,2024-02-27,356.0828,2024-03-15,331.157,STOP,2,-49.8516,18.8356,-68.6872,-0.096238,-0.106194,0.127276,13,False
momentum_top,IRB,2024-02-26,2024-02-27,33.0995,2024-02-29,30.7826,STOP,30,-69.509,19.9813,-89.4903,-0.089926,-0.077266,0.0,3,False
momentum_top,SCHNEIDER,2024-02-26,2024-02-27,589.0,2024-03-06,696.1784,TARGET,1,107.1784,18.6353,88.5432,0.15,-0.020374,0.230051,7,False
momentum_top,CUPID,2024-03-04,2024-03-05,24.3505,2024-03-12,22.247,GAP_STOP,40,-84.14,19.8714,-104.0114,-0.106553,-0.086384,0.032628,5,False
momentum_top,IREDA,2024-03-04,2024-03-05,149.2095,2024-03-06,138.7648,STOP,6,-62.668,19.5826,-82.2506,-0.091673,-0.072848,0.0,2,False
momentum_top,HUDCO,2024-03-04,2024-03-05,181.2468,2024-03-12,168.5595,STOP,5,-63.4364,19.6274,-83.0637,-0.091458,-0.071611,0.048593,5,False
momentum_top,GALLANTT,2024-03-04,2024-03-05,214.2791,2024-03-12,199.2796,STOP,4,-59.9981,19.427,-79.4251,-0.092463,-0.087963,0.037037,5,False
momentum_top,GVT&D,2024-03-04,2024-03-05,924.9545,2024-03-14,857.7248,GAP_STOP,1,-67.2296,19.6987,-86.9283,-0.093776,-0.072684,0.082737,7,False
momentum_top,OIL,2024-03-04,2024-03-05,390.1742,2024-03-13,355.9897,MOMENTUM_FAIL,2,-68.3689,19.0858,-87.4547,-0.111827,-0.104548,0.02878,6,False
momentum_top,SCHNEIDER,2024-03-04,2024-03-05,675.0,2024-03-13,627.75,STOP,1,-47.25,18.6839,-65.9339,-0.097467,-0.08963,0.081481,6,False
momentum_top,IRFC,2024-03-04,2024-03-05,139.9773,2024-03-13,120.0289,MOMENTUM_FAIL,7,-139.6392,19.783,-159.4222,-0.162347,-0.151139,0.016218,6,False
momentum_top,MRPL,2024-03-04,2024-03-05,222.3401,2024-03-12,206.7763,STOP,4,-62.2552,19.5585,-81.8137,-0.091791,-0.103576,0.0628,5,False
momentum_top,TARIL,2024-03-04,2024-03-05,177.7031,2024-03-11,165.2639,STOP,5,-62.1961,19.5551,-81.7512,-0.091808,-0.083006,0.0,4,False
momentum_top,EIHOTEL,2024-03-04,2024-03-05,410.8623,2024-03-13,381.6421,MOMENTUM_FAIL,2,-58.4403,19.2807,-77.721,-0.094376,-0.119735,0.039711,6,False
momentum_top,WOCKPHARMA,2024-03-04,2024-03-05,579.5,2024-03-12,538.935,STOP,1,-40.565,18.2943,-58.8593,-0.101348,-0.073425,0.002243,5,False
momentum_top,NATIONALUM,2024-03-04,2024-03-05,151.8109,2024-03-12,141.1841,STOP,6,-63.7606,19.6463,-83.4068,-0.091369,-0.095238,0.0,5,False
momentum_top,NBCC,2024-03-04,2024-03-05,87.5026,2024-03-11,81.3774,STOP,11,-67.377,19.857,-87.234,-0.090432,-0.099739,0.0,4,False
momentum_top,CUPID,2024-03-11,2024-03-12,22.247,2024-03-18,20.22,GAP_STOP,44,-89.188,19.8816,-109.0696,-0.111181,-0.091113,0.118803,5,False
momentum_top,TATAINVEST,2024-03-11,2024-03-12,868.9824,2024-03-14,784.2606,GAP_STOP,1,-84.7218,19.4267,-104.1485,-0.11959,-0.097495,0.0,3,False
momentum_top,GALLANTT,2024-03-11,2024-03-12,205.698,2024-03-13,187.0974,GAP_STOP,4,-74.4024,19.2527,-93.6551,-0.113578,-0.09742,0.0,2,False
momentum_top,HUDCO,2024-03-11,2024-03-12,181.7103,2024-03-12,168.9906,STOP,5,-63.5986,19.6368,-83.2354,-0.091413,0.0,0.0,1,False
momentum_top,OIL,2024-03-11,2024-03-12,385.5832,2024-03-13,358.5923,STOP,2,-53.9816,19.0763,-73.0579,-0.09453,-0.093886,0.0,2,False
momentum_top,SCHNEIDER,2024-03-11,2024-03-12,680.0,2024-03-13,632.0,GAP_STOP,1,-48.0,18.7035,-66.7035,-0.097879,-0.096324,0.0,2,False
momentum_top,MRPL,2024-03-11,2024-03-12,212.2073,2024-03-13,197.3528,STOP,4,-59.418,19.3932,-78.8112,-0.092644,-0.136395,0.0,2,False
momentum_top,TARIL,2024-03-11,2024-03-12,155.2656,2024-03-27,181.9714,TARGET,6,160.2345,20.1899,140.0446,0.15,-0.022344,0.211542,11,False
momentum_top,IRFC,2024-03-11,2024-03-12,136.9826,2024-03-13,127.3938,STOP,7,-67.1215,19.8421,-86.9636,-0.090495,-0.132581,0.0,2,False
momentum_top,EIHOTEL,2024-03-11,2024-03-12,414.2243,2024-03-13,385.2286,STOP,2,-57.9914,19.31,-77.3014,-0.093105,-0.12688,0.0,2,False
momentum_top,NATIONALUM,2024-03-11,2024-03-12,143.5815,2024-03-13,133.5308,STOP,6,-60.3042,19.4448,-79.749,-0.092369,-0.175111,0.0,2,False
momentum_top,ANANDRATHI,2024-03-11,2024-03-12,969.1069,2024-03-15,901.2694,STOP,1,-67.8375,19.8839,-87.7214,-0.09032,-0.110287,0.0,4,False
momentum_top,CUPID,2024-03-18,2024-03-19,19.209,2024-03-27,22.99,TARGET,51,192.831,20.4592,172.3718,0.175567,-0.04969,0.209355,6,False
momentum_top,GVT&D,2024-03-18,2024-03-19,839.3759,2024-04-05,985.3289,TARGET,1,145.9531,19.7714,126.1816,0.15,-0.046209,0.184479,12,False
momentum_top,TARIL,2024-03-18,2024-03-19,162.7032,2024-03-28,195.6731,TARGET,6,197.8194,20.4548,177.3646,0.181289,-0.067035,0.213836,7,False
momentum_top,GALLANTT,2024-03-18,2024-03-19,192.5536,2024-03-27,188.7839,MOMENTUM_FAIL,5,-18.8486,19.9569,-38.8054,-0.040218,-0.02679,0.026275,6,False
momentum_top,TATAINVEST,2024-03-18,2024-03-19,672.4102,2024-03-21,606.8532,GAP_STOP,1,-65.5569,18.6357,-84.1927,-0.124937,-0.097495,0.0,3,False
momentum_top,EIHOTEL,2024-03-18,2024-03-19,400.2817,2024-04-01,470.2528,TARGET,2,139.9423,19.5953,120.347,0.15,-0.020504,0.196146,8,False
momentum_top,HUDCO,2024-03-18,2024-03-19,167.9893,2024-04-05,197.1976,TARGET,5,146.0415,19.774,126.2674,0.15,-0.057395,0.183336,12,False
momentum_top,MRPL,2024-03-18,2024-03-19,206.3894,2024-04-12,215.1647,TIME,4,35.1011,19.4874,15.6138,0.018872,0.0,0.150575,16,False
momentum_top,OIL,2024-03-18,2024-03-19,343.3748,2024-04-03,404.533,TARGET,2,122.3165,19.0788,103.2376,0.15,-0.000367,0.22844,10,False
momentum_top,GODFRYPHLP,2024-03-18,2024-03-19,997.4014,2024-03-27,985.1379,MOMENTUM_FAIL,1,-12.2635,20.1165,-32.38,-0.032394,-0.049518,0.016015,6,False
momentum_top,JIOFIN,2024-03-18,2024-03-19,352.0254,2024-03-27,349.3359,MOMENTUM_FAIL,2,-5.379,18.8919,-24.2709,-0.034398,-0.050226,0.008348,6,False
momentum_top,SCHNEIDER,2024-03-18,2024-03-19,600.75,2024-03-27,716.8,TARGET,1,116.05,18.7029,97.347,0.161689,-0.054515,0.193175,6,False
momentum_top,ZYDUSLIFE,2024-03-18,2024-03-19,978.4319,2024-03-27,985.0336,MOMENTUM_FAIL,1,6.6018,20.0748,-13.473,-0.01374,-0.04708,0.035045,6,False
momentum_top,ANANDRATHI,2024-03-18,2024-03-19,892.7731,2024-03-27,887.8447,MOMENTUM_FAIL,1,-4.9284,19.6897,-24.618,-0.027515,-0.048133,0.027089,6,False
momentum_top,EIHOTEL,2024-03-26,2024-03-27,444.7794,2024-04-22,472.8625,TIME,2,56.1661,19.8005,36.3656,0.040791,-0.032459,0.116496,16,False
momentum_top,GVT&D,2024-03-26,2024-03-27,883.9304,2024-03-28,820.48,GAP_STOP,1,-63.4504,19.5332,-82.9835,-0.093675,-0.094228,0.0,2,False
momentum_top,MRPL,2024-03-26,2024-03-27,217.201,2024-04-22,216.4252,TIME,4,-3.1029,19.5922,-22.695,-0.026065,-0.066518,0.093304,16,False
momentum_top,TARIL,2024-03-26,2024-03-27,177.204,2024-04-02,217.7113,TARGET,5,202.5366,20.0836,182.453,0.205475,0.0,0.228591,4,False
momentum_top,OIL,2024-03-26,2024-03-27,385.5563,2024-04-22,376.0111,TIME,2,-19.0905,19.1471,-38.2376,-0.049479,-0.048125,0.094044,16,False
momentum_top,HUDCO,2024-03-26,2024-03-27,171.8831,2024-04-09,201.6945,TARGET,5,149.0565,19.8624,129.1942,0.15,0.0,0.187794,9,False
momentum_top,INDUSTOWER,2024-03-26,2024-03-27,273.3622,2024-04-12,321.0174,TARGET,3,142.9658,19.6839,123.2819,0.15,-0.00141,0.184558,11,False
momentum_top,IRFC,2024-03-26,2024-03-27,142.489,2024-04-04,138.8664,MOMENTUM_FAIL,7,-25.3582,20.0899,-45.4482,-0.045466,-0.042034,0.005424,6,False
momentum_top,JIOFIN,2024-03-26,2024-03-27,346.8954,2024-04-22,381.2114,TIME,2,68.632,18.9992,49.6328,0.071382,0.0,0.105097,16,False
momentum_top,RVNL,2024-03-26,2024-03-27,258.6012,2024-04-04,259.9307,MOMENTUM_FAIL,3,3.9884,19.2139,-15.2255,-0.019583,-0.042841,0.030465,6,False
momentum_top,CUPID,2024-04-01,2024-04-02,23.4965,2024-04-10,27.5154,TARGET,42,168.7922,20.4406,148.3516,0.15,-0.008363,0.177622,7,False
momentum_top,EIHOTEL,2024-04-01,2024-04-02,473.4063,2024-04-09,485.1734,MOMENTUM_FAIL,2,23.5343,19.9758,3.5585,0.00375,-0.044386,0.037911,6,False
momentum_top,MRPL,2024-04-01,2024-04-02,224.1824,2024-04-15,208.4897,STOP,4,-62.7711,19.5886,-82.3597,-0.091644,-0.095588,0.059256,9,False
momentum_top,GVT&D,2024-04-01,2024-04-02,885.1238,2024-04-24,1039.2746,TARGET,1,154.1508,19.9813,134.1695,0.151252,-0.033933,0.219944,15,False
momentum_top,OIL,2024-04-01,2024-04-02,374.877,2024-04-25,385.9028,TIME,2,22.0516,19.1407,2.9109,0.003874,-0.010672,0.12521,16,False
momentum_top,HUDCO,2024-04-01,2024-04-02,187.2456,2024-04-25,189.769,TIME,5,12.6171,19.9089,-7.2918,-0.007772,-0.05715,0.090342,16,False
momentum_top,INDUSTOWER,2024-04-01,2024-04-02,303.0933,2024-04-25,338.8958,TIME,3,107.4077,19.9881,87.4196,0.095932,-0.051192,0.165501,16,False
momentum_top,NBCC,2024-04-01,2024-04-02,82.5852,2024-04-25,86.2,TIME,12,43.3767,20.2029,23.1739,0.023333,-0.062303,0.116325,16,False
momentum_top,JIOFIN,2024-04-01,2024-04-02,357.6036,2024-04-25,380.813,TIME,2,46.4188,19.0444,27.3743,0.038191,-0.022284,0.099443,16,False
momentum_top,SCHNEIDER,2024-04-08,2024-04-09,829.75,2024-04-10,771.6675,STOP,1,-58.0825,19.3153,-77.3978,-0.093075,-0.088762,0.0,2,False
momentum_top,EIHOTEL,2024-04-08,2024-04-09,474.6917,2024-04-15,441.4633,STOP,2,-66.4568,19.8034,-86.2602,-0.090661,-0.080096,0.046141,4,False
momentum_top,MRPL,2024-04-08,2024-04-09,226.8975,2024-04-15,211.0146,STOP,4,-63.5313,19.6329,-83.1642,-0.091432,-0.10641,0.0,4,False
momentum_top,HUDCO,2024-04-08,2024-04-09,196.7317,2024-04-15,182.9605,STOP,5,-68.8561,19.9432,-88.7993,-0.090078,-0.091449,0.01829,4,False
momentum_top,OIL,2024-04-08,2024-04-09,395.7315,2024-04-18,380.0119,MOMENTUM_FAIL,2,-31.4392,19.2079,-50.6471,-0.063852,-0.051903,0.031683,6,False
momentum_top,IREDA,2024-04-08,2024-04-09,173.1225,2024-04-15,158.3992,GAP_STOP,5,-73.6165,19.4351,-93.0516,-0.107263,-0.125285,0.0,4,False
momentum_top,IRB,2024-04-08,2024-04-09,34.7963,2024-04-15,31.9192,GAP_STOP,28,-80.5601,19.8799,-100.44,-0.102865,-0.108834,0.0,4,False
momentum_top,GVT&D,2024-04-08,2024-04-09,953.7458,2024-04-12,886.9836,STOP,1,-66.7622,19.8212,-86.5834,-0.090584,-0.074035,0.0,3,False
momentum_top,TATAINVEST,2024-04-08,2024-04-09,710.5373,2024-04-15,660.7997,STOP,1,-49.7376,18.8289,-68.5665,-0.096289,-0.0825,0.0,4,False
momentum_top,NBCC,2024-04-08,2024-04-09,88.4795,2024-04-15,81.4129,GAP_STOP,11,-77.733,19.8813,-97.6143,-0.100076,-0.09827,0.016194,4,False
momentum_top,IFCI,2024-04-08,2024-04-09,48.0,2024-04-15,44.0,GAP_STOP,20,-80.0,19.8207,-99.8207,-0.103753,-0.132292,0.0,4,False
momentum_top,SCHNEIDER,2024-04-15,2024-04-16,750.0,2024-04-22,697.5,STOP,1,-52.5,18.9899,-71.4899,-0.095112,-0.08,0.062667,4,False
momentum_top,OIL,2024-04-15,2024-04-16,387.4149,2024-04-24,383.2881,MOMENTUM_FAIL,2,-8.2535,19.1849,-27.4384,-0.035335,-0.04269,0.024394,6,False
momentum_top,EIHOTEL,2024-04-15,2024-04-16,448.0426,2024-05-09,472.2197,TIME,2,48.3542,19.8121,28.542,0.031782,-0.039506,0.103509,16,False
momentum_top,HUDCO,2024-04-15,2024-04-16,182.0586,2024-04-24,185.5633,MOMENTUM_FAIL,5,17.5237,19.8094,-2.2857,-0.002505,-0.030288,0.046201,6,False
momentum_top,INDUSTOWER,2024-04-15,2024-04-16,324.5845,2024-05-09,315.9591,TIME,3,-25.8762,19.9889,-45.8651,-0.046999,-0.032512,0.088331,16,False
momentum_top,TATAINVEST,2024-04-15,2024-04-16,655.2734,2024-05-08,609.4042,STOP,1,-45.8691,18.6035,-64.4726,-0.098176,-0.073795,0.060964,15,False
momentum_top,CUPID,2024-04-15,2024-04-16,24.16,2024-04-19,22.4688,STOP,41,-69.3392,19.9714,-89.3106,-0.089965,-0.073262,0.02649,3,False
momentum_top,IREDA,2024-04-15,2024-04-16,154.1502,2024-04-29,184.8814,TARGET,6,184.3874,20.2108,164.1766,0.17712,0.0,0.232051,9,False
momentum_top,JYOTICNC,2024-04-22,2024-04-23,775.95,2024-05-15,912.0806,TARGET,1,136.1306,19.4836,116.647,0.15,-0.001224,0.181584,16,False
momentum_top,SCHNEIDER,2024-04-22,2024-04-23,748.7,2024-05-15,813.55,TIME,1,64.85,19.2234,45.6266,0.060808,-0.043676,0.124616,16,False
momentum_top,EIHOTEL,2024-04-22,2024-04-23,476.4717,2024-04-24,443.1187,STOP,2,-66.706,19.8179,-86.524,-0.090598,-0.077202,0.0,2,False
momentum_top,INDUSTOWER,2024-04-22,2024-04-23,346.7985,2024-04-30,341.9316,MOMENTUM_FAIL,2,-9.7337,18.8389,-28.5726,-0.041105,-0.044463,0.011533,6,False
momentum_top,JIOFIN,2024-04-22,2024-04-23,385.4947,2024-04-30,375.5336,MOMENTUM_FAIL,2,-19.9222,19.1449,-39.0671,-0.050561,-0.029716,0.011628,6,False
momentum_top,TATAINVEST,2024-04-22,2024-04-23,677.7737,2024-04-30,654.2865,MOMENTUM_FAIL,1,-23.4872,18.744,-42.2312,-0.062173,-0.04339,0.004252,6,False
momentum_top,MOTILALOFS,2024-04-22,2024-04-23,576.9056,2024-05-09,536.5223,STOP,1,-40.3834,18.2837,-58.6671,-0.101471,-0.090556,0.142339,12,False
momentum_top,OIL,2024-04-22,2024-04-23,378.6573,2024-05-15,398.8818,TIME,2,40.4489,19.2101,21.2388,0.027984,-0.019967,0.084858,16,False
momentum_top,TARIL,2024-04-29,2024-04-30,324.458,2024-05-02,299.4997,GAP_STOP,3,-74.875,19.8876,-94.7626,-0.097142,-0.076923,0.013,2,False
momentum_top,AEGISLOG,2024-04-29,2024-04-30,684.3534,2024-05-02,636.4487,STOP,1,-47.9047,18.7221,-66.6268,-0.097145,-0.088379,0.0,2,False
momentum_top,JYOTICNC,2024-04-29,2024-04-30,824.0,2024-05-23,860.05,TIME,1,36.05,19.4827,16.5673,0.020062,-0.059466,0.17233,16,False
momentum_top,SCHNEIDER,2024-04-29,2024-04-30,808.7,2024-05-08,820.55,MOMENTUM_FAIL,1,11.85,19.3688,-7.5189,-0.009277,-0.062693,0.041177,6,False
momentum_top,OIL,2024-04-29,2024-04-30,393.2743,2024-05-08,403.6386,MOMENTUM_FAIL,2,20.7286,19.2934,1.4352,0.001821,-0.030759,0.044537,6,False
momentum_top,VEDL,2024-04-29,2024-04-30,347.3976,2024-05-08,343.7885,MOMENTUM_FAIL,2,-7.218,18.849,-26.0671,-0.037436,-0.041799,0.026644,6,False
momentum_top,JIOFIN,2024-04-29,2024-04-30,379.02,2024-05-07,352.4886,STOP,2,-53.0628,19.0227,-72.0855,-0.094887,-0.070696,0.01406,5,False
momentum_top,INDUSTOWER,2024-04-29,2024-04-30,340.1969,2024-05-08,325.0663,MOMENTUM_FAIL,2,-30.2612,18.7413,-49.0025,-0.071864,-0.054533,0.030028,6,False
momentum_top,GALLANTT,2024-04-29,2024-04-30,296.6178,2024-05-09,275.8546,STOP,3,-62.2897,19.5605,-81.8503,-0.091781,-0.095652,0.090636,7,False
momentum_top,SCHNEIDER,2024-05-06,2024-05-07,841.0,2024-05-08,782.13,STOP,1,-58.87,19.3612,-78.2312,-0.092819,-0.098692,0.0,2,False
momentum_top,TARIL,2024-05-06,2024-05-07,292.0122,2024-05-29,334.4329,TIME,3,127.2621,19.8882,107.374,0.122301,-0.062906,0.162627,16,False
momentum_top,AEGISLOG,2024-05-06,2024-05-07,593.9246,2024-05-14,587.1497,MOMENTUM_FAIL,1,-6.7749,18.424,-25.1989,-0.042335,-0.052488,0.007274,6,False
momentum_top,INDUSTOWER,2024-05-06,2024-05-07,334.4145,2024-05-10,311.0055,STOP,2,-46.818,18.6588,-65.4768,-0.097684,-0.070173,0.0,4,False
momentum_top,TRITURBINE,2024-05-06,2024-05-07,556.462,2024-05-14,547.1712,MOMENTUM_FAIL,1,-9.2908,18.2607,-27.5515,-0.049404,-0.044081,0.026679,6,False
momentum_top,VEDL,2024-05-06,2024-05-07,348.5864,2024-05-21,410.5517,TARGET,2,123.9307,19.1261,104.8045,0.15,-0.042996,0.203167,10,False
momentum_top,TARIL,2024-05-13,2024-05-14,294.6106,2024-05-31,345.5565,TARGET,3,152.8378,19.9731,132.8646,0.15,-0.016949,0.186441,13,False
momentum_top,HINDZINC,2024-05-13,2024-05-14,527.6603,2024-05-21,625.3393,TARGET,1,97.679,18.3569,79.3221,0.15,-0.039974,0.308542,5,False
momentum_top,AEGISLOG,2024-05-13,2024-05-14,588.0825,2024-05-24,695.1188,TARGET,1,107.0363,18.6311,88.4052,0.15,-0.019952,0.247182,8,False
momentum_top,VEDL,2024-05-13,2024-05-14,357.5027,2024-05-22,422.8892,TARGET,2,130.7731,19.2154,111.5577,0.155683,0.0,0.203682,6,False
momentum_top,NUVAMA,2024-05-13,2024-05-14,972.973,2024-05-16,904.8648,STOP,1,-68.1081,19.8996,-88.0078,-0.090255,-0.074192,0.0,3,False
momentum_top,INDUSTOWER,2024-05-13,2024-05-14,318.272,2024-06-04,295.993,STOP,3,-66.8371,19.8256,-86.6627,-0.090566,-0.115821,0.120061,15,False
momentum_top,TARIL,2024-05-21,2024-05-22,307.0442,2024-06-03,367.0149,TARGET,3,179.9122,20.1858,159.7264,0.173024,-0.056757,0.195316,9,False
momentum_top,VEDL,2024-05-21,2024-05-22,422.8892,2024-05-23,393.287,STOP,2,-59.2045,19.3807,-78.5852,-0.092712,-0.072691,0.0,2,False
momentum_top,SCHNEIDER,2024-05-21,2024-05-22,902.25,2024-05-27,827.35,GAP_STOP,1,-74.9,19.5872,-94.4872,-0.104496,-0.083015,0.05852,4,False
momentum_top,HINDCOPPER,2024-05-21,2024-05-22,400.2468,2024-05-23,372.2295,STOP,2,-56.0346,19.1959,-75.2305,-0.093775,-0.089732,0.0,2,False
momentum_top,INDUSTOWER,2024-05-21,2024-05-22,330.0777,2024-05-29,328.584,MOMENTUM_FAIL,3,-4.4813,20.1021,-24.5834,-0.024772,-0.007153,0.04073,6,False
momentum_top,HINDZINC,2024-05-27,2024-05-28,662.9808,2024-05-30,616.5722,STOP,1,-46.4087,18.6349,-65.0436,-0.097894,-0.07563,0.02521,3,False
momentum_top,VEDL,2024-05-27,2024-05-28,402.4483,2024-06-04,363.2816,MOMENTUM_FAIL,2,-78.3335,19.1691,-97.5026,-0.120873,-0.208684,0.020091,6,False
momentum_top,AEGISLOG,2024-05-27,2024-05-28,724.6095,2024-05-31,673.8868,STOP,1,-50.7227,18.8863,-69.609,-0.095855,-0.07622,0.043361,4,False
momentum_top,CGPOWER,2024-05-27,2024-05-28,650.7161,2024-06-04,605.1659,STOP,1,-45.5501,18.5849,-64.135,-0.098346,-0.159844,0.071237,6,False
momentum_top,INDUSTOWER,2024-05-27,2024-05-28,333.4508,2024-06-04,310.1092,STOP,2,-46.6831,18.6509,-65.334,-0.097753,-0.156069,0.069075,6,False
momentum_top,HINDZINC,2024-06-03,2024-06-04,643.2492,2024-06-04,598.2218,STOP,1,-45.0274,18.5544,-63.5818,-0.098629,0.0,0.0,1,False
momentum_top,VEDL,2024-06-03,2024-06-04,398.1883,2024-06-04,370.3151,STOP,2,-55.7464,19.1791,-74.9255,-0.093878,0.0,0.0,1,False
momentum_top,JWL,2024-06-03,2024-06-04,641.7537,2024-06-04,596.8309,STOP,1,-44.9228,18.5483,-63.4711,-0.098687,0.0,0.0,1,False
momentum_top,RVNL,2024-06-03,2024-06-04,393.9089,2024-06-04,366.3353,STOP,2,-55.1472,19.1442,-74.2915,-0.094095,0.0,0.0,1,False
momentum_top,AEGISLOG,2024-06-03,2024-06-04,705.9051,2024-06-04,656.4917,STOP,1,-49.4134,18.81,-68.2234,-0.096436,0.0,0.0,1,False
momentum_top,ADANIPOWER,2024-06-03,2024-06-04,174.6,2024-06-04,162.378,STOP,5,-61.11,19.4918,-80.6018,-0.092126,0.0,0.0,1,False
momentum_top,EXIDEIND,2024-06-03,2024-06-04,498.0222,2024-06-04,463.1606,STOP,2,-69.7231,19.9938,-89.7169,-0.089877,0.0,0.0,1,False
momentum_top,HINDZINC,2024-06-10,2024-06-11,624.3535,2024-06-19,588.1866,MOMENTUM_FAIL,1,-36.1669,18.4927,-54.6595,-0.087355,-0.062612,0.046029,6,False
momentum_top,PGEL,2024-06-10,2024-06-11,291.5186,2024-06-27,342.3755,TARGET,3,152.5708,19.9334,132.6373,0.151332,-0.012933,0.215808,12,False
momentum_top,AEGISLOG,2024-06-10,2024-06-11,746.2104,2024-06-28,877.7354,TARGET,1,131.5249,19.3487,112.1763,0.15,-0.005263,0.205567,13,False
momentum_top,JWL,2024-06-10,2024-06-11,629.8141,2024-07-03,689.6116,TIME,1,59.7975,18.7111,41.0864,0.065093,0.0,0.149842,16,False
momentum_top,MOTILALOFS,2024-06-10,2024-06-11,663.4268,2024-06-19,675.2877,MOMENTUM_FAIL,1,11.8609,18.7554,-6.8945,-0.01037,-0.033012,0.035608,6,False
momentum_top,EMAMILTD,2024-06-10,2024-06-11,702.0946,2024-06-19,691.6594,MOMENTUM_FAIL,1,-10.4352,18.8733,-29.3085,-0.041653,-0.042466,0.026027,6,False
momentum_top,VEDL,2024-06-10,2024-06-11,386.0166,2024-06-19,389.8854,MOMENTUM_FAIL,2,7.7377,19.2056,-11.4679,-0.014822,-0.011261,0.026126,6,False
momentum_top,EXIDEIND,2024-06-10,2024-06-11,517.8483,2024-07-03,561.1503,TIME,1,43.302,18.2048,25.0972,0.048359,0.0,0.181619,16,False
momentum_top,TARIL,2024-06-18,2024-06-19,396.9753,2024-06-20,369.187,STOP,2,-55.5765,19.1693,-74.7458,-0.093939,-0.071698,0.0,2,False
momentum_top,HINDZINC,2024-06-18,2024-06-19,600.7684,2024-07-10,612.0966,TIME,1,11.3283,18.4898,-7.1615,-0.011895,-0.019165,0.108192,16,False
momentum_top,AEGISLOG,2024-06-18,2024-06-19,824.7588,2024-06-24,767.0257,STOP,1,-57.7331,19.2949,-77.0281,-0.093191,-0.093809,0.005893,4,False
momentum_top,JWL,2024-06-18,2024-06-19,690.3579,2024-06-26,674.7369,MOMENTUM_FAIL,1,-15.6209,18.8132,-34.4341,-0.04977,-0.060316,0.022195,6,False
momentum_top,EXIDEIND,2024-06-18,2024-06-19,559.2762,2024-07-10,559.7201,TIME,1,0.4439,18.2924,-17.8485,-0.031844,-0.031658,0.094092,16,False
momentum_top,PGEL,2024-06-18,2024-06-19,302.6348,2024-06-28,357.322,TARGET,3,164.0616,20.0976,143.964,0.158221,0.0,0.185109,8,False
momentum_top,MOTILALOFS,2024-06-18,2024-06-19,657.0287,2024-06-26,610.6183,MOMENTUM_FAIL,1,-46.4104,18.6098,-65.0202,-0.098745,-0.077079,0.047116,6,False
momentum_top,TARIL,2024-06-24,2024-06-25,365.5169,2024-07-16,380.4721,TIME,2,29.9105,19.0777,10.8328,0.014786,-0.032787,0.112568,16,False
momentum_top,HINDZINC,2024-06-24,2024-06-25,611.9109,2024-07-02,605.8753,MOMENTUM_FAIL,1,-6.0356,18.5015,-24.537,-0.040012,-0.019347,0.031032,6,False
momentum_top,AEGISLOG,2024-06-24,2024-06-25,795.8922,2024-07-09,935.1111,TARGET,1,139.2189,19.5741,119.6448,0.15,0.0,0.199565,11,False
momentum_top,JWL,2024-06-24,2024-06-25,680.8559,2024-07-02,678.7168,MOMENTUM_FAIL,1,-2.1391,18.8005,-20.9397,-0.030688,-0.03288,0.031711,6,False
momentum_top,PGEL,2024-06-24,2024-06-25,330.8498,2024-07-01,387.4079,TARGET,3,169.6744,20.4665,149.2079,0.15,-0.01286,0.192055,5,False
momentum_top,EXIDEIND,2024-06-24,2024-06-25,567.1672,2024-07-02,556.8102,MOMENTUM_FAIL,1,-10.357,18.3037,-28.6607,-0.050423,-0.03087,0.024348,6,False
momentum_top,GALLANTT,2024-06-24,2024-06-25,361.596,2024-07-02,376.9229,MOMENTUM_FAIL,2,30.6539,19.0461,11.6078,0.016016,-0.037037,0.04952,6,False
momentum_top,HINDZINC,2024-07-01,2024-07-02,612.7466,2024-07-23,569.8543,STOP,1,-42.8923,18.43,-61.3222,-0.099859,-0.08327,0.086528,15,False
momentum_top,PGEL,2024-07-01,2024-07-02,396.5533,2024-07-02,368.7946,STOP,2,-55.5175,19.1658,-74.6833,-0.09396,0.0,0.0,1,False
momentum_top,AEGISLOG,2024-07-01,2024-07-02,846.4077,2024-07-24,861.1715,TIME,1,14.7638,19.534,-4.7702,-0.005623,-0.056922,0.127973,16,False
momentum_top,GALLANTT,2024-07-01,2024-07-02,369.8299,2024-07-05,343.9418,STOP,2,-51.7762,18.9477,-70.7239,-0.095408,-0.088251,0.030043,4,False
momentum_top,EXIDEIND,2024-07-01,2024-07-02,563.8629,2024-07-09,570.5703,MOMENTUM_FAIL,1,6.7074,18.3245,-11.6172,-0.020558,-0.020292,0.024228,6,False
momentum_top,TARIL,2024-07-01,2024-07-02,371.5089,2024-07-22,339.4264,GAP_STOP,2,-64.1651,18.9367,-83.1018,-0.1116,-0.086357,0.094624,14,False
momentum_top,JWL,2024-07-01,2024-07-02,690.5071,2024-07-18,642.1716,STOP,1,-48.3355,18.7472,-67.0827,-0.096938,-0.084798,0.077954,12,False
momentum_top,CEMPRO,2024-07-01,2024-07-02,562.6614,2024-07-04,523.2751,STOP,1,-39.3863,18.2256,-57.6119,-0.102168,-0.160409,0.035872,3,False
momentum_top,AEGISLOG,2024-07-08,2024-07-09,912.1557,2024-07-11,848.3048,STOP,1,-63.8509,19.6515,-83.5024,-0.091344,-0.071972,0.021257,3,False
momentum_top,PGEL,2024-07-08,2024-07-09,373.437,2024-07-19,347.2964,STOP,2,-52.2812,18.9772,-71.2584,-0.095201,-0.079567,0.090666,8,False
momentum_top,HINDZINC,2024-07-08,2024-07-09,639.6744,2024-07-16,614.7893,MOMENTUM_FAIL,1,-24.8851,18.5803,-43.4654,-0.067801,-0.055015,0.0,6,False
momentum_top,JWL,2024-07-08,2024-07-09,715.0829,2024-07-10,665.0271,STOP,1,-50.0558,18.8475,-68.9033,-0.096147,-0.074927,0.0,2,False
momentum_top,GALLANTT,2024-07-08,2024-07-09,329.4542,2024-07-19,301.2308,GAP_STOP,3,-84.67,19.9309,-104.6009,-0.105602,-0.099669,0.068804,8,False
momentum_top,MOTHERSON,2024-07-08,2024-07-09,132.7067,2024-07-16,132.0634,MOMENTUM_FAIL,7,-4.5035,19.8433,-24.3467,-0.026152,-0.031907,0.010636,6,False
momentum_top,RVNL,2024-07-15,2024-07-16,615.4827,2024-07-19,572.3989,STOP,1,-43.0838,18.4411,-61.5249,-0.099744,-0.08752,0.02064,3,False
momentum_top,PGEL,2024-07-15,2024-07-16,364.1984,2024-07-23,338.7045,STOP,2,-50.9878,18.9018,-69.8896,-0.095741,-0.075826,0.047306,5,False
momentum_top,JWL,2024-07-15,2024-07-16,661.6531,2024-07-19,615.3374,STOP,1,-46.3157,18.6295,-64.9452,-0.097942,-0.100677,0.001654,3,False
momentum_top,IREDA,2024-07-15,2024-07-16,285.2766,2024-07-18,264.2194,GAP_STOP,3,-63.1718,19.4151,-82.5868,-0.096289,-0.127121,0.0,2,False
momentum_top,IFCI,2024-07-15,2024-07-16,77.6,2024-07-18,72.168,STOP,12,-65.184,19.7292,-84.9132,-0.090988,-0.103093,0.0,2,False
momentum_top,EMAMILTD,2024-07-15,2024-07-16,742.489,2024-07-23,690.5148,STOP,1,-51.9742,18.9593,-70.9335,-0.095326,-0.080246,0.094106,5,False
momentum_top,HUDCO,2024-07-15,2024-07-16,314.1632,2024-07-19,292.1718,STOP,3,-65.9743,19.7753,-85.7496,-0.090783,-0.080767,0.001636,3,False
momentum_top,HINDZINC,2024-07-15,2024-07-16,613.3037,2024-07-23,570.3724,STOP,1,-42.9313,18.4322,-61.3635,-0.099836,-0.084103,0.013626,5,False
momentum_top,RVNL,2024-07-22,2024-07-23,625.1333,2024-07-23,581.374,STOP,1,-43.7593,18.4805,-62.2398,-0.099345,0.0,0.0,1,False
momentum_top,PGEL,2024-07-22,2024-07-23,371.839,2024-07-23,345.8102,STOP,2,-52.0575,18.9641,-71.0216,-0.095292,0.0,0.0,1,False
momentum_top,EMAMILTD,2024-07-22,2024-07-23,771.4385,2024-07-23,717.4378,STOP,1,-54.0007,19.0774,-73.0781,-0.094523,0.0,0.0,1,False
momentum_top,NAVA,2024-07-22,2024-07-23,400.5506,2024-08-09,470.5634,TARGET,2,140.0256,19.5977,120.4279,0.15,-0.018412,0.211454,14,False
momentum_top,JWL,2024-07-22,2024-07-23,644.4402,2024-07-23,599.3294,STOP,1,-45.1108,18.5593,-63.6701,-0.098584,0.0,0.0,1,False
momentum_top,HUDCO,2024-07-22,2024-07-23,305.6584,2024-07-23,284.2623,STOP,3,-64.1883,19.6712,-83.8594,-0.091253,0.0,0.0,1,False
momentum_top,IREDA,2024-07-22,2024-07-23,269.4664,2024-07-23,250.6038,STOP,3,-56.5879,19.2282,-75.8161,-0.093581,0.0,0.0,1,False
momentum_top,HINDZINC,2024-07-22,2024-07-23,586.8401,2024-07-30,595.6614,MOMENTUM_FAIL,1,8.8213,18.4259,-9.6046,-0.016331,-0.052215,0.024842,6,False
momentum_top,AEGISLOG,2024-07-22,2024-07-23,838.5829,2024-08-01,779.8821,STOP,1,-58.7008,19.3513,-78.0522,-0.092873,-0.101819,0.075411,8,False
momentum_top,BBOX,2024-07-22,2024-07-23,393.1014,2024-07-29,461.9605,TARGET,2,137.7184,19.5301,118.1882,0.15,0.0,0.199113,5,False
momentum_top,INDIACEM,2024-07-22,2024-07-23,355.0,2024-08-13,364.95,TIME,2,19.9,18.9685,0.9316,0.001309,-0.066901,0.084507,16,False
momentum_top,IFCI,2024-07-22,2024-07-23,71.94,2024-07-23,66.9042,STOP,13,-65.4654,19.7456,-85.211,-0.090915,0.0,0.0,1,False
momentum_top,PGEL,2024-07-29,2024-07-30,461.378,2024-08-02,422.4762,GAP_STOP,2,-77.8036,19.6679,-97.4714,-0.1054,-0.090053,0.0,4,False
momentum_top,RVNL,2024-07-29,2024-07-30,605.3395,2024-08-05,551.2755,GAP_STOP,1,-54.064,18.3759,-72.44,-0.119407,-0.114446,0.001627,5,False
momentum_top,IFCI,2024-07-29,2024-07-30,83.4,2024-08-05,77.08,GAP_STOP,11,-69.52,19.6621,-89.1821,-0.097,-0.10048,0.08801,5,False
momentum_top,NAVA,2024-07-29,2024-07-30,432.4688,2024-08-06,436.0195,MOMENTUM_FAIL,2,7.1013,19.5966,-12.4953,-0.014415,-0.041715,0.049992,6,False
momentum_top,INDIACEM,2024-07-29,2024-07-30,374.0,2024-08-06,363.1,MOMENTUM_FAIL,2,-21.8,19.044,-40.844,-0.054485,-0.040107,0.003877,6,False
momentum_top,EMAMILTD,2024-07-29,2024-07-30,774.2277,2024-08-05,720.0317,STOP,1,-54.1959,19.0888,-73.2847,-0.094449,-0.08528,0.055279,5,False
momentum_top,SUZLON,2024-07-29,2024-07-30,65.81,2024-08-12,77.15,TARGET,15,170.1001,20.4446,149.6555,0.151273,-0.003191,0.221091,10,False
momentum_top,ANANTRAJ,2024-07-29,2024-07-30,556.2154,2024-08-02,517.2803,STOP,1,-38.9351,18.1993,-57.1344,-0.102496,-0.075744,0.007709,4,False
momentum_top,JWL,2024-07-29,2024-07-30,628.7694,2024-08-02,582.0557,GAP_STOP,1,-46.7137,18.4898,-65.2035,-0.103474,-0.078092,0.0,4,False
momentum_top,RVNL,2024-08-05,2024-08-06,555.0176,2024-08-09,516.1664,STOP,1,-38.8512,18.1944,-57.0457,-0.102557,-0.088006,0.034422,4,False
momentum_top,PGEL,2024-08-05,2024-08-06,421.5274,2024-08-19,499.3808,TARGET,2,155.707,19.8068,135.9002,0.160848,-0.018007,0.267622,9,False
momentum_top,INDIACEM,2024-08-05,2024-08-06,370.05,2024-08-13,364.95,MOMENTUM_FAIL,2,-10.2,19.0343,-29.2342,-0.039414,-0.016214,0.004999,6,False
momentum_top,SUZLON,2024-08-05,2024-08-06,68.75,2024-08-13,81.97,TARGET,14,185.08,20.371,164.709,0.170753,-0.009309,0.226036,6,False
momentum_top,NAVA,2024-08-05,2024-08-06,422.5889,2024-08-28,470.458,TIME,2,95.7383,19.6937,76.0446,0.089778,0.0,0.148276,16,False
momentum_top,DEEPAKFERT,2024-08-05,2024-08-06,918.1747,2024-08-26,1076.3309,TARGET,1,158.1563,20.129,138.0273,0.15,0.0,0.197656,14,False
momentum_top,WOCKPHARMA,2024-08-05,2024-08-06,875.0,2024-08-26,1044.9,TARGET,1,169.9,19.9706,149.9294,0.170974,-0.024,0.221943,14,False
momentum_top,PAYTM,2024-08-05,2024-08-06,504.0,2024-08-22,598.0148,TARGET,1,94.0148,18.2496,75.7653,0.15,-0.021032,0.199802,12,False
momentum_top,GRANULES,2024-08-05,2024-08-06,641.6974,2024-08-28,702.8328,TIME,1,61.1354,18.764,42.3714,0.065886,-0.005271,0.103876,16,False
momentum_top,BBOX,2024-08-12,2024-08-13,527.1245,2024-08-16,490.2258,STOP,1,-36.8987,18.0806,-54.9793,-0.104073,-0.090737,0.0,3,False
momentum_top,PGEL,2024-08-12,2024-08-13,445.5476,2024-08-14,414.3593,STOP,2,-62.3767,19.5656,-81.9423,-0.091756,-0.070948,0.0,2,False
momentum_top,RVNL,2024-08-12,2024-08-13,572.842,2024-08-21,555.313,MOMENTUM_FAIL,1,-17.529,18.3131,-35.8421,-0.062432,-0.054238,0.014269,6,False
momentum_top,SUZLON,2024-08-12,2024-08-13,81.97,2024-08-16,76.2321,STOP,12,-68.8548,19.9432,-88.798,-0.090078,-0.095767,0.005368,3,False
momentum_top,DEEPAKFERT,2024-08-12,2024-08-13,994.0451,2024-08-14,924.4619,STOP,1,-69.5832,19.9856,-89.5688,-0.089909,-0.070863,0.0,2,False
momentum_top,WOCKPHARMA,2024-08-12,2024-08-13,986.1,2024-08-14,908.0,GAP_STOP,1,-78.1,19.9347,-98.0347,-0.0992,-0.092891,0.0,2,False
momentum_top,NAVA,2024-08-12,2024-08-13,449.79,2024-08-21,447.7014,MOMENTUM_FAIL,2,-4.1773,19.7199,-23.8973,-0.026507,-0.024946,0.038391,6,False
momentum_top,INDIACEM,2024-08-12,2024-08-13,367.45,2024-08-21,363.85,MOMENTUM_FAIL,2,-7.2,19.0184,-26.2184,-0.035598,-0.01456,0.002585,6,False
momentum_top,AIIL,2024-08-12,2024-08-13,292.7411,2024-08-14,272.2492,STOP,3,-61.4756,19.5131,-80.9887,-0.092018,-0.087133,0.0,2,False
momentum_top,GRANULES,2024-08-12,2024-08-13,685.4224,2024-08-21,691.0435,MOMENTUM_FAIL,1,5.6211,18.8356,-13.2145,-0.019237,-0.04456,0.013136,6,False
momentum_top,OIL,2024-08-12,2024-08-13,641.4177,2024-09-04,646.9766,TIME,1,5.5589,18.6497,-13.0908,-0.020365,-0.049359,0.135295,16,False
momentum_top,PGEL,2024-08-19,2024-08-20,524.5497,2024-08-29,487.8312,STOP,1,-36.7185,18.0701,-54.7886,-0.104221,-0.072449,0.12719,8,False
momentum_top,BBOX,2024-08-19,2024-08-20,538.0855,2024-08-27,547.8009,MOMENTUM_FAIL,1,9.7154,18.2218,-8.5064,-0.015774,-0.059259,0.018055,6,False
momentum_top,NAVA,2024-08-19,2024-08-20,461.1562,2024-08-27,470.7737,MOMENTUM_FAIL,2,19.235,19.8636,-0.6286,-0.00068,-0.034653,0.026964,6,False
momentum_top,SUZLON,2024-08-19,2024-08-20,81.31,2024-08-27,77.5,MOMENTUM_FAIL,12,-45.72,19.9568,-65.6768,-0.067164,-0.069487,0.0,6,False
momentum_top,INDIACEM,2024-08-19,2024-08-20,365.2,2024-08-27,366.35,MOMENTUM_FAIL,2,2.3,19.0188,-16.7188,-0.02284,-0.007119,0.01862,6,False
momentum_top,DEEPAKFERT,2024-08-19,2024-08-20,940.6765,2024-09-04,1102.3176,TARGET,1,161.6411,20.2311,141.41,0.15,0.0,0.174053,12,False
momentum_top,FSL,2024-08-19,2024-08-20,329.0879,2024-08-22,306.0518,STOP,3,-69.1085,19.958,-89.0664,-0.090019,-0.072647,0.0,3,False
momentum_top,RVNL,2024-08-19,2024-08-20,566.244,2024-08-27,567.3273,MOMENTUM_FAIL,1,1.0833,18.3231,-17.2399,-0.03038,-0.038261,0.033913,6,False
momentum_top,AIIL,2024-08-19,2024-08-20,277.9542,2024-08-22,327.6003,TARGET,3,148.9382,19.7542,129.184,0.154584,0.0,0.204098,3,False
momentum_top,LTFOODS,2024-08-19,2024-08-20,335.045,2024-09-03,394.9132,TARGET,2,119.7365,19.0032,100.7332,0.15,-0.004414,0.206415,11,False
momentum_top,OIL,2024-08-19,2024-08-20,656.6334,2024-09-06,610.669,STOP,1,-45.9643,18.609,-64.5733,-0.098126,-0.096664,0.108988,14,False
momentum_top,PCBL,2024-08-19,2024-08-20,400.2476,2024-08-23,470.2134,TARGET,2,139.9318,19.595,120.3368,0.15,-0.009428,0.210168,4,False
momentum_top,AIIL,2024-08-26,2024-08-27,360.681,2024-08-29,335.4333,STOP,2,-50.4953,18.8731,-69.3684,-0.095953,-0.099585,0.0,3,False
momentum_top,BBOX,2024-08-26,2024-08-27,528.1209,2024-09-12,491.1525,STOP,1,-36.9685,18.0847,-55.0532,-0.104016,-0.081226,0.052264,13,False
momentum_top,PGEL,2024-08-26,2024-08-27,523.3511,2024-08-29,486.7166,STOP,1,-36.6346,18.0652,-54.6998,-0.10429,-0.070324,0.0,3,False
momentum_top,PCBL,2024-08-26,2024-08-27,462.1548,2024-09-17,478.2526,TIME,2,32.1956,19.8984,12.2972,0.013275,-0.049096,0.085065,16,False
momentum_top,NAVA,2024-08-26,2024-08-27,467.7622,2024-09-17,548.1838,TARGET,2,160.8432,20.2077,140.6354,0.15,-0.030225,0.369156,16,False
momentum_top,LTFOODS,2024-08-26,2024-08-27,365.9517,2024-09-16,430.6064,TARGET,2,129.3093,19.2837,110.0255,0.15,-0.013739,0.205684,15,False
momentum_top,INDIACEM,2024-08-26,2024-08-27,365.8,2024-09-03,365.75,MOMENTUM_FAIL,2,-0.1,19.0189,-19.1189,-0.026076,-0.02269,0.027337,6,False
momentum_top,SUZLON,2024-08-26,2024-08-27,77.24,2024-09-03,74.47,MOMENTUM_FAIL,12,-33.24,19.776,-53.016,-0.057074,-0.061367,0.032237,6,False
momentum_top,OIL,2024-08-26,2024-08-27,670.9984,2024-09-05,624.0285,STOP,1,-46.9699,18.6676,-65.6375,-0.097607,-0.078905,0.085246,8,False
momentum_top,ANANTRAJ,2024-08-26,2024-08-27,613.253,2024-09-03,602.6832,MOMENTUM_FAIL,1,-10.5698,18.4979,-29.0677,-0.047296,-0.038699,0.006504,6,False
momentum_top,FSL,2024-08-26,2024-08-27,305.713,2024-09-03,302.1317,MOMENTUM_FAIL,3,-10.7438,19.7807,-30.5245,-0.03321,-0.048282,0.021846,6,False
momentum_top,GRANULES,2024-08-26,2024-08-27,681.4926,2024-09-12,633.7881,STOP,1,-47.7045,18.7104,-66.4149,-0.097242,-0.179416,0.052555,13,False
momentum_top,INOXWIND,2024-08-26,2024-08-27,228.1,2024-09-03,222.92,MOMENTUM_FAIL,4,-20.72,19.7404,-40.4604,-0.044248,-0.069049,0.039018,6,False
momentum_top,BBOX,2024-09-02,2024-09-03,521.1458,2024-09-17,484.6656,STOP,1,-36.4802,18.0562,-54.5364,-0.104419,-0.078012,0.061185,11,False
momentum_top,PCBL,2024-09-02,2024-09-03,468.8423,2024-09-24,506.7223,TIME,2,75.76,20.0436,55.7164,0.059289,-0.062659,0.10433,16,False
momentum_top,PGEL,2024-09-02,2024-09-03,519.3562,2024-09-06,615.7491,TARGET,1,96.393,18.3192,78.0737,0.15,0.0,0.198077,4,False
momentum_top,AIIL,2024-09-02,2024-09-03,339.4498,2024-09-09,315.6883,STOP,2,-47.523,18.6999,-66.2228,-0.097332,-0.078146,0.0,5,False
momentum_top,OIL,2024-09-02,2024-09-03,682.7749,2024-09-05,634.9807,STOP,1,-47.7942,18.7157,-66.5099,-0.097199,-0.094792,0.010139,3,False
momentum_top,INDIACEM,2024-09-02,2024-09-03,364.6,2024-09-10,364.85,MOMENTUM_FAIL,2,0.5,19.01,-18.51,-0.025329,-0.009188,0.018788,6,False
momentum_top,NAVA,2024-09-02,2024-09-03,459.6969,2024-09-16,541.4468,TARGET,2,163.4998,20.145,143.3548,0.155583,0.0,0.192318,10,False
momentum_top,LTFOODS,2024-09-02,2024-09-03,379.6059,2024-09-24,428.1105,TIME,2,97.0092,19.3333,77.676,0.102088,-0.002597,0.166041,16,False
momentum_top,PAYTM,2024-09-02,2024-09-03,608.0,2024-09-24,680.95,TIME,1,72.95,18.6458,54.3042,0.089121,-0.040132,0.156661,16,False
momentum_top,FSL,2024-09-02,2024-09-03,306.1485,2024-09-10,318.199,MOMENTUM_FAIL,3,36.1513,19.8817,16.2696,0.017676,-0.033196,0.046317,6,False
momentum_top,RVNL,2024-09-02,2024-09-03,594.8024,2024-09-09,553.1662,STOP,1,-41.6362,18.3567,-59.9929,-0.100642,-0.083858,0.0,5,False
momentum_top,ANANTRAJ,2024-09-02,2024-09-03,593.5093,2024-09-20,701.386,TARGET,1,107.8768,18.6557,89.221,0.15,-0.001848,0.2584,14,False
momentum_top,PGEL,2024-09-09,2024-09-10,619.2323,2024-09-17,620.4807,MOMENTUM_FAIL,1,1.2484,18.5472,-17.2988,-0.027875,-0.041774,0.042984,6,False
momentum_top,PCBL,2024-09-09,2024-09-10,457.4258,2024-09-27,536.2466,TARGET,2,157.6417,20.1139,137.5277,0.15,-0.015246,0.206662,14,False
momentum_top,BBOX,2024-09-09,2024-09-10,509.1883,2024-09-17,511.6794,MOMENTUM_FAIL,1,2.4911,18.0851,-15.5939,-0.030558,-0.05636,0.033073,6,False
momentum_top,INDIACEM,2024-09-09,2024-09-10,363.6,2024-09-17,368.75,MOMENTUM_FAIL,2,10.3,19.0215,-8.7216,-0.011967,-0.001513,0.049642,6,False
momentum_top,KALYANKJIL,2024-09-09,2024-09-10,641.2494,2024-09-23,756.5195,TARGET,1,115.2701,18.8724,96.3977,0.15,-0.014324,0.217577,10,False
momentum_top,LTFOODS,2024-09-09,2024-09-10,387.5914,2024-10-01,394.3657,TIME,2,13.5485,19.2308,-5.6822,-0.007314,0.0,0.142018,16,False
momentum_top,INOXWIND,2024-09-09,2024-09-10,236.01,2024-10-01,239.27,TIME,4,13.04,19.9427,-6.9027,-0.007296,-0.023389,0.109699,16,False
momentum_top,PAYTM,2024-09-09,2024-09-10,636.9,2024-10-01,731.35,TIME,1,94.45,18.8116,75.6383,0.118501,-0.013189,0.165018,16,False
momentum_top,FSL,2024-09-09,2024-09-10,302.4221,2024-10-01,302.2769,TIME,3,-0.4356,19.76,-20.1956,-0.022211,-0.057449,0.104177,16,False
momentum_top,SARDAEN,2024-09-09,2024-09-10,351.8138,2024-09-18,414.279,TARGET,2,124.9303,19.1554,105.7749,0.15,0.0,0.204632,7,False
momentum_top,JMFINANCIL,2024-09-09,2024-09-10,119.9515,2024-09-27,140.5232,TARGET,8,164.5735,20.317,144.2565,0.15,-0.038468,0.213088,14,False
momentum_top,NAVA,2024-09-09,2024-09-10,485.3534,2024-09-17,568.4993,TARGET,2,166.2917,20.3674,145.9244,0.15,-0.008944,0.319532,6,False
momentum_top,PCBL,2024-09-16,2024-09-17,483.4115,2024-10-09,484.558,TIME,2,2.2929,20.017,-17.7242,-0.018292,-0.044862,0.154941,16,False
momentum_top,BBOX,2024-09-16,2024-09-17,500.1206,2024-10-07,465.1121,STOP,1,-35.0084,17.9704,-52.9789,-0.105701,-0.070034,0.103806,14,False
momentum_top,PGEL,2024-09-16,2024-09-17,612.1909,2024-10-07,569.3376,STOP,1,-42.8534,18.4277,-61.2811,-0.099883,-0.126887,0.132599,14,False
momentum_top,WOCKPHARMA,2024-09-16,2024-09-17,995.0,2024-10-07,925.35,STOP,1,-69.65,19.9895,-89.6395,-0.089893,-0.078141,0.061206,14,False
momentum_top,SARDAEN,2024-09-16,2024-09-17,391.0147,2024-09-25,459.5507,TARGET,2,137.0721,19.5112,117.5609,0.15,0.0,0.185896,7,False
momentum_top,INOXWIND,2024-09-16,2024-09-17,241.0,2024-10-04,224.13,STOP,4,-67.48,19.863,-87.343,-0.090407,-0.094813,0.086722,13,False
momentum_top,SUZLON,2024-09-16,2024-09-17,85.18,2024-09-19,79.2174,STOP,11,-65.5886,19.7528,-85.3414,-0.090883,-0.084292,0.0,3,False
momentum_top,PAYTM,2024-09-16,2024-09-17,681.7,2024-09-19,633.981,STOP,1,-47.719,18.7113,-66.4303,-0.097235,-0.07804,0.031612,3,False
momentum_top,KALYANKJIL,2024-09-16,2024-09-17,698.1997,2024-10-09,716.5211,TIME,1,18.3214,18.9154,-0.594,-0.000849,-0.042241,0.118262,16,False
momentum_top,LTFOODS,2024-09-16,2024-09-17,429.741,2024-09-24,428.1105,MOMENTUM_FAIL,2,-3.2609,19.5525,-22.8134,-0.026485,-0.05599,0.021614,6,False
momentum_top,INDIACEM,2024-09-16,2024-09-17,374.8,2024-09-24,364.05,MOMENTUM_FAIL,2,-21.5,19.0514,-40.5514,-0.053979,-0.041355,0.0,6,False
momentum_top,NAVA,2024-09-16,2024-09-17,541.9346,2024-09-18,641.8242,TARGET,1,99.8896,18.4217,81.4679,0.15,0.0,0.213087,2,False
momentum_top,JMFINANCIL,2024-09-16,2024-09-17,129.1896,2024-09-18,120.1463,STOP,7,-63.3029,19.6196,-82.9225,-0.091495,-0.081734,0.0,2,False
momentum_top,PCBL,2024-09-23,2024-09-24,502.9964,2024-10-08,467.7866,STOP,1,-35.2097,17.9822,-53.1919,-0.105519,-0.082051,0.109972,10,False
momentum_top,SARDAEN,2024-09-23,2024-09-24,429.9671,2024-10-09,504.5355,TARGET,2,149.1368,19.8647,129.2721,0.15,-0.005547,0.197828,11,False
momentum_top,INOXWIND,2024-09-23,2024-09-24,254.0,2024-09-27,236.22,STOP,3,-53.34,19.0389,-72.3789,-0.094778,-0.080276,0.0,4,False
momentum_top,PGEL,2024-09-23,2024-09-24,613.8393,2024-10-07,570.8705,STOP,1,-42.9688,18.4344,-61.4032,-0.099813,-0.129232,0.129557,9,False
momentum_top,NAVA,2024-09-23,2024-09-24,618.4897,2024-09-24,575.1954,STOP,1,-43.2943,18.4534,-61.7477,-0.099618,0.0,0.0,1,False
momentum_top,ANANTRAJ,2024-09-23,2024-09-24,741.1885,2024-10-01,725.5331,MOMENTUM_FAIL,1,-15.6554,19.0278,-34.6831,-0.046692,-0.063635,0.0,6,False
momentum_top,LTFOODS,2024-09-23,2024-09-24,425.8872,2024-09-27,394.2668,GAP_STOP,2,-63.2408,19.3978,-82.6386,-0.096808,-0.088051,0.02645,4,False
momentum_top,HSCL,2024-09-23,2024-09-24,647.2019,2024-10-01,665.8528,MOMENTUM_FAIL,1,18.651,18.7008,-0.0498,-7.7e-05,-0.012637,0.049854,6,False
momentum_top,BBOX,2024-09-23,2024-09-24,528.121,2024-09-30,491.1525,STOP,1,-36.9685,18.0847,-55.0532,-0.104016,-0.073585,0.045283,5,False
momentum_top,KALYANKJIL,2024-09-23,2024-09-24,766.6195,2024-09-26,712.9561,STOP,1,-53.6634,19.0577,-72.7211,-0.094653,-0.079016,0.016969,3,False
momentum_top,PAYTM,2024-09-23,2024-09-24,656.0,2024-10-16,721.95,TIME,1,65.95,18.8342,47.1158,0.071666,-0.028811,0.178125,16,False
momentum_top,SUZLON,2024-09-23,2024-09-24,83.0,2024-10-01,79.74,MOMENTUM_FAIL,12,-39.12,20.0559,-59.1759,-0.059284,-0.043735,0.008434,6,False
momentum_top,PCBL,2024-09-30,2024-10-01,550.7165,2024-10-04,512.1663,STOP,1,-38.5502,18.1769,-56.727,-0.102781,-0.082835,0.0,3,False
momentum_top,SARDAEN,2024-09-30,2024-10-01,441.1957,2024-10-15,517.5031,TARGET,2,152.6147,19.9666,132.6481,0.15,-0.00777,0.182432,10,False
momentum_top,PGEL,2024-09-30,2024-10-01,642.4631,2024-10-04,597.4907,STOP,1,-44.9724,18.5512,-63.5236,-0.098659,-0.085608,0.0,3,False
momentum_top,PAYTM,2024-09-30,2024-10-01,688.4,2024-10-07,640.212,STOP,1,-48.188,18.7386,-66.9266,-0.097008,-0.074521,0.098053,4,False
momentum_top,HSCL,2024-09-30,2024-10-01,662.2623,2024-10-07,615.9039,STOP,1,-46.3584,18.632,-64.9903,-0.09792,-0.103916,0.0,4,False
momentum_top,JMFINANCIL,2024-09-30,2024-10-01,145.5118,2024-10-04,135.326,STOP,6,-61.115,19.4921,-80.607,-0.092124,-0.084408,0.012763,3,False
momentum_top,NAVA,2024-09-30,2024-10-01,560.6405,2024-10-03,521.3956,STOP,1,-39.2448,18.2174,-57.4622,-0.10227,-0.090787,0.0,2,False
momentum_top,LTFOODS,2024-09-30,2024-10-01,397.083,2024-10-07,369.2872,STOP,2,-55.5916,19.1701,-74.7618,-0.093933,-0.074281,0.001617,4,False
momentum_top,AIIL,2024-09-30,2024-10-01,357.6836,2024-10-08,332.6458,STOP,2,-50.0757,18.8486,-68.9243,-0.096138,-0.072318,0.018883,5,False
momentum_top,BALRAMCHIN,2024-09-30,2024-10-01,636.4257,2024-10-23,590.0504,GAP_STOP,1,-46.3753,18.5228,-64.8981,-0.10175,-0.080465,0.072558,16,False
momentum_top,INOXWIND,2024-09-30,2024-10-01,238.45,2024-10-04,221.7585,STOP,4,-66.766,19.8214,-86.5874,-0.090583,-0.085133,0.0,3,False
momentum_top,KALYANKJIL,2024-09-30,2024-10-01,726.0045,2024-10-07,675.1842,STOP,1,-50.8203,18.892,-69.7124,-0.095812,-0.078922,0.029271,4,False
momentum_top,SUZLON,2024-09-30,2024-10-01,80.3,2024-10-04,74.679,STOP,12,-67.452,19.8614,-87.3134,-0.090414,-0.100623,0.0,3,False
momentum_top,PPLPHARMA,2024-09-30,2024-10-01,230.4607,2024-10-09,223.9649,MOMENTUM_FAIL,4,-25.9832,19.7695,-45.7527,-0.049524,-0.064438,0.0,6,False
momentum_top,PCBL,2024-10-07,2024-10-08,478.587,2024-10-18,445.0859,STOP,2,-67.0022,19.8352,-86.8374,-0.090525,-0.071564,0.052999,9,False
momentum_top,RPOWER,2024-10-07,2024-10-08,45.98,2024-10-15,42.7614,STOP,21,-67.5906,19.8695,-87.4601,-0.09038,-0.08221,0.080905,6,False
momentum_top,SARDAEN,2024-10-07,2024-10-08,454.1136,2024-10-29,473.9377,TIME,2,39.648,19.8457,19.8024,0.021756,-0.025492,0.148796,16,False
momentum_top,JMFINANCIL,2024-10-07,2024-10-08,132.5402,2024-10-15,155.3465,TARGET,7,159.644,20.1726,139.4714,0.15,-0.000794,0.191766,6,False
momentum_top,AIIL,2024-10-07,2024-10-08,340.6986,2024-10-25,316.8497,STOP,2,-47.6978,18.71,-66.4079,-0.097246,-0.085044,0.11437,14,False
momentum_top,BALRAMCHIN,2024-10-07,2024-10-08,619.4543,2024-10-29,634.2549,TIME,1,14.8006,18.5758,-3.7751,-0.006081,-0.055272,0.07359,16,False
momentum_top,PPLPHARMA,2024-10-07,2024-10-08,217.8588,2024-10-24,255.5883,TARGET,4,150.918,19.9169,131.0011,0.15,-0.038991,0.192202,13,False
momentum_top,LTFOODS,2024-10-07,2024-10-08,370.5515,2024-10-24,344.6129,STOP,2,-51.8772,18.9536,-70.8308,-0.095366,-0.084533,0.1408,13,False
momentum_top,KALYANKJIL,2024-10-07,2024-10-08,699.292,2024-10-29,650.3416,STOP,1,-48.9504,18.7831,-67.7335,-0.096649,-0.076115,0.097699,16,False
momentum_top,PAYTM,2024-10-07,2024-10-08,657.25,2024-10-24,774.998,TARGET,1,117.748,18.945,98.803,0.15,0.0,0.201978,13,False
momentum_top,HSCL,2024-10-07,2024-10-08,594.3904,2024-10-25,552.7831,STOP,1,-41.6073,18.3551,-59.9624,-0.10066,-0.082138,0.134659,14,False
momentum_top,NAVA,2024-10-07,2024-10-08,482.8902,2024-10-22,449.0879,STOP,2,-67.6046,19.8703,-87.4749,-0.090377,-0.070859,0.09596,11,False
momentum_top,SARDAEN,2024-10-14,2024-10-15,514.1322,2024-10-22,460.1254,MOMENTUM_FAIL,1,-54.0068,17.9909,-71.9977,-0.139732,-0.109876,0.0,6,False
momentum_top,PCBL,2024-10-14,2024-10-15,476.6763,2024-10-21,443.3089,STOP,2,-66.7347,19.8196,-86.5543,-0.090591,-0.074056,0.025754,5,False
momentum_top,PGEL,2024-10-14,2024-10-15,622.2816,2024-10-18,578.7219,STOP,1,-43.5597,18.4689,-62.0286,-0.099462,-0.078269,0.016136,4,False
momentum_top,PAYTM,2024-10-14,2024-10-15,721.4,2024-10-18,670.902,STOP,1,-50.498,18.8733,-69.3713,-0.095952,-0.070696,0.018367,4,False
momentum_top,ANANTRAJ,2024-10-14,2024-10-15,765.8682,2024-10-22,687.0926,MOMENTUM_FAIL,1,-78.7756,19.0034,-97.779,-0.127392,-0.114315,0.036716,6,False
momentum_top,JMFINANCIL,2024-10-14,2024-10-15,149.5804,2024-10-21,139.1098,STOP,6,-62.8238,19.5917,-82.4154,-0.091629,-0.086656,0.08,5,False
momentum_top,RPOWER,2024-10-14,2024-10-15,43.94,2024-10-18,40.51,GAP_STOP,22,-75.46,19.8581,-95.3181,-0.098388,-0.097633,0.009786,4,False
momentum_top,HSCL,2024-10-14,2024-10-15,636.8789,2024-10-22,592.2974,STOP,1,-44.5815,18.5284,-63.1099,-0.098876,-0.106883,0.058962,6,False
momentum_top,MOTILALOFS,2024-10-14,2024-10-15,820.9168,2024-10-16,964.0112,TARGET,1,143.0944,19.6877,123.4067,0.15,0.0,0.184772,2,False
momentum_top,PPLPHARMA,2024-10-14,2024-10-15,220.697,2024-10-24,258.866,TARGET,4,152.6761,19.9684,132.7077,0.15,-0.051349,0.17687,8,False
momentum_top,BALRAMCHIN,2024-10-14,2024-10-15,644.714,2024-10-22,594.9347,MOMENTUM_FAIL,1,-49.7793,18.5509,-68.3302,-0.105754,-0.079431,0.017753,6,False
momentum_top,KALYANKJIL,2024-10-14,2024-10-15,752.717,2024-10-21,700.0268,STOP,1,-52.6902,19.001,-71.6912,-0.095035,-0.076517,0.0,5,False
momentum_top,AIIL,2024-10-21,2024-10-22,354.8961,2024-10-22,330.0534,STOP,2,-49.6855,18.8259,-68.5113,-0.096313,0.0,0.0,1,False
momentum_top,SARDAEN,2024-10-21,2024-10-22,481.8871,2024-10-25,448.155,STOP,2,-67.4642,19.8621,-87.3263,-0.090411,-0.081658,0.0,4,False
momentum_top,MOTILALOFS,2024-10-21,2024-10-22,950.7476,2024-10-25,884.1953,STOP,1,-66.5523,19.809,-86.3613,-0.090637,-0.117611,0.0,4,False
momentum_top,PCBL,2024-10-21,2024-10-22,444.2418,2024-10-25,413.1449,STOP,2,-62.1939,19.5549,-81.7488,-0.091809,-0.091183,0.0,4,False
momentum_top,PAYTM,2024-10-21,2024-10-22,727.0,2024-10-22,676.11,STOP,1,-50.89,18.8961,-69.7861,-0.095782,0.0,0.0,1,False
momentum_top,HSCL,2024-10-21,2024-10-22,608.5034,2024-10-23,560.9781,GAP_STOP,1,-47.5253,18.4026,-65.9279,-0.108108,-0.090149,0.0,2,False
momentum_top,JMFINANCIL,2024-10-21,2024-10-22,141.6826,2024-10-22,131.7648,STOP,7,-69.4245,19.9764,-89.4008,-0.089945,0.0,0.0,1,False
momentum_top,LTFOODS,2024-10-21,2024-10-22,404.0988,2024-10-24,375.8119,STOP,2,-56.5738,19.2274,-75.8012,-0.093586,-0.160533,0.015405,3,False
momentum_top,ANANTRAJ,2024-10-21,2024-10-22,729.8209,2024-10-22,678.7334,STOP,1,-51.0875,18.9076,-69.9951,-0.095698,0.0,0.0,1,False
momentum_top,ANGELONE,2024-10-21,2024-10-22,290.8597,2024-10-25,270.4996,STOP,3,-61.0805,19.4901,-80.5706,-0.092135,-0.085509,0.010138,4,False
momentum_top,BALRAMCHIN,2024-10-21,2024-10-22,624.4866,2024-10-29,634.2549,MOMENTUM_FAIL,1,9.7684,18.5868,-8.8184,-0.01409,-0.062885,0.020935,6,False
momentum_top,SARDAEN,2024-10-28,2024-10-29,462.9078,2024-10-30,430.5042,STOP,2,-64.8071,19.7072,-84.5143,-0.091087,-0.115273,0.034668,2,False
momentum_top,AIIL,2024-10-28,2024-10-29,330.2878,2024-11-05,334.9537,MOMENTUM_FAIL,3,13.9976,20.1424,-6.1448,-0.006188,-0.059229,0.031218,6,False
momentum_top,PAYTM,2024-10-28,2024-10-29,734.0,2024-11-21,845.4,TIME,1,111.4,19.2561,92.1439,0.125263,0.0,0.164986,16,False
momentum_top,PPLPHARMA,2024-10-28,2024-10-29,246.6302,2024-11-06,288.8154,TARGET,4,168.7408,20.4391,148.3016,0.15,0.0,0.247619,7,False
momentum_top,MOTILALOFS,2024-10-28,2024-10-29,920.0371,2024-11-21,855.6345,STOP,1,-64.4026,19.6837,-84.0863,-0.091195,-0.07045,0.096609,16,False
momentum_top,PGEL,2024-10-28,2024-10-29,579.4707,2024-11-08,685.1733,TARGET,1,105.7027,18.592,87.1106,0.15,0.0,0.198276,9,False
momentum_top,JMFINANCIL,2024-10-28,2024-10-29,131.5446,2024-11-05,135.192,MOMENTUM_FAIL,7,25.5315,19.8701,5.6615,0.006135,-0.021105,0.03777,6,False
momentum_top,BALRAMCHIN,2024-10-28,2024-10-29,621.1811,2024-11-08,577.6984,STOP,1,-43.4827,18.4644,-61.947,-0.099507,-0.087443,0.057898,9,False
momentum_top,PCBL,2024-10-28,2024-10-29,430.8668,2024-10-31,400.7061,STOP,2,-60.3214,19.4458,-79.7672,-0.092364,-0.095233,0.0,3,False
momentum_top,ANGELONE,2024-10-28,2024-10-29,276.656,2024-11-13,257.2901,STOP,3,-58.0978,19.3162,-77.414,-0.09307,-0.092651,0.088123,12,False
momentum_top,HSCL,2024-10-28,2024-10-29,564.6185,2024-11-05,585.1148,MOMENTUM_FAIL,1,20.4963,18.3558,2.1405,0.003783,-0.022169,0.049285,6,False
momentum_top,MOTILALOFS,2024-11-04,2024-11-05,931.1598,2024-11-21,865.9786,STOP,1,-65.1812,19.7291,-84.9102,-0.090989,-0.081554,0.08351,11,False
momentum_top,ACUTAAS,2024-11-04,2024-11-05,978.2715,2024-11-28,1047.4243,TIME,1,69.1529,20.2015,48.9513,0.049929,-0.018622,0.114362,16,False
momentum_top,SARDAEN,2024-11-04,2024-11-05,427.2842,2024-11-28,429.6193,TIME,2,4.6703,19.5479,-14.8776,-0.017372,-0.062791,0.098488,16,False
momentum_top,PPLPHARMA,2024-11-04,2024-11-05,275.1217,2024-11-12,255.8632,STOP,3,-57.7756,19.2974,-77.073,-0.093177,-0.096622,0.118416,6,False
momentum_top,PAYTM,2024-11-04,2024-11-05,751.0,2024-11-22,883.2667,TARGET,1,132.2667,19.3704,112.8963,0.15,-0.001332,0.211385,12,False
momentum_top,PGEL,2024-11-04,2024-11-05,620.4332,2024-11-28,699.7108,TIME,1,79.2776,18.7112,60.5664,0.097407,-0.016264,0.15781,16,False
momentum_top,ANANTRAJ,2024-11-04,2024-11-05,723.4391,2024-11-13,672.7984,STOP,1,-50.6407,18.8816,-69.5223,-0.09589,-0.07643,0.074707,7,False
momentum_top,JMFINANCIL,2024-11-04,2024-11-05,130.3862,2024-11-18,121.2592,STOP,7,-63.8893,19.6538,-83.543,-0.091334,-0.079662,0.112261,9,False
momentum_top,TARIL,2024-11-04,2024-11-05,474.373,2024-11-14,422.2169,GAP_STOP,2,-104.3121,19.7236,-124.0358,-0.130451,-0.109947,0.1,8,False
momentum_top,AIIL,2024-11-04,2024-11-05,337.0219,2024-11-12,324.3931,MOMENTUM_FAIL,2,-25.2576,18.7247,-43.9823,-0.065109,-0.041207,0.047047,6,False
momentum_top,RPOWER,2024-11-04,2024-11-05,42.0,2024-11-12,38.5,GAP_STOP,23,-80.5,19.845,-100.345,-0.10365,-0.106667,0.089524,6,False
momentum_top,NATIONALUM,2024-11-04,2024-11-05,212.2002,2024-11-28,228.952,TIME,4,67.0068,19.6505,47.3563,0.05567,-0.05286,0.139471,16,False
momentum_top,CHOICEIN,2024-11-04,2024-11-05,517.5,2024-11-12,523.55,MOMENTUM_FAIL,1,6.05,18.1274,-12.0775,-0.023287,-0.006377,0.043285,6,False
momentum_top,MOTILALOFS,2024-11-11,2024-11-12,968.4653,2024-11-13,900.6727,STOP,1,-67.7926,19.8813,-87.6738,-0.090331,-0.093353,0.0,2,False
momentum_top,ACUTAAS,2024-11-11,2024-11-12,973.2802,2024-12-02,1139.9705,TARGET,1,166.6903,20.379,146.3112,0.15,-0.01359,0.189949,13,False
momentum_top,JMFINANCIL,2024-11-11,2024-11-12,134.9814,2024-11-13,125.5327,STOP,7,-66.1409,19.785,-85.9259,-0.090741,-0.090993,0.0,2,False
momentum_top,PPLPHARMA,2024-11-11,2024-11-12,268.0264,2024-11-12,249.2645,STOP,3,-56.2855,19.2106,-75.4961,-0.093687,0.0,0.0,1,False
momentum_top,PAYTM,2024-11-11,2024-11-12,828.0,2024-11-13,770.04,STOP,1,-57.96,19.3082,-77.2682,-0.093115,-0.094203,0.0,2,False
momentum_top,TARIL,2024-11-11,2024-11-12,489.3532,2024-11-13,444.4375,GAP_STOP,2,-89.8313,19.8796,-109.7109,-0.111853,-0.091786,0.0,2,False
momentum_top,NATIONALUM,2024-11-11,2024-11-12,214.9585,2024-12-05,232.4747,TIME,4,70.0649,19.7033,50.3616,0.058444,-0.065013,0.12485,16,False
momentum_top,SARDAEN,2024-11-11,2024-11-12,458.6846,2024-11-13,426.5767,STOP,2,-64.2158,19.6728,-83.8886,-0.091245,-0.08633,0.0,2,False
momentum_top,SYRMA,2024-11-11,2024-11-12,541.4429,2024-12-05,555.4526,TIME,1,14.0097,18.2447,-4.2351,-0.007805,-0.044015,0.095764,16,False
momentum_top,LLOYDSME,2024-11-11,2024-11-12,993.1638,2024-11-14,923.6423,STOP,1,-69.5215,19.982,-89.5035,-0.089923,-0.074912,0.003067,3,False
momentum_top,NATIONALUM,2024-11-18,2024-11-19,220.6588,2024-12-11,233.1662,TIME,4,50.0295,19.7588,30.2707,0.034221,-0.001875,0.095792,16,False
momentum_top,PAYTM,2024-11-18,2024-11-19,787.0,2024-11-25,924.8418,TARGET,1,137.8418,19.5337,118.3081,0.15,0.0,0.193139,4,False
momentum_top,JMFINANCIL,2024-11-18,2024-11-19,124.8913,2024-11-27,128.2419,MOMENTUM_FAIL,7,23.4542,19.6692,3.785,0.00432,-0.008508,0.048597,6,False
momentum_top,PPLPHARMA,2024-11-18,2024-11-19,254.8849,2024-11-27,248.8388,MOMENTUM_FAIL,3,-18.1383,19.1218,-37.26,-0.048622,-0.039796,0.008626,6,False
momentum_top,SYRMA,2024-11-18,2024-11-19,568.3655,2024-11-21,528.5799,STOP,1,-39.7856,18.2489,-58.0345,-0.101885,-0.075351,0.0,2,False
momentum_top,TARIL,2024-11-18,2024-11-19,461.3901,2024-12-11,540.8249,TARGET,2,158.8695,20.1499,138.7197,0.15,-0.034632,0.176678,16,False
momentum_top,MOTILALOFS,2024-11-18,2024-11-19,878.0561,2024-12-11,993.9098,TIME,1,115.8537,19.8735,95.9802,0.109071,-0.026007,0.160249,16,False
momentum_top,CHOICEIN,2024-11-18,2024-11-19,531.0,2024-11-27,530.35,MOMENTUM_FAIL,1,-0.65,18.1708,-18.8208,-0.035367,-0.030132,0.045198,6,False
momentum_top,FORTIS,2024-11-18,2024-11-19,647.8956,2024-12-11,712.1015,TIME,1,64.2059,18.7964,45.4094,0.069935,-0.016555,0.14014,16,False
momentum_top,PAYTM,2024-11-25,2024-11-26,896.0,2024-12-17,1050.7222,TARGET,1,154.7222,20.0284,134.6938,0.15,-0.015402,0.186328,16,False
momentum_top,NATIONALUM,2024-11-25,2024-11-26,232.5009,2024-12-03,230.6806,MOMENTUM_FAIL,4,-7.2811,19.8421,-27.1232,-0.029101,-0.036404,0.0,6,False
momentum_top,PPLPHARMA,2024-11-25,2024-11-26,250.8375,2024-12-17,260.4313,TIME,3,28.7814,19.1661,9.6153,0.01275,-0.023904,0.131076,16,False
momentum_top,PGEL,2024-11-25,2024-11-26,687.3721,2024-12-05,809.785,TARGET,1,122.4129,19.0817,103.3312,0.15,-0.02173,0.199128,8,False
momentum_top,JMFINANCIL,2024-11-25,2024-11-26,128.0887,2024-12-17,132.1094,TIME,7,28.145,19.7732,8.3717,0.009317,-0.017489,0.111061,16,False
momentum_top,FORTIS,2024-11-25,2024-11-26,701.4255,2024-11-27,652.3257,STOP,1,-49.0998,18.7918,-67.8915,-0.09658,-0.085349,0.0,2,False
momentum_top,SYRMA,2024-11-25,2024-11-26,558.0452,2024-12-17,603.9133,TIME,1,45.8681,18.3797,27.4884,0.049151,-0.033324,0.107835,16,False
momentum_top,SARDAEN,2024-11-25,2024-11-26,442.5869,2024-12-17,473.9377,TIME,2,62.7015,19.7953,42.9062,0.048366,-0.047598,0.124719,16,False
momentum_top,PAYTM,2024-12-02,2024-12-03,899.7,2024-12-17,1054.9952,TARGET,1,155.2952,20.0452,135.25,0.15,0.0,0.181449,11,False
momentum_top,NATIONALUM,2024-12-02,2024-12-03,228.2698,2024-12-10,233.8016,MOMENTUM_FAIL,4,22.1272,19.8305,2.2968,0.00251,-0.000737,0.046502,6,False
momentum_top,TARIL,2024-12-02,2024-12-03,494.8459,2024-12-16,579.4618,TARGET,2,169.2318,20.4535,148.7783,0.15,-0.028254,0.190717,10,False
momentum_top,SYRMA,2024-12-02,2024-12-03,583.3224,2024-12-05,542.4898,STOP,1,-40.8326,18.3099,-59.1425,-0.101168,-0.075214,0.008547,3,False
momentum_top,PGEL,2024-12-02,2024-12-03,747.4672,2024-12-13,879.1868,TARGET,1,131.7196,19.3544,112.3652,0.15,-0.012163,0.273809,9,False
momentum_top,PARADEEP,2024-12-02,2024-12-03,106.95,2024-12-24,109.1087,TIME,9,19.4284,20.0339,-0.6054,-0.000628,-0.03318,0.084516,16,False
momentum_top,SARDAEN,2024-12-02,2024-12-03,456.101,2024-12-24,474.7822,TIME,2,37.3625,19.8578,17.5047,0.019148,-0.002941,0.091394,16,False
momentum_top,TARIL,2024-12-09,2024-12-10,514.3202,2025-01-01,596.2369,TIME,1,81.9167,18.2685,63.6482,0.123482,0.0,0.164078,16,False
momentum_top,NATIONALUM,2024-12-09,2024-12-10,236.0349,2024-12-12,219.5124,STOP,4,-66.0898,19.782,-85.8718,-0.090754,-0.095566,0.009066,3,False
momentum_top,RPOWER,2024-12-09,2024-12-10,44.8,2024-12-30,41.664,STOP,22,-68.992,19.9512,-88.9432,-0.090046,-0.079018,0.082589,14,False
momentum_top,HEGAM,2024-12-09,2024-12-10,592.7261,2024-12-12,551.2353,STOP,1,-41.4908,18.3483,-59.8391,-0.100736,-0.092026,0.0,3,False
momentum_top,PAYTM,2024-12-09,2024-12-10,974.0,2025-01-01,987.6,TIME,1,13.6,20.0704,-6.4704,-0.006629,-0.040862,0.091324,16,False
momentum_top,ANGELONE,2024-12-09,2024-12-10,331.6354,2024-12-17,303.9505,MOMENTUM_FAIL,3,-83.0548,19.9618,-103.0166,-0.103318,-0.086124,0.008833,6,False
momentum_top,PGEL,2024-12-09,2024-12-10,863.711,2024-12-17,1013.4327,TARGET,1,149.7217,19.8818,129.8399,0.15,-0.040891,0.178716,6,False
momentum_top,BBOX,2024-12-09,2024-12-10,703.497,2024-12-13,652.4287,GAP_STOP,1,-51.0683,18.7965,-69.8648,-0.099094,-0.083782,0.002479,4,False
momentum_top,MOTILALOFS,2024-12-09,2024-12-10,990.2186,2024-12-17,971.5659,MOMENTUM_FAIL,1,-18.6528,20.0732,-38.7259,-0.039023,-0.034344,0.028827,6,False
momentum_top,TARIL,2024-12-16,2024-12-17,579.7337,2024-12-23,539.1523,STOP,1,-40.5814,18.2953,-58.8766,-0.101337,-0.099871,0.019337,5,False
momentum_top,RPOWER,2024-12-16,2024-12-17,46.99,2024-12-19,43.51,GAP_STOP,21,-73.0801,19.9479,-93.0279,-0.094068,-0.084699,0.00532,3,False
momentum_top,BBOX,2024-12-16,2024-12-17,695.4257,2024-12-20,646.7459,STOP,1,-48.6798,18.7673,-67.4471,-0.096775,-0.072432,0.002149,4,False
momentum_top,SYRMA,2024-12-16,2024-12-17,607.2038,2024-12-24,597.7809,MOMENTUM_FAIL,1,-9.4229,18.4747,-27.8976,-0.045844,-0.060678,0.037524,6,False
momentum_top,SWANCORP,2024-12-16,2024-12-17,778.456,2024-12-24,729.2404,MOMENTUM_FAIL,1,-49.2156,19.1168,-68.3324,-0.087588,-0.072593,0.036585,6,False
momentum_top,ITI,2024-12-16,2024-12-17,374.3,2024-12-20,348.099,STOP,2,-52.402,18.9842,-71.3862,-0.095152,-0.107133,0.022976,4,False
momentum_top,TARIL,2024-12-23,2024-12-24,529.3254,2025-01-03,627.2622,TARGET,1,97.9369,18.3645,79.5724,0.15,-0.028348,0.205603,8,False
momentum_top,PAYTM,2024-12-23,2024-12-24,968.1,2025-01-08,900.333,STOP,1,-67.767,19.8798,-87.6468,-0.090337,-0.075354,0.064921,11,False
momentum_top,SYRMA,2024-12-23,2024-12-24,608.2508,2025-01-10,565.6732,STOP,1,-42.5776,18.4116,-60.9892,-0.100051,-0.091148,0.06082,13,False
momentum_top,SWANCORP,2024-12-23,2024-12-24,734.2868,2025-01-01,719.2972,MOMENTUM_FAIL,1,-14.9896,19.0,-33.9895,-0.046188,-0.03831,0.016195,6,False
momentum_top,PARADEEP,2024-12-23,2024-12-24,107.1472,2025-01-07,125.5142,TARGET,9,165.3033,20.3384,144.9649,0.15,-0.013707,0.180221,10,False
momentum_top,BBOX,2024-12-23,2024-12-24,663.6885,2024-12-26,617.2303,STOP,1,-46.4582,18.6378,-65.096,-0.097868,-0.079273,0.0,2,False
momentum_top,TARIL,2024-12-30,2024-12-31,539.2872,2025-01-08,638.7668,TARGET,1,99.4796,18.4097,81.0699,0.15,0.0,0.201667,7,False
momentum_top,ITI,2024-12-30,2024-12-31,378.55,2025-01-03,445.1557,TARGET,2,133.2113,19.3981,113.8133,0.15,-0.009246,0.207502,4,False
momentum_top,SYRMA,2024-12-30,2024-12-31,568.3655,2025-01-13,528.5799,STOP,1,-39.7856,18.2489,-58.0345,-0.101885,-0.078947,0.135263,10,False
momentum_top,INDHOTEL,2024-12-30,2024-12-31,874.5222,2025-01-07,845.8843,MOMENTUM_FAIL,1,-28.6379,19.5643,-48.2022,-0.054998,-0.047219,0.003235,6,False
momentum_top,MOTILALOFS,2024-12-30,2024-12-31,946.9088,2025-01-07,954.7833,MOMENTUM_FAIL,1,7.8745,19.9443,-12.0698,-0.012719,-0.04657,0.039449,6,False
momentum_top,BBOX,2024-12-30,2024-12-31,648.9909,2025-01-13,603.5615,STOP,1,-45.4294,18.5778,-64.0072,-0.098411,-0.097651,0.069323,10,False
momentum_top,SWANCORP,2024-12-30,2024-12-31,709.5041,2025-01-10,659.8388,STOP,1,-49.6653,18.8247,-68.49,-0.096322,-0.093873,0.086479,9,False
momentum_top,LEMONTREE,2024-12-30,2024-12-31,152.5,2025-01-10,141.825,STOP,6,-64.05,19.6631,-83.7131,-0.09129,-0.101902,0.064918,9,False
momentum_top,TARIL,2025-01-06,2025-01-07,603.2027,2025-01-10,560.9785,STOP,1,-42.2242,18.391,-60.6152,-0.10027,-0.072972,0.074338,4,False
momentum_top,SYRMA,2025-01-06,2025-01-07,600.7722,2025-01-10,558.7182,STOP,1,-42.0541,18.3811,-60.4352,-0.100376,-0.079834,0.027303,4,False
momentum_top,PARADEEP,2025-01-06,2025-01-07,120.0107,2025-01-10,111.61,STOP,8,-67.206,19.8471,-87.0531,-0.090474,-0.107762,0.020862,4,False
momentum_top,BBOX,2025-01-06,2025-01-07,633.795,2025-01-13,589.4293,STOP,1,-44.3656,18.5158,-62.8815,-0.098998,-0.076016,0.061159,5,False
momentum_top,BLS,2025-01-06,2025-01-07,477.2019,2025-01-10,443.7977,STOP,2,-66.8083,19.8239,-86.6321,-0.090573,-0.084576,0.043478,4,False
momentum_top,LAURUSLABS,2025-01-06,2025-01-07,601.3322,2025-01-13,559.2389,STOP,1,-42.0933,18.3834,-60.4766,-0.100352,-0.078492,0.024285,5,False
momentum_top,PAYTM,2025-01-06,2025-01-07,972.0,2025-01-08,903.96,STOP,1,-68.04,19.8957,-87.9357,-0.090271,-0.079064,0.015689,2,False
momentum_top,ABDL,2025-01-06,2025-01-07,417.375,2025-01-13,388.1587,STOP,2,-58.4325,19.3357,-77.7682,-0.09296,-0.097055,0.03298,5,False
momentum_top,ITI,2025-01-13,2025-01-14,427.0,2025-01-15,397.11,STOP,2,-59.78,19.4142,-79.1942,-0.092531,-0.097073,0.0,2,False
momentum_top,PGEL,2025-01-13,2025-01-14,831.7902,2025-01-22,773.5649,STOP,1,-58.2253,19.3236,-77.5489,-0.093028,-0.137469,0.097712,7,False
momentum_top,SYRMA,2025-01-13,2025-01-14,531.4217,2025-01-22,494.2222,STOP,1,-37.1995,18.0982,-55.2977,-0.103829,-0.150952,0.051881,7,False
momentum_top,BBOX,2025-01-13,2025-01-14,592.8905,2025-01-30,546.107,GAP_STOP,1,-46.7836,18.3382,-65.1217,-0.109598,-0.112773,0.139076,13,False
momentum_top,TARIL,2025-01-13,2025-01-14,509.3268,2025-01-24,473.6739,STOP,1,-35.6529,18.008,-53.6609,-0.105127,-0.071912,0.063725,9,False
momentum_top,ACUTAAS,2025-01-13,2025-01-14,983.2626,2025-01-30,1151.4988,TARGET,1,168.2362,20.4243,147.8118,0.15,-0.067234,0.223325,13,False
momentum_top,LAURUSLABS,2025-01-13,2025-01-14,558.3194,2025-01-27,519.237,STOP,1,-39.0824,18.2079,-57.2903,-0.102388,-0.105249,0.093822,10,False
momentum_top,ASTERDM,2025-01-13,2025-01-14,482.8849,2025-01-21,491.0652,MOMENTUM_FAIL,2,16.3606,20.0412,-3.6806,-0.003803,-0.011226,0.032963,6,False
momentum_top,REDINGTON,2025-01-13,2025-01-14,199.0034,2025-02-03,194.8874,TIME,5,-20.58,20.0895,-40.6695,-0.040784,-0.041847,0.11063,16,False
momentum_top,ITI,2025-01-20,2025-01-21,389.0,2025-01-22,361.77,STOP,2,-54.46,19.1042,-73.5642,-0.094349,-0.10437,0.0,2,False
momentum_top,PGEL,2025-01-20,2025-01-21,863.1116,2025-01-21,802.6938,STOP,1,-60.4178,19.4514,-79.8692,-0.092335,0.0,0.0,1,False
momentum_top,BBOX,2025-01-20,2025-01-21,655.6672,2025-01-22,609.7705,STOP,1,-45.8967,18.6051,-64.5018,-0.098161,-0.086094,0.0,2,False
momentum_top,SYRMA,2025-01-20,2025-01-21,530.3747,2025-01-22,493.2485,STOP,1,-37.1262,18.0939,-55.2201,-0.103888,-0.149276,0.0,2,False
momentum_top,ANANTRAJ,2025-01-20,2025-01-21,923.3695,2025-01-21,858.7337,STOP,1,-64.6359,19.6973,-84.3331,-0.091133,0.0,0.0,1,False
momentum_top,MANAPPURAM,2025-01-20,2025-01-21,190.7371,2025-01-28,187.7679,MOMENTUM_FAIL,5,-14.8459,19.9267,-34.7726,-0.036382,-0.058763,0.03299,6,False
momentum_top,REDINGTON,2025-01-20,2025-01-21,213.4572,2025-01-28,194.2174,MOMENTUM_FAIL,4,-76.9595,19.3785,-96.338,-0.112584,-0.098655,0.035426,6,False
momentum_top,SWANCORP,2025-01-20,2025-01-21,640.0027,2025-01-23,595.2025,STOP,1,-44.8002,18.5412,-63.3413,-0.098755,-0.072761,0.0,3,False
momentum_top,LAURUSLABS,2025-01-20,2025-01-21,583.2399,2025-01-27,542.4131,STOP,1,-40.8268,18.3096,-59.1364,-0.101172,-0.14348,0.047086,5,False
momentum_top,ABDL,2025-01-20,2025-01-21,403.7083,2025-01-27,375.4487,STOP,2,-56.5192,19.2242,-75.7434,-0.093605,-0.09888,0.001583,5,False
momentum_top,LEMONTREE,2025-01-20,2025-01-21,147.0,2025-01-22,136.71,STOP,6,-61.74,19.5285,-81.2685,-0.09194,-0.07034,0.0,2,False
momentum_top,PARADEEP,2025-01-20,2025-01-21,113.8402,2025-01-28,105.8714,STOP,8,-63.7505,19.6457,-83.3962,-0.091372,-0.076543,0.129102,6,False
momentum_top,GICRE,2025-01-20,2025-01-21,423.7823,2025-01-22,394.1175,STOP,2,-59.3295,19.388,-78.7175,-0.092672,-0.077935,0.0,2,False
momentum_top,ITI,2025-01-27,2025-01-28,319.0,2025-02-04,296.67,STOP,3,-66.99,19.8345,-86.8245,-0.090528,-0.073824,0.06489,7,False
momentum_top,BBOX,2025-01-27,2025-01-28,585.9153,2025-01-30,544.9012,STOP,1,-41.0141,18.3205,-59.3346,-0.101047,-0.102211,0.0,3,False
momentum_top,REDINGTON,2025-01-27,2025-01-28,213.4381,2025-01-28,198.4974,STOP,4,-59.7627,19.4132,-79.1759,-0.092536,0.0,0.0,1,False
momentum_top,PGEL,2025-01-27,2025-01-28,726.2866,2025-01-28,675.4465,STOP,1,-50.8401,18.8932,-69.7332,-0.095804,0.0,0.0,1,False
momentum_top,ZENSARTECH,2025-01-27,2025-01-28,783.1271,2025-02-01,920.3692,TARGET,1,137.2421,19.5162,117.7259,0.15,-0.036111,0.207713,5,False
momentum_top,IDEA,2025-01-27,2025-01-28,8.99,2025-02-12,8.3607,STOP,110,-69.223,19.9646,-89.1876,-0.089992,-0.098999,0.104561,13,False
momentum_top,ABDL,2025-01-27,2025-01-28,373.7694,2025-02-11,347.6055,STOP,2,-52.3277,18.9799,-71.3076,-0.095182,-0.090491,0.104038,12,False
momentum_top,BIOCON,2025-01-27,2025-01-28,371.0595,2025-02-03,363.5286,MOMENTUM_FAIL,2,-15.0618,19.0329,-34.0947,-0.045842,-0.066935,0.009812,6,False
momentum_top,MANAPPURAM,2025-01-27,2025-01-28,182.4194,2025-02-14,169.6501,STOP,5,-63.8468,19.6513,-83.4981,-0.091345,-0.090061,0.131831,15,False
momentum_top,AVANTIFEED,2025-01-27,2025-01-28,648.6408,2025-02-17,642.1051,TIME,1,-6.5357,18.6555,-25.1912,-0.038752,-0.030679,0.147304,16,False
momentum_top,INTELLECT,2025-01-27,2025-01-28,848.2937,2025-01-30,788.9131,STOP,1,-59.3806,19.391,-78.7715,-0.092656,-0.108822,0.013581,3,False
momentum_top,LEMONTREE,2025-01-27,2025-01-28,130.51,2025-02-05,153.0019,TARGET,7,157.4432,20.1081,137.3351,0.15,0.0,0.185503,8,False
momentum_top,MANAPPURAM,2025-02-03,2025-02-04,193.1951,2025-02-14,179.6714,STOP,5,-67.6183,19.8711,-87.4894,-0.090373,-0.140814,0.068702,9,False
momentum_top,JUBLFOOD,2025-02-03,2025-02-04,721.6858,2025-02-10,671.1678,STOP,1,-50.518,18.8744,-69.3924,-0.095943,-0.07269,0.019724,5,False
momentum_top,BAJFINANCE,2025-02-03,2025-02-04,832.2174,2025-02-11,809.1228,MOMENTUM_FAIL,1,-23.0946,19.397,-42.4916,-0.050947,-0.033905,0.028226,6,False
momentum_top,AVANTIFEED,2025-02-03,2025-02-04,707.1204,2025-02-11,706.974,MOMENTUM_FAIL,1,-0.1464,18.9155,-19.0619,-0.026898,-0.028694,0.034625,6,False
momentum_top,LEMONTREE,2025-02-03,2025-02-04,145.3,2025-02-11,135.129,STOP,6,-61.026,19.4869,-80.5129,-0.092151,-0.117619,0.064831,6,False
momentum_top,ZENSARTECH,2025-02-03,2025-02-04,869.0211,2025-02-14,808.1896,STOP,1,-60.8315,19.4755,-80.307,-0.092209,-0.095525,0.052044,9,False
momentum_top,ABDL,2025-02-03,2025-02-04,395.2526,2025-02-10,367.5849,STOP,2,-55.3354,19.1552,-74.4906,-0.094026,-0.08806,0.026866,5,False
momentum_top,INDHOTEL,2025-02-03,2025-02-04,813.5737,2025-02-11,742.5001,MOMENTUM_FAIL,1,-71.0735,19.2206,-90.2941,-0.110742,-0.093155,0.02001,6,False
momentum_top,LAURUSLABS,2025-02-03,2025-02-04,588.1242,2025-02-14,546.9555,STOP,1,-41.1687,18.3295,-59.4982,-0.100945,-0.099068,0.095254,9,False
momentum_top,SBICARD,2025-02-03,2025-02-04,828.6127,2025-02-11,779.2834,MOMENTUM_FAIL,1,-49.3293,19.3283,-68.6576,-0.082678,-0.066127,0.006954,6,False
momentum_top,SAGILITY,2025-02-10,2025-02-11,48.0917,2025-02-24,44.7253,STOP,20,-67.3283,19.8542,-87.1825,-0.090444,-0.092228,0.056788,10,False
momentum_top,MANAPPURAM,2025-02-10,2025-02-11,202.0437,2025-02-12,187.9007,STOP,4,-56.5722,19.2273,-75.7995,-0.093586,-0.106521,0.0,2,False
momentum_top,PGEL,2025-02-10,2025-02-11,815.3052,2025-02-14,758.2339,STOP,1,-57.0714,19.2564,-76.3277,-0.093414,-0.080203,0.039213,4,False
momentum_top,LAURUSLABS,2025-02-10,2025-02-11,631.9844,2025-02-12,587.7455,STOP,1,-44.2389,18.5084,-62.7474,-0.09907,-0.077287,0.0,2,False
momentum_top,ZENSARTECH,2025-02-10,2025-02-11,863.7397,2025-02-14,803.2779,STOP,1,-60.4618,19.454,-79.9158,-0.092321,-0.089994,0.002223,4,False
momentum_top,AVANTIFEED,2025-02-10,2025-02-11,728.6783,2025-02-12,677.6708,STOP,1,-51.0075,18.9029,-69.9104,-0.095732,-0.091767,0.0,2,False
momentum_top,BAJFINANCE,2025-02-10,2025-02-11,819.7713,2025-02-18,836.2575,MOMENTUM_FAIL,1,16.4862,19.425,-2.9388,-0.003577,-0.033016,0.023979,6,False
momentum_top,REDINGTON,2025-02-10,2025-02-11,231.6442,2025-02-12,215.4291,STOP,4,-64.8604,19.7104,-84.5707,-0.091073,-0.080578,0.0,2,False
momentum_top,IDEA,2025-02-10,2025-02-11,9.11,2025-02-12,8.4723,STOP,109,-69.5093,19.9813,-89.4906,-0.089926,-0.110867,0.0,2,False
momentum_top,UPL,2025-02-10,2025-02-11,623.2091,2025-02-18,619.0871,MOMENTUM_FAIL,1,-4.122,18.5531,-22.6751,-0.036305,-0.063858,0.006142,6,False
momentum_top,SAGILITY,2025-02-17,2025-02-18,47.9422,2025-02-24,44.5862,STOP,20,-67.119,19.842,-86.961,-0.090496,-0.089397,0.0,5,False
momentum_top,MANAPPURAM,2025-02-17,2025-02-18,188.407,2025-03-12,203.9805,TIME,5,77.8676,20.0663,57.8013,0.061224,-0.022857,0.121936,16,False
momentum_top,REDINGTON,2025-02-17,2025-02-18,232.4865,2025-02-18,216.2125,STOP,4,-65.0962,19.7241,-84.8203,-0.091011,0.0,0.0,1,False
momentum_top,BAJFINANCE,2025-02-17,2025-02-18,832.7113,2025-02-25,838.5195,MOMENTUM_FAIL,1,5.8082,19.4579,-13.6497,-0.016356,-0.016845,0.011744,6,False
momentum_top,SBICARD,2025-02-17,2025-02-18,847.5893,2025-02-25,837.765,MOMENTUM_FAIL,1,-9.8243,19.4889,-29.3132,-0.034509,-0.033173,0.017407,6,False
momentum_top,IDEA,2025-02-17,2025-02-18,8.27,2025-02-25,7.91,MOMENTUM_FAIL,120,-43.2001,20.0324,-63.2325,-0.063578,-0.051995,0.015719,6,False
momentum_top,IGL,2025-02-17,2025-02-18,183.4507,2025-03-04,170.6091,STOP,5,-64.2077,19.6723,-83.88,-0.091247,-0.075375,0.085992,10,False
momentum_top,UPL,2025-02-17,2025-02-18,621.2463,2025-02-25,635.477,MOMENTUM_FAIL,1,14.2307,18.5822,-4.3514,-0.006989,-0.018957,0.039889,6,False
momentum_top,PGEL,2025-02-17,2025-02-18,782.6351,2025-02-19,727.8506,STOP,1,-54.7845,19.1231,-73.9075,-0.094228,-0.085977,0.035808,2,False
momentum_top,AVANTIFEED,2025-02-17,2025-02-18,642.3002,2025-03-05,757.733,TARGET,1,115.4328,18.8771,96.5557,0.15,-0.009492,0.237755,11,False
momentum_top,CHAMBLFERT,2025-02-17,2025-02-18,525.0906,2025-03-12,546.7034,TIME,1,21.6128,18.1912,3.4216,0.006502,-0.028729,0.084346,16,False
momentum_top,MANAPPURAM,2025-02-24,2025-02-25,202.5381,2025-03-05,201.2339,MOMENTUM_FAIL,4,-5.2167,19.3402,-24.5569,-0.030245,-0.051171,0.043659,6,False
momentum_top,AVANTIFEED,2025-02-24,2025-02-25,716.0459,2025-03-17,842.8994,TARGET,1,126.8535,19.2118,107.6417,0.15,-0.069409,0.224712,13,False
momentum_top,BAJFINANCE,2025-02-24,2025-02-25,825.2979,2025-03-05,819.7416,MOMENTUM_FAIL,1,-5.5563,19.4035,-24.9598,-0.030177,-0.016032,0.045967,6,False
momentum_top,REDINGTON,2025-02-24,2025-02-25,238.2489,2025-02-28,221.5715,STOP,4,-66.7097,19.8181,-86.5278,-0.090598,-0.107674,0.02049,3,False
momentum_top,SAGILITY,2025-02-24,2025-02-25,43.3573,2025-03-04,40.3222,STOP,23,-69.8052,19.9986,-89.8037,-0.089858,-0.08023,0.048276,5,False
momentum_top,SBICARD,2025-02-24,2025-02-25,830.0919,2025-03-05,841.0535,MOMENTUM_FAIL,1,10.9616,19.4573,-8.4957,-0.010212,-0.021969,0.038115,6,False
momentum_top,UPL,2025-02-24,2025-02-25,636.0658,2025-03-05,616.1919,MOMENTUM_FAIL,1,-19.8739,18.5753,-38.4492,-0.060317,-0.063416,0.000386,6,False
momentum_top,IGL,2025-02-24,2025-02-25,190.6055,2025-03-03,177.2631,STOP,5,-66.7119,19.8183,-86.5302,-0.090597,-0.083169,0.006728,4,False
momentum_top,KOTAKBANK,2025-02-24,2025-02-25,392.6686,2025-03-05,385.5092,MOMENTUM_FAIL,2,-14.3188,19.2169,-33.5357,-0.042609,-0.038141,0.003047,6,False
momentum_top,FIVESTAR,2025-02-24,2025-02-25,697.0452,2025-03-11,648.2521,STOP,1,-48.7932,18.7739,-67.5671,-0.096722,-0.079274,0.107835,10,False
momentum_top,BAJFINANCE,2025-03-03,2025-03-04,841.8187,2025-03-11,823.8656,MOMENTUM_FAIL,1,-17.9531,19.448,-37.4011,-0.044332,-0.036487,0.013576,6,False
momentum_top,AVANTIFEED,2025-03-03,2025-03-04,706.2425,2025-03-17,831.5777,TARGET,1,125.3353,19.1673,106.168,0.15,0.0,0.241713,9,False
momentum_top,MANAPPURAM,2025-03-03,2025-03-04,194.6341,2025-03-21,227.9688,TARGET,5,166.6733,20.3786,146.2947,0.15,0.0,0.256853,13,False
momentum_top,SBICARD,2025-03-03,2025-03-04,821.1233,2025-03-11,835.6724,MOMENTUM_FAIL,1,14.5491,19.4268,-4.8777,-0.005927,0.0,0.035983,6,False
momentum_top,FIVESTAR,2025-03-03,2025-03-04,704.1944,2025-03-11,645.9584,MOMENTUM_FAIL,1,-58.2361,18.7848,-77.0209,-0.109136,-0.088621,0.029329,6,False
momentum_top,REDINGTON,2025-03-03,2025-03-04,220.1577,2025-03-26,228.0068,TIME,4,31.3964,19.7124,11.684,0.013239,-0.029783,0.119565,16,False
momentum_top,UPL,2025-03-03,2025-03-04,595.729,2025-03-26,640.286,TIME,1,44.557,18.5362,26.0208,0.043584,-0.011614,0.105931,16,False
momentum_top,KOTAKBANK,2025-03-03,2025-03-04,379.1375,2025-03-11,385.928,MOMENTUM_FAIL,2,13.5809,19.1594,-5.5785,-0.007341,-0.003025,0.027615,6,False
momentum_top,SAGILITY,2025-03-03,2025-03-04,41.3638,2025-03-26,41.7525,TIME,24,9.3293,20.1408,-10.8115,-0.010867,-0.028916,0.099036,16,False
momentum_top,AVANTIFEED,2025-03-10,2025-03-11,790.1331,2025-03-24,928.4601,TARGET,1,138.327,19.548,118.7791,0.15,-0.001235,0.19037,9,False
momentum_top,SBICARD,2025-03-10,2025-03-11,837.0675,2025-03-19,843.5448,MOMENTUM_FAIL,1,6.4773,19.4777,-13.0004,-0.015497,-0.020238,0.015655,6,False
momentum_top,REDINGTON,2025-03-10,2025-03-11,232.0271,2025-03-13,215.7852,STOP,4,-64.9676,19.7166,-84.6842,-0.091045,-0.077475,0.0,3,False
momentum_top,BAJFINANCE,2025-03-10,2025-03-11,820.3639,2025-04-03,848.9704,TIME,1,28.6065,19.4522,9.1543,0.011135,-0.003907,0.114997,16,False
momentum_top,MANAPPURAM,2025-03-10,2025-03-11,198.5861,2025-03-21,232.5328,TARGET,5,169.7334,20.4682,149.2652,0.15,-0.014925,0.231841,8,False
momentum_top,UPL,2025-03-10,2025-03-11,602.0592,2025-04-03,639.1574,TIME,1,37.0982,18.5477,18.5505,0.030744,-0.022007,0.094303,16,False
momentum_top,CASTROLIND,2025-03-10,2025-03-11,205.1003,2025-03-26,190.7433,STOP,4,-57.4281,19.2772,-76.7053,-0.093293,-0.076102,0.064582,11,False
momentum_top,CHAMBLFERT,2025-03-10,2025-03-11,547.5738,2025-03-19,567.591,MOMENTUM_FAIL,1,20.0172,18.2829,1.7343,0.00316,-0.028168,0.044327,6,False
momentum_top,AVANTIFEED,2025-03-17,2025-03-18,869.8293,2025-04-03,808.9412,STOP,1,-60.888,19.4788,-80.3669,-0.092192,-0.192498,0.081305,12,False
momentum_top,BAJFINANCE,2025-03-17,2025-03-18,847.5628,2025-04-09,862.9182,TIME,1,15.3553,19.5401,-4.1847,-0.004927,-0.03184,0.079216,16,False
momentum_top,UPL,2025-03-17,2025-03-18,614.5235,2025-04-09,602.8444,TIME,1,-11.6791,18.501,-30.1801,-0.049004,-0.059571,0.072107,16,False
momentum_top,SBICARD,2025-03-17,2025-03-18,840.057,2025-03-25,856.2004,MOMENTUM_FAIL,1,16.1434,19.51,-3.3665,-0.003999,-0.004804,0.038553,6,False
momentum_top,MANAPPURAM,2025-03-17,2025-03-18,207.1026,2025-03-21,243.1663,TARGET,4,144.2549,19.7217,124.5332,0.15,0.0,0.181185,4,False
momentum_top,KOTAKBANK,2025-03-17,2025-03-18,397.4747,2025-04-09,409.3605,TIME,2,23.7715,19.335,4.4365,0.005569,0.0,0.105062,16,False
momentum_top,BERGEPAINT,2025-03-17,2025-03-18,495.5575,2025-03-25,493.9308,MOMENTUM_FAIL,2,-3.2534,20.1083,-23.3617,-0.02352,-0.01124,0.022879,6,False
momentum_top,SARDAEN,2025-03-17,2025-03-18,534.4529,2025-03-25,481.0922,MOMENTUM_FAIL,1,-53.3608,18.078,-71.4388,-0.133376,-0.116482,0.047597,6,False
momentum_top,CHAMBLFERT,2025-03-17,2025-03-18,559.8065,2025-04-09,617.0056,TIME,1,57.1991,18.4102,38.7889,0.069139,-0.027207,0.109864,16,False
momentum_top,CREDITACC,2025-03-17,2025-03-18,919.55,2025-04-09,1017.25,TIME,1,97.7,20.0117,77.6883,0.084301,-0.002773,0.144636,16,False
momentum_top,JSWSTEEL,2025-03-17,2025-03-18,997.2709,2025-04-07,898.4065,GAP_STOP,1,-98.8643,19.9396,-118.8039,-0.118869,-0.09993,0.068808,14,False
momentum_top,AVANTIFEED,2025-03-24,2025-03-25,917.9201,2025-04-01,853.6657,STOP,1,-64.2544,19.675,-83.9294,-0.091235,-0.07848,0.0,5,False
momentum_top,BAJFINANCE,2025-03-24,2025-03-25,901.363,2025-04-02,856.3443,MOMENTUM_FAIL,1,-45.0187,19.6443,-64.663,-0.071583,-0.056219,0.000208,6,False
momentum_top,MANAPPURAM,2025-03-24,2025-03-25,237.3153,2025-04-02,231.4862,MOMENTUM_FAIL,4,-23.3166,19.8907,-43.2074,-0.045418,-0.04413,0.0,6,False
momentum_top,UPL,2025-03-24,2025-03-25,651.5725,2025-04-02,642.298,MOMENTUM_FAIL,1,-9.2745,18.6623,-27.9369,-0.042783,-0.064166,0.0,6,False
momentum_top,SBICARD,2025-03-24,2025-03-25,854.9548,2025-04-02,854.0081,MOMENTUM_FAIL,1,-0.9467,19.5381,-20.4848,-0.023908,-0.032578,0.030946,6,False
momentum_top,GABRIEL,2025-03-24,2025-03-25,595.9494,2025-04-02,593.5147,MOMENTUM_FAIL,1,-2.4347,18.4414,-20.8761,-0.034954,-0.066033,0.012173,6,False
momentum_top,CHAMBLFERT,2025-03-24,2025-03-25,599.0674,2025-04-02,613.2826,MOMENTUM_FAIL,1,14.2151,18.4885,-4.2733,-0.007118,-0.016949,0.028249,6,False
momentum_top,KOTAKBANK,2025-03-24,2025-03-25,434.7274,2025-04-02,429.6819,MOMENTUM_FAIL,2,-10.0909,19.5807,-29.6715,-0.034052,-0.031217,0.0,6,False
momentum_top,REDINGTON,2025-03-24,2025-03-25,234.3244,2025-04-01,217.9217,STOP,4,-65.6108,19.7541,-85.3649,-0.090877,-0.070711,0.043709,5,False
momentum_top,AVANTIFEED,2025-04-01,2025-04-02,852.1244,2025-04-03,792.4757,STOP,1,-59.6487,19.4066,-79.0553,-0.092572,-0.17572,0.012592,2,False
momentum_top,MANAPPURAM,2025-04-01,2025-04-02,229.3423,2025-04-09,222.2287,MOMENTUM_FAIL,4,-28.4542,19.7456,-48.1998,-0.052427,-0.054883,0.015767,6,False
momentum_top,CHAMBLFERT,2025-04-01,2025-04-02,600.0344,2025-04-09,617.0056,MOMENTUM_FAIL,1,16.9712,18.4982,-1.527,-0.002539,-0.069138,0.035455,6,False
momentum_top,GABRIEL,2025-04-01,2025-04-02,589.2913,2025-04-04,548.0409,STOP,1,-41.2504,18.3343,-59.5846,-0.100892,-0.106239,0.021585,3,False
momentum_top,UPL,2025-04-01,2025-04-02,620.1667,2025-04-09,602.8444,MOMENTUM_FAIL,1,-17.3223,18.5134,-35.8356,-0.057658,-0.068128,0.037189,6,False
momentum_top,SBICARD,2025-04-01,2025-04-02,857.9942,2025-04-07,760.8345,GAP_STOP,1,-97.1596,19.355,-116.5146,-0.135503,-0.11324,0.0,4,False
momentum_top,BAJFINANCE,2025-04-01,2025-04-02,862.3452,2025-04-09,862.9182,MOMENTUM_FAIL,1,0.573,19.5724,-18.9994,-0.021984,-0.048436,0.01638,6,False
momentum_top,KOTAKBANK,2025-04-01,2025-04-02,426.9698,2025-04-09,409.3605,MOMENTUM_FAIL,2,-35.2185,19.464,-54.6825,-0.063896,-0.065483,0.004998,6,False
momentum_top,MANAPPURAM,2025-04-07,2025-04-08,224.2739,2025-04-17,226.4573,MOMENTUM_FAIL,4,8.7337,19.7357,-11.002,-0.012237,-0.023084,0.015418,6,False
momentum_top,CHAMBLFERT,2025-04-07,2025-04-08,606.03,2025-05-05,668.0641,TIME,1,62.0341,18.6152,43.4189,0.071488,-0.007021,0.129009,16,False
momentum_top,BAJFINANCE,2025-04-07,2025-04-08,854.4428,2025-05-05,882.2987,TIME,1,27.8559,19.5946,8.2614,0.009648,-0.010867,0.116763,16,False
momentum_top,KOTAKBANK,2025-04-07,2025-04-08,411.3049,2025-05-05,415.782,TIME,2,8.9543,19.4217,-10.4674,-0.012697,-0.009867,0.1161,16,False
momentum_top,GABRIEL,2025-04-07,2025-04-08,526.6854,2025-05-05,542.8834,TIME,1,16.198,18.1869,-1.9889,-0.003768,-0.031698,0.118679,16,False
momentum_top,UPL,2025-04-07,2025-04-08,607.5062,2025-05-05,673.7529,TIME,1,66.2467,18.6301,47.6166,0.07821,-0.028756,0.119225,16,False
momentum_top,AVANTIFEED,2025-04-07,2025-04-08,693.3661,2025-04-15,816.7073,TARGET,1,123.3412,19.1089,104.2323,0.15,0.0,0.215251,4,False
momentum_top,SBICARD,2025-04-07,2025-04-08,814.1478,2025-05-05,901.1928,TIME,1,87.045,19.5449,67.5001,0.082728,0.0,0.139106,16,False
momentum_top,POONAWALLA,2025-04-07,2025-04-08,354.9,2025-05-05,387.9,TIME,2,66.0,19.0615,46.9385,0.065985,-0.022964,0.174274,16,False
momentum_top,GALLANTT,2025-04-15,2025-04-16,455.5188,2025-05-07,416.1831,GAP_STOP,2,-78.6714,19.6166,-98.2881,-0.10765,-0.092686,0.079476,14,False
momentum_top,CHAMBLFERT,2025-04-15,2025-04-16,640.6975,2025-05-09,671.0135,TIME,1,30.316,18.697,11.619,0.018095,-0.011773,0.120217,16,False
momentum_top,AVANTIFEED,2025-04-15,2025-04-16,828.1766,2025-05-09,850.5149,TIME,1,22.3383,19.4724,2.8659,0.003453,-0.019199,0.100648,16,False
momentum_top,BAJFINANCE,2025-04-15,2025-04-16,903.7832,2025-05-09,854.715,TIME,1,-49.0681,19.6463,-68.7144,-0.075864,-0.064867,0.055795,16,False
momentum_top,SHRIRAMFIN,2025-04-15,2025-04-16,661.8463,2025-04-28,612.6985,GAP_STOP,1,-49.1478,18.6245,-67.7723,-0.102175,-0.113729,0.066676,8,False
momentum_top,MANAPPURAM,2025-04-15,2025-04-16,224.1948,2025-04-24,226.0819,MOMENTUM_FAIL,4,7.5483,19.732,-12.1837,-0.013556,-0.007095,0.041336,6,False
momentum_top,GABRIEL,2025-04-15,2025-04-16,556.4977,2025-05-09,567.1308,TIME,1,10.6331,18.3014,-7.6683,-0.01375,-0.052232,0.066071,16,False
momentum_top,POONAWALLA,2025-04-15,2025-04-16,386.0,2025-05-09,372.0,TIME,2,-28.0,19.1327,-47.1327,-0.06092,-0.061788,0.079663,16,False
momentum_top,GALLANTT,2025-04-21,2025-04-22,467.4538,2025-04-29,440.799,MOMENTUM_FAIL,2,-53.3096,19.7691,-73.0786,-0.077996,-0.063723,0.016915,6,False
momentum_top,CHAMBLFERT,2025-04-21,2025-04-22,668.0157,2025-04-29,668.7894,MOMENTUM_FAIL,1,0.7736,18.7522,-17.9786,-0.026855,-0.038651,0.01187,6,False
momentum_top,SHRIRAMFIN,2025-04-21,2025-04-22,691.7088,2025-04-25,643.2892,STOP,1,-48.4196,18.7521,-67.1717,-0.096898,-0.096728,0.015363,4,False
momentum_top,AVANTIFEED,2025-04-21,2025-04-22,830.7616,2025-05-14,845.1498,TIME,1,14.3883,19.4671,-5.0789,-0.0061,-0.022251,0.097223,16,False
momentum_top,BAJFINANCE,2025-04-21,2025-04-22,918.1556,2025-04-29,898.2021,MOMENTUM_FAIL,1,-19.9534,19.7662,-39.7197,-0.043166,-0.036041,0.039268,6,False
momentum_top,GABRIEL,2025-04-21,2025-04-22,576.6707,2025-04-25,536.3038,STOP,1,-40.3669,18.2828,-58.6497,-0.101482,-0.072032,0.021713,4,False
momentum_top,POONAWALLA,2025-04-21,2025-04-22,396.65,2025-04-28,368.8845,STOP,2,-55.531,19.1666,-74.6976,-0.093955,-0.083575,0.050674,5,False
momentum_top,GALLANTT,2025-04-28,2025-04-29,453.2313,2025-05-07,439.7049,MOMENTUM_FAIL,2,-27.0527,19.7024,-46.7551,-0.051467,-0.088106,0.042352,6,False
momentum_top,CHAMBLFERT,2025-04-28,2025-04-29,667.0971,2025-05-15,620.4003,STOP,1,-46.6968,18.6517,-65.3485,-0.097746,-0.082772,0.075886,12,False
momentum_top,RBLBANK,2025-04-28,2025-04-29,204.2168,2025-05-07,200.1819,MOMENTUM_FAIL,4,-16.1394,19.3463,-35.4857,-0.043346,-0.051097,0.008224,6,False
momentum_top,AVANTIFEED,2025-04-28,2025-04-29,870.5609,2025-05-07,864.8543,MOMENTUM_FAIL,1,-5.7066,19.5943,-25.3008,-0.028999,-0.049751,0.010589,6,False
momentum_top,GABRIEL,2025-04-28,2025-04-29,562.0129,2025-05-07,578.1116,MOMENTUM_FAIL,1,16.0987,18.3359,-2.2372,-0.003972,-0.061533,0.043055,6,False
momentum_top,PARADEEP,2025-04-28,2025-04-29,147.798,2025-05-05,137.4522,STOP,6,-62.0752,19.548,-81.6232,-0.091843,-0.07383,0.0,4,False
momentum_top,AADHARHFC,2025-04-28,2025-04-29,474.7,2025-05-07,454.55,MOMENTUM_FAIL,2,-40.3,19.8567,-60.1568,-0.063225,-0.063514,0.010006,6,False
momentum_top,CASTROLIND,2025-04-28,2025-04-29,193.2662,2025-05-07,183.8485,MOMENTUM_FAIL,5,-47.0885,19.9144,-67.0029,-0.069186,-0.061749,0.0,6,False
momentum_top,ANURAS,2025-04-28,2025-04-29,863.8372,2025-05-21,958.2056,TIME,1,94.3683,19.7697,74.5987,0.086169,-0.026054,0.125361,16,False
momentum_top,GALLANTT,2025-05-05,2025-05-06,469.8407,2025-05-06,436.9519,STOP,2,-65.7777,19.7638,-85.5415,-0.090834,0.0,0.0,1,False
momentum_top,CHAMBLFERT,2025-05-05,2025-05-06,670.1432,2025-05-15,623.2332,STOP,1,-46.91,18.6641,-65.5742,-0.097637,-0.086941,0.053247,8,False
momentum_top,PARADEEP,2025-05-05,2025-05-06,145.1958,2025-05-06,135.0321,STOP,6,-60.9822,19.4843,-80.4665,-0.092164,0.0,0.0,1,False
momentum_top,ANURAS,2025-05-05,2025-05-06,873.9178,2025-05-27,988.8466,TIME,1,114.9288,19.8541,95.0747,0.108554,-0.017759,0.140361,16,False
momentum_top,ADANIENSOL,2025-05-05,2025-05-06,939.0,2025-05-07,873.27,STOP,1,-65.73,19.761,-85.491,-0.090846,-0.078701,0.0,2,False
momentum_top,POONAWALLA,2025-05-05,2025-05-06,387.0,2025-05-13,383.3,MOMENTUM_FAIL,2,-7.4,19.1831,-26.5831,-0.03427,-0.064212,0.007752,6,False
momentum_top,RBLBANK,2025-05-05,2025-05-06,202.5869,2025-05-09,188.4058,STOP,4,-56.7243,19.2362,-75.9605,-0.093534,-0.077263,0.011577,4,False
momentum_top,BPCL,2025-05-05,2025-05-06,301.3869,2025-05-13,288.0587,MOMENTUM_FAIL,3,-39.9847,19.6664,-59.651,-0.06583,-0.061507,0.0,6,False
momentum_top,CHOICEIN,2025-05-05,2025-05-06,629.8,2025-05-27,705.0,TIME,1,75.2,18.7424,56.4576,0.089448,-0.040251,0.136393,16,False
momentum_top,PARADEEP,2025-05-12,2025-05-13,145.4915,2025-05-30,170.6835,TARGET,6,151.1524,19.9238,131.2286,0.15,-0.039092,0.196883,14,False
momentum_top,GALLANTT,2025-05-12,2025-05-13,463.4754,2025-06-03,446.5675,TIME,2,-33.8158,19.7751,-53.5909,-0.057688,-0.044635,0.091846,16,False
momentum_top,CHAMBLFERT,2025-05-12,2025-05-13,665.7917,2025-05-15,619.1863,STOP,1,-46.6054,18.6464,-65.2518,-0.097793,-0.080973,0.0,3,False
momentum_top,GABRIEL,2025-05-12,2025-05-13,617.1162,2025-05-20,616.0231,MOMENTUM_FAIL,1,-1.0931,18.5335,-19.6266,-0.031734,-0.017713,0.047987,6,False
momentum_top,ELECON,2025-05-12,2025-05-13,637.1592,2025-06-03,685.4183,TIME,1,48.259,18.7186,29.5404,0.046262,0.0,0.117395,16,False
momentum_top,PARADEEP,2025-05-19,2025-05-20,150.2919,2025-06-02,176.2274,TARGET,6,155.6129,20.0545,135.5584,0.15,-0.002558,0.176625,10,False
momentum_top,HEGAM,2025-05-19,2025-05-20,510.2874,2025-05-22,474.5673,STOP,1,-35.7201,18.0119,-53.732,-0.105068,-0.076602,0.0,3,False
momentum_top,GALLANTT,2025-05-19,2025-05-20,478.8915,2025-05-27,452.0378,MOMENTUM_FAIL,2,-53.7074,19.8648,-73.5723,-0.076648,-0.062098,0.018276,6,False
momentum_top,TDPOWERSYS,2025-05-19,2025-05-20,249.1204,2025-05-22,231.682,STOP,4,-69.7537,19.9956,-89.7493,-0.08987,-0.09,0.0,3,False
momentum_top,ANURAS,2025-05-19,2025-05-20,948.175,2025-06-10,1093.4951,TIME,1,145.3201,20.2295,125.0906,0.13164,-0.018211,0.16,16,False
momentum_top,PARADEEP,2025-05-26,2025-05-27,157.0835,2025-06-17,167.0096,TIME,6,59.5568,20.0309,39.5258,0.041846,0.0,0.152108,16,False
momentum_top,ANURAS,2025-05-26,2025-05-27,993.0885,2025-06-03,999.576,MOMENTUM_FAIL,1,6.4875,20.1365,-13.6489,-0.013714,-0.016935,0.01608,6,False
momentum_top,CUPID,2025-05-26,2025-05-27,21.494,2025-06-10,19.9894,STOP,46,-69.2107,19.9639,-89.1746,-0.089995,-0.09277,0.056109,11,False
momentum_top,BEL,2025-05-26,2025-05-27,381.4661,2025-06-03,382.9542,MOMENTUM_FAIL,2,2.9763,19.1575,-16.1812,-0.021163,-0.002211,0.023407,6,False
momentum_top,KIRLOSENG,2025-05-26,2025-05-27,860.8297,2025-06-17,852.8458,TIME,1,-7.984,19.5486,-27.5325,-0.031914,-0.035659,0.075062,16,False
momentum_top,AIIL,2025-05-26,2025-05-27,443.8,2025-06-17,487.34,TIME,2,87.08,19.8552,67.2249,0.075573,0.0,0.149166,16,False
momentum_top,PARADEEP,2025-06-02,2025-06-03,174.4616,2025-06-10,174.5405,MOMENTUM_FAIL,5,0.3943,19.6141,-19.2198,-0.021985,-0.042036,0.015255,6,False
momentum_top,RPOWER,2025-06-02,2025-06-03,61.98,2025-06-11,73.18,TARGET,16,179.2,20.4822,158.7178,0.1597,-0.055502,0.234108,7,False
momentum_top,NBCC,2025-06-02,2025-06-03,123.606,2025-06-10,123.1225,MOMENTUM_FAIL,8,-3.8679,20.0975,-23.9653,-0.024183,-0.025225,0.043346,6,False
momentum_top,AIIL,2025-06-02,2025-06-03,478.2,2025-06-24,532.98,TIME,2,109.5599,20.1914,89.3685,0.093239,0.0,0.137599,16,False
momentum_top,ELECON,2025-06-02,2025-06-03,700.7757,2025-06-10,687.6548,MOMENTUM_FAIL,1,-13.1209,18.8623,-31.9832,-0.04554,-0.032057,0.014184,6,False
momentum_top,IFCI,2025-06-02,2025-06-03,68.01,2025-06-10,66.63,MOMENTUM_FAIL,14,-19.3201,19.911,-39.2311,-0.041113,-0.047934,0.018968,6,False
momentum_top,TDPOWERSYS,2025-06-02,2025-06-03,253.1064,2025-06-10,246.4549,MOMENTUM_FAIL,3,-19.9545,19.0956,-39.0501,-0.051316,-0.030807,0.019587,6,False
momentum_top,PARADEEP,2025-06-09,2025-06-10,170.6765,2025-06-17,167.0096,MOMENTUM_FAIL,5,-18.3343,19.496,-37.8303,-0.044233,-0.03754,0.038406,6,False
momentum_top,RPOWER,2025-06-09,2025-06-10,65.69,2025-06-18,61.0917,STOP,15,-68.9745,19.9501,-88.9246,-0.09005,-0.079921,0.164409,7,False
momentum_top,AIIL,2025-06-09,2025-06-10,504.7,2025-06-17,487.34,MOMENTUM_FAIL,1,-17.36,18.0257,-35.3857,-0.069959,-0.04894,0.010501,6,False
momentum_top,NBCC,2025-06-09,2025-06-10,127.7009,2025-06-13,116.4326,GAP_STOP,7,-78.8781,19.5439,-98.4219,-0.109863,-0.093571,0.0,4,False
momentum_top,JMFINANCIL,2025-06-09,2025-06-10,148.2976,2025-06-13,136.5401,GAP_STOP,6,-70.5449,19.5434,-90.0883,-0.101026,-0.083163,0.0,4,False
momentum_top,GMDCLTD,2025-06-09,2025-06-10,401.4465,2025-06-17,385.379,MOMENTUM_FAIL,2,-32.135,19.2547,-51.3897,-0.063866,-0.06262,0.011779,6,False
momentum_top,RPOWER,2025-06-16,2025-06-17,66.0,2025-06-18,61.38,STOP,15,-69.3,19.9691,-89.2691,-0.089974,-0.084242,0.012273,2,False
momentum_top,PARADEEP,2025-06-16,2025-06-17,169.5527,2025-06-24,161.9233,MOMENTUM_FAIL,5,-38.1471,19.432,-57.5791,-0.067771,-0.056973,0.0,6,False
momentum_top,AIIL,2025-06-16,2025-06-17,499.76,2025-07-08,533.92,TIME,1,34.16,18.1098,16.0502,0.032046,-0.031535,0.097607,16,False
momentum_top,JMFINANCIL,2025-06-16,2025-06-17,140.334,2025-07-03,164.3473,TARGET,7,168.093,20.4202,147.6729,0.15,-0.047189,0.177775,13,False
momentum_top,ELECON,2025-06-16,2025-06-17,666.933,2025-06-24,624.9414,MOMENTUM_FAIL,1,-41.9916,18.6606,-60.6521,-0.090744,-0.067742,0.0,6,False
momentum_top,GMDCLTD,2025-06-16,2025-06-17,398.5515,2025-06-19,370.6529,STOP,2,-55.7972,19.1821,-74.9793,-0.09386,-0.077966,0.0,3,False
momentum_top,SCI,2025-06-16,2025-06-17,222.1849,2025-06-17,206.6319,STOP,4,-62.2118,19.556,-81.7677,-0.091803,0.0,0.0,1,False
momentum_top,AIIL,2025-06-23,2025-06-24,522.56,2025-07-01,498.48,MOMENTUM_FAIL,1,-24.08,18.0875,-42.1674,-0.080518,-0.048913,0.049717,6,False
momentum_top,RPOWER,2025-06-23,2025-06-24,64.0,2025-07-15,64.53,TIME,15,7.95,19.9997,-12.0498,-0.012524,-0.00625,0.107813,16,False
momentum_top,PARADEEP,2025-06-23,2025-06-24,163.1357,2025-07-01,156.8272,MOMENTUM_FAIL,6,-37.8514,19.9859,-57.8373,-0.05896,-0.048338,0.025317,6,False
momentum_top,GALLANTT,2025-06-23,2025-06-24,523.1504,2025-07-15,580.5875,TIME,1,57.4371,18.2559,39.1812,0.074731,-0.010742,0.159696,16,False
momentum_top,CEMPRO,2025-06-23,2025-06-24,805.8753,2025-07-15,858.6054,TIME,1,52.7301,19.4401,33.2899,0.041219,0.0,0.165432,16,False
momentum_top,AUBANK,2025-06-23,2025-06-24,800.235,2025-07-01,836.505,MOMENTUM_FAIL,1,36.27,19.3828,16.8872,0.021057,-0.009663,0.047382,6,False
momentum_top,CUPID,2025-06-30,2025-07-01,21.55,2025-07-08,21.624,MOMENTUM_FAIL,46,3.4041,20.1226,-16.7186,-0.016829,-0.012436,0.030162,6,False
momentum_top,JMFINANCIL,2025-06-30,2025-07-01,155.4022,2025-07-22,166.0328,TIME,6,63.7838,19.9969,43.7869,0.046858,-0.012866,0.093887,16,False
momentum_top,CEMPRO,2025-06-30,2025-07-01,929.7414,2025-07-07,864.6595,STOP,1,-65.0819,19.7233,-84.8052,-0.091015,-0.07801,0.000374,5,False
momentum_top,RPOWER,2025-06-30,2025-07-01,70.19,2025-07-03,65.2767,STOP,14,-68.7862,19.9392,-88.7254,-0.090094,-0.078216,0.0,3,False
momentum_top,AUBANK,2025-06-30,2025-07-01,818.1954,2025-07-08,819.0546,MOMENTUM_FAIL,1,0.8592,19.3865,-18.5274,-0.022595,-0.020745,0.02561,6,False
momentum_top,FACT,2025-06-30,2025-07-01,975.6651,2025-07-08,926.1346,MOMENTUM_FAIL,1,-49.5304,19.9488,-69.4793,-0.071057,-0.056247,0.0,6,False
momentum_top,JMFINANCIL,2025-07-07,2025-07-08,163.5068,2025-07-15,166.3937,MOMENTUM_FAIL,6,17.3211,20.1077,-2.7866,-0.002834,-0.013421,0.039666,6,False
momentum_top,PFOCUS,2025-07-07,2025-07-08,162.3,2025-07-25,150.939,STOP,6,-68.166,19.903,-88.069,-0.090241,-0.099815,0.115219,14,False
momentum_top,CUPID,2025-07-07,2025-07-08,21.602,2025-07-14,25.2944,TARGET,46,169.8513,20.4717,149.3797,0.15,-0.000926,0.198963,5,False
momentum_top,GABRIEL,2025-07-07,2025-07-08,917.2771,2025-07-10,1075.2944,TARGET,1,158.0173,20.1249,137.8924,0.15,0.0,0.174368,3,False
momentum_top,RPOWER,2025-07-07,2025-07-08,65.1,2025-07-15,64.53,MOMENTUM_FAIL,15,-8.55,20.0358,-28.5858,-0.02921,-0.019201,0.016129,6,False
momentum_top,AIIL,2025-07-07,2025-07-08,534.34,2025-07-25,496.9362,STOP,1,-37.4038,18.1101,-55.5139,-0.103666,-0.151851,0.083954,14,False
momentum_top,DELHIVERY,2025-07-07,2025-07-08,398.0,2025-07-29,421.95,TIME,2,47.9,19.3886,28.5114,0.03574,0.0,0.129271,16,False
momentum_top,MOTILALOFS,2025-07-07,2025-07-08,922.7024,2025-07-15,937.0863,MOMENTUM_FAIL,1,14.3839,19.8554,-5.4714,-0.005917,-0.017255,0.035693,6,False
momentum_top,REDINGTON,2025-07-07,2025-07-08,305.4419,2025-07-15,302.9467,MOMENTUM_FAIL,3,-7.4855,19.7839,-27.2694,-0.029695,-0.055582,0.005606,6,False
momentum_top,CCL,2025-07-07,2025-07-08,888.8548,2025-07-15,878.3245,MOMENTUM_FAIL,1,-10.5304,19.6617,-30.1921,-0.033893,-0.046054,0.015462,6,False
momentum_top,JPPOWER,2025-07-14,2025-07-15,27.1,2025-07-15,25.203,STOP,36,-68.292,19.9104,-88.2024,-0.090211,0.0,0.0,1,False
momentum_top,JMFINANCIL,2025-07-14,2025-07-15,168.5881,2025-07-22,166.0328,MOMENTUM_FAIL,5,-12.7763,19.4633,-32.2395,-0.038163,-0.061379,0.002198,6,False
momentum_top,CUPID,2025-07-14,2025-07-15,26.0,2025-07-25,30.4466,TARGET,38,168.9698,20.4458,148.524,0.15,-0.018846,0.190692,9,False
momentum_top,CEMPRO,2025-07-14,2025-07-15,864.5251,2025-07-18,804.0084,STOP,1,-60.5168,19.4572,-79.9739,-0.092304,-0.078025,0.0,4,False
momentum_top,IIFL,2025-07-14,2025-07-15,521.144,2025-07-22,525.9087,MOMENTUM_FAIL,1,4.7647,18.1402,-13.3755,-0.02561,-0.003619,0.025048,6,False
momentum_top,RPOWER,2025-07-14,2025-07-15,65.5,2025-07-22,61.36,MOMENTUM_FAIL,15,-62.1,19.9521,-82.0521,-0.083331,-0.064275,0.020611,6,False
momentum_top,ABDL,2025-07-14,2025-07-15,484.604,2025-07-22,478.2589,MOMENTUM_FAIL,2,-12.6902,19.9966,-32.6867,-0.033652,-0.041837,0.021686,6,False
momentum_top,AIIL,2025-07-14,2025-07-15,502.42,2025-07-25,467.2506,STOP,1,-35.1694,17.9798,-53.1492,-0.105556,-0.097966,0.15282,9,False
momentum_top,CUPID,2025-07-21,2025-07-22,29.34,2025-08-11,34.3532,TARGET,34,170.4504,20.4892,149.9611,0.15,-0.007498,0.181936,15,False
momentum_top,GABRIEL,2025-07-21,2025-07-22,983.8084,2025-07-29,1019.6826,MOMENTUM_FAIL,1,35.8742,20.1571,15.7171,0.015941,-0.035253,0.042374,6,False
momentum_top,PFOCUS,2025-07-21,2025-07-22,169.81,2025-07-23,157.9233,STOP,5,-59.4335,19.3941,-78.8276,-0.09264,-0.085154,0.0,2,False
momentum_top,STLTECH,2025-07-21,2025-07-22,117.2,2025-08-12,125.5,TIME,8,66.4,20.0242,46.3758,0.049354,-0.040017,0.130546,16,False
momentum_top,JMFINANCIL,2025-07-21,2025-07-22,165.7987,2025-07-30,154.1928,STOP,6,-69.6355,19.9887,-89.6241,-0.089897,-0.081824,0.067059,7,False
momentum_top,AIIL,2025-07-21,2025-07-22,577.98,2025-07-25,537.5214,STOP,1,-40.4586,18.2881,-58.7467,-0.10142,-0.21589,0.002111,4,False
momentum_top,CEMPRO,2025-07-21,2025-07-22,816.9188,2025-07-25,759.7345,STOP,1,-57.1843,19.263,-76.4473,-0.093376,-0.070759,0.0,4,False
momentum_top,RPOWER,2025-07-21,2025-07-22,63.25,2025-07-25,56.78,GAP_STOP,15,-97.05,19.7384,-116.7885,-0.122829,-0.102293,0.007115,4,False
momentum_top,SCHNEIDER,2025-07-21,2025-07-22,924.85,2025-07-29,909.7,MOMENTUM_FAIL,1,-15.15,19.8043,-34.9542,-0.037712,-0.059307,0.020598,6,False
momentum_top,ABDL,2025-07-21,2025-07-22,468.89,2025-07-29,483.5134,MOMENTUM_FAIL,2,29.2468,19.9493,9.2975,0.009893,-0.033407,0.039222,6,False
momentum_top,IIFL,2025-07-21,2025-07-22,530.1275,2025-07-28,493.0186,STOP,1,-37.1089,18.0929,-55.2018,-0.103902,-0.07724,0.007115,5,False
momentum_top,STLTECH,2025-07-28,2025-07-29,126.84,2025-08-01,117.9612,STOP,7,-62.1516,19.5525,-81.7041,-0.091821,-0.091769,0.01971,4,False
momentum_top,GABRIEL,2025-07-28,2025-07-29,977.7466,2025-08-18,1145.1285,TARGET,1,167.3819,20.3993,146.9826,0.15,0.0,0.197276,14,False
momentum_top,CUPID,2025-07-28,2025-07-29,29.98,2025-08-20,33.364,TIME,33,111.672,20.3348,91.3371,0.09212,-0.012675,0.156705,16,False
momentum_top,JMFINANCIL,2025-07-28,2025-07-29,158.884,2025-08-01,147.7621,STOP,6,-66.7313,19.8194,-86.5507,-0.090592,-0.070653,0.009883,4,False
momentum_top,SYRMA,2025-07-28,2025-07-29,744.2097,2025-08-05,715.2929,MOMENTUM_FAIL,1,-28.9168,19.0135,-47.9303,-0.064264,-0.041669,0.045756,6,False
momentum_top,SCHNEIDER,2025-07-28,2025-07-29,875.05,2025-08-01,1050.0,TARGET,1,174.95,19.9811,154.9689,0.176711,0.0,0.199931,4,False
momentum_top,ABDL,2025-07-28,2025-07-29,471.1703,2025-08-20,517.9155,TIME,2,93.4905,20.0994,73.3912,0.077712,0.0,0.135823,16,False
momentum_top,JPPOWER,2025-07-28,2025-07-29,20.41,2025-08-05,18.9813,STOP,48,-68.5776,19.927,-88.5046,-0.090143,-0.071534,0.082803,6,False
momentum_top,AIIL,2025-07-28,2025-07-29,530.0,2025-08-20,572.12,TIME,1,42.12,18.2537,23.8663,0.044933,-0.058302,0.14,16,False
momentum_top,LAURUSLABS,2025-07-28,2025-07-29,887.3836,2025-08-05,855.9409,MOMENTUM_FAIL,1,-31.4427,19.6129,-51.0556,-0.057409,-0.055062,0.037683,6,False
momentum_top,GALLANTT,2025-07-28,2025-07-29,665.873,2025-08-05,784.9564,TARGET,1,119.0834,18.9841,100.0993,0.15,0.0,0.198282,6,False
momentum_top,CUPID,2025-08-04,2025-08-05,33.718,2025-08-05,31.3577,STOP,29,-68.4475,19.9194,-88.367,-0.090174,0.0,0.0,1,False
momentum_top,STLTECH,2025-08-04,2025-08-05,119.9,2025-08-28,120.65,TIME,8,6.0,19.9924,-13.9924,-0.014556,-0.001668,0.170976,16,False
momentum_top,GALLANTT,2025-08-04,2025-08-05,784.4769,2025-08-12,706.1536,MOMENTUM_FAIL,1,-78.3234,19.0829,-97.4063,-0.123896,-0.105927,0.007924,6,False
momentum_top,PARADEEP,2025-08-04,2025-08-05,224.7429,2025-08-12,207.8182,MOMENTUM_FAIL,4,-67.6989,19.588,-87.2869,-0.096885,-0.081097,0.021053,6,False
momentum_top,ABDL,2025-08-04,2025-08-05,530.209,2025-08-06,493.0944,STOP,1,-37.1146,18.0932,-55.2078,-0.103898,-0.080778,0.0,2,False
momentum_top,JMFINANCIL,2025-08-04,2025-08-05,154.0953,2025-08-13,180.6198,TARGET,6,159.147,20.158,138.989,0.15,-0.038038,0.202532,7,False
momentum_top,PFOCUS,2025-08-04,2025-08-05,154.1,2025-08-28,143.313,STOP,6,-64.722,19.7023,-84.4243,-0.09111,-0.071512,0.10318,16,False
momentum_top,AIIL,2025-08-04,2025-08-05,558.0,2025-08-12,575.88,MOMENTUM_FAIL,1,17.88,18.3225,-0.4425,-0.000791,0.0,0.04086,6,False
momentum_top,DELHIVERY,2025-08-04,2025-08-05,460.45,2025-08-12,463.6,MOMENTUM_FAIL,2,6.3,19.8313,-13.5313,-0.014662,-0.016397,0.022478,6,False
momentum_top,LAURUSLABS,2025-08-04,2025-08-05,859.5842,2025-08-12,829.4391,MOMENTUM_FAIL,1,-30.1451,19.4982,-49.6433,-0.057627,-0.059339,0.0,6,False
momentum_top,STLTECH,2025-08-11,2025-08-12,127.59,2025-08-29,118.6587,STOP,7,-62.5191,19.5739,-82.093,-0.091716,-0.105651,0.1004,12,False
momentum_top,CUPID,2025-08-11,2025-08-12,33.218,2025-08-20,33.364,MOMENTUM_FAIL,30,4.38,20.1468,-15.7668,-0.015787,-0.016196,0.040099,6,False
momentum_top,GALLANTT,2025-08-11,2025-08-12,772.8403,2025-08-12,718.7415,STOP,1,-54.0988,19.0831,-73.1819,-0.094486,0.0,0.0,1,False
momentum_top,PFOCUS,2025-08-11,2025-08-12,150.91,2025-09-01,140.3463,STOP,6,-63.3822,19.6242,-83.0064,-0.091473,-0.078656,0.126499,13,False
momentum_top,PARADEEP,2025-08-11,2025-08-12,224.9006,2025-08-12,209.1576,STOP,4,-62.9722,19.6003,-82.5725,-0.091588,0.0,0.0,1,False
momentum_top,SYRMA,2025-08-11,2025-08-12,716.9382,2025-08-12,666.7525,STOP,1,-50.1857,18.855,-69.0407,-0.096089,0.0,0.0,1,False
momentum_top,NAVA,2025-08-11,2025-08-12,619.6841,2025-08-14,576.3062,STOP,1,-43.3779,18.4583,-61.8361,-0.099569,-0.09015,0.0,3,False
momentum_top,LAURUSLABS,2025-08-11,2025-08-12,832.4836,2025-09-04,872.5107,TIME,1,40.0271,19.5266,20.5005,0.024572,-0.001139,0.073201,16,False
momentum_top,FORTIS,2025-08-11,2025-08-12,920.973,2025-08-20,962.9285,MOMENTUM_FAIL,1,41.9555,19.9042,22.0513,0.023891,0.0,0.047779,6,False
momentum_top,ATHERENERG,2025-08-11,2025-08-12,420.05,2025-09-01,493.0826,TARGET,2,146.0652,19.7747,126.2905,0.15,-0.038091,0.220807,13,False
momentum_top,SCHNEIDER,2025-08-11,2025-08-12,855.0,2025-08-20,839.3,MOMENTUM_FAIL,1,-15.7,19.5082,-35.2082,-0.041089,-0.045614,0.045614,6,False
momentum_top,DELHIVERY,2025-08-11,2025-08-12,469.0,2025-08-20,471.1,MOMENTUM_FAIL,2,4.2,19.8992,-15.6992,-0.0167,-0.022281,0.018657,6,False
momentum_top,STLTECH,2025-08-18,2025-08-19,137.45,2025-08-20,127.8285,STOP,7,-67.3505,19.8555,-87.206,-0.090439,-0.072244,0.006475,2,False
momentum_top,CUPID,2025-08-18,2025-08-19,34.4,2025-08-26,33.992,MOMENTUM_FAIL,29,-11.832,20.1182,-31.9503,-0.031957,-0.034884,0.012326,6,False
momentum_top,JMFINANCIL,2025-08-18,2025-08-19,181.9105,2025-09-10,171.3189,TIME,5,-52.958,19.6627,-72.6207,-0.079668,-0.064283,0.071199,16,False
momentum_top,PFOCUS,2025-08-18,2025-08-19,157.45,2025-08-26,146.4285,STOP,6,-66.129,19.7843,-85.9133,-0.090744,-0.085424,0.079708,6,False
momentum_top,LAURUSLABS,2025-08-18,2025-08-19,868.3682,2025-08-26,867.0706,MOMENTUM_FAIL,1,-1.2976,19.594,-20.8916,-0.024006,-0.017932,0.028852,6,False
momentum_top,GALLANTT,2025-08-18,2025-08-19,638.323,2025-08-26,598.7386,MOMENTUM_FAIL,1,-39.5844,18.5447,-58.1291,-0.090867,-0.064818,0.002571,6,False
momentum_top,HBLENGINE,2025-08-18,2025-08-19,768.0434,2025-09-10,862.7059,TIME,1,94.6624,19.3658,75.2966,0.097823,-0.023705,0.139896,16,False
momentum_top,AIIL,2025-08-18,2025-08-19,593.98,2025-09-10,622.68,TIME,1,28.7,18.4965,10.2035,0.017141,-0.047443,0.094313,16,False
momentum_top,SYRMA,2025-08-18,2025-08-19,714.944,2025-09-04,841.6268,TARGET,1,126.6828,19.2068,107.476,0.15,-0.008229,0.178522,12,False
momentum_top,ETERNAL,2025-08-18,2025-08-19,316.5,2025-08-26,317.9,MOMENTUM_FAIL,3,4.2,19.9478,-15.7478,-0.016549,-0.004581,0.046919,6,False
momentum_top,DELHIVERY,2025-08-18,2025-08-19,465.2,2025-08-26,478.5,MOMENTUM_FAIL,2,26.6,19.9127,6.6872,0.007172,-0.010103,0.033319,6,False
momentum_top,STLTECH,2025-08-25,2025-08-26,129.42,2025-08-28,120.3606,STOP,7,-63.4158,19.6262,-83.042,-0.091464,-0.075104,0.0,2,False
momentum_top,CUPID,2025-08-25,2025-08-26,34.422,2025-09-10,40.3229,TARGET,28,165.2246,20.3361,144.8885,0.15,-0.045146,0.185288,11,False
momentum_top,JMFINANCIL,2025-08-25,2025-08-26,185.402,2025-08-29,172.4239,STOP,5,-64.8907,19.7121,-84.6028,-0.091065,-0.071278,0.0,3,False
momentum_top,BELRISE,2025-08-25,2025-08-26,142.0964,2025-09-03,140.3107,MOMENTUM_FAIL,7,-12.4998,20.1045,-32.6043,-0.032707,-0.051109,0.002527,6,False
momentum_top,LAURUSLABS,2025-08-25,2025-08-26,866.0225,2025-09-03,873.1096,MOMENTUM_FAIL,1,7.0871,19.6012,-12.5141,-0.014419,-0.019825,0.017347,6,False
momentum_top,SYRMA,2025-08-25,2025-08-26,742.8636,2025-09-17,796.1604,TIME,1,53.2968,19.1752,34.1215,0.045832,-0.033557,0.174497,16,False
momentum_top,NAVA,2025-08-25,2025-08-26,661.1146,2025-09-17,695.1064,TIME,1,33.9918,18.7907,15.201,0.022943,-0.034277,0.09538,16,False
momentum_top,PFOCUS,2025-08-25,2025-08-26,151.0,2025-09-01,140.43,STOP,6,-63.42,19.6264,-83.0464,-0.091463,-0.079205,0.0,4,False
momentum_top,SARDAEN,2025-08-25,2025-08-26,591.6302,2025-09-03,584.2584,MOMENTUM_FAIL,1,-7.3718,18.4131,-25.7849,-0.043488,-0.041084,0.029803,6,False
momentum_top,ETERNAL,2025-08-25,2025-08-26,317.3,2025-09-03,326.1,MOMENTUM_FAIL,3,26.4001,20.0031,6.3969,0.006706,-0.030098,0.036086,6,False
momentum_top,ATHERENERG,2025-08-25,2025-08-26,417.95,2025-09-01,490.6574,TARGET,2,145.4148,19.7556,125.6591,0.15,0.0,0.226941,4,False
momentum_top,DELHIVERY,2025-08-25,2025-08-26,475.0,2025-09-03,478.0,MOMENTUM_FAIL,2,6.0,19.9535,-13.9535,-0.014656,-0.033579,0.022526,6,False
momentum_top,GALLANTT,2025-08-25,2025-08-26,616.4422,2025-08-28,573.2912,STOP,1,-43.151,18.445,-61.596,-0.099704,-0.070345,0.0,2,False
momentum_top,ATHERENERG,2025-09-01,2025-09-02,491.9,2025-09-09,576.0597,TARGET,2,168.3194,20.4268,147.8926,0.15,-0.014027,0.225859,6,False
momentum_top,CUPID,2025-09-01,2025-09-02,34.594,2025-09-10,40.5215,TARGET,28,165.9704,20.358,145.6125,0.15,-0.049893,0.179395,7,False
momentum_top,STLTECH,2025-09-01,2025-09-02,108.0,2025-09-22,126.4991,TARGET,9,166.492,20.3732,146.1188,0.15,-0.018333,0.174074,15,False
momentum_top,BELRISE,2025-09-01,2025-09-02,138.4153,2025-09-09,141.3183,MOMENTUM_FAIL,7,20.3209,20.0625,0.2584,0.000266,-0.025874,0.045694,6,False
momentum_top,SYRMA,2025-09-01,2025-09-02,766.7948,2025-09-23,817.0643,TIME,1,50.2695,19.2701,30.9993,0.040339,-0.01827,0.137841,16,False
momentum_top,HBLENGINE,2025-09-01,2025-09-02,835.6949,2025-09-09,844.3504,MOMENTUM_FAIL,1,8.6555,19.4763,-10.8208,-0.01292,-0.01119,0.039286,6,False
momentum_top,SARDAEN,2025-09-01,2025-09-02,599.1513,2025-09-04,557.2107,STOP,1,-41.9406,18.3745,-60.3151,-0.100448,-0.074487,0.0,3,False
momentum_top,NAVA,2025-09-01,2025-09-02,702.4958,2025-09-09,690.7219,MOMENTUM_FAIL,1,-11.7739,18.8723,-30.6462,-0.04353,-0.052174,0.01122,6,False
momentum_top,LAURUSLABS,2025-09-01,2025-09-02,858.9853,2025-09-23,908.3953,TIME,1,49.41,19.6576,29.7524,0.034561,-0.00244,0.096973,16,False
momentum_top,GALLANTT,2025-09-01,2025-09-02,591.6772,2025-09-08,699.2702,TARGET,1,107.593,18.6474,88.9456,0.15,0.0,0.245587,5,False
momentum_top,JMFINANCIL,2025-09-01,2025-09-02,181.4033,2025-09-19,168.7051,STOP,5,-63.4912,19.6306,-83.1217,-0.091443,-0.080645,0.051613,14,False
momentum_top,AIIL,2025-09-01,2025-09-02,642.82,2025-09-09,622.26,MOMENTUM_FAIL,1,-20.56,18.6024,-39.1624,-0.06079,-0.066613,0.009614,6,False
momentum_top,CUPID,2025-09-08,2025-09-09,37.6,2025-09-23,44.0369,TARGET,26,167.3592,20.3987,146.9606,0.15,0.0,0.175532,11,False
momentum_top,ATHERENERG,2025-09-08,2025-09-09,525.4,2025-09-30,565.5,TIME,1,40.1,18.2301,21.8698,0.041534,-0.006376,0.169395,16,False
momentum_top,SYRMA,2025-09-08,2025-09-09,857.833,2025-09-15,797.7847,STOP,1,-60.0483,19.4299,-79.4782,-0.092448,-0.070092,0.015169,5,False
momentum_top,GALLANTT,2025-09-08,2025-09-09,700.1364,2025-09-22,651.1268,STOP,1,-49.0095,18.7865,-67.796,-0.096621,-0.076649,0.07117,10,False
momentum_top,STLTECH,2025-09-08,2025-09-09,123.0,2025-09-10,114.39,STOP,8,-68.88,19.9446,-88.8246,-0.090072,-0.072927,0.0,2,False
momentum_top,BELRISE,2025-09-08,2025-09-09,142.5553,2025-09-30,157.0901,TIME,6,87.2092,19.7192,67.49,0.078733,-0.023793,0.151155,16,False
momentum_top,HBLENGINE,2025-09-08,2025-09-09,834.7001,2025-09-30,810.3799,TIME,1,-24.3202,19.405,-43.7251,-0.05227,-0.038802,0.091088,16,False
momentum_top,LAURUSLABS,2025-09-08,2025-09-09,897.3654,2025-09-16,893.223,MOMENTUM_FAIL,1,-4.1424,19.7106,-23.8531,-0.026523,-0.012903,0.013849,6,False
momentum_top,JMFINANCIL,2025-09-08,2025-09-09,188.1816,2025-09-10,175.0089,STOP,5,-65.8635,19.7688,-85.6324,-0.090812,-0.095465,0.0,2,False
momentum_top,GMDCLTD,2025-09-08,2025-09-09,518.2134,2025-09-11,481.9385,STOP,1,-36.2749,18.0443,-54.3192,-0.104591,-0.088641,0.058566,3,False
momentum_top,DELHIVERY,2025-09-08,2025-09-09,473.95,2025-09-16,475.6,MOMENTUM_FAIL,2,3.3,19.9392,-16.6392,-0.017515,-0.027535,0.016879,6,False
momentum_top,CUPID,2025-09-15,2025-09-16,41.778,2025-10-08,42.964,TIME,23,27.278,20.0429,7.2351,0.007513,-0.03059,0.067547,16,False
momentum_top,ATHERENERG,2025-09-15,2025-09-16,550.0,2025-10-08,651.1387,TARGET,1,101.1387,18.4583,82.6804,0.15,-0.028182,0.234545,16,False
momentum_top,HBLENGINE,2025-09-15,2025-09-16,904.9542,2025-09-19,841.6074,STOP,1,-63.3468,19.6221,-82.9689,-0.091483,-0.086456,0.0,4,False
momentum_top,PFOCUS,2025-09-15,2025-09-16,190.0,2025-09-23,195.6,MOMENTUM_FAIL,5,28.0,19.9983,8.0017,0.008404,-0.038947,0.037579,6,False
momentum_top,SYRMA,2025-09-15,2025-09-16,804.0876,2025-09-23,817.0643,MOMENTUM_FAIL,1,12.9767,19.3516,-6.375,-0.007911,-0.019221,0.043595,6,False
momentum_top,GPIL,2025-09-15,2025-09-16,270.8721,2025-09-23,267.2371,MOMENTUM_FAIL,3,-10.905,19.339,-30.244,-0.037137,-0.058789,0.009596,6,False
momentum_top,BELRISE,2025-09-15,2025-09-16,148.481,2025-10-08,159.4045,TIME,6,65.5415,19.8252,45.7163,0.051204,-0.019753,0.105214,16,False
momentum_top,GMDCLTD,2025-09-15,2025-09-16,540.7465,2025-10-08,577.4014,TIME,1,36.6549,18.2879,18.367,0.033892,-0.028732,0.167237,16,False
momentum_top,GALLANTT,2025-09-15,2025-09-16,678.4045,2025-09-23,661.8653,MOMENTUM_FAIL,1,-16.5392,18.7609,-35.3001,-0.05192,-0.04707,0.026582,6,False
momentum_top,SARDAEN,2025-09-15,2025-09-16,637.3049,2025-09-18,592.6936,STOP,1,-44.6113,18.5302,-63.1415,-0.09886,-0.115279,0.0,3,False
momentum_top,LAURUSLABS,2025-09-15,2025-09-16,893.3727,2025-09-26,830.8366,STOP,1,-62.5361,19.5749,-82.111,-0.091711,-0.080335,0.054749,9,False
momentum_top,ABDL,2025-09-15,2025-09-16,559.5054,2025-09-23,527.1357,MOMENTUM_FAIL,1,-32.3697,18.2266,-50.5963,-0.090233,-0.05998,0.0,6,False
momentum_top,CUPID,2025-09-22,2025-09-23,43.658,2025-09-30,42.992,MOMENTUM_FAIL,22,-14.652,19.9557,-34.6077,-0.035953,-0.023547,0.021577,6,False
momentum_top,ATHERENERG,2025-09-22,2025-09-23,593.9,2025-09-25,552.327,STOP,1,-41.573,18.3531,-59.9261,-0.100682,-0.100017,0.0,3,False
momentum_top,PFOCUS,2025-09-22,2025-09-23,186.0,2025-10-01,169.5,GAP_STOP,5,-82.5,19.6889,-102.1889,-0.109641,-0.095269,0.095161,7,False
momentum_top,SYRMA,2025-09-22,2025-09-23,817.1641,2025-10-15,795.2365,TIME,1,-21.9276,19.3358,-41.2634,-0.050386,-0.064181,0.06467,16,False
momentum_top,BELRISE,2025-09-22,2025-09-23,153.7283,2025-10-15,150.4861,TIME,6,-19.453,19.7851,-39.238,-0.042448,-0.04257,0.067164,16,False
momentum_top,GMDCLTD,2025-09-22,2025-09-23,559.9014,2025-10-15,591.8045,TIME,1,31.9031,18.3591,13.544,0.024137,0.0,0.143108,16,False
momentum_top,GPIL,2025-09-22,2025-09-23,263.6121,2025-09-30,245.1593,STOP,3,-55.3585,19.1565,-74.5151,-0.094018,-0.081942,0.050246,6,False
momentum_top,HBLENGINE,2025-09-22,2025-09-23,815.7586,2025-09-30,810.3799,MOMENTUM_FAIL,1,-5.3786,19.3635,-24.7422,-0.030264,-0.01514,0.047375,6,False
momentum_top,OLAELEC,2025-09-22,2025-09-23,58.1,2025-09-26,54.033,STOP,17,-69.139,19.9597,-89.0987,-0.090012,-0.078141,0.008606,4,False
momentum_top,LAURUSLABS,2025-09-22,2025-09-23,903.4543,2025-09-26,840.2125,STOP,1,-63.2418,19.616,-82.8578,-0.091512,-0.090598,0.021987,4,False
momentum_top,SARDAEN,2025-09-22,2025-09-23,582.7642,2025-09-30,537.3385,MOMENTUM_FAIL,1,-45.4257,18.2982,-63.7239,-0.109109,-0.083077,0.016496,6,False
momentum_top,CUPID,2025-09-29,2025-09-30,44.2,2025-10-08,42.964,MOMENTUM_FAIL,22,-27.192,19.9805,-47.1725,-0.048406,-0.053937,0.006335,6,False
momentum_top,ATHERENERG,2025-09-29,2025-09-30,579.75,2025-10-16,685.4959,TARGET,1,105.7459,18.5933,87.1526,0.15,-0.024666,0.19862,12,False
momentum_top,BELRISE,2025-09-29,2025-09-30,158.816,2025-10-08,159.4045,MOMENTUM_FAIL,6,3.5314,19.9607,-16.4293,-0.017204,-0.015075,0.032977,6,False
momentum_top,GMDCLTD,2025-09-29,2025-09-30,596.4253,2025-10-17,554.6755,STOP,1,-41.7498,18.3634,-60.1131,-0.100569,-0.070799,0.073106,13,False
momentum_top,GPIL,2025-09-29,2025-09-30,248.1758,2025-10-08,240.3481,MOMENTUM_FAIL,4,-31.3108,20.0579,-51.3687,-0.051633,-0.034992,0.010032,6,False
momentum_top,OLAELEC,2025-09-29,2025-09-30,54.14,2025-10-09,50.3502,STOP,18,-68.2164,19.906,-88.1224,-0.090229,-0.087366,0.083303,7,False
momentum_top,SYRMA,2025-09-29,2025-09-30,793.1886,2025-10-23,768.0643,TIME,1,-25.1243,19.228,-44.3523,-0.055795,-0.036524,0.094395,16,False
momentum_top,TATAINVEST,2025-09-29,2025-09-30,885.7817,2025-09-30,1038.9215,TARGET,1,153.1397,19.982,133.1577,0.15,0.0,0.0,1,False
momentum_top,USHAMART,2025-09-29,2025-09-30,470.4655,2025-10-08,442.7735,MOMENTUM_FAIL,2,-55.3839,19.7903,-75.1742,-0.079719,-0.063608,0.0,6,False
momentum_top,ANANTRAJ,2025-09-29,2025-09-30,704.8419,2025-10-14,655.5029,STOP,1,-49.3389,18.8057,-68.1446,-0.09647,-0.073654,0.053329,10,False
momentum_top,SARDAEN,2025-09-29,2025-09-30,555.8674,2025-10-20,516.9567,STOP,1,-38.9107,18.1979,-57.1086,-0.102514,-0.08172,0.053584,14,False
momentum_top,HBLENGINE,2025-09-29,2025-09-30,811.7744,2025-10-17,953.453,TARGET,1,141.6785,19.6462,122.0324,0.15,-0.011043,0.182699,13,False
momentum_top,CUPID,2025-10-06,2025-10-07,43.78,2025-10-29,47.994,TIME,22,92.708,20.1857,72.5223,0.075132,-0.044861,0.165098,16,False
momentum_top,ATHERENERG,2025-10-06,2025-10-07,621.0,2025-10-21,735.0,TARGET,1,114.0,18.7843,95.2157,0.152992,-0.046699,0.272142,11,False
momentum_top,GMDCLTD,2025-10-06,2025-10-07,603.6514,2025-10-17,561.3958,STOP,1,-42.2556,18.3928,-60.6484,-0.10025,-0.081922,0.060261,9,False
momentum_top,BELRISE,2025-10-06,2025-10-07,161.5094,2025-10-13,150.2038,STOP,6,-67.834,19.8837,-87.7176,-0.090321,-0.071649,0.0,5,False
momentum_top,HBLENGINE,2025-10-06,2025-10-07,857.9908,2025-10-29,1006.8267,TARGET,1,148.8359,19.8559,128.98,0.15,-0.00743,0.182726,16,False
momentum_top,GPIL,2025-10-06,2025-10-07,245.4769,2025-10-14,243.3059,MOMENTUM_FAIL,4,-8.6842,20.0584,-28.7425,-0.029208,-0.042476,0.0,6,False
momentum_top,SARDAEN,2025-10-06,2025-10-07,577.7833,2025-10-14,539.53,MOMENTUM_FAIL,1,-38.2533,18.2918,-56.5451,-0.097652,-0.069741,0.0,6,False
momentum_top,OLAELEC,2025-10-06,2025-10-07,52.89,2025-10-10,49.1877,STOP,18,-66.6414,19.8142,-86.4556,-0.090615,-0.073171,0.001134,4,False
momentum_top,ANANTRAJ,2025-10-06,2025-10-07,698.8517,2025-10-14,656.3216,MOMENTUM_FAIL,1,-42.5301,18.7943,-61.3243,-0.087559,-0.065714,0.028571,6,False
momentum_top,TDPOWERSYS,2025-10-06,2025-10-07,319.2979,2025-10-13,296.9471,STOP,3,-67.0526,19.8381,-86.8907,-0.090512,-0.076719,0.0,5,False
momentum_top,CUPID,2025-10-13,2025-10-14,49.88,2025-10-21,50.138,MOMENTUM_FAIL,20,5.16,20.1528,-14.9928,-0.014996,-0.018524,0.022614,6,False
momentum_top,ATHERENERG,2025-10-13,2025-10-14,614.0,2025-10-20,725.0501,TARGET,1,111.0501,18.7487,92.3014,0.15,-0.002524,0.189658,5,False
momentum_top,GMDCLTD,2025-10-13,2025-10-14,587.1345,2025-10-21,574.7961,MOMENTUM_FAIL,1,-12.3385,18.384,-30.7225,-0.052212,-0.064635,0.020094,6,False
momentum_top,HBLENGINE,2025-10-13,2025-10-14,915.6616,2025-10-21,950.3738,MOMENTUM_FAIL,1,34.7121,19.867,14.8451,0.016177,-0.041662,0.048515,6,False
momentum_top,ETERNAL,2025-10-13,2025-10-14,352.0,2025-10-21,338.1,MOMENTUM_FAIL,2,-27.8,18.846,-46.646,-0.066114,-0.051847,0.046733,6,False
momentum_top,LTF,2025-10-13,2025-10-14,265.2689,2025-10-21,265.1204,MOMENTUM_FAIL,3,-0.4454,19.2893,-19.7347,-0.024744,-0.019142,0.020784,6,False
momentum_top,GPIL,2025-10-13,2025-10-14,239.0136,2025-10-29,280.0193,TARGET,4,164.0226,20.3009,143.7217,0.15,0.0,0.208333,11,False
momentum_top,HINDCOPPER,2025-10-13,2025-10-14,344.6378,2025-10-21,344.4388,MOMENTUM_FAIL,2,-0.3979,18.8396,-19.2375,-0.027849,-0.04632,0.011255,6,False
momentum_top,ADANIPOWER,2025-10-13,2025-10-14,155.01,2025-11-06,153.17,TIME,6,-11.04,19.8347,-30.8746,-0.033124,-0.029546,0.125024,16,False
momentum_top,SARDAEN,2025-10-13,2025-10-14,557.8597,2025-10-20,518.8095,STOP,1,-39.0502,18.206,-57.2562,-0.102412,-0.085,0.0,5,False
momentum_top,SAMMAANCAP,2025-10-13,2025-10-14,163.09,2025-10-27,191.0075,TARGET,6,167.5048,20.4029,147.1019,0.15,0.0,0.172359,9,False
momentum_top,ATHERENERG,2025-10-20,2025-10-21,735.0,2025-10-30,683.55,STOP,1,-51.45,18.9287,-70.3787,-0.095545,-0.078299,0.052381,7,False
momentum_top,CUPID,2025-10-20,2025-10-21,50.8,2025-10-24,47.244,STOP,19,-67.564,19.8679,-87.4319,-0.090387,-0.106299,0.0,3,False
momentum_top,HBLENGINE,2025-10-20,2025-10-21,946.2402,2025-11-10,1108.7429,TARGET,1,162.5027,20.2563,142.2463,0.15,-0.030211,0.181052,13,False
momentum_top,ADANIPOWER,2025-10-20,2025-10-21,171.5,2025-10-29,162.1,MOMENTUM_FAIL,5,-47.0,19.4551,-66.455,-0.07733,-0.060641,0.005015,6,False
momentum_top,TDPOWERSYS,2025-10-20,2025-10-21,323.6384,2025-10-29,333.841,MOMENTUM_FAIL,3,30.6078,20.092,10.5158,0.010807,-0.020657,0.046709,6,False
momentum_top,GPIL,2025-10-20,2025-10-21,255.4458,2025-11-13,262.1681,TIME,3,20.1668,19.2069,0.9599,0.00125,-0.00347,0.130604,16,False
momentum_top,INDIANB,2025-10-20,2025-10-21,805.6377,2025-10-29,836.6276,MOMENTUM_FAIL,1,30.9899,19.3949,11.595,0.014361,-0.013551,0.041444,6,False
momentum_top,GMDCLTD,2025-10-20,2025-10-21,573.8621,2025-10-29,581.2357,MOMENTUM_FAIL,1,7.3736,18.3681,-10.9945,-0.019117,-0.018331,0.038205,6,False
momentum_top,SAMMAANCAP,2025-10-20,2025-10-21,173.5,2025-11-13,178.33,TIME,5,24.15,19.6422,4.5079,0.005185,-0.000865,0.112104,16,False
momentum_top,OLAELEC,2025-10-20,2025-10-21,53.53,2025-10-29,51.62,MOMENTUM_FAIL,18,-34.38,19.9285,-54.3085,-0.056241,-0.05567,0.015692,6,False
momentum_top,RBLBANK,2025-10-20,2025-10-21,325.3577,2025-10-29,322.7644,MOMENTUM_FAIL,3,-7.7799,20.0356,-27.8154,-0.028435,-0.037707,0.002452,6,False
momentum_top,ATHERENERG,2025-10-27,2025-10-28,748.9,2025-10-30,696.477,STOP,1,-52.423,18.9854,-71.4085,-0.095143,-0.095407,0.0,3,False
momentum_top,HBLENGINE,2025-10-27,2025-10-28,986.3806,2025-11-04,990.9624,MOMENTUM_FAIL,1,4.5818,20.1043,-15.5225,-0.015702,-0.0103,0.043775,6,False
momentum_top,CUPID,2025-10-27,2025-10-28,47.7,2025-11-12,55.8852,TARGET,20,163.7044,20.2916,143.4129,0.15,-0.035639,0.194969,11,False
momentum_top,SAMMAANCAP,2025-10-27,2025-10-28,188.0,2025-11-04,186.22,MOMENTUM_FAIL,5,-8.9,19.881,-28.781,-0.030551,-0.036702,0.02633,6,False
momentum_top,GMDCLTD,2025-10-27,2025-10-28,568.3564,2025-11-19,528.5715,STOP,1,-39.7849,18.2488,-58.0338,-0.101885,-0.11434,0.069019,16,False
momentum_top,GPIL,2025-10-27,2025-10-28,268.8803,2025-11-19,254.6491,TIME,3,-42.6938,19.2491,-61.9428,-0.076624,-0.06478,0.074114,16,False
momentum_top,IDEA,2025-10-27,2025-10-28,10.1,2025-10-28,9.393,STOP,98,-69.286,19.9683,-89.2543,-0.089977,0.0,0.0,1,False
momentum_top,ADANIPOWER,2025-10-27,2025-10-28,163.7,2025-11-04,158.39,MOMENTUM_FAIL,6,-31.86,20.0124,-51.8724,-0.052697,-0.064081,0.028711,6,False
momentum_top,HINDCOPPER,2025-10-27,2025-10-28,346.5773,2025-11-04,330.6136,MOMENTUM_FAIL,2,-31.9275,18.7918,-50.7193,-0.073012,-0.050366,0.019515,6,False
momentum_top,TDPOWERSYS,2025-10-27,2025-10-28,322.1916,2025-10-31,377.4089,TARGET,3,165.6518,20.3486,145.3032,0.15,-0.001084,0.218644,4,False
momentum_top,INDIANB,2025-10-27,2025-10-28,812.6876,2025-11-19,867.0789,TIME,1,54.3913,19.4723,34.919,0.042874,0.0,0.078133,16,False
momentum_top,SCI,2025-10-27,2025-10-28,260.6242,2025-11-04,243.2233,MOMENTUM_FAIL,3,-52.2027,19.1251,-71.3278,-0.091028,-0.070683,0.034688,6,False
momentum_top,LTF,2025-10-27,2025-10-28,265.7638,2025-11-19,294.6167,TIME,3,86.5588,19.4728,67.086,0.083959,-0.009162,0.148045,16,False
momentum_top,ATHERENERG,2025-11-03,2025-11-04,691.0,2025-11-06,642.63,STOP,1,-48.37,18.7492,-67.1192,-0.096922,-0.15767,0.0,2,False
momentum_top,HBLENGINE,2025-11-03,2025-11-04,986.0818,2025-11-21,917.056,STOP,1,-69.0257,19.9531,-88.9789,-0.090038,-0.100909,0.133333,13,False
momentum_top,TDPOWERSYS,2025-11-03,2025-11-04,402.1408,2025-11-12,409.7748,MOMENTUM_FAIL,2,15.268,19.3571,-4.0891,-0.005073,-0.065171,0.031964,6,False
momentum_top,SAMMAANCAP,2025-11-03,2025-11-04,189.0,2025-11-11,175.77,STOP,5,-66.15,19.7855,-85.9355,-0.090739,-0.071429,0.0,5,False
momentum_top,CUPID,2025-11-03,2025-11-04,49.22,2025-11-13,57.6406,TARGET,20,168.4123,20.4295,147.9828,0.15,-0.015807,0.174319,7,False
momentum_top,CHENNPETRO,2025-11-03,2025-11-04,903.1486,2025-11-26,852.3821,TIME,1,-50.7665,19.6401,-70.4066,-0.077787,-0.063158,0.161053,16,False
momentum_top,GMDCLTD,2025-11-03,2025-11-04,592.7385,2025-11-12,584.136,MOMENTUM_FAIL,1,-8.6025,18.4153,-27.0178,-0.045482,-0.068668,0.025046,6,False
momentum_top,GPIL,2025-11-03,2025-11-04,279.6957,2025-11-12,267.2969,MOMENTUM_FAIL,3,-37.1966,19.3973,-56.5938,-0.0673,-0.052519,0.000534,6,False
momentum_top,HINDCOPPER,2025-11-03,2025-11-04,339.1673,2025-11-21,315.4256,STOP,2,-47.4834,18.6975,-66.181,-0.097351,-0.084604,0.071408,13,False
momentum_top,INDIANB,2025-11-03,2025-11-04,862.5748,2025-11-12,849.4054,MOMENTUM_FAIL,1,-13.1694,19.5454,-32.7148,-0.037844,-0.035132,0.002327,6,False
momentum_top,IDEA,2025-11-03,2025-11-04,9.73,2025-11-26,10.08,TIME,102,35.7,20.1933,15.5067,0.01559,-0.054471,0.138746,16,False
momentum_top,LTF,2025-11-03,2025-11-04,277.1961,2025-11-26,304.4653,TIME,3,81.8077,19.6079,62.1998,0.074633,-0.028745,0.10266,16,False
momentum_top,JKTYRE,2025-11-03,2025-11-04,437.7456,2025-11-26,451.4576,TIME,2,27.424,19.6826,7.7415,0.008823,-0.004863,0.076558,16,False
momentum_top,ADANIPOWER,2025-11-03,2025-11-04,156.0,2025-11-12,151.98,MOMENTUM_FAIL,6,-24.12,19.8331,-43.9531,-0.046856,-0.059551,0.015256,6,False
momentum_top,ABDL,2025-11-03,2025-11-04,681.5983,2025-11-06,633.8864,STOP,1,-47.7119,18.7109,-66.4227,-0.097239,-0.070473,0.0,2,False
momentum_top,CUPID,2025-11-10,2025-11-11,52.55,2025-11-14,61.575,TARGET,18,162.45,20.2548,142.1952,0.15,-0.036232,0.195014,4,False
momentum_top,TDPOWERSYS,2025-11-10,2025-11-11,391.7924,2025-11-21,364.3669,STOP,2,-54.8509,19.127,-73.9779,-0.094204,-0.082297,0.059221,9,False
momentum_top,SAMMAANCAP,2025-11-10,2025-11-11,180.0,2025-11-18,182.76,MOMENTUM_FAIL,5,13.8,19.7583,-5.9583,-0.006606,-0.029111,0.027778,6,False
momentum_top,LTF,2025-11-10,2025-11-11,297.4377,2025-11-18,293.4784,MOMENTUM_FAIL,3,-11.8777,19.6736,-31.5513,-0.035282,-0.034443,0.003328,6,False
momentum_top,CHENNPETRO,2025-11-10,2025-11-11,959.2389,2025-11-26,892.0922,STOP,1,-67.1467,19.8436,-86.9903,-0.090489,-0.117939,0.093162,12,False
momentum_top,ATHERENERG,2025-11-10,2025-11-11,640.0,2025-12-02,685.25,TIME,1,45.25,18.7245,26.5255,0.041356,-0.032734,0.132344,16,False
momentum_top,GMDCLTD,2025-11-10,2025-11-11,589.4449,2025-11-14,548.1838,STOP,1,-41.2611,18.3349,-59.596,-0.100885,-0.071637,0.012092,4,False
momentum_top,IDEA,2025-11-10,2025-11-11,9.76,2025-12-02,10.13,TIME,102,37.74,20.2104,17.5296,0.01757,-0.001025,0.135246,16,False
momentum_top,HINDCOPPER,2025-11-10,2025-11-11,338.1727,2025-11-21,314.5006,STOP,2,-47.3442,18.6894,-66.0336,-0.09742,-0.081912,0.058529,9,False
momentum_top,JKTYRE,2025-11-10,2025-11-11,451.3091,2025-11-18,451.2596,MOMENTUM_FAIL,2,-0.099,19.7411,-19.8401,-0.021933,-0.005923,0.044203,6,False
momentum_top,USHAMART,2025-11-10,2025-11-11,477.1652,2025-11-13,443.7636,STOP,2,-66.8031,19.8236,-86.6267,-0.090574,-0.076859,0.0,3,False
momentum_top,GPIL,2025-11-10,2025-11-11,271.1808,2025-11-18,263.9109,MOMENTUM_FAIL,3,-21.8099,19.3207,-41.1307,-0.050447,-0.037826,0.03856,6,False
momentum_top,NATIONALUM,2025-11-10,2025-11-11,249.1381,2025-12-02,259.9121,TIME,4,43.0961,20.2256,22.8705,0.0229,-0.018724,0.055442,16,False
momentum_top,CUPID,2025-11-17,2025-11-18,62.1,2025-12-03,72.7148,TARGET,16,169.8371,20.4713,149.3658,0.15,-0.020934,0.191626,12,False
momentum_top,IDEA,2025-11-17,2025-11-18,10.95,2025-11-20,10.1835,STOP,91,-69.7515,19.9954,-89.7469,-0.08987,-0.073973,0.0,3,False
momentum_top,TDPOWERSYS,2025-11-17,2025-11-18,390.6185,2025-11-21,363.2752,STOP,2,-54.6866,19.1174,-73.804,-0.094265,-0.07954,0.0,4,False
momentum_top,ATHERENERG,2025-11-17,2025-11-18,646.55,2025-12-09,648.65,TIME,1,2.1,18.6643,-16.5643,-0.025564,-0.01276,0.120872,16,False
momentum_top,SAMMAANCAP,2025-11-17,2025-11-18,183.68,2025-11-19,170.8224,STOP,5,-64.288,19.677,-83.965,-0.091226,-0.143892,0.0,2,False
momentum_top,MRPL,2025-11-17,2025-11-18,179.8066,2025-11-21,167.2202,STOP,5,-62.9323,19.598,-82.5303,-0.091599,-0.076906,0.0,4,False
momentum_top,HINDCOPPER,2025-11-17,2025-11-18,333.2991,2025-11-24,309.9681,STOP,2,-46.6619,18.6497,-65.3115,-0.097764,-0.079379,0.0,5,False
momentum_top,JKTYRE,2025-11-17,2025-11-18,459.8234,2025-11-25,437.3,MOMENTUM_FAIL,2,-45.0468,19.7214,-64.7682,-0.070274,-0.052643,0.0,6,False
momentum_top,NATIONALUM,2025-11-17,2025-11-18,253.8836,2025-11-25,248.953,MOMENTUM_FAIL,3,-14.792,19.1159,-33.9079,-0.044422,-0.037066,0.012162,6,False
momentum_top,LTF,2025-11-17,2025-11-18,296.8438,2025-11-25,293.8743,MOMENTUM_FAIL,3,-8.9083,19.6721,-28.5804,-0.032024,-0.041847,0.005669,6,False
momentum_top,GMDCLTD,2025-11-17,2025-11-18,556.3621,2025-11-19,517.4168,STOP,1,-38.9454,18.1999,-57.1453,-0.102488,-0.095247,0.0,2,False
momentum_top,CANBK,2025-11-17,2025-11-18,144.7065,2025-11-25,143.9417,MOMENTUM_FAIL,6,-4.5887,19.5868,-24.1754,-0.027783,-0.030238,0.01552,6,False
momentum_top,CUPID,2025-11-24,2025-11-25,67.966,2025-11-26,63.2084,STOP,14,-66.6067,19.8121,-86.4188,-0.090623,-0.105435,0.0,2,False
momentum_top,ATHERENERG,2025-11-24,2025-11-25,672.8,2025-12-16,676.05,TIME,1,3.25,18.7775,-15.5275,-0.023029,-0.054548,0.07714,16,False
momentum_top,TDPOWERSYS,2025-11-24,2025-11-25,384.1998,2025-12-05,357.3058,STOP,2,-53.788,19.065,-72.853,-0.094604,-0.103166,0.055321,9,False
momentum_top,CHENNPETRO,2025-11-24,2025-11-25,947.0702,2025-11-26,880.7753,STOP,1,-66.2949,19.794,-86.0889,-0.090702,-0.106605,0.022335,2,False
momentum_top,IDEA,2025-11-24,2025-11-25,10.02,2025-12-02,10.13,MOMENTUM_FAIL,99,10.89,20.1408,-9.2508,-0.009305,-0.026946,0.02994,6,False
momentum_top,SHRIRAMFIN,2025-11-24,2025-11-25,823.5415,2025-12-16,843.6279,TIME,1,20.0864,19.4483,0.6381,0.000773,-0.012557,0.052886,16,False
momentum_top,JKTYRE,2025-11-24,2025-11-25,440.8642,2025-12-02,449.8735,MOMENTUM_FAIL,2,18.0187,19.6897,-1.671,-0.001891,-0.006849,0.043005,6,False
momentum_top,NATIONALUM,2025-11-24,2025-11-25,247.0219,2025-12-16,271.381,TIME,4,97.4364,20.3006,77.1358,0.077895,0.0,0.111111,16,False
momentum_top,CANBK,2025-11-24,2025-11-25,141.9765,2025-12-16,142.4702,TIME,7,3.456,20.1335,-16.6774,-0.016744,-0.037843,0.05148,16,False
momentum_top,M&MFIN,2025-11-24,2025-11-25,347.7265,2025-12-16,334.0835,TIME,2,-27.2861,18.811,-46.097,-0.066139,-0.046969,0.088455,16,False
momentum_top,HINDCOPPER,2025-11-24,2025-11-25,313.8044,2025-12-05,367.7228,TARGET,3,161.7551,20.2344,141.5207,0.15,0.0,0.18542,9,False
momentum_top,MRPL,2025-11-24,2025-11-25,163.5496,2025-12-02,155.6953,MOMENTUM_FAIL,6,-47.1258,19.9775,-67.1033,-0.068233,-0.056407,0.002395,6,False
momentum_top,CUB,2025-11-24,2025-11-25,202.9833,2025-12-02,202.8496,MOMENTUM_FAIL,4,-0.535,19.3573,-19.8922,-0.024446,-0.012958,0.039608,6,False
momentum_top,LTF,2025-11-24,2025-11-25,289.9646,2025-12-16,297.7346,TIME,3,23.31,19.6505,3.6594,0.004198,0.0,0.076464,16,False
momentum_top,AVANTIFEED,2025-11-24,2025-11-25,833.3011,2025-12-02,797.2598,MOMENTUM_FAIL,1,-36.0413,19.3752,-55.4165,-0.066357,-0.064966,0.003856,6,False
momentum_top,CUPID,2025-12-01,2025-12-02,69.9,2025-12-15,81.8653,TARGET,14,167.5141,20.4032,147.1109,0.15,0.0,0.198856,10,False
momentum_top,IDEA,2025-12-01,2025-12-02,10.2,2025-12-15,11.9442,TARGET,97,169.1867,20.4522,148.7345,0.15,-0.009804,0.179412,10,False
momentum_top,SHRIRAMFIN,2025-12-01,2025-12-02,850.9366,2025-12-09,841.9374,MOMENTUM_FAIL,1,-8.9991,19.5047,-28.5039,-0.033424,-0.044347,0.003623,6,False
momentum_top,TDPOWERSYS,2025-12-01,2025-12-02,394.9143,2025-12-04,367.2703,STOP,2,-55.288,19.1524,-74.4404,-0.094043,-0.087655,0.00936,3,False
momentum_top,CUB,2025-12-01,2025-12-02,208.7939,2025-12-08,194.1783,STOP,4,-58.4623,19.3374,-77.7997,-0.092951,-0.074021,0.0,5,False
momentum_top,M&MFIN,2025-12-01,2025-12-02,359.4625,2025-12-09,345.6238,MOMENTUM_FAIL,2,-27.6773,18.9093,-46.5865,-0.064659,-0.064889,0.008026,6,False
momentum_top,ATHERENERG,2025-12-01,2025-12-02,708.85,2025-12-04,659.2305,STOP,1,-49.6195,18.822,-68.4415,-0.096342,-0.07625,0.0,3,False
momentum_top,CANBK,2025-12-01,2025-12-02,146.0617,2025-12-09,141.5215,MOMENTUM_FAIL,6,-27.2413,19.575,-46.8163,-0.053304,-0.064753,0.01372,6,False
momentum_top,HINDCOPPER,2025-12-01,2025-12-02,337.4267,2025-12-22,397.6638,TARGET,2,120.4742,19.0248,101.4493,0.15,-0.008843,0.205306,15,False
momentum_top,LTF,2025-12-01,2025-12-02,305.9995,2025-12-09,304.1683,MOMENTUM_FAIL,3,-5.4935,19.795,-25.2885,-0.027487,-0.046418,0.00841,6,False
momentum_top,IIFL,2025-12-01,2025-12-02,582.6886,2025-12-09,563.0836,MOMENTUM_FAIL,1,-19.605,18.3505,-37.9554,-0.064996,-0.069251,0.0,6,False
momentum_top,BHEL,2025-12-01,2025-12-02,289.9646,2025-12-08,269.6671,STOP,3,-60.8926,19.4791,-80.3717,-0.092191,-0.079752,0.0,5,False
momentum_top,AUBANK,2025-12-01,2025-12-02,949.0284,2025-12-09,971.1069,MOMENTUM_FAIL,1,22.0785,19.9822,2.0964,0.002204,-0.012159,0.025001,6,False
momentum_top,FEDERALBNK,2025-12-01,2025-12-02,255.7264,2025-12-09,259.9619,MOMENTUM_FAIL,3,12.7066,19.1953,-6.4887,-0.008439,-0.004871,0.025721,6,False
momentum_top,CUPID,2025-12-08,2025-12-09,76.5,2025-12-19,89.5751,TARGET,13,169.9765,20.4753,149.5011,0.15,0.0,0.173726,9,False
momentum_top,HINDCOPPER,2025-12-08,2025-12-09,359.5572,2025-12-24,423.2215,TARGET,2,127.3287,19.2257,108.103,0.15,-0.027662,0.215768,12,False
momentum_top,IDEA,2025-12-08,2025-12-09,10.3,2025-12-22,12.0614,TARGET,96,169.0937,20.4495,148.6443,0.15,0.0,0.175728,10,False
momentum_top,SHRIRAMFIN,2025-12-08,2025-12-09,825.3314,2025-12-16,843.6279,MOMENTUM_FAIL,1,18.2966,19.4522,-1.1556,-0.001397,0.0,0.048916,6,False
momentum_top,AUBANK,2025-12-08,2025-12-09,949.1283,2025-12-31,993.5352,TIME,1,44.4069,20.0281,24.3788,0.025629,0.0,0.060207,16,False
momentum_top,NATIONALUM,2025-12-08,2025-12-09,261.2844,2025-12-29,307.0693,TARGET,3,137.3545,19.5195,117.835,0.15,-0.019321,0.178016,14,False
momentum_top,FEDERALBNK,2025-12-08,2025-12-09,255.5769,2025-12-16,261.3073,MOMENTUM_FAIL,3,17.1912,19.2025,-2.0113,-0.002617,0.0,0.038409,6,False
momentum_top,CUB,2025-12-08,2025-12-09,197.0539,2025-12-16,200.992,MOMENTUM_FAIL,5,19.6905,20.1303,-0.4398,-0.000445,-0.022813,0.048265,6,False
momentum_top,M&MFIN,2025-12-08,2025-12-09,343.1788,2025-12-16,334.0835,MOMENTUM_FAIL,2,-18.1907,18.7911,-36.9818,-0.053764,-0.03434,0.012539,6,False
momentum_top,CANBK,2025-12-08,2025-12-09,137.9978,2025-12-16,142.4702,MOMENTUM_FAIL,7,31.3072,20.0726,11.2346,0.011605,0.0,0.044546,6,False
momentum_top,LTF,2025-12-08,2025-12-09,294.9631,2025-12-16,297.7346,MOMENTUM_FAIL,3,8.3144,19.6833,-11.3689,-0.01282,0.0,0.041611,6,False
momentum_top,CHENNPETRO,2025-12-08,2025-12-09,884.1825,2025-12-16,870.5877,MOMENTUM_FAIL,1,-13.5948,19.6357,-33.2305,-0.037501,-0.019193,0.02145,6,False
momentum_top,JKTYRE,2025-12-08,2025-12-09,445.1708,2025-12-16,463.8331,MOMENTUM_FAIL,2,37.3245,19.7654,17.559,0.019679,-0.016012,0.049261,6,False
momentum_top,ATHERENERG,2025-12-08,2025-12-09,673.55,2025-12-16,676.05,MOMENTUM_FAIL,1,2.5,18.7791,-16.2791,-0.024116,-0.055601,0.029471,6,False
momentum_top,CUPID,2025-12-15,2025-12-16,82.78,2025-12-29,96.93,TARGET,12,169.7999,20.4702,149.3298,0.15,-0.006161,0.191713,9,False
momentum_top,IDEA,2025-12-15,2025-12-16,11.39,2025-12-31,10.5927,STOP,87,-69.3651,19.9729,-89.338,-0.089959,-0.100088,0.123793,11,False
momentum_top,AUBANK,2025-12-15,2025-12-16,975.0531,2025-12-23,979.3989,MOMENTUM_FAIL,1,4.3458,20.056,-15.7102,-0.016077,-0.003381,0.022746,6,False
momentum_top,SHRIRAMFIN,2025-12-15,2025-12-16,850.5388,2026-01-01,998.2206,TARGET,1,147.6818,19.8221,127.8597,0.15,-0.00567,0.199041,12,False
momentum_top,CUB,2025-12-15,2025-12-16,202.1066,2026-01-07,216.1871,TIME,4,56.3223,19.4582,36.8641,0.0455,-0.015441,0.111029,16,False
momentum_top,NATIONALUM,2025-12-15,2025-12-16,271.8221,2026-01-02,319.2388,TARGET,3,142.2503,19.6629,122.5874,0.15,-0.007753,0.195096,13,False
momentum_top,HINDCOPPER,2025-12-15,2025-12-16,376.615,2025-12-26,449.6702,TARGET,2,146.1105,19.408,126.7025,0.167845,-0.040803,0.269906,8,False
momentum_top,FEDERALBNK,2025-12-15,2025-12-16,264.4964,2025-12-23,264.5462,MOMENTUM_FAIL,3,0.1496,19.2808,-19.1312,-0.024058,-0.016014,0.021477,6,False
momentum_top,IIFL,2025-12-15,2025-12-16,569.387,2025-12-23,568.5432,MOMENTUM_FAIL,1,-0.8438,18.3325,-19.1763,-0.033605,-0.032514,0.014644,6,False
momentum_top,TDPOWERSYS,2025-12-15,2025-12-16,344.8133,2026-01-07,349.8584,TIME,2,10.0902,18.8625,-8.7722,-0.012693,-0.032957,0.079241,16,False
momentum_top,CANBK,2025-12-15,2025-12-16,143.5641,2025-12-23,145.4228,MOMENTUM_FAIL,6,11.152,19.5899,-8.4378,-0.009774,-0.009373,0.023061,6,False
momentum_top,LTF,2025-12-15,2025-12-16,300.902,2025-12-23,300.4071,MOMENTUM_FAIL,3,-1.4847,19.7386,-21.2234,-0.02346,-0.024013,0.01102,6,False
momentum_top,CHENNPETRO,2025-12-15,2025-12-16,882.2336,2025-12-23,819.2984,MOMENTUM_FAIL,1,-62.9352,19.527,-82.4622,-0.093266,-0.073276,0.0,6,False
momentum_top,JKTYRE,2025-12-15,2025-12-16,467.0507,2026-01-07,507.0978,TIME,2,80.0942,20.0373,60.0569,0.064153,-0.041653,0.112242,16,False
momentum_top,SHRIRAMFIN,2025-12-22,2025-12-23,933.42,2026-01-14,975.5815,TIME,1,42.1615,19.9572,22.2043,0.023736,0.0,0.092575,16,False
momentum_top,NATIONALUM,2025-12-22,2025-12-23,285.3005,2026-01-06,334.8046,TARGET,3,148.5123,19.8464,128.6659,0.15,-0.002405,0.208383,10,False
momentum_top,M&MFIN,2025-12-22,2025-12-23,387.2865,2025-12-31,394.1324,MOMENTUM_FAIL,2,13.692,19.2285,-5.5365,-0.007132,-0.040909,0.030808,6,False
momentum_top,FEDERALBNK,2025-12-22,2025-12-23,269.3797,2025-12-31,266.1906,MOMENTUM_FAIL,3,-9.5673,19.3228,-28.8901,-0.035671,-0.037736,0.0,6,False
momentum_top,IDEA,2025-12-22,2025-12-23,11.89,2025-12-31,11.0577,STOP,83,-69.0809,19.9563,-89.0372,-0.090025,-0.137931,0.076535,6,False
momentum_top,CUB,2025-12-22,2025-12-23,210.3171,2026-01-12,195.5949,STOP,4,-58.8888,19.3623,-78.2511,-0.092813,-0.077901,0.067656,14,False
momentum_top,HINDZINC,2025-12-22,2025-12-23,599.0547,2026-01-14,642.4617,TIME,1,43.407,18.5479,24.8591,0.041407,-0.03582,0.099918,16,False
momentum_top,AUBANK,2025-12-22,2025-12-23,974.0541,2025-12-31,993.5352,MOMENTUM_FAIL,1,19.4811,20.0826,-0.6015,-0.000616,-0.008205,0.031897,6,False
momentum_top,JKTYRE,2025-12-22,2025-12-23,487.891,2025-12-31,497.6924,MOMENTUM_FAIL,2,19.6028,20.0901,-0.4873,-0.000498,0.0,0.049107,6,False
momentum_top,HINDCOPPER,2025-12-22,2025-12-23,404.1164,2025-12-26,474.6814,TARGET,2,141.1301,19.6301,121.5,0.15,0.0,0.183485,3,False
momentum_top,VEDL,2025-12-22,2025-12-23,576.3741,2026-01-14,664.6498,TIME,1,88.2757,18.5435,69.7323,0.12072,0.0,0.159471,16,False
momentum_top,TDPOWERSYS,2025-12-22,2025-12-23,371.1376,2025-12-29,345.1579,STOP,2,-51.9593,18.9584,-70.9177,-0.095333,-0.07537,0.0,4,False
momentum_top,IIFL,2025-12-22,2025-12-23,569.2381,2026-01-14,630.6834,TIME,1,61.4453,18.4587,42.9866,0.075351,-0.004534,0.177086,16,False
momentum_top,CUPID,2025-12-29,2025-12-30,98.02,2026-01-02,91.1586,STOP,10,-68.614,19.9291,-88.5431,-0.090135,-0.143134,0.075189,4,False
momentum_top,SHRIRAMFIN,2025-12-29,2025-12-30,955.5448,2026-01-20,981.9455,TIME,1,26.4007,20.0185,6.3822,0.006665,0.0,0.067277,16,False
momentum_top,HINDCOPPER,2025-12-29,2025-12-30,480.3544,2026-01-05,562.7261,TARGET,2,164.7434,20.322,144.4214,0.15,0.0,0.180246,5,False
momentum_top,IDEA,2025-12-29,2025-12-30,11.93,2025-12-31,11.0949,STOP,83,-69.3133,19.9699,-89.2832,-0.089971,-0.140821,0.072925,2,False
momentum_top,NATIONALUM,2025-12-29,2025-12-30,292.1132,2026-01-06,342.6723,TARGET,3,151.6775,19.9392,131.7383,0.15,0.0,0.180201,6,False
momentum_top,M&MFIN,2025-12-29,2025-12-30,377.9466,2026-01-07,351.4904,STOP,2,-52.9125,19.014,-71.9265,-0.094947,-0.081123,0.060939,7,False
momentum_top,CUB,2025-12-29,2025-12-30,222.8745,2026-01-06,219.0107,MOMENTUM_FAIL,4,-15.4552,19.6628,-35.118,-0.039306,-0.046341,0.000667,6,False
momentum_top,JKTYRE,2025-12-29,2025-12-30,494.6728,2026-01-20,494.9698,TIME,2,0.594,20.1087,-19.5146,-0.019682,-0.034124,0.050135,16,False
momentum_top,FEDERALBNK,2025-12-29,2025-12-30,262.553,2026-01-06,255.826,MOMENTUM_FAIL,3,-20.1811,19.2148,-39.3958,-0.049907,-0.032834,0.021446,6,False
momentum_top,AUBANK,2025-12-29,2025-12-30,984.0444,2026-01-06,1007.7713,MOMENTUM_FAIL,1,23.7269,20.1334,3.5935,0.003644,0.0,0.042437,6,False
momentum_top,PFOCUS,2025-12-29,2025-12-30,237.5,2026-01-06,244.33,MOMENTUM_FAIL,4,27.32,19.997,7.323,0.007692,-0.051579,0.041095,6,False
momentum_top,IIFL,2025-12-29,2025-12-30,586.8577,2026-01-20,625.9683,TIME,1,39.1106,18.4876,20.623,0.035065,0.0,0.141746,16,False
momentum_top,CUPID,2026-01-05,2026-01-06,79.19,2026-01-07,92.784,TARGET,12,163.1283,20.2747,142.8536,0.15,0.0,0.184367,2,False
momentum_top,HINDCOPPER,2026-01-05,2026-01-06,565.4446,2026-01-08,525.8635,STOP,1,-39.5811,18.237,-57.8181,-0.102029,-0.087863,0.011434,3,False
momentum_top,SHRIRAMFIN,2026-01-05,2026-01-06,996.8611,2026-01-13,973.543,MOMENTUM_FAIL,1,-23.3182,20.0917,-43.4099,-0.043452,-0.041397,0.000598,6,False
momentum_top,NATIONALUM,2026-01-05,2026-01-06,326.8139,2026-01-28,382.747,TARGET,3,167.7993,20.4115,147.3878,0.15,-0.013647,0.223455,16,False
momentum_top,M&MFIN,2026-01-05,2026-01-06,377.6043,2026-01-07,351.172,STOP,2,-52.8646,19.0112,-71.8758,-0.094966,-0.08029,0.0,2,False
momentum_top,ASHOKLEY,2026-01-05,2026-01-06,184.6992,2026-01-13,182.5853,MOMENTUM_FAIL,5,-10.5697,19.8079,-30.3776,-0.032822,-0.024009,0.015491,6,False
momentum_top,CUB,2026-01-05,2026-01-06,215.9642,2026-01-12,200.8467,STOP,4,-60.47,19.4545,-79.9245,-0.092319,-0.102013,0.012214,5,False
momentum_top,PFOCUS,2026-01-05,2026-01-06,237.52,2026-01-19,220.8936,STOP,4,-66.5056,19.8062,-86.3118,-0.090649,-0.089761,0.052543,9,False
momentum_top,JKTYRE,2026-01-05,2026-01-06,503.4841,2026-01-13,499.1775,MOMENTUM_FAIL,1,-4.3067,18.0472,-22.3538,-0.044301,-0.051027,0.030282,6,False
momentum_top,AVANTIFEED,2026-01-05,2026-01-06,853.8184,2026-01-08,794.0511,STOP,1,-59.7673,19.4135,-79.1808,-0.092535,-0.07927,0.030689,3,False
momentum_top,IIFL,2026-01-05,2026-01-06,645.0273,2026-01-13,632.8673,MOMENTUM_FAIL,1,-12.16,18.6288,-30.7888,-0.047628,-0.034549,0.024161,6,False
momentum_top,VEDL,2026-01-05,2026-01-06,608.0451,2026-01-13,626.733,MOMENTUM_FAIL,1,18.6879,18.5355,0.1524,0.00025,-0.037528,0.039308,6,False
momentum_top,FEDERALBNK,2026-01-05,2026-01-06,263.1012,2026-01-13,248.4512,MOMENTUM_FAIL,3,-43.9499,19.1733,-63.1232,-0.079799,-0.064962,0.0,6,False
momentum_top,CUPID,2026-01-12,2026-01-13,86.24,2026-01-20,80.2032,STOP,11,-66.4048,19.8004,-86.2052,-0.090674,-0.072356,0.12013,6,False
momentum_top,HINDCOPPER,2026-01-12,2026-01-13,547.0441,2026-01-20,529.0911,MOMENTUM_FAIL,1,-17.9529,18.2033,-36.1563,-0.06595,-0.036364,0.047273,6,False
momentum_top,NATIONALUM,2026-01-12,2026-01-13,346.0267,2026-01-29,407.5956,TARGET,2,123.1378,19.1029,104.035,0.15,0.0,0.22238,12,False
momentum_top,SHRIRAMFIN,2026-01-12,2026-01-13,969.5158,2026-01-20,981.9455,MOMENTUM_FAIL,1,12.4297,20.049,-7.6193,-0.007842,-0.004718,0.048205,6,False
momentum_top,PFOCUS,2026-01-12,2026-01-13,243.1,2026-01-19,226.083,STOP,4,-68.068,19.8973,-87.9653,-0.090265,-0.110654,0.007816,4,False
momentum_top,ASHOKLEY,2026-01-12,2026-01-13,183.9126,2026-01-20,177.7576,MOMENTUM_FAIL,5,-30.7751,19.7501,-50.5252,-0.054825,-0.040364,0.014435,6,False
momentum_top,JKTYRE,2026-01-12,2026-01-13,502.7911,2026-01-20,494.9698,MOMENTUM_FAIL,1,-7.8213,18.0371,-25.8584,-0.051318,-0.037708,0.017919,6,False
momentum_top,AETHER,2026-01-12,2026-01-13,995.15,2026-01-20,966.45,MOMENTUM_FAIL,1,-28.7,20.0735,-48.7735,-0.048904,-0.052053,0.011104,6,False
momentum_top,VEDL,2026-01-12,2026-01-13,620.7332,2026-01-29,733.0082,TARGET,1,112.275,18.7796,93.4953,0.150292,0.0,0.219775,12,False
momentum_top,IDEA,2026-01-12,2026-01-13,11.31,2026-01-20,10.13,MOMENTUM_FAIL,88,-103.84,19.9211,-123.7611,-0.124077,-0.108753,0.0,6,False
momentum_top,IIFL,2026-01-12,2026-01-13,639.2699,2026-01-20,625.9683,MOMENTUM_FAIL,1,-13.3016,18.6022,-31.9038,-0.049798,-0.026786,0.016227,6,False
momentum_top,INDUSTOWER,2026-01-12,2026-01-13,417.2953,2026-01-20,399.5145,MOMENTUM_FAIL,2,-35.5617,19.3816,-54.9433,-0.065689,-0.046882,0.024711,6,False
momentum_top,AVANTIFEED,2026-01-12,2026-01-13,815.3546,2026-01-21,738.2786,MOMENTUM_FAIL,1,-77.076,19.2159,-96.2919,-0.117841,-0.105142,0.015341,6,False
momentum_top,JAINREC,2026-01-12,2026-01-13,404.65,2026-01-20,393.4,MOMENTUM_FAIL,2,-22.5,19.3014,-41.8014,-0.051539,-0.046213,0.031385,6,False
momentum_top,HINDZINC,2026-01-12,2026-01-13,622.6241,2026-02-02,554.8622,GAP_STOP,1,-67.7619,18.421,-86.183,-0.138117,-0.116167,0.156151,14,False
momentum_top,CUPID,2026-01-19,2026-01-20,85.19,2026-01-21,79.2267,STOP,11,-65.5963,19.7532,-85.3496,-0.090881,-0.141918,0.0,2,False
momentum_top,HINDCOPPER,2026-01-19,2026-01-20,546.0495,2026-01-29,658.9395,TARGET,1,112.89,18.4655,94.4245,0.172546,-0.046175,0.384426,7,False
momentum_top,NATIONALUM,2026-01-19,2026-01-20,360.2402,2026-02-11,364.9499,TIME,2,9.4193,18.9914,-9.5721,-0.013257,-0.069388,0.17415,16,False
momentum_top,VEDL,2026-01-19,2026-01-20,664.8957,2026-02-11,689.6326,TIME,1,24.7369,18.7879,5.949,0.008928,-0.05466,0.138757,16,False
momentum_top,ASHOKLEY,2026-01-19,2026-01-20,185.7611,2026-02-11,202.8889,TIME,5,85.6392,20.0262,65.613,0.070488,-0.064045,0.140211,16,False
momentum_top,HINDZINC,2026-01-19,2026-01-20,656.7996,2026-02-02,554.8622,GAP_STOP,1,-101.9375,18.4957,-120.4332,-0.182964,-0.162156,0.095993,9,False
momentum_top,IIFL,2026-01-19,2026-01-20,648.2038,2026-01-21,602.8296,STOP,1,-45.3743,18.5746,-63.9489,-0.09844,-0.08415,0.0,2,False
momentum_top,AETHER,2026-01-19,2026-01-20,979.9,2026-01-28,997.15,MOMENTUM_FAIL,1,17.25,20.1027,-2.8527,-0.002905,-0.039392,0.024135,6,False
momentum_top,PFOCUS,2026-01-19,2026-01-20,219.47,2026-02-03,257.449,TARGET,4,151.916,19.9461,131.9699,0.15,-0.059507,0.179068,10,False
momentum_top,INDUSINDBK,2026-01-19,2026-01-20,944.4703,2026-01-27,873.585,GAP_STOP,1,-70.8852,19.7736,-90.6589,-0.09578,-0.100264,0.0,5,False
momentum_top,CANBK,2026-01-19,2026-01-20,152.4703,2026-01-28,152.7027,MOMENTUM_FAIL,6,1.394,19.7956,-18.4016,-0.020071,-0.048825,0.004762,6,False
momentum_top,UNIONBANK,2026-01-19,2026-01-20,172.3417,2026-01-28,176.7126,MOMENTUM_FAIL,5,21.8548,19.613,2.2418,0.002596,-0.037592,0.028349,6,False
momentum_top,CANHLIFE,2026-01-19,2026-01-20,140.0262,2026-02-11,148.2442,TIME,7,57.5265,20.1859,37.3406,0.038012,-0.033048,0.118234,16,False
momentum_top,CUPID,2026-01-27,2026-01-28,79.76,2026-02-18,84.59,TIME,12,57.9599,20.0894,37.8705,0.039481,-0.062187,0.115848,16,False
momentum_top,NATIONALUM,2026-01-27,2026-01-28,380.6293,2026-02-02,340.2432,GAP_STOP,2,-80.7722,18.9799,-99.7521,-0.13075,-0.119238,0.111254,4,False
momentum_top,HINDCOPPER,2026-01-27,2026-01-28,565.743,2026-01-29,669.3197,TARGET,1,103.5767,18.5297,85.047,0.15,0.0,0.336234,2,False
momentum_top,HINDZINC,2026-01-27,2026-01-28,699.2245,2026-01-30,650.2788,STOP,1,-48.9457,18.7828,-67.7285,-0.096651,-0.125913,0.010955,3,False
momentum_top,VEDL,2026-01-27,2026-01-28,699.4191,2026-02-02,642.6177,GAP_STOP,1,-56.8014,18.7676,-75.569,-0.10781,-0.101322,0.082548,4,False
momentum_top,ASHOKLEY,2026-01-27,2026-01-28,190.6477,2026-02-18,204.8455,TIME,5,70.989,20.0996,50.8895,0.053269,-0.043218,0.110985,16,False
momentum_top,SHRIRAMFIN,2026-01-27,2026-01-28,996.3639,2026-02-04,993.1819,MOMENTUM_FAIL,1,-3.182,20.1306,-23.3126,-0.023347,-0.062874,0.039421,6,False
momentum_top,AETHER,2026-01-27,2026-01-28,992.65,2026-02-18,991.6,TIME,1,-1.05,20.1193,-21.1693,-0.02128,-0.044981,0.091623,16,False
momentum_top,CANHLIFE,2026-01-27,2026-01-28,147.9051,2026-02-18,151.1564,TIME,6,19.5079,19.7169,-0.209,-0.000235,-0.03911,0.072151,16,False
momentum_top,UNIONBANK,2026-01-27,2026-01-28,171.7297,2026-02-04,171.0595,MOMENTUM_FAIL,5,-3.3511,19.5488,-22.8999,-0.026611,-0.06612,0.036991,6,False
momentum_top,FEDERALBNK,2026-01-27,2026-01-28,285.4747,2026-02-04,286.4215,MOMENTUM_FAIL,3,2.8403,19.552,-16.7117,-0.019471,-0.036481,0.041194,6,False
momentum_top,CUB,2026-01-27,2026-01-28,213.2521,2026-02-18,213.4379,TIME,4,0.743,19.5333,-18.7903,-0.02198,-0.065505,0.129268,16,False
momentum_top,KARURVYSYA,2026-01-27,2026-01-28,290.2922,2026-02-18,323.4841,TIME,3,99.5757,19.81,79.7657,0.091393,-0.025808,0.124594,16,False
momentum_top,BANKINDIA,2026-01-27,2026-01-28,158.7638,2026-02-02,145.6812,GAP_STOP,6,-78.4958,19.7924,-98.2882,-0.102956,-0.107045,0.036292,4,False
momentum_top,HINDALCO,2026-02-02,2026-02-03,945.0698,2026-02-10,963.8718,MOMENTUM_FAIL,1,18.802,19.9588,-1.1568,-0.001221,-0.029474,0.028053,6,False
momentum_top,INDIACEM,2026-02-02,2026-02-03,465.75,2026-02-10,465.45,MOMENTUM_FAIL,2,-0.6,19.862,-20.462,-0.021919,-0.051959,0.01986,6,False
momentum_top,HINDCOPPER,2026-02-09,2026-02-10,606.7216,2026-02-17,547.3732,MOMENTUM_FAIL,1,-59.3484,18.371,-77.7194,-0.127818,-0.101841,0.030656,6,False
momentum_top,PFOCUS,2026-02-09,2026-02-10,276.0,2026-02-13,256.68,STOP,3,-57.96,19.3082,-77.2682,-0.093115,-0.070906,0.005797,4,False
momentum_top,CUPID,2026-02-09,2026-02-10,84.4,2026-02-17,85.91,MOMENTUM_FAIL,11,16.61,19.8839,-3.2739,-0.003519,-0.047986,0.041469,6,False
momentum_top,TMCV,2026-02-09,2026-02-10,464.7537,2026-03-04,465.4954,TIME,2,1.4833,19.8578,-18.3745,-0.019725,-0.008404,0.082979,16,False
momentum_top,NATIONALUM,2026-02-09,2026-02-10,366.2401,2026-02-16,340.6033,STOP,2,-51.2736,18.9185,-70.1921,-0.095619,-0.074526,0.01477,5,False
momentum_top,ASHOKLEY,2026-02-09,2026-02-10,203.233,2026-02-17,204.1966,MOMENTUM_FAIL,4,3.8543,19.3704,-15.5161,-0.019045,-0.020029,0.042187,6,False
momentum_top,KARURVYSYA,2026-02-09,2026-02-10,323.4841,2026-02-17,322.4422,MOMENTUM_FAIL,3,-3.1257,20.0213,-23.147,-0.0238,-0.042331,0.009202,6,False
momentum_top,VEDL,2026-02-09,2026-02-10,674.7314,2026-02-17,657.2238,MOMENTUM_FAIL,1,-17.5076,18.7434,-36.251,-0.053609,-0.037464,0.033528,6,False
momentum_top,AETHER,2026-02-09,2026-02-10,994.3,2026-02-17,977.7,MOMENTUM_FAIL,1,-16.6,20.0946,-36.6946,-0.036824,-0.046565,0.025847,6,False
momentum_top,HINDZINC,2026-02-09,2026-02-10,620.66,2026-02-16,575.4363,GAP_STOP,1,-45.2237,18.4586,-63.6823,-0.10238,-0.078165,0.003165,5,False
momentum_top,M&MFIN,2026-02-09,2026-02-10,381.4185,2026-02-13,354.7192,STOP,2,-53.3986,19.0423,-72.4409,-0.094755,-0.072949,0.011154,4,False
momentum_top,RUBICON,2026-02-09,2026-02-10,787.1293,2026-02-17,787.7286,MOMENTUM_FAIL,1,0.5994,19.2548,-18.6555,-0.023649,-0.032872,0.031095,6,False
momentum_top,HINDCOPPER,2026-02-16,2026-02-17,572.2289,2026-02-24,561.3203,MOMENTUM_FAIL,1,-10.9086,18.324,-29.2326,-0.050974,-0.051184,0.030641,6,False
momentum_top,PFOCUS,2026-02-16,2026-02-17,275.33,2026-02-27,256.0569,STOP,3,-57.8193,19.3,-77.1193,-0.093162,-0.080739,0.06781,9,False
momentum_top,TMCV,2026-02-16,2026-02-17,477.0648,2026-02-24,470.1923,MOMENTUM_FAIL,2,-13.7449,19.9308,-33.6757,-0.035218,-0.025806,0.033786,6,False
momentum_top,ASHOKLEY,2026-02-16,2026-02-17,202.4071,2026-02-24,206.6547,MOMENTUM_FAIL,4,16.9901,19.3832,-2.3931,-0.002949,-0.019674,0.028612,6,False
momentum_top,STLTECH,2026-02-16,2026-02-17,154.0,2026-03-05,180.5097,TARGET,6,159.0584,20.1554,138.903,0.15,-0.005844,0.192338,12,False
momentum_top,NATIONALUM,2026-02-16,2026-02-17,341.9234,2026-02-24,340.4346,MOMENTUM_FAIL,2,-2.9776,18.8114,-21.789,-0.031793,-0.029463,0.020174,6,False
momentum_top,VEDL,2026-02-16,2026-02-17,668.6332,2026-02-24,683.6819,MOMENTUM_FAIL,1,15.0486,18.7839,-3.7353,-0.005574,-0.016917,0.028097,6,False
momentum_top,JKTYRE,2026-02-16,2026-02-17,580.1626,2026-02-20,539.5512,STOP,1,-40.6114,18.297,-58.9084,-0.101316,-0.100171,0.0,4,False
momentum_top,KARURVYSYA,2026-02-16,2026-02-17,313.9086,2026-03-09,291.935,STOP,3,-65.9208,19.7722,-85.693,-0.090797,-0.081555,0.085665,14,False
momentum_top,HINDZINC,2026-02-16,2026-02-17,579.4136,2026-02-24,586.6317,MOMENTUM_FAIL,1,7.218,18.3912,-11.1732,-0.019242,-0.022373,0.029407,6,False
momentum_top,CANHLIFE,2026-02-16,2026-02-17,154.4876,2026-02-24,149.2416,MOMENTUM_FAIL,6,-31.476,19.7798,-51.2558,-0.055176,-0.055197,0.0,6,False
momentum_top,CUPID,2026-02-16,2026-02-17,81.26,2026-03-04,75.2,GAP_STOP,12,-72.7201,19.8993,-92.6194,-0.094775,-0.085036,0.09525,11,False
momentum_top,HINDCOPPER,2026-02-23,2026-02-24,566.8493,2026-03-04,544.7332,MOMENTUM_FAIL,1,-22.1161,18.2785,-40.3946,-0.071106,-0.050967,0.039631,6,False
momentum_top,STLTECH,2026-02-23,2026-02-24,166.0,2026-03-02,153.1,GAP_STOP,6,-77.4,19.978,-97.3779,-0.097556,-0.077711,0.048193,5,False
momentum_top,PFOCUS,2026-02-23,2026-02-24,264.65,2026-03-02,245.0,GAP_STOP,3,-58.95,19.1624,-78.1124,-0.09817,-0.074627,0.054223,5,False
momentum_top,TMCV,2026-02-23,2026-02-24,477.9052,2026-03-09,444.4519,STOP,2,-66.9067,19.8296,-86.7364,-0.090548,-0.103248,0.053176,9,False
momentum_top,ASHOKLEY,2026-02-23,2026-02-24,205.4945,2026-03-04,197.0977,MOMENTUM_FAIL,4,-33.587,19.3324,-52.9194,-0.06424,-0.056746,0.024402,6,False
momentum_top,NATIONALUM,2026-02-23,2026-02-24,336.8616,2026-03-05,397.0111,TARGET,2,120.2991,19.0197,101.2794,0.15,0.0,0.19122,7,False
momentum_top,VEDL,2026-02-23,2026-02-24,667.3546,2026-03-18,667.8464,TIME,1,0.4918,18.7489,-18.2571,-0.027298,-0.005895,0.0958,16,False
momentum_top,KARURVYSYA,2026-02-23,2026-02-24,323.0376,2026-03-09,298.7763,GAP_STOP,3,-72.7839,19.8738,-92.6577,-0.095402,-0.10751,0.054984,9,False
momentum_top,CUPID,2026-02-23,2026-02-24,84.42,2026-03-02,78.0,GAP_STOP,11,-70.62,19.7073,-90.3272,-0.097058,-0.099739,0.009003,5,False
momentum_top,UNIONBANK,2026-02-23,2026-02-24,191.9332,2026-03-04,185.6488,MOMENTUM_FAIL,5,-31.4223,19.9182,-51.3404,-0.053382,-0.041498,0.039929,6,False
momentum_top,SCHNEIDER,2026-02-23,2026-02-24,901.45,2026-03-04,832.75,MOMENTUM_FAIL,1,-68.7,19.5964,-88.2965,-0.097736,-0.07976,0.014699,6,False
momentum_top,ABSLAMC,2026-02-23,2026-02-24,897.5093,2026-03-02,833.513,GAP_STOP,1,-63.9963,19.5894,-83.5857,-0.092928,-0.071304,0.015163,5,False
momentum_top,STLTECH,2026-03-02,2026-03-04,168.0,2026-03-12,197.2099,TARGET,5,146.0497,19.7742,126.2755,0.15,-0.017857,0.224583,7,False
momentum_top,HINDCOPPER,2026-03-02,2026-03-04,568.3934,2026-03-11,540.848,MOMENTUM_FAIL,1,-27.5454,18.2739,-45.8193,-0.080436,-0.062922,0.0,6,False
momentum_top,PFOCUS,2026-03-02,2026-03-04,270.0,2026-03-25,317.1346,TARGET,3,141.4037,19.6381,121.7656,0.15,-0.060926,0.206852,16,False
momentum_top,TMCV,2026-03-02,2026-03-04,484.5305,2026-03-09,450.6134,STOP,2,-67.8343,19.8837,-87.718,-0.090321,-0.11551,0.004388,4,False
momentum_top,VEDL,2026-03-02,2026-03-04,698.4355,2026-03-11,709.6974,MOMENTUM_FAIL,1,11.2619,18.902,-7.6401,-0.010915,-0.01704,0.047036,6,False
momentum_top,NATIONALUM,2026-03-02,2026-03-04,362.2701,2026-03-25,364.5529,TIME,2,4.5655,18.9986,-14.4331,-0.019877,-0.049315,0.127945,16,False
momentum_top,ASHOKLEY,2026-03-02,2026-03-04,203.3314,2026-03-09,187.2556,GAP_STOP,4,-64.3031,19.2333,-83.5363,-0.102486,-0.116731,0.0,4,False
momentum_top,GRAPHITE,2026-03-02,2026-03-04,687.4533,2026-03-09,639.3315,STOP,1,-48.1217,18.7348,-66.8565,-0.09704,-0.102878,0.002878,4,False
momentum_top,UNIONBANK,2026-03-02,2026-03-04,190.3791,2026-03-09,176.3047,GAP_STOP,5,-70.3723,19.806,-90.1783,-0.094529,-0.104592,0.0,4,False
momentum_top,LENSKART,2026-03-02,2026-03-04,518.25,2026-03-11,499.1,MOMENTUM_FAIL,1,-19.15,18.0793,-37.2293,-0.07168,-0.063772,0.034057,6,False
momentum_top,MAHABANK,2026-03-02,2026-03-04,69.4412,2026-03-09,64.5803,STOP,14,-68.0524,19.8964,-87.9488,-0.090268,-0.098014,0.02,4,False
momentum_top,FINCABLES,2026-03-02,2026-03-04,918.4598,2026-03-13,854.1676,STOP,1,-64.2922,19.6772,-83.9694,-0.091225,-0.081027,0.074378,8,False
momentum_top,HINDCOPPER,2026-03-09,2026-03-10,549.9136,2026-03-13,511.4196,STOP,1,-38.494,18.1736,-56.6676,-0.102823,-0.105888,0.018116,4,False
momentum_top,NATIONALUM,2026-03-09,2026-03-10,387.0831,2026-03-20,359.9873,STOP,2,-54.1916,19.0885,-73.2802,-0.09445,-0.075513,0.055641,9,False
momentum_top,PFOCUS,2026-03-09,2026-03-10,281.7,2026-03-13,261.981,STOP,3,-59.157,19.3779,-78.5349,-0.092727,-0.099929,0.01065,4,False
momentum_top,VEDL,2026-03-09,2026-03-10,708.1729,2026-03-17,687.8621,MOMENTUM_FAIL,1,-20.3108,18.8789,-39.1897,-0.055218,-0.059375,0.032639,6,False
momentum_top,FINCABLES,2026-03-09,2026-03-10,971.0851,2026-03-11,903.1091,STOP,1,-67.976,19.8919,-87.8679,-0.090287,-0.095808,0.0,2,False
momentum_top,SCHNEIDER,2026-03-09,2026-03-10,901.0,2026-03-17,889.1,MOMENTUM_FAIL,1,-11.9,19.7102,-31.6102,-0.035007,-0.065372,0.036626,6,False
momentum_top,LENSKART,2026-03-09,2026-03-10,517.0,2026-03-17,501.15,MOMENTUM_FAIL,1,-15.85,18.0807,-33.9307,-0.065487,-0.063056,0.010445,6,False
momentum_top,TDPOWERSYS,2026-03-09,2026-03-10,427.033,2026-03-12,397.1407,STOP,2,-59.7846,19.4145,-79.1991,-0.09253,-0.089016,0.0,3,False
momentum_top,STLTECH,2026-03-16,2026-03-17,187.0,2026-03-17,173.91,STOP,5,-65.45,19.7447,-85.1947,-0.090919,0.0,0.0,1,False
momentum_top,MRPL,2026-03-16,2026-03-17,208.22,2026-03-17,193.6446,STOP,4,-58.3016,19.3281,-77.6297,-0.093003,0.0,0.0,1,False
momentum_top,NATIONALUM,2026-03-16,2026-03-17,373.1878,2026-03-23,347.0647,STOP,2,-52.2463,18.9751,-71.2214,-0.095215,-0.077128,0.051463,5,False
momentum_top,HINDCOPPER,2026-03-16,2026-03-17,477.6378,2026-03-23,444.2032,STOP,2,-66.8693,19.8274,-86.6967,-0.090558,-0.070393,0.032224,5,False
momentum_top,SCHNEIDER,2026-03-16,2026-03-17,876.0,2026-04-10,1010.1,TIME,1,134.1,19.9019,114.198,0.130079,-0.049144,0.157877,16,False
momentum_top,LENSKART,2026-03-16,2026-03-17,498.05,2026-04-10,547.55,TIME,2,99.0,20.3376,78.6624,0.078798,-0.034334,0.104307,16,False
momentum_top,ABSLAMC,2026-03-16,2026-03-17,940.5312,2026-03-23,874.6941,STOP,1,-65.8372,19.7673,-85.6045,-0.090819,-0.085105,0.027746,5,False
momentum_top,J&KBANK,2026-03-16,2026-03-17,124.2,2026-03-23,115.506,STOP,8,-69.552,19.9838,-89.5358,-0.089916,-0.130435,0.002335,5,False
momentum_top,PFOCUS,2026-03-16,2026-03-17,260.0,2026-03-24,305.5859,TARGET,3,136.7578,19.502,117.2558,0.15,-0.022692,0.2,6,False
momentum_top,PFC,2026-03-16,2026-03-17,395.6718,2026-03-30,367.9748,STOP,2,-55.394,19.1586,-74.5527,-0.094005,-0.100439,0.068936,9,False
momentum_top,JINDALSAW,2026-03-16,2026-03-17,197.5796,2026-03-23,183.7491,STOP,5,-69.1529,19.9605,-89.1134,-0.090008,-0.108726,0.007021,5,False
momentum_top,PFOCUS,2026-03-23,2026-03-24,285.0,2026-03-30,334.4576,TARGET,3,148.3727,19.8423,128.5304,0.15,0.0,0.205614,4,False
momentum_top,VTL,2026-03-23,2026-03-24,538.6322,2026-04-02,532.0877,MOMENTUM_FAIL,1,-6.5445,18.191,-24.7355,-0.045823,-0.063789,0.0,6,False
momentum_top,NATIONALUM,2026-03-23,2026-03-24,355.8683,2026-04-15,421.9702,TARGET,2,132.2039,19.2045,112.9994,0.158419,-0.000279,0.199275,13,False
momentum_top,CHENNPETRO,2026-03-23,2026-03-24,981.1046,2026-03-24,912.4272,STOP,1,-68.6773,19.9328,-88.6101,-0.09012,0.0,0.0,1,False
momentum_top,SCHNEIDER,2026-03-23,2026-03-24,874.95,2026-04-02,906.05,MOMENTUM_FAIL,1,31.1,19.6878,11.4122,0.013015,-0.048003,0.042345,6,False
momentum_top,NTPC,2026-03-23,2026-03-24,373.9603,2026-04-02,355.8064,MOMENTUM_FAIL,2,-36.3078,19.0141,-55.3219,-0.073806,-0.068783,0.010317,6,False
momentum_top,ONGC,2026-03-23,2026-03-24,267.4121,2026-04-20,282.1494,TIME,3,44.212,19.4074,24.8045,0.030852,-0.008006,0.091045,16,False
momentum_top,EMMVEE,2026-03-23,2026-03-24,223.3118,2026-04-16,263.0892,TARGET,4,159.1096,20.0257,139.0839,0.155366,-0.062277,0.20183,14,False
momentum_top,OIL,2026-03-23,2026-03-24,460.9075,2026-04-20,470.7374,TIME,2,19.6598,19.8624,-0.2025,-0.000219,-0.0118,0.066364,16,False
momentum_top,PFOCUS,2026-03-30,2026-04-01,337.0,2026-04-10,313.41,STOP,2,-47.18,18.6799,-65.8599,-0.097502,-0.073887,0.065282,7,False
momentum_top,NATIONALUM,2026-03-30,2026-04-01,393.4849,2026-04-24,433.7812,TIME,2,80.5926,19.417,61.1755,0.077566,-0.028377,0.117795,16,False
momentum_top,TDPOWERSYS,2026-03-30,2026-04-01,434.6006,2026-04-20,509.8866,TARGET,2,150.572,19.9068,130.6652,0.15,-0.050629,0.206482,12,False
momentum_top,ONGC,2026-03-30,2026-04-01,288.7712,2026-04-09,287.3771,MOMENTUM_FAIL,3,-4.1822,19.5795,-23.7616,-0.027369,-0.052586,0.0,6,False
momentum_top,MRPL,2026-03-30,2026-04-01,183.0,2026-04-09,176.24,MOMENTUM_FAIL,5,-33.8,19.7247,-53.5247,-0.058369,-0.039344,0.021858,6,False
momentum_top,VTL,2026-03-30,2026-04-01,520.5853,2026-04-24,585.0883,TIME,1,64.503,18.2595,46.2435,0.088636,-0.008571,0.147809,16,False
momentum_top,SCHNEIDER,2026-03-30,2026-04-01,858.25,2026-04-10,1007.126,TARGET,1,148.876,19.8571,129.0189,0.15,-0.019516,0.181823,7,False
momentum_top,RUBICON,2026-03-30,2026-04-01,774.7913,2026-04-17,910.7424,TARGET,1,135.9511,19.4783,116.4728,0.15,-0.016891,0.177358,11,False
momentum_top,STLTECH,2026-04-06,2026-04-07,187.25,2026-04-09,219.4411,TARGET,5,160.9555,20.211,140.7445,0.15,0.0,0.177891,3,False
momentum_top,PFOCUS,2026-04-06,2026-04-07,346.8,2026-04-09,322.524,STOP,2,-48.552,18.7598,-67.3118,-0.096835,-0.085928,0.017734,3,False
momentum_top,SCHNEIDER,2026-04-06,2026-04-07,926.25,2026-04-20,1085.6569,TARGET,1,159.4069,20.1656,139.2412,0.15,0.0,0.174467,9,False
momentum_top,TDPOWERSYS,2026-04-06,2026-04-07,440.4199,2026-04-20,516.6071,TARGET,2,152.3744,19.9596,132.4148,0.15,-0.010945,0.190541,9,False
momentum_top,NATIONALUM,2026-04-06,2026-04-07,404.9485,2026-04-29,430.0593,TIME,2,50.2216,19.452,30.7695,0.037909,-0.026961,0.091054,16,False
momentum_top,VTL,2026-04-06,2026-04-07,524.3037,2026-04-29,603.631,TIME,1,79.3273,18.3054,61.0219,0.116133,0.0,0.173901,16,False
momentum_top,MRPL,2026-04-06,2026-04-07,178.0,2026-04-29,173.28,TIME,5,-23.6,19.6399,-43.2399,-0.048478,-0.053933,0.094663,16,False
momentum_top,CHENNPETRO,2026-04-06,2026-04-07,939.8642,2026-04-15,930.5216,MOMENTUM_FAIL,1,-9.3426,19.8795,-29.2221,-0.031024,-0.040628,0.032166,6,False
momentum_top,ONGC,2026-04-06,2026-04-07,280.6557,2026-04-15,286.3813,MOMENTUM_FAIL,3,17.1769,19.5201,-2.3432,-0.002777,-0.025191,0.03548,6,False
momentum_top,EMMVEE,2026-04-06,2026-04-07,221.318,2026-04-15,259.5832,TARGET,4,153.0608,19.9797,133.0811,0.15,-0.006712,0.180586,6,False
momentum_top,STLTECH,2026-04-13,2026-04-15,247.99,2026-04-22,290.3858,TARGET,4,169.5831,20.4638,149.1193,0.15,-0.01867,0.17904,6,False
momentum_top,PFOCUS,2026-04-13,2026-04-15,343.4,2026-04-24,319.362,STOP,2,-48.076,18.7321,-66.8081,-0.097062,-0.117356,0.068725,8,False
momentum_top,ATHERENERG,2026-04-13,2026-04-15,933.95,2026-04-15,868.5735,STOP,1,-65.3765,19.7404,-85.1169,-0.090938,0.0,0.0,1,False
momentum_top,TDPOWERSYS,2026-04-13,2026-04-15,464.5463,2026-04-23,544.4699,TARGET,2,159.8471,20.1785,139.6686,0.15,0.0,0.187473,7,False
momentum_top,HFCL,2026-04-13,2026-04-15,87.818,2026-04-27,102.8691,TARGET,11,165.5624,20.346,145.2164,0.15,-0.012059,0.227531,9,False
momentum_top,PREMIERENE,2026-04-13,2026-04-15,979.2784,2026-05-07,1017.75,TIME,1,38.4716,20.1433,18.3283,0.018675,-0.023929,0.075918,16,False
momentum_top,VTL,2026-04-13,2026-04-15,555.2909,2026-05-07,591.4344,TIME,1,36.1435,18.3483,17.7952,0.031977,-0.030268,0.155357,16,False
momentum_top,STLTECH,2026-04-20,2026-04-21,274.0,2026-05-05,321.754,TARGET,3,143.2621,19.6926,123.5696,0.15,-0.036277,0.185401,10,False
momentum_top,GALLANTT,2026-04-20,2026-04-21,854.3074,2026-05-13,794.5059,STOP,1,-59.8015,19.4155,-79.217,-0.092524,-0.078663,0.093941,16,False
momentum_top,JINDALSAW,2026-04-20,2026-04-21,237.9081,2026-04-28,238.0865,MOMENTUM_FAIL,4,0.7134,19.9497,-19.2363,-0.02017,-0.064515,0.040358,6,False
momentum_top,TDPOWERSYS,2026-04-20,2026-04-21,517.4946,2026-05-07,613.5993,TARGET,1,96.1047,18.3108,77.7939,0.15,-0.029826,0.244401,12,False
momentum_top,ATHERENERG,2026-04-20,2026-04-21,893.75,2026-05-13,951.95,TIME,1,58.2,19.8223,38.3777,0.042846,-0.031832,0.107021,16,False
momentum_top,SCI,2026-04-20,2026-04-21,299.4712,2026-04-28,302.0724,MOMENTUM_FAIL,3,7.8035,19.7394,-11.9359,-0.013257,-0.052847,0.020333,6,False
momentum_top,CGPOWER,2026-04-20,2026-04-21,800.0,2026-05-13,847.05,TIME,1,47.05,19.4038,27.6462,0.034482,-0.007375,0.1085,16,False
momentum_top,ADANIPOWER,2026-04-20,2026-04-21,203.3,2026-05-13,213.87,TIME,4,42.28,19.4498,22.8302,0.028013,0.0,0.152976,16,False
momentum_top,STLTECH,2026-04-27,2026-04-28,285.0,2026-05-06,334.4576,TARGET,3,148.3727,19.8423,128.5304,0.15,-0.044737,0.196491,6,False
momentum_top,HFCL,2026-04-27,2026-04-28,107.1,2026-05-04,125.4597,TARGET,9,165.2375,20.3365,144.901,0.15,-0.02416,0.198601,4,False
momentum_top,TDPOWERSYS,2026-04-27,2026-04-28,545.9669,2026-05-15,646.4809,TARGET,1,100.5141,18.44,82.0741,0.15,0.0,0.223056,13,False
momentum_top,ADANIPOWER,2026-04-27,2026-04-28,219.5,2026-05-20,220.24,TIME,4,2.96,19.6433,-16.6833,-0.01896,-0.052255,0.067882,16,False
momentum_top,GALLANTT,2026-04-27,2026-04-28,872.7894,2026-05-06,840.4086,MOMENTUM_FAIL,1,-32.3809,19.5494,-51.9302,-0.059369,-0.058219,0.022317,6,False
momentum_top,ACMESOLAR,2026-04-27,2026-04-28,310.7,2026-05-06,296.45,MOMENTUM_FAIL,3,-42.75,19.7787,-62.5287,-0.066937,-0.066141,0.0,6,False
momentum_top,STLTECH,2026-05-04,2026-05-05,316.8,2026-05-08,375.95,TARGET,3,177.4501,20.3043,157.1457,0.164986,0.0,0.186711,4,False
momentum_top,HFCL,2026-05-04,2026-05-05,125.8824,2026-05-11,147.6576,TARGET,7,152.4266,19.9611,132.4655,0.15,0.0,0.204762,5,False
momentum_top,ADANIPOWER,2026-05-04,2026-05-05,227.97,2026-05-12,209.63,MOMENTUM_FAIL,4,-73.36,19.631,-92.991,-0.101755,-0.087468,0.024126,6,False
momentum_top,GALLANTT,2026-05-04,2026-05-05,863.2744,2026-05-12,802.8452,STOP,1,-60.4292,19.4521,-79.8813,-0.092331,-0.072826,0.082578,6,False
momentum_top,TDPOWERSYS,2026-05-04,2026-05-05,580.8828,2026-05-26,686.8041,TARGET,1,105.9213,18.5984,87.3229,0.15,-0.032333,0.182389,16,False
momentum_top,CUPID,2026-05-04,2026-05-05,127.3,2026-05-12,118.389,STOP,7,-62.377,19.5656,-81.9426,-0.091756,-0.084839,0.052003,6,False
momentum_top,ENGINERSIN,2026-05-04,2026-05-05,259.2658,2026-05-12,235.0154,MOMENTUM_FAIL,3,-72.7511,19.0661,-91.8172,-0.11779,-0.098699,0.021423,6,False
momentum_top,ATHERENERG,2026-05-04,2026-05-05,937.7,2026-05-26,950.6,TIME,1,12.9,19.9157,-7.0157,-0.007465,-0.068359,0.055135,16,False
momentum_top,CEMPRO,2026-05-04,2026-05-05,928.2745,2026-05-18,863.2953,STOP,1,-64.9792,19.7173,-84.6965,-0.091042,-0.113523,0.056036,10,False
momentum_top,STLTECH,2026-05-11,2026-05-12,399.0,2026-05-26,486.35,TARGET,2,174.7,19.6552,155.0448,0.193868,-0.044737,0.218922,11,False
momentum_top,HFCL,2026-05-11,2026-05-12,150.3995,2026-05-18,139.8715,STOP,6,-63.1678,19.6117,-82.7795,-0.091533,-0.089278,0.03162,5,False
momentum_top,SCI,2026-05-11,2026-05-12,337.8506,2026-05-19,336.1066,MOMENTUM_FAIL,2,-3.4881,18.776,-22.2641,-0.032878,-0.061504,0.037463,6,False
momentum_top,CUPID,2026-05-11,2026-05-12,131.0,2026-05-12,121.83,STOP,7,-64.19,19.6713,-83.8613,-0.091252,0.0,0.0,1,False
momentum_top,GALLANTT,2026-05-11,2026-05-12,906.6648,2026-05-12,843.1983,STOP,1,-63.4665,19.6291,-83.0957,-0.09145,0.0,0.0,1,False
momentum_top,BHEL,2026-05-11,2026-05-12,395.8232,2026-06-03,404.9936,TIME,2,18.3408,19.31,-0.9692,-0.001222,-0.027701,0.070008,16,False
momentum_top,TDPOWERSYS,2026-05-11,2026-05-12,586.4273,2026-06-03,642.5226,TIME,1,56.0953,18.5204,37.5749,0.063934,-0.041482,0.175128,16,False
momentum_top,BBOX,2026-05-11,2026-05-12,792.7258,2026-05-18,931.4544,TARGET,1,138.7286,19.5597,119.1688,0.15,0.0,0.216931,5,False
momentum_top,ENGINERSIN,2026-05-11,2026-05-12,246.3719,2026-05-19,242.9997,MOMENTUM_FAIL,4,-13.4889,20.0637,-33.5526,-0.033972,-0.055958,0.035829,6,False
momentum_top,STLTECH,2026-05-18,2026-05-19,410.0,2026-05-20,381.3,STOP,2,-57.4,19.2755,-76.6755,-0.093303,-0.070366,0.004146,2,False
momentum_top,HFCL,2026-05-18,2026-05-19,139.8694,2026-05-26,163.8107,TARGET,7,167.5893,20.4054,147.1839,0.15,-0.031357,0.201714,6,False
momentum_top,BBOX,2026-05-18,2026-05-19,938.728,2026-06-05,1100.0673,TARGET,1,161.3393,20.2223,141.117,0.15,-0.036117,0.173404,13,False
momentum_top,TDPOWERSYS,2026-05-18,2026-05-19,629.3853,2026-06-10,585.3284,STOP,1,-44.057,18.4978,-62.5548,-0.099174,-0.094444,0.094921,16,False
momentum_top,ADANIPOWER,2026-05-18,2026-05-19,223.8,2026-06-10,220.58,TIME,4,-12.88,19.6837,-32.5637,-0.036297,-0.034004,0.135836,16,False
momentum_top,BHEL,2026-05-18,2026-05-19,395.7235,2026-06-10,376.0868,TIME,2,-39.2734,19.1919,-58.4653,-0.07371,-0.053526,0.070277,16,False
momentum_top,CEMPRO,2026-05-18,2026-05-19,887.2295,2026-05-29,1040.5935,TARGET,1,153.3639,19.9886,133.3754,0.15,-0.04778,0.225295,8,False
momentum_top,CUPID,2026-05-18,2026-05-19,121.99,2026-05-19,113.4507,STOP,8,-68.3144,19.9117,-88.2261,-0.090206,0.0,0.0,1,False
momentum_top,HFCL,2026-05-25,2026-05-26,163.2175,2026-06-02,191.1547,TARGET,6,167.6233,20.4064,147.2169,0.15,-0.013344,0.171513,5,False
momentum_top,BBOX,2026-05-25,2026-05-26,978.6738,2026-05-26,910.1667,STOP,1,-68.5072,19.9229,-88.4301,-0.09016,0.0,0.0,1,False
momentum_top,ADANIPOWER,2026-05-25,2026-05-26,234.25,2026-06-11,217.8525,STOP,4,-65.59,19.7529,-85.3429,-0.090882,-0.083031,0.085165,12,False
momentum_top,BHEL,2026-05-25,2026-05-26,418.1511,2026-06-03,404.9936,MOMENTUM_FAIL,2,-26.3151,19.4077,-45.7228,-0.054553,-0.05292,0.012872,6,False
momentum_top,CEMPRO,2026-05-25,2026-05-26,884.3369,2026-05-29,1037.2528,TARGET,1,152.916,19.9754,132.9405,0.15,0.0,0.229303,3,False
momentum_top,TDPOWERSYS,2026-05-25,2026-05-26,651.3639,2026-06-02,605.7684,STOP,1,-45.5955,18.5875,-64.183,-0.098321,-0.085123,0.057975,5,False
momentum_top,CUPID,2026-05-25,2026-05-26,125.0,2026-06-10,147.0,TARGET,7,154.0,19.9382,134.0618,0.152879,-0.0024,0.208,11,False
momentum_top,TEJASNET,2026-05-25,2026-05-26,477.95,2026-06-03,559.9493,TARGET,2,163.9987,20.3002,143.6985,0.15,0.0,0.218538,6,False
momentum_top,OLAELEC,2026-05-25,2026-05-26,37.89,2026-06-04,44.3718,TARGET,26,168.5269,20.4329,148.0941,0.15,-0.011349,0.200845,7,False
momentum_top,HFCL,2026-06-01,2026-06-02,179.832,2026-06-11,160.5101,GAP_STOP,5,-96.6097,19.5299,-116.1397,-0.128883,-0.107444,0.161,8,False
momentum_top,ADANIPOWER,2026-06-01,2026-06-02,230.0,2026-06-09,226.14,MOMENTUM_FAIL,4,-15.44,19.7832,-35.2232,-0.038203,-0.026087,0.031087,6,False
momentum_top,EMMVEE,2026-06-01,2026-06-02,302.767,2026-06-23,327.5905,TIME,3,74.4705,19.9169,54.5536,0.05993,0.0,0.159038,16,False
momentum_top,OLAELEC,2026-06-01,2026-06-02,38.5,2026-06-04,45.1008,TARGET,25,165.0208,20.3301,144.6906,0.15,0.0,0.181818,3,False
momentum_top,CUPID,2026-06-01,2026-06-02,129.1,2026-06-11,151.3735,TARGET,7,155.9147,20.0633,135.8514,0.15,-0.008521,0.213013,8,False
momentum_top,BHEL,2026-06-01,2026-06-02,398.7138,2026-06-09,395.2749,MOMENTUM_FAIL,2,-6.8778,19.2831,-26.1609,-0.032735,-0.055,0.031625,6,False
momentum_top,STLTECH,2026-06-08,2026-06-09,586.0,2026-07-01,590.75,TIME,1,4.75,18.414,-13.664,-0.023267,-0.055887,0.156997,16,False
momentum_top,HFCL,2026-06-08,2026-06-09,172.8386,2026-06-11,160.5101,GAP_STOP,5,-61.6424,19.4535,-81.0959,-0.093635,-0.071329,0.019653,3,False
momentum_top,CUPID,2026-06-08,2026-06-09,141.34,2026-06-17,165.5091,TARGET,7,169.1836,20.4521,148.7314,0.15,0.0,0.209849,7,False
momentum_top,EMMVEE,2026-06-08,2026-06-09,333.9708,2026-07-01,350.8687,TIME,2,33.7959,18.8192,14.9767,0.022373,-0.044627,0.064776,16,False
momentum_top,ADANIPOWER,2026-06-08,2026-06-09,229.77,2026-06-16,222.6,MOMENTUM_FAIL,4,-28.68,19.7524,-48.4324,-0.052582,-0.065152,0.0,6,False
momentum_top,ACMESOLAR,2026-06-08,2026-06-09,352.25,2026-06-16,339.65,MOMENTUM_FAIL,2,-25.2,18.8534,-44.0534,-0.062395,-0.054649,0.002271,6,False
momentum_top,ATGL,2026-06-08,2026-06-09,739.7417,2026-06-16,713.7,MOMENTUM_FAIL,1,-26.0417,19.0005,-45.0422,-0.060756,-0.047505,0.031081,6,False
momentum_top,COHANCE,2026-06-08,2026-06-09,423.85,2026-06-16,432.4,MOMENTUM_FAIL,2,17.1,19.5442,-2.4442,-0.002877,-0.006606,0.040344,6,False
momentum_top,STLTECH,2026-06-15,2026-06-16,601.0,2026-07-03,543.0,GAP_STOP,1,-58.0,18.3496,-76.3496,-0.12676,-0.110649,0.12812,13,False
momentum_top,HFCL,2026-06-15,2026-06-16,183.8283,2026-06-22,218.7856,TARGET,5,174.7867,20.1669,154.6198,0.167855,0.0,0.196141,5,False
momentum_top,CUPID,2026-06-15,2026-06-16,164.1,2026-06-16,152.613,STOP,6,-68.922,19.9471,-88.8691,-0.090062,0.0,0.0,1,False
momentum_top,OLAELEC,2026-06-15,2026-06-16,44.5,2026-06-19,41.385,STOP,22,-68.53,19.9242,-88.4542,-0.090155,-0.077528,0.0,4,False
momentum_top,EMMVEE,2026-06-15,2026-06-16,335.9647,2026-06-23,327.5905,MOMENTUM_FAIL,2,-16.7484,18.7331,-35.4815,-0.05269,-0.039466,0.025074,6,False
momentum_top,ANGELONE,2026-06-15,2026-06-16,351.9117,2026-06-23,341.0453,MOMENTUM_FAIL,2,-21.7327,18.8576,-40.5903,-0.057545,-0.039518,0.021105,6,False
momentum_top,AEGISLOG,2026-06-15,2026-06-16,976.8449,2026-06-25,1144.0872,TARGET,1,167.2423,20.3952,146.8471,0.15,-0.000509,0.175755,8,False
momentum_top,IDEA,2026-06-15,2026-06-16,14.98,2026-06-23,14.45,MOMENTUM_FAIL,66,-34.98,20.0334,-55.0134,-0.055522,-0.038718,0.012016,6,False
momentum_top,STLTECH,2026-06-22,2026-06-23,619.0,2026-07-01,590.75,MOMENTUM_FAIL,1,-28.25,18.4862,-46.7362,-0.075338,-0.066559,0.032795,6,False
momentum_top,HFCL,2026-06-22,2026-06-23,207.8558,2026-07-15,222.8718,TIME,4,60.0639,19.5629,40.5009,0.048606,-0.062725,0.1031,16,False
momentum_top,CUPID,2026-06-22,2026-06-23,180.5,2026-07-06,211.6458,TARGET,5,155.7288,20.0579,135.671,0.15,-0.034072,0.185596,9,False
momentum_top,BBOX,2026-06-22,2026-06-23,994.752,2026-06-29,925.1194,STOP,1,-69.6326,19.9885,-89.6211,-0.089897,-0.092762,0.034033,4,False
momentum_top,OLAELEC,2026-06-22,2026-06-23,42.72,2026-07-13,39.7296,STOP,23,-68.7792,19.9388,-88.718,-0.090096,-0.07397,0.076779,14,False
momentum_top,STLTECH,2026-06-29,2026-06-30,618.0,2026-07-02,574.74,STOP,1,-43.26,18.4514,-61.7114,-0.099639,-0.091828,0.0,3,False
momentum_top,HFCL,2026-06-29,2026-06-30,212.8012,2026-07-21,217.7666,TIME,4,19.8615,19.5646,0.2968,0.000348,-0.054038,0.077465,16,False
momentum_top,CUPID,2026-06-29,2026-06-30,189.75,2026-07-08,222.33,TARGET,5,162.9,20.2678,142.6323,0.150009,-0.067773,0.191041,7,False
momentum_top,BBOX,2026-06-29,2026-06-30,931.7375,2026-07-14,866.5159,STOP,1,-65.2216,19.7314,-84.953,-0.090978,-0.078725,0.071811,11,False
momentum_top,ABDL,2026-06-29,2026-06-30,664.95,2026-07-14,618.4035,STOP,1,-46.5465,18.6429,-65.1894,-0.097823,-0.078126,0.070306,11,False
momentum_top,OLAELEC,2026-06-29,2026-06-30,40.58,2026-07-21,38.72,TIME,24,-44.64,19.9514,-64.5914,-0.066176,-0.050764,0.133563,16,False
momentum_top,HFCL,2026-07-06,2026-07-07,224.7401,2026-07-09,209.0083,STOP,4,-62.9272,19.5977,-82.5249,-0.0916,-0.071749,0.0,3,False
momentum_top,STLTECH,2026-07-06,2026-07-07,574.0,2026-07-08,533.82,STOP,1,-40.18,18.2719,-58.4519,-0.10161,-0.079878,0.0,2,False
momentum_top,CUPID,2026-07-06,2026-07-07,217.0,2026-07-08,201.81,STOP,4,-60.76,19.4714,-80.2314,-0.092231,-0.184839,0.041475,2,False
momentum_top,BBOX,2026-07-06,2026-07-07,989.659,2026-07-10,920.3828,STOP,1,-69.2761,19.9677,-89.2439,-0.08998,-0.074167,0.0,4,False
momentum_top,CMPDI,2026-07-06,2026-07-07,268.1392,2026-07-14,268.8036,MOMENTUM_FAIL,3,1.9932,19.3307,-17.3375,-0.021506,-0.056028,0.010651,6,False
momentum_top,ABDL,2026-07-06,2026-07-07,708.7,2026-07-10,659.091,STOP,1,-49.609,18.8214,-68.4304,-0.096347,-0.089812,0.0,4,False
momentum_top,IDEA,2026-07-06,2026-07-07,14.15,2026-07-14,13.83,MOMENTUM_FAIL,70,-22.4,20.0667,-42.4667,-0.04278,-0.028975,0.012721,6,False
momentum_top,HFCL,2026-07-13,2026-07-14,211.7522,2026-07-24,196.9295,STOP,4,-59.2906,19.3857,-78.6763,-0.092685,-0.07214,0.082331,9,False
momentum_top,CUPID,2026-07-13,2026-07-14,207.9,2026-08-04,237.99,TIME,4,120.36,19.6865,100.6736,0.120796,-0.033189,0.154353,16,False
momentum_top,STLTECH,2026-07-13,2026-07-14,500.0,2026-08-04,614.1,TARGET,1,114.1,18.2736,95.8264,0.191235,-0.015,0.2282,16,False
momentum_top,BBOX,2026-07-13,2026-07-14,902.7767,2026-07-17,839.5824,STOP,1,-63.1944,19.6133,-82.8076,-0.091525,-0.091814,0.0,4,False
momentum_top,AEGISVOPAK,2026-07-13,2026-07-14,302.83,2026-07-14,281.6319,STOP,3,-63.5943,19.6366,-83.2309,-0.091415,0.0,0.0,1,False
momentum_top,CMPDI,2026-07-13,2026-07-14,258.8178,2026-07-28,240.7005,STOP,3,-54.3517,19.0979,-73.4496,-0.09439,-0.071288,0.061303,11,False
momentum_top,HFCL,2026-07-20,2026-07-21,208.805,2026-07-27,194.1886,STOP,4,-58.4654,19.3376,-77.803,-0.09295,-0.085646,0.090909,5,False
momentum_top,CUPID,2026-07-20,2026-07-21,207.74,2026-08-05,243.9024,TARGET,4,144.6497,19.7332,124.9165,0.15,-0.018918,0.222682,12,False
momentum_top,STLTECH,2026-07-20,2026-07-21,492.5,2026-07-27,587.0,TARGET,2,189.0,20.474,168.526,0.170719,0.0,0.202741,5,False
momentum_top,BBOX,2026-07-20,2026-07-21,835.9173,2026-07-22,777.4031,STOP,1,-58.5142,19.3405,-77.8547,-0.092934,-0.093244,0.0,2,False
momentum_top,HSCL,2026-07-20,2026-07-21,771.0,2026-08-11,755.5,TIME,1,-15.5,19.1539,-34.6539,-0.044849,-0.046433,0.062257,16,False
momentum_top,AEGISVOPAK,2026-07-20,2026-07-21,281.5,2026-08-11,280.55,TIME,3,-2.85,19.4901,-22.3401,-0.026396,-0.035879,0.088988,16,False
momentum_top,CUPID,2026-07-27,2026-07-28,222.59,2026-08-06,261.0522,TARGET,4,153.8488,20.0028,133.846,0.15,0.0,0.181545,8,False
momentum_top,STLTECH,2026-07-27,2026-07-28,538.0,2026-07-30,500.34,STOP,1,-37.66,18.125,-55.785,-0.103463,-0.075651,0.0,3,False
momentum_top,HFCL,2026-07-27,2026-07-28,186.8255,2026-08-12,218.9509,TARGET,5,160.6268,20.2014,140.4254,0.15,-0.031818,0.195775,12,False
momentum_top,AEGISVOPAK,2026-07-27,2026-07-28,300.0,2026-08-04,296.15,MOMENTUM_FAIL,3,-11.55,19.7067,-31.2567,-0.034654,-0.048233,0.021833,6,False
momentum_top,CMPDI,2026-07-27,2026-07-28,252.2465,2026-08-04,246.0031,MOMENTUM_FAIL,3,-18.7303,19.0872,-37.8174,-0.049865,-0.064385,0.0,6,False
momentum_top,KALYANKJIL,2026-07-27,2026-07-28,562.704,2026-08-18,599.1552,TIME,1,36.4512,18.3802,18.071,0.032045,-0.006637,0.148584,16,False
momentum_top,CUPID,2026-08-03,2026-08-04,234.1,2026-08-11,274.3447,TARGET,4,160.9788,20.2117,140.7671,0.15,0.0,0.183255,6,False
momentum_top,REDINGTON,2026-08-03,2026-08-04,349.8,2026-08-11,354.55,MOMENTUM_FAIL,2,9.5,18.9034,-9.4034,-0.013412,-0.025014,0.042024,6,False
momentum_top,KALYANKJIL,2026-08-03,2026-08-04,607.5212,2026-08-05,564.9947,STOP,1,-42.5265,18.4086,-60.9351,-0.100082,-0.077541,0.0,2,False
momentum_top,AEGISVOPAK,2026-08-03,2026-08-04,304.0,2026-08-05,282.72,STOP,3,-63.84,19.6509,-83.4909,-0.091347,-0.076974,0.0,2,False
momentum_top,HFCL,2026-08-03,2026-08-04,202.2111,2026-08-24,237.5173,TARGET,4,141.2248,19.6329,121.5919,0.15,-0.006917,0.182856,15,False
momentum_top,FSL,2026-08-03,2026-08-04,324.35,2026-08-06,301.6455,STOP,3,-68.1135,19.9,-88.0135,-0.090254,-0.13581,0.054108,3,False
momentum_top,SONACOMS,2026-08-03,2026-08-04,785.0,2026-08-25,808.8,TIME,1,23.8,19.2931,4.5069,0.005729,0.0,0.075159,16,False
momentum_top,CUPID,2026-08-10,2026-08-11,265.02,2026-08-17,246.4686,STOP,3,-55.6542,19.1738,-74.828,-0.093911,-0.112859,0.128217,5,False
momentum_top,KALYANKJIL,2026-08-10,2026-08-11,599.6034,2026-08-18,599.1552,MOMENTUM_FAIL,1,-0.4482,18.4609,-18.9091,-0.031467,-0.028237,0.032805,6,False
momentum_top,REDINGTON,2026-08-10,2026-08-11,354.25,2026-08-18,326.3,MOMENTUM_FAIL,2,-55.9,18.8078,-74.7078,-0.105215,-0.085392,0.005505,6,False
momentum_top,STLTECH,2026-08-10,2026-08-11,622.55,2026-08-31,745.0,TARGET,1,122.45,18.808,103.642,0.166117,-0.034616,0.217091,15,False
momentum_top,MINDACORP,2026-08-10,2026-08-11,737.2208,2026-08-18,745.25,MOMENTUM_FAIL,1,8.0292,19.0592,-11.03,-0.014929,-0.04268,0.043107,6,False
momentum_top,TATATECH,2026-08-10,2026-08-11,879.05,2026-08-18,835.8,MOMENTUM_FAIL,1,-43.25,19.5537,-62.8037,-0.071289,-0.072635,0.0,6,False
momentum_top,HFCL,2026-08-10,2026-08-11,213.8003,2026-08-28,250.9013,TARGET,4,148.4039,19.8432,128.5606,0.15,0.0,0.192056,14,False
momentum_top,EXIDEIND,2026-08-10,2026-08-11,483.05,2026-08-18,465.25,MOMENTUM_FAIL,2,-35.6,19.9368,-55.5368,-0.05736,-0.039954,0.025256,6,False
momentum_top,CUPID,2026-08-17,2026-08-18,273.0,2026-09-08,274.8,TIME,3,5.4,19.3992,-13.9992,-0.017056,-0.02381,0.069231,16,False
momentum_top,KALYANKJIL,2026-08-17,2026-08-18,607.5211,2026-08-25,610.1105,MOMENTUM_FAIL,1,2.5894,18.5005,-15.9111,-0.026133,-0.036065,0.025082,6,False
momentum_top,HFCL,2026-08-17,2026-08-18,217.8065,2026-08-31,255.5279,TARGET,4,150.8856,19.9159,130.9696,0.15,0.0,0.177469,10,False
momentum_top,REDINGTON,2026-08-17,2026-08-18,334.0,2026-09-08,373.55,TIME,2,79.1,18.9117,60.1883,0.089906,-0.033832,0.142515,16,False
momentum_top,STLTECH,2026-08-17,2026-08-18,649.9,2026-08-21,604.407,STOP,1,-45.493,18.5815,-64.0745,-0.098376,-0.075242,0.0,4,False
momentum_top,CUPID,2026-08-24,2026-08-25,287.45,2026-09-01,275.05,MOMENTUM_FAIL,3,-37.2001,19.4955,-56.6956,-0.065602,-0.072882,0.001705,6,False
momentum_top,KALYANKJIL,2026-08-24,2026-08-25,605.4795,2026-09-01,570.6715,MOMENTUM_FAIL,1,-34.808,18.4157,-53.2237,-0.087712,-0.063986,0.046056,6,False
momentum_top,REDINGTON,2026-08-24,2026-08-25,365.9,2026-09-01,349.6,MOMENTUM_FAIL,2,-32.6,18.9536,-51.5536,-0.070294,-0.051517,0.034436,6,False
momentum_top,JYOTICNC,2026-08-24,2026-08-25,980.25,2026-09-16,967.7,TIME,1,-12.55,20.0435,-32.5935,-0.033178,-0.052691,0.080184,16,False
momentum_top,IIFL,2026-08-24,2026-08-25,667.0,2026-08-28,620.31,STOP,1,-46.69,18.6513,-65.3413,-0.097749,-0.077961,0.006747,4,False
momentum_top,URBANCO,2026-08-24,2026-08-25,169.0,2026-09-01,167.63,MOMENTUM_FAIL,5,-6.85,19.484,-26.334,-0.031097,-0.029231,0.031598,6,False
momentum_top,WELSPUNLIV,2026-08-24,2026-08-25,191.0,2026-09-16,202.82,TIME,5,59.1,20.0828,39.0173,0.040767,-0.019319,0.13089,16,False
momentum_top,CUPID,2026-08-31,2026-09-01,280.0,2026-09-08,274.8,MOMENTUM_FAIL,3,-15.6,19.4451,-35.0451,-0.041629,-0.027857,0.025,6,False
momentum_top,KALYANKJIL,2026-08-31,2026-09-01,606.9734,2026-09-02,564.4853,STOP,1,-42.4881,18.4064,-60.8945,-0.100106,-0.086882,0.0,2,False
momentum_top,JYOTICNC,2026-08-31,2026-09-01,994.95,2026-09-23,1100.8,TIME,1,105.85,20.3467,85.5034,0.08575,-0.066687,0.140359,16,False
momentum_top,REDINGTON,2026-08-31,2026-09-01,358.25,2026-09-23,400.75,TIME,2,85.0,19.1285,65.8715,0.091735,-0.040614,0.17097,16,False
momentum_top,AEGISVOPAK,2026-08-31,2026-09-01,267.9,2026-09-17,314.7094,TARGET,3,140.4281,19.6095,120.8186,0.15,-0.005972,0.179545,12,False
momentum_top,WELSPUNLIV,2026-08-31,2026-09-01,196.2,2026-09-23,229.7772,TARGET,5,167.8858,20.4141,147.4717,0.15,-0.003058,0.187564,16,False
momentum_top,CUPID,2026-09-07,2026-09-08,281.0,2026-09-16,280.0,MOMENTUM_FAIL,3,-3.0,19.4834,-22.4834,-0.026613,-0.055338,0.021352,6,False
momentum_top,KALYANKJIL,2026-09-07,2026-09-08,588.5983,2026-09-16,580.9,MOMENTUM_FAIL,1,-7.6983,18.3997,-26.098,-0.044242,-0.024122,0.049662,6,False
momentum_top,REDINGTON,2026-09-07,2026-09-08,379.0,2026-09-30,407.0,TIME,2,56.0,19.2446,36.7554,0.048384,-0.02058,0.10686,16,False
momentum_top,WELSPUNLIV,2026-09-07,2026-09-08,212.0,2026-09-16,202.82,MOMENTUM_FAIL,4,-36.72,19.4359,-56.1558,-0.066077,-0.076887,0.012736,6,False
momentum_top,NIACL,2026-09-07,2026-09-08,231.2,2026-09-08,215.016,STOP,4,-64.736,19.7031,-84.4391,-0.091106,0.0,0.0,1,False
momentum_top,LENSKART,2026-09-07,2026-09-08,688.0,2026-09-16,675.85,MOMENTUM_FAIL,1,-12.15,18.8103,-30.9603,-0.044902,-0.03016,0.022529,6,False
momentum_top,URBANCO,2026-09-07,2026-09-08,176.06,2026-09-10,163.7358,STOP,5,-61.621,19.5216,-81.1425,-0.091975,-0.070771,0.0,3,False
momentum_top,CUPID,2026-09-15,2026-09-16,284.5,2026-09-18,264.585,STOP,3,-59.745,19.4122,-79.1572,-0.092542,-0.117399,0.0,3,False
momentum_top,KALYANKJIL,2026-09-15,2026-09-16,606.9,2026-09-23,584.25,MOMENTUM_FAIL,1,-22.65,18.4465,-41.0965,-0.067568,-0.046795,0.0,6,False
momentum_top,REDINGTON,2026-09-15,2026-09-16,378.95,2026-10-08,388.0,TIME,2,18.1,19.1671,-1.0671,-0.001405,0.0,0.107006,16,False
momentum_top,PFOCUS,2026-09-15,2026-09-16,323.0,2026-10-01,300.39,STOP,3,-67.83,19.8834,-87.7134,-0.090322,-0.080495,0.12322,12,False
momentum_top,LENSKART,2026-09-15,2026-09-16,688.4,2026-10-08,653.95,TIME,1,-34.45,18.7666,-53.2166,-0.077136,-0.062318,0.053167,16,False
momentum_top,STLTECH,2026-09-15,2026-09-16,809.95,2026-10-01,955.35,TARGET,1,145.4,19.646,125.7539,0.154923,-0.032842,0.179517,12,False
momentum_top,JYOTICNC,2026-09-15,2026-09-16,964.0,2026-09-21,1129.2531,TARGET,1,165.2531,20.3369,144.9161,0.15,-0.003164,0.176971,4,False
momentum_top,PFOCUS,2026-09-21,2026-09-22,352.6,2026-09-24,327.918,STOP,2,-49.364,18.8072,-68.1712,-0.096458,-0.106636,0.028928,3,False
momentum_top,KALYANKJIL,2026-09-21,2026-09-22,583.85,2026-09-29,568.85,MOMENTUM_FAIL,1,-15.0,18.3647,-33.3647,-0.057021,-0.042134,0.00942,6,False
momentum_top,REDINGTON,2026-09-21,2026-09-22,394.0,2026-10-09,380.0,TIME,2,-28.0,19.2003,-47.2003,-0.059768,-0.040736,0.064721,13,False
momentum_top,CUPID,2026-09-21,2026-09-22,251.0,2026-09-30,295.1921,TARGET,3,132.5764,19.3795,113.1969,0.15,0.0,0.243028,7,False
momentum_top,AEGISVOPAK,2026-09-21,2026-09-22,320.85,2026-09-22,298.3905,STOP,3,-67.3785,19.8571,-87.2356,-0.090432,0.0,0.0,1,False
momentum_top,GRAPHITE,2026-09-21,2026-09-22,819.9,2026-09-29,801.55,MOMENTUM_FAIL,1,-18.35,19.3546,-37.7047,-0.045887,-0.050128,0.040615,6,False
momentum_top,LENSKART,2026-09-21,2026-09-22,685.0,2026-09-29,674.6,MOMENTUM_FAIL,1,-10.4,18.8012,-29.2012,-0.042537,-0.053577,0.010803,6,False
momentum_top,URBANCO,2026-09-21,2026-09-22,173.4,2026-09-28,161.262,STOP,5,-60.69,19.4673,-80.1573,-0.092252,-0.077278,0.025202,5,False
momentum_top,STLTECH,2026-09-21,2026-09-22,819.95,2026-10-05,962.8947,TARGET,1,142.9447,19.6833,123.2614,0.15,-0.033966,0.223367,9,False
momentum_top,KALYANKJIL,2026-09-28,2026-09-29,566.0,2026-10-01,526.38,STOP,1,-39.62,18.2392,-57.8592,-0.102002,-0.076855,0.010689,3,False
momentum_top,REDINGTON,2026-09-28,2026-09-29,404.75,2026-10-07,406.5,MOMENTUM_FAIL,2,3.5,19.3552,-15.8552,-0.019544,-0.030266,0.031254,6,False
momentum_top,STLTECH,2026-09-28,2026-09-29,803.0,2026-10-01,955.35,TARGET,1,152.35,19.6308,132.7191,0.164919,0.0,0.189726,3,False
momentum_top,PFOCUS,2026-09-28,2026-09-29,316.75,2026-10-05,294.5775,STOP,3,-66.5175,19.8069,-86.3244,-0.090646,-0.107656,0.029203,4,False
momentum_top,WELSPUNLIV,2026-09-28,2026-09-29,226.21,2026-10-09,223.75,TIME,4,-9.84,19.7306,-29.5706,-0.032609,-0.027408,0.085275,8,False
momentum_top,ENGINERSIN,2026-09-28,2026-09-29,310.1,2026-10-07,308.3,MOMENTUM_FAIL,3,-5.4,19.8472,-25.2472,-0.02708,-0.022735,0.034505,6,False
momentum_top,CUPID,2026-09-28,2026-09-29,264.0,2026-09-30,310.2054,TARGET,3,138.6162,19.5564,119.0597,0.15,0.0,0.181818,2,False
momentum_top,TDPOWERSYS,2026-09-28,2026-09-29,719.0,2026-10-05,846.311,TARGET,1,127.311,19.2252,108.0858,0.15,0.0,0.190682,4,False
momentum_top,GRAPHITE,2026-09-28,2026-09-29,791.2,2026-10-09,806.6,TIME,1,15.4,19.3022,-3.9022,-0.004921,-0.043352,0.088852,8,False
momentum_top,REDINGTON,2026-10-05,2026-10-06,414.0,2026-10-08,385.02,STOP,2,-57.96,19.3082,-77.2682,-0.093115,-0.070531,0.0,3,False
momentum_top,TDPOWERSYS,2026-10-05,2026-10-06,810.0,2026-10-09,793.75,TIME,1,-16.25,19.3171,-35.5671,-0.043814,-0.04463,0.032099,4,False
momentum_top,CUPID,2026-10-05,2026-10-06,310.95,2026-10-09,364.4263,TARGET,3,160.429,20.1956,140.2334,0.15,0.0,0.18347,4,False
momentum_top,GRAPHITE,2026-10-05,2026-10-06,821.0,2026-10-09,806.6,TIME,1,-14.4,19.3673,-33.7673,-0.04104,-0.036358,0.039342,4,False
momentum_top,WELSPUNLIV,2026-10-05,2026-10-06,231.05,2026-10-09,223.75,TIME,4,-29.2,19.7729,-48.9729,-0.052874,-0.047782,0.062541,4,False
momentum_top,ENGINERSIN,2026-10-05,2026-10-06,309.0,2026-10-08,287.37,STOP,3,-64.89,19.7121,-84.6021,-0.091065,-0.101133,0.023139,3,False
momentum_top,LENSKART,2026-10-05,2026-10-06,692.15,2026-10-09,677.65,TIME,1,-14.5,18.823,-33.323,-0.048039,-0.067399,0.0,4,False
momentum_top,SUNTV,2026-10-05,2026-10-06,625.8,2026-10-09,635.9,TIME,1,10.1,18.593,-8.493,-0.013542,-0.027485,0.033557,4,False
