strategy,symbol,signal_date,entry_date,entry_px,exit_date,exit_px,exit_reason,shares,gross_pnl,costs,net_pnl,net_pnl_pct,mae,mfe,sessions_held,ambiguous
trap,360ONE,2020-01-17,2020-01-20,282.4847,2020-01-23,262.7108,STOP,3,-59.3218,19.3875,-78.7093,-0.092675,-0.077899,0.013768,4,False
trap,360ONE,2020-03-25,2020-03-26,191.2215,2020-03-26,177.836,STOP,5,-66.9275,19.8308,-86.7584,-0.090543,0.0,0.0,1,False
trap,360ONE,2025-04-15,2025-04-16,918.2271,2025-05-09,905.907,TIME,1,-12.3201,19.7821,-32.1022,-0.034885,-0.049183,0.144494,16,False
trap,AARTIIND,2020-01-29,2020-01-30,487.1923,2020-02-06,470.3056,MOMENTUM_FAIL,2,-33.7733,19.9755,-53.7488,-0.055041,-0.044557,0.003667,6,False
trap,AARTIIND,2020-04-28,2020-04-29,547.5622,2020-05-11,509.2328,STOP,1,-38.3294,18.164,-56.4934,-0.102947,-0.090412,0.0681,8,False
trap,AARTIIND,2024-01-19,2024-01-23,671.8911,2024-01-31,655.0938,MOMENTUM_FAIL,1,-16.7973,18.7328,-35.5301,-0.052765,-0.068047,0.0,6,False
trap,AARTIIND,2026-02-03,2026-02-04,428.8475,2026-02-25,455.4446,TIME,2,53.1943,19.6599,33.5344,0.039013,0.0,0.104724,16,False
trap,AARTIIND,2026-02-04,2026-02-05,442.0213,2026-02-26,454.7959,TIME,2,25.5492,19.7149,5.8344,0.006585,-0.013321,0.071799,16,False
trap,AARTIIND,2026-06-15,2026-06-16,494.5669,2026-06-23,472.6604,MOMENTUM_FAIL,2,-43.8129,20.0174,-63.8303,-0.064391,-0.047523,0.003834,6,False
trap,ABCAPITAL,2019-11-22,2019-11-25,100.95,2019-12-10,93.8835,STOP,9,-63.5985,19.6368,-83.2353,-0.091413,-0.09262,0.135215,12,False
trap,ABCAPITAL,2019-11-25,2019-11-26,111.4,2019-11-27,103.602,STOP,8,-62.384,19.566,-81.95,-0.091754,-0.07675,0.0,2,False
trap,ABCAPITAL,2020-09-03,2020-09-04,70.15,2020-09-21,65.2395,STOP,14,-68.747,19.9369,-88.6839,-0.090103,-0.087669,0.066287,12,False
trap,ABCAPITAL,2020-12-01,2020-12-02,94.3,2020-12-09,96.25,MOMENTUM_FAIL,10,19.5,19.9515,-0.4515,-0.000478,-0.04666,0.038176,6,False
trap,ABCAPITAL,2021-02-24,2021-02-25,125.25,2021-02-26,116.4825,STOP,7,-61.3725,19.5071,-80.8796,-0.092048,-0.082236,0.001597,2,False
trap,ABDL,2025-05-13,2025-05-14,377.4564,2025-06-04,397.2191,TIME,2,39.5253,19.1981,20.3273,0.026868,-0.019797,0.116567,16,False
trap,ABSLAMC,2026-03-11,2026-03-12,973.6025,2026-03-13,905.4504,STOP,1,-68.1522,19.9022,-88.0544,-0.090245,-0.075852,0.0,2,False
trap,ACE,2019-09-09,2019-09-11,72.5125,2019-09-16,66.5991,GAP_STOP,13,-76.8752,19.7538,-96.629,-0.102283,-0.097594,0.026069,4,False
trap,ACE,2020-01-03,2020-01-06,81.2695,2020-01-13,81.2695,MOMENTUM_FAIL,12,-0.0,20.0479,-20.0479,-0.020512,-0.05649,0.015024,6,False
trap,ACE,2020-04-17,2020-04-20,45.7312,2020-04-22,42.53,STOP,21,-67.2248,19.8482,-87.073,-0.09047,-0.07027,0.067027,3,False
trap,ACE,2020-07-03,2020-07-06,62.7876,2020-07-13,60.8101,MOMENTUM_FAIL,15,-29.6633,19.8464,-49.5097,-0.052454,-0.048031,0.043307,6,False
trap,ACE,2020-11-14,2020-11-17,86.3207,2020-11-26,101.1399,TARGET,11,163.0117,20.2713,142.7405,0.15,-0.0,0.218786,8,False
trap,ACE,2020-11-27,2020-12-01,113.7099,2020-12-15,133.315,TARGET,8,156.8406,20.0904,136.7502,0.15,-0.026087,0.182609,11,False
trap,ACE,2020-12-01,2020-12-02,126.5641,2020-12-02,117.7046,STOP,7,-62.0164,19.5446,-81.561,-0.09186,0.0,0.0,1,False
trap,ACE,2021-02-02,2021-02-03,156.623,2021-02-24,152.8162,TIME,6,-22.8407,19.8515,-42.6922,-0.045331,-0.064078,0.08144,16,False
trap,ACE,2021-06-08,2021-06-09,190.3405,2021-06-15,223.0102,TARGET,5,163.3486,20.2811,143.0675,0.15,-0.041558,0.286753,5,False
trap,ACE,2021-06-15,2021-06-16,242.3999,2021-06-17,225.4319,STOP,4,-67.872,19.8859,-87.7578,-0.090312,-0.080971,0.0,2,False
trap,ACE,2021-09-13,2021-09-14,275.5704,2021-09-17,256.2805,STOP,3,-57.8698,19.3029,-77.1727,-0.093145,-0.072842,0.013489,4,False
trap,ACE,2021-09-14,2021-09-15,275.4713,2021-09-17,256.1883,STOP,3,-57.849,19.3017,-77.1507,-0.093152,-0.072508,0.013854,3,False
trap,ACE,2023-07-07,2023-07-10,589.9589,2023-07-26,697.2858,TARGET,1,107.3269,18.6396,88.6873,0.15,-0.006734,0.240741,13,False
trap,ACMESOLAR,2024-11-19,2024-11-21,264.9627,2024-11-21,246.4153,STOP,3,-55.6422,19.1731,-74.8152,-0.093915,0.0,0.0,1,False
trap,ACMESOLAR,2025-02-06,2025-02-07,241.0067,2025-02-10,224.1363,STOP,4,-67.4819,19.8631,-87.345,-0.090407,-0.126527,0.0,2,False
trap,ACUTAAS,2021-09-16,2021-09-17,634.2327,2021-09-17,589.8364,STOP,1,-44.3963,18.5176,-62.9139,-0.09898,0.0,0.0,1,False
trap,ACUTAAS,2022-07-08,2022-07-11,507.2623,2022-08-01,517.4886,TIME,1,10.2263,18.0927,-7.8664,-0.015474,-0.052503,0.066862,16,False
trap,ACUTAAS,2024-10-29,2024-10-30,913.1365,2024-11-14,1070.5126,TARGET,1,157.3761,20.1061,137.2699,0.15,0.0,0.175157,12,False
trap,ACUTAAS,2024-10-30,2024-10-31,948.8234,2024-11-25,1070.733,TIME,1,121.9096,20.1846,101.725,0.106978,0.0,0.148948,16,False
trap,ADANIENSOL,2018-07-24,2018-07-25,180.0,2018-07-26,167.4,STOP,5,-63.0,19.6019,-82.6019,-0.09158,-0.088611,0.0,2,False
trap,ADANIENSOL,2018-08-27,2018-08-28,204.0,2018-08-28,239.5832,TARGET,4,142.3329,19.6653,122.6676,0.15,0.0,0.0,1,False
trap,ADANIENSOL,2018-08-28,2018-08-29,230.0,2018-09-04,213.9,STOP,4,-64.4,19.6835,-84.0835,-0.091196,-0.099565,0.02913,5,False
trap,ADANIENSOL,2018-11-15,2018-11-16,213.0,2018-11-27,249.977,TARGET,4,147.9081,19.8287,128.0794,0.15,-0.015728,0.180516,7,False
trap,ADANIENSOL,2019-12-02,2019-12-03,333.0,2019-12-10,336.7,MOMENTUM_FAIL,2,7.4,18.7572,-11.3572,-0.017016,-0.069069,0.035135,6,False
trap,ADANIENSOL,2020-03-19,2020-03-20,209.0,2020-03-23,185.9,GAP_STOP,4,-92.4,19.2718,-111.6718,-0.133287,-0.110526,0.0,2,False
trap,ADANIENSOL,2021-02-15,2021-02-16,690.0,2021-02-17,812.8199,TARGET,1,122.8199,19.0936,103.7263,0.15,0.0,0.188406,2,False
trap,ADANIENSOL,2021-02-16,2021-02-17,767.0,2021-02-17,713.31,STOP,1,-53.69,19.0593,-72.7493,-0.094642,0.0,0.0,1,False
trap,ADANIENSOL,2023-11-29,2023-11-30,873.95,2023-12-05,1025.2574,TARGET,1,151.3074,19.9283,131.3791,0.15,-0.029693,0.240803,4,False
trap,ADANIENSOL,2024-11-28,2024-11-29,748.0,2024-12-20,767.55,TIME,1,19.55,19.1282,0.4218,0.000563,0.0,0.144184,16,False
trap,ADANIENSOL,2024-11-29,2024-12-02,844.9,2024-12-09,803.45,MOMENTUM_FAIL,1,-41.45,19.4131,-60.8632,-0.071879,-0.056693,0.0,6,False
trap,ADANIENT,2018-04-06,2018-04-09,94.847,2018-04-12,88.2077,STOP,10,-66.3929,19.7997,-86.1926,-0.090677,-0.103529,0.004993,4,False
trap,ADANIENT,2018-07-25,2018-07-26,122.6949,2018-08-08,114.1063,STOP,8,-68.7092,19.9347,-88.6438,-0.090112,-0.07592,0.077405,10,False
trap,ADANIENT,2018-09-06,2018-09-07,163.1346,2018-09-10,151.7151,STOP,6,-68.5165,19.9235,-88.44,-0.090158,-0.094402,0.0,2,False
trap,ADANIENT,2018-09-07,2018-09-10,155.9774,2018-09-11,145.0589,STOP,6,-65.5105,19.7482,-85.2587,-0.090903,-0.074051,0.0,2,False
trap,ADANIENT,2019-05-20,2019-05-21,152.7196,2019-06-12,151.2388,TIME,6,-8.8846,19.781,-28.6657,-0.031215,-0.051066,0.168714,16,False
trap,ADANIENT,2019-05-21,2019-05-22,153.0651,2019-06-13,151.1401,TIME,6,-11.5503,19.7843,-31.3346,-0.034045,-0.053209,0.166075,16,False
trap,ADANIENT,2020-08-19,2020-08-20,240.508,2020-08-25,281.7451,TARGET,4,164.9483,20.328,144.6203,0.15,-0.041874,0.33665,4,False
trap,ADANIENT,2020-08-25,2020-08-26,298.1422,2020-08-31,277.2722,STOP,3,-62.6099,19.5792,-82.189,-0.09169,-0.096154,0.0,4,False
trap,ADANIENT,2021-02-15,2021-02-16,757.8196,2021-03-03,891.1424,TARGET,1,133.3228,19.4013,113.9215,0.15,-0.040132,0.243289,12,False
trap,ADANIGREEN,2018-07-04,2018-07-05,29.8,2018-07-20,34.8987,TARGET,33,168.2575,20.425,147.8325,0.15,-0.057047,0.194631,12,False
trap,ADANIGREEN,2019-04-16,2019-04-18,44.9,2019-04-18,41.757,STOP,22,-69.146,19.9601,-89.1061,-0.09001,0.0,0.0,1,False
trap,ADANIGREEN,2019-04-18,2019-04-22,44.4,2019-04-30,40.05,MOMENTUM_FAIL,22,-95.7001,19.8596,-115.5597,-0.118046,-0.106982,0.039414,6,False
trap,ADANIGREEN,2019-05-20,2019-05-21,44.1,2019-06-12,43.15,TIME,22,-20.8999,19.9841,-40.884,-0.042048,-0.058957,0.07483,16,False
trap,ADANIGREEN,2019-05-21,2019-05-22,44.2,2019-06-13,43.4,TIME,22,-17.6,20.0001,-37.6001,-0.038583,-0.061086,0.072398,16,False
trap,ADANIGREEN,2019-10-04,2019-10-07,65.45,2019-10-11,76.6501,TARGET,15,168.0019,20.4175,147.5844,0.15,0.0,0.212376,4,False
trap,ADANIGREEN,2019-11-25,2019-11-26,114.5,2019-11-29,136.0,TARGET,8,172.0,20.148,151.852,0.165416,0.0,0.21179,4,False
trap,ADANIGREEN,2020-09-03,2020-09-04,542.75,2020-09-15,654.0,TARGET,1,111.25,18.4483,92.8017,0.170611,-0.049931,0.235928,8,False
trap,ADANIPORTS,2020-03-25,2020-03-26,249.0557,2020-03-30,231.6218,STOP,4,-69.7356,19.9945,-89.7301,-0.089874,-0.080147,0.007569,3,False
trap,ADANIPORTS,2023-02-06,2023-02-07,539.0874,2023-02-28,580.6952,TIME,1,41.6078,18.291,23.3168,0.043158,-0.029727,0.117182,16,False
trap,ADANIPOWER,2018-07-11,2018-07-12,4.11,2018-07-12,3.8223,STOP,242,-69.6234,19.988,-89.6114,-0.0899,0.0,0.0,1,False
trap,ADANIPOWER,2018-07-20,2018-07-23,4.93,2018-07-30,5.7725,TARGET,202,170.1871,20.4815,149.7056,0.15,-0.01217,0.208925,6,False
trap,ADANIPOWER,2018-07-31,2018-08-01,6.38,2018-08-02,5.9334,STOP,156,-69.6696,19.9907,-89.6603,-0.089889,-0.081505,0.0,2,False
trap,ADANIPOWER,2018-10-10,2018-10-11,5.6,2018-10-12,6.5569,TARGET,178,170.3327,20.4858,149.8469,0.15,0.0,0.219643,2,False
trap,ADANIPOWER,2018-10-11,2018-10-12,6.14,2018-10-16,7.1894,TARGET,162,170.0043,20.4762,149.5282,0.15,0.0,0.188925,3,False
trap,ADANIPOWER,2018-10-15,2018-10-16,7.06,2018-10-19,6.5658,STOP,141,-69.6822,19.9914,-89.6736,-0.089886,-0.070822,0.049575,3,False
trap,ADANIPOWER,2018-10-29,2018-10-30,8.39,2018-11-01,9.8246,TARGET,118,169.2827,20.455,148.8277,0.15,0.0,0.237187,3,False
trap,ADANIPOWER,2018-10-30,2018-10-31,9.0,2018-11-02,10.5389,TARGET,110,169.2796,20.4549,148.8247,0.15,0.0,0.172222,3,False
trap,ADANIPOWER,2019-02-15,2019-02-18,7.87,2019-02-19,7.3191,STOP,126,-69.4134,19.9757,-89.3891,-0.089948,-0.072427,0.0,2,False
trap,ADANIPOWER,2019-02-27,2019-02-28,9.52,2019-03-25,9.52,TIME,104,0.0,20.1106,-20.1106,-0.020268,-0.007353,0.118697,16,False
trap,ADANIPOWER,2019-05-20,2019-05-21,9.46,2019-06-12,9.82,TIME,105,37.8,20.2011,17.5988,0.017679,-0.05074,0.12685,16,False
trap,ADANIPOWER,2019-07-01,2019-07-02,12.15,2019-07-23,12.62,TIME,82,38.54,20.2153,18.3247,0.018353,-0.013992,0.131687,16,False
trap,ADANIPOWER,2019-07-02,2019-07-03,12.86,2019-07-24,12.51,TIME,77,-26.95,20.0563,-47.0062,-0.047367,-0.068429,0.069207,16,False
trap,ADANIPOWER,2020-04-20,2020-04-21,6.8,2020-04-21,6.324,STOP,146,-69.496,19.9805,-89.4765,-0.089929,0.0,0.0,1,False
trap,ADANIPOWER,2020-12-02,2020-12-03,9.28,2020-12-04,11.6,TARGET,107,248.2401,20.6282,227.6119,0.228726,0.0,0.378233,2,False
trap,ADANIPOWER,2020-12-04,2020-12-07,12.1,2020-12-07,11.253,STOP,82,-69.454,19.9781,-89.4321,-0.089939,0.0,0.0,1,False
trap,ADANIPOWER,2021-03-03,2021-03-04,12.74,2021-03-05,14.9176,TARGET,78,169.8557,20.4718,149.3839,0.15,0.0,0.175824,2,False
trap,ADANIPOWER,2021-03-04,2021-03-05,14.6,2021-03-17,17.0958,TARGET,68,169.7132,20.4676,149.2456,0.15,0.0,0.195206,8,False
trap,ADANIPOWER,2021-06-08,2021-06-09,31.2,2021-06-09,29.016,STOP,31,-67.704,19.8761,-87.5801,-0.090353,0.0,0.0,1,False
trap,ADANIPOWER,2022-02-11,2022-02-14,24.4,2022-02-14,22.692,STOP,40,-68.32,19.912,-88.232,-0.090204,0.0,0.0,1,False
trap,ADANIPOWER,2022-03-28,2022-03-29,30.93,2022-03-29,36.2188,TARGET,32,169.2424,20.4538,148.7886,0.15,0.0,0.0,1,False
trap,ADANIPOWER,2022-03-29,2022-03-30,35.4,2022-03-30,32.922,STOP,28,-69.384,19.974,-89.358,-0.089955,0.0,0.0,1,False
trap,ADANIPOWER,2022-04-01,2022-04-04,41.4,2022-04-06,48.4765,TARGET,24,169.8371,20.4713,149.3658,0.15,0.0,0.182367,3,False
trap,ADANIPOWER,2023-11-28,2023-11-29,91.34,2023-11-30,84.9462,STOP,10,-63.938,19.6566,-83.5946,-0.091321,-0.086709,0.0,2,False
trap,ADANIPOWER,2023-12-05,2023-12-06,109.0,2023-12-13,101.37,STOP,9,-68.67,19.9324,-88.6024,-0.090121,-0.086239,0.054495,6,False
trap,ADANIPOWER,2023-12-06,2023-12-07,113.59,2023-12-08,105.6387,STOP,8,-63.6104,19.6375,-83.2479,-0.09141,-0.088828,0.00361,2,False
trap,ADANIPOWER,2024-06-03,2024-06-04,174.6,2024-06-04,162.378,STOP,5,-61.11,19.4918,-80.6018,-0.092126,0.0,0.0,1,False
trap,ADANIPOWER,2024-11-27,2024-11-28,106.88,2024-12-19,101.66,TIME,9,-46.9799,19.896,-66.8759,-0.069372,-0.051834,0.099364,16,False
trap,ADANIPOWER,2024-11-28,2024-11-29,112.2,2024-12-06,107.22,MOMENTUM_FAIL,8,-39.84,19.6389,-59.4789,-0.06612,-0.048485,0.009982,6,False
trap,ADANIPOWER,2026-02-04,2026-02-05,155.29,2026-02-12,149.79,MOMENTUM_FAIL,6,-33.0,19.797,-52.797,-0.056541,-0.048232,0.0,6,False
trap,AEGISLOG,2020-03-27,2020-03-30,126.7962,2020-03-30,117.9205,STOP,7,-62.1302,19.5512,-81.6814,-0.091827,0.0,0.0,1,False
trap,AEGISLOG,2020-09-15,2020-09-16,231.8171,2020-09-18,215.5899,STOP,4,-64.9088,19.7132,-84.622,-0.09106,-0.075904,0.030522,3,False
trap,AEGISLOG,2020-09-16,2020-09-17,236.472,2020-09-18,219.919,STOP,4,-66.2122,19.7891,-86.0013,-0.090723,-0.094094,0.0,2,False
trap,AEGISLOG,2021-11-25,2021-11-26,212.7656,2021-12-17,207.1801,TIME,4,-22.342,19.4781,-41.8201,-0.049032,-0.058681,0.107434,16,False
trap,AEGISLOG,2022-03-03,2022-03-04,197.8697,2022-03-07,184.0188,STOP,5,-69.2544,19.9665,-89.2209,-0.089985,-0.092411,0.0,2,False
trap,AEGISLOG,2022-07-21,2022-07-22,226.6494,2022-08-08,265.7402,TARGET,4,156.3634,20.0765,136.2869,0.15,0.0,0.216216,12,False
trap,AEGISLOG,2022-07-22,2022-07-25,246.9257,2022-08-01,249.8223,MOMENTUM_FAIL,4,11.5865,20.1241,-8.5376,-0.008625,-0.024808,0.027885,6,False
trap,AEGISLOG,2024-04-24,2024-04-25,585.1369,2024-04-29,691.7171,TARGET,1,106.5802,18.6177,87.9624,0.15,-0.002685,0.187096,3,False
trap,AEGISLOG,2024-04-29,2024-04-30,684.3534,2024-05-02,636.4487,STOP,1,-47.9047,18.7221,-66.6268,-0.097145,-0.088379,0.0,2,False
trap,AEGISLOG,2024-05-27,2024-05-28,724.6095,2024-05-31,673.8868,STOP,1,-50.7227,18.8863,-69.609,-0.095855,-0.07622,0.043361,4,False
trap,AEGISLOG,2025-02-05,2025-02-06,774.4588,2025-02-12,720.2467,STOP,1,-54.2121,19.0897,-73.3018,-0.094443,-0.080447,0.076126,5,False
trap,AEGISLOG,2025-03-27,2025-03-28,868.4058,2025-03-28,807.6174,STOP,1,-60.7884,19.473,-80.2614,-0.092222,0.0,0.0,1,False
trap,AEGISLOG,2025-10-03,2025-10-06,864.3941,2025-10-08,803.8865,STOP,1,-60.5076,19.4567,-79.9642,-0.092307,-0.074799,0.0,3,False
trap,AEGISLOG,2026-06-12,2026-06-15,949.8886,2026-06-25,1112.9563,TARGET,1,163.0677,20.2729,142.7948,0.15,0.0,0.209121,9,False
trap,AEGISVOPAK,2026-06-15,2026-06-16,233.8202,2026-07-06,274.0215,TARGET,4,160.8054,20.2066,140.5988,0.15,-0.029702,0.21018,14,False
trap,AEGISVOPAK,2026-07-06,2026-07-07,274.8004,2026-07-28,292.46,TIME,3,52.9788,19.5189,33.4599,0.040498,-0.045125,0.133514,16,False
trap,AFFLE,2019-09-26,2019-09-27,238.2,2019-09-30,221.526,STOP,4,-66.696,19.8173,-86.5133,-0.090601,-0.074223,0.028547,2,False
trap,AFFLE,2019-10-23,2019-10-24,282.6,2019-10-24,262.818,STOP,3,-59.346,19.389,-78.735,-0.092667,0.0,0.0,1,False
trap,AFFLE,2019-11-13,2019-11-14,333.0,2019-11-21,337.91,MOMENTUM_FAIL,2,9.82,18.7621,-8.9421,-0.013397,-0.034685,0.037778,6,False
trap,AFFLE,2020-02-12,2020-02-13,390.92,2020-02-28,363.5556,STOP,2,-54.7288,19.1198,-73.8486,-0.094249,-0.116955,0.1751,11,False
trap,AFFLE,2020-08-11,2020-08-12,433.2,2020-08-19,422.64,MOMENTUM_FAIL,2,-21.12,19.5453,-40.6653,-0.046834,-0.048938,0.015189,6,False
trap,AFFLE,2020-08-26,2020-08-27,597.8,2020-08-28,530.93,GAP_STOP,1,-66.87,18.318,-85.188,-0.142192,-0.11186,0.0,2,False
trap,AIIL,2024-06-06,2024-06-07,195.2173,2024-06-14,228.6423,TARGET,5,167.1249,20.3918,146.7331,0.15,0.0,0.177133,6,False
trap,AIIL,2024-06-07,2024-06-10,213.4113,2024-06-19,198.4725,STOP,4,-59.7552,19.4128,-79.168,-0.092539,-0.073549,0.076779,7,False
trap,AIIL,2024-08-09,2024-08-12,279.7526,2024-08-22,328.3975,TARGET,3,145.9348,19.7709,126.1639,0.15,-0.04475,0.196357,8,False
trap,AIIL,2024-08-12,2024-08-13,292.7411,2024-08-14,272.2492,STOP,3,-61.4756,19.5131,-80.9887,-0.092018,-0.087133,0.0,2,False
trap,AIIL,2024-08-21,2024-08-22,327.6003,2024-09-12,320.9062,TIME,3,-20.0823,20.0389,-40.1212,-0.040734,-0.050901,0.116228,16,False
trap,AIIL,2026-06-15,2026-06-16,558.05,2026-06-23,539.25,MOMENTUM_FAIL,1,-18.8,18.2481,-37.048,-0.066244,-0.048472,0.007437,6,False
trap,ALOKINDS,2026-10-07,2026-10-08,8.5,2026-10-09,9.0,TIME,117,58.5,20.2483,38.2517,0.038379,-0.008235,0.092941,2,False
trap,AMBER,2019-05-27,2019-05-28,823.4739,2019-06-04,836.6841,MOMENTUM_FAIL,1,13.2102,19.434,-6.2238,-0.007541,-0.011744,0.038804,6,False
trap,AMBUJACEM,2023-12-05,2023-12-06,509.0575,2023-12-13,503.1761,MOMENTUM_FAIL,1,-5.8814,18.0675,-23.9489,-0.046943,-0.063398,0.0,6,False
trap,ANANTRAJ,2019-05-24,2019-05-27,13.9522,2019-06-06,12.9756,STOP,71,-69.3426,19.9716,-89.3142,-0.089964,-0.070175,0.052632,8,False
trap,ANANTRAJ,2019-05-27,2019-05-28,14.5642,2019-06-04,13.7279,MOMENTUM_FAIL,68,-56.8696,19.996,-76.8656,-0.077444,-0.061625,0.004202,6,False
trap,ANANTRAJ,2019-08-29,2019-08-30,12.6468,2019-09-13,14.81,TARGET,78,168.7294,20.4388,148.2906,0.15,-0.0,0.174193,9,False
trap,ANANTRAJ,2020-08-10,2020-08-11,11.4239,2020-08-18,11.1959,MOMENTUM_FAIL,87,-19.8416,20.0862,-39.9278,-0.040086,-0.056261,0.030853,6,False
trap,ANANTRAJ,2020-09-28,2020-09-29,13.1862,2020-10-05,15.4412,TARGET,75,169.1197,20.4502,148.6694,0.15,-0.042453,0.176101,4,False
trap,ANANTRAJ,2020-11-19,2020-11-20,23.0647,2020-11-20,21.4502,STOP,43,-69.4247,19.9764,-89.4011,-0.089945,0.0,0.0,1,False
trap,ANANTRAJ,2020-11-24,2020-11-25,27.0567,2020-11-25,25.1627,STOP,36,-68.1828,19.904,-88.0868,-0.090237,0.0,0.0,1,False
trap,ANANTRAJ,2021-01-12,2021-01-13,31.3477,2021-01-21,37.726,TARGET,31,197.7279,20.4359,177.292,0.182043,-0.066246,0.20347,7,False
trap,ANANTRAJ,2022-07-20,2022-07-21,69.491,2022-08-12,67.0588,TIME,14,-34.0506,19.9686,-54.0192,-0.055404,-0.043572,0.135,16,False
trap,ANANTRAJ,2022-08-24,2022-08-25,74.405,2022-08-30,87.1557,TARGET,13,165.7587,20.3518,145.4069,0.15,0.0,0.174116,4,False
trap,ANANTRAJ,2022-09-30,2022-10-03,95.3516,2022-10-25,105.2789,TIME,10,99.2728,20.1583,79.1144,0.08279,-0.004165,0.154607,16,False
trap,ANANTRAJ,2024-08-16,2024-08-19,588.324,2024-09-09,606.8712,TIME,1,18.5472,18.4519,0.0953,0.000162,-0.013136,0.079407,16,False
trap,ANANTRAJ,2024-08-19,2024-08-20,605.525,2024-08-27,605.4253,MOMENTUM_FAIL,1,-0.0997,18.4866,-18.5863,-0.030628,-0.041169,0.048744,6,False
trap,ANANTRAJ,2025-09-22,2025-09-23,677.8363,2025-10-15,661.4631,TIME,1,-16.3731,18.7588,-35.1319,-0.051716,-0.036748,0.095294,16,False
trap,ANGELONE,2020-10-27,2020-10-28,26.7701,2020-10-28,24.8962,STOP,37,-69.3346,19.9711,-89.3057,-0.089966,0.0,0.0,1,False
trap,ANGELONE,2020-10-28,2020-10-29,26.2538,2020-10-30,30.7397,TARGET,38,170.4633,20.4896,149.9737,0.15,0.0,0.263333,2,False
trap,ANGELONE,2021-05-04,2021-05-05,39.2642,2021-05-06,45.9834,TARGET,25,167.9795,20.4168,147.5627,0.15,-0.004835,0.179369,2,False
trap,ANGELONE,2021-05-07,2021-05-10,50.7189,2021-05-11,59.4137,TARGET,19,165.2003,20.3354,144.8649,0.15,0.0,0.20918,2,False
trap,ANGELONE,2021-05-10,2021-05-11,57.4091,2021-05-21,68.2807,TARGET,17,184.8167,20.4273,164.3894,0.168072,-0.008819,0.18937,8,False
trap,ANGELONE,2021-05-11,2021-05-12,59.7597,2021-05-24,70.0121,TARGET,16,164.0383,20.3013,143.7369,0.15,-0.047807,0.190166,8,False
trap,ANGELONE,2021-06-07,2021-06-08,83.1709,2021-06-09,77.3489,STOP,11,-64.0416,19.6626,-83.7042,-0.091292,-0.095548,0.0,2,False
trap,ANGELONE,2021-07-19,2021-07-20,124.9891,2021-07-20,116.2399,STOP,7,-61.2447,19.4996,-80.7443,-0.092086,0.0,0.0,1,False
trap,ANGELONE,2021-10-13,2021-10-14,146.0298,2021-10-19,135.8077,STOP,6,-61.3325,19.5047,-80.8373,-0.09206,-0.129894,0.028216,3,False
trap,ANGELONE,2022-03-21,2022-03-22,150.1926,2022-03-29,139.5918,MOMENTUM_FAIL,6,-63.6049,19.6056,-83.2105,-0.092136,-0.091436,0.012226,6,False
trap,ANGELONE,2022-04-22,2022-04-25,172.3484,2022-05-04,160.284,STOP,5,-60.322,19.4458,-79.7678,-0.092364,-0.103522,0.078976,7,False
trap,ANGELONE,2024-08-20,2024-08-21,256.3188,2024-08-28,252.6377,MOMENTUM_FAIL,3,-11.0433,19.1544,-30.1977,-0.039185,-0.041335,0.026335,6,False
trap,ANGELONE,2024-08-21,2024-08-22,260.8285,2024-08-29,247.7521,MOMENTUM_FAIL,3,-39.2291,19.1541,-58.3832,-0.07445,-0.057911,0.0,6,False
trap,ANGELONE,2024-10-15,2024-10-16,304.9865,2024-10-22,283.6374,STOP,3,-64.0472,19.663,-83.7101,-0.091291,-0.096999,0.020537,5,False
trap,ANGELONE,2024-10-16,2024-10-17,310.2816,2024-10-22,288.5619,STOP,3,-65.1591,19.7278,-84.8869,-0.090994,-0.112409,0.0,4,False
trap,ANURAS,2025-03-04,2025-03-05,717.3193,2025-03-27,746.064,TIME,1,28.7446,19.0174,9.7273,0.013531,0.0,0.126548,16,False
trap,APARINDS,2019-08-08,2019-08-09,538.3871,2019-08-09,500.7,STOP,1,-37.6871,18.1266,-55.8137,-0.103442,0.0,0.0,1,False
trap,APARINDS,2021-04-26,2021-04-27,531.2749,2021-04-27,494.0856,STOP,1,-37.1892,18.0976,-55.2868,-0.103837,0.0,0.0,1,False
trap,APARINDS,2022-05-27,2022-05-30,683.9116,2022-06-08,805.7885,TARGET,1,121.877,19.066,102.811,0.15,-0.036568,0.182841,8,False
trap,APARINDS,2022-06-15,2022-06-16,861.767,2022-06-17,801.4433,STOP,1,-60.3237,19.4459,-79.7696,-0.092363,-0.072888,0.042527,2,False
trap,APARINDS,2022-06-20,2022-06-21,959.977,2022-06-21,892.7786,STOP,1,-67.1984,19.8466,-87.045,-0.090476,0.0,0.0,1,False
trap,APLAPOLLO,2018-01-04,2018-01-05,221.2813,2018-01-12,214.5108,MOMENTUM_FAIL,4,-27.0823,19.6123,-46.6946,-0.05264,-0.057234,0.016234,6,False
trap,APLAPOLLO,2019-03-05,2019-03-06,134.9045,2019-03-13,135.5605,MOMENTUM_FAIL,7,4.5925,19.9267,-15.3342,-0.016203,-0.012968,0.030259,6,False
trap,APLAPOLLO,2020-03-26,2020-03-27,128.6409,2020-03-30,119.6361,STOP,7,-63.0341,19.6039,-82.638,-0.09157,-0.091048,0.0,2,False
trap,APLAPOLLO,2020-09-15,2020-09-16,275.1356,2020-09-22,255.8761,STOP,3,-57.7785,19.2976,-77.0761,-0.093176,-0.098211,0.0,5,False
trap,APOLLOTYRE,2021-02-02,2021-02-03,212.6327,2021-02-24,221.0528,TIME,4,33.6808,19.5899,14.0908,0.016531,-0.02785,0.116188,16,False
trap,APTUS,2023-03-06,2023-03-08,268.8865,2023-03-08,250.0644,STOP,3,-56.4662,19.2211,-75.6873,-0.093623,0.0,0.0,1,False
trap,ARE&M,2022-11-07,2022-11-09,580.1733,2022-11-30,626.3903,TIME,1,46.2169,18.4739,27.7431,0.047714,0.0,0.086054,16,False
trap,ARE&M,2026-04-22,2026-04-23,913.5254,2026-04-30,869.3402,MOMENTUM_FAIL,1,-44.1852,19.6973,-63.8825,-0.069777,-0.055767,0.005005,6,False
trap,ARE&M,2026-04-23,2026-04-24,909.5492,2026-05-04,879.4297,MOMENTUM_FAIL,1,-30.1195,19.7092,-49.8287,-0.054664,-0.051639,0.0,6,False
trap,ARFIN,2026-10-07,2026-10-08,104.29,2026-10-09,105.14,TIME,9,7.65,19.9088,-12.2588,-0.013032,-0.019273,0.091476,2,False
trap,ASAHIINDIA,2020-01-13,2020-01-14,241.2811,2020-01-15,224.3915,STOP,4,-67.5587,19.8676,-87.4263,-0.090388,-0.081881,0.0,2,False
trap,ASAHIINDIA,2021-10-28,2021-10-29,400.7258,2021-11-12,470.7658,TARGET,2,140.0799,19.5993,120.4806,0.15,0.0,0.225544,10,False
trap,ASAHIINDIA,2021-11-12,2021-11-15,475.2301,2021-11-29,441.964,STOP,2,-66.5322,19.8078,-86.34,-0.090642,-0.088919,0.089438,10,False
trap,ASAHIINDIA,2021-11-15,2021-11-16,509.9429,2021-11-18,474.2469,STOP,1,-35.696,18.0105,-53.7065,-0.105089,-0.073197,0.0,3,False
trap,ASAHIINDIA,2023-08-28,2023-08-29,593.489,2023-09-05,559.8087,MOMENTUM_FAIL,1,-33.6804,18.3674,-52.0478,-0.087507,-0.068,0.01,6,False
trap,ASAHIINDIA,2024-09-20,2024-09-23,774.1175,2024-09-30,785.965,MOMENTUM_FAIL,1,11.8475,19.2228,-7.3753,-0.009507,-0.030866,0.04945,6,False
trap,ASAHIINDIA,2024-09-23,2024-09-24,807.4198,2024-09-27,750.9004,STOP,1,-56.5194,19.2242,-75.7436,-0.093605,-0.070777,0.003638,4,False
trap,ASHOKLEY,2019-09-23,2019-09-24,34.2045,2019-09-25,31.8102,STOP,29,-69.4352,19.977,-89.4122,-0.089943,-0.083442,0.0,2,False
trap,ASHOKLEY,2020-03-27,2020-03-30,18.5398,2020-04-03,17.242,STOP,53,-68.7827,19.939,-88.7217,-0.090095,-0.078788,0.082424,4,False
trap,ASHOKLEY,2020-04-30,2020-05-04,22.495,2020-05-07,20.9203,STOP,44,-69.2845,19.9682,-89.2527,-0.089978,-0.084915,0.015984,4,False
trap,ASHOKLEY,2020-06-08,2020-06-09,24.5175,2020-06-09,22.8013,STOP,40,-68.649,19.9312,-88.5802,-0.090126,0.0,0.0,1,False
trap,ASHOKLEY,2020-08-13,2020-08-14,27.8659,2020-08-27,32.6375,TARGET,35,167.0041,20.3882,146.6158,0.15,-0.029839,0.187097,10,False
trap,ASHOKLEY,2021-02-02,2021-02-03,60.6758,2021-02-10,60.1814,MOMENTUM_FAIL,16,-7.9104,20.0131,-27.9235,-0.0287,-0.035556,0.028889,6,False
trap,ASTERDM,2020-06-17,2020-06-18,93.0465,2020-06-25,94.6325,MOMENTUM_FAIL,10,15.8603,19.8911,-4.0309,-0.004323,-0.060877,0.047078,6,False
trap,ASTERDM,2020-11-12,2020-11-13,116.9123,2020-12-07,127.2215,TIME,8,82.473,20.0472,62.4258,0.066599,-0.005168,0.162791,16,False
trap,ASTERDM,2021-08-18,2021-08-20,140.3628,2021-08-30,164.3805,TARGET,7,168.1242,20.4211,147.7031,0.15,-0.004035,0.180522,7,False
trap,ASTERDM,2023-07-04,2023-07-05,249.194,2023-07-12,234.1645,MOMENTUM_FAIL,4,-60.1177,20.0164,-80.1341,-0.080218,-0.064555,0.0,6,False
trap,ASTERDM,2023-11-29,2023-11-30,299.6822,2023-12-21,293.527,TIME,3,-18.4658,19.6886,-38.1543,-0.042346,-0.038054,0.069556,16,False
trap,ASTRAL,2020-11-17,2020-11-18,817.6389,2020-11-25,808.124,MOMENTUM_FAIL,1,-9.515,19.3631,-28.878,-0.035242,-0.066998,0.005818,6,False
trap,ATGL,2018-11-22,2018-11-26,113.396,2018-11-26,105.4582,STOP,8,-63.5017,19.6312,-83.1329,-0.09144,0.0,0.0,1,False
trap,ATGL,2019-04-01,2019-04-02,132.7259,2019-04-09,130.4898,MOMENTUM_FAIL,7,-15.6526,19.8211,-35.4738,-0.038098,-0.040808,0.025833,6,False
trap,ATGL,2019-05-28,2019-05-29,161.5967,2019-06-20,157.3729,TIME,6,-25.3427,19.9724,-45.3151,-0.046635,-0.044281,0.132534,16,False
trap,ATGL,2019-05-29,2019-05-30,166.9137,2019-06-20,155.2297,STOP,5,-58.4198,19.335,-77.7548,-0.092964,-0.074725,0.096457,15,False
trap,ATGL,2020-06-03,2020-06-04,136.8734,2020-06-11,133.7786,MOMENTUM_FAIL,7,-21.6641,19.9315,-41.5955,-0.043319,-0.034646,0.033917,6,False
trap,ATGL,2020-11-18,2020-11-19,339.7876,2020-11-19,316.0025,STOP,2,-47.5703,18.7026,-66.2729,-0.097308,0.0,0.0,1,False
trap,ATGL,2021-02-17,2021-02-18,514.1489,2021-02-19,478.1585,STOP,1,-35.9904,18.0277,-54.0181,-0.104834,-0.109417,0.009515,2,False
trap,ATGL,2021-03-03,2021-03-04,643.9342,2021-03-17,759.62,TARGET,1,115.6858,18.8845,96.8013,0.15,0.0,0.207674,9,False
trap,ATGL,2021-03-04,2021-03-05,696.8465,2021-03-22,820.7267,TARGET,1,123.8801,19.1246,104.7555,0.15,-0.038682,0.22063,11,False
trap,ATGL,2023-11-29,2023-11-30,746.2644,2023-11-30,694.0259,STOP,1,-52.2385,18.9747,-71.2132,-0.095218,0.0,0.0,1,False
trap,ATGL,2024-11-28,2024-11-29,808.8168,2024-12-04,752.1996,STOP,1,-56.6172,19.2299,-75.8471,-0.093571,-0.085125,0.007289,4,False
trap,ATGL,2024-11-29,2024-12-02,811.4149,2024-12-04,754.6158,STOP,1,-56.799,19.2405,-76.0395,-0.093508,-0.088054,0.0,3,False
trap,ATGL,2025-09-22,2025-09-23,789.7242,2025-09-23,734.4435,STOP,1,-55.2807,19.152,-74.4327,-0.094046,0.0,0.0,1,False
trap,ATGL,2026-03-12,2026-03-13,623.7821,2026-03-13,580.1174,STOP,1,-43.6648,18.475,-62.1397,-0.0994,0.0,0.0,1,False
trap,ATGL,2026-05-27,2026-05-29,821.6131,2026-05-29,764.1002,STOP,1,-57.5129,19.2821,-76.795,-0.093265,0.0,0.0,1,False
trap,AUBANK,2019-11-13,2019-11-14,403.2896,2019-11-21,406.0729,MOMENTUM_FAIL,2,5.5667,19.3471,-13.7804,-0.017048,-0.032536,0.022923,6,False
trap,AUBANK,2019-11-14,2019-11-15,407.564,2019-11-22,398.7666,MOMENTUM_FAIL,2,-17.5948,19.336,-36.9309,-0.045208,-0.042683,0.012195,6,False
trap,AUBANK,2020-01-24,2020-01-27,536.7916,2020-01-27,499.2162,STOP,1,-37.5754,18.1201,-55.6955,-0.10353,0.0,0.0,1,False
trap,AUBANK,2023-04-13,2023-04-17,666.6418,2023-04-24,660.5231,MOMENTUM_FAIL,1,-6.1187,18.7324,-24.8511,-0.037197,-0.0197,0.043206,6,False
trap,AUBANK,2023-04-17,2023-04-18,684.5005,2023-04-25,656.7922,MOMENTUM_FAIL,1,-27.7084,18.7639,-46.4722,-0.067744,-0.045276,0.015988,6,False
trap,AUROPHARMA,2020-02-19,2020-02-20,591.4691,2020-02-24,521.6486,GAP_STOP,1,-69.8205,18.2853,-88.1058,-0.148636,-0.200392,0.0,2,False
trap,AUROPHARMA,2020-02-20,2020-02-24,521.6486,2020-02-24,485.1332,STOP,1,-36.5154,18.0583,-54.5737,-0.104389,0.0,0.0,1,False
trap,AUROPHARMA,2020-03-27,2020-03-30,374.9531,2020-04-03,341.2266,GAP_STOP,2,-67.453,18.9591,-86.4121,-0.114979,-0.140464,0.072551,4,False
trap,AUROPHARMA,2020-04-21,2020-04-22,628.143,2020-04-29,604.3218,MOMENTUM_FAIL,1,-23.8212,18.5338,-42.355,-0.067282,-0.057231,0.022231,6,False
trap,AUROPHARMA,2020-04-22,2020-04-23,623.6493,2020-04-30,604.805,MOMENTUM_FAIL,1,-18.8444,18.525,-37.3693,-0.05979,-0.056249,0.014178,6,False
trap,AVANTIFEED,2018-06-07,2018-06-08,535.3389,2018-06-20,497.8652,STOP,1,-37.4737,18.1141,-55.5879,-0.10361,-0.101449,0.103679,9,False
trap,AVANTIFEED,2018-06-26,2018-06-27,539.6808,2018-06-28,501.9031,STOP,1,-37.7777,18.1319,-55.9095,-0.103371,-0.107572,0.0,2,False
trap,AVANTIFEED,2019-01-31,2019-02-01,326.697,2019-02-04,303.8282,STOP,3,-68.6064,19.9287,-88.5351,-0.090136,-0.090139,0.0,2,False
trap,AVANTIFEED,2019-05-28,2019-05-29,358.2324,2019-06-03,333.1561,STOP,2,-50.1525,18.8531,-69.0056,-0.096104,-0.079038,0.0,4,False
trap,AVANTIFEED,2019-10-22,2019-10-23,418.7067,2019-10-30,414.4792,MOMENTUM_FAIL,2,-8.455,19.4487,-27.9038,-0.033249,-0.062665,0.009219,6,False
trap,AVANTIFEED,2020-04-09,2020-04-13,362.6745,2020-04-13,337.2873,STOP,2,-50.7744,18.8894,-69.6638,-0.095832,0.0,0.0,1,False
trap,AVANTIFEED,2020-09-15,2020-09-16,510.6339,2020-09-21,474.8895,STOP,1,-35.7444,18.0133,-53.7577,-0.105047,-0.101275,0.0,4,False
trap,AVANTIFEED,2024-01-12,2024-01-15,536.1944,2024-01-17,498.6608,STOP,1,-37.5336,18.1176,-55.6512,-0.103563,-0.071892,0.023424,3,False
trap,AVANTIFEED,2024-06-06,2024-06-07,560.3473,2024-07-01,598.5089,TIME,1,38.1615,18.3737,19.7878,0.035236,0.0,0.158621,16,False
trap,AVANTIFEED,2024-06-07,2024-06-10,601.6488,2024-06-18,618.0728,MOMENTUM_FAIL,1,16.4239,18.5039,-2.0799,-0.00345,-0.055721,0.047531,6,False
trap,AVANTIFEED,2024-07-24,2024-07-25,704.2986,2024-08-01,691.7567,MOMENTUM_FAIL,1,-12.5419,18.8783,-31.4202,-0.044515,-0.062336,0.0,6,False
trap,AVANTIFEED,2026-02-03,2026-02-04,942.4138,2026-02-04,1104.324,TARGET,1,161.9101,20.239,141.6711,0.15,0.0,0.0,1,False
trap,AWL,2022-02-11,2022-02-14,362.3074,2022-02-21,336.9459,STOP,2,-50.723,18.8864,-69.6094,-0.095854,-0.107084,0.112026,6,False
trap,AWL,2022-03-29,2022-03-30,506.0565,2022-04-06,600.3898,TARGET,1,94.3333,18.2589,76.0744,0.15,-0.030863,0.196973,6,False
trap,AWL,2023-05-23,2023-05-24,496.4069,2023-05-25,450.8449,GAP_STOP,2,-91.124,19.9366,-111.0605,-0.11162,-0.112926,0.0,2,False
trap,AZAD,2024-01-31,2024-02-01,955.0,2024-02-16,1118.8593,TARGET,1,163.8593,20.2961,143.5632,0.15,-0.065969,0.197906,12,False
trap,BAJAJFINSV,2019-09-23,2019-09-24,826.7675,2019-10-01,842.7439,MOMENTUM_FAIL,1,15.9764,19.4535,-3.4771,-0.004196,-0.016534,0.044686,6,False
trap,BAJAJFINSV,2020-06-19,2020-06-22,595.0524,2020-07-13,644.145,TIME,1,49.0925,18.5425,30.55,0.051228,-0.036472,0.119115,16,False
trap,BAJFINANCE,2019-09-23,2019-09-24,390.9668,2019-10-01,387.8002,MOMENTUM_FAIL,2,-6.3332,19.2188,-25.552,-0.032607,-0.03354,0.021553,6,False
trap,BALKRISIND,2020-03-25,2020-03-26,806.4134,2020-03-31,749.9645,STOP,1,-56.4489,19.2201,-75.669,-0.093629,-0.087103,0.020024,4,False
trap,BALRAMCHIN,2018-05-22,2018-05-23,67.523,2018-05-23,62.7964,STOP,14,-66.1725,19.7868,-85.9594,-0.090733,0.0,0.0,1,False
trap,BALRAMCHIN,2018-09-14,2018-09-17,82.2536,2018-09-18,76.4959,STOP,12,-69.093,19.9571,-89.0501,-0.090022,-0.085651,0.088432,2,False
trap,BALRAMCHIN,2018-09-17,2018-09-18,87.1028,2018-09-18,81.0056,STOP,11,-67.0692,19.8391,-86.9083,-0.090508,0.0,0.0,1,False
trap,BALRAMCHIN,2018-10-10,2018-10-11,85.9134,2018-10-17,79.8995,STOP,11,-66.1533,19.7857,-85.939,-0.090738,-0.093717,0.105431,5,False
trap,BALRAMCHIN,2021-04-15,2021-04-16,253.4906,2021-04-19,235.7463,STOP,3,-53.233,19.0327,-72.2657,-0.09482,-0.071592,0.0,2,False
trap,BALRAMCHIN,2021-05-03,2021-05-04,316.9843,2021-05-04,294.7954,STOP,3,-66.5667,19.8098,-86.3765,-0.090633,0.0,0.0,1,False
trap,BALRAMCHIN,2022-01-04,2022-01-05,410.7729,2022-01-12,410.1921,MOMENTUM_FAIL,2,-1.1615,19.3966,-20.5581,-0.024969,-0.034519,0.030867,6,False
trap,BALRAMCHIN,2026-08-20,2026-08-21,747.35,2026-08-24,695.0355,STOP,1,-52.3145,18.9791,-71.2936,-0.095187,-0.092795,0.005821,2,False
trap,BANDHANBNK,2019-09-23,2019-09-24,515.4648,2019-09-25,479.3822,STOP,1,-36.0825,18.0331,-54.1156,-0.104755,-0.086142,0.0,2,False
trap,BANDHANBNK,2019-10-11,2019-10-14,558.9029,2019-11-05,566.6252,TIME,1,7.7223,18.3057,-10.5833,-0.018895,-0.053541,0.122625,16,False
trap,BANDHANBNK,2020-03-27,2020-03-30,217.2385,2020-03-31,202.0318,STOP,4,-60.8268,19.4753,-80.302,-0.092211,-0.117974,0.017552,2,False
trap,BANDHANBNK,2020-04-30,2020-05-04,236.496,2020-05-06,219.9413,STOP,4,-66.2189,19.7895,-86.0084,-0.090721,-0.093265,0.034694,3,False
trap,BANDHANBNK,2024-07-29,2024-07-30,212.9688,2024-08-05,198.061,STOP,4,-59.6313,19.4056,-79.0368,-0.092577,-0.08167,0.006684,5,False
trap,BANKBARODA,2021-01-13,2021-01-14,64.7061,2021-01-28,60.1767,STOP,15,-67.9414,19.8899,-87.8313,-0.090295,-0.143995,0.072329,10,False
trap,BANKBARODA,2021-02-18,2021-02-19,82.3962,2021-02-19,76.6284,STOP,12,-69.2128,19.964,-89.1768,-0.089994,0.0,0.0,1,False
trap,BANKBARODA,2022-11-09,2022-11-10,146.8433,2022-11-17,144.8087,MOMENTUM_FAIL,6,-12.2075,19.6254,-31.8329,-0.036051,-0.036747,0.016867,6,False
trap,BANKINDIA,2020-06-04,2020-06-05,35.4105,2020-06-12,32.3462,GAP_STOP,28,-85.8023,19.9418,-105.7442,-0.106419,-0.086538,0.052885,6,False
trap,BANKINDIA,2020-06-16,2020-06-17,42.2628,2020-06-24,49.5019,TARGET,23,166.499,20.3734,146.1255,0.15,-0.032226,0.186304,6,False
trap,BANKINDIA,2021-02-16,2021-02-17,61.0321,2021-02-17,71.4816,TARGET,16,167.191,20.3937,146.7973,0.15,0.0,0.0,1,False
trap,BANKINDIA,2021-02-18,2021-02-19,81.6315,2021-02-19,75.9173,STOP,12,-68.5705,19.9266,-88.4971,-0.090145,0.0,0.0,1,False
trap,BATAINDIA,2026-06-18,2026-06-19,749.1839,2026-06-22,696.741,STOP,1,-52.4429,18.9866,-71.4295,-0.095135,-0.075732,0.0,2,False
trap,BBOX,2018-05-30,2018-05-31,27.3029,2018-05-31,25.3917,STOP,36,-68.8032,19.9402,-88.7434,-0.09009,0.0,0.0,1,False
trap,BBOX,2019-01-04,2019-01-07,20.8757,2019-01-11,24.4483,TARGET,47,167.9104,20.4148,147.4956,0.15,-0.052029,0.226253,5,False
trap,BBOX,2019-01-07,2019-01-08,23.3968,2019-01-08,21.759,STOP,42,-68.7865,19.9392,-88.7256,-0.090094,0.0,0.0,1,False
trap,BBOX,2019-02-21,2019-02-22,19.0522,2019-02-26,22.3097,TARGET,52,169.3903,20.4582,148.9322,0.15,0.0,0.202929,3,False
trap,BBOX,2019-05-27,2019-05-28,22.5498,2019-06-18,20.9713,STOP,44,-69.4533,19.9781,-89.4313,-0.089939,-0.079982,0.086169,15,False
trap,BBOX,2019-08-20,2019-08-21,25.3996,2019-08-21,23.6217,STOP,39,-69.341,19.9715,-89.3125,-0.089965,0.0,0.0,1,False
trap,BBOX,2019-08-21,2019-08-22,24.3035,2019-08-29,22.4402,MOMENTUM_FAIL,41,-76.3981,19.9819,-96.38,-0.096513,-0.085691,0.049611,6,False
trap,BBOX,2020-06-09,2020-06-10,67.6393,2020-06-11,61.7802,GAP_STOP,14,-82.0281,19.7614,-101.7895,-0.107257,-0.092222,0.0,2,False
trap,BBOX,2020-10-19,2020-10-20,96.0582,2020-10-23,112.5306,TARGET,10,164.7238,20.3214,144.4024,0.15,-0.064938,0.172199,4,False
trap,BBOX,2020-10-20,2020-10-21,99.0775,2020-10-21,92.1421,STOP,10,-69.3542,19.9723,-89.3265,-0.089962,0.0,0.0,1,False
trap,BBOX,2020-10-26,2020-10-27,119.5148,2020-10-27,111.1487,STOP,8,-66.9283,19.8309,-86.7592,-0.090543,0.0,0.0,1,False
trap,BBOX,2020-10-27,2020-10-28,122.5639,2020-11-11,113.9844,STOP,8,-68.6358,19.9304,-88.5662,-0.090129,-0.072846,0.088618,11,False
trap,BBOX,2022-01-04,2022-01-05,185.3406,2022-01-24,172.3667,STOP,5,-64.8692,19.7109,-84.5801,-0.091071,-0.107419,0.149462,14,False
trap,BBOX,2022-05-13,2022-05-16,171.3902,2022-05-16,159.3929,STOP,5,-59.9866,19.4263,-79.4129,-0.092467,0.0,0.0,1,False
trap,BBOX,2022-05-16,2022-05-17,180.5576,2022-05-17,167.9186,STOP,5,-63.1952,19.6133,-82.8085,-0.091525,0.0,0.0,1,False
trap,BBOX,2022-12-27,2022-12-28,141.098,2022-12-29,131.2211,STOP,7,-69.138,19.9597,-89.0977,-0.090012,-0.076271,0.0,2,False
trap,BBOX,2023-04-03,2023-04-05,100.6918,2023-04-13,118.0591,TARGET,9,156.3058,20.0748,136.231,0.15,-0.035626,0.286492,6,False
trap,BBOX,2023-04-17,2023-04-18,134.4217,2023-05-10,143.3898,TIME,7,62.7766,20.031,42.7456,0.045329,-0.02854,0.102298,16,False
trap,BBOX,2023-07-07,2023-07-10,173.2835,2023-07-13,203.3116,TARGET,5,150.1408,19.8941,130.2467,0.15,-0.033352,0.230305,4,False
trap,BBOX,2023-07-12,2023-07-13,199.2909,2023-07-20,197.298,MOMENTUM_FAIL,5,-9.9645,20.1172,-30.0817,-0.030123,-0.05925,0.039,6,False
trap,BBOX,2023-10-27,2023-10-30,247.9179,2023-11-08,230.5637,STOP,4,-69.417,19.9759,-89.393,-0.089947,-0.074759,0.058481,8,False
trap,BBOX,2024-06-26,2024-06-27,325.5417,2024-06-28,381.2778,TARGET,3,167.2083,20.3942,146.8141,0.15,-0.031283,0.176553,2,False
trap,BBOX,2024-07-01,2024-07-02,387.0728,2024-07-24,413.1799,TIME,2,52.2141,19.3051,32.909,0.042417,-0.060368,0.106964,16,False
trap,BBOX,2026-04-28,2026-04-29,637.0368,2026-05-08,751.6545,TARGET,1,114.6177,18.8532,95.7644,0.15,-0.035899,0.194545,7,False
trap,BDL,2019-02-28,2019-03-01,135.24,2019-03-05,125.7732,STOP,7,-66.2676,19.7924,-86.06,-0.090709,-0.088816,0.0,2,False
trap,BDL,2020-03-27,2020-03-30,80.5929,2020-04-08,94.4042,TARGET,12,165.7354,20.3511,145.3843,0.15,0.0,0.323699,6,False
trap,BDL,2020-04-08,2020-04-09,104.1185,2020-05-04,96.8302,STOP,9,-65.5947,19.7532,-85.3478,-0.090881,-0.073378,0.111409,15,False
trap,BDL,2020-07-03,2020-07-06,178.9814,2020-07-07,209.892,TARGET,5,154.5529,20.0234,134.5295,0.15,0.0,0.184279,2,False
trap,BDL,2020-07-06,2020-07-07,199.7119,2020-07-08,185.7321,STOP,4,-55.9193,19.1892,-75.1086,-0.093816,-0.085608,0.011663,2,False
trap,BDL,2022-04-08,2022-04-11,350.575,2022-04-18,412.8483,TARGET,2,124.5466,19.1442,105.4024,0.15,0.0,0.229485,4,False
trap,BDL,2022-04-11,2022-04-12,373.0039,2022-04-19,438.7507,TARGET,2,131.4936,19.3477,112.1458,0.15,-0.058823,0.182876,4,False
trap,BEL,2020-03-27,2020-03-30,21.8796,2020-04-01,20.348,STOP,45,-68.9207,19.947,-88.8677,-0.090062,-0.072264,0.049553,3,False
trap,BEL,2024-05-21,2024-05-22,272.5623,2024-06-04,253.483,STOP,3,-57.2381,19.2661,-76.5042,-0.093358,-0.169495,0.166065,10,False
trap,BEML,2018-11-02,2018-11-05,278.1374,2018-11-28,306.7028,TIME,3,85.6961,19.6278,66.0684,0.079007,-0.015576,0.113442,16,False
trap,BEML,2021-11-29,2021-11-30,753.7734,2021-12-20,701.0092,STOP,1,-52.7641,19.0053,-71.7695,-0.095006,-0.103188,0.126418,15,False
trap,BEML,2022-08-11,2022-08-12,707.2788,2022-09-06,746.2348,TIME,1,38.956,18.9958,19.9602,0.02816,-0.003005,0.117729,16,False
trap,BERGEPAINT,2019-09-23,2019-09-24,345.3502,2019-10-01,348.121,MOMENTUM_FAIL,2,5.5416,18.8577,-13.3161,-0.019237,-0.02093,0.034419,6,False
trap,BHARATFORG,2020-03-26,2020-03-27,280.2226,2020-03-27,260.607,STOP,3,-58.8467,19.3599,-78.2066,-0.092826,0.0,0.0,1,False
trap,BHARATFORG,2020-04-17,2020-04-20,278.3464,2020-04-21,258.8621,STOP,3,-58.4527,19.3369,-77.7896,-0.092954,-0.113204,0.0,2,False
trap,BHARATFORG,2020-04-20,2020-04-21,271.3228,2020-04-21,252.3302,STOP,3,-56.9778,19.2509,-76.2287,-0.093446,0.0,0.0,1,False
trap,BHARATFORG,2020-04-30,2020-05-04,287.1981,2020-05-04,267.0942,STOP,3,-60.3116,19.4452,-79.7568,-0.092367,0.0,0.0,1,False
trap,BHARATFORG,2020-08-13,2020-08-14,478.3267,2020-08-21,471.255,MOMENTUM_FAIL,2,-14.1433,19.9406,-34.084,-0.035551,-0.030373,0.015488,6,False
trap,BHARTIARTL,2020-03-26,2020-03-27,444.357,2020-03-27,413.252,STOP,2,-62.21,19.5559,-81.7659,-0.091804,0.0,0.0,1,False
trap,BHARTIHEXA,2024-04-18,2024-04-19,931.1485,2024-04-26,876.943,MOMENTUM_FAIL,1,-54.2055,19.7514,-73.9569,-0.079252,-0.078478,0.045897,6,False
trap,BHEL,2019-10-18,2019-10-22,54.049,2019-10-24,50.2656,STOP,18,-68.1017,19.8993,-88.001,-0.090257,-0.080983,0.00455,3,False
trap,BHEL,2019-10-22,2019-10-23,51.2949,2019-10-30,60.0789,TARGET,19,166.8951,20.3851,146.5101,0.15,-0.047939,0.17162,6,False
trap,BHEL,2020-05-13,2020-05-14,26.4589,2020-05-14,24.6068,STOP,37,-68.5286,19.9242,-88.4528,-0.090155,0.0,0.0,1,False
trap,BHEL,2020-05-14,2020-05-15,27.0491,2020-05-19,25.1556,STOP,36,-68.1637,19.9029,-88.0666,-0.090242,-0.08,0.034546,3,False
trap,BHEL,2020-06-19,2020-06-22,32.4097,2020-06-24,37.961,TARGET,30,166.5372,20.3746,146.1626,0.15,0.0,0.207891,3,False
trap,BHEL,2020-07-06,2020-07-07,43.0326,2020-07-14,38.2622,MOMENTUM_FAIL,23,-109.7209,19.8858,-129.6066,-0.130663,-0.12,0.0,6,False
trap,BHEL,2021-02-25,2021-02-26,45.2457,2021-03-04,52.9783,TARGET,22,170.1168,20.4795,149.6374,0.15,0.0,0.219565,5,False
trap,BHEL,2021-05-11,2021-05-12,73.0325,2021-05-12,67.9203,STOP,13,-66.4596,19.8036,-86.2632,-0.09066,0.0,0.0,1,False
trap,BHEL,2024-03-04,2024-03-05,263.8697,2024-03-12,245.3988,STOP,3,-55.4126,19.1597,-74.5723,-0.093998,-0.084181,0.024482,5,False
trap,BLS,2018-04-03,2018-04-04,32.6556,2018-04-11,32.4542,MOMENTUM_FAIL,30,-6.0428,20.0543,-26.0971,-0.026581,-0.039187,0.04717,6,False
trap,BLS,2019-11-19,2019-11-20,17.0793,2019-11-20,15.8837,STOP,58,-69.3419,19.9716,-89.3134,-0.089964,0.0,0.0,1,False
trap,BLS,2020-04-13,2020-04-15,8.6003,2020-04-15,7.9983,STOP,116,-69.8343,20.0003,-89.8346,-0.089851,0.0,0.0,1,False
trap,BLS,2020-06-26,2020-06-29,15.0444,2020-07-20,16.2315,TIME,66,78.3475,20.2821,58.0653,0.058351,-0.044283,0.099839,16,False
trap,BLS,2021-01-08,2021-01-11,30.6662,2021-01-11,28.5196,STOP,32,-68.6923,19.9337,-88.626,-0.090116,0.0,0.0,1,False
trap,BLS,2021-06-02,2021-06-03,30.7154,2021-06-24,31.7401,TIME,32,32.789,20.147,12.642,0.012834,-0.029786,0.157665,16,False
trap,BLS,2021-08-24,2021-08-25,46.3537,2021-09-02,54.2924,TARGET,21,166.7129,20.3797,146.3332,0.15,0.0,0.23079,7,False
trap,BLS,2021-08-25,2021-08-26,48.7933,2021-09-08,57.1479,TARGET,20,167.0908,20.3908,146.7,0.15,-0.02225,0.21,10,False
trap,BLS,2021-09-16,2021-09-17,73.1708,2021-09-20,68.0488,STOP,13,-66.5854,19.8109,-86.3963,-0.090629,-0.084265,0.0,2,False
trap,BLS,2022-04-07,2022-04-08,80.6706,2022-04-19,80.3886,MOMENTUM_FAIL,12,-3.3836,20.0106,-23.3943,-0.024114,-0.035562,0.030395,6,False
trap,BLS,2022-04-08,2022-04-11,80.9158,2022-05-05,88.8234,TIME,12,94.892,20.2232,74.6688,0.076732,-0.030303,0.145454,16,False
trap,BLS,2022-09-13,2022-09-14,140.4173,2022-09-26,130.5881,STOP,7,-68.8045,19.9402,-88.7447,-0.09009,-0.073588,0.061353,9,False
trap,BLS,2022-09-14,2022-09-15,148.0997,2022-09-16,137.7327,STOP,6,-62.2019,19.5554,-81.7573,-0.091806,-0.081869,0.0,2,False
trap,BLS,2024-03-15,2024-03-18,353.0083,2024-03-19,328.2977,STOP,2,-49.4212,18.8105,-68.2316,-0.096432,-0.096729,0.0,2,False
trap,BLS,2025-01-17,2025-01-20,495.5786,2025-01-20,460.8881,STOP,2,-69.381,19.9738,-89.3548,-0.089955,0.0,0.0,1,False
trap,BLS,2025-03-24,2025-03-25,416.9341,2025-03-27,387.7487,STOP,2,-58.3708,19.3321,-77.7029,-0.09298,-0.07737,0.0,3,False
trap,BLS,2025-10-17,2025-10-20,321.8772,2025-10-28,304.4904,MOMENTUM_FAIL,3,-52.1602,19.9011,-72.0613,-0.074463,-0.059557,0.024931,6,False
trap,BLS,2026-02-05,2026-02-06,298.4967,2026-02-12,277.602,STOP,3,-62.6843,19.5835,-82.2678,-0.091669,-0.075506,0.005642,5,False
trap,BLS,2026-03-25,2026-03-27,258.2337,2026-03-30,240.1573,STOP,3,-54.2291,19.0907,-73.3198,-0.094436,-0.095827,0.0,2,False
trap,BLUESTARCO,2020-08-27,2020-08-28,329.5506,2020-08-31,306.4821,STOP,3,-69.2056,19.9636,-89.1692,-0.089996,-0.108347,0.038481,2,False
trap,BLUESTARCO,2020-09-15,2020-09-16,336.4941,2020-09-18,312.9395,STOP,2,-47.1092,18.6757,-65.7849,-0.097537,-0.100093,0.0,3,False
trap,BPCL,2019-09-23,2019-09-24,145.5774,2019-10-03,170.7828,TARGET,6,151.2322,19.9261,131.3061,0.15,-0.012225,0.189207,7,False
trap,BPCL,2020-04-07,2020-04-08,118.3742,2020-05-04,117.664,TIME,8,-5.6817,19.9171,-25.5987,-0.026973,-0.039428,0.071,16,False
trap,BPCL,2020-07-17,2020-07-20,149.1516,2020-08-03,138.7109,STOP,6,-62.6437,19.5812,-82.2248,-0.09168,-0.07449,0.090703,11,False
trap,BRIGADE,2020-06-08,2020-06-09,100.5284,2020-06-09,93.4914,STOP,9,-63.3329,19.6213,-82.9542,-0.091487,0.0,0.0,1,False
trap,BRIGADE,2021-09-01,2021-09-02,261.7694,2021-09-22,307.6294,TARGET,3,137.5798,19.5261,118.0538,0.15,0.0,0.191102,14,False
trap,BSE,2021-05-26,2021-05-27,96.8041,2021-06-17,94.468,TIME,10,-23.3608,19.9699,-43.3308,-0.044664,-0.037837,0.051059,16,False
trap,BSE,2021-07-19,2021-07-20,140.9971,2021-07-22,131.1273,STOP,7,-69.0886,19.9568,-89.0453,-0.090023,-0.088155,0.0,2,False
trap,BSE,2021-12-02,2021-12-03,202.7953,2021-12-14,238.1919,TARGET,4,141.5867,19.6435,121.9432,0.15,-0.047495,0.212422,8,False
trap,BSE,2022-03-10,2022-03-11,283.1301,2022-03-15,332.2981,TARGET,3,147.504,19.8169,127.6871,0.15,0.0,0.173832,3,False
trap,BSE,2022-03-11,2022-03-14,286.4113,2022-04-05,288.1101,TIME,3,5.0964,19.5685,-14.4721,-0.016806,-0.036308,0.160384,16,False
trap,BSE,2022-03-14,2022-03-15,329.7011,2022-03-15,306.622,STOP,3,-69.2372,19.9655,-89.2027,-0.089989,0.0,0.0,1,False
trap,BSE,2023-08-31,2023-09-01,351.4475,2023-09-07,413.856,TARGET,2,124.8169,19.1521,105.6648,0.15,0.0,0.185408,5,False
trap,BSE,2023-09-01,2023-09-04,366.6749,2023-09-08,431.4415,TARGET,2,129.5332,19.2903,110.243,0.15,-0.004045,0.211685,5,False
trap,BSE,2023-11-13,2023-11-15,784.1074,2023-11-21,729.2199,STOP,1,-54.8875,19.1291,-74.0166,-0.09419,-0.101303,0.040353,5,False
trap,BSOFT,2020-02-03,2020-02-04,80.2732,2020-02-20,94.0349,TARGET,12,165.1413,20.3337,144.8076,0.15,-0.00507,0.172032,13,False
trap,BSOFT,2020-08-06,2020-08-07,133.9011,2020-08-18,156.9181,TARGET,7,161.1193,20.2158,140.9035,0.15,-0.039604,0.223745,8,False
trap,BSOFT,2020-08-19,2020-08-20,156.4963,2020-08-31,145.5415,STOP,6,-65.7284,19.761,-85.4894,-0.090847,-0.093529,0.076177,8,False
trap,BSOFT,2020-12-23,2020-12-24,243.4718,2021-01-01,230.6965,MOMENTUM_FAIL,4,-51.1012,19.9381,-71.0393,-0.072785,-0.064639,0.0,6,False
trap,BSOFT,2021-05-25,2021-05-26,287.5375,2021-06-08,337.388,TARGET,3,149.5516,19.8769,129.6748,0.15,-0.017225,0.238892,10,False
trap,CAMS,2021-04-16,2021-04-19,368.5008,2021-04-28,433.5502,TARGET,2,130.0988,19.3069,110.7919,0.15,0.0,0.200473,7,False
trap,CAMS,2021-07-14,2021-07-15,642.4015,2021-07-23,606.8898,MOMENTUM_FAIL,1,-35.5117,18.5702,-54.0819,-0.084003,-0.064712,0.024543,6,False
trap,CAMS,2023-11-15,2023-11-16,535.7319,2023-11-23,533.2595,MOMENTUM_FAIL,1,-2.4724,18.1871,-20.6594,-0.038479,-0.022499,0.046685,6,False
trap,CAMS,2024-07-30,2024-07-31,899.2618,2024-08-02,836.3135,STOP,1,-62.9483,19.5989,-82.5472,-0.091594,-0.070004,0.0,3,False
trap,CANBK,2018-10-30,2018-10-31,43.8418,2018-11-06,40.7729,STOP,22,-67.5164,19.8652,-87.3816,-0.090398,-0.072394,0.022587,5,False
trap,CANBK,2022-01-27,2022-01-28,41.0065,2022-02-18,40.3294,TIME,24,-16.2504,20.0525,-36.3028,-0.036807,-0.041486,0.126109,16,False
trap,CANFINHOME,2018-10-01,2018-10-03,241.8096,2018-10-04,224.8829,STOP,4,-67.7067,19.8763,-87.5829,-0.090352,-0.084772,0.0,2,False
trap,CANFINHOME,2018-10-25,2018-10-26,239.5111,2018-11-19,250.0654,TIME,4,42.2171,20.0613,22.1558,0.023076,-0.036232,0.131023,16,False
trap,CANFINHOME,2020-01-21,2020-01-22,443.617,2020-02-12,481.776,TIME,2,76.3181,19.8317,56.4864,0.063527,-0.040191,0.103668,16,False
trap,CANFINHOME,2020-01-22,2020-01-23,430.5514,2020-02-13,477.6724,TIME,2,94.242,19.7579,74.4842,0.08631,0.0,0.13716,16,False
trap,CAPLIPOINT,2020-02-06,2020-02-07,336.3461,2020-02-12,312.8018,STOP,2,-47.0884,18.6745,-65.763,-0.097548,-0.07147,0.097983,4,False
trap,CAPLIPOINT,2020-03-27,2020-03-30,248.801,2020-04-13,292.707,TARGET,4,175.6243,20.4898,155.1345,0.155542,0.0,0.22353,8,False
trap,CAPLIPOINT,2020-06-10,2020-06-11,369.7865,2020-06-11,343.9015,STOP,2,-51.7701,18.9474,-70.7175,-0.095411,0.0,0.0,1,False
trap,CAPLIPOINT,2020-08-04,2020-08-05,516.14,2020-08-06,612.0349,TARGET,1,95.8949,18.3046,77.5903,0.15,0.0,0.190643,2,False
trap,CAPLIPOINT,2020-08-06,2020-08-07,629.32,2020-08-07,585.2676,STOP,1,-44.0524,18.4976,-62.55,-0.099176,0.0,0.0,1,False
trap,CAPLIPOINT,2021-07-26,2021-07-27,941.4891,2021-07-27,875.5849,STOP,1,-65.9042,19.7712,-85.6754,-0.090801,0.0,0.0,1,False
trap,CARBORUNIV,2019-09-23,2019-09-24,321.397,2019-09-25,298.8992,STOP,3,-67.4934,19.8638,-87.3572,-0.090404,-0.092169,0.0,2,False
trap,CARBORUNIV,2020-12-01,2020-12-02,373.9123,2020-12-09,364.5401,MOMENTUM_FAIL,2,-18.7444,19.0495,-37.7939,-0.050428,-0.058747,0.038512,6,False
trap,CARTRADE,2022-02-01,2022-02-02,766.0,2022-02-07,712.38,STOP,1,-53.62,19.0552,-72.6752,-0.094669,-0.083812,0.0,4,False
trap,CARTRADE,2022-03-10,2022-03-11,576.45,2022-03-15,536.0985,STOP,1,-40.3515,18.2819,-58.6334,-0.101493,-0.070171,0.0,3,False
trap,CARTRADE,2023-06-05,2023-06-06,479.0,2023-06-27,480.55,TIME,2,3.1,19.9814,-16.8814,-0.017583,-0.01785,0.152401,16,False
trap,CARTRADE,2023-06-06,2023-06-07,487.7,2023-06-28,479.1,TIME,2,-17.2,20.0136,-37.2136,-0.038069,-0.03537,0.131843,16,False
trap,CARTRADE,2023-11-10,2023-11-13,860.0,2023-11-21,800.0,MOMENTUM_FAIL,1,-60.0,19.4391,-79.4391,-0.09217,-0.072093,0.019767,6,False
trap,CARTRADE,2023-11-13,2023-11-15,864.75,2023-11-21,804.2175,STOP,1,-60.5325,19.4581,-79.9906,-0.0923,-0.07719,0.007112,5,False
trap,CASTROLIND,2020-03-26,2020-03-27,73.7607,2020-03-30,68.4341,GAP_STOP,13,-69.2454,19.8379,-89.0833,-0.0927,-0.108082,0.0,2,False
trap,CASTROLIND,2023-12-26,2023-12-27,158.1584,2024-01-16,147.0873,STOP,6,-66.4265,19.8016,-86.2282,-0.090669,-0.075946,0.061622,15,False
trap,CASTROLIND,2024-07-04,2024-07-05,218.7577,2024-07-12,220.1403,MOMENTUM_FAIL,4,5.5302,19.636,-14.1059,-0.016085,-0.042,0.0408,6,False
trap,CCL,2020-05-29,2020-06-01,201.3272,2020-06-22,236.4965,TARGET,4,140.6772,19.6168,121.0604,0.15,-0.056826,0.178967,16,False
trap,CCL,2025-05-06,2025-05-07,659.0153,2025-05-07,777.0367,TARGET,1,118.0214,18.953,99.0684,0.15,0.0,0.0,1,False
trap,CCL,2025-05-07,2025-05-08,753.3934,2025-05-09,695.1054,GAP_STOP,1,-58.288,18.9925,-77.2805,-0.102353,-0.077367,0.0,2,False
trap,CDSL,2020-09-02,2020-09-03,222.7658,2020-09-08,207.1722,STOP,4,-62.3744,19.5655,-81.9399,-0.091757,-0.076914,0.016125,4,False
trap,CDSL,2021-07-13,2021-07-14,586.9742,2021-07-16,693.8389,TARGET,1,106.8647,18.6261,88.2386,0.15,0.0,0.202619,3,False
trap,CDSL,2021-07-14,2021-07-15,617.2967,2021-07-19,728.8573,TARGET,1,111.5606,18.7637,92.7969,0.15,0.0,0.206264,3,False
trap,CDSL,2022-05-31,2022-06-01,600.0682,2022-06-02,558.0635,STOP,1,-42.0048,18.3782,-60.383,-0.100407,-0.073429,0.0,2,False
trap,CDSL,2023-09-11,2023-09-12,686.5945,2023-09-12,638.5329,STOP,1,-48.0616,18.7312,-66.7929,-0.097069,0.0,0.0,1,False
trap,CEATLTD,2020-03-27,2020-03-30,665.9616,2020-04-09,785.0587,TARGET,1,119.0971,18.9845,100.1126,0.15,-0.01138,0.187767,7,False
trap,CEMPRO,2019-03-11,2019-03-12,134.1228,2019-03-18,124.7342,STOP,7,-65.7202,19.7605,-85.4807,-0.090849,-0.07971,0.0,5,False
trap,CEMPRO,2019-10-29,2019-10-30,49.8376,2019-11-01,59.0722,TARGET,20,184.6924,20.5148,164.1776,0.164353,0.0,0.185294,3,False
trap,CEMPRO,2020-06-19,2020-06-22,48.8604,2020-06-23,57.2253,TARGET,20,167.2986,20.3969,146.9017,0.15,-0.012,0.178,2,False
trap,CEMPRO,2020-08-20,2020-08-21,52.7692,2020-09-08,49.0754,STOP,18,-66.4892,19.8053,-86.2945,-0.090653,-0.083333,0.125,13,False
trap,CEMPRO,2021-01-11,2021-01-12,72.8705,2021-01-15,67.7696,STOP,13,-66.3122,19.795,-86.1072,-0.090698,-0.074848,0.0,4,False
trap,CEMPRO,2024-08-09,2024-08-12,556.8593,2024-08-20,543.8663,MOMENTUM_FAIL,1,-12.9929,18.2549,-31.2478,-0.055992,-0.057263,0.030101,6,False
trap,CEMPRO,2024-09-23,2024-09-24,562.0732,2024-10-01,535.0614,MOMENTUM_FAIL,1,-27.0118,18.2483,-45.2601,-0.080348,-0.072396,0.014072,6,False
trap,CEMPRO,2024-10-03,2024-10-04,638.7308,2024-10-08,594.0196,STOP,1,-44.7112,18.536,-63.2471,-0.098804,-0.082477,0.04891,3,False
trap,CEMPRO,2024-10-04,2024-10-07,651.7144,2024-10-07,606.0944,STOP,1,-45.62,18.5889,-64.2089,-0.098308,0.0,0.0,1,False
trap,CEMPRO,2025-05-14,2025-05-15,624.7026,2025-05-27,737.4102,TARGET,1,112.7075,18.7973,93.9103,0.15,0.0,0.186495,9,False
trap,CEMPRO,2025-05-15,2025-05-16,671.5627,2025-05-23,660.0219,MOMENTUM_FAIL,1,-11.5409,18.7421,-30.283,-0.044995,-0.059185,0.008445,6,False
trap,CEMPRO,2026-05-04,2026-05-05,928.2745,2026-05-18,863.2953,STOP,1,-64.9792,19.7173,-84.6965,-0.091042,-0.113523,0.056036,10,False
trap,CENTRALBK,2018-03-15,2018-03-16,84.046,2018-03-19,78.1628,STOP,11,-64.7154,19.7019,-84.4173,-0.091112,-0.12844,0.0,2,False
trap,CENTRALBK,2019-08-07,2019-08-08,19.8549,2019-08-13,18.4651,STOP,50,-69.4922,19.9803,-89.4725,-0.08993,-0.075243,0.002427,3,False
trap,CENTRALBK,2019-08-08,2019-08-09,19.4212,2019-08-14,18.0617,STOP,51,-69.3336,19.9711,-89.3047,-0.089966,-0.220844,0.009926,3,False
trap,CENTRALBK,2019-10-31,2019-11-01,22.4572,2019-11-06,20.8852,STOP,44,-69.1683,19.9614,-89.1298,-0.090005,-0.111588,0.094421,4,False
trap,CENTRALBK,2020-04-21,2020-04-22,16.1923,2020-04-22,15.0589,STOP,61,-69.1413,19.9599,-89.1012,-0.090011,0.0,0.0,1,False
trap,CENTRALBK,2020-06-29,2020-06-30,18.3128,2020-06-30,17.0309,STOP,54,-69.2223,19.9646,-89.1869,-0.089992,0.0,0.0,1,False
trap,CENTRALBK,2021-02-16,2021-02-17,16.2887,2021-02-17,19.073,TARGET,61,169.8391,20.4713,149.3678,0.15,0.0,0.0,1,False
trap,CENTRALBK,2021-06-22,2021-06-23,24.5295,2021-06-23,22.8124,STOP,40,-68.6826,19.9331,-88.6157,-0.090118,0.0,0.0,1,False
trap,CENTRALBK,2022-12-09,2022-12-12,31.8064,2022-12-13,37.247,TARGET,31,168.6599,20.4368,148.2231,0.15,0.0,0.218182,2,False
trap,CENTRALBK,2022-12-13,2022-12-14,38.505,2022-12-16,35.8097,STOP,25,-67.3838,19.8574,-87.2412,-0.090431,-0.071339,0.038799,3,False
trap,CENTRALBK,2022-12-14,2022-12-15,37.9749,2022-12-19,35.3167,STOP,26,-69.1144,19.9583,-89.0727,-0.090017,-0.114213,0.031726,3,False
trap,CENTRALBK,2023-09-14,2023-09-15,43.3242,2023-09-18,50.7276,TARGET,23,170.2794,20.4842,149.7952,0.15,0.0,0.245829,2,False
trap,CENTRALBK,2023-09-15,2023-09-18,45.0109,2023-09-18,52.7071,TARGET,22,169.3166,20.456,148.8606,0.15,0.0,0.0,1,False
trap,CENTRALBK,2023-09-18,2023-09-20,48.5771,2023-09-21,45.1767,STOP,20,-68.0079,19.8938,-87.9017,-0.090279,-0.083333,0.008928,2,False
trap,CESC,2020-04-17,2020-04-20,43.9823,2020-04-27,43.0262,MOMENTUM_FAIL,22,-21.0351,19.9729,-41.008,-0.042288,-0.040719,0.031271,6,False
trap,CESC,2023-12-05,2023-12-06,104.7402,2023-12-20,97.4084,STOP,9,-65.9864,19.776,-85.7623,-0.09078,-0.078727,0.074121,11,False
trap,CGCL,2018-10-12,2018-10-15,99.2169,2018-11-02,116.1784,TARGET,10,169.6154,20.4648,149.1507,0.15,-0.048433,0.202754,14,False
trap,CGCL,2018-10-15,2018-10-16,106.1894,2018-10-22,98.7561,STOP,9,-66.8993,19.8292,-86.7285,-0.09055,-0.078083,0.053239,4,False
trap,CGCL,2019-03-28,2019-04-01,164.7961,2019-04-24,165.8325,TIME,6,6.2188,20.1177,-13.8989,-0.014026,-0.053173,0.10263,16,False
trap,CGCL,2020-06-19,2020-06-22,137.644,2020-07-02,163.0516,TARGET,7,177.8531,20.3605,157.4926,0.163101,0.0,0.207877,9,False
trap,CGCL,2020-06-22,2020-06-23,147.0245,2020-07-14,159.6576,TIME,6,75.7983,19.8092,55.9892,0.063331,-0.05194,0.152934,16,False
trap,CGCL,2020-07-29,2020-07-30,168.8063,2020-08-17,198.1411,TARGET,5,146.6741,19.7925,126.8815,0.15,0.0,0.211732,13,False
trap,CGCL,2020-07-30,2020-07-31,178.2368,2020-08-21,192.194,TIME,5,69.7858,19.8351,49.9507,0.055928,0.0,0.147619,16,False
trap,CGCL,2021-06-01,2021-06-02,524.3369,2021-06-03,487.6334,STOP,1,-36.7036,18.0693,-54.7728,-0.104233,-0.086331,0.0,2,False
trap,CGCL,2022-04-19,2022-04-20,692.5729,2022-05-09,644.0928,STOP,1,-48.4801,18.7556,-67.2357,-0.096869,-0.073408,0.075656,13,False
trap,CGCL,2023-03-31,2023-04-03,634.307,2023-04-05,589.9055,STOP,1,-44.4015,18.5179,-62.9194,-0.098978,-0.081761,0.0,2,False
trap,CGCL,2024-01-08,2024-01-09,221.1579,2024-01-15,205.6768,STOP,4,-61.9242,19.5392,-81.4634,-0.091887,-0.094323,0.0,5,False
trap,CGCL,2024-01-17,2024-01-18,246.1328,2024-01-29,248.3771,MOMENTUM_FAIL,4,8.9774,20.1054,-11.128,-0.011278,-0.057751,0.038399,6,False
trap,CGCL,2024-03-05,2024-03-06,279.2996,2024-03-06,259.7486,STOP,3,-58.6529,19.3486,-78.0015,-0.092889,0.0,0.0,1,False
trap,CGCL,2024-04-03,2024-04-04,236.3074,2024-04-04,219.7659,STOP,4,-66.1661,19.7865,-85.9525,-0.090735,0.0,0.0,1,False
trap,CGCL,2025-03-26,2025-03-27,191.5348,2025-03-27,178.1273,STOP,5,-67.0372,19.8372,-86.8744,-0.090516,0.0,0.0,1,True
trap,CGCL,2025-06-09,2025-06-10,176.6815,2025-06-16,164.3138,STOP,5,-61.8385,19.5342,-81.3728,-0.091911,-0.092655,0.037006,5,False
trap,CGCL,2025-06-10,2025-06-11,177.6797,2025-06-16,164.6033,GAP_STOP,5,-65.3822,19.5481,-84.9303,-0.095391,-0.097753,0.025225,4,False
trap,CGPOWER,2019-03-01,2019-03-05,36.0563,2019-03-12,42.2314,TARGET,27,166.7273,20.3801,146.3472,0.15,-0.061644,0.189041,6,False
trap,CGPOWER,2019-03-05,2019-03-06,37.5874,2019-03-11,34.4757,GAP_STOP,26,-80.9044,19.8918,-100.7961,-0.102915,-0.099869,0.036794,4,False
trap,CGPOWER,2019-03-12,2019-03-13,41.5882,2019-04-05,38.677,STOP,23,-66.957,19.8326,-86.7896,-0.090536,-0.085511,0.124703,16,False
trap,CGPOWER,2023-11-23,2023-11-24,463.9449,2023-11-24,431.4688,STOP,2,-64.9523,19.7157,-84.668,-0.091049,0.0,0.0,1,False
trap,CHAMBLFERT,2019-05-17,2019-05-20,135.5606,2019-05-29,158.8346,TARGET,7,162.9183,20.2685,142.6498,0.15,-0.028203,0.179644,8,False
trap,CHAMBLFERT,2019-05-20,2019-05-21,138.9267,2019-06-12,150.3966,TIME,7,80.2893,20.1998,60.0895,0.061655,-0.05175,0.166617,16,False
trap,CHAMBLFERT,2021-05-14,2021-05-17,242.6806,2021-06-07,255.3882,TIME,4,50.8307,20.1323,30.6983,0.031555,0.0,0.128909,16,False
trap,CHAMBLFERT,2021-10-08,2021-10-11,380.1209,2021-10-12,353.5124,STOP,2,-53.2169,19.0317,-72.2486,-0.094826,-0.099647,0.0,2,False
trap,CHAMBLFERT,2024-06-20,2024-06-21,532.3068,2024-06-21,495.0453,STOP,1,-37.2615,18.1018,-55.3632,-0.103779,0.0,0.0,1,False
trap,CHEMPLASTS,2026-10-07,2026-10-08,227.6,2026-10-08,211.668,STOP,4,-63.728,19.6444,-83.3724,-0.091378,0.0,0.0,1,False
trap,CHENNPETRO,2020-01-13,2020-01-14,121.6064,2020-01-29,113.0939,STOP,8,-68.0996,19.8991,-87.9987,-0.090257,-0.088346,0.127535,12,False
trap,CHENNPETRO,2020-06-24,2020-06-25,70.3135,2020-06-30,65.3915,STOP,14,-68.9072,19.9462,-88.8534,-0.090066,-0.082045,0.022592,4,False
trap,CHENNPETRO,2020-10-22,2020-10-23,69.3938,2020-10-23,64.5362,STOP,14,-68.0059,19.8937,-87.8996,-0.09028,0.0,0.0,1,False
trap,CHENNPETRO,2022-03-09,2022-03-10,107.6022,2022-03-17,104.6341,MOMENTUM_FAIL,9,-26.7123,19.9647,-46.677,-0.048094,-0.059829,0.008936,6,False
trap,CHENNPETRO,2022-04-05,2022-04-06,127.9187,2022-04-11,150.0093,TARGET,7,154.634,20.0258,134.6083,0.15,0.0,0.198693,4,False
trap,CHENNPETRO,2022-04-06,2022-04-07,137.3663,2022-04-19,160.92,TARGET,7,164.8758,20.3259,144.5499,0.15,-0.024954,0.306147,7,False
trap,CHENNPETRO,2022-04-21,2022-04-22,187.8649,2022-04-29,220.7224,TARGET,5,164.2877,20.2308,144.057,0.153028,-0.029818,0.244103,6,False
trap,CHENNPETRO,2022-06-07,2022-06-08,308.4679,2022-06-13,286.8752,STOP,3,-64.7783,19.7056,-84.4838,-0.091095,-0.129692,0.059764,4,False
trap,CHENNPETRO,2022-06-08,2022-06-09,312.6901,2022-06-13,290.8018,STOP,3,-65.6649,19.7572,-85.4222,-0.090863,-0.141444,0.012567,3,False
trap,CHENNPETRO,2023-04-27,2023-04-28,258.2145,2023-05-08,256.6562,MOMENTUM_FAIL,3,-4.675,19.1914,-23.8664,-0.030742,-0.0504,0.010928,6,False
trap,CHENNPETRO,2023-09-11,2023-09-12,462.3027,2023-10-05,449.6412,TIME,2,-25.323,19.7825,-45.1055,-0.048677,-0.042495,0.070955,16,False
trap,CHENNPETRO,2024-01-11,2024-01-12,764.1062,2024-01-23,710.6188,STOP,1,-53.4874,19.0475,-72.5349,-0.094721,-0.102489,0.070881,7,False
trap,CHENNPETRO,2024-02-15,2024-02-16,865.1278,2024-02-29,804.5689,STOP,1,-60.5589,19.4596,-80.0186,-0.092292,-0.092292,0.079479,10,False
trap,CHENNPETRO,2024-04-25,2024-04-26,973.2687,2024-05-06,875.7167,MOMENTUM_FAIL,1,-97.5521,19.8409,-117.393,-0.120354,-0.103704,0.0,6,False
trap,CHENNPETRO,2025-06-23,2025-06-24,657.7726,2025-07-01,643.3808,MOMENTUM_FAIL,1,-14.3918,18.6781,-33.0699,-0.050166,-0.047346,0.003587,6,False
trap,CHENNPETRO,2025-10-31,2025-11-03,923.5883,2025-11-25,968.5556,TIME,1,44.9673,19.9214,25.0459,0.027059,-0.027535,0.135358,16,False
trap,CHOLAFIN,2020-03-25,2020-03-26,158.8273,2020-03-30,147.7094,STOP,6,-66.7075,19.818,-86.5255,-0.090598,-0.078882,0.142857,3,False
trap,CHOLAFIN,2020-04-08,2020-04-09,150.59,2020-04-17,176.5717,TARGET,6,155.8899,20.0626,135.8273,0.15,-0.050115,0.184409,5,False
trap,CHOLAFIN,2020-04-09,2020-04-13,167.7059,2020-04-13,155.9665,STOP,5,-58.6971,19.3511,-78.0482,-0.092874,0.0,0.0,1,False
trap,CHOLAFIN,2020-06-19,2020-06-22,198.2876,2020-07-13,202.4802,TIME,5,20.9631,20.159,0.8041,0.000809,-0.069652,0.084577,16,False
trap,CHOLAFIN,2020-06-22,2020-06-23,203.664,2020-06-25,189.4075,STOP,4,-57.0259,19.2537,-76.2797,-0.09343,-0.079196,0.013078,3,False
trap,CHOLAFIN,2020-11-02,2020-11-03,289.0954,2020-11-20,339.1872,TARGET,3,150.2754,19.8981,130.3773,0.15,-0.010066,0.175909,14,False
trap,CHOLAHLDNG,2020-06-03,2020-06-04,300.7575,2020-06-08,279.7045,STOP,3,-63.1591,19.6112,-82.7703,-0.091535,-0.071027,0.0,3,False
trap,CHOLAHLDNG,2020-08-13,2020-08-14,390.0885,2020-08-21,400.8938,MOMENTUM_FAIL,2,21.6107,19.2683,2.3424,0.002996,-0.050038,0.033955,6,False
trap,CIEINDIA,2019-09-23,2019-09-24,165.0573,2019-09-30,153.5033,STOP,6,-69.3241,19.9705,-89.2946,-0.089969,-0.071776,0.008579,5,False
trap,CIEINDIA,2021-02-15,2021-02-16,195.7843,2021-02-18,182.0794,STOP,5,-68.5245,19.9239,-88.4484,-0.090156,-0.073288,0.012777,3,False
trap,CIEINDIA,2021-02-16,2021-02-17,189.3179,2021-02-19,176.0657,STOP,5,-66.2613,19.792,-86.0533,-0.09071,-0.084019,0.029918,3,False
trap,CIEINDIA,2021-06-04,2021-06-07,215.5138,2021-06-09,200.4278,STOP,4,-60.3439,19.4471,-79.791,-0.092357,-0.070302,0.007008,3,False
trap,CIEINDIA,2022-04-26,2022-04-27,216.0548,2022-05-05,206.3992,MOMENTUM_FAIL,4,-38.6223,19.5005,-58.1228,-0.067108,-0.066372,0.02323,6,False
trap,CIEINDIA,2023-02-24,2023-02-27,420.3508,2023-03-06,399.8925,MOMENTUM_FAIL,2,-40.9166,19.3965,-60.3131,-0.071585,-0.071753,0.0,6,False
trap,CIPLA,2020-04-07,2020-04-08,474.2132,2020-04-09,555.6338,TARGET,2,162.8412,20.2663,142.575,0.15,0.0,0.227487,2,False
trap,CIPLA,2020-04-13,2020-04-15,576.7947,2020-04-22,560.3339,MOMENTUM_FAIL,1,-16.4608,18.332,-34.7928,-0.060189,-0.056994,0.017454,6,False
trap,COCHINSHIP,2020-03-30,2020-03-31,107.7203,2020-04-03,100.1799,STOP,9,-67.8638,19.8854,-87.7492,-0.090314,-0.076923,0.056923,3,False
trap,COCHINSHIP,2023-08-16,2023-08-17,395.1378,2023-09-05,464.3124,TARGET,2,138.3491,19.5486,118.8005,0.15,0.0,0.183345,14,False
trap,COCHINSHIP,2023-08-17,2023-08-18,428.6999,2023-08-21,398.6909,STOP,2,-60.018,19.4281,-79.4461,-0.092457,-0.072959,0.0,2,False
trap,COCHINSHIP,2023-09-08,2023-09-11,597.2148,2023-09-12,555.4098,STOP,1,-41.805,18.3666,-60.1716,-0.100534,-0.159885,0.0,2,False
trap,COCHINSHIP,2024-01-10,2024-01-11,775.8724,2024-01-31,918.2792,TARGET,1,142.4068,19.4961,122.9108,0.158071,-0.049874,0.196202,13,False
trap,COCHINSHIP,2024-01-11,2024-01-12,762.4664,2024-01-31,918.2792,TARGET,1,155.8128,19.4667,136.3461,0.178432,-0.02486,0.217234,12,False
trap,COCHINSHIP,2024-03-15,2024-03-18,884.4661,2024-03-26,880.7684,MOMENTUM_FAIL,1,-3.6977,19.6571,-23.3548,-0.026348,-0.036511,0.037681,6,False
trap,COFORGE,2018-01-25,2018-01-29,164.4158,2018-02-01,152.9067,STOP,6,-69.0546,19.9548,-89.0095,-0.090031,-0.081354,0.0,4,False
trap,COFORGE,2018-04-26,2018-04-27,212.2895,2018-05-03,197.4292,STOP,4,-59.4411,19.3945,-78.8355,-0.092637,-0.110189,0.019762,4,False
trap,COFORGE,2020-03-25,2020-03-26,232.929,2020-03-26,216.624,STOP,4,-65.2201,19.7313,-84.9514,-0.090979,0.0,0.0,1,False
trap,COFORGE,2020-05-06,2020-05-07,260.4003,2020-05-29,271.9314,TIME,3,34.5933,19.299,15.2943,0.019535,-0.046033,0.131539,16,False
trap,COFORGE,2020-05-07,2020-05-08,257.4263,2020-06-01,271.7908,TIME,3,43.0937,19.2787,23.815,0.03077,-0.035012,0.144611,16,False
trap,COFORGE,2021-05-06,2021-05-07,632.0149,2021-05-17,630.7881,MOMENTUM_FAIL,1,-1.2268,18.5962,-19.823,-0.031296,-0.068554,0.034084,6,False
trap,COFORGE,2021-05-07,2021-05-10,632.1929,2021-05-18,645.0325,MOMENTUM_FAIL,1,12.8396,18.6255,-5.7859,-0.009132,-0.058638,0.045637,6,False
trap,COHANCE,2020-04-09,2020-04-13,152.9604,2020-04-13,142.2532,STOP,6,-64.2434,19.6744,-83.9178,-0.091238,0.0,0.0,1,False
trap,COHANCE,2020-06-22,2020-06-23,238.6962,2020-06-25,221.9875,STOP,4,-66.8349,19.8254,-86.6604,-0.090566,-0.089796,0.087551,3,False
trap,COHANCE,2020-06-23,2020-06-24,259.5943,2020-06-24,241.4227,STOP,3,-54.5148,19.1074,-73.6222,-0.094329,0.0,0.0,1,False
trap,COHANCE,2026-04-10,2026-04-13,364.8,2026-04-27,429.2763,TARGET,2,128.9525,19.2733,109.6793,0.15,-0.040296,0.184485,10,False
trap,COHANCE,2026-04-27,2026-04-28,444.45,2026-05-18,413.3385,STOP,2,-62.223,19.5566,-81.7796,-0.0918,-0.120149,0.138486,14,False
trap,COHANCE,2026-04-28,2026-04-29,494.85,2026-04-29,460.2105,STOP,2,-69.279,19.9679,-89.2469,-0.089979,0.0,0.0,1,False
trap,CPCAP,2026-10-07,2026-10-08,155.22,2026-10-09,146.39,TIME,6,-52.98,19.7546,-72.7346,-0.077928,-0.061332,0.005025,2,False
trap,CREDITACC,2018-10-30,2018-10-31,289.5043,2018-11-06,339.6595,TARGET,3,150.4654,19.9036,130.5618,0.15,0.0,0.176148,5,False
trap,CREDITACC,2021-06-04,2021-06-07,742.8098,2021-06-09,690.8131,STOP,1,-51.9967,18.9606,-70.9573,-0.095317,-0.093629,0.0,3,False
trap,CREDITACC,2021-12-10,2021-12-13,602.1254,2021-12-13,711.3365,TARGET,1,109.2111,18.6948,90.5163,0.15,0.0,0.0,1,False
trap,CREDITACC,2021-12-13,2021-12-14,711.3592,2021-12-14,661.5641,STOP,1,-49.7951,18.8323,-68.6274,-0.096263,0.0,0.0,1,False
trap,CREDITACC,2022-03-14,2022-03-15,795.3929,2022-03-15,739.7154,STOP,1,-55.6775,19.1751,-74.8526,-0.093902,0.0,0.0,1,False
trap,CROMPTON,2024-05-17,2024-05-21,388.0384,2024-05-28,379.5774,MOMENTUM_FAIL,2,-16.922,19.1725,-36.0945,-0.046407,-0.037469,0.001504,6,False
trap,CROMPTON,2024-05-21,2024-05-22,378.3131,2024-05-29,383.0785,MOMENTUM_FAIL,2,9.5308,19.1442,-9.6135,-0.012678,-0.012725,0.032905,6,False
trap,CUB,2020-04-30,2020-05-04,100.4083,2020-05-11,95.9258,MOMENTUM_FAIL,9,-40.3427,19.6636,-60.0062,-0.066258,-0.049286,0.030714,6,False
trap,CUMMINSIND,2020-04-09,2020-04-13,323.1125,2020-04-23,378.4724,TARGET,3,166.0797,20.3612,145.7185,0.15,0.0,0.181615,8,False
trap,CUPID,2018-01-11,2018-01-12,3.091,2018-01-12,2.8747,STOP,322,-69.6718,19.9908,-89.6626,-0.089888,0.0,0.0,1,False
trap,CUPID,2018-04-05,2018-04-06,2.2184,2018-04-13,2.1212,MOMENTUM_FAIL,449,-43.6617,20.047,-63.7087,-0.06382,-0.051333,0.030667,6,False
trap,CUPID,2018-08-01,2018-08-02,1.8117,2018-08-02,1.6849,STOP,550,-69.7515,19.9954,-89.747,-0.08987,0.0,0.0,1,False
trap,CUPID,2019-03-13,2019-03-14,1.4465,2019-03-15,1.3452,STOP,689,-69.7626,19.9961,-89.7587,-0.089868,-0.094287,0.0,2,False
trap,CUPID,2019-05-27,2019-05-28,1.2708,2019-06-07,1.1818,STOP,785,-69.8297,20.0,-89.8297,-0.089852,-0.088842,0.080668,8,False
trap,CUPID,2019-05-28,2019-05-29,1.3047,2019-05-31,1.2133,STOP,764,-69.773,19.9967,-89.7697,-0.089865,-0.070959,0.052614,3,False
trap,CUPID,2019-07-24,2019-07-25,1.2234,2019-07-29,1.1377,STOP,815,-69.7932,19.9979,-89.7911,-0.089861,-0.104836,0.0,3,False
trap,CUPID,2019-10-23,2019-10-24,1.5309,2019-11-01,1.7925,TARGET,651,170.3011,20.4849,149.8163,0.15,-0.050633,0.217601,7,False
trap,CUPID,2020-01-14,2020-01-15,2.2722,2020-01-22,2.1131,STOP,439,-69.8233,19.9996,-89.8229,-0.089854,-0.081633,0.068571,6,False
trap,CUPID,2020-04-07,2020-04-08,1.4752,2020-04-09,1.372,STOP,676,-69.8075,19.9987,-89.8062,-0.089857,-0.074454,0.091143,2,False
trap,CUPID,2020-06-19,2020-06-22,1.9685,2020-06-24,1.8307,STOP,506,-69.7257,19.9939,-89.7197,-0.089876,-0.076239,0.0,3,False
trap,CUPID,2022-04-22,2022-04-25,3.0359,2022-04-26,2.8234,STOP,328,-69.7051,19.9927,-89.6978,-0.089881,-0.088818,0.0,2,False
trap,CUPID,2023-07-21,2023-07-24,3.0473,2023-07-31,2.8185,MOMENTUM_FAIL,327,-74.8156,19.9852,-94.8007,-0.09493,-0.089088,0.0,6,False
trap,CUPID,2023-08-11,2023-08-14,3.353,2023-08-16,3.1183,STOP,297,-69.7088,19.9929,-89.7017,-0.08988,-0.085702,0.0,2,False
trap,CUPID,2023-10-12,2023-10-13,4.757,2023-10-27,5.5701,TARGET,209,169.932,20.474,149.458,0.15,-0.0288,0.318058,10,False
trap,CUPID,2023-10-13,2023-10-16,4.7,2023-10-23,5.5032,TARGET,212,170.2707,20.484,149.7867,0.15,-0.013723,0.176489,6,False
trap,CUPID,2023-10-27,2023-10-30,6.0495,2023-11-03,7.0837,TARGET,164,169.6076,20.4645,149.143,0.15,0.0,0.234813,5,False
trap,CUPID,2023-10-30,2023-10-31,6.22,2023-11-03,7.283,TARGET,160,170.0849,20.4785,149.6064,0.15,-0.011254,0.200965,4,False
trap,CUPID,2023-11-03,2023-11-06,7.305,2023-11-13,8.7775,TARGET,136,200.26,20.5327,179.7273,0.180512,-0.05551,0.261944,6,False
trap,CUPID,2023-11-13,2023-11-15,9.16,2023-11-16,8.5188,STOP,108,-69.2496,19.9662,-89.2158,-0.089986,-0.088373,0.0,2,False
trap,CUPID,2025-04-16,2025-04-17,14.92,2025-04-25,14.808,MOMENTUM_FAIL,66,-7.392,20.0729,-27.4649,-0.02783,-0.046783,0.022386,6,False
trap,CUPID,2025-07-14,2025-07-15,26.0,2025-07-25,30.4466,TARGET,38,168.9698,20.4458,148.524,0.15,-0.018846,0.190692,9,False
trap,CUPID,2026-03-10,2026-03-11,91.75,2026-03-12,85.3275,STOP,10,-64.225,19.6733,-83.8983,-0.091243,-0.124796,0.0,2,False
trap,CUPID,2026-09-30,2026-10-01,313.5,2026-10-09,367.3712,TARGET,3,161.6137,20.2303,141.3834,0.15,-0.036364,0.173844,6,False
trap,CYIENT,2020-06-23,2020-06-24,229.3709,2020-07-15,238.186,TIME,4,35.2605,19.8758,15.3847,0.016732,-0.042101,0.133642,16,False
trap,CYIENT,2021-01-22,2021-01-25,548.7537,2021-01-25,510.341,STOP,1,-38.4128,18.1689,-56.5816,-0.102884,0.0,0.0,1,False
trap,CYIENT,2021-07-16,2021-07-19,945.5516,2021-07-27,887.5518,MOMENTUM_FAIL,1,-57.9999,19.8044,-77.8043,-0.082105,-0.07177,0.02134,6,False
trap,DALBHARAT,2020-06-24,2020-06-25,653.7237,2020-07-16,672.9365,TIME,1,19.2128,18.7294,0.4833,0.000738,-0.010145,0.103759,16,False
trap,DEEPA,2026-10-07,2026-10-08,229.0,2026-10-09,245.53,TIME,4,66.12,19.9324,46.1876,0.050313,0.0,0.091266,2,False
trap,DEEPAKFERT,2019-04-16,2019-04-18,137.3791,2019-04-22,127.7626,STOP,7,-67.3158,19.8535,-87.1692,-0.090447,-0.079236,0.006577,2,False
trap,DEEPAKFERT,2019-09-24,2019-09-25,96.7069,2019-09-30,89.9374,STOP,10,-67.6948,19.8756,-87.5704,-0.090355,-0.109678,0.004608,4,False
trap,DEEPAKFERT,2020-03-20,2020-03-23,66.4024,2020-03-23,61.7542,STOP,15,-69.7225,19.9937,-89.7163,-0.089877,0.0,0.0,1,False
trap,DEEPAKFERT,2020-08-03,2020-08-04,151.5223,2020-08-05,140.9157,STOP,6,-63.6394,19.6392,-83.2785,-0.091402,-0.07853,0.0,2,False
trap,DEEPAKFERT,2020-08-24,2020-08-25,163.5995,2020-08-31,152.1475,STOP,6,-68.7118,19.9348,-88.6466,-0.090112,-0.110869,0.013348,5,False
trap,DEEPAKFERT,2021-03-01,2021-03-02,198.4199,2021-03-05,184.5305,STOP,5,-69.447,19.9777,-89.4246,-0.08994,-0.082547,0.0,4,False
trap,DEEPAKFERT,2021-04-08,2021-04-09,252.9386,2021-04-12,233.9857,GAP_STOP,3,-56.8586,19.0183,-75.8769,-0.099776,-0.1284,0.0,2,False
trap,DEEPAKFERT,2021-06-10,2021-06-11,360.3381,2021-06-14,424.1233,TARGET,2,127.5705,19.2328,108.3378,0.15,-0.038701,0.185455,2,False
trap,DEEPAKFERT,2021-06-11,2021-06-14,370.5866,2021-06-15,435.9591,TARGET,2,130.7448,19.3258,111.419,0.15,0.0,0.198384,2,False
trap,DEEPAKFERT,2021-06-14,2021-06-15,420.2384,2021-06-21,382.8943,GAP_STOP,2,-74.6882,19.3268,-94.015,-0.111615,-0.088864,0.048998,5,False
trap,DEEPAKFERT,2024-06-20,2024-06-21,707.3418,2024-06-24,647.6629,GAP_STOP,1,-59.6789,18.7952,-78.4741,-0.1107,-0.104564,0.0,2,False
trap,DEEPAKNTR,2018-01-08,2018-01-09,267.8948,2018-01-10,249.1422,STOP,3,-56.2579,19.209,-75.4669,-0.093696,-0.071429,0.006428,2,False
trap,DEEPAKNTR,2020-03-03,2020-03-04,525.7684,2020-03-04,488.9646,STOP,1,-36.8038,18.0751,-54.8789,-0.104151,0.0,0.0,1,False
trap,DEEPAKNTR,2020-09-15,2020-09-16,845.8616,2020-09-22,786.6513,STOP,1,-59.2103,19.381,-78.5914,-0.09271,-0.101111,0.027302,5,False
trap,DELHIVERY,2022-07-07,2022-07-08,604.0,2022-07-15,605.1,MOMENTUM_FAIL,1,1.1,18.4826,-17.3826,-0.028716,-0.031705,0.039735,6,False
trap,DEVYANI,2021-12-08,2021-12-09,177.0,2021-12-27,164.61,STOP,5,-61.95,19.5407,-81.4907,-0.091879,-0.082203,0.123729,13,False
trap,DHANBANK,2026-10-07,2026-10-08,32.0,2026-10-09,33.96,TIME,31,60.76,20.2424,40.5176,0.040755,-0.010312,0.073125,2,False
trap,DIXON,2019-08-14,2019-08-16,465.1467,2019-08-23,462.2489,MOMENTUM_FAIL,2,-5.7956,19.8463,-25.6419,-0.027503,-0.069942,0.025476,6,False
trap,DIXON,2019-08-16,2019-08-19,468.0147,2019-08-20,435.2537,STOP,2,-65.5221,19.7489,-85.271,-0.0909,-0.074407,0.0,2,False
trap,DLF,2021-02-02,2021-02-03,286.0384,2021-02-24,298.6241,TIME,3,37.7571,19.6302,18.1269,0.021078,-0.0475,0.094,16,False
trap,DLF,2021-09-23,2021-09-24,388.0917,2021-10-18,423.9354,TIME,2,71.6875,19.3534,52.3341,0.067278,-0.018299,0.112018,16,False
trap,DPWIRES,2026-10-07,2026-10-08,227.4,2026-10-08,211.482,STOP,4,-63.672,19.6411,-83.3131,-0.091393,0.0,0.0,1,False
trap,DRREDDY,2020-04-07,2020-04-08,674.5344,2020-05-04,753.7563,TIME,1,79.2219,18.9395,60.2824,0.089174,0.0,0.161503,16,False
trap,DRREDDY,2020-04-08,2020-04-09,715.6762,2020-05-05,733.6447,TIME,1,17.9685,18.9885,-1.02,-0.001422,-0.035508,0.094732,16,False
trap,ECLERX,2019-11-22,2019-11-25,169.3303,2019-12-09,157.4771,STOP,5,-59.2656,19.3843,-78.6499,-0.092693,-0.07647,0.10353,11,False
trap,ECLERX,2019-11-25,2019-11-26,179.6229,2019-11-26,167.0493,STOP,5,-62.868,19.5942,-82.4622,-0.091617,0.0,0.0,1,False
trap,ECLERX,2020-04-15,2020-04-16,146.4209,2020-05-08,147.0683,TIME,6,3.8846,19.6474,-15.7628,-0.017903,-0.047619,0.131293,16,False
trap,ECLERX,2020-08-14,2020-08-17,224.4954,2020-08-24,263.2526,TARGET,4,155.0291,20.0374,134.9917,0.15,0.0,0.19648,6,False
trap,ECLERX,2020-12-23,2020-12-24,295.8827,2021-01-01,294.6028,MOMENTUM_FAIL,3,-3.8399,19.6702,-23.5101,-0.026428,-0.022472,0.042697,6,False
trap,ECLERX,2021-06-14,2021-06-15,597.7496,2021-06-17,555.9071,STOP,1,-41.8425,18.3688,-60.2112,-0.10051,-0.096802,0.0,3,False
trap,EIDPARRY,2019-11-13,2019-11-14,184.6131,2019-11-26,171.6902,STOP,5,-64.6146,19.696,-84.3106,-0.091138,-0.079639,0.05,9,False
trap,EIDPARRY,2019-11-14,2019-11-15,175.7631,2019-12-06,182.5196,TIME,5,33.7824,19.7095,14.0728,0.015978,-0.044396,0.10287,16,False
trap,EIDPARRY,2020-03-26,2020-03-27,118.9517,2020-03-30,139.3686,TARGET,8,163.3349,20.2807,143.0542,0.15,-0.04,0.1808,2,False
trap,EIDPARRY,2020-05-28,2020-05-29,181.2825,2020-06-05,212.5494,TARGET,5,156.3347,20.0756,136.2591,0.15,0.0,0.18084,6,False
trap,EIDPARRY,2020-06-22,2020-06-23,264.2632,2020-07-08,245.7647,STOP,3,-55.4953,19.1645,-74.6598,-0.093968,-0.07328,0.065178,12,False
trap,EIDPARRY,2021-05-03,2021-05-04,392.0649,2021-05-04,364.6204,STOP,2,-54.8891,19.1292,-74.0183,-0.09419,0.0,0.0,1,False
trap,EIHOTEL,2018-01-08,2018-01-09,179.0029,2018-01-09,166.4727,STOP,5,-62.651,19.5816,-82.2326,-0.091678,0.0,0.0,1,False
trap,EIHOTEL,2018-04-17,2018-04-18,193.0218,2018-04-24,179.5103,STOP,5,-67.5576,19.8676,-87.4252,-0.090388,-0.082757,0.012846,5,False
trap,EIHOTEL,2018-04-18,2018-04-19,188.8257,2018-04-25,175.6079,STOP,5,-66.089,19.782,-85.8709,-0.090754,-0.098485,0.035354,5,False
trap,EIHOTEL,2022-09-02,2022-09-05,188.6645,2022-09-06,175.458,STOP,5,-66.0326,19.7787,-85.8113,-0.090769,-0.073253,0.0,2,False
trap,EIHOTEL,2022-09-05,2022-09-06,182.2708,2022-09-27,183.8446,TIME,5,7.8691,19.7942,-11.9251,-0.013056,-0.039935,0.109012,16,False
trap,EIHOTEL,2024-02-07,2024-02-08,420.2562,2024-02-09,390.8383,STOP,2,-58.8359,19.3592,-78.1951,-0.09283,-0.091059,0.0,2,False
trap,EIHOTEL,2024-02-08,2024-02-09,408.3407,2024-02-13,379.7569,STOP,2,-57.1677,19.262,-76.4297,-0.093382,-0.128224,0.0,3,False
trap,EIHOTEL,2025-08-13,2025-08-14,406.4058,2025-08-22,404.3651,MOMENTUM_FAIL,2,-4.0814,19.3537,-23.4352,-0.028769,-0.062217,0.025597,6,False
trap,ELECON,2018-05-28,2018-05-29,34.4244,2018-06-01,32.0147,STOP,28,-67.4717,19.8626,-87.3343,-0.090409,-0.080282,0.007042,4,False
trap,ELECON,2018-11-01,2018-11-02,30.8853,2018-11-02,28.7234,STOP,32,-69.1832,19.9623,-89.1455,-0.090001,0.0,0.0,1,False
trap,ELECON,2019-11-04,2019-11-05,19.2059,2019-11-05,17.8615,STOP,51,-68.565,19.9263,-88.4913,-0.090146,0.0,0.0,1,False
trap,ELECON,2020-01-09,2020-01-10,19.1814,2020-01-31,19.5974,TIME,52,21.6282,20.1857,1.4426,0.001443,-0.058673,0.114796,16,False
trap,ELECON,2020-07-07,2020-07-08,14.6307,2020-07-08,13.6066,STOP,68,-69.6423,19.9891,-89.6313,-0.089895,0.0,0.0,1,False
trap,ELECON,2020-11-06,2020-11-09,13.1383,2020-11-10,12.2186,STOP,75,-68.9761,19.9502,-88.9263,-0.09005,-0.104283,0.001862,2,False
trap,ELECON,2021-01-05,2021-01-06,27.3286,2021-01-06,25.4156,STOP,36,-68.8682,19.9439,-88.8121,-0.090075,0.0,0.0,1,False
trap,ELECON,2021-02-25,2021-02-26,28.2828,2021-03-02,26.303,STOP,35,-69.2929,19.9687,-89.2616,-0.089976,-0.073529,0.018166,3,False
trap,ELECON,2021-04-20,2021-04-22,37.2863,2021-04-28,43.6747,TARGET,26,166.0963,20.3616,145.7347,0.15,0.0,0.286089,5,False
trap,ELECON,2021-04-22,2021-04-23,40.6137,2021-04-28,47.5685,TARGET,24,166.9147,20.3856,146.5291,0.15,-0.062048,0.180723,4,False
trap,ELECON,2021-04-28,2021-04-29,47.6844,2021-04-30,44.3465,STOP,20,-66.7582,19.821,-86.5792,-0.090585,-0.090303,0.0,2,False
trap,ELECON,2021-05-25,2021-05-26,52.2596,2021-06-03,61.193,TARGET,19,169.7337,20.4682,149.2655,0.15,-0.044944,0.175093,7,False
trap,ELECON,2021-08-16,2021-08-17,88.5405,2021-08-20,82.3427,STOP,11,-68.1762,19.9036,-88.0798,-0.090239,-0.118592,0.0,3,False
trap,ELECON,2022-04-04,2022-04-05,84.6888,2022-04-28,88.7122,TIME,11,44.258,19.9537,24.3043,0.026033,-0.007532,0.15759,16,False
trap,ELECON,2022-06-02,2022-06-03,113.8343,2022-06-22,133.4586,TARGET,8,156.9947,20.095,136.8998,0.15,-0.003664,0.191789,14,False
trap,ELECON,2022-07-25,2022-07-26,183.553,2022-08-02,175.2635,MOMENTUM_FAIL,5,-41.4474,19.7208,-61.1682,-0.066504,-0.074059,0.015995,6,False
trap,ELECON,2023-07-12,2023-07-13,364.8951,2023-08-03,405.5737,TIME,2,81.3573,19.1772,62.1801,0.085017,-0.03603,0.11277,16,False
trap,ELECON,2024-06-12,2024-06-13,669.3185,2024-06-21,649.6548,MOMENTUM_FAIL,1,-19.6637,18.7161,-38.3798,-0.057216,-0.057829,3.6e-05,6,False
trap,ELECON,2026-04-22,2026-04-23,503.5656,2026-04-30,505.2109,MOMENTUM_FAIL,1,1.6453,18.0596,-16.4143,-0.032525,-0.06495,0.031287,6,False
trap,ELGIEQUIP,2020-06-22,2020-06-23,82.6784,2020-06-24,76.8909,STOP,12,-69.4499,19.9779,-89.4277,-0.089939,-0.078994,0.0,2,False
trap,ELGIEQUIP,2020-08-13,2020-08-14,105.0847,2020-08-14,123.1324,TARGET,9,162.4287,20.2542,142.1745,0.15,0.0,0.0,1,False
trap,ELGIEQUIP,2020-08-14,2020-08-17,116.4347,2020-08-24,111.3712,MOMENTUM_FAIL,8,-40.5075,19.7806,-60.2882,-0.064582,-0.054622,0.032983,6,False
trap,ELGIEQUIP,2021-11-24,2021-11-25,256.3633,2021-12-06,301.3861,TARGET,3,135.0682,19.4525,115.6157,0.15,-0.036782,0.229885,8,False
trap,ELGIEQUIP,2022-02-02,2022-02-03,383.0717,2022-02-15,356.2567,STOP,2,-53.63,19.0558,-72.6858,-0.094665,-0.076923,0.08282,9,False
trap,ELGIEQUIP,2022-02-03,2022-02-04,390.4385,2022-02-14,359.8418,GAP_STOP,2,-61.1933,19.1026,-80.2959,-0.102604,-0.078365,0.06239,7,False
trap,ELGIEQUIP,2022-05-16,2022-05-17,300.5639,2022-06-01,352.4318,TARGET,3,155.6037,20.0542,135.5495,0.15,0.0,0.24183,12,False
trap,ELGIEQUIP,2022-05-17,2022-05-18,314.8063,2022-06-01,368.8799,TARGET,3,162.2206,20.2481,141.9726,0.15,-0.023245,0.185648,11,False
trap,ELGIEQUIP,2023-05-22,2023-05-23,548.0589,2023-05-30,525.7032,MOMENTUM_FAIL,1,-22.3557,18.1986,-40.5544,-0.073835,-0.045822,0.049057,6,False
trap,ELGIEQUIP,2024-11-25,2024-11-26,634.4974,2024-12-03,653.9785,MOMENTUM_FAIL,1,19.4811,18.6488,0.8323,0.001309,-0.014219,0.040938,6,False
trap,ELGIEQUIP,2024-11-26,2024-11-27,639.4544,2024-12-04,651.4999,MOMENTUM_FAIL,1,12.0455,18.6546,-6.6091,-0.010313,-0.021705,0.037209,6,False
trap,ELGIEQUIP,2025-03-17,2025-03-18,500.7076,2025-03-25,495.8498,MOMENTUM_FAIL,1,-4.8579,18.0343,-22.8922,-0.04562,-0.032571,0.03564,6,False
trap,EMAMILTD,2019-06-26,2019-06-27,278.1068,2019-06-28,258.6393,STOP,3,-58.4024,19.334,-77.7364,-0.09297,-0.089844,0.0,2,False
trap,EMAMILTD,2020-04-07,2020-04-08,185.2392,2020-05-04,171.6041,GAP_STOP,5,-68.1751,19.702,-87.8771,-0.094673,-0.091283,0.152058,16,False
trap,EMAMILTD,2020-04-08,2020-04-09,200.0404,2020-04-21,183.8936,GAP_STOP,4,-64.5871,19.1771,-83.7642,-0.104456,-0.091704,0.058072,7,False
trap,EMAMILTD,2020-08-10,2020-08-11,279.1146,2020-08-26,327.6607,TARGET,3,145.6384,19.7622,125.8762,0.15,-0.008517,0.230917,12,False
trap,EMAMILTD,2020-08-11,2020-08-12,299.1635,2020-08-13,278.2221,STOP,3,-62.8243,19.5917,-82.416,-0.091629,-0.074963,0.0,2,False
trap,EMAMILTD,2024-05-31,2024-06-03,615.5351,2024-06-07,726.8229,TARGET,1,111.2878,18.7557,92.5321,0.15,-0.056328,0.190625,5,False
trap,EMBASSY,2020-03-26,2020-03-27,252.804,2020-03-30,235.1077,STOP,3,-53.0888,19.0243,-72.1131,-0.094877,-0.07832,0.0,2,False
trap,EMMVEE,2026-01-07,2026-01-08,219.0151,2026-01-08,203.684,STOP,4,-61.3242,19.5043,-80.8285,-0.092062,0.0,0.0,1,False
trap,ENDURANCE,2019-08-13,2019-08-14,834.4026,2019-08-22,837.3167,MOMENTUM_FAIL,1,2.9141,19.4592,-16.5451,-0.019785,-0.039523,0.047555,6,False
trap,ENGINERSIN,2024-01-02,2024-01-03,185.3689,2024-01-10,186.2669,MOMENTUM_FAIL,5,4.4901,19.8527,-15.3626,-0.016539,-0.010709,0.047935,6,False
trap,ENGINERSIN,2026-02-16,2026-02-17,227.5841,2026-02-17,211.6532,STOP,4,-63.7235,19.6441,-83.3676,-0.091379,0.0,0.0,1,False
trap,ESCORTS,2019-09-23,2019-09-24,601.738,2019-09-25,559.6164,STOP,1,-42.1217,18.385,-60.5067,-0.100334,-0.082302,0.0,2,False
trap,ESCORTS,2020-03-20,2020-03-23,580.3906,2020-03-23,539.7633,STOP,1,-40.6273,18.2979,-58.9253,-0.101305,0.0,0.0,1,False
trap,ESCORTS,2020-03-25,2020-03-26,617.9753,2020-03-30,574.717,STOP,1,-43.2583,18.4513,-61.7096,-0.09964,-0.075734,0.127512,3,False
trap,ETERNAL,2022-05-30,2022-05-31,68.5,2022-06-21,66.05,TIME,14,-34.3,19.9095,-54.2094,-0.056404,-0.065693,0.164964,16,False
trap,ETERNAL,2022-05-31,2022-06-01,75.4,2022-06-06,70.0,GAP_STOP,13,-70.2,19.9259,-90.1259,-0.091746,-0.082228,0.0,4,False
trap,ETERNAL,2022-08-02,2022-08-03,52.5,2022-08-12,61.4706,TARGET,19,170.4411,20.489,149.9521,0.15,0.0,0.201905,7,False
trap,ETERNAL,2022-08-03,2022-08-04,55.75,2022-08-16,65.3227,TARGET,17,162.7365,20.2632,142.4733,0.15,-0.044843,0.209865,7,False
trap,ETERNAL,2025-07-22,2025-07-23,298.0,2025-08-13,312.35,TIME,3,43.05,19.7925,23.2575,0.025958,-0.032215,0.055201,16,False
trap,EXIDEIND,2024-04-08,2024-04-09,374.8236,2024-04-16,440.8521,TARGET,2,132.0571,19.3642,112.6929,0.15,-0.004868,0.237895,5,False
trap,EXIDEIND,2024-04-09,2024-04-10,378.6704,2024-04-16,445.2947,TARGET,2,133.2486,19.3992,113.8495,0.15,-0.008856,0.225319,4,False
trap,EXIDEIND,2024-04-16,2024-04-18,460.3918,2024-04-25,441.3054,MOMENTUM_FAIL,2,-38.1728,19.7402,-57.913,-0.062758,-0.071237,0.021103,6,False
trap,EXIDEIND,2024-06-06,2024-06-07,524.7529,2024-06-14,534.8633,MOMENTUM_FAIL,1,10.1104,18.1663,-8.0559,-0.015318,-0.018139,0.033647,6,False
trap,FACT,2018-06-07,2018-06-08,52.2775,2018-06-14,48.6181,STOP,19,-69.5291,19.9825,-89.5115,-0.089921,-0.081983,0.014299,5,False
trap,FACT,2019-05-27,2019-05-28,39.8684,2019-06-18,37.0776,STOP,25,-69.7698,19.9965,-89.7663,-0.089866,-0.14375,0.15125,15,False
trap,FACT,2019-07-03,2019-07-04,48.789,2019-07-04,45.3738,STOP,20,-68.3046,19.9111,-88.2157,-0.090208,0.0,0.0,1,False
trap,FACT,2019-07-25,2019-07-26,42.4599,2019-07-29,39.4877,STOP,23,-68.3604,19.9144,-88.2748,-0.090195,-0.107981,0.0,2,False
trap,FACT,2019-09-16,2019-09-17,41.513,2019-09-17,38.6071,STOP,24,-69.7419,19.9949,-89.7367,-0.089872,0.0,0.0,1,False
trap,FACT,2020-03-31,2020-04-01,31.8948,2020-04-01,29.6621,STOP,31,-69.2116,19.964,-89.1756,-0.089995,0.0,0.0,1,False
trap,FACT,2020-04-09,2020-04-13,39.8684,2020-04-13,37.0776,STOP,25,-69.7698,19.9965,-89.7663,-0.089866,0.0,0.0,1,False
trap,FACT,2020-10-21,2020-10-22,51.9785,2020-10-23,48.34,STOP,19,-69.1314,19.9593,-89.0907,-0.090013,-0.084372,0.0,2,False
trap,FACT,2020-12-29,2020-12-30,64.7862,2020-12-31,59.8027,GAP_STOP,15,-74.7533,19.8811,-94.6344,-0.097169,-0.077692,0.0,2,False
trap,FACT,2021-01-11,2021-01-12,92.6941,2021-01-12,86.2055,STOP,10,-64.8859,19.7118,-84.5977,-0.091066,0.0,0.0,1,False
trap,FACT,2021-02-25,2021-02-26,86.5145,2021-03-01,101.3638,TARGET,11,163.342,20.2809,143.061,0.15,0.0,0.214286,2,False
trap,FACT,2021-03-01,2021-03-02,106.7976,2021-03-02,99.3217,STOP,9,-67.2825,19.8515,-87.134,-0.090456,0.0,0.0,1,False
trap,FACT,2021-03-08,2021-03-09,125.2866,2021-03-09,116.5165,STOP,7,-61.3904,19.5081,-80.8985,-0.092043,0.0,0.0,1,False
trap,FACT,2021-06-16,2021-06-17,143.7257,2021-06-18,133.6649,STOP,6,-60.3648,19.4483,-79.8131,-0.092351,-0.113731,0.029126,2,False
trap,FACT,2022-12-08,2022-12-09,169.4409,2022-12-09,157.58,STOP,5,-59.3043,19.3865,-78.6908,-0.09268,0.0,0.0,1,False
trap,FACT,2022-12-13,2022-12-14,188.3784,2022-12-15,220.7442,TARGET,5,161.8293,20.2366,141.5927,0.15,-0.026455,0.184656,2,False
trap,FACT,2022-12-15,2022-12-16,227.3498,2022-12-16,266.5491,TARGET,4,156.7973,20.0892,136.7081,0.15,0.0,0.0,1,False
trap,FACT,2022-12-19,2022-12-20,259.1449,2022-12-21,304.5984,TARGET,3,136.3605,19.4903,116.8701,0.15,0.0,0.215385,2,False
trap,FACT,2022-12-27,2022-12-28,299.0133,2022-12-29,350.641,TARGET,3,154.8832,20.0331,134.8502,0.15,0.0,0.185667,2,False
trap,FACT,2022-12-28,2022-12-29,324.9278,2023-01-02,382.139,TARGET,3,171.6335,20.3955,151.2381,0.154812,0.0,0.196319,3,False
trap,FACT,2022-12-29,2022-12-30,364.7962,2023-01-03,338.8817,GAP_STOP,2,-51.8289,18.9051,-70.734,-0.096739,-0.079235,0.065574,3,False
trap,FACT,2022-12-30,2023-01-02,382.139,2023-01-02,355.3892,STOP,2,-53.4995,19.0482,-72.5476,-0.094716,0.0,0.0,1,False
trap,FACT,2023-04-13,2023-04-17,313.9141,2023-05-09,317.0039,TIME,3,9.2694,19.9253,-10.656,-0.01129,-0.041594,0.157803,16,False
trap,FACT,2023-04-17,2023-04-18,336.8883,2023-04-25,345.3105,MOMENTUM_FAIL,2,16.8445,18.8093,-1.9648,-0.00291,-0.052071,0.038462,6,False
trap,FACT,2023-06-14,2023-06-15,377.2551,2023-06-27,443.6602,TARGET,2,132.8103,19.3863,113.424,0.15,-0.017173,0.246632,9,False
trap,FACT,2023-06-15,2023-06-16,390.5113,2023-06-27,458.9694,TARGET,2,136.9161,19.5066,117.4095,0.15,-0.045431,0.204314,8,False
trap,FACT,2023-09-06,2023-09-07,553.1746,2023-09-07,514.4523,STOP,1,-38.7222,18.1869,-56.9091,-0.102653,0.0,0.0,1,False
trap,FACT,2023-10-16,2023-10-17,666.5734,2023-11-01,785.7652,TARGET,1,119.1919,18.9873,100.2046,0.15,-0.046667,0.205993,11,False
trap,FACT,2023-10-17,2023-10-18,734.9284,2023-10-23,683.4834,STOP,1,-51.445,18.9284,-70.3734,-0.095547,-0.116788,0.028467,4,False
trap,FACT,2024-06-10,2024-06-11,803.8825,2024-06-20,944.3388,TARGET,1,140.4563,19.6104,120.846,0.15,-0.049068,0.354472,7,False
trap,FACT,2024-06-19,2024-06-20,906.9891,2024-06-20,1063.4132,TARGET,1,156.424,20.0782,136.3458,0.15,0.0,0.0,1,False
trap,FACT,2024-11-29,2024-12-02,984.1118,2024-12-23,928.0839,TIME,1,-56.0279,19.9713,-75.9992,-0.077058,-0.06841,0.101067,16,False
trap,FACT,2025-04-21,2025-04-22,773.7447,2025-04-25,719.5826,STOP,1,-54.1621,19.0868,-73.2489,-0.094462,-0.074608,0.032039,4,False
trap,FACT,2026-03-11,2026-03-12,840.05,2026-03-23,781.2465,STOP,1,-58.8035,19.3573,-78.1608,-0.09284,-0.109577,0.091007,8,False
trap,FEDERALBNK,2018-07-18,2018-07-19,80.4432,2018-07-26,82.0232,MOMENTUM_FAIL,12,18.9606,20.0446,-1.084,-0.00112,-0.017909,0.032351,6,False
trap,FEDERALBNK,2020-03-27,2020-03-30,40.0098,2020-04-24,41.0577,TIME,24,25.149,20.0358,5.1132,0.005313,-0.063095,0.130952,16,False
trap,FINCABLES,2020-04-01,2020-04-03,207.515,2020-04-29,229.5475,TIME,4,88.1298,19.6143,68.5154,0.082363,-0.034343,0.156453,16,False
trap,FINCABLES,2021-05-25,2021-05-26,431.17,2021-06-02,438.8627,MOMENTUM_FAIL,2,15.3854,19.6025,-4.2171,-0.00488,-0.038767,0.034361,6,False
trap,FINCABLES,2021-11-16,2021-11-17,560.4722,2021-11-25,561.9597,MOMENTUM_FAIL,1,1.4875,18.2996,-16.8121,-0.029931,-0.040154,0.042123,6,False
trap,FINCABLES,2022-10-24,2022-10-25,514.0881,2022-11-02,499.025,MOMENTUM_FAIL,1,-15.0631,18.07,-33.1331,-0.06431,-0.039414,0.013044,6,False
trap,FINCABLES,2023-02-15,2023-02-16,655.9725,2023-03-06,773.5226,TARGET,1,117.5502,18.9392,98.611,0.15,-0.039259,0.255556,13,False
trap,FIRSTCRY,2025-06-26,2025-06-27,393.95,2025-07-04,364.3,MOMENTUM_FAIL,2,-59.3,19.1361,-78.4362,-0.099334,-0.085671,0.0,6,False
trap,FIRSTCRY,2025-06-27,2025-06-30,387.0,2025-07-07,371.75,MOMENTUM_FAIL,2,-30.5,19.1361,-49.6361,-0.063989,-0.069251,0.012791,6,False
trap,FIRSTCRY,2025-09-08,2025-09-09,403.35,2025-09-16,393.35,MOMENTUM_FAIL,2,-20.0,19.2955,-39.2955,-0.048605,-0.050452,0.018718,6,False
trap,FIRSTCRY,2026-03-20,2026-03-23,245.0,2026-03-23,227.85,STOP,4,-68.6,19.9283,-88.5283,-0.090138,0.0,0.0,1,False
trap,FIVESTAR,2022-12-07,2022-12-08,617.6099,2022-12-09,574.3772,STOP,1,-43.2327,18.4498,-61.6825,-0.099655,-0.099598,0.0,2,False
trap,FIVESTAR,2025-06-09,2025-06-10,791.4244,2025-06-17,749.423,MOMENTUM_FAIL,1,-42.0014,19.1862,-61.1876,-0.077145,-0.067875,0.038831,6,False
trap,FIVESTAR,2025-10-30,2025-10-31,627.7215,2025-11-21,583.781,STOP,1,-43.9405,18.4911,-62.4316,-0.09924,-0.074206,0.054762,15,False
trap,FORTIS,2018-02-09,2018-02-12,147.4636,2018-02-12,137.1411,STOP,6,-61.9347,19.5398,-81.4745,-0.091883,0.0,0.0,1,False
trap,FSL,2018-02-12,2018-02-14,37.3599,2018-02-21,37.4761,MOMENTUM_FAIL,26,3.0228,20.0377,-17.0148,-0.017478,-0.061203,0.018672,6,False
trap,FSL,2018-05-09,2018-05-10,54.9934,2018-05-17,55.4197,MOMENTUM_FAIL,18,7.6734,20.1254,-12.4519,-0.012552,-0.060606,0.038055,6,False
trap,FSL,2018-10-10,2018-10-11,47.4663,2018-11-02,46.873,TIME,21,-12.4599,20.1135,-32.5735,-0.032607,-0.055,0.070833,16,False
trap,FSL,2020-04-16,2020-04-17,34.0007,2020-04-21,31.3852,GAP_STOP,29,-75.8477,19.939,-95.7866,-0.096933,-0.119231,0.023077,3,False
trap,FSL,2020-08-04,2020-08-05,50.3907,2020-08-10,46.8634,STOP,19,-67.0197,19.8362,-86.8559,-0.09052,-0.08218,0.0,4,False
trap,FSL,2020-12-24,2020-12-28,81.4272,2020-12-28,95.3677,TARGET,12,167.2859,20.3965,146.8894,0.15,0.0,0.0,1,False
trap,FSL,2020-12-28,2020-12-29,96.6839,2020-12-29,89.916,STOP,10,-67.6787,19.8746,-87.5534,-0.090359,0.0,0.0,1,False
trap,FSL,2021-07-16,2021-07-19,202.205,2021-07-27,193.345,MOMENTUM_FAIL,4,-35.4399,19.273,-54.713,-0.067498,-0.052046,0.044484,6,False
trap,FSL,2024-08-19,2024-08-20,329.0879,2024-08-22,306.0518,STOP,3,-69.1085,19.958,-89.0664,-0.090019,-0.072647,0.0,3,False
trap,GABRIEL,2020-03-27,2020-03-30,50.8221,2020-03-30,47.2645,STOP,19,-67.5934,19.8696,-87.463,-0.09038,0.0,0.0,1,False
trap,GABRIEL,2020-06-08,2020-06-09,99.6677,2020-06-09,92.691,STOP,10,-69.7674,19.9964,-89.7638,-0.089867,0.0,0.0,1,False
trap,GABRIEL,2020-08-26,2020-08-27,118.2744,2020-08-28,109.9952,STOP,8,-66.2336,19.7904,-86.024,-0.090717,-0.076738,0.0,2,False
trap,GABRIEL,2023-08-28,2023-08-29,319.7734,2023-09-05,322.569,MOMENTUM_FAIL,3,8.3866,19.9978,-11.6111,-0.012077,-0.046012,0.041871,6,False
trap,GABRIEL,2025-03-06,2025-03-07,507.8042,2025-03-24,602.4081,TARGET,1,94.604,18.2668,76.3372,0.15,-0.039139,0.189432,11,False
trap,GABRIEL,2025-07-02,2025-07-03,938.0464,2025-07-14,1099.2802,TARGET,1,161.2337,20.2192,141.0146,0.15,-0.042852,0.186504,8,False
trap,GAIL,2024-06-03,2024-06-04,213.4871,2024-06-04,198.543,STOP,4,-59.7764,19.414,-79.1904,-0.092532,0.0,0.0,1,False
trap,GALLANTT,2018-11-12,2018-11-13,60.6765,2018-11-14,56.4292,STOP,16,-67.9577,19.8909,-87.8486,-0.090291,-0.090024,0.018654,2,False
trap,GALLANTT,2019-09-03,2019-09-04,31.9376,2019-09-04,29.702,STOP,31,-69.3046,19.9694,-89.274,-0.089973,0.0,0.0,1,False
trap,GALLANTT,2020-01-03,2020-01-06,36.5564,2020-01-06,33.9975,STOP,27,-69.0916,19.957,-89.0486,-0.090023,0.0,0.0,1,False
trap,GALLANTT,2020-04-09,2020-04-13,24.8008,2020-04-13,23.0648,STOP,40,-69.4423,19.9774,-89.4197,-0.089941,0.0,0.0,1,False
trap,GALLANTT,2020-06-24,2020-06-25,39.6813,2020-06-25,36.9036,STOP,25,-69.4423,19.9774,-89.4197,-0.089941,0.0,0.0,1,False
trap,GALLANTT,2021-04-05,2021-04-06,52.7762,2021-04-12,49.0818,STOP,18,-66.498,19.8058,-86.3038,-0.090651,-0.12688,0.06485,5,False
trap,GALLANTT,2021-05-10,2021-05-11,67.4583,2021-05-14,62.7362,STOP,14,-66.1091,19.7831,-85.8922,-0.090749,-0.109559,0.013235,3,False
trap,GALLANTT,2021-06-28,2021-06-29,75.5433,2021-07-20,75.8905,TIME,13,4.5138,20.0859,-15.5721,-0.015822,-0.014445,0.155614,16,False
trap,GALLANTT,2022-06-06,2022-06-07,80.2555,2022-06-07,74.6376,STOP,12,-67.4146,19.8592,-87.2738,-0.090423,0.0,0.0,1,False
trap,GALLANTT,2023-07-27,2023-07-28,85.8109,2023-08-21,90.8206,TIME,11,55.1075,20.0279,35.0796,0.037083,-0.054335,0.083237,16,False
trap,GALLANTT,2023-12-14,2023-12-15,114.8774,2023-12-22,134.6633,TARGET,8,158.2871,20.1328,138.1543,0.15,-0.06563,0.243523,6,False
trap,GALLANTT,2023-12-26,2023-12-27,173.0105,2024-01-17,174.4986,TIME,5,7.4403,19.5978,-12.1575,-0.014023,-0.036124,0.163991,16,False
trap,GALLANTT,2024-02-02,2024-02-05,230.2509,2024-02-05,214.1333,STOP,4,-64.4702,19.6876,-84.1579,-0.091177,0.0,0.0,1,False
trap,GALLANTT,2025-04-01,2025-04-02,411.8566,2025-04-07,354.0714,GAP_STOP,2,-115.5705,19.1728,-134.7433,-0.163223,-0.140304,0.077155,4,False
trap,GALLANTT,2025-11-10,2025-11-11,647.6177,2025-11-13,602.2845,STOP,1,-45.3332,18.5722,-63.9055,-0.098462,-0.099846,0.031,3,False
trap,GALLANTT,2025-11-11,2025-11-12,662.6624,2025-11-12,616.276,STOP,1,-46.3864,18.6336,-65.02,-0.097905,0.0,0.0,1,False
trap,GALLANTT,2026-04-07,2026-04-08,641.4903,2026-04-15,756.7976,TARGET,1,115.3074,18.8735,96.4339,0.15,0.0,0.265202,5,False
trap,GALLANTT,2026-04-08,2026-04-09,669.9855,2026-04-15,789.7057,TARGET,1,119.7203,19.0028,100.7175,0.15,-0.040821,0.211391,4,False
trap,GALLANTT,2026-04-15,2026-04-16,808.0775,2026-05-08,866.0641,TIME,1,57.9867,19.4601,38.5265,0.047573,0.0,0.140497,16,False
trap,GALLANTT,2026-04-16,2026-04-17,886.7381,2026-04-24,825.6628,MOMENTUM_FAIL,1,-61.0753,19.5498,-80.6252,-0.090725,-0.080955,0.011236,6,False
trap,GESHIP,2020-08-04,2020-08-05,226.5314,2020-08-12,214.7778,MOMENTUM_FAIL,4,-47.0141,19.6603,-66.6745,-0.073421,-0.061939,0.015081,6,False
trap,GESHIP,2021-05-05,2021-05-06,330.2397,2021-05-07,307.1229,STOP,3,-69.3503,19.9721,-89.3224,-0.089962,-0.073399,0.0,2,False
trap,GESHIP,2021-08-25,2021-08-26,285.4739,2021-09-17,313.3798,TIME,3,83.7176,19.7167,64.001,0.074568,-0.040852,0.106507,16,False
trap,GICRE,2019-10-17,2019-10-18,227.4929,2019-10-23,211.5684,STOP,4,-63.698,19.6426,-83.3406,-0.091386,-0.070992,0.110687,3,False
trap,GICRE,2019-10-30,2019-10-31,273.3389,2019-11-04,254.2052,STOP,3,-57.4012,19.2756,-76.6768,-0.093302,-0.072427,0.016201,3,False
trap,GICRE,2021-02-19,2021-02-22,180.8656,2021-02-22,168.205,STOP,5,-63.303,19.6196,-82.9225,-0.091495,0.0,0.0,1,False
trap,GICRE,2021-08-26,2021-08-27,138.3192,2021-08-31,128.6369,STOP,7,-67.7764,19.8803,-87.6567,-0.090335,-0.089768,0.0,3,False
trap,GICRE,2022-12-15,2022-12-16,157.4761,2022-12-16,146.4528,STOP,6,-66.14,19.7849,-85.9249,-0.090741,0.0,0.0,1,False
trap,GICRE,2023-05-04,2023-05-05,159.9533,2023-05-09,148.7565,STOP,6,-67.1804,19.8456,-87.0259,-0.090481,-0.073285,0.0,3,False
trap,GICRE,2023-11-17,2023-11-20,236.4127,2023-11-24,277.0155,TARGET,4,162.4114,20.2537,142.1577,0.15,0.0,0.220784,5,False
trap,GICRE,2023-11-28,2023-11-29,282.2156,2023-12-20,279.019,TIME,3,-9.5899,19.4854,-29.0753,-0.034267,-0.052913,0.093042,16,False
trap,GLENMARK,2019-11-18,2019-11-19,365.1362,2019-11-19,339.5767,STOP,2,-51.1191,18.9095,-70.0285,-0.095685,0.0,0.0,1,False
trap,GLENMARK,2019-11-19,2019-11-20,340.7287,2019-11-27,338.3368,MOMENTUM_FAIL,2,-4.7838,18.7977,-23.5815,-0.034529,-0.047565,0.02765,6,False
trap,GLENMARK,2020-04-15,2020-04-16,316.3212,2020-05-08,325.8401,TIME,3,28.5567,19.9951,8.5616,0.009002,-0.060185,0.114043,16,False
trap,GLENMARK,2020-06-23,2020-06-24,463.9866,2020-06-25,431.5075,STOP,2,-64.9581,19.7161,-84.6742,-0.091047,-0.086796,0.0,2,False
trap,GMDCLTD,2020-04-09,2020-04-13,33.7003,2020-04-13,31.3412,STOP,29,-68.4115,19.9173,-88.3289,-0.090183,0.0,0.0,1,False
trap,GMDCLTD,2021-05-10,2021-05-11,64.6779,2021-06-02,63.2358,TIME,15,-21.6321,19.9824,-41.6145,-0.042801,-0.035811,0.126351,16,False
trap,GMDCLTD,2022-01-11,2022-01-12,76.2621,2022-01-14,89.3004,TARGET,13,169.4975,20.4613,149.0362,0.15,-0.029885,0.284483,3,False
trap,GMDCLTD,2022-01-14,2022-01-17,96.1166,2022-01-18,89.3884,STOP,10,-67.2816,19.8515,-87.1331,-0.090456,-0.084359,0.002736,2,False
trap,GMDCLTD,2022-01-17,2022-01-18,96.3795,2022-01-18,89.6329,STOP,10,-67.4657,19.8622,-87.3279,-0.090411,0.0,0.0,1,False
trap,GMDCLTD,2022-01-28,2022-01-31,106.8546,2022-01-31,99.3748,STOP,9,-67.3184,19.8536,-87.172,-0.090447,0.0,0.0,1,False
trap,GMDCLTD,2022-02-16,2022-02-17,125.5257,2022-02-21,116.7389,STOP,7,-61.5076,19.5149,-81.0225,-0.092008,-0.076816,0.0,3,False
trap,GMDCLTD,2022-03-03,2022-03-04,138.236,2022-03-25,161.9244,TARGET,7,165.8186,20.3535,145.4651,0.15,0.0,0.219404,15,False
trap,GMDCLTD,2022-03-04,2022-03-07,141.7861,2022-03-25,166.0243,TARGET,7,169.6672,20.4663,149.2009,0.15,-0.022566,0.188872,14,False
trap,GMDCLTD,2022-03-25,2022-03-28,166.6809,2022-04-07,195.6866,TARGET,5,145.0283,19.7443,125.284,0.15,-0.01341,0.201157,9,False
trap,GMDCLTD,2022-05-05,2022-05-06,171.4144,2022-05-09,159.4154,STOP,5,-59.995,19.4268,-79.4218,-0.092464,-0.115316,0.0,2,False
trap,GMDCLTD,2023-04-26,2023-04-27,145.9675,2023-04-27,135.7498,STOP,6,-61.3063,19.5032,-80.8096,-0.092068,0.0,0.0,1,False
trap,GMDCLTD,2023-08-23,2023-08-24,199.7355,2023-08-28,234.6583,TARGET,4,139.6912,19.5879,120.1033,0.15,-0.056233,0.196929,3,False
trap,GMDCLTD,2023-08-28,2023-08-29,227.3412,2023-09-11,266.5392,TARGET,4,156.792,20.089,136.7029,0.15,-0.064881,0.173214,10,False
trap,GMDCLTD,2023-10-03,2023-10-04,307.1431,2023-10-10,360.0299,TARGET,3,158.6603,20.1438,138.5166,0.15,-0.031987,0.173707,5,False
trap,GMDCLTD,2023-10-11,2023-10-12,363.6454,2023-10-23,338.1902,STOP,2,-50.9104,18.8973,-69.8076,-0.095774,-0.113237,0.123061,8,False
trap,GMDCLTD,2025-09-08,2025-09-09,518.2134,2025-09-11,481.9385,STOP,1,-36.2749,18.0443,-54.3192,-0.104591,-0.088641,0.058566,3,False
trap,GMDCLTD,2026-01-29,2026-01-30,592.7385,2026-02-02,551.2468,STOP,1,-41.4917,18.3483,-59.84,-0.100735,-0.074473,0.0,2,False
trap,GMDCLTD,2026-04-16,2026-04-17,734.164,2026-04-20,682.7725,STOP,1,-51.3915,18.9253,-70.3168,-0.095569,-0.077335,0.0,2,False
trap,GMDCLTD,2026-04-17,2026-04-20,716.664,2026-04-24,666.4975,STOP,1,-50.1665,18.8539,-69.0204,-0.096098,-0.102819,0.0,5,False
trap,GMRAIRPORT,2021-06-22,2021-06-23,29.7306,2021-06-29,27.6495,STOP,33,-68.6778,19.9329,-88.6106,-0.09012,-0.075758,0.007576,5,False
trap,GMRAIRPORT,2023-12-11,2023-12-12,73.5,2024-01-03,81.8,TIME,13,107.9,20.1843,87.7158,0.091601,-0.053061,0.129252,16,False
trap,GODFRYPHLP,2019-08-14,2019-08-16,246.7041,2019-08-16,288.9007,TARGET,4,168.7865,20.4405,148.346,0.15,0.0,0.0,1,False
trap,GODFRYPHLP,2019-08-19,2019-08-20,302.4114,2019-08-21,281.2426,STOP,3,-63.5064,19.6314,-83.1378,-0.091439,-0.07177,0.0,2,False
trap,GODFRYPHLP,2019-11-27,2019-11-28,387.8907,2019-12-11,360.7384,STOP,2,-54.3047,19.0951,-73.3998,-0.094408,-0.073132,0.076071,10,False
trap,GODFRYPHLP,2020-03-27,2020-03-30,261.7885,2020-04-08,307.6513,TARGET,3,137.5887,19.5263,118.0624,0.15,0.0,0.272172,6,False
trap,GODFRYPHLP,2022-04-11,2022-04-12,376.3443,2022-05-06,350.0002,STOP,2,-52.6882,19.0009,-71.6891,-0.095036,-0.072863,0.117996,16,False
trap,GODFRYPHLP,2023-07-28,2023-07-31,664.1514,2023-08-03,617.6608,STOP,1,-46.4906,18.6397,-65.1303,-0.097851,-0.071226,0.016792,4,False
trap,GODREJCP,2021-05-12,2021-05-14,816.926,2021-05-21,777.4572,MOMENTUM_FAIL,1,-39.4688,19.2991,-58.7679,-0.071781,-0.057558,0.0,6,False
trap,GODREJCP,2021-05-14,2021-05-17,810.2767,2021-05-24,767.8154,MOMENTUM_FAIL,1,-42.4613,19.2649,-61.7262,-0.076013,-0.057796,0.0,6,False
trap,GODREJIND,2020-05-27,2020-05-28,309.95,2020-06-04,363.2715,TARGET,3,159.9644,20.182,139.7824,0.15,-0.01597,0.176803,6,False
trap,GODREJIND,2023-10-06,2023-10-09,720.0,2023-10-09,669.6,STOP,1,-50.4,18.8675,-69.2675,-0.095995,0.0,0.0,1,False
trap,GODREJIND,2025-02-20,2025-02-21,990.0,2025-02-21,1159.2796,TARGET,1,169.2796,20.4549,148.8247,0.15,0.0,0.0,1,False
trap,GODREJPROP,2020-03-25,2020-03-26,641.8973,2020-03-30,596.9644,STOP,1,-44.9328,18.5489,-63.4817,-0.098681,-0.108217,0.159302,3,False
trap,GODREJPROP,2020-04-07,2020-04-08,680.7097,2020-05-04,633.06,STOP,1,-47.6497,18.7072,-66.3569,-0.097269,-0.099415,0.05117,16,False
trap,GODREJPROP,2020-06-03,2020-06-04,827.9977,2020-06-05,770.0379,STOP,1,-57.9598,19.3082,-77.268,-0.093116,-0.074519,0.0,2,False
trap,GPIL,2018-12-12,2018-12-13,72.9473,2018-12-20,70.5494,MOMENTUM_FAIL,13,-31.1727,19.8707,-51.0434,-0.053708,-0.058902,0.007676,6,False
trap,GPIL,2019-05-20,2019-05-21,53.5571,2019-05-28,62.7381,TARGET,18,165.2575,20.3371,144.9204,0.15,-0.027273,0.230454,6,False
trap,GPIL,2019-06-26,2019-06-27,55.3708,2019-07-01,51.4948,STOP,18,-69.7672,19.9963,-89.7635,-0.089867,-0.072763,0.0,3,False
trap,GPIL,2019-11-26,2019-11-27,40.7278,2019-12-03,37.8768,STOP,24,-68.4227,19.918,-88.3407,-0.09018,-0.103407,0.004184,5,False
trap,GPIL,2019-12-18,2019-12-19,49.3821,2019-12-31,57.8279,TARGET,20,168.9145,20.4442,148.4703,0.15,-0.001972,0.21617,8,False
trap,GPIL,2020-06-08,2020-06-09,38.6829,2020-06-09,35.9751,STOP,25,-67.695,19.8756,-87.5706,-0.090355,0.0,0.0,1,False
trap,GPIL,2020-08-05,2020-08-06,51.8774,2020-08-12,63.3313,TARGET,19,217.6246,20.5351,197.0895,0.199519,0.0,0.220788,5,False
trap,GPIL,2020-08-06,2020-08-07,54.2144,2020-08-13,66.4961,TARGET,18,221.0693,20.5007,200.5687,0.205082,0.0,0.226538,5,False
trap,GPIL,2021-06-11,2021-06-14,314.8698,2021-06-15,378.0389,TARGET,3,189.5071,20.3044,169.2026,0.178734,0.0,0.200658,2,False
trap,GPIL,2021-10-27,2021-10-28,364.4658,2021-10-29,338.9532,STOP,2,-51.0252,18.904,-69.9292,-0.095725,-0.078471,0.0,2,False
trap,GPIL,2022-11-21,2022-11-22,309.4378,2022-11-29,306.5371,MOMENTUM_FAIL,3,-8.7022,19.832,-28.5342,-0.030671,-0.049889,0.00715,6,False
trap,GPIL,2025-03-06,2025-03-07,177.689,2025-03-17,173.1898,MOMENTUM_FAIL,5,-22.4961,19.6356,-42.1317,-0.047318,-0.065588,0.042889,6,False
trap,GRANULES,2019-10-22,2019-10-23,113.0321,2019-11-14,121.0616,TIME,8,64.2359,19.879,44.3569,0.048946,0.0,0.153017,16,False
trap,GRANULES,2020-03-25,2020-03-26,134.95,2020-03-26,125.5035,STOP,7,-66.1255,19.7841,-85.9096,-0.090745,0.0,0.0,1,False
trap,GRANULES,2020-04-08,2020-04-09,172.0612,2020-04-20,161.0598,MOMENTUM_FAIL,5,-55.007,19.4506,-74.4575,-0.086359,-0.070759,0.028701,6,False
trap,GRANULES,2020-09-07,2020-09-08,366.8376,2020-09-09,340.9288,GAP_STOP,2,-51.8176,18.9224,-70.74,-0.096208,-0.081575,0.0,2,False
trap,GRAPHITE,2018-01-03,2018-01-04,686.3322,2018-01-05,638.289,STOP,1,-48.0433,18.7302,-66.7734,-0.097078,-0.099829,0.0,2,False
trap,GRAPHITE,2019-05-20,2019-05-21,294.7485,2019-05-28,345.7158,TARGET,3,152.9018,19.975,132.9268,0.15,-0.040909,0.236639,6,False
trap,GRAPHITE,2019-05-27,2019-05-28,338.5954,2019-06-19,314.8937,STOP,2,-47.4033,18.6929,-66.0962,-0.097391,-0.082494,0.099401,16,False
trap,GRAPHITE,2019-09-16,2019-09-17,319.8737,2019-09-17,297.4825,STOP,3,-67.1735,19.8452,-87.0186,-0.090482,0.0,0.0,1,False
trap,GRAPHITE,2020-11-19,2020-11-20,194.1894,2020-11-23,227.4552,TARGET,5,166.3289,20.3685,145.9605,0.15,0.0,0.24186,2,False
trap,GRAPHITE,2020-11-20,2020-11-23,218.9373,2020-12-08,256.8338,TARGET,4,151.586,19.9365,131.6496,0.15,-0.025577,0.187706,11,False
trap,GRAPHITE,2020-11-23,2020-11-24,233.0273,2020-11-25,216.7154,STOP,4,-65.2476,19.7329,-84.9806,-0.090971,-0.084496,0.007364,2,False
trap,GRAPHITE,2021-02-08,2021-02-09,386.5725,2021-02-17,454.4206,TARGET,2,135.6962,19.4709,116.2253,0.15,-0.063084,0.189252,7,False
trap,GRAPHITE,2021-02-09,2021-02-10,362.1859,2021-02-16,426.2573,TARGET,2,128.1429,19.2496,108.8933,0.15,0.0,0.236409,5,False
trap,GRAPHITE,2021-02-16,2021-02-17,433.5392,2021-03-10,461.9451,TIME,2,56.8117,19.7069,37.1049,0.0427,-0.062292,0.080521,16,False
trap,GRAPHITE,2021-04-01,2021-04-05,500.3765,2021-04-07,593.8302,TARGET,1,93.4537,18.2331,75.2206,0.15,-0.023466,0.245307,3,False
trap,GRAPHITE,2021-04-07,2021-04-08,587.0843,2021-04-12,545.9884,STOP,1,-41.0959,18.3253,-59.4212,-0.100993,-0.123077,0.104308,3,False
trap,GRAPHITE,2021-04-08,2021-04-09,631.2511,2021-04-09,587.0635,STOP,1,-44.1876,18.5055,-62.693,-0.099099,0.0,0.0,1,False
trap,GRAPHITE,2021-12-30,2021-12-31,480.1863,2022-01-07,462.0429,MOMENTUM_FAIL,2,-36.2868,19.9112,-56.1981,-0.058389,-0.061932,0.028409,6,False
trap,GRAPHITE,2021-12-31,2022-01-03,468.3636,2022-01-24,441.7169,TIME,2,-53.2934,19.7768,-73.0702,-0.077836,-0.06699,0.112621,16,False
trap,GRAPHITE,2023-06-02,2023-06-05,353.2035,2023-06-12,356.6516,MOMENTUM_FAIL,2,6.8963,18.9268,-12.0305,-0.016993,-0.023087,0.029024,6,False
trap,GRAPHITE,2024-12-04,2024-12-05,580.4249,2024-12-06,539.7951,STOP,1,-40.6297,18.2981,-58.9278,-0.101304,-0.07015,0.0,2,False
trap,GRAPHITE,2025-05-19,2025-05-20,546.4536,2025-05-27,519.7618,MOMENTUM_FAIL,1,-26.6917,18.183,-44.8748,-0.081941,-0.062167,0.0,6,False
trap,GRAPHITE,2026-09-09,2026-09-10,839.15,2026-09-15,780.4095,STOP,1,-58.7405,19.3537,-78.0942,-0.09286,-0.075195,0.0,3,False
trap,GRASIM,2020-03-26,2020-03-27,454.3514,2020-03-30,422.5468,STOP,2,-63.6092,19.6374,-83.2466,-0.091411,-0.071708,0.009427,2,False
trap,GRAVITA,2018-10-15,2018-10-16,80.9705,2018-10-16,75.3026,STOP,12,-68.0152,19.8942,-87.9094,-0.090277,0.0,0.0,1,False
trap,GRAVITA,2019-09-11,2019-09-12,44.5807,2019-09-20,41.4601,STOP,22,-68.6543,19.9315,-88.5858,-0.090125,-0.095745,0.138298,7,False
trap,GRAVITA,2021-03-02,2021-03-03,112.4286,2021-03-04,102.9943,GAP_STOP,8,-75.4738,19.5741,-95.0479,-0.105445,-0.083913,0.0,2,False
trap,GRAVITA,2021-05-10,2021-05-11,108.518,2021-05-14,100.9218,STOP,9,-68.3663,19.9147,-88.281,-0.090193,-0.075225,0.028378,3,False
trap,GRAVITA,2021-06-15,2021-06-16,125.1379,2021-06-18,116.3782,STOP,7,-61.3176,19.5039,-80.8214,-0.092064,-0.101562,0.00625,3,False
trap,GRAVITA,2021-07-12,2021-07-13,159.1109,2021-08-02,186.4121,TARGET,6,163.8074,20.2946,143.5128,0.15,0.0,0.222734,14,False
trap,GRAVITA,2021-08-16,2021-08-17,210.1925,2021-08-18,195.4791,STOP,4,-58.8539,19.3603,-78.2142,-0.092824,-0.086744,0.0,2,False
trap,GRAVITA,2021-12-22,2021-12-23,249.8847,2021-12-27,293.9041,TARGET,3,132.0582,19.3643,112.694,0.15,-0.016236,0.1964,3,False
trap,GRAVITA,2021-12-27,2021-12-28,296.2248,2021-12-29,275.4891,STOP,3,-62.2072,19.5557,-81.7629,-0.091805,-0.075578,0.0,2,False
trap,GRAVITA,2022-08-16,2022-08-17,337.9609,2022-08-22,314.3037,STOP,2,-47.3145,18.6877,-66.0022,-0.097435,-0.093162,0.002041,4,False
trap,GRAVITA,2023-09-27,2023-09-28,904.6901,2023-10-06,914.2032,MOMENTUM_FAIL,1,9.5131,19.7694,-10.2563,-0.011312,-0.044416,0.033682,6,False
trap,GROWW,2025-11-18,2025-11-19,187.99,2025-11-19,174.8307,STOP,5,-65.7965,19.7649,-85.5614,-0.090829,0.0,0.0,1,False
trap,GROWW,2025-12-22,2025-12-23,163.26,2026-01-14,164.34,TIME,6,6.48,20.0793,-13.5993,-0.013853,-0.065172,0.074972,16,False
trap,GRSE,2019-05-02,2019-05-03,96.7217,2019-05-06,89.9512,STOP,10,-67.7052,19.8762,-87.5814,-0.090352,-0.076392,0.0,2,False
trap,GRSE,2019-09-24,2019-09-25,152.8815,2019-10-01,142.1798,STOP,6,-64.2102,19.6725,-83.8827,-0.091247,-0.115581,0.042493,5,False
trap,GRSE,2020-06-11,2020-06-12,157.5929,2020-06-18,184.6591,TARGET,6,162.3969,20.2532,142.1437,0.15,0.0,0.187968,5,False
trap,GRSE,2020-09-30,2020-10-01,198.2385,2020-10-09,198.3756,MOMENTUM_FAIL,5,0.6853,20.1167,-19.4314,-0.019561,-0.009217,0.034101,6,False
trap,GRSE,2021-11-04,2021-11-08,249.9742,2021-11-15,243.0851,MOMENTUM_FAIL,3,-20.6672,19.0544,-39.7216,-0.052852,-0.059993,0.049119,6,False
trap,GRSE,2022-04-12,2022-04-13,295.2951,2022-04-19,274.6244,STOP,3,-62.012,19.5443,-81.5563,-0.091861,-0.101461,0.028084,3,False
trap,GRSE,2022-12-27,2022-12-28,446.935,2023-01-18,468.657,TIME,2,43.444,19.7928,23.6512,0.026402,-0.034946,0.088172,16,False
trap,GRSE,2023-08-16,2023-08-17,757.0026,2023-09-07,890.1989,TARGET,1,133.1963,19.3976,113.7986,0.15,-0.05502,0.242319,16,False
trap,GRSE,2023-08-17,2023-08-18,753.4508,2023-09-07,886.097,TARGET,1,132.6462,19.3815,113.2647,0.15,-0.050565,0.248176,15,False
trap,GVT&D,2019-05-20,2019-05-21,258.4924,2019-06-12,244.2359,TIME,3,-42.7695,19.1173,-61.8868,-0.079631,-0.057633,0.10687,16,False
trap,GVT&D,2019-05-21,2019-05-22,263.4255,2019-06-12,244.9857,STOP,3,-55.3194,19.1543,-74.4736,-0.094032,-0.075281,0.086142,15,False
trap,GVT&D,2019-09-23,2019-09-24,179.0635,2019-10-11,166.5291,STOP,5,-62.6722,19.5828,-82.2551,-0.091672,-0.078867,0.077478,12,False
trap,GVT&D,2019-10-30,2019-10-31,206.761,2019-11-05,192.2877,STOP,4,-57.8931,19.3043,-77.1973,-0.093138,-0.071669,0.005291,4,False
trap,GVT&D,2020-04-09,2020-04-13,86.5233,2020-05-05,80.4667,STOP,11,-66.623,19.8131,-86.4361,-0.090619,-0.109195,0.125287,15,False
trap,GVT&D,2020-12-08,2020-12-09,125.061,2020-12-10,116.3068,STOP,7,-61.2799,19.5017,-80.7816,-0.092075,-0.105368,0.0,2,False
trap,GVT&D,2021-01-04,2021-01-05,131.6249,2021-01-12,127.249,MOMENTUM_FAIL,7,-30.6314,19.7581,-50.3895,-0.05457,-0.047979,0.017756,6,False
trap,GVT&D,2023-04-27,2023-04-28,169.7648,2023-05-05,199.248,TARGET,5,147.4162,19.8143,127.6019,0.15,0.0,0.256883,5,False
trap,GVT&D,2023-04-28,2023-05-02,175.8314,2023-05-05,206.2541,TARGET,5,152.1138,19.9519,132.1618,0.15,-0.026867,0.213518,4,False
trap,GVT&D,2023-05-05,2023-05-08,208.6008,2023-05-25,187.3678,GAP_STOP,4,-84.9321,19.2803,-104.2123,-0.124622,-0.101788,0.148987,14,False
trap,GVT&D,2023-05-08,2023-05-09,216.8056,2023-05-10,201.6292,STOP,4,-60.7056,19.4682,-80.1738,-0.092247,-0.096101,0.0,2,False
trap,HAL,2018-07-31,2018-08-01,399.5737,2018-08-08,397.3878,MOMENTUM_FAIL,2,-4.3717,19.2955,-23.6671,-0.029551,-0.040082,0.024949,6,False
trap,HAL,2018-11-09,2018-11-12,382.0055,2018-11-13,355.2651,STOP,2,-53.4808,19.0471,-72.5279,-0.094723,-0.08877,0.0,2,False
trap,HAL,2020-01-14,2020-01-15,358.9289,2020-01-22,359.9154,MOMENTUM_FAIL,2,1.973,18.9651,-16.9921,-0.023619,-0.063217,0.047836,6,False
trap,HAL,2020-07-06,2020-07-07,425.9704,2020-07-15,396.1525,STOP,2,-59.6359,19.4058,-79.0417,-0.092576,-0.10466,0.062827,7,False
trap,HAL,2020-08-13,2020-08-14,589.2663,2020-08-14,548.0177,STOP,1,-41.2486,18.3342,-59.5828,-0.100893,0.0,0.0,1,False
trap,HAL,2020-08-14,2020-08-17,593.2584,2020-08-17,551.7303,STOP,1,-41.5281,18.3504,-59.8785,-0.100711,0.0,0.0,1,False
trap,HBLENGINE,2019-09-24,2019-09-25,20.2259,2019-09-25,18.8101,STOP,49,-69.375,19.9735,-89.3485,-0.089957,0.0,0.0,1,False
trap,HBLENGINE,2020-10-29,2020-10-30,20.2151,2020-11-02,18.8,STOP,49,-69.3377,19.9713,-89.309,-0.089965,-0.089806,0.019417,2,False
trap,HBLENGINE,2020-11-06,2020-11-09,21.1473,2020-12-01,22.7665,TIME,47,76.101,20.2818,55.8193,0.056038,-0.069606,0.160093,16,False
trap,HBLENGINE,2020-12-10,2020-12-11,27.1333,2020-12-21,25.234,STOP,36,-68.376,19.9153,-88.2912,-0.090191,-0.155515,0.139241,7,False
trap,HBLENGINE,2020-12-29,2020-12-30,42.3928,2020-12-30,39.4253,STOP,23,-68.2523,19.9081,-88.1604,-0.090221,0.0,0.0,1,False
trap,HBLENGINE,2021-01-20,2021-01-21,37.7806,2021-01-22,35.1359,STOP,26,-68.7606,19.9377,-88.6983,-0.0901,-0.090909,0.0,2,False
trap,HBLENGINE,2021-02-23,2021-02-24,38.5166,2021-02-26,35.8204,STOP,25,-67.404,19.8586,-87.2626,-0.090426,-0.077707,0.0,3,False
trap,HBLENGINE,2021-08-12,2021-08-13,50.7339,2021-08-17,47.1825,STOP,19,-67.4761,19.8628,-87.3389,-0.090408,-0.094778,0.000967,3,False
trap,HBLENGINE,2021-08-13,2021-08-16,49.0657,2021-08-18,45.6311,STOP,20,-68.6919,19.9337,-88.6256,-0.090116,-0.07,0.029,3,False
trap,HBLENGINE,2021-10-18,2021-10-19,57.8169,2021-10-19,53.7697,STOP,17,-68.8021,19.9401,-88.7422,-0.09009,0.0,0.0,1,False
trap,HBLENGINE,2021-12-02,2021-12-03,63.2527,2021-12-10,62.7585,MOMENTUM_FAIL,15,-7.4124,19.9211,-27.3335,-0.028746,-0.0625,0.032812,6,False
trap,HBLENGINE,2022-04-21,2022-04-22,71.1592,2022-04-26,84.0074,TARGET,14,179.8748,20.5028,159.372,0.159626,0.0,0.200694,3,False
trap,HBLENGINE,2022-05-17,2022-05-18,82.2779,2022-05-25,76.5184,STOP,12,-69.1134,19.9582,-89.0717,-0.090017,-0.09009,0.073273,6,False
trap,HBLENGINE,2022-06-02,2022-06-03,96.3615,2022-06-13,89.6162,STOP,10,-67.453,19.8615,-87.3145,-0.090414,-0.109744,0.081026,7,False
trap,HBLENGINE,2022-09-05,2022-09-06,92.7047,2022-09-13,93.0506,MOMENTUM_FAIL,10,3.4592,19.8515,-16.3923,-0.017644,-0.027186,0.042111,6,False
trap,HBLENGINE,2022-10-07,2022-10-10,112.4326,2022-10-31,104.5623,STOP,8,-62.9623,19.5997,-82.562,-0.09159,-0.085172,0.069726,15,False
trap,HBLENGINE,2022-10-10,2022-10-11,118.8333,2022-10-12,110.5149,STOP,8,-66.5466,19.8086,-86.3553,-0.090638,-0.087265,0.0,2,False
trap,HBLENGINE,2023-08-07,2023-08-08,232.2086,2023-08-10,215.954,STOP,4,-65.0184,19.7196,-84.738,-0.091031,-0.098291,0.0,3,False
trap,HBLENGINE,2024-03-15,2024-03-18,472.2271,2024-03-20,439.1712,STOP,2,-66.1118,19.7833,-85.8951,-0.090748,-0.079044,0.0,3,False
trap,HBLENGINE,2025-03-19,2025-03-20,471.6702,2025-04-07,437.944,GAP_STOP,2,-67.4525,19.7759,-87.2283,-0.092266,-0.071715,0.136258,12,False
trap,HBLENGINE,2025-08-12,2025-08-13,687.3093,2025-08-22,809.7125,TARGET,1,122.4032,19.0814,103.3218,0.15,0.0,0.179561,7,False
trap,HCLTECH,2020-04-30,2020-05-04,412.8456,2020-05-11,412.8847,MOMENTUM_FAIL,2,0.0782,19.4166,-19.3384,-0.02337,-0.047583,0.027109,6,False
trap,HDFCLIFE,2020-03-26,2020-03-27,441.8385,2020-03-30,410.9098,STOP,2,-61.8574,19.5353,-81.3927,-0.091906,-0.095957,0.0,2,False
trap,HEGAM,2018-02-08,2018-02-09,416.5203,2018-02-12,497.8864,TARGET,2,162.7321,19.7788,142.9533,0.17123,0.0,0.24268,2,False
trap,HEGAM,2018-10-10,2018-10-11,647.38,2018-10-16,763.5995,TARGET,1,116.2195,18.9002,97.3193,0.15,0.0,0.309115,4,False
trap,HEGAM,2018-10-11,2018-10-12,738.0304,2018-10-23,682.4771,GAP_STOP,1,-55.5533,18.9332,-74.4865,-0.100706,-0.086211,0.14832,7,False
trap,HEGAM,2019-02-01,2019-02-04,441.0136,2019-02-04,410.1427,STOP,2,-61.7419,19.5286,-81.2705,-0.09194,0.0,0.0,1,False
trap,HEGAM,2019-09-16,2019-09-17,248.6851,2019-09-17,231.2771,STOP,4,-69.6318,19.9885,-89.6203,-0.089898,0.0,0.0,1,False
trap,HEGAM,2021-02-16,2021-02-17,265.2851,2021-03-10,298.0191,TIME,3,98.2018,19.4904,78.7114,0.098686,-0.010455,0.14965,16,False
trap,HEGAM,2021-02-17,2021-02-18,279.1986,2021-02-25,273.4941,MOMENTUM_FAIL,3,-17.1137,19.4319,-36.5455,-0.043536,-0.059767,0.036545,6,False
trap,HEGAM,2021-04-06,2021-04-07,343.201,2021-04-07,404.3324,TARGET,2,122.2627,19.0773,103.1854,0.15,0.0,0.0,1,False
trap,HEGAM,2021-04-07,2021-04-08,402.5656,2021-04-09,472.8904,TARGET,2,140.6497,19.616,121.0337,0.15,0.0,0.18894,2,False
trap,HEGAM,2022-03-07,2022-03-08,237.0357,2022-03-30,252.6028,TIME,4,62.2684,20.0603,42.2081,0.044419,-0.023315,0.128253,16,False
trap,HEGAM,2022-03-08,2022-03-09,252.2684,2022-03-16,236.7292,MOMENTUM_FAIL,3,-46.6176,19.0306,-65.6482,-0.086555,-0.067747,0.047423,6,False
trap,HEGAM,2022-08-01,2022-08-02,239.4506,2022-08-10,229.9116,MOMENTUM_FAIL,4,-38.156,19.8966,-58.0526,-0.060478,-0.052754,0.011016,6,False
trap,HEGAM,2023-06-15,2023-06-16,318.7884,2023-06-23,298.0145,MOMENTUM_FAIL,3,-62.3217,19.8413,-82.163,-0.085724,-0.068168,0.049249,6,False
trap,HEGAM,2024-12-04,2024-12-05,579.6469,2024-12-12,541.9451,MOMENTUM_FAIL,1,-37.7018,18.3008,-56.0026,-0.096404,-0.071538,0.029231,6,False
trap,HEGAM,2024-12-05,2024-12-06,574.6431,2024-12-13,563.0997,MOMENTUM_FAIL,1,-11.5435,18.3329,-29.8764,-0.051878,-0.063454,0.038193,6,False
trap,HEGAM,2025-03-26,2025-03-27,485.5162,2025-04-04,470.3562,MOMENTUM_FAIL,2,-30.32,19.9684,-50.2884,-0.051676,-0.042857,0.044388,6,False
trap,HEGAM,2026-03-27,2026-03-30,556.8526,2026-04-08,561.5759,MOMENTUM_FAIL,1,4.7233,18.2909,-13.5676,-0.024312,-0.034821,0.0325,6,False
trap,HFCL,2018-02-09,2018-02-12,30.5745,2018-02-15,28.4343,STOP,32,-68.4869,19.9217,-88.4086,-0.090165,-0.085072,0.008026,3,False
trap,HFCL,2018-06-07,2018-06-08,29.4457,2018-06-20,34.4896,TARGET,33,166.4469,20.3719,146.075,0.15,-0.023333,0.175,9,False
trap,HFCL,2019-12-02,2019-12-03,19.2424,2019-12-03,17.8954,STOP,51,-68.6953,19.9339,-88.6291,-0.090115,0.0,0.0,1,False
trap,HFCL,2020-08-10,2020-08-11,17.2143,2020-08-13,16.0093,STOP,57,-68.6849,19.9333,-88.6181,-0.090118,-0.091954,0.0,3,False
trap,HFCL,2020-08-11,2020-08-12,16.5217,2020-08-14,15.3652,STOP,60,-69.3913,19.9744,-89.3657,-0.089953,-0.095809,0.020958,3,False
trap,HFCL,2020-12-02,2020-12-03,22.7545,2020-12-04,21.1617,STOP,43,-68.491,19.922,-88.4129,-0.090164,-0.128261,0.0,2,False
trap,HFCL,2021-01-11,2021-01-12,32.6477,2021-01-13,30.3624,STOP,30,-68.5602,19.926,-88.4862,-0.090147,-0.071212,0.0,2,False
trap,HFCL,2021-05-17,2021-05-18,42.8378,2021-05-26,50.4556,TARGET,23,175.2095,20.447,154.7625,0.156734,-0.055427,0.187067,7,False
trap,HFCL,2021-05-21,2021-05-24,48.8727,2021-05-24,45.4516,STOP,20,-68.4217,19.9179,-88.3396,-0.09018,0.0,0.0,1,False
trap,HFCL,2021-06-22,2021-06-23,64.4545,2021-07-05,75.5005,TARGET,15,165.6895,20.3497,145.3398,0.15,-0.04835,0.336915,9,False
trap,HFCL,2021-06-23,2021-06-24,66.5816,2021-06-28,61.9209,STOP,14,-65.25,19.7331,-84.983,-0.090971,-0.078752,0.014116,3,False
trap,HFCL,2021-07-06,2021-07-07,84.5873,2021-07-15,78.6662,STOP,11,-65.1322,19.7262,-84.8584,-0.091002,-0.082456,0.087719,7,False
trap,HFCL,2021-12-09,2021-12-10,91.6484,2021-12-10,85.233,STOP,10,-64.1539,19.6692,-83.823,-0.091262,0.0,0.0,1,False
trap,HFCL,2023-12-18,2023-12-19,78.2675,2023-12-21,72.7887,STOP,12,-65.7447,19.7619,-85.5066,-0.090842,-0.075111,0.057925,3,False
trap,HFCL,2024-01-24,2024-01-25,106.2166,2024-02-01,98.7814,STOP,9,-66.9164,19.8302,-86.7466,-0.090546,-0.071295,0.013133,5,False
trap,HFCL,2026-05-04,2026-05-05,125.8824,2026-05-11,147.6576,TARGET,7,152.4266,19.9611,132.4655,0.15,0.0,0.204762,5,False
trap,HINDALCO,2020-04-30,2020-05-04,115.9573,2020-05-11,114.3813,MOMENTUM_FAIL,8,-12.6082,19.8213,-32.4295,-0.034882,-0.052718,0.01318,6,False
trap,HINDCOPPER,2019-10-18,2019-10-22,38.3881,2019-10-29,38.8238,MOMENTUM_FAIL,25,10.8916,20.0045,-9.1129,-0.009475,-0.066835,0.018915,6,False
trap,HINDCOPPER,2019-10-22,2019-10-23,38.6302,2019-10-24,35.9261,STOP,25,-67.6028,19.8702,-87.473,-0.090377,-0.072682,0.0,2,False
trap,HINDCOPPER,2020-01-03,2020-01-06,44.7781,2020-01-27,43.5195,TIME,22,-27.6898,20.0332,-47.723,-0.048338,-0.044324,0.064865,16,False
trap,HINDCOPPER,2020-12-14,2020-12-15,52.0878,2020-12-17,60.9945,TARGET,19,169.2282,20.4534,148.7748,0.15,-0.038104,0.239777,3,False
trap,HINDCOPPER,2020-12-15,2020-12-16,50.1515,2020-12-17,58.7583,TARGET,19,163.5306,20.2865,143.2441,0.15,0.0,0.287645,2,False
trap,HINDCOPPER,2020-12-17,2020-12-18,62.06,2020-12-21,57.7158,STOP,16,-69.5072,19.9812,-89.4884,-0.089926,-0.102964,0.0,2,False
trap,HINDCOPPER,2021-02-18,2021-02-19,85.151,2021-02-23,99.7891,TARGET,11,161.0191,20.2129,140.8063,0.15,0.0,0.34224,3,False
trap,HINDCOPPER,2021-02-25,2021-02-26,139.4172,2021-02-26,129.658,STOP,7,-68.3144,19.9117,-88.2261,-0.090206,0.0,0.0,1,False
trap,HINDCOPPER,2021-05-10,2021-05-11,174.2715,2021-05-14,162.0725,STOP,5,-60.995,19.4851,-80.4801,-0.09216,-0.083333,0.048611,3,False
trap,HINDCOPPER,2021-10-18,2021-10-19,148.3053,2021-10-20,137.9239,STOP,6,-62.2882,19.5604,-81.8486,-0.091782,-0.085434,0.0,2,False
trap,HINDCOPPER,2023-08-01,2023-08-02,148.002,2023-08-09,148.9828,MOMENTUM_FAIL,6,5.8849,19.6916,-13.8067,-0.015514,-0.032803,0.043075,6,False
trap,HINDCOPPER,2023-12-22,2023-12-26,225.9498,2023-12-28,264.9323,TARGET,4,155.93,20.0638,135.8662,0.15,-0.0,0.217467,3,False
trap,HINDCOPPER,2023-12-28,2023-12-29,271.5837,2024-01-05,279.5265,MOMENTUM_FAIL,3,23.8283,19.4188,4.4095,0.0054,-0.043778,0.041599,6,False
trap,HINDCOPPER,2023-12-29,2024-01-01,272.1264,2024-01-08,264.2823,MOMENTUM_FAIL,3,-23.5322,19.3292,-42.8614,-0.052387,-0.045685,0.048949,6,False
trap,HINDCOPPER,2024-03-15,2024-03-18,267.5877,2024-03-20,248.8565,STOP,3,-56.1934,19.2052,-75.3986,-0.093719,-0.074853,0.006084,3,False
trap,HINDCOPPER,2026-01-29,2026-01-30,722.0981,2026-01-30,671.5513,STOP,1,-50.5469,18.8761,-69.423,-0.095931,0.0,0.0,1,False
trap,HINDPETRO,2018-10-12,2018-10-15,99.7869,2018-10-23,99.5129,MOMENTUM_FAIL,9,-2.4661,19.7171,-22.1832,-0.024647,-0.077803,0.008009,6,False
trap,HINDZINC,2020-08-07,2020-08-10,151.5554,2020-08-12,136.7804,GAP_STOP,6,-88.6502,19.5891,-108.2393,-0.118772,-0.123774,0.015889,3,False
trap,HINDZINC,2021-01-07,2021-01-08,203.8576,2021-01-11,189.5876,STOP,4,-57.0801,19.2569,-76.337,-0.093411,-0.081731,0.0,2,False
trap,HINDZINC,2021-10-18,2021-10-19,254.9526,2021-10-20,237.1059,STOP,3,-53.54,19.0506,-72.5906,-0.0947,-0.101615,0.0,2,False
trap,HINDZINC,2024-04-09,2024-04-10,364.7842,2024-05-03,429.258,TARGET,2,128.9476,19.2731,109.6745,0.15,-0.017,0.196,15,False
trap,HINDZINC,2024-04-10,2024-04-12,366.6081,2024-05-03,431.3644,TARGET,2,129.5126,19.2897,110.2229,0.15,-0.02189,0.19005,14,False
trap,HINDZINC,2024-05-13,2024-05-14,527.6603,2024-05-21,625.3393,TARGET,1,97.679,18.3569,79.3221,0.15,-0.039974,0.308542,5,False
trap,HINDZINC,2024-05-22,2024-05-23,704.5332,2024-05-27,655.2159,STOP,1,-49.3173,18.8044,-68.1218,-0.09648,-0.07743,0.001647,3,False
trap,HONASA,2023-11-24,2023-11-28,466.1477,2023-11-29,433.5174,STOP,2,-65.2607,19.7337,-84.9944,-0.090968,-0.104147,0.0,2,False
trap,HONASA,2025-05-23,2025-05-26,322.9891,2025-06-02,313.0509,MOMENTUM_FAIL,3,-29.8144,19.9607,-49.7751,-0.051257,-0.058461,0.0,6,False
trap,HSCL,2019-08-07,2019-08-08,73.4418,2019-09-03,79.3979,TIME,13,77.429,20.119,57.3099,0.059896,-0.034852,0.163539,16,False
trap,HSCL,2020-04-09,2020-04-13,53.257,2020-04-13,49.5291,STOP,18,-67.1039,19.8411,-86.945,-0.0905,0.0,0.0,1,False
trap,HSCL,2020-08-19,2020-08-20,52.1722,2020-08-21,61.092,TARGET,19,169.4765,20.4607,149.0158,0.15,0.0,0.20794,2,False
trap,HSCL,2021-02-25,2021-02-26,49.4015,2021-03-01,45.9434,STOP,20,-69.1622,19.9611,-89.1232,-0.090006,-0.117117,0.101101,2,False
trap,HSCL,2021-02-26,2021-03-01,53.1104,2021-03-01,49.3926,STOP,18,-66.9191,19.8303,-86.7494,-0.090545,0.0,0.0,1,False
trap,HSCL,2022-02-03,2022-02-04,64.8823,2022-02-14,59.4259,GAP_STOP,15,-81.847,19.8728,-101.7197,-0.104289,-0.155963,0.056575,7,False
trap,HSCL,2022-03-30,2022-03-31,73.0174,2022-04-25,73.9103,TIME,13,11.6074,19.9617,-8.3543,-0.008782,-0.001359,0.161685,16,False
trap,HSCL,2022-07-06,2022-07-07,72.4222,2022-07-11,84.8658,TARGET,13,161.7668,20.2348,141.532,0.15,0.0,0.276712,3,False
trap,HSCL,2022-07-07,2022-07-08,75.2992,2022-07-11,88.1884,TARGET,13,167.559,20.4045,147.1545,0.15,0.0,0.227931,2,False
trap,HSCL,2022-07-11,2022-07-12,88.7916,2022-07-15,82.5762,STOP,11,-68.3695,19.9149,-88.2844,-0.090193,-0.078212,0.030167,4,False
trap,HSCL,2023-08-29,2023-08-30,227.4648,2023-09-05,266.6819,TARGET,4,156.8685,20.0913,136.7773,0.15,-0.058669,0.247811,5,False
trap,HSCL,2023-09-05,2023-09-06,281.2437,2023-09-06,261.5566,STOP,3,-59.0612,19.3724,-78.4335,-0.092758,0.0,0.0,1,False
trap,HSCL,2024-01-05,2024-01-08,388.4031,2024-01-15,373.2654,MOMENTUM_FAIL,2,-30.2755,19.1484,-49.4239,-0.063486,-0.053846,0.017692,6,False
trap,HSCL,2025-06-30,2025-07-01,518.247,2025-07-08,492.3321,MOMENTUM_FAIL,1,-25.9149,18.0655,-43.9804,-0.084679,-0.068311,0.0,6,False
trap,HTEL,2026-10-08,2026-10-09,95.79,2026-10-09,89.0847,STOP,10,-67.053,19.8382,-86.8912,-0.090512,0.0,0.0,1,False
trap,HUDCO,2019-08-27,2019-08-28,26.6229,2019-08-28,24.7593,STOP,37,-68.9532,19.9489,-88.9021,-0.090055,0.0,0.0,1,False
trap,HUDCO,2019-08-28,2019-08-29,25.0528,2019-09-04,23.2991,STOP,39,-68.3942,19.9163,-88.3105,-0.090187,-0.070845,0.013624,4,False
trap,HUDCO,2020-04-30,2020-05-04,17.4879,2020-05-06,16.2637,STOP,57,-69.7766,19.9969,-89.7735,-0.089864,-0.089796,0.0,3,False
trap,HUDCO,2020-06-30,2020-07-01,24.9113,2020-07-22,25.0184,TIME,40,4.2827,20.1462,-15.8635,-0.015885,-0.063037,0.114613,16,False
trap,HUDCO,2022-11-16,2022-11-17,41.5777,2022-12-08,45.3415,TIME,23,86.5691,20.1441,66.4249,0.06931,-0.038947,0.162105,16,False
trap,HUDCO,2022-11-17,2022-11-18,42.5843,2022-12-09,43.0219,TIME,23,10.0663,20.0861,-10.0199,-0.010208,-0.061665,0.134635,16,False
trap,HUDCO,2023-09-22,2023-09-25,80.5644,2023-10-17,83.3921,TIME,12,33.9315,20.0812,13.8503,0.014295,-0.056387,0.103567,16,False
trap,HUDCO,2023-09-25,2023-09-26,77.6904,2023-10-18,74.3993,TIME,12,-39.4942,19.7861,-59.2803,-0.063447,-0.045943,0.144391,16,False
trap,HUDCO,2023-12-14,2023-12-15,105.2715,2023-12-20,97.9025,STOP,9,-66.321,19.7955,-86.1165,-0.090695,-0.114487,0.014091,4,False
trap,HUDCO,2023-12-28,2023-12-29,118.668,2024-01-05,118.3898,MOMENTUM_FAIL,8,-2.225,19.934,-22.1591,-0.023291,-0.041016,0.046484,6,False
trap,HUDCO,2024-02-02,2024-02-05,194.2725,2024-02-05,180.6734,STOP,5,-67.9954,19.8931,-87.8884,-0.090282,0.0,0.0,1,False
trap,HUDCO,2024-03-15,2024-03-18,176.1478,2024-03-19,163.8174,STOP,5,-61.6517,19.5233,-81.1751,-0.091966,-0.073684,0.0,2,False
trap,HUDCO,2024-07-04,2024-07-05,302.7144,2024-07-23,281.5244,STOP,3,-63.57,19.6351,-83.2052,-0.091421,-0.162859,0.092004,12,False
trap,ICICIBANK,2019-09-23,2019-09-24,423.4434,2019-10-01,407.2346,MOMENTUM_FAIL,2,-32.4177,19.4399,-51.8576,-0.0611,-0.056172,0.038845,6,False
trap,ICICIGI,2020-03-25,2020-03-26,959.0774,2020-03-26,1123.5681,TARGET,1,164.4907,20.3146,144.1761,0.15,0.0,0.0,1,False
trap,ICICIPRULI,2020-03-25,2020-03-26,309.0911,2020-03-26,362.2796,TARGET,3,159.5654,20.1703,139.3951,0.15,0.0,0.0,1,False
trap,ICICIPRULI,2020-03-26,2020-03-27,331.2397,2020-03-27,308.0529,STOP,3,-69.5603,19.9843,-89.5446,-0.089914,0.0,0.0,1,False
trap,IDBI,2018-03-15,2018-03-16,74.5277,2018-03-19,69.3107,STOP,13,-67.8202,19.8829,-87.703,-0.090324,-0.095873,0.033651,2,False
trap,IDBI,2018-07-11,2018-07-12,54.8902,2018-07-13,51.0479,STOP,18,-69.1617,19.9611,-89.1227,-0.090006,-0.100862,0.0,2,False
trap,IDBI,2019-08-27,2019-08-28,26.9719,2019-08-28,25.0839,STOP,36,-67.9692,19.8916,-87.8608,-0.090288,0.0,0.0,1,False
trap,IDBI,2019-09-24,2019-09-25,31.7038,2019-10-01,29.4846,STOP,31,-68.7973,19.9398,-88.7371,-0.090091,-0.113433,0.102985,5,False
trap,IDBI,2019-09-25,2019-09-26,34.9215,2019-09-27,32.477,STOP,28,-68.4462,19.9194,-88.3656,-0.090174,-0.108401,0.0,2,False
trap,IDBI,2020-06-04,2020-06-05,34.0698,2020-06-11,30.8048,GAP_STOP,29,-94.6857,19.9091,-114.5948,-0.115731,-0.109722,0.123611,5,False
trap,IDBI,2021-03-04,2021-03-05,35.584,2021-03-12,42.5872,TARGET,28,196.0906,20.5363,175.5542,0.175813,-0.05984,0.196808,5,False
trap,IDBI,2021-03-12,2021-03-15,40.3159,2021-03-16,37.4938,STOP,24,-67.7307,19.8777,-87.6084,-0.090346,-0.102113,0.0,2,False
trap,IDBI,2021-09-28,2021-09-29,42.2087,2021-10-12,49.4394,TARGET,23,166.3061,20.3678,145.9383,0.15,-0.024664,0.302691,10,False
trap,IDBI,2021-10-12,2021-10-13,55.5054,2021-10-19,51.62,STOP,17,-66.0514,19.7798,-85.8312,-0.090764,-0.076726,0.112532,4,False
trap,IDBI,2021-10-13,2021-10-14,56.3098,2021-10-19,52.3681,STOP,17,-67.0087,19.8356,-86.8442,-0.090523,-0.089916,0.096639,3,False
trap,IDBI,2023-09-05,2023-09-06,68.8546,2023-09-12,64.0347,STOP,14,-67.4775,19.8629,-87.3404,-0.090408,-0.086713,0.026573,5,False
trap,IDBI,2024-01-24,2024-01-25,81.5662,2024-02-12,75.8565,STOP,12,-68.5156,19.9234,-88.439,-0.090158,-0.076151,0.165289,12,False
trap,IDBI,2024-07-25,2024-07-26,99.0314,2024-08-05,92.0992,STOP,10,-69.322,19.9704,-89.2923,-0.089969,-0.070193,0.066733,7,False
trap,IDBI,2026-06-17,2026-06-18,89.8,2026-06-19,83.514,STOP,11,-69.146,19.9601,-89.1061,-0.09001,-0.080512,0.0,2,False
trap,IDEA,2018-11-19,2018-11-20,25.3247,2018-11-27,23.552,STOP,39,-69.1364,19.9596,-89.096,-0.090012,-0.090476,0.084524,5,False
trap,IDEA,2019-08-16,2019-08-19,6.4,2019-08-19,5.952,STOP,155,-69.44,19.9773,-89.4173,-0.089942,0.0,0.0,1,False
trap,IDEA,2019-09-20,2019-09-23,5.95,2019-09-24,5.5335,STOP,167,-69.5555,19.984,-89.5395,-0.089915,-0.109244,0.0,2,False
trap,IDEA,2019-09-30,2019-10-01,6.3,2019-10-01,5.859,STOP,158,-69.678,19.9911,-89.6692,-0.089887,0.0,0.0,1,False
trap,IDEA,2019-10-10,2019-10-11,6.0,2019-10-23,5.58,STOP,166,-69.72,19.9936,-89.7136,-0.089877,-0.075,0.125,8,False
trap,IDEA,2019-11-04,2019-11-05,4.5,2019-11-05,4.185,STOP,221,-69.615,19.9875,-89.6025,-0.089901,0.0,0.0,1,False
trap,IDEA,2019-12-02,2019-12-03,7.9,2019-12-03,7.347,STOP,126,-69.678,19.9911,-89.6691,-0.089887,0.0,0.0,1,False
trap,IDEA,2020-01-21,2020-01-22,5.95,2020-01-22,5.5335,STOP,167,-69.5555,19.984,-89.5395,-0.089915,0.0,0.0,1,False
trap,IDEA,2020-01-22,2020-01-23,5.6,2020-01-28,5.208,STOP,178,-69.776,19.9969,-89.7729,-0.089865,-0.160714,0.089286,4,False
trap,IDEA,2020-03-13,2020-03-16,5.5,2020-03-16,5.115,STOP,181,-69.685,19.9916,-89.6766,-0.089885,0.0,0.0,1,True
trap,IDEA,2020-04-23,2020-04-24,4.25,2020-04-24,3.9525,STOP,234,-69.615,19.9875,-89.6025,-0.089901,0.0,0.0,1,False
trap,IDEA,2020-05-20,2020-05-21,5.65,2020-05-29,6.6157,TARGET,176,169.961,20.4749,149.4861,0.15,-0.053097,0.380531,6,False
trap,IDEA,2020-05-29,2020-06-01,6.45,2020-06-02,7.5525,TARGET,154,169.7906,20.4699,149.3207,0.15,0.0,0.217054,2,False
trap,IDEA,2020-06-03,2020-06-04,8.2,2020-06-05,9.6018,TARGET,121,169.6203,20.4649,149.1554,0.15,0.0,0.310976,2,False
trap,IDEA,2020-06-08,2020-06-09,12.35,2020-06-09,11.4855,STOP,80,-69.16,19.961,-89.121,-0.090007,0.0,0.0,1,False
trap,IDEA,2020-07-20,2020-07-21,8.95,2020-07-21,8.3235,STOP,111,-69.5415,19.9832,-89.5247,-0.089918,0.0,0.0,1,False
trap,IDEA,2020-09-03,2020-09-04,11.3,2020-09-04,13.2314,TARGET,88,169.961,20.4749,149.4861,0.15,0.0,0.0,1,False
trap,IDEA,2021-08-06,2021-08-09,7.3,2021-08-09,6.789,STOP,136,-69.496,19.9805,-89.4765,-0.089929,0.0,0.0,1,False
trap,IDEA,2021-08-09,2021-08-10,7.0,2021-08-11,6.51,STOP,142,-69.58,19.9854,-89.5654,-0.08991,-0.1,0.0,2,False
trap,IDEA,2021-09-02,2021-09-03,7.3,2021-09-08,8.8,TARGET,136,204.0,20.5374,183.4626,0.18439,-0.034247,0.239726,4,False
trap,IDEA,2021-09-03,2021-09-06,7.25,2021-09-08,8.8,TARGET,137,212.35,20.5563,191.7937,0.192676,-0.013793,0.248276,3,False
trap,IDEA,2021-09-17,2021-09-20,11.4,2021-09-20,10.602,STOP,87,-69.426,19.9765,-89.4025,-0.089945,0.0,0.0,1,False
trap,IDEA,2021-12-02,2021-12-03,12.8,2021-12-06,14.9896,TARGET,77,168.5982,20.435,148.1632,0.15,0.0,0.238281,2,False
trap,IDEA,2021-12-06,2021-12-07,14.85,2021-12-20,13.8105,STOP,67,-69.6465,19.9893,-89.6358,-0.089894,-0.107744,0.131313,10,False
trap,IDEA,2021-12-09,2021-12-10,16.55,2021-12-14,15.35,GAP_STOP,60,-71.9999,19.9763,-91.9762,-0.092423,-0.093656,0.015106,3,False
trap,IDEA,2022-05-16,2022-05-17,9.45,2022-05-24,9.0,MOMENTUM_FAIL,105,-47.25,20.0235,-67.2735,-0.067651,-0.068783,0.0,6,False
trap,IDEA,2023-02-07,2023-02-08,8.05,2023-02-15,7.75,MOMENTUM_FAIL,123,-36.9,20.0357,-56.9357,-0.057377,-0.049689,0.0,6,False
trap,IDEA,2023-11-02,2023-11-03,14.0,2023-11-10,13.7,MOMENTUM_FAIL,71,-21.3,20.0837,-41.3838,-0.041543,-0.046429,0.032143,6,False
trap,IDEA,2023-12-29,2024-01-01,16.2,2024-01-17,15.066,STOP,61,-69.174,19.9618,-89.1358,-0.090003,-0.074074,0.098765,13,False
trap,IDEA,2024-01-01,2024-01-02,17.1,2024-01-03,15.9,GAP_STOP,58,-69.6,19.9761,-89.5762,-0.09012,-0.087719,0.0,2,False
trap,IDEA,2024-11-27,2024-11-28,8.45,2024-12-05,8.08,MOMENTUM_FAIL,118,-43.66,20.0513,-63.7113,-0.063757,-0.048521,0.040237,6,False
trap,IDEA,2025-04-01,2025-04-02,8.31,2025-04-07,7.17,GAP_STOP,120,-136.8,19.8621,-156.6621,-0.156759,-0.137184,0.00361,4,False
trap,IDEA,2025-04-02,2025-04-03,8.09,2025-04-07,7.17,GAP_STOP,123,-113.16,19.9012,-133.0612,-0.133429,-0.113721,0.011125,3,False
trap,IDFCFIRSTB,2018-01-08,2018-01-09,62.7479,2018-01-16,58.3556,STOP,15,-65.8853,19.7701,-85.6554,-0.090806,-0.072925,0.09232,6,False
trap,IDFCFIRSTB,2020-04-17,2020-04-20,26.7337,2020-04-20,24.8623,STOP,37,-69.2403,19.9656,-89.2059,-0.089988,0.0,0.0,1,False
trap,IDFCFIRSTB,2020-06-01,2020-06-02,23.7523,2020-06-22,27.8107,TARGET,42,170.4557,20.4894,149.9663,0.15,-0.056485,0.202929,15,False
trap,IDFCFIRSTB,2021-01-07,2021-01-08,46.5107,2021-01-11,43.2549,STOP,21,-68.3707,19.915,-88.2857,-0.090192,-0.075855,0.0,2,False
trap,IDFCFIRSTB,2022-08-02,2022-08-03,43.3305,2022-08-11,44.9703,MOMENTUM_FAIL,23,37.7154,20.2149,17.5005,0.017522,-0.029817,0.047018,6,False
trap,IEX,2019-10-18,2019-10-22,43.5407,2019-10-29,42.318,MOMENTUM_FAIL,22,-26.8998,19.9199,-46.8196,-0.048771,-0.063014,0.018151,6,False
trap,IEX,2020-02-05,2020-02-06,53.9785,2020-02-28,52.5471,TIME,18,-25.7665,19.9801,-45.7466,-0.04698,-0.067403,0.126519,16,False
trap,IEX,2021-08-31,2021-09-01,156.1437,2021-09-08,182.9854,TARGET,6,161.0503,20.2138,140.8365,0.15,0.0,0.174556,6,False
trap,IEX,2021-09-01,2021-09-02,173.4673,2021-09-24,182.1214,TIME,5,43.2705,19.6804,23.5901,0.027139,-0.046871,0.099334,16,False
trap,IEX,2021-10-11,2021-10-12,242.192,2021-10-19,283.6899,TARGET,4,165.9915,20.3586,145.6329,0.15,-0.004323,0.215666,5,False
trap,IEX,2026-01-07,2026-01-08,147.8166,2026-01-09,137.4694,STOP,6,-62.083,19.5485,-81.6314,-0.091841,-0.093841,0.054685,2,False
trap,IFCI,2019-06-26,2019-06-27,10.35,2019-06-27,9.6255,STOP,96,-69.552,19.9838,-89.5358,-0.089916,0.0,0.0,1,False
trap,IFCI,2019-11-04,2019-11-05,8.5,2019-11-08,7.905,STOP,117,-69.615,19.9875,-89.6025,-0.089901,-0.088235,0.0,4,False
trap,IFCI,2020-02-13,2020-02-14,7.0,2020-02-14,6.51,STOP,142,-69.58,19.9854,-89.5654,-0.08991,0.0,0.0,1,False
trap,IFCI,2021-03-02,2021-03-03,10.9,2021-03-03,12.7634,TARGET,91,169.5738,20.4635,149.1103,0.15,0.0,0.0,1,False
trap,IFCI,2021-03-03,2021-03-04,12.5,2021-03-05,11.625,STOP,79,-69.125,19.9589,-89.0839,-0.090015,-0.12,0.0,2,False
trap,IFCI,2021-03-12,2021-03-15,15.9,2021-03-15,14.787,STOP,62,-69.006,19.952,-88.958,-0.090043,0.0,0.0,1,False
trap,IFCI,2021-06-23,2021-06-24,16.0,2021-06-24,14.88,STOP,62,-69.44,19.9773,-89.4173,-0.089942,0.0,0.0,1,False
trap,IFCI,2021-12-02,2021-12-03,14.7,2021-12-03,13.671,STOP,67,-68.943,19.9483,-88.8913,-0.090057,0.0,0.0,1,False
trap,IFCI,2021-12-08,2021-12-09,17.9,2021-12-16,16.647,STOP,55,-68.915,19.9467,-88.8617,-0.090064,-0.094972,0.053073,6,False
trap,IFCI,2022-11-02,2022-11-03,11.7,2022-11-04,10.881,STOP,85,-69.615,19.9875,-89.6025,-0.089901,-0.07265,0.0,2,False
trap,IFCI,2023-09-05,2023-09-06,18.4,2023-09-12,17.112,STOP,54,-69.552,19.9838,-89.5358,-0.089916,-0.146739,0.0,5,False
trap,IFCI,2023-09-20,2023-09-21,21.25,2023-09-21,19.7625,STOP,46,-68.425,19.9181,-88.3431,-0.090179,0.0,0.0,1,False
trap,IFCI,2024-01-23,2024-01-24,40.8,2024-01-24,47.7836,TARGET,24,167.607,20.4059,147.2011,0.15,0.0,0.0,1,False
trap,IFCI,2024-06-11,2024-06-12,67.0,2024-06-19,62.31,STOP,14,-65.66,19.757,-85.417,-0.090864,-0.071493,0.0,5,False
trap,IFCI,2024-07-15,2024-07-16,77.6,2024-07-18,72.168,STOP,12,-65.184,19.7292,-84.9132,-0.090988,-0.103093,0.0,2,False
trap,IFCI,2024-07-24,2024-07-25,82.0,2024-08-05,76.26,STOP,12,-68.88,19.9446,-88.8246,-0.090072,-0.085122,0.106585,8,False
trap,IFCI,2024-07-25,2024-07-26,85.7,2024-08-05,77.08,GAP_STOP,11,-94.8199,19.7174,-114.5374,-0.121234,-0.124621,0.05881,7,False
trap,IFCI,2024-11-07,2024-11-08,66.4,2024-11-08,61.752,STOP,15,-69.72,19.9936,-89.7136,-0.089877,0.0,0.0,1,False
trap,IFCI,2025-05-16,2025-05-19,52.25,2025-05-27,61.1819,TARGET,19,169.7055,20.4674,149.2381,0.15,-0.068899,0.176077,7,False
trap,IFCI,2025-05-19,2025-05-20,52.4,2025-05-21,48.732,STOP,19,-69.692,19.992,-89.684,-0.089884,-0.071565,0.0,2,False
trap,IFCI,2025-05-26,2025-05-27,58.66,2025-05-28,68.6834,TARGET,17,170.3977,20.4877,149.91,0.15,0.0,0.227412,2,False
trap,IFCI,2025-05-28,2025-05-29,71.4,2025-06-02,66.402,STOP,13,-64.974,19.717,-84.691,-0.091043,-0.07395,0.010644,3,False
trap,IFCI,2025-05-29,2025-05-30,72.0,2025-05-30,66.96,STOP,13,-65.52,19.7488,-85.2688,-0.0909,0.0,0.0,1,False
trap,IFCI,2026-01-13,2026-01-14,57.05,2026-02-05,60.0,TIME,17,50.15,20.1273,30.0228,0.030889,-0.057318,0.112708,16,False
trap,IFCI,2026-06-03,2026-06-04,81.0,2026-06-08,75.33,STOP,12,-68.04,19.8957,-87.9357,-0.090271,-0.095679,0.020864,3,False
trap,IFCI,2026-06-15,2026-06-16,89.6,2026-06-18,83.328,STOP,11,-68.992,19.9512,-88.9432,-0.090046,-0.100335,0.069196,3,False
trap,IIFL,2019-02-14,2019-02-15,192.0886,2019-02-22,188.8456,MOMENTUM_FAIL,5,-16.2149,19.9524,-36.1673,-0.037575,-0.051729,0.040384,6,False
trap,IIFL,2019-02-15,2019-02-18,198.2113,2019-02-18,184.3365,STOP,5,-69.374,19.9734,-89.3474,-0.089957,0.0,0.0,1,False
trap,IIFL,2020-01-21,2020-01-22,162.3823,2020-01-29,159.4843,MOMENTUM_FAIL,6,-17.3881,20.0085,-37.3966,-0.0383,-0.067358,0.029361,6,False
trap,IIFL,2020-08-26,2020-08-27,87.7761,2020-08-31,81.6318,STOP,11,-67.5876,19.8693,-87.4569,-0.090381,-0.118127,0.019597,3,False
trap,IIFL,2020-08-27,2020-08-28,89.4007,2020-08-31,83.1427,STOP,11,-68.8386,19.9422,-88.7808,-0.090082,-0.134153,0.0,2,False
trap,IIFL,2020-11-18,2020-11-19,113.1007,2020-11-25,105.1837,STOP,8,-63.3364,19.6215,-82.958,-0.091486,-0.084073,0.022391,5,False
trap,IIFL,2020-12-02,2020-12-03,115.251,2020-12-10,106.459,MOMENTUM_FAIL,8,-70.3356,19.6799,-90.0155,-0.097417,-0.105721,0.005804,6,False
trap,IIFL,2021-02-03,2021-02-04,197.669,2021-02-10,231.4736,TARGET,5,169.0232,20.4474,148.5758,0.15,-0.031128,0.198039,5,False
trap,IIFL,2024-04-08,2024-04-09,423.4667,2024-04-15,388.6313,GAP_STOP,2,-69.6707,19.3643,-89.035,-0.104897,-0.100592,0.045593,4,False
trap,IIFL,2024-06-07,2024-06-10,471.4119,2024-07-02,515.8829,TIME,2,88.9419,20.0921,68.8497,0.072866,-0.037797,0.122342,16,False
trap,IIFL,2024-06-10,2024-06-11,482.9764,2024-06-19,469.7244,MOMENTUM_FAIL,2,-26.5039,19.9547,-46.4586,-0.047991,-0.043469,0.044805,6,False
trap,INDHOTEL,2019-09-23,2019-09-24,152.6284,2019-10-01,145.1508,MOMENTUM_FAIL,6,-44.8657,19.7054,-64.5711,-0.070356,-0.069767,0.004031,6,False
trap,INDHOTEL,2020-08-13,2020-08-14,94.8778,2020-08-14,88.2364,STOP,10,-66.4145,19.8009,-86.2154,-0.090672,0.0,0.0,1,False
trap,INDHOTEL,2020-11-10,2020-11-11,108.1188,2020-12-03,121.7408,TIME,9,122.598,20.2884,102.3096,0.104912,-0.039648,0.162995,16,False
trap,INDIACEM,2020-02-25,2020-02-26,86.601,2020-02-26,101.4636,TARGET,11,163.4892,20.2853,143.204,0.15,0.0,0.0,1,False
trap,INDIACEM,2020-02-27,2020-02-28,93.6986,2020-03-04,87.1397,STOP,10,-65.589,19.7528,-85.3418,-0.090883,-0.116255,0.071541,4,False
trap,INDIACEM,2020-03-26,2020-03-27,102.4228,2020-03-30,95.2532,STOP,9,-64.5263,19.6909,-84.2172,-0.091162,-0.073147,0.075553,2,False
trap,INDIACEM,2020-05-18,2020-05-19,116.273,2020-05-26,136.275,TARGET,8,160.0161,20.1835,139.8327,0.15,-0.011446,0.186944,5,False
trap,INDIACEM,2020-12-30,2020-12-31,168.1735,2021-01-21,166.8364,TIME,5,-6.6854,19.4669,-26.1523,-0.031034,-0.053004,0.094228,16,False
trap,INDIACEM,2020-12-31,2021-01-01,167.2821,2021-01-22,166.6384,TIME,5,-3.2188,19.4551,-22.674,-0.02705,-0.047957,0.088218,16,False
trap,INDIACEM,2022-01-07,2022-01-10,240.617,2022-01-24,223.7738,STOP,4,-67.3728,19.8568,-87.2295,-0.090433,-0.136467,0.076621,11,False
trap,INDIACEM,2022-01-10,2022-01-11,249.2372,2022-01-18,234.7872,MOMENTUM_FAIL,4,-57.7999,20.0219,-77.8218,-0.07789,-0.066773,0.039384,6,False
trap,INDIACEM,2024-06-27,2024-06-28,289.0,2024-07-05,284.6,MOMENTUM_FAIL,3,-13.2,19.564,-32.764,-0.037708,-0.028893,0.015052,6,False
trap,INDIACEM,2025-03-04,2025-03-05,293.0,2025-03-12,280.6,MOMENTUM_FAIL,3,-37.2,19.5658,-56.7658,-0.064439,-0.054266,0.026962,6,False
trap,INDIACEM,2025-03-05,2025-03-06,292.0,2025-03-13,272.85,MOMENTUM_FAIL,3,-57.45,19.5119,-76.9619,-0.087664,-0.069007,0.027397,6,False
trap,INDIAMART,2019-09-06,2019-09-09,684.247,2019-09-18,806.1759,TARGET,1,121.9289,19.0675,102.8614,0.15,0.0,0.218711,7,False
trap,INDIAMART,2019-09-09,2019-09-11,749.5459,2019-09-24,881.5874,TARGET,1,132.0415,19.3638,112.6777,0.15,-0.038678,0.180412,10,False
trap,INDIAMART,2019-10-27,2019-10-29,883.7441,2019-11-05,834.4135,MOMENTUM_FAIL,1,-49.3306,19.5611,-68.8918,-0.077784,-0.060291,0.019577,6,False
trap,INDIANB,2018-10-30,2018-10-31,220.0355,2018-11-07,223.974,MOMENTUM_FAIL,4,15.7537,19.6784,-3.9248,-0.00445,-0.049611,0.049416,6,False
trap,INDIANB,2019-08-27,2019-08-28,165.2407,2019-09-03,153.6739,STOP,6,-69.4011,19.975,-89.3761,-0.089951,-0.098186,0.051813,4,False
trap,INDIANB,2019-10-23,2019-10-24,121.5333,2019-10-24,113.0259,STOP,8,-68.0586,19.8968,-87.9554,-0.090267,0.0,0.0,1,False
trap,INDIANB,2020-04-20,2020-04-21,45.377,2020-04-22,41.0961,GAP_STOP,21,-89.8978,19.7706,-109.6683,-0.114836,-0.09434,0.0,2,False
trap,INDIANB,2020-06-23,2020-06-24,59.9319,2020-06-24,55.7366,STOP,16,-67.1237,19.8423,-86.966,-0.090495,0.0,0.0,1,False
trap,INDIANB,2020-12-09,2020-12-10,76.5415,2020-12-21,71.1836,STOP,13,-69.6528,19.9897,-89.6425,-0.089893,-0.158837,0.093401,8,False
trap,INDIANB,2021-02-04,2021-02-05,102.4407,2021-02-17,120.0788,TARGET,9,158.7435,20.1462,138.5973,0.15,0.0,0.193481,9,False
trap,INDIANB,2021-02-05,2021-02-08,110.8739,2021-02-15,107.6633,MOMENTUM_FAIL,8,-25.6851,19.623,-45.3081,-0.050969,-0.065251,0.003861,6,False
trap,INDIANB,2021-02-18,2021-02-19,128.8535,2021-02-19,119.8338,STOP,7,-63.1382,19.61,-82.7482,-0.091541,0.0,0.0,1,False
trap,INDIANB,2024-10-29,2024-10-30,542.5257,2024-11-18,504.5489,STOP,1,-37.9768,18.1435,-56.1203,-0.103217,-0.084382,0.05033,13,False
trap,INDOKEM,2026-10-08,2026-10-09,691.1,2026-10-09,642.723,STOP,1,-48.377,18.7496,-67.1266,-0.096918,0.0,0.0,1,False
trap,INDUSINDBK,2020-03-27,2020-03-30,356.7327,2020-03-31,331.7614,STOP,2,-49.9426,18.8409,-68.7835,-0.096197,-0.106081,0.078379,2,False
trap,INDUSINDBK,2020-04-28,2020-04-29,437.2386,2020-05-04,406.6319,STOP,2,-61.2134,19.4978,-80.7112,-0.092095,-0.08269,0.084564,3,False
trap,INDUSINDBK,2021-02-01,2021-02-02,947.1735,2021-02-23,1010.7106,TIME,1,63.5371,20.0588,43.4783,0.045803,-0.010383,0.116144,16,False
trap,INDUSINDBK,2021-02-02,2021-02-03,944.8595,2021-02-24,1031.6324,TIME,1,86.7729,20.0963,66.6766,0.070414,0.0,0.118878,16,False
trap,INDUSTOWER,2019-11-29,2019-12-02,229.6289,2019-12-02,213.5549,STOP,4,-64.2961,19.6775,-83.9736,-0.091224,0.0,0.0,1,False
trap,INDUSTOWER,2020-09-03,2020-09-04,181.3057,2020-09-10,168.6143,STOP,5,-63.457,19.6286,-83.0855,-0.091453,-0.075234,0.100234,5,False
trap,INDUSTOWER,2020-11-20,2020-11-23,187.8293,2020-12-15,209.1793,TIME,5,106.7501,20.1129,86.6373,0.09205,-0.051195,0.141858,16,False
trap,INDUSTOWER,2020-11-23,2020-11-24,186.3466,2020-12-02,190.4557,MOMENTUM_FAIL,5,20.5452,19.906,0.6392,0.000685,-0.043646,0.036372,6,False
trap,INDUSTOWER,2021-09-24,2021-09-27,289.4214,2021-10-04,277.5767,MOMENTUM_FAIL,3,-35.5342,19.5238,-55.058,-0.063273,-0.048796,0.047694,6,False
trap,INFY,2020-03-25,2020-03-26,517.2563,2020-04-22,539.839,TIME,1,22.5827,18.1601,4.4226,0.008531,-0.053415,0.097398,16,False
trap,INFY,2020-07-16,2020-07-17,776.642,2020-07-24,786.7443,MOMENTUM_FAIL,1,10.1023,19.2299,-9.1276,-0.011727,-0.011361,0.042481,6,False
trap,INOXWIND,2019-02-22,2019-02-25,18.0,2019-02-26,16.74,STOP,55,-69.3,19.9691,-89.2691,-0.089974,-0.084722,0.0,2,False
trap,INOXWIND,2019-10-17,2019-10-18,9.0,2019-10-22,8.37,STOP,110,-69.3,19.9691,-89.2691,-0.089974,-0.088889,0.038889,2,False
trap,INOXWIND,2019-11-25,2019-11-26,9.5,2019-11-28,8.835,STOP,105,-69.825,19.9997,-89.8247,-0.089853,-0.073684,0.047368,3,False
trap,INOXWIND,2019-11-26,2019-11-27,9.6625,2019-11-27,8.9861,STOP,103,-69.6666,19.9905,-89.6571,-0.08989,0.0,0.0,1,False
trap,INOXWIND,2019-12-02,2019-12-03,10.5875,2019-12-06,9.8464,STOP,94,-69.6657,19.9904,-89.6562,-0.08989,-0.072019,0.121606,4,False
trap,INOXWIND,2019-12-03,2019-12-04,11.5,2019-12-04,10.695,STOP,86,-69.23,19.965,-89.195,-0.08999,0.0,0.0,1,False
trap,INOXWIND,2020-01-15,2020-01-16,11.4,2020-01-20,10.602,STOP,87,-69.426,19.9765,-89.4025,-0.089945,-0.092105,0.031798,3,False
trap,INOXWIND,2020-01-16,2020-01-17,11.75,2020-01-20,10.9275,STOP,84,-69.09,19.9569,-89.0469,-0.090023,-0.119149,0.0,2,False
trap,INOXWIND,2020-06-19,2020-06-22,10.0,2020-07-13,9.3,STOP,99,-69.3,19.9691,-89.2691,-0.089974,-0.0925,0.09375,16,False
trap,INOXWIND,2020-08-10,2020-08-11,11.375,2020-08-11,10.5787,STOP,87,-69.2738,19.9676,-89.2413,-0.08998,0.0,0.0,1,False
trap,INOXWIND,2020-11-23,2020-11-24,14.7375,2020-11-25,13.35,GAP_STOP,67,-92.9625,19.91,-112.8725,-0.114062,-0.15352,0.0,2,False
trap,INOXWIND,2021-04-23,2021-04-26,22.225,2021-04-27,20.6693,STOP,44,-68.453,19.9198,-88.3728,-0.090173,-0.116423,0.0,2,False
trap,INOXWIND,2021-07-15,2021-07-16,26.725,2021-07-28,31.2952,TARGET,37,169.0976,20.4496,148.648,0.15,-0.04724,0.233863,8,False
trap,INOXWIND,2021-07-27,2021-07-28,30.3625,2021-07-29,35.5634,TARGET,32,166.43,20.3714,146.0586,0.15,0.0,0.174969,2,False
trap,INOXWIND,2021-07-28,2021-07-29,32.525,2021-08-04,30.2483,STOP,30,-68.3025,19.911,-88.2135,-0.090209,-0.088778,0.095311,5,False
trap,INOXWIND,2021-10-11,2021-10-12,28.8125,2021-10-21,26.7956,STOP,34,-68.5738,19.9268,-88.5005,-0.090144,-0.071584,0.170499,7,False
trap,INOXWIND,2021-12-03,2021-12-06,37.475,2021-12-06,34.8517,STOP,26,-68.2045,19.9053,-88.1098,-0.090232,0.0,0.0,1,False
trap,INOXWIND,2023-05-30,2023-05-31,33.4,2023-06-15,39.1229,TARGET,29,165.9655,20.3578,145.6076,0.15,-0.011976,0.17253,12,False
trap,INOXWIND,2023-12-04,2023-12-05,83.5,2023-12-11,97.8824,TARGET,11,158.2067,20.1305,138.0762,0.15,-0.032934,0.197605,5,False
trap,INOXWIND,2025-01-29,2025-01-30,164.76,2025-02-19,169.49,TIME,6,28.3801,20.1619,8.2181,0.008295,-0.037813,0.145909,16,False
trap,INOXWIND,2025-01-30,2025-01-31,163.5,2025-02-20,174.42,TIME,6,65.52,20.2056,45.3144,0.046091,-0.030398,0.15474,16,False
trap,INTELLECT,2018-08-08,2018-08-09,234.7757,2018-09-03,257.0309,TIME,4,89.0208,20.0766,68.9442,0.073255,-0.03547,0.165733,16,False
trap,INTELLECT,2018-10-26,2018-10-29,224.9872,2018-11-06,263.8207,TARGET,4,155.3338,20.0463,135.2875,0.15,0.0,0.216234,7,False
trap,INTELLECT,2018-10-29,2018-10-30,250.2618,2018-11-16,232.7435,STOP,3,-52.555,18.9931,-71.5481,-0.09509,-0.089901,0.093403,13,False
trap,INTELLECT,2020-06-08,2020-06-09,92.235,2020-06-09,85.7786,STOP,10,-64.5645,19.6931,-84.2576,-0.091152,0.0,0.0,1,False
trap,INTELLECT,2021-02-05,2021-02-08,441.8905,2021-03-01,410.9582,STOP,2,-61.8647,19.5358,-81.4004,-0.091904,-0.071082,0.062156,16,False
trap,INTELLECT,2021-02-08,2021-02-09,467.5059,2021-02-09,434.7805,STOP,2,-65.4508,19.7448,-85.1956,-0.090918,0.0,0.0,1,False
trap,INTELLECT,2021-03-16,2021-03-17,590.0314,2021-03-22,697.3696,TARGET,1,107.3382,18.6399,88.6982,0.15,-0.067266,0.20832,4,False
trap,INTELLECT,2021-03-22,2021-03-23,671.9424,2021-03-23,624.9064,STOP,1,-47.036,18.6715,-65.7074,-0.097574,0.0,0.0,1,False
trap,INTELLECT,2021-03-31,2021-04-01,734.3739,2021-04-05,682.9677,STOP,1,-51.4062,18.9262,-70.3324,-0.095563,-0.093236,0.0,2,False
trap,INTELLECT,2023-05-12,2023-05-15,522.9832,2023-06-05,583.9327,TIME,1,60.9496,18.2624,42.6872,0.081444,-0.001869,0.136355,16,False
trap,INTELLECT,2023-05-15,2023-05-16,534.6648,2023-05-23,545.1733,MOMENTUM_FAIL,1,10.5084,18.209,-7.7005,-0.014371,-0.02194,0.038486,6,False
trap,INTELLECT,2023-07-28,2023-07-31,674.2203,2023-08-07,686.635,MOMENTUM_FAIL,1,12.4147,18.8021,-6.3874,-0.009453,-0.045124,0.041485,6,False
trap,INTELLECT,2023-07-31,2023-08-01,656.0645,2023-08-23,682.9548,TIME,1,26.8903,18.755,8.1354,0.012373,-0.018699,0.093493,16,False
trap,INTELLECT,2025-04-15,2025-04-16,732.5949,2025-05-08,862.0112,TARGET,1,129.4163,19.2869,110.1295,0.15,-0.013441,0.189449,15,False
trap,IOB,2019-12-27,2019-12-30,12.25,2019-12-31,11.3925,STOP,81,-69.4575,19.9783,-89.4358,-0.089938,-0.085714,0.0,2,False
trap,IOB,2021-02-25,2021-02-26,17.95,2021-03-04,16.6935,STOP,55,-69.1075,19.9579,-89.0654,-0.090019,-0.077995,0.052925,5,False
trap,IOB,2021-06-22,2021-06-23,25.1,2021-06-24,23.343,STOP,39,-68.523,19.9238,-88.4468,-0.090156,-0.091634,0.0,2,False
trap,IOB,2021-09-16,2021-09-17,23.15,2021-09-17,21.5295,STOP,43,-69.6815,19.9914,-89.6729,-0.089886,0.0,0.0,1,False
trap,IOB,2022-11-21,2022-11-22,23.7,2022-11-24,22.041,STOP,42,-69.678,19.9911,-89.6692,-0.089887,-0.078059,0.014768,3,False
trap,IOB,2022-12-13,2022-12-14,31.1,2022-12-15,36.4152,TARGET,32,170.0849,20.4785,149.6064,0.15,0.0,0.172026,2,False
trap,IOB,2022-12-14,2022-12-15,32.0,2022-12-23,29.76,STOP,31,-69.44,19.9773,-89.4173,-0.089942,-0.192187,0.146875,7,False
trap,IOB,2022-12-27,2022-12-28,32.9,2023-01-04,31.75,MOMENTUM_FAIL,30,-34.5,20.0273,-54.5274,-0.055125,-0.069909,0.009119,6,False
trap,IOB,2023-09-18,2023-09-20,45.4,2023-09-21,42.222,STOP,21,-66.738,19.8198,-86.5578,-0.09059,-0.081498,0.056167,2,False
trap,IOB,2024-02-06,2024-02-07,68.05,2024-02-07,79.7288,TARGET,14,163.5031,20.2857,143.2174,0.15,0.0,0.0,1,False
trap,IOB,2024-02-07,2024-02-08,81.8,2024-02-08,76.074,STOP,12,-68.712,19.9348,-88.6468,-0.090112,0.0,0.0,1,False
trap,IOC,2024-02-05,2024-02-06,157.5366,2024-02-27,154.592,TIME,6,-17.6676,19.8852,-37.5528,-0.039643,-0.032002,0.114698,16,False
trap,IRB,2019-09-23,2019-09-24,4.3363,2019-09-25,4.0328,STOP,230,-69.8146,19.9991,-89.8137,-0.089856,-0.079442,0.002147,2,False
trap,IRB,2019-10-23,2019-10-24,3.8173,2019-10-31,3.6846,MOMENTUM_FAIL,261,-34.6276,20.0663,-54.6939,-0.054777,-0.048171,0.030488,6,False
trap,IRB,2019-10-24,2019-10-25,3.794,2019-11-01,3.6683,MOMENTUM_FAIL,263,-33.0565,20.0759,-53.1325,-0.053133,-0.042945,0.03681,6,False
trap,IRB,2019-11-21,2019-11-22,4.0035,2019-11-26,3.7232,STOP,249,-69.7804,19.9971,-89.7775,-0.089864,-0.101163,0.0,3,False
trap,IRB,2020-01-13,2020-01-14,4.2362,2020-01-20,4.9602,TARGET,235,170.1333,20.4799,149.6534,0.15,-0.01978,0.312088,5,False
trap,IRB,2020-01-20,2020-01-21,5.3581,2020-01-28,5.2394,MOMENTUM_FAIL,186,-22.0794,20.0932,-42.1726,-0.042224,-0.033015,0.024327,6,False
trap,IRB,2020-01-21,2020-01-22,5.414,2020-01-29,5.258,MOMENTUM_FAIL,184,-28.6947,20.0779,-48.7725,-0.048853,-0.042992,0.007739,6,False
trap,IRB,2020-04-09,2020-04-13,3.119,2020-04-15,3.652,TARGET,319,170.0468,20.4774,149.5694,0.15,-0.016418,0.171642,2,False
trap,IRB,2020-06-22,2020-06-23,3.8033,2020-07-02,4.4532,TARGET,262,170.2805,20.4842,149.7962,0.15,0.0,0.180538,8,False
trap,IRB,2020-06-23,2020-06-24,4.3293,2020-06-24,4.0263,STOP,230,-69.7022,19.9926,-89.6948,-0.089881,0.0,0.0,1,False
trap,IRB,2021-06-02,2021-06-03,6.34,2021-06-15,7.4235,TARGET,157,170.1124,20.4793,149.633,0.15,-0.047528,0.188195,9,False
trap,IRB,2021-09-30,2021-10-01,9.9146,2021-10-21,11.6096,TARGET,100,169.5053,20.4615,149.0438,0.15,-0.017647,0.248039,14,False
trap,IRB,2023-02-22,2023-02-23,15.554,2023-02-23,14.4652,STOP,64,-69.6817,19.9914,-89.6731,-0.089886,0.0,0.0,1,False
trap,IRB,2024-01-30,2024-01-31,33.7145,2024-02-07,33.8373,MOMENTUM_FAIL,29,3.5606,20.0656,-16.505,-0.016844,-0.061908,0.048798,6,False
trap,IRCON,2020-02-13,2020-02-14,41.8021,2020-03-02,38.876,STOP,23,-67.3014,19.8526,-87.1541,-0.090451,-0.110709,0.130198,11,False
trap,IRCON,2020-02-14,2020-02-17,43.6131,2020-02-18,40.5602,STOP,22,-67.1642,19.8446,-87.0089,-0.090485,-0.080166,0.016033,2,False
trap,IRCON,2020-03-27,2020-03-30,29.741,2020-04-03,34.8306,TARGET,33,167.956,20.4161,147.5399,0.15,0.0,0.266558,4,False
trap,IRCON,2020-04-16,2020-04-17,38.9351,2020-04-21,36.2096,STOP,25,-68.1364,19.9013,-88.0377,-0.090248,-0.112029,0.0,3,False
trap,IRCON,2021-02-10,2021-02-11,42.9647,2021-02-15,39.9572,STOP,23,-69.1732,19.9617,-89.135,-0.090004,-0.099617,0.034483,3,False
trap,IRCON,2023-05-02,2023-05-03,81.5167,2023-05-09,75.8106,STOP,12,-68.4741,19.921,-88.395,-0.090168,-0.102967,0.033159,5,False
trap,IRCON,2024-03-15,2024-03-18,214.207,2024-03-26,217.5359,MOMENTUM_FAIL,4,13.3156,19.575,-6.2594,-0.007289,-0.058558,0.027027,6,False
trap,IRCON,2024-07-08,2024-07-09,318.464,2024-07-09,296.1715,STOP,3,-66.8774,19.8279,-86.7054,-0.090556,0.0,0.0,1,False
trap,IRCON,2025-01-16,2025-01-17,208.5103,2025-01-27,193.9146,STOP,4,-58.3829,19.3328,-77.7157,-0.092976,-0.093023,0.066977,7,False
trap,IRCON,2025-01-17,2025-01-20,214.6686,2025-01-22,199.6418,STOP,4,-60.1072,19.4333,-79.5405,-0.09243,-0.079286,0.0,3,False
trap,IRCON,2025-03-20,2025-03-21,156.2208,2025-04-07,132.8367,GAP_STOP,6,-140.3048,19.6021,-159.9069,-0.170227,-0.149686,0.070891,11,False
trap,IRCTC,2019-10-22,2019-10-23,164.1147,2019-11-14,171.9414,TIME,6,46.9603,20.1834,26.7768,0.027134,-0.003868,0.132679,16,False
trap,IRCTC,2019-10-23,2019-10-24,175.2863,2019-10-31,167.09,MOMENTUM_FAIL,5,-40.9814,19.5472,-60.5286,-0.068912,-0.052922,5.4e-05,6,False
trap,IRCTC,2020-02-05,2020-02-06,290.3276,2020-02-11,270.0047,STOP,3,-60.9688,19.4835,-80.4523,-0.092168,-0.100131,0.003917,4,False
trap,IRCTC,2020-02-19,2020-02-20,354.3816,2020-03-02,329.5749,STOP,2,-49.6134,18.8217,-68.4351,-0.096345,-0.120335,0.071864,7,False
trap,IRCTC,2020-02-20,2020-02-24,361.9421,2020-02-28,336.6062,STOP,2,-50.6719,18.8834,-69.5553,-0.095877,-0.088789,0.049474,5,False
trap,IRCTC,2020-12-04,2020-12-07,302.5054,2020-12-10,268.1514,GAP_STOP,3,-103.0619,19.5521,-122.614,-0.134815,-0.113565,0.135647,4,False
trap,IRCTC,2020-12-07,2020-12-08,325.7515,2020-12-10,268.1514,GAP_STOP,3,-172.8003,19.7046,-192.5049,-0.196556,-0.176822,0.0,3,False
trap,IREDA,2023-12-12,2023-12-13,103.3597,2023-12-14,121.1402,TARGET,9,160.0243,20.1837,139.8406,0.15,0.0,0.17782,2,False
trap,IREDA,2023-12-14,2023-12-15,118.9723,2023-12-15,110.6443,STOP,8,-66.6245,19.8132,-86.4377,-0.090619,0.0,0.0,1,False
trap,IREDA,2024-01-23,2024-01-24,155.6324,2024-01-30,182.6087,TARGET,6,161.8576,20.2025,141.6551,0.151367,0.0,0.188254,4,False
trap,IREDA,2024-07-11,2024-07-12,279.5454,2024-07-18,259.9772,STOP,3,-58.7045,19.3516,-78.0561,-0.092872,-0.109226,0.095794,4,False
trap,IRFC,2022-12-27,2022-12-28,30.46,2023-01-18,31.3127,TIME,32,27.2858,20.1013,7.1846,0.007355,-0.013997,0.076205,16,False
trap,IRFC,2023-08-01,2023-08-02,38.6079,2023-08-04,45.2255,TARGET,25,165.4387,20.3424,145.0963,0.15,-0.02454,0.185276,3,False
trap,IRFC,2023-09-05,2023-09-06,69.6364,2023-09-06,64.7619,STOP,14,-68.2437,19.9075,-88.1512,-0.090223,0.0,0.0,1,False
trap,IRFC,2024-01-16,2024-01-17,133.3117,2024-01-23,179.4878,TARGET,7,323.2325,20.5285,302.704,0.323671,-0.012319,0.397101,4,False
trap,IRFC,2024-01-17,2024-01-18,147.8022,2024-01-18,137.456,STOP,6,-62.0769,19.5481,-81.625,-0.091842,0.0,0.0,1,False
trap,IRFC,2024-02-14,2024-02-15,150.99,2024-02-29,140.4207,STOP,6,-63.4158,19.6262,-83.042,-0.091464,-0.099168,0.051504,11,False
trap,ITC,2020-03-20,2020-03-23,112.0112,2020-03-25,104.1704,STOP,8,-62.7263,19.586,-82.3122,-0.091657,-0.120253,0.036076,3,False
trap,ITI,2018-02-14,2018-02-15,126.5,2018-02-15,117.645,STOP,7,-61.985,19.5428,-81.5278,-0.091869,0.0,0.0,1,False
trap,ITI,2018-07-10,2018-07-11,92.95,2018-07-16,86.4435,STOP,10,-65.065,19.7223,-84.7873,-0.091019,-0.096288,0.061861,4,False
trap,ITI,2018-07-11,2018-07-12,96.0,2018-07-16,89.28,STOP,10,-67.2,19.8467,-87.0467,-0.090476,-0.125,0.00625,3,False
trap,ITI,2018-08-31,2018-09-03,115.35,2018-09-05,107.2755,STOP,8,-64.596,19.6949,-84.2909,-0.091143,-0.094062,0.0,3,False
trap,ITI,2018-10-11,2018-10-12,83.0,2018-10-22,79.25,MOMENTUM_FAIL,12,-45.0,20.0439,-65.0439,-0.065163,-0.057229,0.040964,6,False
trap,ITI,2018-11-21,2018-11-22,100.0,2018-11-27,93.0,STOP,9,-63.0,19.6019,-82.6019,-0.09158,-0.0775,0.0,3,False
trap,ITI,2019-01-16,2019-01-17,112.1,2019-01-18,104.253,STOP,8,-62.776,19.5889,-82.3649,-0.091643,-0.076717,0.0,2,False
trap,ITI,2019-01-17,2019-01-18,109.9,2019-01-23,102.207,STOP,9,-69.237,19.9654,-89.2024,-0.089989,-0.075978,0.040036,4,False
trap,ITI,2019-05-20,2019-05-21,92.85,2019-06-12,92.35,TIME,10,-5.0,19.8404,-24.8404,-0.026695,-0.040388,0.129241,16,False
trap,ITI,2019-10-30,2019-10-31,95.95,2019-11-01,89.2335,STOP,10,-67.165,19.8447,-87.0097,-0.090484,-0.077645,0.0,2,False
trap,ITI,2020-03-31,2020-04-01,62.5,2020-04-01,58.125,STOP,15,-65.625,19.7549,-85.3799,-0.090873,0.0,0.0,1,False
trap,ITI,2020-04-15,2020-04-16,92.0,2020-04-21,83.6,GAP_STOP,10,-84.0,19.6436,-103.6436,-0.11241,-0.126087,0.05,4,False
trap,ITI,2020-06-19,2020-06-22,106.9,2020-06-29,106.85,MOMENTUM_FAIL,9,-0.45,19.9915,-20.4415,-0.0212,-0.05753,0.028999,6,False
trap,ITI,2020-07-07,2020-07-08,131.95,2020-07-10,122.7135,STOP,7,-64.6555,19.6984,-84.3539,-0.091127,-0.071239,0.002274,3,False
trap,ITI,2022-05-26,2022-05-27,95.0,2022-06-03,93.45,MOMENTUM_FAIL,10,-15.5,19.9098,-35.4098,-0.037192,-0.048947,0.016842,6,False
trap,ITI,2022-06-23,2022-06-24,105.5,2022-07-01,98.115,STOP,9,-66.465,19.8039,-86.2689,-0.090659,-0.079147,0.066351,6,False
trap,ITI,2022-07-12,2022-07-13,114.35,2022-08-03,119.55,TIME,8,41.6,19.8774,21.7226,0.023694,-0.066025,0.1338,16,False
trap,ITI,2023-09-12,2023-09-13,158.95,2023-09-13,186.2263,TARGET,6,163.6579,20.2902,143.3677,0.15,0.0,0.0,1,False
trap,ITI,2023-09-13,2023-09-14,204.0,2023-09-14,189.72,STOP,4,-57.12,19.2592,-76.3792,-0.093398,0.0,0.0,1,False
trap,ITI,2023-09-14,2023-09-15,193.5,2023-09-20,179.955,STOP,5,-67.725,19.8773,-87.6023,-0.090348,-0.073385,0.031525,3,False
trap,ITI,2023-10-10,2023-10-11,225.4,2023-10-13,264.2974,TARGET,4,155.5894,20.0538,135.5357,0.15,-0.006211,0.202751,3,False
trap,ITI,2023-10-13,2023-10-16,270.45,2023-10-17,317.6543,TARGET,3,141.6128,19.6442,121.9686,0.15,0.0,0.184137,2,False
trap,ITI,2023-10-16,2023-10-17,292.7,2023-10-23,272.211,STOP,3,-61.467,19.5126,-80.9796,-0.09202,-0.097369,0.153058,5,False
trap,ITI,2024-01-16,2024-01-17,362.0,2024-01-23,336.66,STOP,2,-50.68,18.8839,-69.5639,-0.095873,-0.096409,0.035774,4,False
trap,ITI,2024-01-17,2024-01-18,366.6,2024-01-18,340.938,STOP,2,-51.324,18.9214,-70.2454,-0.095598,0.0,0.0,1,False
trap,ITI,2024-04-23,2024-04-24,295.0,2024-05-09,274.35,STOP,3,-61.95,19.5407,-81.4907,-0.091879,-0.074746,0.080678,11,False
trap,ITI,2024-11-07,2024-11-08,273.95,2024-11-11,321.6963,TARGET,3,143.2389,19.6919,123.547,0.15,0.0,0.257529,2,False
trap,ITI,2024-11-08,2024-11-11,299.64,2024-11-14,278.6652,STOP,3,-62.9244,19.5975,-82.5219,-0.091601,-0.07766,0.15018,4,False
trap,ITI,2024-11-11,2024-11-12,327.35,2024-11-12,304.4355,STOP,3,-68.7435,19.9367,-88.6802,-0.090104,0.0,0.0,1,False
trap,ITI,2024-12-10,2024-12-11,379.45,2024-12-12,352.8885,STOP,2,-53.123,19.0262,-72.1493,-0.094863,-0.088154,0.0,2,False
trap,ITI,2024-12-31,2025-01-01,390.0,2025-01-06,473.4,TARGET,2,166.8,19.5632,147.2368,0.188353,-0.038333,0.40641,4,False
trap,ITI,2025-05-28,2025-05-29,350.15,2025-06-04,325.6395,STOP,2,-49.021,18.7872,-67.8082,-0.096616,-0.071112,0.033843,5,False
trap,ITI,2025-05-29,2025-05-30,362.0,2025-06-02,335.0,GAP_STOP,2,-54.0,18.8771,-72.8771,-0.100439,-0.090332,0.0,2,False
trap,ITI,2026-04-09,2026-04-10,296.0,2026-04-20,291.91,MOMENTUM_FAIL,3,-12.27,19.6546,-31.9245,-0.035873,-0.059155,0.040304,6,False
trap,J&KBANK,2019-03-06,2019-03-07,47.189,2019-03-07,43.8858,STOP,21,-69.3678,19.9731,-89.3409,-0.089958,0.0,0.0,1,False
trap,J&KBANK,2019-04-01,2019-04-02,55.1175,2019-04-09,57.1235,MOMENTUM_FAIL,18,36.1082,20.1927,15.9155,0.016007,-0.02513,0.043328,6,False
trap,J&KBANK,2019-06-24,2019-06-25,42.3173,2019-06-28,39.355,STOP,23,-68.1308,19.901,-88.0318,-0.09025,-0.095937,0.0,4,False
trap,J&KBANK,2019-08-08,2019-08-09,42.0307,2019-08-13,39.0885,STOP,23,-67.6694,19.8741,-87.5435,-0.090361,-0.081818,0.021591,2,False
trap,J&KBANK,2020-04-21,2020-04-22,17.6242,2020-04-22,16.3905,STOP,56,-69.087,19.9567,-89.0437,-0.090024,0.0,0.0,1,False
trap,J&KBANK,2020-06-24,2020-06-25,17.6242,2020-07-14,16.3905,STOP,56,-69.087,19.9567,-89.0437,-0.090024,-0.073171,0.124661,14,False
trap,J&KBANK,2020-11-24,2020-11-25,24.3587,2020-11-25,22.6536,STOP,40,-68.2043,19.9053,-88.1096,-0.090232,0.0,0.0,1,False
trap,J&KBANK,2021-01-13,2021-01-14,29.2304,2021-01-15,27.1843,STOP,34,-69.5684,19.9848,-89.5532,-0.089912,-0.076797,0.0,2,False
trap,J&KBANK,2021-06-22,2021-06-23,39.4038,2021-06-25,36.6455,STOP,25,-68.9566,19.9491,-88.9057,-0.090054,-0.073939,0.015758,3,False
trap,J&KBANK,2022-12-06,2022-12-07,52.3473,2022-12-22,48.683,STOP,19,-69.6219,19.9879,-89.6098,-0.0899,-0.100365,0.145985,12,False
trap,J&KBANK,2022-12-27,2022-12-28,52.6339,2023-01-18,53.207,TIME,18,10.3167,19.9514,-9.6347,-0.010147,-0.038112,0.082577,16,False
trap,J&KBANK,2023-12-12,2023-12-13,129.3921,2023-12-20,114.5879,MOMENTUM_FAIL,7,-103.6291,19.5434,-123.1725,-0.135694,-0.130386,0.002972,6,False
trap,J&KBANK,2026-07-10,2026-07-13,188.99,2026-07-20,182.25,MOMENTUM_FAIL,5,-33.7,19.8514,-53.5514,-0.056548,-0.064871,0.0,6,False
trap,JAINREC,2026-05-08,2026-05-11,557.9,2026-05-18,518.847,STOP,1,-39.053,18.2062,-57.2592,-0.10241,-0.188116,0.053683,6,False
trap,JAIPURKURT,2026-10-08,2026-10-09,33.0,2026-10-09,30.69,STOP,30,-69.3,19.9691,-89.2691,-0.089974,0.0,0.0,1,False
trap,JAYKAY,2026-10-07,2026-10-08,263.49,2026-10-08,245.0457,STOP,3,-55.3329,19.1551,-74.488,-0.094027,0.0,0.0,1,False
trap,JBMA,2018-02-08,2018-02-09,88.3431,2018-03-01,82.1591,STOP,11,-68.0242,19.8948,-87.9189,-0.090275,-0.070439,0.114382,14,False
trap,JBMA,2018-04-03,2018-04-04,84.7693,2018-04-11,82.5441,MOMENTUM_FAIL,11,-24.4771,19.8174,-44.2945,-0.047399,-0.031932,0.022045,6,False
trap,JBMA,2019-09-25,2019-09-26,39.3465,2019-09-30,36.5922,STOP,25,-68.8564,19.9433,-88.7996,-0.090078,-0.093,0.0375,3,False
trap,JBMA,2019-10-10,2019-10-11,43.0844,2019-11-04,43.6156,TIME,23,12.217,20.1391,-7.9221,-0.007977,-0.063699,0.1121,16,False
trap,JBMA,2020-03-27,2020-03-30,22.6242,2020-03-31,26.4907,TARGET,44,170.1261,20.4797,149.6464,0.15,0.0,0.213478,2,False
trap,JBMA,2020-03-30,2020-03-31,25.7031,2020-04-20,30.4247,TARGET,38,179.42,20.4195,159.0005,0.162436,0.0,0.218523,11,False
trap,JBMA,2020-06-08,2020-06-09,38.8153,2020-06-09,36.0982,STOP,25,-67.9268,19.8891,-87.8159,-0.090299,0.0,0.0,1,False
trap,JBMA,2020-08-05,2020-08-06,46.2321,2020-08-10,42.9959,STOP,21,-67.9612,19.8911,-87.8523,-0.09029,-0.07234,0.010638,3,False
trap,JBMA,2020-09-28,2020-09-29,47.8748,2020-10-05,44.5236,STOP,20,-67.0248,19.8365,-86.8613,-0.090519,-0.104171,0.02219,4,False
trap,JBMA,2021-10-13,2021-10-14,121.849,2021-10-25,113.3195,STOP,8,-68.2354,19.9071,-88.1425,-0.090225,-0.073845,0.057951,7,False
trap,JBMA,2021-10-14,2021-10-18,128.1157,2021-10-19,119.1476,STOP,7,-62.7767,19.5889,-82.3656,-0.091643,-0.077519,0.0,2,False
trap,JBMA,2021-11-09,2021-11-10,144.006,2021-11-16,168.968,TARGET,6,149.7721,19.8833,129.8888,0.15,-0.050897,0.261241,5,False
trap,JBMA,2021-11-16,2021-11-17,172.2113,2021-12-03,202.0735,TARGET,5,149.3107,19.8698,129.4409,0.15,-0.029988,0.234083,12,False
trap,JBMA,2021-11-17,2021-11-18,190.0979,2021-11-18,176.791,STOP,5,-66.5343,19.8079,-86.3422,-0.090642,0.0,0.0,1,False
trap,JBMA,2022-01-03,2022-01-04,249.3191,2022-01-10,295.9374,TARGET,4,186.473,20.5207,165.9524,0.166043,-0.0384,0.187938,5,False
trap,JBMA,2022-12-20,2022-12-21,237.4574,2022-12-21,220.8354,STOP,4,-66.4881,19.8052,-86.2933,-0.090653,0.0,0.0,1,False
trap,JBMA,2023-06-08,2023-06-09,466.9747,2023-06-28,547.2743,TARGET,2,160.5992,20.2006,140.3987,0.15,-0.024252,0.345344,14,False
trap,JBMA,2023-06-30,2023-07-03,669.5851,2023-07-24,674.4885,TIME,1,4.9034,18.7673,-13.8639,-0.02066,-0.055017,0.144641,16,False
trap,JBMA,2023-08-16,2023-08-17,723.8219,2023-09-07,734.6992,TIME,1,10.8772,19.0085,-8.1312,-0.011209,-0.054917,0.105674,16,False
trap,JBMA,2024-01-01,2024-01-02,819.6264,2024-01-09,962.521,TARGET,1,142.8945,19.6818,123.2127,0.15,0.0,0.19462,6,False
trap,JBMA,2024-01-02,2024-01-03,868.5798,2024-01-25,921.4443,TIME,1,52.8646,19.7052,33.1594,0.038093,-0.047756,0.151183,16,False
trap,JBMA,2025-03-24,2025-03-25,660.1033,2025-03-26,613.896,STOP,1,-46.2072,18.6232,-64.8304,-0.097998,-0.070857,0.0,2,False
trap,JBMA,2025-09-15,2025-09-16,735.7323,2025-09-26,684.231,STOP,1,-51.5013,18.9317,-70.433,-0.095523,-0.073634,0.072277,9,False
trap,JBMA,2026-03-18,2026-03-19,562.1724,2026-03-30,522.8203,STOP,1,-39.3521,18.2236,-57.5757,-0.102193,-0.089795,0.07212,7,False
trap,JINDALSAW,2020-01-01,2020-01-02,38.8001,2020-01-15,45.4474,TARGET,25,166.1826,20.3642,145.8184,0.15,-0.066049,0.174392,10,False
trap,JINDALSAW,2020-01-02,2020-01-03,38.3505,2020-01-15,44.9036,TARGET,26,170.3811,20.4872,149.8939,0.15,-0.0551,0.188159,9,False
trap,JINDALSAW,2020-04-01,2020-04-03,22.0302,2020-04-16,25.7966,TARGET,45,169.4899,20.4611,149.0288,0.15,-0.029592,0.191837,7,False
trap,JINDALSAW,2023-05-31,2023-06-01,116.9315,2023-06-08,110.7241,MOMENTUM_FAIL,8,-49.6598,19.7788,-69.4386,-0.074068,-0.065844,0.041152,6,False
trap,JINDALSAW,2023-06-01,2023-06-02,117.8939,2023-06-06,109.6414,STOP,8,-66.0206,19.778,-85.7986,-0.090772,-0.073469,0.032653,3,False
trap,JINDALSAW,2023-10-31,2023-11-01,217.7506,2023-11-23,222.8434,TIME,4,20.3715,19.6492,0.7223,0.000827,-0.055506,0.152641,16,False
trap,JINDALSAW,2025-03-06,2025-03-07,268.017,2025-03-10,249.2558,STOP,3,-56.2836,19.2105,-75.494,-0.093687,-0.075092,0.0,2,False
trap,JINDALSAW,2026-01-20,2026-01-21,179.3476,2026-02-12,190.1382,TIME,5,53.9529,19.8263,34.1266,0.037973,-0.065967,0.098895,16,False
trap,JINDALSAW,2026-03-11,2026-03-12,200.1559,2026-03-16,186.145,STOP,4,-56.0437,19.1965,-75.2401,-0.093772,-0.074257,0.008861,3,False
trap,JINDALSAW,2026-03-12,2026-03-13,194.2107,2026-03-20,192.3578,MOMENTUM_FAIL,5,-9.2646,20.0114,-29.276,-0.030083,-0.045918,0.039745,6,False
trap,JINDALSTEL,2018-01-04,2018-01-05,239.1853,2018-01-23,280.2175,TARGET,4,164.1289,20.304,143.8249,0.15,0.0,0.211111,13,False
trap,JINDALSTEL,2019-11-04,2019-11-05,136.7687,2019-11-06,127.1949,STOP,7,-67.0167,19.836,-86.8527,-0.090521,-0.073408,0.02375,2,False
trap,JINDALSTEL,2020-04-07,2020-04-08,76.0865,2020-04-08,89.0976,TARGET,13,169.144,20.4509,148.6931,0.15,0.0,0.0,1,False
trap,JINDALSTEL,2020-05-27,2020-05-28,113.2439,2020-06-04,132.7768,TARGET,8,156.2633,20.0735,136.1898,0.15,0.0,0.204694,6,False
trap,JIOFIN,2024-02-23,2024-02-26,339.1258,2024-02-27,315.3869,STOP,2,-47.4776,18.6972,-66.1748,-0.097354,-0.070201,0.0,2,False
trap,JKTYRE,2020-06-08,2020-06-09,60.4068,2020-06-10,56.1784,STOP,16,-67.6557,19.8733,-87.5289,-0.090364,-0.074673,0.0,2,False
trap,JKTYRE,2020-10-23,2020-10-26,68.7372,2020-10-30,63.9256,STOP,14,-67.3624,19.8562,-87.2186,-0.090436,-0.089041,0.017123,5,False
trap,JKTYRE,2021-01-25,2021-01-27,131.4481,2021-01-28,120.5254,GAP_STOP,7,-76.4583,19.6595,-96.1178,-0.104233,-0.123209,0.0,2,False
trap,JKTYRE,2022-09-15,2022-09-16,178.3124,2022-09-22,165.8305,STOP,5,-62.4093,19.5675,-81.9768,-0.091747,-0.08054,0.025405,5,False
trap,JKTYRE,2023-03-23,2023-03-24,160.9631,2023-03-24,149.6956,STOP,6,-67.6045,19.8703,-87.4748,-0.090377,0.0,0.0,1,False
trap,JKTYRE,2023-10-11,2023-10-12,299.2395,2023-10-26,278.2927,STOP,3,-62.8403,19.5926,-82.4329,-0.091625,-0.094967,0.116883,10,False
trap,JKTYRE,2023-10-12,2023-10-13,296.6163,2023-10-26,275.8532,STOP,3,-62.2894,19.5605,-81.8499,-0.091781,-0.086964,0.126761,9,False
trap,JMFINANCIL,2019-09-23,2019-09-24,71.2805,2019-10-01,66.2909,STOP,13,-64.8652,19.7106,-84.5759,-0.091072,-0.085539,0.087385,6,False
trap,JMFINANCIL,2020-04-17,2020-04-20,69.7013,2020-04-21,64.0428,GAP_STOP,14,-79.22,19.889,-99.109,-0.101343,-0.129641,0.0,2,False
trap,JMFINANCIL,2025-08-13,2025-08-14,181.218,2025-09-08,187.4891,TIME,5,31.3555,19.8198,11.5358,0.012704,-0.049836,0.075292,16,False
trap,JPPOWER,2018-03-12,2018-03-13,6.2,2018-03-19,5.766,STOP,160,-69.44,19.9773,-89.4173,-0.089942,-0.112903,0.104839,5,False
trap,JPPOWER,2018-03-13,2018-03-14,6.8,2018-03-15,6.324,STOP,146,-69.496,19.9805,-89.4765,-0.089929,-0.088235,0.0,2,False
trap,JPPOWER,2018-05-08,2018-05-09,4.15,2018-05-10,3.8595,STOP,240,-69.72,19.9936,-89.7136,-0.089877,-0.072289,0.0,2,False
trap,JPPOWER,2018-08-06,2018-08-07,3.6,2018-08-07,3.348,STOP,277,-69.804,19.9985,-89.8025,-0.089858,0.0,0.0,1,False
trap,JPPOWER,2019-03-07,2019-03-08,2.4,2019-03-12,2.15,GAP_STOP,415,-103.75,19.9243,-123.6743,-0.1239,-0.104167,0.0,3,False
trap,JPPOWER,2020-03-27,2020-03-30,0.45,2020-03-30,0.5269,TARGET,2217,170.4643,20.4896,149.9747,0.15,0.0,0.0,1,False
trap,JPPOWER,2020-12-08,2020-12-09,3.45,2020-12-09,3.2085,STOP,289,-69.7935,19.9979,-89.7914,-0.089861,0.0,0.0,1,False
trap,JPPOWER,2020-12-14,2020-12-15,3.95,2020-12-16,3.55,GAP_STOP,252,-100.8,19.9278,-120.7278,-0.121021,-0.151899,0.0,2,False
trap,JPPOWER,2021-06-11,2021-06-14,4.9,2021-06-18,5.85,TARGET,203,192.85,20.5228,172.3272,0.172867,0.0,0.193878,5,False
trap,JPPOWER,2021-10-11,2021-10-12,5.4,2021-10-12,5.022,STOP,184,-69.552,19.9838,-89.5358,-0.089916,0.0,0.0,1,False
trap,JPPOWER,2021-12-09,2021-12-10,5.9,2021-12-10,5.487,STOP,169,-69.797,19.9981,-89.7951,-0.08986,0.0,0.0,1,False
trap,JPPOWER,2021-12-22,2021-12-23,5.8,2022-01-03,6.791,TARGET,172,170.4566,20.4894,149.9672,0.15,-0.068966,0.267241,8,False
trap,JPPOWER,2022-01-03,2022-01-04,7.45,2022-01-05,6.9285,STOP,133,-69.3595,19.9726,-89.3321,-0.08996,-0.073825,0.0,2,False
trap,JPPOWER,2022-01-04,2022-01-05,7.45,2022-01-05,6.9285,STOP,133,-69.3595,19.9726,-89.3321,-0.08996,0.0,0.0,1,False
trap,JPPOWER,2022-01-07,2022-01-10,8.7,2022-01-12,10.65,TARGET,114,222.3,20.5705,201.7295,0.202954,0.0,0.281609,3,False
trap,JPPOWER,2023-11-06,2023-11-07,12.65,2023-11-09,14.8137,TARGET,78,168.7685,20.4399,148.3286,0.15,0.0,0.185771,3,False
trap,JPPOWER,2023-11-07,2023-11-08,14.45,2023-11-08,13.4385,STOP,69,-69.7935,19.9979,-89.7914,-0.089861,0.0,0.0,1,False
trap,JPPOWER,2024-01-02,2024-01-03,16.35,2024-01-25,16.1,TIME,61,-15.25,20.1102,-35.3602,-0.035377,-0.067278,0.088685,16,False
trap,JPPOWER,2024-10-09,2024-10-10,22.64,2024-10-16,21.0552,STOP,44,-69.7312,19.9942,-89.7254,-0.089875,-0.076855,0.026502,5,False
trap,JPPOWER,2024-11-28,2024-11-29,19.14,2024-12-20,18.97,TIME,52,-8.84,20.1145,-28.9545,-0.029028,-0.062696,0.063218,16,False
trap,JPPOWER,2025-07-07,2025-07-08,23.2,2025-07-14,27.1641,TARGET,43,170.4566,20.4894,149.9672,0.15,-0.047414,0.193966,5,False
trap,JPPOWER,2025-07-08,2025-07-09,22.39,2025-07-14,26.2202,TARGET,44,168.53,20.433,148.0971,0.15,-0.010719,0.23716,4,False
trap,JPPOWER,2025-07-14,2025-07-15,27.1,2025-07-15,25.203,STOP,36,-68.292,19.9104,-88.2024,-0.090211,0.0,0.0,1,False
trap,JPPOWER,2025-11-20,2025-11-21,21.56,2025-11-21,20.0508,STOP,46,-69.4232,19.9763,-89.3995,-0.089946,0.0,0.0,1,False
trap,JPPOWER,2026-03-19,2026-03-20,17.0,2026-03-23,15.5,GAP_STOP,58,-87.0,19.9162,-106.9162,-0.108198,-0.149412,0.0,2,False
trap,JSL,2018-01-04,2018-01-05,121.5679,2018-01-16,113.0582,STOP,8,-68.078,19.8979,-87.9759,-0.090262,-0.088603,0.069271,8,False
trap,JSL,2018-02-14,2018-02-15,121.3231,2018-02-15,112.8305,STOP,8,-67.9409,19.8899,-87.8308,-0.090295,0.0,0.0,1,False
trap,JSL,2019-02-12,2019-02-14,29.425,2019-02-14,27.3653,STOP,33,-67.9718,19.8917,-87.8635,-0.090288,0.0,0.0,1,False
trap,JSL,2019-03-06,2019-03-07,41.665,2019-03-14,38.0909,MOMENTUM_FAIL,23,-82.2041,19.809,-102.0131,-0.10622,-0.108108,0.042303,6,False
trap,JSL,2019-05-10,2019-05-13,37.3076,2019-05-13,34.6961,STOP,26,-67.8998,19.8875,-87.7873,-0.090305,0.0,0.0,1,False
trap,JSL,2019-09-11,2019-09-12,35.9857,2019-09-19,32.8522,MOMENTUM_FAIL,27,-84.603,19.8603,-104.4633,-0.107281,-0.093877,0.034014,6,False
trap,JSL,2020-06-05,2020-06-08,35.2513,2020-06-10,32.7837,STOP,28,-69.0925,19.957,-89.0495,-0.090022,-0.125,0.0,3,False
trap,JSL,2020-06-19,2020-06-22,38.2868,2020-06-29,38.9233,MOMENTUM_FAIL,26,16.5486,20.167,-3.6183,-0.003627,-0.069054,0.038363,6,False
trap,JSL,2020-08-10,2020-08-11,42.4974,2020-08-18,49.7728,TARGET,23,167.3343,20.3979,146.9364,0.15,-0.008065,0.1947,6,False
trap,JSL,2020-10-12,2020-10-13,50.8206,2020-10-19,59.5311,TARGET,19,165.4994,20.3442,145.1553,0.15,-0.028902,0.194605,5,False
trap,JSL,2020-10-13,2020-10-14,50.282,2020-10-19,58.9091,TARGET,19,163.9147,20.2977,143.617,0.15,-0.000974,0.2074,4,False
trap,JSL,2021-01-05,2021-01-06,86.9531,2021-01-25,80.8664,STOP,11,-66.9539,19.8324,-86.7863,-0.090537,-0.085022,0.081081,14,False
trap,JSL,2021-07-22,2021-07-23,144.9218,2021-08-13,155.9379,TIME,6,66.0962,19.7361,46.36,0.0532,-0.054054,0.137838,16,False
trap,JSL,2021-08-25,2021-08-26,145.3625,2021-09-16,170.5346,TARGET,6,151.0325,19.9203,131.1123,0.15,-0.025598,0.174806,15,False
trap,JSL,2021-10-27,2021-10-28,190.9933,2021-10-29,177.6238,STOP,5,-66.8477,19.8262,-86.6738,-0.090563,-0.076647,0.014099,2,False
trap,JSWENERGY,2021-07-23,2021-07-26,232.9035,2021-08-16,241.0414,TIME,4,32.5515,19.93,12.6215,0.013518,-0.066126,0.080976,16,False
trap,JSWENERGY,2022-05-23,2022-05-24,308.0027,2022-05-24,286.4425,STOP,3,-64.6806,19.6999,-84.3805,-0.091121,0.0,0.0,1,False
trap,JSWENERGY,2022-10-07,2022-10-10,334.3397,2022-10-17,318.3884,MOMENTUM_FAIL,2,-31.9026,18.6885,-50.5911,-0.075493,-0.084703,0.032002,6,False
trap,JSWENERGY,2023-03-06,2023-03-08,260.1292,2023-03-15,251.491,MOMENTUM_FAIL,3,-25.9147,19.1724,-45.0871,-0.057649,-0.064906,0.045283,6,False
trap,JSWENERGY,2023-08-10,2023-08-11,334.4265,2023-09-04,359.7559,TIME,2,50.6587,18.8574,31.8013,0.047442,0.0,0.102811,16,False
trap,JSWINFRA,2023-11-07,2023-11-08,206.9033,2023-11-16,201.3436,MOMENTUM_FAIL,4,-22.2391,19.3793,-41.6184,-0.050178,-0.065019,0.0,6,False
trap,JSWINFRA,2025-02-21,2025-02-24,251.0478,2025-03-04,243.1917,MOMENTUM_FAIL,3,-23.5684,19.0621,-42.6305,-0.05648,-0.044761,0.033076,6,False
trap,JUBLFOOD,2018-01-22,2018-01-23,222.6639,2018-01-31,199.8186,MOMENTUM_FAIL,4,-91.3814,19.5047,-110.886,-0.124228,-0.110155,0.020292,6,False
trap,JUBLFOOD,2019-09-23,2019-09-24,282.7455,2019-09-30,262.9534,STOP,3,-59.3766,19.3907,-78.7673,-0.092657,-0.073827,0.029642,5,False
trap,JUBLFOOD,2020-03-20,2020-03-23,261.4211,2020-03-24,243.1217,STOP,3,-54.8984,19.1297,-74.0282,-0.094186,-0.123711,0.055852,2,False
trap,JUBLFOOD,2021-07-23,2021-07-26,691.0419,2021-08-16,741.9138,TIME,1,50.8719,18.9515,31.9204,0.046091,0.0,0.099816,16,False
trap,JUBLFOOD,2022-05-30,2022-05-31,549.7782,2022-06-07,516.7025,MOMENTUM_FAIL,1,-33.0757,18.1841,-51.2598,-0.093034,-0.073291,0.023651,6,False
trap,JUBLINGREA,2021-04-06,2021-04-07,327.9528,2021-04-09,304.9961,STOP,3,-68.8701,19.9441,-88.8141,-0.090074,-0.087172,0.0,3,False
trap,JUBLINGREA,2021-04-07,2021-04-08,320.3037,2021-04-12,297.8825,STOP,3,-67.2638,19.8504,-87.1142,-0.09046,-0.096866,0.014627,3,False
trap,JUBLINGREA,2021-04-29,2021-04-30,354.7245,2021-05-03,417.6404,TARGET,2,125.8318,19.1818,106.65,0.15,0.0,0.212129,2,False
trap,JUBLINGREA,2021-04-30,2021-05-03,396.7942,2021-05-24,466.2253,TARGET,2,138.8622,19.5636,119.2985,0.15,-0.053855,0.189639,15,False
trap,JUBLINGREA,2021-05-03,2021-05-04,424.522,2021-05-04,394.8055,STOP,2,-59.4331,19.394,-78.8271,-0.09264,0.0,0.0,1,False
trap,JUBLINGREA,2021-05-24,2021-05-25,471.8504,2021-06-01,450.2419,MOMENTUM_FAIL,2,-43.2171,19.8267,-63.0439,-0.066659,-0.063425,0.020669,6,False
trap,JUBLINGREA,2021-07-22,2021-07-23,623.3971,2021-07-28,579.7593,STOP,1,-43.6378,18.4734,-62.1112,-0.099416,-0.10115,0.0,4,False
trap,JUBLINGREA,2025-06-13,2025-06-16,772.0896,2025-06-17,718.0433,STOP,1,-54.0463,19.0801,-73.1263,-0.094506,-0.075449,0.0,2,False
trap,JWL,2018-06-08,2018-06-11,14.197,2018-06-25,13.2032,STOP,70,-69.5654,19.9846,-89.5499,-0.089913,-0.097902,0.136364,11,False
trap,JWL,2018-12-03,2018-12-04,19.856,2018-12-06,17.9696,GAP_STOP,50,-94.3157,19.93,-114.2457,-0.114823,-0.095,0.0,3,False
trap,JWL,2019-09-24,2019-09-25,16.5797,2019-09-27,15.4191,STOP,60,-69.6349,19.9886,-89.6235,-0.089897,-0.095808,0.0,3,False
trap,JWL,2020-06-08,2020-06-09,14.6438,2020-06-09,13.6187,STOP,68,-69.7044,19.9927,-89.697,-0.089881,0.0,0.0,1,False
trap,JWL,2020-07-02,2020-07-03,15.0905,2020-07-08,14.0342,STOP,66,-69.7182,19.9935,-89.7117,-0.089878,-0.075658,0.032895,4,False
trap,JWL,2020-08-19,2020-08-20,14.9416,2020-08-25,13.8957,STOP,66,-69.0302,19.9534,-88.9836,-0.090037,-0.07309,0.043189,4,False
trap,JWL,2020-08-27,2020-08-28,17.0761,2020-09-01,15.8808,STOP,58,-69.3291,19.9708,-89.2999,-0.089967,-0.148256,0.063953,3,False
trap,JWL,2020-12-14,2020-12-15,19.6574,2020-12-16,18.2814,STOP,50,-68.8009,19.94,-88.7409,-0.090091,-0.113636,0.0,2,False
trap,JWL,2020-12-29,2020-12-30,20.2531,2021-01-05,25.0681,TARGET,49,235.9383,20.6008,215.3376,0.216513,-0.039216,0.237745,5,False
trap,JWL,2021-01-11,2021-01-12,26.7063,2021-01-19,24.8368,STOP,37,-69.1692,19.9615,-89.1307,-0.090004,-0.089219,0.130112,6,False
trap,JWL,2021-01-12,2021-01-13,29.5357,2021-01-13,27.4682,STOP,33,-68.2276,19.9066,-88.1342,-0.090226,0.0,0.0,1,False
trap,JWL,2022-05-16,2022-05-17,55.1499,2022-05-24,64.929,TARGET,18,176.0232,20.48,155.5431,0.156345,-0.056706,0.184519,6,False
trap,JWL,2023-06-27,2023-06-28,174.1368,2023-07-20,195.5812,TIME,5,107.2223,19.8247,87.3975,0.100159,-0.034493,0.13626,16,False
trap,JWL,2024-05-10,2024-05-13,487.5339,2024-05-27,571.0174,TARGET,2,166.9671,20.3872,146.5799,0.15,-0.013367,0.179286,10,False
trap,JWL,2024-05-13,2024-05-14,485.4942,2024-05-27,568.6618,TARGET,2,166.3353,20.3686,145.9667,0.15,0.0,0.18424,9,False
trap,JWL,2025-03-24,2025-03-25,366.9431,2025-04-02,370.0853,MOMENTUM_FAIL,2,6.2844,19.0416,-12.7572,-0.017345,-0.022292,0.041865,6,False
trap,JWL,2025-12-22,2025-12-23,311.0,2026-01-12,289.23,STOP,3,-65.31,19.7366,-85.0466,-0.090955,-0.084566,0.151125,14,False
trap,JWL,2025-12-23,2025-12-24,335.9,2026-01-08,312.387,STOP,2,-47.026,18.6709,-65.6969,-0.097579,-0.097946,0.065793,11,False
trap,JYOTICNC,2024-01-31,2024-02-01,554.0,2024-02-13,515.22,STOP,1,-38.78,18.1903,-56.9703,-0.10261,-0.074729,0.155054,9,False
trap,JYOTICNC,2024-02-01,2024-02-02,615.0,2024-02-05,571.95,STOP,1,-43.05,18.4391,-61.4891,-0.099764,-0.089431,0.0,2,False
trap,JYOTICNC,2024-03-26,2024-03-27,729.15,2024-04-22,775.7,TIME,1,46.55,19.1036,27.4464,0.03756,-0.029006,0.160255,16,False
trap,JYOTICNC,2025-03-07,2025-03-10,965.0,2025-03-21,1130.4079,TARGET,1,165.4079,20.3415,145.0665,0.15,-0.059223,0.197927,9,False
trap,KAJARIACER,2018-08-23,2018-08-24,450.0053,2018-08-31,437.7281,MOMENTUM_FAIL,2,-24.5543,19.6803,-44.2345,-0.049042,-0.03278,0.038693,6,False
trap,KAJARIACER,2020-09-14,2020-09-15,494.9672,2020-09-22,469.3165,MOMENTUM_FAIL,2,-51.3015,20.0055,-71.307,-0.071875,-0.073869,0.020901,6,False
trap,KALYANKJIL,2021-06-04,2021-06-07,81.4526,2021-06-18,75.7509,STOP,12,-68.4202,19.9178,-88.338,-0.090181,-0.078229,0.088539,10,False
trap,KALYANKJIL,2021-06-07,2021-06-08,82.7369,2021-06-18,76.9453,STOP,12,-69.499,19.9807,-89.4797,-0.089928,-0.092537,0.071642,9,False
trap,KALYANKJIL,2022-09-15,2022-09-16,96.5181,2022-09-23,92.0232,MOMENTUM_FAIL,10,-44.9495,19.9139,-64.8634,-0.067057,-0.062948,0.023542,6,False
trap,KALYANKJIL,2022-12-27,2022-12-28,122.4012,2023-01-18,117.5605,TIME,8,-38.7258,19.9858,-58.7117,-0.059827,-0.054076,0.083131,16,False
trap,KALYANKJIL,2023-06-16,2023-06-19,132.379,2023-06-22,123.1125,STOP,7,-64.8657,19.7107,-84.5764,-0.091072,-0.093284,0.0,4,False
trap,KALYANKJIL,2023-06-19,2023-06-20,131.3911,2023-06-22,122.1937,STOP,7,-64.3816,19.6825,-84.0641,-0.091201,-0.086466,0.0,3,False
trap,KALYANKJIL,2023-08-14,2023-08-16,205.7911,2023-08-31,241.6517,TARGET,4,143.4425,19.6979,123.7446,0.15,0.0,0.25662,12,False
trap,KALYANKJIL,2026-02-09,2026-02-10,439.2079,2026-02-17,419.1398,MOMENTUM_FAIL,2,-40.1362,19.5573,-59.6935,-0.067808,-0.058957,0.0,6,False
trap,KALYANKJIL,2026-06-15,2026-06-16,383.4355,2026-06-23,371.5838,MOMENTUM_FAIL,2,-23.7033,19.1198,-42.8231,-0.055719,-0.033766,0.005844,6,False
trap,KALYANKJIL,2026-07-09,2026-07-10,449.2669,2026-07-13,526.8242,TARGET,2,155.1146,20.0399,135.0747,0.15,0.0,0.179118,2,False
trap,KALYANKJIL,2026-07-10,2026-07-13,468.588,2026-07-16,549.1375,TARGET,2,161.099,20.2152,140.8837,0.15,0.0,0.180871,4,False
trap,KALYANKJIL,2026-07-13,2026-07-14,513.4549,2026-07-29,609.513,TARGET,1,96.0581,18.2936,77.7645,0.151123,0.0,0.231113,12,False
trap,KARURVYSYA,2020-06-26,2020-06-29,27.8313,2020-06-30,25.8831,STOP,35,-68.1867,19.9042,-88.0909,-0.090236,-0.082192,0.0,2,False
trap,KARURVYSYA,2020-12-09,2020-12-10,33.55,2020-12-22,31.2015,STOP,29,-68.1066,19.8996,-88.0062,-0.090255,-0.086364,0.131818,9,False
trap,KARURVYSYA,2020-12-10,2020-12-11,37.1719,2020-12-18,37.4769,MOMENTUM_FAIL,26,7.9299,20.027,-12.0971,-0.012489,-0.05641,0.021538,6,False
trap,KARURVYSYA,2021-02-08,2021-02-09,44.9113,2021-02-10,41.7675,STOP,22,-69.1634,19.9612,-89.1246,-0.090006,-0.091681,0.0,2,False
trap,KEC,2019-09-23,2019-09-24,273.7458,2019-10-01,255.3387,MOMENTUM_FAIL,3,-55.2213,19.2852,-74.5065,-0.090527,-0.107586,0.0,6,False
trap,KEC,2023-05-22,2023-05-23,540.254,2023-05-24,502.4362,STOP,1,-37.8178,18.1342,-55.952,-0.10334,-0.079521,0.0,2,False
trap,KEC,2025-03-20,2025-03-21,815.3493,2025-03-26,758.2749,STOP,1,-57.0745,19.2566,-76.331,-0.093413,-0.089031,0.019095,4,False
trap,KEI,2018-11-01,2018-11-02,343.1352,2018-11-27,347.4035,TIME,2,8.5367,18.8451,-10.3085,-0.014988,-0.03889,0.136117,16,False
trap,KEI,2018-11-02,2018-11-05,354.7136,2018-11-22,329.8837,STOP,2,-49.6599,18.8244,-68.4843,-0.096324,-0.070263,0.099032,13,False
trap,KEI,2019-09-23,2019-09-24,513.5022,2019-10-17,534.3079,TIME,1,20.8057,18.1406,2.6651,0.005179,-0.047222,0.076628,16,False
trap,KEI,2021-05-18,2021-05-19,588.6375,2021-06-04,695.7598,TARGET,1,107.1223,18.6336,88.4887,0.15,-0.008348,0.212412,13,False
trap,KEI,2021-05-19,2021-05-20,597.6216,2021-06-04,706.1352,TARGET,1,108.5136,18.6744,89.8392,0.15,-0.018106,0.194186,12,False
trap,KEI,2021-09-24,2021-09-27,981.2113,2021-09-28,912.5265,STOP,1,-68.6848,19.9333,-88.6181,-0.090118,-0.07932,0.0,2,False
trap,KFINTECH,2024-05-02,2024-05-03,794.2432,2024-05-07,738.6462,STOP,1,-55.597,19.1704,-74.7675,-0.093931,-0.073988,0.0,3,False
trap,KIRLOSBROS,2020-02-17,2020-02-18,158.1734,2020-02-27,147.1012,STOP,6,-66.4328,19.802,-86.2348,-0.090667,-0.072005,0.088722,7,False
trap,KIRLOSBROS,2020-07-30,2020-07-31,127.0811,2020-08-21,128.141,TIME,7,7.4188,19.7013,-12.2825,-0.013777,-0.043973,0.117134,16,False
trap,KIRLOSBROS,2020-11-24,2020-11-25,136.9148,2020-12-03,133.6733,MOMENTUM_FAIL,7,-22.6902,19.9306,-42.6208,-0.044374,-0.035689,0.016961,6,False
trap,KIRLOSBROS,2021-03-03,2021-03-04,194.4867,2021-03-08,180.8727,STOP,5,-68.0704,19.8974,-87.9678,-0.090264,-0.082338,0.009453,3,False
trap,KIRLOSBROS,2021-03-04,2021-03-05,192.3096,2021-03-08,178.848,STOP,5,-67.3084,19.853,-87.1614,-0.090449,-0.07195,0.02088,2,False
trap,KIRLOSBROS,2021-05-27,2021-05-28,365.7511,2021-06-04,430.3747,TARGET,2,129.2471,19.2819,109.9652,0.15,-0.019312,0.192857,6,False
trap,KIRLOSBROS,2023-05-12,2023-05-15,509.5989,2023-06-05,569.8555,TIME,1,60.2566,18.2045,42.0521,0.08234,0.0,0.164093,16,False
trap,KIRLOSENG,2018-08-29,2018-08-30,266.3696,2018-09-03,247.7237,STOP,3,-55.9376,19.1903,-75.1279,-0.09381,-0.082185,0.005025,3,False
trap,KIRLOSENG,2022-05-23,2022-05-24,156.835,2022-05-24,145.8565,STOP,6,-65.8707,19.7692,-85.6399,-0.09081,0.0,0.0,1,False
trap,KIRLOSENG,2022-08-25,2022-08-26,213.188,2022-09-08,250.1941,TARGET,4,148.0245,19.8321,128.1924,0.15,-0.034773,0.237727,9,False
trap,KIRLOSENG,2022-11-17,2022-11-18,333.3486,2022-11-25,303.2114,MOMENTUM_FAIL,2,-60.2743,18.6224,-78.8966,-0.118081,-0.097529,0.037791,6,False
trap,KIRLOSENG,2023-03-08,2023-03-09,385.5975,2023-03-13,358.6056,STOP,2,-53.9836,19.0764,-73.0601,-0.09453,-0.093212,0.0,3,False
trap,KIRLOSENG,2023-03-09,2023-03-10,371.1425,2023-03-17,371.9238,MOMENTUM_FAIL,2,1.5627,19.0674,-17.5048,-0.023531,-0.057895,0.0175,6,False
trap,KIRLOSENG,2025-05-15,2025-05-16,857.8543,2025-05-23,846.4487,MOMENTUM_FAIL,1,-11.4056,19.529,-30.9346,-0.035982,-0.032776,0.045147,6,False
trap,KIRLOSENG,2025-05-16,2025-05-19,882.6988,2025-05-26,860.6313,MOMENTUM_FAIL,1,-22.0674,19.6122,-41.6796,-0.047115,-0.06,0.01573,6,False
trap,KOTAKBANK,2020-03-25,2020-03-26,258.4721,2020-04-01,240.379,STOP,3,-54.2791,19.0936,-73.3728,-0.094417,-0.109231,0.115385,5,False
trap,KPIL,2018-11-01,2018-11-02,335.0922,2018-11-06,311.6358,STOP,2,-46.9129,18.6643,-65.5772,-0.097636,-0.087551,0.0,3,False
trap,KPIL,2020-04-20,2020-04-21,198.4909,2020-05-07,184.5966,STOP,5,-69.4718,19.9791,-89.451,-0.089934,-0.074419,0.158139,12,False
trap,KPIL,2020-04-21,2020-04-22,199.4142,2020-05-07,185.4552,STOP,5,-69.795,19.998,-89.7929,-0.08986,-0.078704,0.152778,11,False
trap,KPIL,2020-11-17,2020-11-18,274.1944,2020-12-07,321.9786,TARGET,3,143.3525,19.6952,123.6572,0.15,-0.026431,0.234849,13,False
trap,KPITTECH,2022-01-07,2022-01-10,703.0055,2022-01-21,653.7951,STOP,1,-49.2104,18.7982,-68.0086,-0.096529,-0.080069,0.056552,10,False
trap,KPITTECH,2022-01-10,2022-01-11,730.1561,2022-01-13,679.0452,STOP,1,-51.1109,18.909,-70.0199,-0.095688,-0.086321,0.0,3,False
trap,KPITTECH,2022-09-22,2022-09-23,653.7464,2022-09-30,643.3633,MOMENTUM_FAIL,1,-10.3831,18.6693,-29.0524,-0.044343,-0.050034,0.006189,6,False
trap,KPRMILL,2020-08-13,2020-08-14,108.8331,2020-08-14,101.2148,STOP,9,-68.5648,19.9263,-88.4911,-0.090146,0.0,0.0,1,False
trap,KPRMILL,2022-07-21,2022-07-22,580.5877,2022-07-29,575.0654,MOMENTUM_FAIL,1,-5.5223,18.3703,-23.8926,-0.041063,-0.068434,0.010101,6,False
trap,KPRMILL,2026-02-04,2026-02-05,985.0788,2026-02-11,916.1233,STOP,1,-68.9555,19.949,-88.9046,-0.090054,-0.09404,0.023838,5,False
trap,KSB,2019-09-23,2019-09-24,130.4924,2019-10-01,124.9701,MOMENTUM_FAIL,7,-38.656,19.7083,-58.3643,-0.063755,-0.055942,0.013043,6,False
trap,KSB,2023-08-03,2023-08-04,530.2668,2023-08-11,519.3424,MOMENTUM_FAIL,1,-10.9244,18.1468,-29.0712,-0.054704,-0.049868,0.0,6,False
trap,LAURUSLABS,2020-07-31,2020-08-03,187.0793,2020-08-10,219.244,TARGET,5,160.8234,20.2071,140.6162,0.15,-0.003402,0.17765,6,False
trap,LAURUSLABS,2020-08-03,2020-08-04,197.9976,2020-08-24,231.8531,TARGET,5,169.2777,20.4549,148.8228,0.15,-0.017804,0.232443,15,False
trap,LAURUSLABS,2025-01-30,2025-01-31,583.1401,2025-02-14,542.3203,STOP,1,-40.8198,18.3092,-59.129,-0.101176,-0.091368,0.104615,12,False
trap,LEMONTREE,2018-04-20,2018-04-23,83.0,2018-04-25,77.19,STOP,12,-69.72,19.9936,-89.7136,-0.089877,-0.103614,0.044578,3,False
trap,LEMONTREE,2018-04-23,2018-04-24,84.5,2018-04-25,78.585,STOP,11,-65.065,19.7223,-84.7873,-0.091019,-0.119527,0.0,2,False
trap,LEMONTREE,2020-12-08,2020-12-09,47.95,2020-12-10,44.5935,STOP,20,-67.13,19.8426,-86.9726,-0.090493,-0.130344,0.0,2,False
trap,LEMONTREE,2021-04-26,2021-04-27,36.8,2021-04-29,34.224,STOP,27,-69.552,19.9838,-89.5358,-0.089916,-0.081522,0.0,3,False
trap,LEMONTREE,2021-10-08,2021-10-11,55.2,2021-10-19,52.1,MOMENTUM_FAIL,18,-55.8,20.0118,-75.8118,-0.076134,-0.066123,0.042572,6,False
trap,LEMONTREE,2022-03-28,2022-03-29,67.95,2022-03-31,63.1935,STOP,14,-66.591,19.8112,-86.4022,-0.090627,-0.077998,0.048565,3,False
trap,LENSKART,2025-12-19,2025-12-22,467.7,2026-01-13,446.95,TIME,2,-41.5,19.7952,-61.2952,-0.065385,-0.067672,0.053667,16,False
trap,LICHSGFIN,2020-04-09,2020-04-13,222.5717,2020-05-06,228.8911,TIME,4,25.2775,19.7407,5.5368,0.006206,-0.050323,0.162522,16,False
trap,LINDEINDIA,2018-11-09,2018-11-12,581.2977,2018-12-04,650.8596,TIME,1,69.5619,18.5261,51.0358,0.087605,-0.024833,0.170667,16,False
trap,LINDEINDIA,2018-11-12,2018-11-13,576.4536,2018-12-05,645.7249,TIME,1,69.2713,18.5051,50.7662,0.087874,0.0,0.180504,16,False
trap,LINDEINDIA,2019-01-11,2019-01-14,773.0292,2019-01-18,718.9172,STOP,1,-54.112,19.0839,-73.1959,-0.094481,-0.230355,0.018799,5,False
trap,LINDEINDIA,2019-02-28,2019-03-01,478.6987,2019-03-26,463.4396,TIME,2,-30.5181,19.9104,-50.4285,-0.052558,-0.039972,0.141469,16,False
trap,LINDEINDIA,2020-03-25,2020-03-26,472.2913,2020-04-03,445.9072,MOMENTUM_FAIL,2,-52.7682,19.811,-72.5792,-0.07667,-0.079835,0.045268,6,False
trap,LLOYDSME,2023-12-05,2023-12-06,604.5386,2023-12-28,600.1502,TIME,1,-4.3884,18.4737,-22.8621,-0.037735,-0.037285,0.08224,16,False
trap,LODHA,2021-07-09,2021-07-12,391.1095,2021-08-03,459.6602,TARGET,2,137.1014,19.5121,117.5894,0.15,-0.025759,0.196076,16,False
trap,LODHA,2023-03-02,2023-03-03,495.5703,2023-03-08,460.8804,STOP,2,-69.3798,19.9738,-89.3536,-0.089956,-0.07957,0.046953,3,False
trap,LODHA,2023-03-03,2023-03-06,495.1247,2023-03-08,460.466,STOP,2,-69.3175,19.9701,-89.2876,-0.08997,-0.078742,0.0,2,False
trap,LODHA,2023-03-31,2023-04-03,455.4445,2023-04-27,465.6183,TIME,2,20.3476,19.8176,0.53,0.000581,-0.043318,0.058481,16,False
trap,LOTUSCHO,2026-10-07,2026-10-08,655.0,2026-10-09,609.15,STOP,1,-45.85,18.6023,-64.4523,-0.098186,-0.15542,0.0,2,False
trap,LTF,2020-04-17,2020-04-20,57.5211,2020-04-21,53.1972,GAP_STOP,17,-73.5064,19.9093,-93.4157,-0.095323,-0.116932,0.0,2,False
trap,LTF,2020-11-27,2020-12-01,75.3408,2020-12-22,74.5983,TIME,13,-9.6524,20.0459,-29.6983,-0.030256,-0.05913,0.113044,16,False
trap,LTF,2022-03-23,2022-03-24,84.3357,2022-03-24,78.4322,STOP,11,-64.9385,19.7149,-84.6534,-0.091052,0.0,0.0,1,False
trap,LTFOODS,2018-11-05,2018-11-06,40.3455,2018-11-15,37.5213,STOP,24,-67.7805,19.8806,-87.661,-0.090334,-0.096701,0.073948,7,False
trap,LTFOODS,2019-08-13,2019-08-14,21.0219,2019-08-21,19.5504,STOP,47,-69.162,19.9611,-89.1231,-0.090006,-0.089519,0.026201,5,False
trap,LTFOODS,2019-08-28,2019-08-29,20.7465,2019-09-06,20.7465,MOMENTUM_FAIL,48,-0.0,20.1349,-20.1349,-0.020175,-0.048673,0.030973,6,False
trap,LTFOODS,2019-09-11,2019-09-12,24.8315,2019-10-01,23.0933,STOP,40,-69.5283,19.9824,-89.5107,-0.089921,-0.111373,0.085686,14,False
trap,LTFOODS,2020-05-29,2020-06-01,25.0556,2020-06-08,29.3451,TARGET,39,167.2923,20.3967,146.8956,0.15,-0.028143,0.352721,6,False
trap,LTFOODS,2020-06-08,2020-06-09,33.7992,2020-06-12,29.1453,GAP_STOP,29,-134.9617,19.7939,-154.7556,-0.157541,-0.137691,0.05007,4,False
trap,LTFOODS,2020-06-09,2020-06-10,32.765,2020-06-12,29.1453,GAP_STOP,30,-108.59,19.8593,-128.4493,-0.130392,-0.110474,0.083214,3,False
trap,LTFOODS,2020-06-18,2020-06-19,41.9787,2020-06-22,39.0402,STOP,23,-67.5857,19.8692,-87.4549,-0.090381,-0.12654,0.0,2,False
trap,LTFOODS,2020-07-30,2020-07-31,50.5813,2020-08-11,59.2547,TARGET,19,164.7952,20.3235,144.4717,0.15,-0.052045,0.17658,8,False
trap,LTFOODS,2020-07-31,2020-08-03,48.7479,2020-08-11,57.0954,TARGET,20,166.9501,20.3867,146.5635,0.15,-0.015429,0.220829,7,False
trap,LTFOODS,2021-12-14,2021-12-15,78.8183,2021-12-17,73.301,STOP,12,-66.2073,19.7889,-85.9962,-0.090724,-0.088794,0.009798,3,False
trap,LTFOODS,2022-04-12,2022-04-13,88.8635,2022-05-02,82.643,STOP,11,-68.4249,19.9181,-88.343,-0.090179,-0.076586,0.101751,12,False
trap,LTFOODS,2022-09-14,2022-09-15,107.0445,2022-09-16,99.5514,STOP,9,-67.4381,19.8606,-87.2987,-0.090417,-0.088556,0.00545,2,False
trap,LTFOODS,2023-11-02,2023-11-03,189.4447,2023-11-28,206.1849,TIME,5,83.7012,20.1,63.6011,0.066998,-0.050272,0.141228,16,False
trap,LTFOODS,2024-03-21,2024-03-22,186.1064,2024-04-18,200.3921,TIME,5,71.4283,20.0046,51.4238,0.055142,-0.03693,0.147455,16,False
trap,LUPIN,2020-04-07,2020-04-08,673.266,2020-04-13,793.4943,TARGET,1,120.2283,19.0176,101.2107,0.15,0.0,0.210842,3,False
trap,LUPIN,2020-04-13,2020-04-15,814.4021,2020-04-16,757.394,STOP,1,-57.0082,19.2527,-76.2608,-0.093436,-0.07182,0.0,2,False
trap,M&M,2020-04-07,2020-04-08,296.1157,2020-04-09,347.2947,TARGET,3,153.537,19.9936,133.5434,0.15,0.0,0.243333,2,False
trap,M&M,2020-04-08,2020-04-09,315.6217,2020-05-05,346.0793,TIME,3,91.3728,20.1141,71.2587,0.075093,-0.045123,0.137156,16,False
trap,M&M,2020-04-09,2020-04-13,357.2189,2020-04-15,332.2136,STOP,2,-50.0106,18.8448,-68.8555,-0.096167,-0.08079,0.0,2,False
trap,M&MFIN,2020-04-09,2020-04-13,91.8048,2020-04-13,85.3784,STOP,10,-64.2633,19.6756,-83.9389,-0.091232,0.0,0.0,1,False
trap,M&MFIN,2020-04-17,2020-04-20,99.0605,2020-04-20,92.1262,STOP,10,-69.3423,19.9716,-89.3139,-0.089964,0.0,0.0,1,False
trap,M&MFIN,2026-07-22,2026-07-23,373.95,2026-08-13,396.4,TIME,2,44.9,19.1794,25.7206,0.034315,-0.05696,0.109774,16,False
trap,MAHABANK,2018-10-30,2018-10-31,11.9586,2018-11-02,11.1215,STOP,83,-69.4792,19.9796,-89.4588,-0.089933,-0.071429,0.0,3,False
trap,MAHABANK,2018-10-31,2018-11-01,11.6169,2018-11-09,11.745,MOMENTUM_FAIL,85,10.8909,20.1216,-9.2307,-0.009328,-0.051471,0.025735,6,False
trap,MAHABANK,2019-04-24,2019-04-25,15.3753,2019-05-02,14.299,STOP,64,-68.8813,19.9447,-88.826,-0.090072,-0.075,0.105556,4,False
trap,MAHABANK,2019-04-25,2019-04-26,16.1013,2019-04-30,14.9743,STOP,61,-68.7528,19.9372,-88.69,-0.090102,-0.071618,0.055703,2,False
trap,MAHABANK,2020-12-07,2020-12-08,13.0263,2020-12-08,12.1144,STOP,76,-69.2999,19.9691,-89.269,-0.089974,0.0,0.0,1,False
trap,MAHABANK,2021-02-25,2021-02-26,20.9275,2021-03-04,19.4626,STOP,47,-68.8514,19.943,-88.7944,-0.090079,-0.1,0.028571,5,False
trap,MAHABANK,2021-04-09,2021-04-12,20.3296,2021-04-22,18.8774,GAP_STOP,49,-71.1534,19.9913,-91.1447,-0.091298,-0.092437,0.151261,7,False
trap,MAHABANK,2022-11-21,2022-11-22,25.7653,2022-11-23,23.9617,STOP,38,-68.5357,19.9246,-88.4603,-0.090153,-0.075343,0.0,2,False
trap,MAHABANK,2022-12-14,2022-12-15,30.0889,2022-12-21,27.9827,STOP,33,-69.5055,19.9811,-89.4866,-0.089927,-0.145161,0.030792,5,False
trap,MAHABANK,2022-12-27,2022-12-28,27.5742,2023-01-11,25.644,STOP,36,-69.4869,19.98,-89.467,-0.089931,-0.072,0.0592,11,False
trap,MANAPPURAM,2020-03-25,2020-03-26,92.9023,2020-03-26,86.3991,STOP,10,-65.0316,19.7203,-84.7519,-0.091028,0.0,0.0,1,False
trap,MANAPPURAM,2020-04-28,2020-04-29,117.9144,2020-05-04,109.6604,STOP,8,-66.0321,19.7786,-85.8107,-0.090769,-0.105303,0.025,3,False
trap,MARSONS,2026-10-07,2026-10-08,133.55,2026-10-09,131.11,TIME,7,-17.08,19.8426,-36.9226,-0.03941,-0.045227,0.022089,2,False
trap,MAXHEALTH,2020-09-11,2020-09-14,126.2002,2020-09-15,117.3662,STOP,7,-61.8381,19.5342,-81.3723,-0.091912,-0.076378,0.0,2,False
trap,MAXHEALTH,2020-12-07,2020-12-08,149.105,2020-12-08,138.6677,STOP,6,-62.6241,19.58,-82.2041,-0.091686,0.0,0.0,1,False
trap,MAXHEALTH,2021-08-31,2021-09-01,388.4382,2021-09-08,382.5257,MOMENTUM_FAIL,2,-11.8251,19.1862,-31.0113,-0.039831,-0.06242,0.000768,6,False
trap,MAZDOCK,2021-06-07,2021-06-08,127.4908,2021-06-14,118.5665,STOP,7,-62.4705,19.5711,-82.0416,-0.091729,-0.08,0.076364,5,False
trap,MAZDOCK,2021-06-08,2021-06-09,126.7491,2021-06-14,117.8766,STOP,7,-62.107,19.5499,-81.6569,-0.091834,-0.074616,0.082663,4,False
trap,MAZDOCK,2022-09-30,2022-10-03,233.6263,2022-10-04,273.7977,TARGET,4,160.6853,20.2031,140.4823,0.15,0.0,0.178079,2,False
trap,MAZDOCK,2022-10-06,2022-10-07,284.7427,2022-10-31,305.7128,TIME,3,62.9104,19.665,43.2454,0.050515,-0.038806,0.147292,16,False
trap,MAZDOCK,2022-11-03,2022-11-04,362.1617,2022-11-17,426.2294,TARGET,2,128.1354,19.2493,108.886,0.15,0.0,0.177953,9,False
trap,MAZDOCK,2022-12-27,2022-12-28,397.5905,2023-01-04,392.9753,MOMENTUM_FAIL,2,-9.2305,19.2688,-28.4993,-0.035762,-0.050587,0.031586,6,False
trap,MAZDOCK,2023-06-06,2023-06-07,500.8746,2023-06-14,500.5345,MOMENTUM_FAIL,1,-0.3401,18.0442,-18.3843,-0.036624,-0.040398,0.046848,6,False
trap,MAZDOCK,2023-06-16,2023-06-19,581.5198,2023-07-10,687.5398,TARGET,1,106.02,18.6013,87.4187,0.15,-0.02924,0.215413,15,False
trap,MAZDOCK,2023-06-19,2023-06-20,588.3213,2023-07-10,695.3946,TARGET,1,107.0733,18.6322,88.4411,0.15,-0.040463,0.201362,14,False
trap,MAZDOCK,2023-07-12,2023-07-13,842.4022,2023-07-17,783.434,STOP,1,-58.9682,19.3669,-78.3351,-0.092787,-0.082382,0.00346,3,False
trap,MBEL,2026-10-07,2026-10-08,290.0,2026-10-08,269.7,STOP,3,-60.9,19.4795,-80.3795,-0.092189,0.0,0.0,1,False
trap,MCX,2018-05-28,2018-05-29,152.1761,2018-06-05,145.1939,MOMENTUM_FAIL,6,-41.8935,19.7,-61.5936,-0.067311,-0.069384,0.021086,6,False
trap,MEESHO,2025-12-18,2025-12-19,226.5,2025-12-22,210.645,STOP,4,-63.42,19.6264,-83.0464,-0.091463,-0.109581,0.0,2,False
trap,MEESHO,2026-05-04,2026-05-05,218.5,2026-05-05,203.205,STOP,4,-61.18,19.4958,-80.6758,-0.092105,0.0,0.0,1,False
trap,MEGASTAR,2026-10-07,2026-10-08,315.15,2026-10-08,293.0895,STOP,3,-66.1815,19.7874,-85.9689,-0.090731,0.0,0.0,1,False
trap,MFSL,2020-03-25,2020-03-26,352.3,2020-03-26,414.8404,TARGET,2,125.0809,19.1598,105.9211,0.15,0.0,0.0,1,False
trap,MFSL,2020-03-27,2020-03-30,385.2,2020-04-03,358.236,STOP,2,-53.928,19.0732,-73.0012,-0.094551,-0.151999,0.073858,4,False
trap,MFSL,2020-04-16,2020-04-17,438.0,2020-04-24,420.15,MOMENTUM_FAIL,2,-35.7,19.5562,-55.2562,-0.06294,-0.085502,0.038813,6,False
trap,MINDACORP,2019-02-28,2019-03-01,140.8728,2019-03-20,131.0117,STOP,7,-69.0277,19.9532,-88.9809,-0.090037,-0.088094,0.058844,13,False
trap,MINDACORP,2019-08-27,2019-08-28,92.1054,2019-08-29,85.6581,STOP,10,-64.4738,19.6878,-84.1616,-0.091176,-0.083684,0.111579,2,False
trap,MINDACORP,2019-08-28,2019-08-29,88.2273,2019-09-23,89.4777,TIME,11,13.7543,20.0559,-6.3016,-0.006479,-0.065385,0.133516,16,False
trap,MINDACORP,2019-10-30,2019-10-31,98.0017,2019-11-07,95.1766,MOMENTUM_FAIL,10,-28.2511,20.0106,-48.2616,-0.049138,-0.055169,0.038767,6,False
trap,MINDACORP,2019-12-27,2019-12-30,101.2652,2020-01-06,95.8098,MOMENTUM_FAIL,9,-49.0984,19.6783,-68.7767,-0.075299,-0.075036,0.00481,6,False
trap,MINDACORP,2020-04-09,2020-04-13,63.521,2020-04-13,59.0746,STOP,15,-66.6971,19.8174,-86.5145,-0.090601,0.0,0.0,1,False
trap,MINDACORP,2020-04-17,2020-04-20,75.1503,2020-04-21,69.8897,STOP,13,-68.3867,19.9159,-88.3026,-0.090189,-0.185306,0.0,2,False
trap,MINDACORP,2020-04-20,2020-04-21,73.3424,2020-04-21,68.2084,STOP,13,-66.7415,19.82,-86.5615,-0.09059,0.0,0.0,1,False
trap,MINDACORP,2022-01-04,2022-01-05,192.6563,2022-01-24,179.1703,STOP,5,-67.4297,19.8601,-87.2898,-0.090419,-0.07398,0.091837,14,False
trap,MINDACORP,2024-08-23,2024-08-26,624.9275,2024-08-28,581.1826,STOP,1,-43.7449,18.4797,-62.2246,-0.099354,-0.075557,0.003662,3,False
trap,MINDACORP,2024-08-26,2024-08-27,612.9863,2024-08-30,570.0772,STOP,1,-42.909,18.4309,-61.34,-0.099849,-0.086526,0.0,4,False
trap,MMTC,2018-03-16,2018-03-19,44.2162,2018-03-20,41.121,STOP,22,-68.0929,19.8988,-87.9917,-0.090259,-0.075221,0.0,2,False
trap,MMTC,2018-10-11,2018-10-12,30.2708,2018-10-19,28.1518,STOP,32,-67.8065,19.8821,-87.6886,-0.090328,-0.089431,0.068293,5,False
trap,MMTC,2019-09-13,2019-09-16,25.3979,2019-09-17,21.854,GAP_STOP,39,-138.2119,19.831,-158.0429,-0.159208,-0.205426,0.0,2,False
trap,MMTC,2019-10-18,2019-10-22,18.25,2019-10-23,16.9725,STOP,54,-68.985,19.9508,-88.9358,-0.090047,-0.084931,0.0,2,False
trap,MMTC,2020-07-08,2020-07-09,21.55,2020-07-09,20.0415,STOP,46,-69.391,19.9744,-89.3654,-0.089953,0.0,0.0,1,False
trap,MMTC,2020-12-14,2020-12-15,25.7,2020-12-15,23.901,STOP,38,-68.362,19.9144,-88.2764,-0.090194,0.0,0.0,1,False
trap,MMTC,2020-12-30,2020-12-31,27.0,2021-01-12,31.6248,TARGET,36,166.492,20.3732,146.1188,0.15,-0.025926,0.22963,9,False
trap,MMTC,2021-03-02,2021-03-03,51.0,2021-03-03,47.43,STOP,19,-67.83,19.8834,-87.7134,-0.090322,0.0,0.0,1,False
trap,MMTC,2021-05-11,2021-05-12,55.2,2021-06-03,57.5,TIME,18,41.4,20.2097,21.1903,0.02128,-0.066123,0.126812,16,False
trap,MMTC,2021-05-12,2021-05-14,57.0,2021-05-14,53.01,STOP,17,-67.83,19.8834,-87.7134,-0.090322,0.0,0.0,1,False
trap,MMTC,2022-01-31,2022-02-01,61.2,2022-02-01,56.916,STOP,16,-68.544,19.9251,-88.4691,-0.090151,0.0,0.0,1,False
trap,MMTC,2022-06-24,2022-06-27,39.4,2022-07-18,39.0,TIME,25,-10.0,20.0688,-30.0688,-0.03046,-0.048223,0.091371,16,False
trap,MMTC,2023-09-04,2023-09-05,54.0,2023-09-06,66.45,TARGET,18,224.0999,20.4905,203.6094,0.209018,0.0,0.283333,2,False
trap,MMTC,2023-09-06,2023-09-07,67.0,2023-09-12,62.31,STOP,14,-65.66,19.757,-85.417,-0.090864,-0.127612,0.035075,4,False
trap,MMTC,2023-10-12,2023-10-13,70.9,2023-10-16,83.0202,TARGET,14,169.6822,20.4667,149.2155,0.15,0.0,0.198166,2,False
trap,MMTC,2023-10-17,2023-10-18,82.95,2023-10-19,70.6,GAP_STOP,12,-148.2,19.8313,-168.0312,-0.16844,-0.148885,0.0,2,False
trap,MMTC,2023-12-08,2023-12-11,59.3,2023-12-21,55.149,STOP,16,-66.416,19.801,-86.217,-0.090671,-0.090219,0.060708,9,False
trap,MMTC,2024-02-06,2024-02-07,100.55,2024-02-08,93.5115,STOP,9,-63.3465,19.6221,-82.9686,-0.091483,-0.102934,0.0,2,False
trap,MMTC,2024-07-24,2024-07-25,103.0,2024-07-25,120.7248,TARGET,9,159.523,20.169,139.354,0.15,0.0,0.0,1,False
trap,MMTC,2025-05-30,2025-06-02,84.4,2025-06-02,78.492,STOP,11,-64.988,19.7178,-84.7058,-0.091039,0.0,0.0,1,False
trap,MMTC,2025-12-29,2025-12-30,69.5,2026-01-06,66.64,MOMENTUM_FAIL,14,-40.04,19.9569,-59.9969,-0.061527,-0.059137,0.021583,6,False
trap,MMTC,2026-03-18,2026-03-19,61.63,2026-03-23,57.3159,STOP,16,-69.0256,19.9531,-88.9787,-0.090038,-0.102061,0.018497,3,False
trap,MMWL,2026-10-08,2026-10-09,19.99,2026-10-09,18.5907,STOP,49,-68.5657,19.9263,-88.492,-0.090146,0.0,0.0,1,False
trap,MOBIKWIK,2026-10-07,2026-10-08,247.0,2026-10-09,245.49,TIME,4,-6.04,20.0895,-26.1295,-0.026389,-0.023279,0.068623,2,False
trap,MONQ50,2026-10-07,2026-10-08,261.7,2026-10-08,243.381,STOP,3,-54.957,19.1331,-74.0901,-0.094164,0.0,0.0,1,False
trap,MOTHERSON,2019-02-25,2019-02-26,39.2875,2019-03-20,39.1504,TIME,25,-3.4278,20.0703,-23.4981,-0.023872,-0.029822,0.114213,16,False
trap,MOTHERSON,2020-04-09,2020-04-13,17.5442,2020-04-16,20.5462,TARGET,56,168.114,20.4208,147.6932,0.15,-0.029962,0.256929,3,False
trap,MOTHERSON,2020-04-17,2020-04-20,23.1294,2020-04-21,21.0136,GAP_STOP,43,-90.98,19.9442,-110.9242,-0.111287,-0.190341,0.0,2,False
trap,MOTHERSON,2021-02-15,2021-02-16,56.3516,2021-03-09,56.8904,TIME,17,9.1598,19.9937,-10.8338,-0.011284,-0.035448,0.111007,16,False
trap,MOTHERSON,2022-01-14,2022-01-17,82.0481,2022-01-24,77.7025,MOMENTUM_FAIL,12,-52.1474,19.9811,-72.1285,-0.073099,-0.074045,0.008432,6,False
trap,MOTHERSON,2022-01-17,2022-01-18,82.74,2022-01-19,76.9482,STOP,12,-69.5016,19.9809,-89.4824,-0.089928,-0.071335,0.0,2,False
trap,MOTILALOFS,2019-09-23,2019-09-24,719.9221,2019-09-24,669.5276,STOP,1,-50.3945,18.8672,-69.2618,-0.095997,0.0,0.0,1,False
trap,MOTILALOFS,2024-10-16,2024-10-17,946.9088,2024-10-25,880.6252,STOP,1,-66.2836,19.7933,-86.0769,-0.090705,-0.114033,0.106029,7,False
trap,MPHASIS,2020-07-27,2020-07-28,971.8889,2020-08-18,1044.3154,TIME,1,72.4265,20.1812,52.2453,0.053639,-0.016555,0.103684,16,False
trap,MRPL,2018-10-11,2018-10-12,74.0694,2018-11-05,76.3944,TIME,13,30.2255,20.0574,10.1681,0.010537,0.0,0.108264,16,False
trap,MRPL,2018-10-12,2018-10-15,79.6685,2018-10-23,79.1465,MOMENTUM_FAIL,12,-6.2633,19.954,-26.2173,-0.027364,-0.056581,0.030375,6,False
trap,MRPL,2020-04-20,2020-04-21,33.5548,2020-04-21,31.206,STOP,29,-68.1163,19.9001,-88.0165,-0.090253,0.0,0.0,1,False
trap,MRPL,2020-06-24,2020-06-25,39.2919,2020-06-25,36.5415,STOP,25,-68.7609,19.9377,-88.6986,-0.0901,0.0,0.0,1,False
trap,MRPL,2022-04-21,2022-04-22,64.3617,2022-04-27,59.8563,STOP,15,-67.5797,19.8689,-87.4486,-0.090383,-0.074906,0.0397,4,False
trap,MRPL,2022-05-02,2022-05-04,77.3786,2022-05-06,71.9621,STOP,12,-64.998,19.7184,-84.7164,-0.091037,-0.072274,0.017445,3,False
trap,MRPL,2022-05-18,2022-05-19,83.405,2022-05-25,76.7519,GAP_STOP,11,-73.1843,19.6549,-92.8392,-0.100971,-0.079769,0.107514,5,False
trap,MRPL,2022-06-07,2022-06-08,106.1606,2022-06-14,98.7293,STOP,9,-66.8812,19.8281,-86.7093,-0.090555,-0.128065,0.149864,5,False
trap,MRPL,2022-06-08,2022-06-09,113.8743,2022-06-14,105.2928,GAP_STOP,8,-68.6524,19.6368,-88.2892,-0.096704,-0.18713,0.044031,4,False
trap,MRPL,2023-04-28,2023-05-02,60.7458,2023-05-09,60.6976,MOMENTUM_FAIL,16,-0.7714,20.0324,-20.8037,-0.021358,-0.042857,0.022222,6,False
trap,MRPL,2023-06-19,2023-06-20,76.0769,2023-06-27,75.8841,MOMENTUM_FAIL,13,-2.5071,20.1009,-22.608,-0.02281,-0.046261,0.024081,6,False
trap,MRPL,2024-01-11,2024-01-12,157.6499,2024-02-02,184.7249,TARGET,6,162.4499,20.2548,142.1951,0.15,-0.018043,0.222747,14,False
trap,MRPL,2024-01-12,2024-01-15,156.4928,2024-02-02,183.3886,TARGET,6,161.3748,20.2233,141.1515,0.15,-0.010782,0.231787,13,False
trap,MRPL,2024-02-15,2024-02-16,232.4244,2024-02-19,272.4096,TARGET,4,159.9408,20.1813,139.7595,0.15,0.0,0.206717,2,False
trap,MRPL,2024-02-19,2024-02-20,278.1918,2024-02-21,258.7183,STOP,3,-58.4203,19.335,-77.7553,-0.092964,-0.135587,0.0,2,False
trap,MRPL,2025-03-21,2025-03-24,134.0715,2025-04-07,117.5207,GAP_STOP,7,-115.8558,19.6569,-135.5127,-0.144078,-0.137984,0.069394,10,False
trap,MRPL,2025-03-24,2025-03-25,140.2805,2025-04-01,130.4609,STOP,7,-68.7374,19.9363,-88.6738,-0.090106,-0.086777,0.022061,5,False
trap,MUTHOOTFIN,2020-02-17,2020-02-18,776.5901,2020-03-12,716.1142,GAP_STOP,1,-60.4758,19.086,-79.5618,-0.102227,-0.137931,0.097126,16,False
trap,MUTHOOTFIN,2020-02-18,2020-02-19,776.5901,2020-03-12,716.1142,GAP_STOP,1,-60.4759,19.086,-79.5619,-0.102227,-0.137931,0.097126,15,False
trap,MUTHOOTFIN,2020-03-25,2020-03-26,554.2575,2020-04-08,656.0555,TARGET,1,101.798,18.4776,83.3204,0.15,-0.039604,0.226733,8,False
trap,NAM-INDIA,2019-02-06,2019-02-07,130.2159,2019-02-14,121.0423,GAP_STOP,7,-64.215,19.6481,-83.8631,-0.091804,-0.083541,0.053616,5,False
trap,NAM-INDIA,2019-02-22,2019-02-25,162.2422,2019-02-27,150.8852,STOP,6,-68.1417,19.9016,-88.0433,-0.090247,-0.094321,0.003503,3,False
trap,NAM-INDIA,2019-10-23,2019-10-24,282.0192,2019-10-24,262.2779,STOP,3,-59.224,19.3818,-78.6059,-0.092706,0.0,0.0,1,False
trap,NATCOPHARM,2020-09-18,2020-09-21,856.0208,2020-09-24,796.0994,STOP,1,-59.9215,19.4225,-79.344,-0.092487,-0.076759,0.021963,4,False
trap,NATCOPHARM,2020-09-21,2020-09-22,871.1766,2020-09-22,810.1942,STOP,1,-60.9824,19.4843,-80.4667,-0.092164,0.0,0.0,1,False
trap,NATIONALUM,2021-05-10,2021-05-11,61.309,2021-05-12,57.0173,STOP,16,-68.666,19.9322,-88.5982,-0.090122,-0.071338,0.044586,2,False
trap,NATIONALUM,2021-06-28,2021-06-29,63.652,2021-07-06,62.5195,MOMENTUM_FAIL,15,-16.9868,19.9269,-36.9137,-0.038578,-0.047853,0.01227,6,False
trap,NATIONALUM,2021-10-18,2021-10-19,97.5684,2021-10-19,90.7386,STOP,10,-68.2979,19.9107,-88.2086,-0.09021,0.0,0.0,1,False
trap,NAUKRI,2020-04-07,2020-04-08,451.2592,2020-04-13,419.671,STOP,2,-63.1763,19.6122,-82.7885,-0.09153,-0.073376,0.021602,3,False
trap,NAVA,2020-06-19,2020-06-22,22.0355,2020-06-26,25.8028,TARGET,45,169.5269,20.4622,149.0648,0.15,-0.050051,0.199183,5,False
trap,NAVA,2020-06-26,2020-06-29,26.7847,2020-06-29,24.9098,STOP,37,-69.3724,19.9733,-89.3458,-0.089957,0.0,0.0,1,False
trap,NAVA,2020-08-24,2020-08-25,29.3056,2020-09-01,27.2542,STOP,34,-69.7474,19.9952,-89.7426,-0.089871,-0.075269,0.162059,6,False
trap,NAVA,2020-12-29,2020-12-30,28.7204,2021-01-06,27.9326,MOMENTUM_FAIL,34,-26.7846,19.9987,-46.7833,-0.047805,-0.038401,0.01489,6,False
trap,NAVA,2021-02-25,2021-02-26,30.7237,2021-03-22,31.5339,TIME,32,25.9293,20.1341,5.7952,0.005882,-0.009524,0.108425,16,False
trap,NAVA,2021-05-11,2021-05-12,45.4665,2021-05-19,42.2838,STOP,21,-66.8357,19.8255,-86.6612,-0.090566,-0.076733,0.0,5,False
trap,NAVA,2021-06-11,2021-06-14,48.3701,2021-06-16,56.659,TARGET,20,165.7798,20.3524,145.4274,0.15,0.0,0.172173,3,False
trap,NAVA,2021-06-14,2021-06-15,54.0196,2021-06-17,50.2382,STOP,18,-68.0647,19.8971,-87.9618,-0.090266,-0.0725,0.049583,3,False
trap,NAVA,2022-05-17,2022-05-18,73.2452,2022-05-19,67.3257,GAP_STOP,13,-76.9537,19.7939,-96.7476,-0.101384,-0.103774,0.138365,2,False
trap,NAVA,2022-05-20,2022-05-23,94.8502,2022-05-23,88.2107,STOP,10,-66.3951,19.7998,-86.195,-0.090677,0.0,0.0,1,False
trap,NAVA,2022-06-22,2022-06-23,79.6944,2022-07-14,82.5275,TIME,12,33.9968,20.0373,13.9595,0.014565,-0.004335,0.123121,16,False
trap,NAVA,2022-08-17,2022-08-18,126.9857,2022-08-19,118.0967,STOP,7,-62.223,19.5566,-81.7796,-0.0918,-0.08377,0.005236,2,False
trap,NAVA,2022-08-18,2022-08-19,127.6506,2022-08-19,118.715,STOP,7,-62.5488,19.5756,-82.1244,-0.091707,0.0,0.0,1,False
trap,NAVA,2022-12-16,2022-12-19,105.9006,2022-12-22,98.4875,STOP,9,-66.7174,19.8186,-86.5359,-0.090596,-0.090583,0.038565,4,False
trap,NAVA,2022-12-27,2022-12-28,113.4988,2023-01-18,114.8997,TIME,8,11.2074,19.7868,-8.5794,-0.009428,-0.011506,0.098745,16,False
trap,NAVA,2022-12-28,2022-12-29,115.3984,2023-01-19,115.1372,TIME,8,-2.0896,19.8239,-21.9135,-0.023685,-0.025309,0.080659,16,False
trap,NAVA,2024-06-06,2024-06-07,287.4582,2024-06-18,337.2965,TARGET,3,149.5148,19.8758,129.639,0.15,-0.020273,0.181023,7,False
trap,NAVA,2024-09-17,2024-09-18,624.2454,2024-09-20,580.5482,STOP,1,-43.6972,18.4769,-62.174,-0.099381,-0.119394,0.028442,3,False
trap,NAVA,2024-09-18,2024-09-19,641.9757,2024-09-19,597.0374,STOP,1,-44.9383,18.5492,-63.4875,-0.098678,0.0,0.0,1,False
trap,NAVA,2025-03-06,2025-03-07,429.2845,2025-03-11,399.2346,STOP,2,-60.0998,19.4329,-79.5327,-0.092432,-0.076128,0.004431,3,False
trap,NBCC,2019-08-27,2019-08-28,22.6006,2019-08-30,21.0185,STOP,44,-69.6097,19.9872,-89.5969,-0.089903,-0.070652,0.009511,3,False
trap,NBCC,2019-09-23,2019-09-24,24.3384,2019-09-27,22.6347,STOP,40,-68.1475,19.9019,-88.0494,-0.090246,-0.073171,0.002567,4,False
trap,NBCC,2020-04-17,2020-04-20,15.5903,2020-04-21,14.1844,GAP_STOP,64,-89.9801,19.9599,-109.9399,-0.109944,-0.144289,0.0,2,False
trap,NBCC,2020-06-08,2020-06-09,14.7155,2020-06-09,13.6854,STOP,67,-69.0157,19.9525,-88.9683,-0.09004,0.0,0.0,1,False
trap,NBCC,2021-02-19,2021-02-22,23.7465,2021-03-01,27.8041,TARGET,42,170.4184,20.4883,149.9301,0.15,-0.059524,0.359788,6,False
trap,NBCC,2021-02-25,2021-02-26,25.7568,2021-03-01,30.1657,TARGET,38,167.5386,20.4039,147.1347,0.15,0.0,0.253659,2,False
trap,NBCC,2021-03-01,2021-03-02,31.4107,2021-03-16,29.212,STOP,31,-68.1613,19.9027,-88.064,-0.090242,-0.077,0.078,10,False
trap,NBCC,2021-03-02,2021-03-03,33.5467,2021-03-03,31.1984,STOP,29,-68.0997,19.8992,-87.9989,-0.090257,0.0,0.0,1,False
trap,NBCC,2021-06-14,2021-06-15,36.3108,2021-06-18,33.769,STOP,27,-68.6274,19.9299,-88.5573,-0.090131,-0.100346,0.000865,4,False
trap,NBCC,2024-01-25,2024-01-29,76.2025,2024-02-01,89.2315,TARGET,13,169.3775,20.4578,148.9197,0.15,0.0,0.239316,4,False
trap,NBCC,2024-02-05,2024-02-06,109.2235,2024-02-06,101.5779,STOP,9,-68.8108,19.9406,-88.7514,-0.090088,0.0,0.0,1,False
trap,NBCC,2024-07-04,2024-07-05,122.1714,2024-07-19,113.6194,STOP,8,-68.416,19.9176,-88.3336,-0.090182,-0.088389,0.057149,10,False
trap,NCC,2019-09-23,2019-09-24,61.8713,2019-09-25,57.5403,STOP,16,-69.2959,19.9689,-89.2647,-0.089975,-0.111275,0.0,2,False
trap,NCC,2020-04-09,2020-04-13,18.5112,2020-04-13,21.6792,TARGET,53,167.9006,20.4145,147.4861,0.15,0.0,0.0,1,False
trap,NCC,2020-04-15,2020-04-16,23.253,2020-05-05,21.6253,STOP,42,-68.3639,19.9146,-88.2785,-0.090194,-0.090196,0.141177,13,False
trap,NCC,2020-06-02,2020-06-03,25.3504,2020-06-03,23.5758,STOP,39,-69.2065,19.9637,-89.1702,-0.089996,0.0,0.0,1,False
trap,NCC,2020-06-08,2020-06-09,28.6331,2020-06-12,24.8944,GAP_STOP,34,-127.1166,19.7818,-146.8985,-0.150564,-0.130573,0.0,4,False
trap,NCC,2020-09-28,2020-09-29,32.4725,2020-10-07,31.4176,MOMENTUM_FAIL,30,-31.6468,19.979,-51.6258,-0.052879,-0.050847,0.021186,6,False
trap,NCC,2020-12-07,2020-12-08,53.754,2020-12-10,49.9912,STOP,18,-67.73,19.8776,-87.6076,-0.090346,-0.073379,0.025597,3,False
trap,NCC,2021-02-02,2021-02-03,63.1105,2021-02-05,73.9483,TARGET,15,162.5673,20.2582,142.309,0.15,0.0,0.244913,3,False
trap,NCC,2021-02-03,2021-02-04,70.6324,2021-02-08,82.7111,TARGET,14,169.102,20.4497,148.6522,0.15,-0.037013,0.294156,3,False
trap,NCC,2021-02-08,2021-02-09,91.5927,2021-02-09,85.1813,STOP,10,-64.1149,19.6669,-83.7818,-0.091273,0.0,0.0,1,False
trap,NCC,2022-04-04,2022-04-05,66.474,2022-04-12,64.9464,MOMENTUM_FAIL,15,-22.9142,20.0936,-43.0078,-0.043038,-0.069638,0.002785,6,False
trap,NCC,2024-06-06,2024-06-07,304.9375,2024-07-01,310.893,TIME,3,17.8663,19.8291,-1.9629,-0.002141,-0.004287,0.072086,16,False
trap,NELCAST,2026-10-07,2026-10-08,150.0,2026-10-08,139.5,STOP,6,-63.0,19.6019,-82.6019,-0.09158,0.0,0.0,1,False
trap,NEULANDLAB,2019-02-14,2019-02-15,543.9934,2019-02-21,644.2018,TARGET,1,100.2084,18.431,81.7774,0.15,-0.01286,0.190827,5,False
trap,NEULANDLAB,2019-02-15,2019-02-18,571.3887,2019-02-25,675.8398,TARGET,1,104.451,18.5553,85.8957,0.15,-0.060188,0.30274,6,False
trap,NEULANDLAB,2019-02-21,2019-02-22,652.5963,2019-02-26,769.6236,TARGET,1,117.0273,18.9239,98.1035,0.15,-0.03898,0.24033,3,False
trap,NEULANDLAB,2019-02-22,2019-02-25,627.1578,2019-02-25,740.2456,TARGET,1,113.0878,18.8084,94.2793,0.15,0.0,0.0,1,False
trap,NEULANDLAB,2019-02-26,2019-02-27,767.0699,2019-03-01,713.375,STOP,1,-53.6949,19.0596,-72.7545,-0.09464,-0.070153,0.03176,3,False
trap,NEULANDLAB,2019-07-02,2019-07-03,598.2604,2019-07-08,539.3268,GAP_STOP,1,-58.9336,18.3361,-77.2698,-0.128876,-0.098508,0.046058,4,False
trap,NEULANDLAB,2019-07-03,2019-07-04,612.577,2019-07-05,569.6966,STOP,1,-42.8804,18.4293,-61.3097,-0.099866,-0.081959,0.0,2,False
trap,NEULANDLAB,2020-04-28,2020-04-29,478.0453,2020-04-30,444.5822,STOP,2,-66.9263,19.8308,-86.7571,-0.090544,-0.091059,0.0,2,False
trap,NEULANDLAB,2020-07-13,2020-07-14,663.7877,2020-07-14,617.3226,STOP,1,-46.4651,18.6382,-65.1033,-0.097865,0.0,0.0,1,False
trap,NEULANDLAB,2020-08-03,2020-08-04,873.5605,2020-08-04,812.4112,STOP,1,-61.1492,19.4941,-80.6433,-0.092114,0.0,0.0,1,False
trap,NH,2019-05-27,2019-05-28,222.6572,2019-06-19,222.7553,TIME,4,0.3924,19.6914,-19.2991,-0.021622,-0.052423,0.057269,16,False
trap,NH,2019-05-28,2019-05-29,228.5425,2019-06-06,224.4228,MOMENTUM_FAIL,4,-16.4786,19.7565,-36.2351,-0.039551,-0.032189,0.030043,6,False
trap,NH,2021-06-02,2021-06-03,505.0929,2021-06-09,469.7364,STOP,1,-35.3565,17.9907,-53.3472,-0.105388,-0.084736,0.0,5,False
trap,NHPC,2021-10-18,2021-10-19,30.5773,2021-10-19,28.4369,STOP,32,-68.4931,19.9221,-88.4151,-0.090163,0.0,0.0,1,False
trap,NIACL,2019-03-06,2019-03-07,197.5084,2019-03-08,183.6828,STOP,5,-69.1279,19.9591,-89.087,-0.090014,-0.071703,0.0,2,False
trap,NIACL,2019-10-17,2019-10-18,133.9237,2019-10-18,124.549,STOP,7,-65.6226,19.7548,-85.3774,-0.090874,0.0,0.0,1,False
trap,NIACL,2019-10-18,2019-10-22,137.6598,2019-10-23,128.0236,STOP,7,-67.4533,19.8615,-87.3148,-0.090414,-0.074113,0.0,2,False
trap,NIACL,2019-10-30,2019-10-31,161.8484,2019-11-05,150.519,STOP,6,-67.9763,19.892,-87.8683,-0.090287,-0.08464,0.029299,4,False
trap,NIACL,2020-03-27,2020-03-30,87.606,2020-03-30,102.6243,TARGET,11,165.2014,20.3354,144.8659,0.15,0.0,0.0,1,False
trap,NIACL,2021-02-19,2021-02-22,170.9491,2021-02-22,158.9826,STOP,5,-59.8322,19.4173,-79.2495,-0.092515,0.0,0.0,1,False
trap,NIACL,2021-08-23,2021-08-24,148.389,2021-09-15,164.866,TIME,6,98.8622,19.8907,78.9715,0.088505,-0.021627,0.120723,16,False
trap,NIACL,2022-11-29,2022-11-30,109.5847,2022-12-07,102.2791,MOMENTUM_FAIL,9,-65.7509,19.9606,-85.7115,-0.086716,-0.070176,0.0,6,False
trap,NIACL,2023-11-24,2023-11-28,207.8254,2023-11-30,244.0011,TARGET,4,144.7027,19.7348,124.9679,0.15,0.0,0.19756,3,False
trap,NIACL,2023-11-28,2023-11-29,222.3566,2023-12-20,206.7917,STOP,4,-62.2599,19.5588,-81.8186,-0.09179,-0.070175,0.148684,16,False
trap,NIACL,2024-02-19,2024-02-20,287.2107,2024-02-22,267.1059,STOP,3,-60.3142,19.4454,-79.7596,-0.092366,-0.081155,0.06927,3,False
trap,NIACL,2025-07-30,2025-07-31,196.5712,2025-08-04,182.8112,STOP,5,-68.7999,19.94,-88.7399,-0.090091,-0.081804,0.01005,3,False
trap,NIACL,2025-07-31,2025-08-01,194.6152,2025-08-04,180.9921,STOP,5,-68.1153,19.9001,-88.0154,-0.090253,-0.072576,0.0,2,False
trap,NIACL,2026-04-10,2026-04-13,148.7746,2026-04-15,174.4752,TARGET,6,154.2031,20.0132,134.1899,0.15,0.0,0.202667,2,False
trap,NIACL,2026-04-13,2026-04-15,168.2145,2026-04-22,161.4701,MOMENTUM_FAIL,5,-33.7223,19.4127,-53.135,-0.063038,-0.044517,0.028891,6,False
trap,NIACL,2026-06-19,2026-06-22,203.8213,2026-06-24,189.5538,STOP,4,-57.07,19.2563,-76.3262,-0.093415,-0.087591,0.031192,3,False
trap,NIACL,2026-06-22,2026-06-23,209.9805,2026-06-23,195.2819,STOP,4,-58.7946,19.3568,-78.1514,-0.092843,0.0,0.0,1,False
trap,NIACL,2026-09-04,2026-09-07,233.9,2026-09-08,217.527,STOP,4,-65.492,19.7472,-85.2392,-0.090908,-0.146986,0.0,2,False
trap,NIACL,2026-09-07,2026-09-08,231.2,2026-09-08,215.016,STOP,4,-64.736,19.7031,-84.4391,-0.091106,0.0,0.0,1,False
trap,NLCINDIA,2021-05-12,2021-05-14,56.1795,2021-05-21,52.5438,MOMENTUM_FAIL,17,-61.8061,19.8368,-81.6429,-0.085299,-0.067026,0.009245,6,False
trap,NLCINDIA,2023-12-26,2023-12-27,246.1377,2024-01-03,220.3701,MOMENTUM_FAIL,4,-103.0702,19.8773,-122.9476,-0.124604,-0.108594,0.016602,6,False
trap,NLCINDIA,2025-02-18,2025-02-19,216.907,2025-02-27,201.7235,STOP,4,-60.734,19.4698,-80.2038,-0.092239,-0.076524,0.056433,6,False
trap,NLCINDIA,2026-05-14,2026-05-15,374.8482,2026-05-18,348.6089,STOP,2,-52.4788,18.9887,-71.4675,-0.095121,-0.10048,0.0,2,False
trap,NMDC,2021-05-10,2021-05-11,36.5813,2021-05-17,34.0206,STOP,27,-69.1387,19.9597,-89.0984,-0.090012,-0.081795,0.093333,4,False
trap,NSLNISP,2024-01-29,2024-01-30,68.85,2024-02-09,64.0305,STOP,14,-67.473,19.8626,-87.3356,-0.090409,-0.082062,0.070443,9,False
trap,NSLNISP,2025-08-13,2025-08-14,44.25,2025-08-14,41.1525,STOP,22,-68.145,19.9018,-88.0468,-0.090246,0.0,0.0,1,False
trap,NSLNISP,2026-06-02,2026-06-03,51.73,2026-06-08,48.1089,STOP,19,-68.8009,19.94,-88.7409,-0.090091,-0.070172,0.018945,4,False
trap,NSLNISP,2026-08-28,2026-08-31,48.35,2026-09-07,45.87,MOMENTUM_FAIL,20,-49.6,19.9121,-69.5121,-0.071727,-0.069907,0.0,6,False
trap,NUVOCO,2022-02-28,2022-03-02,347.0,2022-03-10,408.7197,TARGET,2,123.4393,19.1117,104.3276,0.15,0.0,0.181556,7,False
trap,NUVOCO,2022-03-02,2022-03-03,385.0,2022-03-09,358.05,STOP,2,-53.9,19.0715,-72.9715,-0.094561,-0.071299,0.0,5,False
trap,NUVOCO,2026-07-15,2026-07-16,377.25,2026-07-17,350.8425,STOP,2,-52.815,19.0083,-71.8233,-0.094986,-0.092909,0.0,2,False
trap,NYKAA,2022-03-03,2022-03-04,249.0,2022-03-07,231.57,STOP,4,-69.72,19.9936,-89.7136,-0.089877,-0.108936,0.0,2,False
trap,NYKAA,2022-11-01,2022-11-02,200.0,2022-11-04,186.0,STOP,4,-56.0,19.1939,-75.1939,-0.093787,-0.0825,0.0,3,False
trap,NYKAA,2022-11-11,2022-11-14,209.3,2022-11-15,194.649,STOP,4,-58.604,19.3457,-77.9497,-0.092905,-0.086479,0.010272,2,False
trap,OBEROIRLTY,2018-02-26,2018-02-27,526.9246,2018-02-28,490.0399,STOP,1,-36.8847,18.0798,-54.9645,-0.104084,-0.070818,0.001379,2,False
trap,OBEROIRLTY,2020-04-17,2020-04-20,380.6135,2020-04-21,353.9706,STOP,2,-53.2859,19.0357,-72.3216,-0.094799,-0.074929,0.0,2,False
trap,OBEROIRLTY,2020-10-20,2020-10-21,456.0623,2020-10-27,424.1379,STOP,2,-63.8487,19.6514,-83.5001,-0.091345,-0.072492,0.059964,5,False
trap,OBEROIRLTY,2020-10-21,2020-10-22,452.1556,2020-10-29,439.7028,MOMENTUM_FAIL,2,-24.9055,19.6977,-44.6032,-0.049215,-0.069014,0.044173,6,False
trap,OBEROIRLTY,2021-09-23,2021-09-24,834.9665,2021-10-12,980.2367,TARGET,1,145.2702,19.7514,125.5188,0.15,-0.007369,0.174406,13,False
trap,OBEROIRLTY,2021-09-24,2021-09-27,914.1756,2021-09-28,850.1833,STOP,1,-63.9923,19.6598,-83.6521,-0.091306,-0.074412,0.018162,2,False
trap,OIL,2020-03-18,2020-03-19,37.4778,2020-03-19,34.8544,STOP,26,-68.2097,19.9056,-88.1153,-0.090231,0.0,0.0,1,False
trap,OIL,2021-09-29,2021-09-30,135.4197,2021-10-07,127.7778,MOMENTUM_FAIL,7,-53.4933,19.8237,-73.317,-0.077175,-0.065772,0.042226,6,False
trap,OIL,2023-02-14,2023-02-15,146.8311,2023-02-22,149.6401,MOMENTUM_FAIL,6,16.8542,19.6842,-2.83,-0.003205,-0.014764,0.04252,6,False
trap,OIL,2024-02-15,2024-02-16,352.2983,2024-03-11,381.7677,TIME,2,58.9387,19.0251,39.9135,0.056524,-0.042,0.139385,16,False
trap,OIL,2024-02-16,2024-02-19,357.3546,2024-03-12,380.1236,TIME,2,45.5379,19.0406,26.4973,0.036993,-0.055555,0.123264,16,False
trap,OIL,2024-07-12,2024-07-15,565.1507,2024-07-22,525.5902,STOP,1,-39.5605,18.2358,-57.7963,-0.102044,-0.086873,0.070234,5,False
trap,OIL,2024-07-15,2024-07-16,604.8436,2024-07-18,562.5045,STOP,1,-42.339,18.3977,-60.7368,-0.100198,-0.09375,0.0,2,False
trap,OLAELEC,2024-08-13,2024-08-14,110.0,2024-08-14,102.3,STOP,9,-69.3,19.9691,-89.2691,-0.089974,0.0,0.0,1,False
trap,OLAELEC,2024-11-27,2024-11-28,90.65,2024-12-02,84.11,GAP_STOP,11,-71.94,19.9939,-91.9339,-0.091996,-0.104247,0.04214,3,False
trap,OLAELEC,2024-11-28,2024-11-29,92.15,2024-12-02,84.11,GAP_STOP,10,-80.4,19.6573,-100.0573,-0.108344,-0.118828,0.025176,2,False
trap,OLAELEC,2025-07-14,2025-07-15,48.4,2025-07-15,45.012,STOP,20,-67.76,19.8794,-87.6394,-0.090339,0.0,0.0,1,False
trap,OLAELEC,2025-08-20,2025-08-21,53.98,2025-08-21,50.2014,STOP,18,-68.0148,19.8942,-87.909,-0.090278,0.0,0.0,1,False
trap,OLAELEC,2026-01-05,2026-01-06,44.0,2026-01-08,40.92,STOP,22,-67.76,19.8794,-87.6394,-0.090339,-0.088182,0.001136,3,False
trap,OLAELEC,2026-04-02,2026-04-06,28.8,2026-04-09,33.7296,TARGET,34,167.607,20.4059,147.2011,0.15,-0.01875,0.261111,4,False
trap,OLAELEC,2026-04-09,2026-04-10,36.72,2026-05-05,34.1496,STOP,27,-69.4008,19.975,-89.3758,-0.089951,-0.086329,0.143791,16,False
trap,OLAELEC,2026-04-10,2026-04-13,39.79,2026-04-24,37.0047,STOP,25,-69.6325,19.9885,-89.621,-0.089897,-0.112591,0.055542,9,False
trap,OLECTRA,2018-11-06,2018-11-07,247.5129,2018-11-12,230.187,STOP,4,-69.3036,19.9693,-89.2729,-0.089973,-0.084677,0.025806,3,False
trap,OLECTRA,2018-12-28,2018-12-31,241.7742,2019-01-10,224.85,STOP,4,-67.6968,19.8757,-87.5724,-0.090354,-0.073271,0.052632,9,False
trap,OLECTRA,2019-03-01,2019-03-05,236.6343,2019-03-27,252.1538,TIME,4,62.0778,20.0531,42.0247,0.044301,0.0,0.157528,16,False
trap,OLECTRA,2019-09-06,2019-09-09,177.351,2019-09-11,208.0091,TARGET,5,153.2904,19.9864,133.304,0.15,0.0,0.18852,2,False
trap,OLECTRA,2020-12-07,2020-12-08,115.373,2020-12-08,107.2968,STOP,8,-64.6089,19.6957,-84.3045,-0.09114,0.0,0.0,1,False
trap,OLECTRA,2020-12-30,2020-12-31,138.727,2021-01-05,129.0161,STOP,7,-67.9762,19.892,-87.8682,-0.090287,-0.075899,0.0,4,False
trap,OLECTRA,2021-07-05,2021-07-06,262.0842,2021-07-08,243.7383,STOP,3,-55.0377,19.1378,-74.1755,-0.094135,-0.096535,0.0,3,False
trap,OLECTRA,2023-02-27,2023-02-28,540.2917,2023-02-28,502.4713,STOP,1,-37.8204,18.1343,-55.9548,-0.103338,0.0,0.0,1,False
trap,OLECTRA,2023-03-09,2023-03-10,687.0993,2023-03-15,639.0023,STOP,1,-48.0969,18.7333,-66.8303,-0.097052,-0.098038,0.055233,4,False
trap,OLECTRA,2023-03-10,2023-03-13,705.0757,2023-03-15,655.7204,STOP,1,-49.3553,18.8066,-68.1619,-0.096462,-0.121034,0.016785,3,False
trap,ONGC,2020-04-30,2020-05-04,54.4556,2020-05-26,55.1722,TIME,18,12.8973,20.0951,-7.1978,-0.007327,-0.047369,0.077632,16,False
trap,PARADEEP,2024-06-20,2024-06-21,89.8613,2024-06-21,83.571,STOP,11,-69.1932,19.9629,-89.1561,-0.089999,0.0,0.0,1,False
trap,PARADEEP,2024-10-30,2024-10-31,99.36,2024-11-07,116.3437,TARGET,10,169.8371,20.4713,149.3659,0.15,-0.002579,0.186012,6,False
trap,PARADEEP,2026-07-29,2026-07-30,156.4563,2026-07-31,145.5044,STOP,6,-65.7117,19.76,-85.4716,-0.090851,-0.084937,0.0,2,False
trap,PATANJALI,2018-05-24,2018-05-25,419.9952,2018-05-25,390.5955,STOP,2,-58.7993,19.3571,-78.1564,-0.092841,0.0,0.0,1,False
trap,PATANJALI,2022-03-15,2022-03-16,360.8728,2022-03-17,335.6117,STOP,2,-50.5222,18.8747,-69.3969,-0.095942,-0.184199,0.0,2,False
trap,PATANJALI,2022-03-30,2022-03-31,319.1801,2022-04-01,296.8375,STOP,3,-67.0278,19.8367,-86.8645,-0.090518,-0.09712,0.0,2,False
trap,PATANJALI,2022-04-27,2022-04-28,361.842,2022-05-04,336.513,STOP,2,-50.6579,18.8826,-69.5404,-0.095883,-0.111518,0.016429,4,False
trap,PAYTM,2022-04-04,2022-04-05,613.75,2022-04-28,582.25,TIME,1,-31.5,18.4574,-49.9574,-0.081219,-0.054338,0.172627,16,False
trap,PAYTM,2023-02-08,2023-02-09,685.0,2023-02-14,637.05,STOP,1,-47.95,18.7247,-66.6747,-0.097123,-0.070584,0.029197,4,False
trap,PAYTM,2023-02-09,2023-02-10,705.0,2023-02-10,655.65,STOP,1,-49.35,18.8063,-68.1563,-0.096465,0.0,0.0,1,False
trap,PAYTM,2024-08-30,2024-09-02,619.0,2024-09-09,627.65,MOMENTUM_FAIL,1,8.65,18.5613,-9.9113,-0.015977,-0.057189,0.033926,6,False
trap,PCBL,2018-01-04,2018-01-05,91.5157,2018-01-08,107.2846,TARGET,10,157.689,20.1153,137.5737,0.15,0.0,0.271751,2,False
trap,PCBL,2018-01-08,2018-01-09,117.6647,2018-01-09,109.4282,STOP,8,-65.8922,19.7705,-85.6627,-0.090804,0.0,0.0,1,False
trap,PCBL,2018-06-07,2018-06-08,91.7328,2018-06-15,86.2684,MOMENTUM_FAIL,10,-54.6437,19.6921,-74.3358,-0.080858,-0.070154,0.006019,6,False
trap,PCBL,2018-10-10,2018-10-11,72.3783,2018-10-15,84.8151,TARGET,13,161.6784,20.2322,141.4462,0.15,0.0,0.17963,3,False
trap,PCBL,2019-03-05,2019-03-06,71.5276,2019-03-13,70.1393,MOMENTUM_FAIL,13,-18.0482,19.8195,-37.8677,-0.040635,-0.057682,0.005741,6,False
trap,PCBL,2019-05-20,2019-05-21,56.2757,2019-05-21,52.3364,STOP,17,-66.968,19.8332,-86.8012,-0.090533,0.0,0.0,1,False
trap,PCBL,2019-07-26,2019-07-29,51.7392,2019-07-30,48.1175,STOP,19,-68.8131,19.9407,-88.7539,-0.090088,-0.123205,0.0,2,False
trap,PCBL,2020-04-07,2020-04-08,30.7392,2020-04-20,35.9985,TARGET,32,168.297,20.4261,147.8708,0.15,0.0,0.191117,7,False
trap,PCBL,2020-07-03,2020-07-06,45.4676,2020-07-16,42.2848,STOP,21,-66.8373,19.8256,-86.6629,-0.090566,-0.081438,0.074613,9,False
trap,PCBL,2024-08-02,2024-08-05,347.7983,2024-08-20,409.6416,TARGET,2,123.6866,19.119,104.5676,0.15,0.0,0.194891,11,False
trap,PCBL,2026-03-25,2026-03-27,260.3155,2026-03-30,242.0934,STOP,3,-54.6662,19.1162,-73.7824,-0.094272,-0.090737,0.0,2,False
trap,PERSISTENT,2020-07-27,2020-07-28,409.0654,2020-08-10,480.3969,TARGET,2,142.6629,19.675,122.9879,0.15,0.0,0.194291,10,False
trap,PERSISTENT,2020-09-14,2020-09-15,556.7007,2020-09-22,561.491,MOMENTUM_FAIL,1,4.7902,18.2904,-13.5002,-0.024197,-0.064854,0.029966,6,False
trap,PERSISTENT,2020-09-15,2020-09-16,563.3736,2020-09-22,523.9375,STOP,1,-39.4362,18.2285,-57.6647,-0.102133,-0.075931,0.017766,5,False
trap,PFC,2020-03-26,2020-03-27,49.7984,2020-03-27,46.3125,STOP,20,-69.7178,19.9935,-89.7113,-0.089878,0.0,0.0,1,False
trap,PFC,2023-09-08,2023-09-11,218.0885,2023-09-12,202.8223,STOP,4,-61.0648,19.4891,-80.5539,-0.092139,-0.090029,0.0,2,False
trap,PFOCUS,2018-08-21,2018-08-23,87.35,2018-08-30,81.2355,STOP,11,-67.2595,19.8502,-87.1097,-0.090461,-0.070979,0.099027,6,False
trap,PFOCUS,2019-02-27,2019-02-28,60.0,2019-03-01,70.2896,TARGET,16,164.6336,20.3188,144.3148,0.15,0.0,0.181667,2,False
trap,PFOCUS,2019-03-01,2019-03-05,69.85,2019-03-08,64.9605,STOP,14,-68.453,19.9197,-88.3727,-0.090173,-0.094488,0.032928,4,False
trap,PFOCUS,2019-06-18,2019-06-19,60.5,2019-06-19,56.265,STOP,16,-67.76,19.8794,-87.6394,-0.090339,0.0,0.0,1,False
trap,PFOCUS,2019-09-16,2019-09-17,49.5,2019-09-19,46.035,STOP,20,-69.3,19.9691,-89.2691,-0.089974,-0.09798,0.028283,3,False
trap,PFOCUS,2019-10-16,2019-10-17,57.7,2019-10-18,53.661,STOP,17,-68.663,19.932,-88.595,-0.090123,-0.079723,0.0,2,False
trap,PFOCUS,2019-11-01,2019-11-04,66.5,2019-11-07,77.8627,TARGET,15,170.4411,20.489,149.9521,0.15,-0.057143,0.263158,4,False
trap,PFOCUS,2019-11-07,2019-11-08,79.95,2019-11-15,74.3535,STOP,12,-67.158,19.8443,-87.0023,-0.090486,-0.1601,0.111945,5,False
trap,PFOCUS,2019-11-08,2019-11-11,84.8,2019-11-11,78.864,STOP,11,-65.296,19.7357,-85.0317,-0.090959,0.0,0.0,1,False
trap,PFOCUS,2020-04-20,2020-04-21,32.6,2020-04-21,38.1807,TARGET,30,167.4212,20.4005,147.0207,0.15,0.0,0.0,1,False
trap,PFOCUS,2020-05-29,2020-06-01,24.3,2020-06-01,22.599,STOP,41,-69.741,19.9948,-89.7358,-0.089873,0.0,0.0,1,False
trap,PFOCUS,2020-08-11,2020-08-12,33.4,2020-08-13,42.1,TARGET,29,252.2999,20.5336,231.7663,0.238758,0.0,0.287425,2,False
trap,PFOCUS,2020-12-09,2020-12-10,47.4,2020-12-10,44.082,STOP,21,-69.678,19.9911,-89.6692,-0.089887,0.0,0.0,1,False
trap,PFOCUS,2020-12-23,2020-12-24,52.0,2020-12-24,48.36,STOP,19,-69.16,19.961,-89.121,-0.090007,0.0,0.0,1,False
trap,PFOCUS,2021-02-25,2021-02-26,60.45,2021-03-02,56.2185,STOP,16,-67.704,19.8761,-87.5801,-0.090353,-0.081059,0.023987,3,False
trap,PFOCUS,2021-02-26,2021-03-01,61.0,2021-03-01,56.73,STOP,16,-68.32,19.912,-88.232,-0.090204,0.0,0.0,1,False
trap,PFOCUS,2021-03-03,2021-03-04,66.8,2021-03-10,62.124,STOP,14,-65.464,19.7455,-85.2095,-0.090915,-0.080838,0.091317,5,False
trap,PFOCUS,2021-03-04,2021-03-05,70.0,2021-03-05,65.1,STOP,14,-68.6,19.9283,-88.5283,-0.090138,0.0,0.0,1,False
trap,PFOCUS,2021-04-06,2021-04-07,71.9,2021-04-12,66.867,STOP,13,-65.429,19.7435,-85.1725,-0.090924,-0.132823,0.012517,4,False
trap,PFOCUS,2021-08-24,2021-08-25,67.5,2021-09-07,79.45,TARGET,14,167.3,20.2609,147.0391,0.155257,-0.06963,0.177037,10,False
trap,PFOCUS,2022-11-28,2022-11-29,81.65,2022-11-30,95.625,TARGET,12,167.6999,20.4086,147.2913,0.15,0.0,0.249235,2,False
trap,PFOCUS,2022-11-29,2022-11-30,91.4,2022-12-20,85.002,STOP,10,-63.98,19.659,-83.639,-0.091309,-0.113238,0.109409,15,False
trap,PFOCUS,2022-11-30,2022-12-01,96.3,2022-12-02,89.559,STOP,10,-67.41,19.859,-87.269,-0.090424,-0.082035,0.0,2,False
trap,PFOCUS,2023-04-10,2023-04-11,90.95,2023-04-13,106.6313,TARGET,10,156.8129,20.0896,136.7233,0.15,-0.002749,0.176471,3,False
trap,PFOCUS,2023-04-11,2023-04-12,92.35,2023-04-17,108.2481,TARGET,10,158.981,20.1532,138.8278,0.15,0.0,0.196535,3,False
trap,PFOCUS,2023-09-22,2023-09-25,98.9,2023-09-27,91.977,STOP,10,-69.23,19.965,-89.195,-0.08999,-0.088979,0.0,3,False
trap,PFOCUS,2024-01-31,2024-02-01,140.0,2024-02-02,130.2,STOP,7,-68.6,19.9283,-88.5283,-0.090138,-0.071429,0.028929,2,False
trap,PFOCUS,2024-07-01,2024-07-02,145.3,2024-07-02,135.129,STOP,6,-61.026,19.4869,-80.5129,-0.092151,0.0,0.0,1,False
trap,PFOCUS,2025-06-27,2025-06-30,137.99,2025-07-02,161.6403,TARGET,7,165.552,20.3457,145.2063,0.15,0.0,0.213494,3,False
trap,PFOCUS,2025-06-30,2025-07-01,141.5,2025-07-02,165.6939,TARGET,7,169.357,20.4572,148.8998,0.15,0.0,0.183392,2,False
trap,PFOCUS,2025-07-02,2025-07-03,161.41,2025-07-24,152.94,TIME,6,-50.82,19.9158,-70.7358,-0.07288,-0.058237,0.121368,16,False
trap,PFOCUS,2025-09-09,2025-09-10,190.4,2025-09-17,187.76,MOMENTUM_FAIL,5,-13.2,19.9229,-33.1229,-0.034717,-0.028939,0.013655,6,False
trap,PGEL,2018-03-28,2018-04-02,31.461,2018-04-20,29.2587,STOP,31,-68.2703,19.9091,-88.1795,-0.090216,-0.075714,0.071905,15,False
trap,PGEL,2018-04-02,2018-04-03,31.7606,2018-04-20,29.5374,STOP,31,-68.9205,19.947,-88.8675,-0.090063,-0.084434,0.061792,14,False
trap,PGEL,2018-05-29,2018-05-30,26.2125,2018-05-31,24.3776,STOP,38,-69.7253,19.9939,-89.7192,-0.089876,-0.096971,0.0,2,False
trap,PGEL,2018-10-15,2018-10-16,13.1837,2018-10-22,12.2608,STOP,75,-69.2142,19.9641,-89.1783,-0.089994,-0.083712,0.044318,4,False
trap,PGEL,2018-12-17,2018-12-18,10.8865,2018-12-31,10.1244,STOP,91,-69.347,19.9719,-89.3189,-0.089963,-0.091284,0.117431,9,False
trap,PGEL,2019-01-03,2019-01-04,11.9502,2019-01-11,11.1137,STOP,83,-69.4306,19.9767,-89.4073,-0.089944,-0.088174,0.056415,6,False
trap,PGEL,2019-01-04,2019-01-07,12.5195,2019-01-08,11.6431,STOP,79,-69.2327,19.9652,-89.1979,-0.08999,-0.101715,0.0,2,False
trap,PGEL,2019-02-28,2019-03-01,8.6892,2019-03-01,8.081,STOP,114,-69.34,19.9714,-89.3115,-0.089965,0.0,0.0,1,False
trap,PGEL,2019-03-25,2019-03-26,9.0887,2019-03-26,8.4525,STOP,109,-69.347,19.9719,-89.3189,-0.089963,0.0,0.0,1,False
trap,PGEL,2019-05-16,2019-05-17,7.1961,2019-05-21,6.6924,STOP,138,-69.5141,19.9816,-89.4957,-0.089925,-0.097849,0.049271,3,False
trap,PGEL,2019-06-24,2019-06-25,5.638,2019-06-25,5.2433,STOP,176,-69.4603,19.9785,-89.4387,-0.089937,0.0,0.0,1,False
trap,PGEL,2019-12-26,2019-12-27,4.6792,2019-12-27,5.4788,TARGET,213,170.3124,20.4852,149.8272,0.15,0.0,0.0,1,False
trap,PGEL,2019-12-27,2019-12-30,5.7728,2020-01-06,5.3687,STOP,172,-69.505,19.9811,-89.4861,-0.089927,-0.091696,0.107266,6,False
trap,PGEL,2020-01-13,2020-01-14,6.7516,2020-01-17,7.9058,TARGET,147,169.6651,20.4662,149.1989,0.15,-0.038462,0.194527,4,False
trap,PGEL,2020-01-16,2020-01-17,7.8902,2020-01-17,7.3379,STOP,126,-69.5917,19.9861,-89.5778,-0.089907,0.0,0.0,1,False
trap,PGEL,2020-02-25,2020-02-26,7.8952,2020-02-28,7.0563,GAP_STOP,126,-105.709,19.9152,-125.6242,-0.126006,-0.106262,0.0,3,False
trap,PGEL,2021-08-25,2021-08-26,36.1552,2021-09-01,33.6243,STOP,27,-68.3333,19.9128,-88.246,-0.090201,-0.085359,0.022376,5,False
trap,PGEL,2021-10-11,2021-10-12,56.6148,2021-10-12,52.6518,STOP,17,-67.3716,19.8567,-87.2283,-0.090434,0.0,0.0,1,False
trap,PGEL,2021-11-25,2021-11-26,59.1866,2021-11-26,55.0436,STOP,16,-66.289,19.7936,-86.0826,-0.090703,0.0,0.0,1,False
trap,PGEL,2021-12-02,2021-12-03,64.53,2021-12-06,60.0129,STOP,15,-67.7565,19.8792,-87.6356,-0.09034,-0.094567,0.0,2,False
trap,PGEL,2022-05-31,2022-06-01,89.6838,2022-06-20,83.4059,STOP,11,-69.0565,19.9549,-89.0115,-0.090031,-0.089816,0.088813,14,False
trap,PGEL,2022-06-01,2022-06-02,88.8798,2022-06-20,82.6582,STOP,11,-68.4374,19.9188,-88.3563,-0.090176,-0.081582,0.098663,13,False
trap,PGEL,2024-07-25,2024-07-26,461.5277,2024-08-02,433.8621,MOMENTUM_FAIL,2,-55.3314,19.7149,-75.0463,-0.081125,-0.090348,0.010604,6,False
trap,PGEL,2024-08-19,2024-08-20,524.5497,2024-08-29,487.8312,STOP,1,-36.7185,18.0701,-54.7886,-0.104221,-0.072449,0.12719,8,False
trap,PHOENIXLTD,2020-03-20,2020-03-23,304.4397,2020-03-23,283.129,STOP,3,-63.9323,19.6563,-83.5886,-0.091322,0.0,0.0,1,False
trap,PHOENIXLTD,2020-06-01,2020-06-02,279.441,2020-06-05,328.0377,TARGET,3,145.79,19.7666,126.0234,0.15,0.0,0.248893,4,False
trap,PINELABS,2026-09-11,2026-09-15,201.4,2026-09-16,187.302,STOP,4,-56.392,19.2168,-75.6088,-0.093649,-0.129593,0.0,2,False
trap,PNBHOUSING,2019-10-18,2019-10-22,394.2757,2019-10-23,366.6764,STOP,2,-55.1986,19.1472,-74.3458,-0.094076,-0.074658,0.0,2,False
trap,PNBHOUSING,2021-02-17,2021-02-18,357.113,2021-03-12,344.9708,TIME,2,-24.2845,18.8963,-43.1808,-0.060326,-0.049113,0.082084,16,False
trap,PNBHOUSING,2021-06-07,2021-06-08,735.6487,2021-06-09,684.1533,STOP,1,-51.4954,18.9314,-70.4268,-0.095525,-0.099311,0.0,2,False
trap,PNBHOUSING,2022-06-09,2022-06-10,318.1515,2022-06-13,293.1312,GAP_STOP,3,-75.0612,19.8073,-94.8684,-0.099179,-0.103058,0.0,2,False
trap,PNBHOUSING,2024-04-01,2024-04-02,735.6806,2024-04-25,773.2444,TIME,1,37.5639,19.1129,18.451,0.025025,-0.03697,0.066291,16,False
trap,PNGSREVA,2026-10-07,2026-10-08,643.4,2026-10-09,687.75,TIME,1,44.35,18.737,25.613,0.039722,0.0,0.120532,2,False
trap,PNGSREVA,2026-10-08,2026-10-09,680.0,2026-10-09,687.75,TIME,1,7.75,18.817,-11.067,-0.01624,0.0,0.0,1,False
trap,POLICYBZR,2022-05-16,2022-05-17,680.8,2022-05-19,630.0,GAP_STOP,1,-50.8,18.7012,-69.5012,-0.101865,-0.101939,0.03114,3,False
trap,POLICYBZR,2022-08-02,2022-08-03,554.5,2022-08-16,515.685,STOP,1,-38.815,18.1923,-57.0073,-0.102584,-0.094049,0.077187,8,False
trap,POLICYBZR,2022-11-25,2022-11-28,459.95,2022-12-19,485.6,TIME,2,51.3,19.9187,31.3813,0.034039,-0.042939,0.088597,16,False
trap,POLYCAB,2020-03-27,2020-03-30,696.9948,2020-04-24,696.7043,TIME,1,-0.2904,18.8724,-19.1628,-0.027434,-0.0125,0.101389,16,False
trap,POLYCAB,2020-10-26,2020-10-27,919.5975,2020-11-03,897.9616,MOMENTUM_FAIL,1,-21.6359,19.7689,-41.4048,-0.044927,-0.051476,0.012685,6,False
trap,POLYMED,2020-05-13,2020-05-14,267.5651,2020-05-15,248.8355,STOP,3,-56.1887,19.2049,-75.3936,-0.093721,-0.073459,0.058324,2,False
trap,POLYMED,2020-05-27,2020-05-28,296.6525,2020-06-05,275.8869,STOP,3,-62.297,19.561,-81.858,-0.091779,-0.082404,0.065424,7,False
trap,POLYMED,2020-07-13,2020-07-14,364.2598,2020-08-04,402.9279,TIME,2,77.3362,19.1636,58.1726,0.079676,-0.010304,0.171773,16,False
trap,POLYMED,2020-09-03,2020-09-04,454.3372,2020-09-25,448.6086,TIME,2,-11.4571,19.7435,-31.2006,-0.034262,-0.065217,0.128913,16,False
trap,POLYMED,2022-08-29,2022-08-30,881.277,2022-09-21,873.376,TIME,1,-7.901,19.6351,-27.536,-0.031177,-0.050562,0.078652,16,False
trap,POONAWALLA,2018-10-10,2018-10-11,107.7277,2018-10-17,100.1868,STOP,9,-67.8685,19.8857,-87.7541,-0.090313,-0.079091,0.033636,5,False
trap,POONAWALLA,2019-02-25,2019-02-26,103.8103,2019-03-20,110.8616,TIME,9,63.4614,20.0042,43.4571,0.046412,-0.04717,0.160849,16,False
trap,POONAWALLA,2020-08-20,2020-08-21,36.9837,2020-08-24,34.3948,STOP,26,-67.3103,19.8531,-87.1634,-0.090449,-0.070856,0.0,2,False
trap,POONAWALLA,2021-02-02,2021-02-03,53.3,2021-02-08,62.4412,TARGET,18,164.5407,20.3161,144.2246,0.15,0.0,0.305195,4,False
trap,POONAWALLA,2021-02-03,2021-02-04,55.8711,2021-02-08,65.4625,TARGET,17,163.0552,20.2725,142.7827,0.15,-0.015929,0.245133,3,False
trap,POONAWALLA,2022-01-10,2022-01-11,293.1006,2022-01-11,272.5835,STOP,3,-61.5511,19.5175,-81.0686,-0.091995,0.0,0.0,1,False
trap,POONAWALLA,2022-12-27,2022-12-28,289.3809,2023-01-18,298.4427,TIME,3,27.1852,19.651,7.5342,0.00866,-0.024298,0.063997,16,False
trap,POONAWALLA,2024-10-30,2024-10-31,370.0,2024-11-07,376.05,MOMENTUM_FAIL,2,12.1,19.0793,-6.9793,-0.009411,-0.024189,0.037027,6,False
trap,PPLPHARMA,2024-10-24,2024-10-25,250.3378,2024-11-06,294.4274,TARGET,3,132.2687,19.3704,112.8983,0.15,-0.026746,0.229142,9,False
trap,PRADPME,2026-10-07,2026-10-08,609.05,2026-10-09,635.35,TIME,1,26.3,18.5552,7.7448,0.012688,-0.03489,0.059026,2,False
trap,PRESTIGE,2019-03-18,2019-03-19,242.9833,2019-04-11,259.8315,TIME,4,67.3927,20.1712,47.2216,0.048479,-0.043888,0.145892,16,False
trap,PRESTIGE,2019-12-03,2019-12-04,337.6756,2019-12-06,314.0383,STOP,2,-47.2746,18.6854,-65.96,-0.097455,-0.088551,0.0,3,False
trap,PRESTIGE,2021-09-06,2021-09-07,481.5929,2021-09-07,447.8814,STOP,2,-67.423,19.8597,-87.2827,-0.090421,0.0,0.0,1,False
trap,PRIVISCL,2018-02-08,2018-02-09,323.3089,2018-02-19,300.6773,STOP,3,-67.8949,19.8872,-87.7821,-0.090306,-0.091977,0.077907,6,False
trap,PRIVISCL,2018-09-10,2018-09-11,334.3446,2018-09-17,310.9405,STOP,2,-46.8082,18.6582,-65.4664,-0.097689,-0.092429,0.043277,4,False
trap,PRIVISCL,2020-02-17,2020-02-18,481.5248,2020-02-27,564.0777,TARGET,2,165.1059,20.3326,144.7733,0.15,-0.065803,0.181847,7,False
trap,PRIVISCL,2020-02-27,2020-02-28,515.4548,2020-03-02,479.373,STOP,1,-36.0818,18.033,-54.1149,-0.104756,-0.115932,0.009519,2,False
trap,RAILTEL,2022-04-05,2022-04-06,95.7208,2022-04-19,112.1409,TARGET,10,164.2012,20.3061,143.8951,0.15,0.0,0.177723,8,False
trap,RAILTEL,2023-08-29,2023-08-30,189.7998,2023-09-01,222.3858,TARGET,5,162.9299,20.2689,142.6611,0.15,0.0,0.265128,3,False
trap,RAILTEL,2023-09-01,2023-09-04,234.3298,2023-09-05,217.9267,STOP,4,-65.6123,19.7542,-85.3665,-0.090877,-0.078297,0.0,2,False
trap,RAILTEL,2024-01-01,2024-01-02,347.1696,2024-01-23,435.9781,TARGET,2,177.617,19.2235,158.3935,0.227624,-0.032662,0.265099,15,False
trap,RAILTEL,2024-02-27,2024-02-28,462.8603,2024-02-29,430.4601,STOP,2,-64.8004,19.7069,-84.5073,-0.091089,-0.084794,0.0,2,False
trap,RAILTEL,2025-06-05,2025-06-06,451.0812,2025-06-13,419.8411,MOMENTUM_FAIL,2,-62.4801,19.6121,-82.0922,-0.090796,-0.074836,0.048031,6,False
trap,RAILTEL,2026-04-15,2026-04-16,338.0251,2026-04-23,325.769,MOMENTUM_FAIL,2,-24.5123,18.7347,-43.247,-0.063831,-0.044093,0.009602,6,False
trap,RAILTEL,2026-04-16,2026-04-17,331.5436,2026-04-24,314.5183,MOMENTUM_FAIL,3,-51.0756,20.0258,-71.1014,-0.071329,-0.055525,0.010991,6,False
trap,RAINBOW,2022-08-11,2022-08-12,567.3468,2022-09-06,587.4753,TIME,1,20.1285,18.3666,1.7619,0.003099,-0.057391,0.113217,16,False
trap,RAINBOW,2022-11-07,2022-11-09,831.6132,2022-11-22,773.4003,STOP,1,-58.2129,19.3229,-77.5358,-0.093032,-0.101191,0.055298,10,False
trap,RAMBHAJO,2026-10-07,2026-10-08,361.5,2026-10-09,357.45,TIME,2,-8.1,18.9663,-27.0663,-0.037354,-0.036515,0.023237,2,False
trap,RBLBANK,2019-09-23,2019-09-24,391.7193,2019-09-27,364.299,STOP,2,-54.8407,19.1264,-73.9671,-0.094207,-0.105831,0.001489,4,False
trap,RBLBANK,2020-04-28,2020-04-29,117.6681,2020-05-12,109.4313,STOP,8,-65.8941,19.7706,-85.6647,-0.090804,-0.073333,0.141667,9,False
trap,RBLBANK,2020-06-10,2020-06-11,163.7547,2020-06-12,148.0656,GAP_STOP,6,-94.1344,19.887,-114.0214,-0.115796,-0.118862,0.020359,2,False
trap,RBLBANK,2022-08-24,2022-08-25,119.6292,2022-09-16,121.9335,TIME,8,18.4347,20.0086,-1.5739,-0.001641,-0.040164,0.102459,16,False
trap,RBLBANK,2022-08-25,2022-08-26,127.4737,2022-08-26,118.5506,STOP,7,-62.4621,19.5706,-82.0327,-0.091732,0.0,0.0,1,False
trap,RECLTD,2023-09-08,2023-09-11,239.3057,2023-09-12,222.5543,STOP,4,-67.0056,19.8354,-86.841,-0.090524,-0.097838,0.0,2,False
trap,RECLTD,2024-05-02,2024-05-03,499.6709,2024-05-06,464.694,STOP,1,-34.977,17.9686,-52.9456,-0.10573,-0.136559,0.0,2,False
trap,REDINGTON,2019-11-25,2019-11-26,51.3081,2019-11-26,47.7165,STOP,19,-68.2398,19.9073,-88.1471,-0.090224,0.0,0.0,1,False
trap,REDINGTON,2020-01-13,2020-01-14,54.509,2020-01-14,50.6934,STOP,18,-68.6813,19.9331,-88.6144,-0.090119,0.0,0.0,1,False
trap,REDINGTON,2020-04-09,2020-04-13,33.6725,2020-04-21,31.2086,GAP_STOP,29,-71.4514,19.9077,-91.3591,-0.093353,-0.140854,0.070732,6,False
trap,REDINGTON,2020-08-17,2020-08-18,52.5824,2020-08-19,48.9017,STOP,18,-66.2539,19.7916,-86.0454,-0.090712,-0.073799,0.0,2,False
trap,REDINGTON,2021-03-31,2021-04-01,78.966,2021-04-05,73.4384,STOP,12,-66.3315,19.7961,-86.1276,-0.090693,-0.091264,0.0,2,False
trap,REDINGTON,2021-05-31,2021-06-01,108.1215,2021-06-01,100.553,STOP,9,-68.1165,19.9001,-88.0167,-0.090253,0.0,0.0,1,False
trap,REDINGTON,2022-01-10,2022-01-11,145.4469,2022-01-18,141.6608,MOMENTUM_FAIL,6,-22.7168,19.5686,-42.2854,-0.048349,-0.050599,0.04826,6,False
trap,REDINGTON,2024-10-31,2024-11-01,187.6127,2024-11-08,182.6926,MOMENTUM_FAIL,5,-24.6003,19.8408,-44.4411,-0.047272,-0.049439,0.034337,6,False
trap,REDINGTON,2025-09-16,2025-09-17,288.6605,2025-09-24,268.4542,STOP,3,-60.6187,19.4631,-80.0818,-0.092273,-0.074712,0.065763,6,False
trap,REDINGTON,2025-09-17,2025-09-18,283.7679,2025-09-25,263.9042,STOP,3,-59.5913,19.4032,-78.9945,-0.09259,-0.078931,0.084138,6,False
trap,REDINGTON,2025-11-07,2025-11-10,282.7894,2025-12-01,276.0866,TIME,3,-20.1083,19.4712,-39.5796,-0.046552,-0.039619,0.061592,16,False
trap,REDINGTON,2026-02-27,2026-03-02,262.1428,2026-03-04,243.7928,STOP,3,-55.05,19.1386,-74.1886,-0.09413,-0.075028,0.0,2,False
trap,RELIANCE,2020-03-25,2020-03-26,487.9534,2020-04-03,479.7823,MOMENTUM_FAIL,2,-16.3422,20.0174,-36.3597,-0.037176,-0.069173,0.035271,6,False
trap,RENTOMOJO,2026-10-07,2026-10-08,634.5,2026-10-08,590.085,STOP,1,-44.415,18.5187,-62.9337,-0.09897,0.0,0.0,1,False
trap,RHIM,2018-07-27,2018-07-30,191.2294,2018-08-01,224.0368,TARGET,5,164.0369,20.3013,143.7356,0.15,0.0,0.216137,3,False
trap,RHIM,2018-08-02,2018-08-03,230.0363,2018-08-07,213.9338,STOP,4,-64.4102,19.6841,-84.0943,-0.091193,-0.075813,0.0,3,False
trap,RHIM,2020-04-08,2020-04-09,124.5143,2020-04-17,145.7926,TARGET,8,170.2264,20.4827,149.7438,0.15,-0.008068,0.259316,5,False
trap,RHIM,2020-08-19,2020-08-20,200.915,2020-08-31,186.8509,STOP,4,-56.2562,19.2089,-75.4651,-0.093697,-0.082126,0.110628,8,False
trap,RHIM,2022-02-14,2022-02-15,482.5144,2022-02-24,448.7384,STOP,2,-67.552,19.8672,-87.4193,-0.09039,-0.074712,0.141931,8,False
trap,RHIM,2025-03-20,2025-03-21,452.0099,2025-03-28,529.992,TARGET,2,155.9642,20.0648,135.8994,0.15,0.0,0.197748,6,False
trap,RHIM,2026-06-04,2026-06-05,393.3858,2026-06-10,365.8488,STOP,2,-55.074,19.14,-74.214,-0.094121,-0.077778,0.0,4,False
trap,RITES,2018-07-27,2018-07-30,72.3504,2018-08-17,84.7828,TARGET,13,161.6222,20.2305,141.3916,0.15,-0.067958,0.237661,14,False
trap,RITES,2024-01-25,2024-01-29,315.6942,2024-02-07,369.9053,TARGET,3,162.6331,20.2602,142.373,0.15,-0.045255,0.180292,8,False
trap,RITES,2024-01-29,2024-01-30,336.4333,2024-02-02,312.8829,STOP,2,-47.1007,18.6752,-65.7759,-0.097541,-0.10411,0.049315,4,False
trap,RITES,2025-05-16,2025-05-19,275.6552,2025-05-26,263.2602,MOMENTUM_FAIL,3,-37.185,19.3461,-56.5311,-0.068211,-0.065517,0.021379,6,False
trap,RITES,2025-05-19,2025-05-20,281.539,2025-05-20,261.8313,STOP,3,-59.1232,19.376,-78.4992,-0.092738,0.0,0.0,1,False
trap,RKFORGE,2020-02-05,2020-02-06,74.3829,2020-02-06,69.1761,STOP,13,-67.6885,19.8752,-87.5637,-0.090356,0.0,0.0,1,False
trap,RKFORGE,2020-08-24,2020-08-25,49.6606,2020-08-31,46.1844,STOP,20,-69.5249,19.9822,-89.5071,-0.089922,-0.125346,0.02412,5,False
trap,RKFORGE,2020-09-15,2020-09-16,54.1868,2020-09-28,63.4653,TARGET,18,167.0128,20.3885,146.6243,0.15,-0.061062,0.17322,9,False
trap,RKFORGE,2020-09-28,2020-09-29,63.8087,2020-10-21,68.1778,TIME,15,65.537,20.1049,45.4321,0.047363,-0.038006,0.117095,16,False
trap,RKFORGE,2020-11-27,2020-12-01,88.8943,2020-12-22,89.9743,TIME,11,11.88,20.0831,-8.2031,-0.008371,-0.046499,0.148553,16,False
trap,RPOWER,2019-03-01,2019-03-05,12.55,2019-03-11,11.6715,STOP,79,-69.4015,19.975,-89.3765,-0.089951,-0.071713,0.051793,5,False
trap,RPOWER,2019-03-05,2019-03-06,12.85,2019-03-08,11.9505,STOP,77,-69.2615,19.9669,-89.2284,-0.089983,-0.077821,0.0,3,False
trap,RPOWER,2019-05-06,2019-05-07,6.7,2019-05-07,6.231,STOP,148,-69.412,19.9756,-89.3876,-0.089948,0.0,0.0,1,False
trap,RPOWER,2019-05-21,2019-05-22,7.05,2019-05-23,8.3,TARGET,141,176.25,20.4862,155.7638,0.156354,0.0,0.205674,2,False
trap,RPOWER,2019-06-20,2019-06-21,5.3,2019-06-24,4.929,STOP,188,-69.748,19.9952,-89.7432,-0.089871,-0.141509,0.075472,2,False
trap,RPOWER,2019-06-21,2019-06-24,5.4,2019-06-24,5.022,STOP,184,-69.552,19.9838,-89.5358,-0.089916,0.0,0.0,1,False
trap,RPOWER,2019-10-03,2019-10-04,2.55,2019-10-04,2.3715,STOP,391,-69.7935,19.9979,-89.7914,-0.089861,0.0,0.0,1,False
trap,RPOWER,2020-08-11,2020-08-12,4.0,2020-08-13,3.72,STOP,249,-69.72,19.9936,-89.7136,-0.089877,-0.075,0.0,2,False
trap,RPOWER,2020-10-26,2020-10-27,3.35,2020-10-27,3.1155,STOP,297,-69.6465,19.9893,-89.6358,-0.089894,0.0,0.0,1,False
trap,RPOWER,2020-10-30,2020-11-02,3.5,2020-11-02,3.255,STOP,285,-69.825,19.9997,-89.8247,-0.089853,0.0,0.0,1,False
trap,RPOWER,2022-09-02,2022-09-05,21.55,2022-09-09,20.0415,STOP,46,-69.391,19.9744,-89.3654,-0.089953,-0.109049,0.160093,5,False
trap,RPOWER,2023-06-13,2023-06-14,16.15,2023-06-21,15.0195,STOP,61,-68.9605,19.9493,-88.9098,-0.090053,-0.080495,0.080495,6,False
trap,RPOWER,2023-08-30,2023-08-31,20.4,2023-08-31,18.972,STOP,48,-68.544,19.9251,-88.4691,-0.090151,0.0,0.0,1,False
trap,RPOWER,2024-01-05,2024-01-08,31.65,2024-01-15,30.8,MOMENTUM_FAIL,31,-26.35,20.0192,-46.3692,-0.047157,-0.052133,0.037915,6,False
trap,RPOWER,2025-03-27,2025-03-28,43.17,2025-04-07,39.02,MOMENTUM_FAIL,23,-95.4499,19.9282,-115.3781,-0.115948,-0.186704,0.030345,6,False
trap,RPOWER,2025-05-23,2025-05-26,52.9,2025-06-02,61.9792,TARGET,18,163.4257,20.2834,143.1423,0.15,-0.059924,0.187146,6,False
trap,RPOWER,2025-05-30,2025-06-02,58.64,2025-06-10,68.6603,TARGET,17,170.345,20.4861,149.8589,0.15,-0.002217,0.231753,7,False
trap,RPOWER,2025-06-02,2025-06-03,61.98,2025-06-11,73.18,TARGET,16,179.2,20.4822,158.7178,0.1597,-0.055502,0.234108,7,False
trap,RPOWER,2025-06-10,2025-06-11,73.18,2025-06-12,68.0574,STOP,13,-66.5938,19.8114,-86.4052,-0.090627,-0.070101,0.0,2,False
trap,RVNL,2019-04-16,2019-04-18,21.6604,2019-04-22,20.1442,STOP,46,-69.7466,19.9951,-89.7418,-0.089871,-0.077799,0.001898,2,False
trap,RVNL,2019-05-27,2019-05-28,23.1812,2019-06-03,21.5585,STOP,43,-69.7754,19.9968,-89.7722,-0.089865,-0.083333,0.054964,5,False
trap,RVNL,2020-08-17,2020-08-18,19.2672,2020-08-25,18.4008,MOMENTUM_FAIL,51,-44.1866,19.9891,-64.1758,-0.065168,-0.04925,0.004283,6,False
trap,RVNL,2021-01-06,2021-01-07,24.9599,2021-01-08,29.2346,TARGET,39,166.7143,20.3798,146.3346,0.15,0.0,0.175043,2,False
trap,RVNL,2021-01-11,2021-01-12,29.4155,2021-01-14,27.3564,STOP,33,-67.9497,19.8904,-87.8401,-0.090293,-0.088235,0.004412,3,False
trap,RVNL,2021-10-22,2021-10-25,39.5527,2021-10-25,36.784,STOP,25,-69.2173,19.9643,-89.1816,-0.089993,0.0,0.0,1,False
trap,RVNL,2022-11-04,2022-11-07,44.9526,2022-11-14,52.6397,TARGET,22,169.118,20.4502,148.6678,0.15,0.0,0.196372,5,False
trap,RVNL,2022-11-07,2022-11-09,49.798,2022-11-15,58.3082,TARGET,20,170.2027,20.482,149.7208,0.15,-0.061657,0.189788,5,False
trap,RVNL,2022-11-15,2022-11-16,59.1052,2022-11-22,54.9678,STOP,16,-66.1978,19.7883,-85.9861,-0.090727,-0.073864,0.037338,5,False
trap,RVNL,2022-11-16,2022-11-17,61.1681,2022-11-17,56.8864,STOP,16,-68.5083,19.923,-88.4313,-0.09016,0.0,0.0,1,False
trap,RVNL,2022-11-24,2022-11-25,65.1021,2022-11-28,76.2483,TARGET,15,167.1937,20.3938,146.7999,0.15,0.0,0.187914,2,False
trap,RVNL,2022-11-28,2022-11-29,78.0074,2022-11-30,72.5468,STOP,12,-65.5262,19.7492,-85.2753,-0.090899,-0.088561,0.0,2,False
trap,RVNL,2023-04-26,2023-04-27,103.1268,2023-05-03,120.8712,TARGET,9,159.6998,20.1742,139.5256,0.15,-0.010957,0.239638,4,False
trap,RVNL,2023-09-04,2023-09-05,155.2553,2023-09-11,181.9594,TARGET,6,160.2248,20.1896,140.0352,0.15,-0.063291,0.213608,5,False
trap,RVNL,2024-01-23,2024-01-24,284.353,2024-01-24,264.4483,STOP,3,-59.7141,19.4104,-79.1245,-0.092552,0.0,0.0,1,False
trap,RVNL,2024-05-21,2024-05-22,337.7768,2024-06-03,418.5282,TARGET,2,161.5026,19.1113,142.3913,0.210317,-0.004373,0.239067,9,False
trap,RVNL,2024-05-22,2024-05-23,337.8753,2024-06-03,418.5282,TARGET,2,161.3056,19.1118,142.1938,0.209964,0.0,0.238706,8,False
trap,RVNL,2024-07-11,2024-07-12,618.437,2024-07-18,575.1464,STOP,1,-43.2906,18.4532,-61.7438,-0.099621,-0.072213,0.030255,4,False
trap,SAGILITY,2024-11-27,2024-11-28,34.3868,2024-12-09,40.2626,TARGET,29,170.3972,20.4877,149.9096,0.15,0.0,0.20029,8,False
trap,SAIL,2020-04-30,2020-05-04,24.7608,2020-05-06,23.0276,STOP,40,-69.3303,19.9709,-89.3011,-0.089967,-0.07445,0.005076,3,False
trap,SAIL,2021-04-30,2021-05-03,101.4767,2021-05-07,118.9656,TARGET,9,157.3999,20.1068,137.2931,0.15,0.0,0.223574,5,False
trap,SAIL,2024-03-04,2024-03-05,136.6849,2024-03-12,127.1169,STOP,7,-66.9756,19.8336,-86.8092,-0.090531,-0.090588,0.0138,5,False
trap,SAILIFE,2025-04-15,2025-04-16,753.65,2025-04-24,707.9,MOMENTUM_FAIL,1,-45.75,19.0191,-64.7691,-0.085753,-0.067803,0.0,6,False
trap,SAMMAANCAP,2019-05-20,2019-05-21,628.5212,2019-05-28,616.3043,MOMENTUM_FAIL,1,-12.217,18.559,-30.776,-0.048859,-0.03225,0.043,6,False
trap,SAMMAANCAP,2019-08-13,2019-08-14,461.1775,2019-08-14,428.895,STOP,2,-64.5648,19.6931,-84.258,-0.091152,0.0,0.0,1,False
trap,SAMMAANCAP,2019-10-29,2019-10-30,173.6371,2019-11-07,203.72,TARGET,5,150.4147,19.9021,130.5125,0.15,-0.063131,0.204775,7,False
trap,SAMMAANCAP,2019-12-13,2019-12-16,258.1255,2019-12-20,240.0567,STOP,3,-54.2064,19.0894,-73.2957,-0.094445,-0.077476,0.005751,5,False
trap,SAMMAANCAP,2020-02-06,2020-02-07,260.5995,2020-02-28,242.3576,STOP,3,-54.7259,19.1197,-73.8456,-0.09425,-0.111364,0.158916,15,False
trap,SAMMAANCAP,2020-02-07,2020-02-10,261.3417,2020-02-28,243.0478,STOP,3,-54.8818,19.1288,-74.0105,-0.094192,-0.113887,0.155625,14,False
trap,SAMMAANCAP,2020-04-20,2020-04-21,100.7409,2020-04-22,93.6891,STOP,9,-63.4668,19.6291,-83.0959,-0.09145,-0.1,0.0,2,False
trap,SAMMAANCAP,2020-06-23,2020-06-24,204.0843,2020-06-24,189.7984,STOP,4,-57.1436,19.2606,-76.4042,-0.09339,0.0,0.0,1,False
trap,SAMMAANCAP,2021-06-04,2021-06-07,230.3997,2021-06-15,270.0714,TARGET,4,158.6866,20.1445,138.5421,0.15,-0.066224,0.185769,7,False
trap,SAMMAANCAP,2022-11-28,2022-11-29,125.5176,2022-12-06,129.0151,MOMENTUM_FAIL,7,24.4827,19.6898,4.793,0.005443,-0.017067,0.037966,6,False
trap,SAMMAANCAP,2023-08-03,2023-08-04,145.3224,2023-08-11,142.6992,MOMENTUM_FAIL,6,-15.739,19.5797,-35.3187,-0.040418,-0.037004,0.045728,6,False
trap,SAMMAANCAP,2023-08-28,2023-08-29,168.7558,2023-09-12,156.9429,STOP,5,-59.0645,19.3725,-78.4371,-0.092756,-0.138342,0.076166,11,False
trap,SAMMAANCAP,2025-06-25,2025-06-26,143.0,2025-07-03,135.73,MOMENTUM_FAIL,6,-43.62,19.464,-63.0841,-0.073364,-0.062587,0.022448,6,False
trap,SAMMAANCAP,2025-09-30,2025-10-01,159.0,2025-10-24,186.2841,TARGET,6,163.7044,20.2916,143.4128,0.15,-0.034528,0.192138,16,False
trap,SARDAEN,2018-01-09,2018-01-10,54.9196,2018-01-29,51.0752,STOP,18,-69.1987,19.9632,-89.1619,-0.089998,-0.08481,0.063442,13,False
trap,SARDAEN,2019-03-05,2019-03-06,28.0897,2019-03-28,27.2925,TIME,35,-27.9008,20.0244,-47.9252,-0.048641,-0.061352,0.089239,16,False
trap,SARDAEN,2020-06-05,2020-06-08,17.3037,2020-06-09,16.0924,STOP,57,-69.0416,19.9541,-88.9957,-0.090034,-0.087493,0.0,2,False
trap,SARDAEN,2020-08-04,2020-08-05,18.4047,2020-08-11,21.5506,TARGET,54,169.8766,20.4724,149.4042,0.15,0.0,0.200103,5,False
trap,SARDAEN,2020-08-05,2020-08-06,19.7383,2020-08-13,23.1144,TARGET,50,168.8021,20.4409,148.3611,0.15,-0.066843,0.188988,6,False
trap,SARDAEN,2020-10-19,2020-10-20,25.3537,2020-10-29,23.5789,STOP,39,-69.2155,19.9642,-89.1797,-0.089994,-0.090544,0.058262,8,False
trap,SARDAEN,2021-06-11,2021-06-14,61.7883,2021-06-15,72.3549,TARGET,16,169.0649,20.4486,148.6162,0.15,0.0,0.17197,2,False
trap,SARDAEN,2021-06-14,2021-06-15,70.5108,2021-06-16,65.575,STOP,14,-69.1006,19.9575,-89.058,-0.09002,-0.097397,0.0,2,False
trap,SARDAEN,2022-03-03,2022-03-04,95.8884,2022-03-04,89.1763,STOP,10,-67.1219,19.8422,-86.9641,-0.090495,0.0,0.0,1,False
trap,SARDAEN,2024-08-14,2024-08-16,325.9812,2024-09-06,353.6025,TIME,3,82.8641,20.228,62.636,0.063909,-0.009271,0.121277,16,False
trap,SARDAEN,2025-04-15,2025-04-16,483.8248,2025-04-30,449.957,STOP,2,-67.7355,19.8779,-87.6134,-0.090345,-0.07558,0.07671,10,False
trap,SARDAEN,2025-08-04,2025-08-05,514.7283,2025-08-20,610.4046,TARGET,1,95.6763,18.2982,77.378,0.15,0.0,0.194981,11,False
trap,SARDAEN,2025-08-05,2025-08-06,535.5957,2025-08-29,596.0631,TIME,1,60.4674,18.3147,42.1527,0.078531,-0.014935,0.148423,16,False
trap,SBILIFE,2020-04-07,2020-04-08,732.96,2020-04-16,681.6528,STOP,1,-51.3072,18.9204,-70.2276,-0.095605,-0.081952,0.0432,5,False
trap,SBIN,2021-02-02,2021-02-03,302.504,2021-02-05,354.6723,TARGET,3,156.505,20.0806,136.4244,0.15,-0.00794,0.223521,3,False
trap,SBIN,2021-02-05,2021-02-08,360.7389,2021-02-15,368.851,MOMENTUM_FAIL,2,16.2241,19.0094,-2.7853,-0.003852,-0.031281,0.028769,6,False
trap,SCHNEIDER,2018-07-30,2018-07-31,104.1,2018-08-07,96.25,MOMENTUM_FAIL,9,-70.65,19.7422,-90.3921,-0.09627,-0.082613,0.004323,6,False
trap,SCHNEIDER,2020-01-09,2020-01-10,85.15,2020-01-23,78.7,GAP_STOP,11,-70.9501,19.7405,-90.6905,-0.096613,-0.075749,0.053435,10,False
trap,SCHNEIDER,2020-02-07,2020-02-10,105.95,2020-02-17,98.5335,STOP,9,-66.7485,19.8204,-86.5689,-0.090588,-0.083058,0.075979,6,False
trap,SCHNEIDER,2020-02-10,2020-02-11,112.0,2020-02-11,104.16,STOP,8,-62.72,19.5856,-82.3056,-0.091659,0.0,0.0,1,False
trap,SCHNEIDER,2021-05-26,2021-05-27,124.4,2021-06-17,126.7,TIME,8,18.4,20.1697,-1.7697,-0.001774,-0.026527,0.133441,16,False
trap,SCHNEIDER,2022-02-11,2022-02-14,128.5,2022-02-21,117.95,MOMENTUM_FAIL,7,-73.85,19.5777,-93.4277,-0.10364,-0.097276,0.035019,6,False
trap,SCHNEIDER,2022-02-14,2022-02-15,128.0,2022-02-21,119.04,STOP,7,-62.72,19.5856,-82.3056,-0.091659,-0.09375,0.039062,5,False
trap,SCHNEIDER,2022-04-22,2022-04-25,146.0,2022-04-29,135.78,STOP,6,-61.32,19.504,-80.824,-0.092064,-0.074315,0.054795,5,False
trap,SCHNEIDER,2022-09-23,2022-09-26,177.0,2022-10-18,176.05,TIME,5,-4.75,19.6572,-24.4072,-0.027519,-0.050847,0.103955,16,False
trap,SCHNEIDER,2023-01-11,2023-01-12,203.6,2023-01-18,189.348,STOP,4,-57.008,19.2527,-76.2607,-0.093436,-0.07613,0.030943,5,False
trap,SCHNEIDER,2023-05-25,2023-05-26,223.7,2023-06-16,245.45,TIME,4,87.0,19.8854,67.1146,0.074842,0.0,0.166741,16,False
trap,SCI,2019-09-24,2019-09-25,35.3245,2019-10-01,43.246,TARGET,28,221.8026,20.558,201.2446,0.203022,-0.006519,0.275098,5,False
trap,SCI,2019-10-22,2019-10-23,48.5884,2019-10-30,57.3389,TARGET,20,175.0103,20.3896,154.6207,0.158766,-0.020853,0.21327,6,False
trap,SCI,2020-03-11,2020-03-12,42.3709,2020-03-12,39.405,STOP,23,-68.2172,19.906,-88.1232,-0.090229,0.0,0.0,1,False
trap,SCI,2020-05-27,2020-05-28,45.1342,2020-06-04,42.5091,MOMENTUM_FAIL,22,-57.7535,20.0051,-77.7586,-0.07814,-0.067347,0.030612,6,False
trap,SCI,2020-12-07,2020-12-08,67.6256,2020-12-10,79.2386,TARGET,14,162.5829,20.2587,142.3242,0.15,-0.038647,0.220152,3,False
trap,SCI,2020-12-10,2020-12-11,83.5402,2020-12-14,77.6924,STOP,11,-64.326,19.6792,-84.0052,-0.091216,-0.093855,0.0,2,False
trap,SCI,2021-02-18,2021-02-19,92.4543,2021-02-22,85.9825,STOP,10,-64.718,19.7021,-84.4201,-0.091111,-0.076224,0.0,2,False
trap,SCI,2021-03-03,2021-03-04,112.0093,2021-03-18,104.1686,STOP,8,-62.7252,19.5859,-82.3111,-0.091657,-0.131667,0.1075,10,False
trap,SCI,2022-03-03,2022-03-04,116.3993,2022-03-04,108.2514,STOP,8,-65.1836,19.7292,-84.9128,-0.090988,0.0,0.0,1,False
trap,SCI,2024-02-02,2024-02-05,255.8485,2024-02-07,237.9391,STOP,3,-53.7282,19.0615,-72.7897,-0.094628,-0.070653,0.031463,3,False
trap,SCI,2024-02-05,2024-02-06,263.804,2024-02-06,245.3378,STOP,3,-55.3988,19.1589,-74.5577,-0.094003,0.0,0.0,1,False
trap,SCI,2024-07-12,2024-07-15,327.4484,2024-07-16,304.527,STOP,3,-68.7642,19.9379,-88.7021,-0.090099,-0.073605,0.0,2,False
trap,SCI,2025-03-20,2025-03-21,162.2407,2025-04-07,138.6592,GAP_STOP,6,-141.4891,19.7522,-161.2413,-0.165279,-0.145349,0.07436,11,False
trap,SCI,2025-10-24,2025-10-27,265.3876,2025-11-03,249.7851,MOMENTUM_FAIL,3,-46.8074,19.1964,-66.0039,-0.082722,-0.060989,0.016117,6,False
trap,SCI,2026-02-09,2026-02-10,256.7289,2026-03-04,245.3653,TIME,3,-34.0909,19.1127,-53.2036,-0.068928,-0.050668,0.081124,16,False
trap,SCI,2026-02-10,2026-02-11,259.6798,2026-03-05,241.5022,STOP,3,-54.5328,19.1084,-73.6412,-0.094322,-0.112691,0.068838,16,False
trap,SCI,2026-04-16,2026-04-17,291.299,2026-05-08,341.7321,TARGET,3,151.2992,19.9281,131.3711,0.15,-0.026275,0.180334,15,False
trap,SCI,2026-04-17,2026-04-20,305.9591,2026-04-24,284.542,STOP,3,-64.2514,19.6749,-83.9263,-0.091236,-0.072932,0.0,5,False
trap,SHRIRAMFIN,2020-02-06,2020-02-07,215.4106,2020-03-02,225.4759,TIME,4,40.2611,19.6502,20.6109,0.023868,-0.048438,0.114735,16,False
trap,SHRIRAMFIN,2020-03-27,2020-03-30,121.2047,2020-03-30,112.7204,STOP,8,-67.8746,19.886,-87.7607,-0.090311,0.0,0.0,1,False
trap,SHRIRAMFIN,2020-04-09,2020-04-13,115.2235,2020-04-17,135.063,TARGET,8,158.7159,20.1454,138.5705,0.15,-0.023477,0.246284,4,False
trap,SHRIRAMFIN,2020-04-17,2020-04-20,142.2838,2020-04-20,132.3239,STOP,7,-69.719,19.9935,-89.7126,-0.089878,0.0,0.0,1,False
trap,SHRIRAMFIN,2021-01-07,2021-01-08,237.1665,2021-01-13,220.5648,STOP,4,-66.4066,19.8005,-86.2071,-0.090674,-0.098492,0.006431,4,False
trap,SHRIRAMFIN,2021-02-01,2021-02-02,246.935,2021-02-23,250.1033,TIME,4,12.6733,20.1265,-7.4532,-0.007529,-0.0175,0.12864,16,False
trap,SHRIRAMFIN,2023-06-21,2023-06-22,336.6825,2023-06-30,330.998,MOMENTUM_FAIL,2,-11.369,18.7501,-30.1191,-0.044632,-0.069773,0.001105,6,False
trap,SHYAMMETL,2023-12-22,2023-12-26,605.8904,2024-01-16,661.6027,TIME,1,55.7123,18.6018,37.1105,0.061116,-0.007968,0.120325,16,False
trap,SIEMENS,2019-09-23,2019-09-24,815.6709,2019-10-17,915.8941,TIME,1,100.2232,19.5782,80.6449,0.098654,-0.014498,0.129689,16,False
trap,SJVN,2021-10-18,2021-10-19,28.5878,2021-10-19,26.5867,STOP,34,-68.039,19.8956,-87.9347,-0.090272,0.0,0.0,1,False
trap,SJVN,2023-07-25,2023-07-26,57.1218,2023-07-27,53.1233,STOP,17,-67.975,19.8919,-87.8669,-0.090287,-0.080925,0.0,2,False
trap,SJVN,2024-02-05,2024-02-06,144.49,2024-02-09,134.3757,STOP,6,-60.6858,19.467,-80.1529,-0.092253,-0.095066,0.062171,4,False
trap,SJVN,2024-02-15,2024-02-16,119.2043,2024-02-23,114.6666,MOMENTUM_FAIL,8,-36.3017,19.8828,-56.1844,-0.058788,-0.068655,0.024721,6,False
trap,SJVN,2024-03-15,2024-03-18,122.8228,2024-03-19,114.2252,STOP,8,-68.7807,19.9389,-88.7196,-0.090095,-0.078125,0.0,2,False
trap,SJVN,2026-01-05,2026-01-06,85.5868,2026-01-08,79.5957,STOP,11,-65.9018,19.7711,-85.6729,-0.090802,-0.094186,0.0,3,False
trap,SOBHA,2020-04-03,2020-04-07,155.1948,2020-04-15,181.8896,TARGET,6,160.1686,20.188,139.9807,0.15,0.0,0.182263,5,False
trap,SOBHA,2020-04-07,2020-04-08,168.009,2020-04-17,202.2278,TARGET,5,171.094,19.8254,151.2685,0.179679,-0.067797,0.203672,6,False
trap,SOBHA,2020-08-19,2020-08-20,255.6641,2020-09-08,237.7676,STOP,3,-53.6895,19.0593,-72.7487,-0.094642,-0.082218,0.05545,14,False
trap,SOBHA,2020-12-31,2021-01-01,400.7522,2021-01-08,470.7963,TARGET,2,140.0881,19.5996,120.4885,0.15,-0.035984,0.189924,6,False
trap,SOBHA,2021-01-08,2021-01-11,472.2208,2021-01-18,442.0593,MOMENTUM_FAIL,2,-60.323,19.795,-80.1181,-0.084646,-0.078985,0.026915,6,False
trap,SOBHA,2021-04-07,2021-04-08,487.8637,2021-04-12,453.7133,STOP,2,-68.3009,19.9109,-88.2118,-0.090209,-0.07505,0.07014,3,False
trap,SOBHA,2021-07-15,2021-07-16,663.8467,2021-07-19,617.3774,STOP,1,-46.4693,18.6384,-65.1077,-0.097862,-0.093741,0.0,2,False
trap,SOBHA,2021-07-16,2021-07-19,630.6054,2021-07-20,586.4631,STOP,1,-44.1424,18.5028,-62.6452,-0.099125,-0.084961,0.0,2,False
trap,SOBHA,2021-09-02,2021-09-03,712.4325,2021-09-27,786.1934,TIME,1,73.7609,19.0884,54.6725,0.076573,-0.053286,0.170624,16,False
trap,SOBHA,2022-07-08,2022-07-11,654.0139,2022-07-18,618.8544,MOMENTUM_FAIL,1,-35.1594,18.6199,-53.7794,-0.08205,-0.063609,0.020902,6,False
trap,SONACOMS,2021-08-09,2021-08-10,468.9592,2021-08-23,436.132,STOP,2,-65.6543,19.7566,-85.4109,-0.090866,-0.089558,0.126234,9,False
trap,SONACOMS,2021-08-10,2021-08-11,485.0865,2021-08-23,451.1304,STOP,2,-67.9121,19.8882,-87.8003,-0.090302,-0.119827,0.088791,8,False
trap,SONACOMS,2021-10-14,2021-10-18,742.539,2021-10-19,690.5613,STOP,1,-51.9777,18.9595,-70.9372,-0.095325,-0.115486,0.014829,2,False
trap,STEAMHOUSE,2026-10-07,2026-10-08,124.66,2026-10-09,127.9,TIME,8,25.92,20.1937,5.7263,0.005729,-0.02944,0.069549,2,False
trap,STLTECH,2018-01-04,2018-01-05,314.1766,2018-01-18,368.1526,TARGET,3,161.928,20.2395,141.6885,0.15,-0.002683,0.207514,10,False
trap,STLTECH,2018-07-09,2018-07-10,299.7929,2018-07-16,278.8074,STOP,3,-62.9565,19.5994,-82.5559,-0.091592,-0.091724,0.044682,5,False
trap,STLTECH,2019-05-27,2019-05-28,166.4049,2019-06-04,163.9522,MOMENTUM_FAIL,5,-12.2635,19.4182,-31.6817,-0.037995,-0.035431,0.028912,6,False
trap,STLTECH,2019-09-23,2019-09-24,170.5192,2019-09-25,158.5828,STOP,5,-59.6817,19.4085,-79.0902,-0.092562,-0.125706,0.0,2,False
trap,STLTECH,2020-04-13,2020-04-15,78.9976,2020-05-07,89.7393,TIME,12,128.901,20.1952,108.7057,0.114422,-0.044512,0.163415,16,False
trap,STLTECH,2020-07-02,2020-07-03,122.2536,2020-07-15,143.1818,TARGET,8,167.4256,20.4006,147.025,0.15,-0.007092,0.220646,9,False
trap,STLTECH,2020-08-24,2020-08-25,166.473,2020-08-31,154.8199,STOP,5,-58.2655,19.326,-77.5915,-0.093015,-0.125754,0.010995,5,False
trap,STLTECH,2021-02-17,2021-02-18,203.901,2021-03-12,216.6356,TIME,4,50.9384,19.4776,31.4608,0.03849,-0.041476,0.089221,16,False
trap,STLTECH,2022-03-22,2022-03-23,218.8264,2022-04-12,203.5086,STOP,4,-61.2714,19.5012,-80.7726,-0.092078,-0.077863,0.083748,15,False
trap,STLTECH,2022-04-22,2022-04-25,229.8222,2022-04-27,213.7347,STOP,4,-64.3502,19.6806,-84.0308,-0.091209,-0.087069,0.0,3,False
trap,STLTECH,2022-05-17,2022-05-18,176.8244,2022-05-25,164.1941,MOMENTUM_FAIL,5,-63.1516,19.5346,-82.6862,-0.093319,-0.081233,0.010924,6,False
trap,STLTECH,2024-04-02,2024-04-03,126.9,2024-04-26,135.15,TIME,7,57.7499,19.7984,37.9516,0.042631,-0.017337,0.153664,16,False
trap,STLTECH,2025-06-17,2025-06-18,112.43,2025-06-18,104.5599,STOP,8,-62.9608,19.5996,-82.5604,-0.091591,0.0,0.0,1,False
trap,STLTECH,2026-01-29,2026-01-30,101.4,2026-02-03,126.0,TARGET,9,221.4,20.2342,201.1658,0.219951,0.0,0.281953,3,False
trap,STLTECH,2026-02-03,2026-02-04,125.0,2026-02-10,146.6386,TARGET,7,151.47,19.9331,131.5369,0.15,0.0,0.3072,5,False
trap,STLTECH,2026-02-04,2026-02-05,130.0,2026-02-10,152.4129,TARGET,7,156.8903,20.0919,136.7984,0.15,-0.006692,0.256923,4,False
trap,STLTECH,2026-02-10,2026-02-11,157.48,2026-02-11,146.4564,STOP,6,-66.1416,19.785,-85.9266,-0.090741,0.0,0.0,1,False
trap,STLTECH,2026-04-09,2026-04-10,220.56,2026-04-16,258.75,TARGET,4,152.76,19.9663,132.7937,0.15019,0.0,0.193961,4,False
trap,STLTECH,2026-04-10,2026-04-13,224.31,2026-04-16,263.0386,TARGET,4,154.9142,20.034,134.8802,0.15,0.0,0.174,3,False
trap,SUMICHEM,2026-07-03,2026-07-06,497.8,2026-07-08,462.954,STOP,2,-69.692,19.992,-89.684,-0.089884,-0.070842,0.0,3,False
trap,SUNPHARMA,2020-04-07,2020-04-08,393.5653,2020-04-24,462.4963,TARGET,2,137.862,19.5343,118.3277,0.15,0.0,0.186158,11,False
trap,SUNTV,2019-09-23,2019-09-24,402.6684,2019-09-25,374.4816,STOP,2,-56.3736,19.2157,-75.5893,-0.093656,-0.082513,0.0,2,False
trap,SUNTV,2026-09-30,2026-10-01,588.0,2026-10-09,635.9,TIME,1,47.9,18.5103,29.3897,0.049873,0.0,0.1,6,False
trap,SUZLON,2018-07-24,2018-07-25,7.7589,2018-07-26,7.2158,STOP,128,-69.5198,19.9819,-89.5017,-0.089923,-0.088757,0.0,2,False
trap,SUZLON,2019-02-22,2019-02-25,5.3256,2019-02-25,4.9528,STOP,187,-69.7126,19.9932,-89.7058,-0.089879,0.0,0.0,1,False
trap,SUZLON,2019-02-25,2019-02-26,4.9124,2019-03-05,5.7518,TARGET,203,170.3987,20.4877,149.9109,0.15,0.0,0.420561,5,False
trap,SUZLON,2019-03-06,2019-03-07,7.2539,2019-03-07,6.7461,STOP,137,-69.5648,19.9846,-89.5494,-0.089913,0.0,0.0,1,False
trap,SUZLON,2019-06-24,2019-06-25,4.637,2019-06-25,4.3124,STOP,215,-69.7865,19.9975,-89.784,-0.089862,0.0,0.0,1,False
trap,SUZLON,2019-06-26,2019-06-27,5.4175,2019-06-27,5.0382,STOP,184,-69.7769,19.9969,-89.7738,-0.089864,0.0,0.0,1,False
trap,SUZLON,2019-07-26,2019-07-29,4.2697,2019-07-31,3.9708,STOP,233,-69.6387,19.9889,-89.6276,-0.089896,-0.139785,0.032258,3,False
trap,SUZLON,2019-07-29,2019-07-30,4.4074,2019-07-30,4.0989,STOP,226,-69.7255,19.9939,-89.7194,-0.089876,0.0,0.0,1,False
trap,SUZLON,2020-01-07,2020-01-08,3.1678,2020-01-08,2.9461,STOP,314,-69.6291,19.9883,-89.6174,-0.089898,0.0,0.0,1,False
trap,SUZLON,2020-02-25,2020-02-26,2.6628,2020-02-27,2.4764,STOP,374,-69.7126,19.9932,-89.7058,-0.089879,-0.086207,0.0,2,False
trap,SUZLON,2021-05-11,2021-05-12,5.7847,2021-05-12,5.3798,STOP,172,-69.6484,19.9894,-89.6378,-0.089894,0.0,0.0,1,False
trap,SUZLON,2021-06-03,2021-06-04,6.6111,2021-06-11,6.5193,MOMENTUM_FAIL,150,-13.7731,20.0892,-33.8623,-0.034072,-0.069444,0.048611,6,False
trap,SUZLON,2022-06-01,2022-06-02,8.5853,2022-06-06,7.9843,STOP,116,-69.7126,19.9932,-89.7058,-0.089879,-0.122995,0.064171,3,False
trap,SUZLON,2022-08-23,2022-08-24,8.2639,2022-08-26,7.6854,STOP,120,-69.417,19.9759,-89.3929,-0.089947,-0.1,0.0,3,False
trap,SUZLON,2022-09-06,2022-09-07,9.7331,2022-09-09,9.0518,STOP,102,-69.4941,19.9804,-89.4745,-0.089929,-0.099057,0.018868,3,False
trap,SUZLON,2022-10-18,2022-10-19,7.85,2022-10-19,9.1914,TARGET,127,170.3559,20.4865,149.8694,0.15,0.0,0.0,1,False
trap,SUZLON,2022-10-19,2022-10-20,9.3,2022-10-20,8.649,STOP,107,-69.657,19.9899,-89.6469,-0.089892,0.0,0.0,1,False
trap,SUZLON,2023-06-07,2023-06-08,14.2,2023-06-08,13.206,STOP,70,-69.58,19.9854,-89.5654,-0.08991,0.0,0.0,1,False
trap,SUZLON,2023-07-04,2023-07-05,17.95,2023-07-06,16.6935,STOP,55,-69.1075,19.9579,-89.0654,-0.090019,-0.072423,0.0,2,False
trap,SWANCORP,2019-02-25,2019-02-26,116.1701,2019-03-07,108.0382,STOP,8,-65.0553,19.7217,-84.777,-0.091022,-0.071153,0.157308,7,False
trap,SWANCORP,2019-02-26,2019-02-27,133.0504,2019-02-27,123.7369,STOP,7,-65.1947,19.7298,-84.9245,-0.090985,0.0,0.0,1,False
trap,SWANCORP,2019-08-27,2019-08-28,115.473,2019-08-30,107.3899,STOP,8,-64.6649,19.699,-84.3638,-0.091125,-0.09185,0.077188,3,False
trap,SWANCORP,2020-02-05,2020-02-06,135.8089,2020-02-17,126.3023,STOP,7,-66.5464,19.8086,-86.355,-0.090638,-0.090275,0.133578,8,False
trap,SWANCORP,2020-02-06,2020-02-07,132.5694,2020-02-18,123.2896,STOP,7,-64.959,19.7161,-84.6751,-0.091047,-0.086842,0.161278,8,False
trap,SWANCORP,2020-06-08,2020-06-09,122.6018,2020-06-09,114.0197,STOP,8,-68.657,19.9316,-88.5887,-0.090124,0.0,0.0,1,False
trap,SWANCORP,2020-06-16,2020-06-17,130.7254,2020-07-08,141.939,TIME,7,78.4952,19.9537,58.5415,0.063835,-0.027449,0.15936,16,False
trap,SWANCORP,2021-07-29,2021-07-30,166.9515,2021-07-30,155.2649,STOP,5,-58.433,19.3357,-77.7688,-0.09296,0.0,0.0,1,False
trap,SWANCORP,2021-08-26,2021-08-27,142.6595,2021-09-03,132.384,MOMENTUM_FAIL,6,-61.653,19.4187,-81.0717,-0.094508,-0.076923,0.010489,6,False
trap,SWANCORP,2021-12-16,2021-12-17,149.7555,2021-12-17,139.2726,STOP,6,-62.8973,19.5959,-82.4932,-0.091609,0.0,0.0,1,False
trap,SWANCORP,2022-04-06,2022-04-07,265.5663,2022-04-21,312.0143,TARGET,3,139.3439,19.5778,119.7661,0.15,-0.019737,0.195489,9,False
trap,SWANCORP,2023-03-06,2023-03-08,288.1506,2023-03-15,267.98,STOP,3,-60.5116,19.4569,-79.9685,-0.092306,-0.167244,0.060485,6,False
trap,SWANCORP,2023-10-27,2023-10-30,377.6719,2023-11-10,444.1416,TARGET,2,132.9394,19.3901,113.5493,0.15,-0.025529,0.182011,10,False
trap,SWANCORP,2023-10-30,2023-10-31,394.2575,2023-11-07,386.0146,MOMENTUM_FAIL,2,-16.4857,19.2259,-35.7116,-0.045191,-0.066523,0.010517,6,False
trap,SWANCORP,2024-03-15,2024-03-18,579.4966,2024-04-03,685.2033,TARGET,1,105.7067,18.5921,87.1145,0.15,-0.028276,0.184483,11,False
trap,SWANCORP,2025-07-16,2025-07-17,523.2343,2025-07-24,509.394,MOMENTUM_FAIL,1,-13.8403,18.1111,-31.9515,-0.060932,-0.043545,0.001146,6,False
trap,SWIGGY,2024-11-27,2024-11-28,507.4,2024-11-29,471.882,STOP,1,-35.518,18.0001,-53.5181,-0.105245,-0.10406,0.0,2,False
trap,SWIGGY,2024-12-16,2024-12-17,590.0,2024-12-24,568.1,MOMENTUM_FAIL,1,-21.9,18.3767,-40.2767,-0.068117,-0.048983,0.046271,6,False
trap,SYNGENE,2020-09-15,2020-09-16,561.388,2020-09-23,552.6257,MOMENTUM_FAIL,1,-8.7623,18.2826,-27.0449,-0.04807,-0.068783,0.022928,6,False
trap,SYRMA,2024-10-29,2024-10-30,484.9055,2024-11-07,567.982,TARGET,2,166.153,20.3633,145.7897,0.15,0.0,0.193193,7,False
trap,SYRMA,2024-10-30,2024-10-31,497.569,2024-11-25,554.3059,TIME,2,113.4738,20.363,93.1108,0.093362,-0.005812,0.170341,16,False
trap,SYRMA,2025-01-30,2025-01-31,518.5587,2025-02-11,482.2596,STOP,1,-36.2991,18.0457,-54.3448,-0.104571,-0.082588,0.094799,9,False
trap,SYRMA,2025-05-13,2025-05-14,561.5351,2025-05-15,522.2277,STOP,1,-39.3075,18.221,-57.5285,-0.102225,-0.079197,0.0,2,False
trap,TARIL,2019-03-05,2019-03-06,7.5081,2019-03-13,6.9895,MOMENTUM_FAIL,132,-68.4622,19.9753,-88.4376,-0.08904,-0.078947,0.029605,6,False
trap,TARIL,2019-05-27,2019-05-28,7.0142,2019-05-28,6.5232,STOP,142,-69.7208,19.9936,-89.7144,-0.089877,0.0,0.0,1,False
trap,TARIL,2019-09-06,2019-09-09,4.001,2019-09-12,4.6848,TARGET,249,170.2487,20.4833,149.7654,0.15,-0.024691,0.172839,3,False
trap,TARIL,2019-12-26,2019-12-27,4.0751,2019-12-27,3.7899,STOP,244,-69.6032,19.9868,-89.59,-0.089904,0.0,0.0,1,False
trap,TARIL,2020-02-17,2020-02-18,4.7667,2020-02-18,4.433,STOP,209,-69.7363,19.9945,-89.7309,-0.089874,0.0,0.0,1,False
trap,TARIL,2020-06-03,2020-06-04,3.7541,2020-06-10,4.3957,TARGET,265,170.0269,20.4768,149.55,0.15,-0.039474,0.171052,5,False
trap,TARIL,2020-12-04,2020-12-07,9.237,2020-12-08,8.5904,STOP,108,-69.8314,20.0001,-89.8315,-0.089852,-0.090909,0.013369,2,False
trap,TARIL,2020-12-14,2020-12-15,11.5092,2020-12-18,10.7035,STOP,86,-69.2851,19.9682,-89.2533,-0.089978,-0.092275,0.012876,4,False
trap,TARIL,2021-03-16,2021-03-17,10.1755,2021-03-17,9.4632,STOP,98,-69.8037,19.9985,-89.8022,-0.089858,0.0,0.0,1,False
trap,TARIL,2021-05-12,2021-05-14,11.9043,2021-05-17,11.071,STOP,83,-69.1641,19.9612,-89.1253,-0.090006,-0.076764,0.0,2,False
trap,TARIL,2021-12-28,2021-12-29,17.4011,2022-01-13,16.183,STOP,57,-69.4304,19.9767,-89.4071,-0.089944,-0.111111,0.106838,12,False
trap,TARIL,2021-12-29,2021-12-30,18.4918,2022-01-06,17.5994,MOMENTUM_FAIL,53,-47.2953,19.972,-67.2673,-0.068486,-0.080429,0.041555,6,False
trap,TARIL,2022-02-02,2022-02-03,20.5739,2022-02-14,19.1338,STOP,48,-69.1285,19.9591,-89.0876,-0.090014,-0.112048,0.122892,8,False
trap,TARIL,2022-02-03,2022-02-04,20.5987,2022-02-14,19.1568,STOP,48,-69.2118,19.964,-89.1757,-0.089995,-0.113117,0.12154,7,False
trap,TARIL,2022-08-02,2022-08-03,17.5908,2022-08-11,16.3594,STOP,56,-68.9558,19.9491,-88.9049,-0.090054,-0.080737,0.063739,6,False
trap,TARIL,2022-08-03,2022-08-04,17.6157,2022-08-11,16.3826,STOP,56,-69.0535,19.9547,-89.0082,-0.090031,-0.082037,0.062235,5,False
trap,TARIL,2022-09-15,2022-09-16,23.9195,2022-09-16,22.2451,STOP,41,-68.6488,19.9312,-88.58,-0.090126,0.0,0.0,1,False
trap,TARIL,2022-10-27,2022-10-28,32.7148,2022-10-31,30.4248,STOP,30,-68.7012,19.9342,-88.6354,-0.090114,-0.108911,0.0,2,False
trap,TARIL,2023-09-08,2023-09-11,72.3791,2023-09-15,84.816,TARGET,13,161.68,20.2322,141.4478,0.15,-0.062069,0.191035,5,False
trap,TARIL,2023-09-11,2023-09-12,77.3708,2023-09-12,71.9548,STOP,12,-64.9914,19.718,-84.7094,-0.091039,0.0,0.0,1,False
trap,TARIL,2023-09-14,2023-09-15,82.1128,2023-10-10,84.3092,TIME,12,26.3558,20.1443,6.2115,0.00629,-0.053799,0.085714,16,False
trap,TARIL,2023-12-22,2023-12-26,111.3141,2024-01-05,130.5481,TARGET,8,153.8724,20.0035,133.8689,0.15,-0.044619,0.219507,9,False
trap,TARIL,2023-12-26,2023-12-27,109.3423,2024-01-05,128.0493,TARGET,9,168.3629,20.4281,147.9349,0.15,-0.027391,0.241497,8,False
trap,TARIL,2024-01-25,2024-01-29,187.1873,2024-01-29,174.0842,STOP,5,-65.5156,19.7485,-85.2641,-0.090902,0.0,0.0,1,False
trap,TARIL,2025-11-17,2025-11-18,333.0481,2025-11-18,309.7347,STOP,2,-46.6267,18.6476,-65.2743,-0.097782,0.0,0.0,1,False
trap,TARIL,2025-12-12,2025-12-15,276.6992,2026-01-02,324.8712,TARGET,3,144.5162,19.7293,124.7868,0.15,0.0,0.241018,14,False
trap,TARIL,2025-12-15,2025-12-16,302.176,2025-12-17,281.0237,STOP,3,-63.457,19.6286,-83.0855,-0.091453,-0.074062,0.0,2,False
trap,TARIL,2026-01-02,2026-01-05,336.445,2026-01-06,312.8938,STOP,2,-47.1023,18.6753,-65.7776,-0.097541,-0.097253,0.0,2,False
trap,TATACHEM,2026-04-28,2026-04-29,792.3182,2026-05-15,736.8559,STOP,1,-55.4623,19.1626,-74.6249,-0.09398,-0.073338,0.062585,12,False
trap,TATACHEM,2026-09-15,2026-09-16,715.0,2026-09-24,664.95,STOP,1,-50.05,18.8471,-68.8971,-0.096149,-0.090979,0.163636,7,False
trap,TATACHEM,2026-09-16,2026-09-17,728.0,2026-09-21,677.04,STOP,1,-50.96,18.9002,-69.8602,-0.095752,-0.081593,0.018338,3,False
trap,TATACOMM,2019-11-28,2019-11-29,410.0714,2019-12-02,381.3664,STOP,2,-57.41,19.2761,-76.6861,-0.093299,-0.075819,0.018394,2,False
trap,TATACOMM,2020-06-16,2020-06-17,540.8747,2020-06-24,526.801,MOMENTUM_FAIL,1,-14.0737,18.1852,-32.2589,-0.059512,-0.030612,0.037415,6,False
trap,TATACONSUM,2019-05-17,2019-05-20,224.6765,2019-05-27,221.0503,MOMENTUM_FAIL,4,-14.5049,19.6952,-34.2001,-0.037972,-0.044203,0.001143,6,False
trap,TATACONSUM,2020-03-25,2020-03-26,264.7111,2020-04-16,311.0266,TARGET,3,138.9465,19.5661,119.3804,0.15,-0.055456,0.193918,12,False
trap,TATACONSUM,2020-08-07,2020-08-10,496.9712,2020-08-31,507.8465,TIME,2,21.7505,20.1712,1.5794,0.001586,-0.022651,0.077647,16,False
trap,TATAELXSI,2020-03-03,2020-03-04,959.64,2020-03-04,892.4652,STOP,1,-67.1748,19.8453,-87.02,-0.090482,0.0,0.0,1,False
trap,TATAINVEST,2022-09-13,2022-09-14,210.6245,2022-09-14,247.2336,TARGET,4,146.4366,19.7856,126.651,0.15,0.0,0.0,1,False
trap,TATAINVEST,2022-09-15,2022-09-16,260.9849,2022-09-16,242.716,STOP,3,-54.8068,19.1244,-73.9312,-0.09422,0.0,0.0,1,False
trap,TATAINVEST,2023-11-17,2023-11-20,393.4601,2023-11-21,462.3748,TARGET,2,137.8295,19.5334,118.2961,0.15,0.0,0.188011,2,False
trap,TATAINVEST,2023-11-20,2023-11-21,444.2586,2023-11-22,413.1605,STOP,2,-62.1962,19.5551,-81.7513,-0.091808,-0.083012,0.0,2,False
trap,TATAINVEST,2024-01-31,2024-02-01,562.0153,2024-02-08,544.9427,MOMENTUM_FAIL,1,-17.0726,18.2683,-35.3409,-0.062745,-0.038349,0.037752,6,False
trap,TATAINVEST,2024-02-22,2024-02-23,692.774,2024-03-04,826.6905,TARGET,1,133.9166,19.1279,114.7887,0.165333,-0.054701,0.200627,7,False
trap,TATAINVEST,2024-08-27,2024-08-28,743.106,2024-08-29,691.0886,STOP,1,-52.0174,18.9618,-70.9792,-0.095309,-0.081121,0.0,2,False
trap,TATAINVEST,2024-08-28,2024-08-29,714.3974,2024-09-19,664.3895,STOP,1,-50.0078,18.8447,-68.8525,-0.096168,-0.088639,0.062561,16,False
trap,TATAINVEST,2025-02-20,2025-02-21,604.4977,2025-03-03,587.9285,MOMENTUM_FAIL,1,-16.5692,18.4487,-35.0179,-0.057803,-0.064721,0.04,6,False
trap,TATAINVEST,2025-09-24,2025-09-25,868.5207,2025-09-30,1018.9873,TARGET,1,150.4666,19.9037,130.5629,0.15,-0.063803,0.215521,4,False
trap,TATAPOWER,2020-04-08,2020-04-09,33.576,2020-04-20,31.0323,MOMENTUM_FAIL,29,-73.7654,19.8912,-93.6567,-0.095976,-0.085399,0.033058,6,False
trap,TATAPOWER,2020-06-02,2020-06-03,40.0969,2020-06-04,37.2901,STOP,24,-67.3628,19.8562,-87.219,-0.090436,-0.070358,0.0,2,False
trap,TATAPOWER,2022-04-06,2022-04-07,282.6032,2022-04-12,262.821,STOP,3,-59.3467,19.389,-78.7357,-0.092667,-0.070977,0.0,4,False
trap,TATAPOWER,2023-12-07,2023-12-08,326.4636,2023-12-15,327.6928,MOMENTUM_FAIL,3,3.6879,20.0729,-16.3851,-0.016693,-0.02892,0.029974,6,False
trap,TATATECH,2026-08-07,2026-08-10,873.0,2026-08-17,841.65,MOMENTUM_FAIL,1,-31.35,19.5524,-50.9023,-0.05818,-0.04685,0.020619,6,False
trap,TDPOWERSYS,2018-09-24,2018-09-25,11.9941,2018-10-01,11.1545,STOP,83,-69.6856,19.9916,-89.6772,-0.089885,-0.07762,0.156817,5,False
trap,TDPOWERSYS,2018-10-11,2018-10-12,11.531,2018-10-15,13.5023,TARGET,86,169.537,20.4625,149.0745,0.15,0.0,0.180328,2,False
trap,TDPOWERSYS,2018-10-15,2018-10-16,13.322,2018-10-19,12.3895,STOP,74,-69.0082,19.9521,-88.9603,-0.090042,-0.095779,0.048954,3,False
trap,TDPOWERSYS,2019-05-24,2019-05-27,13.7993,2019-06-18,14.012,TIME,72,15.3116,20.1564,-4.8448,-0.004866,-0.033562,0.095891,16,False
trap,TDPOWERSYS,2020-02-07,2020-02-10,15.4272,2020-02-10,14.3473,STOP,64,-69.1138,19.9583,-89.0721,-0.090017,0.0,0.0,1,False
trap,TDPOWERSYS,2020-02-10,2020-02-11,16.0979,2020-03-04,14.9711,STOP,61,-68.7382,19.9364,-88.6746,-0.090105,-0.105967,0.077381,16,False
trap,TDPOWERSYS,2020-06-26,2020-06-29,11.6026,2020-06-29,10.7904,STOP,85,-69.0356,19.9537,-88.9893,-0.090036,0.0,0.0,1,False
trap,TDPOWERSYS,2020-12-28,2020-12-29,14.8623,2021-01-05,13.8209,MOMENTUM_FAIL,67,-69.7759,19.9925,-89.7684,-0.089953,-0.089718,0.031434,6,False
trap,TDPOWERSYS,2021-08-16,2021-08-17,24.7218,2021-08-18,22.9913,STOP,40,-69.221,19.9645,-89.1856,-0.089992,-0.082677,0.0,2,False
trap,TDPOWERSYS,2021-08-24,2021-08-25,27.2037,2021-09-02,31.86,TARGET,36,167.6278,20.4065,147.2212,0.15,-0.037388,0.254204,7,False
trap,TDPOWERSYS,2021-08-25,2021-08-26,26.5905,2021-09-02,31.1399,TARGET,37,168.3271,20.427,147.9001,0.15,-0.009883,0.283126,6,False
trap,TDPOWERSYS,2021-09-02,2021-09-03,34.4548,2021-09-03,32.043,STOP,28,-67.5314,19.866,-87.3974,-0.090395,0.0,0.0,1,False
trap,TDPOWERSYS,2022-05-16,2022-05-17,44.0549,2022-05-24,44.2069,MOMENTUM_FAIL,22,3.3452,20.0292,-16.684,-0.017177,-0.058116,0.035404,6,False
trap,TDPOWERSYS,2023-01-03,2023-01-04,69.9756,2023-01-10,65.0774,STOP,14,-68.5761,19.9269,-88.5031,-0.090144,-0.083862,0.053206,5,False
trap,TDPOWERSYS,2024-04-23,2024-04-24,170.2895,2024-05-06,158.3692,STOP,5,-59.6013,19.4038,-79.0051,-0.092587,-0.107059,0.053092,8,False
trap,TDPOWERSYS,2025-05-13,2025-05-14,233.1518,2025-06-04,252.658,TIME,4,78.0245,20.0268,57.9977,0.062053,-0.027674,0.12683,16,False
trap,TDPOWERSYS,2025-10-31,2025-11-03,381.4363,2025-11-25,379.9539,TIME,2,-2.9648,19.1452,-22.1099,-0.028919,-0.069299,0.097378,16,False
trap,TDPOWERSYS,2025-11-03,2025-11-04,402.1408,2025-11-12,409.7748,MOMENTUM_FAIL,2,15.268,19.3571,-4.0891,-0.005073,-0.065171,0.031964,6,False
trap,TDPOWERSYS,2026-08-12,2026-08-13,747.5,2026-09-03,722.55,TIME,1,-24.95,19.0355,-43.9855,-0.058715,-0.040535,0.068696,16,False
trap,TDPOWERSYS,2026-08-13,2026-08-14,740.5,2026-09-04,740.1,TIME,1,-0.4,19.0559,-19.4559,-0.026217,-0.031465,0.078798,16,False
trap,TECHNOE,2018-07-27,2018-07-30,253.9949,2018-08-21,244.4469,TIME,3,-28.644,19.0891,-47.7331,-0.062506,-0.064416,0.164051,16,False
trap,TECHNOE,2020-03-31,2020-04-01,221.0868,2020-04-01,205.6107,STOP,4,-61.9043,19.5381,-81.4424,-0.091892,0.0,0.0,1,False
trap,TECHNOE,2020-04-01,2020-04-03,208.5724,2020-04-03,193.9723,STOP,4,-58.4003,19.3338,-77.7341,-0.092971,0.0,0.0,1,False
trap,TECHNOE,2020-09-02,2020-09-03,221.2722,2020-09-03,205.7831,STOP,4,-61.9562,19.5411,-81.4973,-0.091877,0.0,0.0,1,False
trap,TECHNOE,2021-02-25,2021-02-26,286.9626,2021-03-19,266.8752,STOP,3,-60.2621,19.4423,-79.7045,-0.092382,-0.081318,0.085956,15,False
trap,TEJASNET,2018-03-09,2018-03-12,362.0598,2018-03-12,336.7156,STOP,2,-50.6884,18.8843,-69.5727,-0.095869,0.0,0.0,1,False
trap,TEJASNET,2018-09-07,2018-09-10,316.4561,2018-09-18,288.4113,MOMENTUM_FAIL,3,-84.1343,19.7673,-103.9017,-0.109204,-0.09628,0.0,6,False
trap,TEJASNET,2018-10-10,2018-10-11,272.0395,2018-10-19,274.1169,MOMENTUM_FAIL,3,6.2322,19.3887,-13.1565,-0.016086,-0.061818,0.047636,6,False
trap,TEJASNET,2019-02-20,2019-02-21,153.183,2019-03-05,179.5662,TARGET,6,158.2992,20.1332,138.1661,0.15,-0.030675,0.206974,8,False
trap,TEJASNET,2019-02-21,2019-02-22,157.2883,2019-03-05,184.3073,TARGET,6,162.1139,20.245,141.8689,0.15,-0.055975,0.175472,7,False
trap,TEJASNET,2019-03-05,2019-03-06,182.4148,2019-03-08,169.6458,STOP,5,-63.8452,19.6512,-83.4964,-0.091346,-0.083514,0.040673,3,False
trap,TEJASNET,2019-09-12,2019-09-13,98.5458,2019-09-16,91.6476,STOP,10,-68.982,19.9506,-88.9326,-0.090048,-0.075329,0.0,2,False
trap,TEJASNET,2019-11-21,2019-11-22,98.0476,2019-12-04,91.1842,STOP,10,-68.6333,19.9303,-88.5636,-0.09013,-0.085366,0.11687,9,False
trap,TEJASNET,2019-12-31,2020-01-01,95.0583,2020-01-02,88.4042,STOP,10,-66.5408,19.8083,-86.3491,-0.09064,-0.073899,0.005241,2,False
trap,TEJASNET,2020-06-10,2020-06-11,55.1518,2020-06-12,48.8743,GAP_STOP,18,-112.9938,19.8917,-132.8855,-0.133566,-0.113821,0.0,2,False
trap,TEJASNET,2021-02-08,2021-02-09,179.2557,2021-02-10,166.7078,STOP,5,-62.7395,19.5867,-82.3262,-0.091653,-0.101445,0.0,2,False
trap,TEJASNET,2021-02-19,2021-02-22,219.212,2021-02-23,199.2837,GAP_STOP,4,-79.7135,19.4701,-99.1836,-0.112867,-0.1,0.0,2,False
trap,TEJASNET,2022-08-29,2022-08-30,614.4912,2022-09-21,631.6296,TIME,1,17.1384,18.5596,-1.4212,-0.002308,-0.046376,0.105562,16,False
trap,TEJASNET,2023-02-16,2023-02-17,628.7898,2023-02-21,584.7745,STOP,1,-44.0153,18.4954,-62.5107,-0.099197,-0.080342,0.0,3,False
trap,TEJASNET,2023-07-14,2023-07-17,859.909,2023-07-24,773.8185,MOMENTUM_FAIL,1,-86.0905,19.3856,-105.4762,-0.122392,-0.110023,0.03511,6,False
trap,TEJASNET,2024-04-02,2024-04-03,750.303,2024-04-22,882.4617,TARGET,1,132.1587,19.3672,112.7915,0.15,-0.00332,0.230279,12,False
trap,TEJASNET,2025-03-24,2025-03-25,828.1232,2025-03-26,770.1546,STOP,1,-57.9686,19.3087,-77.2773,-0.093113,-0.102033,0.0,2,False
trap,TEJASNET,2026-02-27,2026-03-02,421.4,2026-03-02,494.6417,TARGET,2,146.4833,19.787,126.6964,0.15,0.0,0.0,1,False
trap,TEJASNET,2026-03-02,2026-03-04,480.0,2026-03-09,446.4,STOP,2,-67.2,19.8467,-87.0467,-0.090476,-0.128021,0.097917,4,False
trap,TEJASNET,2026-05-07,2026-05-08,538.4,2026-05-11,500.712,STOP,1,-37.688,18.1266,-55.8146,-0.103441,-0.154903,0.0,2,False
trap,TEMPSENS,2026-10-07,2026-10-08,573.9,2026-10-09,576.4,TIME,1,2.5,18.3584,-15.8584,-0.027572,-0.039902,0.016031,2,False
trap,THANGAMAYL,2018-12-28,2018-12-31,177.7123,2019-01-07,175.5657,MOMENTUM_FAIL,5,-10.7333,19.6601,-30.3934,-0.034131,-0.044032,0.036498,6,False
trap,THANGAMAYL,2019-05-24,2019-05-27,154.6529,2019-05-31,143.8272,STOP,6,-64.9542,19.7158,-84.67,-0.091048,-0.077612,0.029552,5,False
trap,THANGAMAYL,2020-02-05,2020-02-06,185.3954,2020-02-18,229.6934,TARGET,5,221.49,20.2951,201.1949,0.216571,0.0,0.238938,9,False
trap,THANGAMAYL,2020-02-06,2020-02-07,197.3488,2020-03-02,214.5524,TIME,5,86.0178,20.2716,65.7462,0.066484,-0.046912,0.163896,16,False
trap,THANGAMAYL,2020-07-22,2020-07-23,152.0078,2020-07-24,141.3673,STOP,6,-63.8433,19.6511,-83.4944,-0.091346,-0.08984,0.0,2,False
trap,THANGAMAYL,2020-07-28,2020-07-29,168.5004,2020-07-30,156.7053,STOP,5,-58.9751,19.3673,-78.3425,-0.092785,-0.100424,0.0,2,False
trap,THANGAMAYL,2020-09-25,2020-09-28,199.1736,2020-10-05,185.2315,STOP,5,-69.7108,19.9931,-89.7038,-0.08988,-0.078018,0.019624,5,False
trap,THANGAMAYL,2020-09-28,2020-09-29,200.1985,2020-10-05,186.1846,STOP,4,-56.0556,19.1972,-75.2527,-0.093768,-0.082738,0.004762,4,False
trap,THANGAMAYL,2021-05-24,2021-05-25,360.934,2021-05-25,424.8115,TARGET,2,127.7551,19.2382,108.5169,0.15,0.0,0.0,1,False
trap,THANGAMAYL,2021-05-26,2021-05-27,418.7392,2021-05-28,389.4275,STOP,2,-58.6235,19.3468,-77.9703,-0.092898,-0.07931,0.0,2,False
trap,TIINDIA,2020-05-29,2020-06-01,368.5305,2020-06-22,423.3843,TIME,2,109.7076,19.2656,90.442,0.122439,0.0,0.164562,16,False
trap,TIINDIA,2020-06-01,2020-06-02,394.5712,2020-06-09,383.0855,MOMENTUM_FAIL,2,-22.9714,19.2153,-42.1868,-0.053342,-0.036261,0.043915,6,False
trap,TIMKEN,2019-05-23,2019-05-24,633.4699,2019-06-17,618.4296,TIME,1,-15.0403,18.5742,-33.6145,-0.052948,-0.029068,0.072115,16,False
trap,TIMKEN,2020-04-01,2020-04-03,742.1341,2020-04-29,819.1396,TIME,1,77.0055,19.2204,57.785,0.077693,0.0,0.150806,16,False
trap,TITAGARH,2019-09-24,2019-09-25,53.4089,2019-10-01,49.6703,STOP,18,-67.2953,19.8523,-87.1475,-0.090452,-0.13806,0.021455,5,False
trap,TITAGARH,2019-11-13,2019-11-14,48.5264,2019-12-03,45.1296,STOP,20,-67.937,19.8897,-87.8266,-0.090296,-0.104723,0.075976,14,False
trap,TITAGARH,2020-01-09,2020-01-10,59.2381,2020-01-10,55.0914,STOP,16,-66.3467,19.797,-86.1437,-0.090689,0.0,0.0,1,False
trap,TITAGARH,2020-09-30,2020-10-01,46.6332,2020-10-06,43.3689,STOP,21,-68.5508,19.9254,-88.4762,-0.09015,-0.081197,0.0,3,False
trap,TITAGARH,2021-08-03,2021-08-04,91.7717,2021-08-05,85.3477,STOP,10,-64.2402,19.6742,-83.9144,-0.091239,-0.092834,0.0,2,False
trap,TITAGARH,2022-01-11,2022-01-12,117.8285,2022-01-18,109.5805,STOP,8,-65.984,19.7758,-85.7598,-0.090781,-0.093869,0.00296,5,False
trap,TITAGARH,2023-07-20,2023-07-21,620.3309,2023-08-11,662.6296,TIME,1,42.2987,18.6354,23.6633,0.038063,0.0,0.122801,16,False
trap,TITAGARH,2023-11-17,2023-11-20,967.1598,2023-12-12,1008.5881,TIME,1,41.4283,20.0981,21.3302,0.022006,-0.022938,0.106392,16,False
trap,TITAGARH,2025-05-19,2025-05-20,937.3572,2025-05-27,936.7587,MOMENTUM_FAIL,1,-0.5985,19.8867,-20.4853,-0.021807,-0.068753,0.007876,6,False
trap,TMPV,2019-04-02,2019-04-03,199.7175,2019-04-26,210.0444,TIME,4,41.3075,19.3873,21.9202,0.027379,-0.033415,0.167561,16,False
trap,TMPV,2019-10-29,2019-10-30,170.4906,2019-11-06,170.0035,MOMENTUM_FAIL,5,-2.4354,19.5245,-21.9599,-0.025705,-0.034571,0.026571,6,False
trap,TMPV,2019-10-30,2019-10-31,165.4246,2019-11-22,158.1665,TIME,6,-43.5482,20.0323,-63.5805,-0.063918,-0.054476,0.053592,16,False
trap,TMPV,2020-04-30,2020-05-04,84.7582,2020-05-05,78.8251,STOP,11,-65.2638,19.7339,-84.9977,-0.090967,-0.075862,0.0,2,False
trap,TMPV,2020-06-08,2020-06-09,114.4235,2020-06-10,106.4139,STOP,8,-64.0772,19.6647,-83.7419,-0.091283,-0.076203,0.0,2,False
trap,TMPV,2020-11-18,2020-11-19,166.9833,2020-11-26,169.2728,MOMENTUM_FAIL,5,11.4472,19.4787,-8.0315,-0.009599,-0.034131,0.031505,6,False
trap,TMPV,2021-01-12,2021-01-13,236.6409,2021-01-21,277.2791,TARGET,4,162.5528,20.2578,142.295,0.15,-0.017703,0.230959,7,False
trap,TMPV,2021-02-03,2021-02-04,320.5223,2021-02-11,316.6254,MOMENTUM_FAIL,3,-11.6908,19.9664,-31.6571,-0.032851,-0.049848,0.031155,6,False
trap,TMPV,2021-10-14,2021-10-18,493.9356,2021-10-20,459.3601,STOP,2,-69.151,19.9604,-89.1114,-0.090009,-0.070513,0.020513,3,False
trap,TORNTPOWER,2019-06-26,2019-06-27,235.8152,2019-07-18,256.0519,TIME,4,80.9467,20.0777,60.869,0.06439,-0.000535,0.119358,16,False
trap,TORNTPOWER,2023-11-29,2023-11-30,893.7964,2023-12-21,872.0037,TIME,1,-21.7928,19.6596,-41.4524,-0.046277,-0.066595,0.124597,16,False
trap,TRENT,2020-02-10,2020-02-11,696.2052,2020-03-04,679.4586,TIME,1,-16.7465,18.8356,-35.5821,-0.050997,-0.038544,0.148751,16,False
trap,TRENT,2020-06-23,2020-06-24,663.9045,2020-06-30,617.4312,STOP,1,-46.4733,18.6387,-65.112,-0.09786,-0.091916,0.058383,5,False
trap,TRIDENT,2018-04-03,2018-04-04,5.598,2018-04-25,5.5493,TIME,178,-8.6711,20.1198,-28.7909,-0.02883,-0.026831,0.084119,16,False
trap,TRIDENT,2018-08-06,2018-08-07,5.8332,2018-08-07,5.4249,STOP,171,-69.8234,19.9996,-89.823,-0.089854,0.0,0.0,1,False
trap,TRIDENT,2018-10-15,2018-10-16,5.8537,2018-10-17,5.444,STOP,170,-69.6592,19.9901,-89.6492,-0.089891,-0.103521,0.0,2,False
trap,TRIDENT,2018-10-16,2018-10-17,5.627,2018-10-19,5.2331,STOP,177,-69.7183,19.9935,-89.7118,-0.089878,-0.082051,0.0,2,False
trap,TRIDENT,2019-12-16,2019-12-17,7.3076,2019-12-17,6.7961,STOP,136,-69.5688,19.9848,-89.5535,-0.089912,0.0,0.0,1,False
trap,TRIDENT,2020-04-16,2020-04-17,5.2191,2020-04-17,4.8538,STOP,191,-69.7793,19.9971,-89.7763,-0.089864,0.0,0.0,1,False
trap,TRIDENT,2020-06-04,2020-06-05,7.0798,2020-06-05,6.5842,STOP,140,-69.3822,19.9739,-89.3561,-0.089955,0.0,0.0,1,False
trap,TRIDENT,2020-10-05,2020-10-06,7.7152,2020-10-06,7.1751,STOP,129,-69.6681,19.9906,-89.6587,-0.089889,0.0,0.0,1,False
trap,TRIDENT,2023-08-22,2023-08-23,35.981,2023-08-30,35.3121,MOMENTUM_FAIL,27,-18.0622,19.9953,-38.0575,-0.039089,-0.031873,0.014608,6,False
trap,TRIDENT,2024-01-09,2024-01-10,46.8279,2024-01-16,43.55,STOP,21,-68.837,19.9421,-88.7792,-0.090082,-0.102041,0.0,5,False
trap,TRITURBINE,2019-05-20,2019-05-21,109.5972,2019-05-28,104.0697,MOMENTUM_FAIL,9,-49.7477,19.9936,-69.7413,-0.07055,-0.06913,0.0,6,False
trap,TRITURBINE,2019-07-31,2019-08-01,96.255,2019-08-26,95.4925,TIME,10,-7.6241,19.9788,-27.6029,-0.028614,-0.058416,0.059406,16,False
trap,TRITURBINE,2019-08-01,2019-08-02,92.5858,2019-08-27,96.3503,TIME,10,37.6442,19.916,17.7282,0.019106,-0.021102,0.10139,16,False
trap,TRITURBINE,2019-09-23,2019-09-24,102.116,2019-10-01,99.5905,MOMENTUM_FAIL,9,-22.7295,19.7643,-42.4938,-0.046136,-0.076062,0.0,6,False
trap,TRITURBINE,2020-04-29,2020-04-30,75.6637,2020-05-04,68.7677,GAP_STOP,13,-89.6469,19.9008,-109.5477,-0.111128,-0.13924,0.0,2,False
trap,TRITURBINE,2020-04-30,2020-05-04,68.7677,2020-05-08,63.4521,GAP_STOP,14,-74.4186,19.8436,-94.2623,-0.097696,-0.094011,0.044568,5,False
trap,TRITURBINE,2020-07-06,2020-07-07,79.7821,2020-07-08,74.0355,GAP_STOP,12,-68.9593,19.8321,-88.7914,-0.092541,-0.117647,0.0,2,False
trap,TRITURBINE,2021-10-01,2021-10-04,170.9079,2021-10-11,162.0245,MOMENTUM_FAIL,5,-44.4167,19.4478,-63.8646,-0.074573,-0.0613,0.042655,6,False
trap,TRITURBINE,2024-02-06,2024-02-07,419.6577,2024-02-28,458.2455,TIME,2,77.1756,19.6311,57.5445,0.068412,-0.020862,0.168324,16,False
trap,TRITURBINE,2024-02-07,2024-02-08,466.8081,2024-02-12,434.1315,STOP,2,-65.3531,19.7391,-85.0922,-0.090944,-0.112741,0.0,3,False
trap,TRITURBINE,2024-11-26,2024-11-27,823.3256,2024-11-29,765.6928,STOP,1,-57.6328,19.2891,-76.9219,-0.093224,-0.090311,0.003289,3,False
trap,TRITURBINE,2025-03-07,2025-03-10,594.1917,2025-03-10,552.5982,STOP,1,-41.5934,18.3543,-59.9477,-0.100669,0.0,0.0,1,False
trap,TRITURBINE,2026-04-20,2026-04-21,572.9125,2026-04-28,579.6392,MOMENTUM_FAIL,1,6.7267,18.3628,-11.6361,-0.020266,-0.038094,0.026265,6,False
trap,TTML,2018-07-27,2018-07-30,5.0713,2018-07-31,4.7163,STOP,196,-69.5785,19.9853,-89.5638,-0.08991,-0.075472,0.0,2,False
trap,TTML,2019-11-11,2019-11-13,3.1,2019-11-13,2.883,STOP,321,-69.657,19.9899,-89.6469,-0.089892,0.0,0.0,1,False
trap,TTML,2020-02-05,2020-02-06,2.7,2020-02-06,2.511,STOP,369,-69.741,19.9948,-89.7358,-0.089873,0.0,0.0,1,False
trap,TTML,2022-06-10,2022-06-13,137.6,2022-06-15,127.968,STOP,7,-67.424,19.8598,-87.2838,-0.090421,-0.081032,0.042151,3,False
trap,TTML,2022-09-02,2022-09-05,137.0,2022-09-06,127.41,STOP,7,-67.13,19.8426,-86.9726,-0.090493,-0.116058,0.0,2,False
trap,TTML,2023-06-08,2023-06-09,79.45,2023-06-16,77.95,MOMENTUM_FAIL,12,-18.0,19.919,-37.919,-0.039686,-0.054751,0.044682,6,False
trap,TTML,2023-06-09,2023-06-12,80.25,2023-06-19,75.95,MOMENTUM_FAIL,12,-51.6,19.8912,-71.4912,-0.074076,-0.064174,0.029283,6,False
trap,TTML,2024-07-18,2024-07-19,98.85,2024-07-23,91.9305,STOP,10,-69.195,19.963,-89.158,-0.089998,-0.140111,0.112797,3,False
trap,TTML,2024-07-19,2024-07-22,99.99,2024-07-23,92.9907,STOP,9,-62.9937,19.6016,-82.5953,-0.091581,-0.149915,0.085109,2,False
trap,TTML,2024-11-26,2024-11-27,82.88,2024-12-04,79.85,MOMENTUM_FAIL,12,-36.36,20.0554,-56.4154,-0.0566,-0.069619,0.000241,6,False
trap,TTML,2024-11-27,2024-11-28,81.5,2024-12-05,80.0,MOMENTUM_FAIL,12,-18.0,20.0229,-38.0229,-0.038793,-0.053865,0.017178,6,False
trap,TTML,2025-01-20,2025-01-21,80.5,2025-01-22,74.865,STOP,12,-67.62,19.8712,-87.4912,-0.090373,-0.07677,0.0,2,False
trap,TTML,2025-05-22,2025-05-23,75.75,2025-05-30,72.91,MOMENTUM_FAIL,13,-36.92,20.0129,-56.9328,-0.057688,-0.046601,0.036304,6,False
trap,TTML,2026-04-02,2026-04-06,36.5,2026-04-10,42.7438,TARGET,27,168.5827,20.4345,148.1482,0.15,0.0,0.225479,5,False
trap,TVSMOTOR,2019-09-23,2019-09-24,412.4852,2019-09-25,383.6113,STOP,2,-57.7479,19.2958,-77.0437,-0.093186,-0.086118,0.0,2,False
trap,TVSMOTOR,2020-04-09,2020-04-13,298.4066,2020-04-15,277.5182,STOP,3,-62.6654,19.5824,-82.2478,-0.091674,-0.108795,0.0,2,False
trap,TVSMOTOR,2021-04-28,2021-04-29,637.384,2021-05-05,592.7671,STOP,1,-44.6169,18.5305,-63.1474,-0.098857,-0.075767,0.0,5,False
trap,UCOBANK,2018-11-06,2018-11-07,20.8588,2018-11-12,19.3987,STOP,47,-68.6256,19.9298,-88.5554,-0.090132,-0.071759,0.00463,3,False
trap,UCOBANK,2019-11-21,2019-11-22,19.5552,2019-11-25,18.1863,STOP,51,-69.8119,19.999,-89.8109,-0.089856,-0.120988,0.0,2,False
trap,UCOBANK,2020-04-21,2020-04-22,14.437,2020-04-24,12.9402,GAP_STOP,69,-103.2803,19.9259,-123.2062,-0.123412,-0.153846,0.0,3,False
trap,UCOBANK,2020-04-22,2020-04-23,14.2922,2020-04-24,12.9402,GAP_STOP,69,-93.2855,19.9041,-113.1896,-0.114528,-0.14527,0.0,2,False
trap,UCOBANK,2020-06-26,2020-06-29,15.4993,2020-06-29,14.4143,STOP,64,-69.4368,19.9771,-89.4139,-0.089942,0.0,0.0,1,False
trap,UCOBANK,2022-11-22,2022-11-23,20.2794,2022-12-01,18.8599,STOP,49,-69.5585,19.9842,-89.5426,-0.089914,-0.083333,0.069048,7,False
trap,UCOBANK,2022-12-14,2022-12-15,31.7711,2022-12-20,29.5471,STOP,31,-68.9433,19.9483,-88.8916,-0.090057,-0.077508,0.159575,4,False
trap,UCOBANK,2022-12-15,2022-12-16,34.8613,2022-12-19,32.421,STOP,28,-68.3282,19.9125,-88.2406,-0.090202,-0.083103,0.044321,2,False
trap,UCOBANK,2023-09-18,2023-09-20,44.2285,2023-09-21,41.1325,STOP,22,-68.1118,19.8999,-88.0117,-0.090254,-0.10262,0.012009,2,False
trap,UCOBANK,2024-02-05,2024-02-06,57.3135,2024-02-07,67.1284,TARGET,17,166.8528,20.3838,146.469,0.15,-0.007582,0.188711,2,False
trap,UCOBANK,2024-02-06,2024-02-07,57.7481,2024-02-07,67.6303,TARGET,17,167.9969,20.4173,147.5796,0.15,0.0,0.0,1,False
trap,UCOBANK,2024-02-07,2024-02-08,67.5981,2024-02-08,62.8662,STOP,14,-66.2461,19.7911,-86.0373,-0.090714,0.0,0.0,1,False
trap,UNIONBANK,2018-10-30,2018-10-31,63.7552,2018-11-22,67.3624,TIME,15,54.1079,20.0782,34.0297,0.035506,-0.0125,0.113158,16,False
trap,UNIONBANK,2020-06-23,2020-06-24,30.6193,2020-06-24,28.4759,STOP,32,-68.5872,19.9276,-88.5147,-0.090141,0.0,0.0,1,False
trap,UNIONBANK,2021-02-18,2021-02-19,36.2817,2021-02-19,33.742,STOP,27,-68.5725,19.9267,-88.4992,-0.090144,0.0,0.0,1,False
trap,UNIONBANK,2021-10-13,2021-10-14,37.3723,2021-11-08,43.7739,TARGET,26,166.4424,20.3718,146.0706,0.15,-0.003367,0.222222,16,False
trap,UNIONBANK,2022-11-09,2022-11-10,57.5568,2022-11-21,67.4093,TARGET,17,167.4932,20.4026,147.0907,0.15,-0.046154,0.179231,8,False
trap,UNIONBANK,2022-12-27,2022-12-28,73.2742,2023-01-04,71.3261,MOMENTUM_FAIL,13,-25.325,19.9006,-45.2256,-0.047374,-0.066465,0.010272,6,False
trap,UNOMINDA,2018-05-23,2018-05-24,212.4837,2018-05-31,207.2283,MOMENTUM_FAIL,4,-21.0212,19.476,-40.4973,-0.047544,-0.057252,0.012214,6,False
trap,UNOMINDA,2019-02-20,2019-02-21,159.2629,2019-02-28,157.4036,MOMENTUM_FAIL,6,-11.1555,19.9422,-31.0976,-0.032472,-0.06298,0.023042,6,False
trap,UNOMINDA,2020-03-25,2020-03-26,121.2229,2020-03-27,112.7373,STOP,8,-67.8848,19.8866,-87.7715,-0.090309,-0.088884,0.130998,2,False
trap,UNOMINDA,2020-04-20,2020-04-21,138.6247,2020-04-21,128.9209,STOP,7,-67.9261,19.889,-87.8151,-0.090299,0.0,0.0,1,False
trap,UNOMINDA,2020-08-20,2020-08-21,170.6251,2020-09-01,158.6813,STOP,5,-59.7188,19.4107,-79.1295,-0.09255,-0.071852,0.081683,8,False
trap,UNOMINDA,2021-02-08,2021-02-09,294.4313,2021-02-16,281.501,MOMENTUM_FAIL,3,-38.7909,19.5807,-58.3716,-0.06594,-0.061662,0.025469,6,False
trap,UNOMINDA,2024-06-06,2024-06-07,994.4843,2024-06-20,1181.5348,TARGET,1,187.0506,20.51,166.5405,0.167099,-0.056957,0.189189,9,False
trap,UPL,2020-03-25,2020-03-26,277.1447,2020-04-15,325.3857,TARGET,3,144.7231,19.7354,124.9878,0.15,-0.014429,0.28104,11,False
trap,UPL,2020-04-30,2020-05-04,367.2168,2020-05-07,341.5116,STOP,2,-51.4104,18.9264,-70.3368,-0.095561,-0.072306,0.033304,4,False
trap,URBANCO,2026-08-24,2026-08-25,169.0,2026-09-01,167.63,MOMENTUM_FAIL,5,-6.85,19.484,-26.334,-0.031097,-0.029231,0.031598,6,False
trap,USHAMART,2018-04-03,2018-04-04,20.9915,2018-04-25,22.6136,TIME,47,76.2374,20.2511,55.9863,0.056623,0.0,0.163636,16,False
trap,USHAMART,2018-05-23,2018-05-24,23.9494,2018-05-30,22.2729,STOP,41,-68.7347,19.9362,-88.6709,-0.090106,-0.071713,0.0,5,False
trap,USHAMART,2018-06-08,2018-06-11,26.0008,2018-06-12,30.9148,TARGET,38,186.7289,20.4821,166.2468,0.167894,0.0,0.20367,2,False
trap,USHAMART,2018-10-30,2018-10-31,30.5331,2018-11-02,35.7604,TARGET,32,167.2754,20.3962,146.8792,0.15,0.0,0.225,3,False
trap,USHAMART,2018-10-31,2018-11-01,31.4395,2018-11-02,36.8234,TARGET,31,166.8986,20.3852,146.5135,0.15,0.0,0.189681,2,False
trap,USHAMART,2018-11-02,2018-11-05,36.258,2018-11-12,42.4644,TARGET,27,167.571,20.4049,147.1661,0.15,0.0,0.202631,5,False
trap,USHAMART,2019-02-20,2019-02-21,31.0102,2019-03-15,32.8708,TIME,32,59.5396,20.2413,39.2983,0.039516,-0.013846,0.138462,16,False
trap,USHAMART,2019-02-21,2019-02-22,32.346,2019-03-01,31.7258,MOMENTUM_FAIL,30,-18.6061,19.9895,-38.5956,-0.039687,-0.054572,0.033923,6,False
trap,USHAMART,2019-03-20,2019-03-22,36.926,2019-04-12,34.3411,STOP,27,-69.79,19.9977,-89.7877,-0.089861,-0.105943,0.136951,15,False
trap,USHAMART,2019-08-27,2019-08-28,26.955,2019-08-29,25.0681,STOP,37,-69.8134,19.999,-89.8125,-0.089856,-0.086726,0.0,2,False
trap,USHAMART,2019-08-28,2019-08-29,25.7623,2019-09-06,26.0962,MOMENTUM_FAIL,38,12.6903,20.0895,-7.3991,-0.007542,-0.027778,0.037037,6,False
trap,USHAMART,2020-03-31,2020-04-01,15.5051,2020-04-13,14.5509,MOMENTUM_FAIL,64,-61.0662,19.9957,-81.0619,-0.081511,-0.061538,0.021538,6,False
trap,USHAMART,2020-06-19,2020-06-22,19.0355,2020-07-13,17.7951,TIME,52,-64.5012,19.9782,-84.4795,-0.08516,-0.065163,0.125313,16,False
trap,USHAMART,2020-08-10,2020-08-11,21.4686,2020-08-24,25.1403,TARGET,46,168.9009,20.4438,148.457,0.15,-0.068889,0.175556,10,False
trap,USHAMART,2020-08-27,2020-08-28,29.5789,2020-08-28,27.5084,STOP,33,-68.3273,19.9124,-88.2398,-0.090203,0.0,0.0,1,False
trap,USHAMART,2020-12-16,2020-12-17,29.5789,2020-12-18,27.5084,STOP,33,-68.3273,19.9124,-88.2398,-0.090203,-0.103226,0.0,2,False
trap,USHAMART,2021-03-05,2021-03-08,34.5883,2021-03-09,32.1671,STOP,28,-67.793,19.8813,-87.6743,-0.090331,-0.074483,0.038621,2,False
trap,USHAMART,2021-03-08,2021-03-09,34.1112,2021-03-12,31.7234,STOP,29,-69.2457,19.966,-89.2117,-0.089987,-0.097902,0.0,3,False
trap,USHAMART,2021-05-03,2021-05-04,54.5779,2021-05-04,50.7574,STOP,18,-68.7681,19.9381,-88.7063,-0.090098,0.0,0.0,1,False
trap,USHAMART,2021-07-23,2021-07-26,65.4553,2021-07-28,60.8734,STOP,15,-68.7281,19.9358,-88.6638,-0.090108,-0.072157,0.048105,3,False
trap,USHAMART,2022-03-14,2022-03-15,103.4308,2022-03-30,121.2223,TARGET,9,160.1235,20.1866,139.9369,0.15,-0.031365,0.257841,11,False
trap,USHAMART,2022-03-15,2022-03-16,101.1409,2022-03-28,118.5777,TARGET,9,156.9318,20.0931,136.8387,0.15,0.0,0.177359,8,False
trap,USHAMART,2022-07-25,2022-07-26,143.4914,2022-07-29,133.447,STOP,6,-60.2664,19.4426,-79.709,-0.092381,-0.083784,0.030067,4,False
trap,USHAMART,2022-12-26,2022-12-27,167.4874,2023-01-17,178.0069,TIME,5,52.5973,19.5731,33.0242,0.039349,-0.022865,0.151954,16,False
trap,USHAMART,2022-12-27,2022-12-28,170.396,2023-01-18,184.6482,TIME,5,71.2609,19.6725,51.5883,0.060419,-0.039545,0.13229,16,False
trap,USHAMART,2024-10-11,2024-10-14,407.0617,2024-10-25,378.5674,STOP,2,-56.9886,19.2516,-76.2402,-0.093443,-0.080431,0.090953,10,False
trap,USHAMART,2024-10-14,2024-10-15,415.3822,2024-10-22,386.3055,STOP,2,-58.1535,19.3194,-77.473,-0.093052,-0.075501,0.051914,6,False
trap,UTIAMC,2022-03-02,2022-03-03,735.5507,2022-03-04,684.0622,STOP,1,-51.4885,18.931,-70.4195,-0.095528,-0.09008,0.0,2,False
trap,VBL,2019-11-06,2019-11-07,66.0656,2019-11-13,61.441,STOP,15,-69.3689,19.9731,-89.3421,-0.089958,-0.075902,0.017623,4,False
trap,VEDL,2020-04-09,2020-04-13,33.757,2020-04-30,39.5352,TARGET,29,167.5686,20.4048,147.1638,0.15,-0.054768,0.17268,13,False
trap,VEDL,2020-04-30,2020-05-04,35.9538,2020-05-11,34.627,MOMENTUM_FAIL,27,-35.8233,19.956,-55.7793,-0.057335,-0.067755,0.006655,6,False
trap,VEDL,2020-12-24,2020-12-28,77.8865,2021-01-18,80.8831,TIME,12,35.9588,19.9497,16.0091,0.017091,-0.039089,0.168052,16,False
trap,VEDL,2021-10-18,2021-10-19,193.1159,2021-10-20,179.5978,STOP,5,-67.5906,19.8695,-87.46,-0.09038,-0.081024,0.0,2,False
trap,VEDPOWER,2026-07-02,2026-07-03,49.0,2026-07-03,45.57,STOP,20,-68.6,19.9283,-88.5283,-0.090138,0.0,0.0,1,False
trap,VIJAYA,2022-05-16,2022-05-17,442.9369,2022-05-19,411.9313,STOP,2,-62.0112,19.5443,-81.5555,-0.091861,-0.08255,0.057047,3,False
trap,VIJAYA,2022-05-17,2022-05-18,450.8642,2022-05-19,419.3037,STOP,2,-63.121,19.609,-82.73,-0.091546,-0.098681,0.006264,2,False
trap,VIJAYA,2023-03-27,2023-03-28,432.125,2023-03-28,401.8763,STOP,2,-60.4975,19.4561,-79.9536,-0.09231,0.0,0.0,1,False
trap,VIJAYA,2023-06-21,2023-06-22,459.4433,2023-07-14,457.6552,TIME,2,-3.5761,19.8027,-23.3788,-0.025387,-0.030919,0.120865,16,False
trap,VIJAYA,2024-05-10,2024-05-13,790.2199,2024-06-04,783.9484,TIME,1,-6.2716,19.2539,-25.5255,-0.032231,-0.054422,0.063807,16,False
trap,VIRAT,2026-10-08,2026-10-09,406.0,2026-10-09,435.4,TIME,2,58.8,19.4784,39.3216,0.04832,0.0,0.0,1,False
trap,VOGL,2026-07-02,2026-07-03,45.58,2026-07-03,42.3894,STOP,21,-67.0026,19.8352,-86.8378,-0.090525,0.0,0.0,1,False
trap,VOLTAS,2020-06-02,2020-06-03,540.8494,2020-06-10,534.5234,MOMENTUM_FAIL,1,-6.3259,18.2008,-24.5268,-0.04525,-0.028125,0.049107,6,False
trap,VTL,2022-07-19,2022-07-20,306.2157,2022-07-27,293.8361,MOMENTUM_FAIL,3,-37.1388,19.7333,-56.8721,-0.061774,-0.056001,0.000472,6,False
trap,VTL,2025-04-03,2025-04-04,466.7234,2025-04-07,421.5361,GAP_STOP,2,-90.3747,19.6874,-110.0621,-0.117652,-0.099023,0.0,2,False
trap,VTL,2025-04-04,2025-04-07,421.5361,2025-04-21,499.5112,TARGET,2,155.9503,19.8074,136.1429,0.161132,0.0,0.184979,8,False
trap,VTL,2026-02-03,2026-02-04,507.5458,2026-02-11,474.7737,MOMENTUM_FAIL,1,-32.7721,18.0064,-50.7785,-0.099829,-0.075901,0.0,6,False
trap,WELCORP,2018-01-15,2018-01-16,161.9616,2018-01-16,150.6243,STOP,6,-68.0239,19.8947,-87.9186,-0.090275,0.0,0.0,1,False
trap,WELCORP,2018-08-21,2018-08-23,129.4928,2018-09-03,151.8272,TARGET,7,156.3405,20.0758,136.2647,0.15,0.0,0.177409,8,False
trap,WELCORP,2018-10-03,2018-10-04,117.8772,2018-10-04,109.6258,STOP,8,-66.0112,19.7774,-85.7887,-0.090774,0.0,0.0,1,False
trap,WELCORP,2020-02-07,2020-02-10,192.4148,2020-02-17,183.6325,MOMENTUM_FAIL,5,-43.9115,19.9029,-63.8144,-0.066185,-0.054568,0.049809,6,False
trap,WELCORP,2022-05-20,2022-05-23,232.9759,2022-05-23,216.6676,STOP,4,-65.2332,19.7321,-84.9653,-0.090975,0.0,0.0,1,False
trap,WELSPUNLIV,2018-04-23,2018-04-24,55.9055,2018-05-02,55.9521,MOMENTUM_FAIL,17,0.792,19.9446,-19.1526,-0.020108,-0.065833,0.021667,6,False
trap,WELSPUNLIV,2018-05-11,2018-05-14,61.729,2018-05-21,58.0951,MOMENTUM_FAIL,16,-58.1416,19.982,-78.1236,-0.078927,-0.09434,0.040755,6,False
trap,WELSPUNLIV,2020-04-20,2020-04-21,29.663,2020-04-22,27.5021,GAP_STOP,33,-71.3091,19.9181,-91.2272,-0.092992,-0.072848,0.0,2,False
trap,WELSPUNLIV,2021-09-23,2021-09-24,157.3943,2021-10-18,157.3943,TIME,6,0.0,19.9175,-19.9175,-0.021045,-0.0375,0.066875,16,False
trap,WELSPUNLIV,2023-05-02,2023-05-03,99.9127,2023-05-05,92.9188,STOP,9,-62.945,19.5987,-82.5437,-0.091595,-0.083375,0.00148,3,False
trap,WELSPUNLIV,2023-10-30,2023-10-31,152.8672,2023-11-07,146.9953,MOMENTUM_FAIL,6,-35.2315,19.7311,-54.9626,-0.059793,-0.054551,0.022918,6,False
trap,WELSPUNLIV,2026-02-03,2026-02-04,143.9235,2026-02-11,140.1358,MOMENTUM_FAIL,6,-22.7263,19.53,-42.2563,-0.048827,-0.05701,0.029651,6,False
trap,WELSPUNLIV,2026-02-04,2026-02-05,142.5144,2026-02-12,142.5144,MOMENTUM_FAIL,7,-0.0,20.1423,-20.1424,-0.020147,-0.052595,0.039832,6,False
trap,WHIRLPOOL,2026-09-23,2026-09-24,810.0,2026-09-25,951.4037,TARGET,1,141.4037,19.6381,121.7656,0.15,0.0,0.185185,2,False
trap,WHIRLPOOL,2026-09-24,2026-09-25,855.0,2026-10-09,816.75,TIME,1,-38.25,19.4623,-57.7123,-0.067353,-0.057076,0.10269,10,False
trap,WIPRO,2020-07-15,2020-07-16,119.6236,2020-08-06,127.439,TIME,8,62.5233,20.0981,42.4251,0.044235,-0.020952,0.10781,16,False
trap,WIPRO,2020-07-16,2020-07-17,117.8463,2020-08-07,126.4136,TIME,8,68.5387,20.0504,48.4884,0.05132,0.0,0.124517,16,False
trap,WOCKPHARMA,2019-09-11,2019-09-12,276.4578,2019-09-27,257.1057,STOP,3,-58.0561,19.3138,-77.3699,-0.093084,-0.09103,0.156385,12,False
trap,WOCKPHARMA,2019-09-12,2019-09-13,297.7982,2019-09-20,276.9523,STOP,3,-62.5376,19.575,-82.1126,-0.09171,-0.076768,0.073518,6,False
trap,WOCKPHARMA,2020-08-04,2020-08-05,312.8241,2020-08-07,290.9264,STOP,3,-65.6931,19.7589,-85.4519,-0.090856,-0.09194,0.0,3,False
trap,WOCKPHARMA,2020-11-23,2020-11-24,400.4443,2020-11-25,372.4132,STOP,2,-56.0622,19.1976,-75.2598,-0.093765,-0.10221,0.0,2,False
trap,WOCKPHARMA,2022-05-18,2022-05-19,272.0,2022-05-26,252.96,STOP,3,-57.12,19.2592,-76.3792,-0.093398,-0.084559,0.080147,6,False
trap,WOCKPHARMA,2023-06-19,2023-06-20,233.0,2023-06-23,216.69,STOP,4,-65.24,19.7325,-84.9725,-0.090973,-0.07618,0.019099,4,False
trap,WOCKPHARMA,2023-11-13,2023-11-15,280.0,2023-11-16,328.6832,TARGET,3,146.0497,19.7742,126.2755,0.15,-0.004107,0.203393,2,False
trap,WOCKPHARMA,2023-11-17,2023-11-20,325.9,2023-12-11,381.6916,TARGET,3,167.3747,20.3991,146.9756,0.15,-0.011967,0.224302,15,False
trap,WOCKPHARMA,2023-12-12,2023-12-13,400.0,2024-01-01,469.9275,TARGET,2,139.8551,19.5927,120.2623,0.15,-0.058875,0.1855,13,False
trap,WOCKPHARMA,2024-02-19,2024-02-20,553.0,2024-03-13,523.75,TIME,1,-29.25,18.2055,-47.4555,-0.085627,-0.052893,0.139241,16,False
trap,WOCKPHARMA,2024-02-20,2024-02-21,580.0,2024-03-12,539.4,STOP,1,-40.6,18.2964,-58.8964,-0.101324,-0.074224,0.086207,14,False
trap,WOCKPHARMA,2024-07-01,2024-07-02,832.0,2024-07-04,976.8108,TARGET,1,144.8108,19.7379,125.0728,0.15,-0.008413,0.195913,3,False
trap,WOCKPHARMA,2024-07-02,2024-07-03,852.05,2024-07-19,792.4065,STOP,1,-59.6435,19.4063,-79.0498,-0.092574,-0.092718,0.167772,12,False
trap,YESBANK,2018-10-03,2018-10-04,206.5664,2018-10-11,242.5471,TARGET,4,143.9228,19.7119,124.2108,0.15,-0.030086,0.284384,6,False
trap,YESBANK,2019-02-14,2019-02-15,223.8296,2019-02-18,198.2801,GAP_STOP,4,-102.198,19.5023,-121.7004,-0.135633,-0.114147,0.0,2,False
trap,YESBANK,2019-02-15,2019-02-18,198.2801,2019-02-27,232.1794,TARGET,5,169.4965,20.4613,149.0352,0.15,0.0,0.178109,8,False
trap,YESBANK,2019-09-11,2019-09-12,71.8,2019-09-13,66.774,STOP,13,-65.338,19.7382,-85.0762,-0.090948,-0.107242,0.0,2,False
trap,YESBANK,2019-10-17,2019-10-18,46.6,2019-10-22,54.5769,TARGET,21,167.5141,20.4032,147.1109,0.15,0.0,0.214592,2,False
trap,YESBANK,2019-10-31,2019-11-01,71.0,2019-11-01,66.03,STOP,14,-69.58,19.9854,-89.5654,-0.08991,0.0,0.0,1,False
trap,YESBANK,2019-11-01,2019-11-04,59.95,2019-11-04,70.2319,TARGET,16,164.5097,20.3152,144.1946,0.15,0.0,0.0,1,False
trap,YESBANK,2020-03-05,2020-03-06,33.15,2020-03-06,30.8295,STOP,30,-69.615,19.9875,-89.6025,-0.089901,0.0,0.0,1,False
trap,YESBANK,2020-03-11,2020-03-12,28.7,2020-03-12,26.691,STOP,34,-68.306,19.9112,-88.2172,-0.090208,0.0,0.0,1,False
trap,YESBANK,2020-03-12,2020-03-13,22.55,2020-03-13,26.405,TARGET,44,169.6203,20.4649,149.1554,0.15,0.0,0.0,1,False
trap,YESBANK,2020-03-18,2020-03-19,61.65,2020-03-19,57.3345,STOP,16,-69.048,19.9544,-89.0024,-0.090033,0.0,0.0,1,False
trap,YESBANK,2020-04-20,2020-04-21,29.4,2020-04-24,27.342,STOP,33,-67.914,19.8883,-87.8023,-0.090302,-0.105442,0.030612,4,False
trap,YESBANK,2020-04-21,2020-04-22,29.0,2020-04-24,26.97,STOP,34,-69.02,19.9528,-88.9728,-0.090039,-0.093103,0.031034,3,False
trap,YESBANK,2020-12-10,2020-12-11,20.75,2020-12-14,19.2975,STOP,48,-69.72,19.9936,-89.7136,-0.089877,-0.108434,0.0,2,False
trap,YESBANK,2021-09-16,2021-09-17,14.35,2021-09-17,13.3455,STOP,69,-69.3105,19.9697,-89.2802,-0.089972,0.0,0.0,1,False
trap,YESBANK,2022-04-07,2022-04-08,15.65,2022-04-12,14.5545,STOP,63,-69.0165,19.9526,-88.9691,-0.09004,-0.079872,0.003195,3,False
trap,YESBANK,2022-12-12,2022-12-13,21.5,2022-12-21,19.995,STOP,46,-69.23,19.965,-89.195,-0.08999,-0.086047,0.151163,7,False
trap,YESBANK,2022-12-13,2022-12-14,24.05,2022-12-14,22.3665,STOP,41,-69.0235,19.953,-88.9765,-0.090038,0.0,0.0,1,False
trap,YESBANK,2022-12-27,2022-12-28,20.15,2023-01-18,20.35,TIME,49,9.8,20.119,-10.319,-0.010428,-0.024814,0.111663,16,False
trap,YESBANK,2024-02-08,2024-02-09,30.2,2024-02-12,28.086,STOP,33,-69.762,19.996,-89.758,-0.089868,-0.072848,0.071192,2,False
trap,ZEEL,2019-01-29,2019-01-30,347.6002,2019-02-01,323.2682,STOP,2,-48.664,18.7664,-67.4304,-0.096783,-0.082632,0.052237,3,False
trap,ZEEL,2019-11-01,2019-11-04,278.0653,2019-11-11,282.1769,MOMENTUM_FAIL,3,12.3349,19.4775,-7.1426,-0.008544,-0.064296,0.023094,6,False
trap,ZEEL,2019-11-21,2019-11-22,317.8417,2019-11-26,295.5928,STOP,3,-66.7468,19.8203,-86.5671,-0.090588,-0.09186,0.031686,3,False
trap,ZEEL,2019-11-22,2019-11-25,327.0352,2019-11-26,304.1427,STOP,3,-68.6774,19.9328,-88.6102,-0.09012,-0.117389,0.0,2,False
trap,ZEEL,2020-04-07,2020-04-08,127.5063,2020-04-13,118.5809,STOP,7,-62.4781,19.5715,-82.0496,-0.091727,-0.072464,0.096377,3,False
trap,ZEEL,2020-04-08,2020-04-09,134.0664,2020-04-13,124.6818,STOP,7,-65.6925,19.7589,-85.4514,-0.090856,-0.11785,0.0,2,False
trap,ZEEL,2020-04-23,2020-04-24,139.333,2020-05-18,138.1318,TIME,7,-8.408,20.0312,-28.4392,-0.029095,-0.04874,0.146883,16,False
trap,ZEEL,2020-08-19,2020-08-20,180.1719,2020-09-10,211.2669,TARGET,5,155.4748,20.0504,135.4244,0.15,-0.03,0.175438,16,False
trap,ZEEL,2021-09-14,2021-09-15,245.5197,2021-09-17,228.3333,STOP,4,-68.7455,19.9368,-88.6823,-0.090104,-0.073982,0.003632,3,False
trap,ZEEL,2021-09-15,2021-09-16,240.216,2021-09-22,281.4078,TARGET,4,164.7674,20.3227,144.4447,0.15,-0.053537,0.388628,5,False
trap,ZEEL,2021-09-22,2021-09-23,321.9776,2021-09-23,299.4392,STOP,3,-67.6153,19.8709,-87.4862,-0.090374,0.0,0.0,1,False
trap,ZEEL,2021-09-23,2021-09-24,302.2647,2021-10-01,277.7174,MOMENTUM_FAIL,3,-73.6419,19.6089,-93.2509,-0.102611,-0.118013,0.018478,6,False
trap,ZEEL,2022-03-24,2022-03-25,284.4292,2022-03-29,264.5192,STOP,3,-59.7301,19.4113,-79.1415,-0.092547,-0.071452,0.0,3,False
trap,ZEEL,2022-03-25,2022-03-28,277.3889,2022-04-04,284.1945,MOMENTUM_FAIL,3,20.4168,19.4854,0.9314,0.001117,-0.047885,0.04467,6,False
trap,ZEEL,2023-07-17,2023-07-18,221.1008,2023-07-24,205.6237,STOP,4,-61.9082,19.5383,-81.4465,-0.091891,-0.073605,0.0,5,False
trap,ZEEL,2023-08-10,2023-08-11,272.343,2023-08-11,253.279,STOP,3,-57.192,19.2634,-76.4554,-0.093373,0.0,0.0,1,False
trap,ZEEL,2025-06-23,2025-06-24,143.297,2025-07-01,135.826,MOMENTUM_FAIL,6,-44.8258,19.4691,-64.2949,-0.074617,-0.056742,0.0,6,False
trap,ZEEL,2026-06-05,2026-06-08,110.3632,2026-06-10,102.6378,STOP,9,-69.5288,19.9825,-89.5113,-0.089921,-0.095133,0.0,3,False
trap,ZENSARTECH,2018-04-25,2018-04-26,211.4857,2018-05-18,216.9744,TIME,4,21.9548,19.5467,2.4081,0.00284,-0.045655,0.084193,16,False
trap,ZENSARTECH,2020-06-16,2020-06-17,128.0532,2020-06-22,119.0895,STOP,7,-62.7461,19.5871,-82.3332,-0.091651,-0.085076,0.020914,4,False
trap,ZENSARTECH,2020-06-17,2020-06-18,129.8235,2020-06-22,120.7359,STOP,7,-63.6135,19.6377,-83.2512,-0.091409,-0.097553,0.0,3,False
trap,ZENSARTECH,2020-12-09,2020-12-10,236.4513,2020-12-15,219.8997,STOP,4,-66.2064,19.7888,-85.9952,-0.090724,-0.078518,0.025149,4,False
trap,ZENSARTECH,2021-03-16,2021-03-17,305.8573,2021-03-17,284.4472,STOP,3,-64.23,19.6736,-83.9036,-0.091241,0.0,0.0,1,False
trap,ZENSARTECH,2021-09-15,2021-09-16,536.9832,2021-09-16,499.3944,STOP,1,-37.5888,18.1208,-55.7097,-0.103519,0.0,0.0,1,False
trap,ZENSARTECH,2023-05-15,2023-05-16,359.5948,2023-05-16,334.4231,STOP,2,-50.3433,18.8642,-69.2075,-0.09602,0.0,0.0,1,False
trap,ZENSARTECH,2024-06-06,2024-06-07,640.852,2024-07-01,716.7573,TIME,1,75.9054,18.7905,57.1148,0.088929,-0.022222,0.159259,16,False
trap,ZENSARTECH,2026-07-03,2026-07-06,501.8137,2026-07-06,466.6868,STOP,1,-35.127,17.9774,-53.1043,-0.105594,0.0,0.0,1,False
trap,ZENSARTECH,2026-07-13,2026-07-14,532.6157,2026-07-21,513.9,MOMENTUM_FAIL,1,-18.7157,18.1408,-36.8565,-0.069048,-0.066997,0.00779,6,False
trap,ZENTEC,2018-03-01,2018-03-05,135.6647,2018-03-06,126.1682,STOP,7,-66.4757,19.8045,-86.2802,-0.090656,-0.076505,0.003626,2,False
trap,ZENTEC,2018-06-20,2018-06-21,102.3142,2018-06-27,93.3617,GAP_STOP,9,-80.5725,19.6541,-100.2266,-0.108607,-0.112019,0.067308,5,False
trap,ZENTEC,2018-06-21,2018-06-22,104.7737,2018-06-26,96.5591,GAP_STOP,9,-73.9319,19.7611,-93.693,-0.099143,-0.090141,0.014084,3,False
trap,ZENTEC,2018-10-31,2018-11-01,67.4706,2018-11-07,62.7477,STOP,14,-66.1212,19.7838,-85.905,-0.090746,-0.080292,0.137956,5,False
trap,ZENTEC,2018-12-19,2018-12-20,75.6459,2019-01-11,74.7102,TIME,13,-12.1645,20.0576,-32.2221,-0.032695,-0.063151,0.104167,16,False
trap,ZENTEC,2020-06-09,2020-06-10,53.0162,2020-06-10,49.3051,STOP,18,-66.8004,19.8234,-86.6239,-0.090575,0.0,0.0,1,False
trap,ZENTEC,2020-06-17,2020-06-18,56.8774,2020-06-18,52.8959,STOP,17,-67.684,19.8749,-87.559,-0.090357,0.0,0.0,1,False
trap,ZENTEC,2020-07-14,2020-07-15,58.3624,2020-07-15,54.277,STOP,17,-69.4513,19.9779,-89.4292,-0.089939,0.0,0.0,1,False
trap,ZENTEC,2020-07-29,2020-07-30,58.4119,2020-08-04,68.3969,TARGET,17,169.7445,20.4685,149.276,0.15,-0.016949,0.193221,4,False
trap,ZENTEC,2020-08-04,2020-08-05,65.4906,2020-08-12,77.1235,TARGET,15,174.4934,20.4333,154.0601,0.156485,-0.032502,0.343916,6,False
trap,ZENTEC,2020-08-13,2020-08-14,88.9049,2020-08-31,82.6816,STOP,11,-68.4568,19.92,-88.3767,-0.090172,-0.107461,0.080178,12,False
trap,ZENTEC,2020-12-09,2020-12-10,91.1946,2020-12-17,87.511,MOMENTUM_FAIL,10,-36.8362,19.7056,-56.5419,-0.061866,-0.060044,0.012555,6,False
trap,ZENTEC,2021-08-27,2021-08-30,102.1685,2021-08-31,95.0167,STOP,9,-64.3661,19.6815,-84.0477,-0.091205,-0.079512,0.0,2,False
trap,ZENTEC,2023-07-13,2023-07-14,598.3398,2023-08-04,611.8025,TIME,1,13.4627,18.4839,-5.0212,-0.008374,-0.041667,0.091667,16,False
trap,ZENTEC,2023-08-08,2023-08-09,747.9249,2023-08-17,879.7153,TARGET,1,131.7904,19.3564,112.434,0.15,0.0,0.2152,6,False
trap,ZENTEC,2023-08-09,2023-08-10,825.6592,2023-09-01,828.9999,TIME,1,3.3408,19.4231,-16.0823,-0.019436,-0.053566,0.100791,16,False
trap,ZYDUSWELL,2018-02-08,2018-02-09,218.708,2018-03-06,247.7849,TIME,4,116.3077,19.8608,96.4469,0.110006,-0.00262,0.172203,16,False
trap,ZYDUSWELL,2018-08-27,2018-08-28,319.6635,2018-09-03,374.4892,TARGET,3,164.4773,20.3142,144.1631,0.15,-0.022364,0.209825,5,False
trap,ZYDUSWELL,2026-04-06,2026-04-07,500.9992,2026-04-29,499.4523,TIME,1,-1.5469,18.0423,-19.5892,-0.039015,-0.059761,0.100398,16,False
