strategy,symbol,signal_date,entry_date,entry_px,exit_date,exit_px,exit_reason,shares,gross_pnl,costs,net_pnl,net_pnl_pct,mae,mfe,sessions_held,ambiguous
recovered_after_rej,AADHARHFC,2025-09-22,2025-09-23,529.9,2025-09-30,510.25,MOMENTUM_FAIL,1,-19.65,18.1275,-37.7775,-0.071136,-0.043971,0.03378,6,False
recovered_after_rej,AADHARHFC,2026-06-22,2026-06-23,498.0,2026-07-15,513.75,TIME,2,31.5,20.1997,11.3003,0.011321,-0.018072,0.130522,16,False
recovered_after_rej,AARTIIND,2022-07-14,2022-07-15,719.4269,2022-08-05,803.8824,TIME,1,84.4555,19.1397,65.3158,0.090591,-0.001098,0.131801,16,False
recovered_after_rej,AARTIIND,2022-07-26,2022-07-27,737.4434,2022-08-19,804.5734,TIME,1,67.13,19.1805,47.9495,0.064879,0.0,0.125636,16,False
recovered_after_rej,ABDL,2025-09-17,2025-09-18,540.3215,2025-09-25,519.0557,MOMENTUM_FAIL,1,-21.2658,18.1682,-39.434,-0.072823,-0.044404,0.027523,6,False
recovered_after_rej,ABDL,2025-10-30,2025-10-31,634.506,2025-11-24,645.6594,TIME,1,11.1534,18.6319,-7.4785,-0.011761,-0.05,0.08875,16,False
recovered_after_rej,ABSLAMC,2023-09-12,2023-09-13,383.565,2023-09-21,392.0866,MOMENTUM_FAIL,2,17.0432,19.2039,-2.1607,-0.00281,-0.004492,0.028894,6,False
recovered_after_rej,ABSLAMC,2023-12-19,2023-12-20,439.1649,2023-12-28,439.8634,MOMENTUM_FAIL,2,1.397,19.6416,-18.2446,-0.020727,-0.024494,0.031916,6,False
recovered_after_rej,ABSLAMC,2024-04-19,2024-04-22,469.3398,2024-05-14,501.4704,TIME,2,64.2612,20.0244,44.2368,0.047024,0.0,0.129874,16,False
recovered_after_rej,ABSLAMC,2024-06-04,2024-06-05,493.6008,2024-06-11,578.0238,TARGET,2,168.8462,20.4422,148.404,0.15,0.0,0.184717,5,False
recovered_after_rej,ABSLAMC,2025-12-31,2026-01-01,787.1743,2026-01-22,755.3224,TIME,1,-31.8519,19.1889,-51.0408,-0.064699,-0.049449,0.069525,16,False
recovered_after_rej,ACE,2018-04-25,2018-04-26,175.933,2018-05-04,172.9397,MOMENTUM_FAIL,5,-14.9668,19.6139,-34.5807,-0.039225,-0.034029,0.042261,6,False
recovered_after_rej,ACE,2021-05-27,2021-05-28,162.0614,2021-06-08,189.8195,TARGET,6,166.549,20.3749,146.1741,0.15,-0.00122,0.187919,8,False
recovered_after_rej,ACE,2021-06-09,2021-06-10,182.7763,2021-06-15,214.2746,TARGET,5,157.4915,20.1095,137.382,0.15,0.0,0.340005,4,False
recovered_after_rej,ACE,2023-01-25,2023-01-27,323.8814,2023-02-09,379.3604,TARGET,3,166.4369,20.3716,146.0653,0.15,-0.038332,0.18062,10,False
recovered_after_rej,ACE,2026-04-13,2026-04-15,903.6403,2026-05-07,903.8898,TIME,1,0.2495,19.7461,-19.4966,-0.021529,-0.031205,0.054678,16,False
recovered_after_rej,ACUTAAS,2023-08-24,2023-08-25,652.4823,2023-09-15,644.5809,TIME,1,-7.9014,18.669,-26.5704,-0.040633,-0.064471,0.054836,16,False
recovered_after_rej,ACUTAAS,2024-04-12,2024-04-15,607.6226,2024-04-23,601.3715,MOMENTUM_FAIL,1,-6.2511,18.4829,-24.7341,-0.040618,-0.035987,0.028691,6,False
recovered_after_rej,ADANIENSOL,2018-07-26,2018-07-27,167.35,2018-08-03,168.35,MOMENTUM_FAIL,5,5.0,19.4733,-14.4733,-0.017259,-0.036451,0.047505,6,False
recovered_after_rej,ADANIENSOL,2019-03-19,2019-03-20,224.8,2019-03-28,217.75,MOMENTUM_FAIL,4,-28.2,19.6694,-47.8694,-0.053119,-0.073399,0.033585,6,False
recovered_after_rej,ADANIENT,2018-06-15,2018-06-18,83.9226,2018-06-25,80.1969,MOMENTUM_FAIL,11,-40.9825,19.7445,-60.727,-0.065639,-0.046652,0.01994,6,False
recovered_after_rej,ADANIENT,2018-09-03,2018-09-04,133.649,2018-09-06,156.627,TARGET,7,160.846,20.2078,140.6382,0.15,-0.024645,0.260507,3,False
recovered_after_rej,ADANIENT,2019-03-15,2019-03-18,140.5771,2019-03-26,136.5296,MOMENTUM_FAIL,7,-28.3326,20.0274,-48.3599,-0.049037,-0.063202,0.017205,6,False
recovered_after_rej,ADANIGREEN,2019-07-08,2019-07-09,44.7,2019-07-10,52.3481,TARGET,22,168.2575,20.425,147.8325,0.15,0.0,0.185682,2,False
recovered_after_rej,ADANIGREEN,2019-09-19,2019-09-20,50.5,2019-09-26,59.1609,TARGET,19,164.5562,20.3165,144.2397,0.15,0.0,0.19703,5,False
recovered_after_rej,ADANIGREEN,2019-09-27,2019-09-30,57.55,2019-10-07,67.4015,TARGET,17,167.4754,20.4021,147.0733,0.15,-0.044309,0.193745,5,False
recovered_after_rej,ADANIPORTS,2020-05-18,2020-05-19,289.7997,2020-06-10,334.9903,TIME,3,135.5719,19.8771,115.6948,0.132784,0.0,0.171948,16,False
recovered_after_rej,ADANIPORTS,2020-11-19,2020-11-20,368.2912,2020-12-04,433.3081,TARGET,2,130.0339,19.305,110.7289,0.15,-0.028084,0.202887,10,False
recovered_after_rej,ADANIPORTS,2022-08-23,2022-08-24,813.777,2022-09-01,821.1772,MOMENTUM_FAIL,1,7.4002,19.3812,-11.981,-0.014691,-0.02162,0.036555,6,False
recovered_after_rej,ADANIPOWER,2018-07-12,2018-07-13,3.89,2018-07-20,4.5548,TARGET,256,170.184,20.4814,149.7026,0.15,-0.030848,0.285347,6,False
recovered_after_rej,ADANIPOWER,2020-04-21,2020-04-22,6.2,2020-05-14,7.2599,TARGET,160,169.5893,20.464,149.1253,0.15,-0.064516,0.172581,16,False
recovered_after_rej,ADANIPOWER,2022-01-18,2022-01-19,22.14,2022-01-24,20.5902,STOP,45,-69.741,19.9948,-89.7358,-0.089873,-0.078591,0.047877,4,False
recovered_after_rej,ADANIPOWER,2022-08-05,2022-08-08,65.68,2022-08-18,77.9,TARGET,15,183.3,20.4632,162.8368,0.164922,0.0,0.216352,7,False
recovered_after_rej,ADANIPOWER,2026-02-10,2026-02-11,149.59,2026-02-13,139.1187,STOP,6,-62.8278,19.5919,-82.4197,-0.091628,-0.070125,0.007755,3,False
recovered_after_rej,ADANIPOWER,2026-06-01,2026-06-02,230.0,2026-06-09,226.14,MOMENTUM_FAIL,4,-15.44,19.7832,-35.2232,-0.038203,-0.026087,0.031087,6,False
recovered_after_rej,AEGISLOG,2020-11-19,2020-11-20,203.7942,2020-11-27,239.3455,TARGET,4,142.2054,19.6616,122.5438,0.15,-0.002969,0.187757,6,False
recovered_after_rej,AEGISLOG,2021-06-08,2021-06-09,337.857,2021-06-24,314.207,STOP,2,-47.3,18.6869,-65.9868,-0.097442,-0.073436,0.06889,12,False
recovered_after_rej,AEGISLOG,2021-11-26,2021-11-29,213.1411,2021-12-20,211.8738,TIME,4,-5.0691,19.5196,-24.5887,-0.028778,-0.066945,0.105484,16,False
recovered_after_rej,AEGISLOG,2022-11-03,2022-11-04,293.3737,2022-11-28,320.3849,TIME,3,81.0336,19.8113,61.2223,0.06941,-0.03415,0.123151,16,False
recovered_after_rej,AEGISLOG,2023-03-13,2023-03-14,357.6772,2023-03-21,357.629,MOMENTUM_FAIL,2,-0.0964,18.9504,-19.0468,-0.026568,-0.049906,0.048017,6,False
recovered_after_rej,AEGISLOG,2024-11-21,2024-11-22,787.6478,2024-12-13,767.2245,TIME,1,-20.4233,19.2142,-39.6375,-0.050214,-0.06398,0.149641,16,False
recovered_after_rej,AEGISLOG,2025-09-22,2025-09-23,770.3453,2025-09-30,761.6913,MOMENTUM_FAIL,1,-8.6539,19.1651,-27.819,-0.036034,-0.050488,0.015947,6,False
recovered_after_rej,AETHER,2024-06-20,2024-06-21,874.05,2024-07-12,886.4,TIME,1,12.35,19.6458,-7.2957,-0.008329,-0.021738,0.113209,16,False
recovered_after_rej,AETHER,2024-12-16,2024-12-17,873.15,2024-12-24,882.75,MOMENTUM_FAIL,1,9.6,19.6364,-10.0364,-0.011469,-0.006643,0.045811,6,False
recovered_after_rej,AFFLE,2020-11-10,2020-11-11,530.37,2020-11-20,628.4686,TARGET,1,98.0986,18.3692,79.7294,0.15,0.0,0.186342,8,False
recovered_after_rej,AIIL,2024-10-03,2024-10-04,351.1894,2024-10-11,360.0116,MOMENTUM_FAIL,2,17.6444,18.9317,-1.2873,-0.001829,-0.055164,0.041195,6,False
recovered_after_rej,AIIL,2024-10-11,2024-10-14,360.0116,2024-10-22,334.8107,STOP,2,-50.4016,18.8676,-69.2693,-0.095994,-0.100491,0.054589,7,False
recovered_after_rej,AJANTPHARM,2019-03-13,2019-03-14,617.8885,2019-03-22,616.1127,MOMENTUM_FAIL,1,-1.7758,18.5354,-20.3111,-0.0328,-0.009662,0.039342,6,False
recovered_after_rej,AJANTPHARM,2020-07-28,2020-07-29,899.85,2020-08-03,1055.1685,TARGET,1,155.3184,20.0458,135.2726,0.15,0.0,0.189655,4,False
recovered_after_rej,AMBUJACEM,2020-07-10,2020-07-13,176.9259,2020-07-20,175.5801,MOMENTUM_FAIL,5,-6.7289,19.6516,-26.3805,-0.029756,-0.058316,0.010142,6,False
recovered_after_rej,AMBUJACEM,2025-07-25,2025-07-28,608.8861,2025-08-04,602.2689,MOMENTUM_FAIL,1,-6.6173,18.4875,-25.1048,-0.041141,-0.037833,0.021082,6,False
recovered_after_rej,ANANTRAJ,2018-08-07,2018-08-08,16.7354,2018-08-16,16.7354,MOMENTUM_FAIL,59,0.0001,20.0992,-20.0991,-0.020311,-0.036145,0.046988,6,False
recovered_after_rej,ANANTRAJ,2020-01-13,2020-01-14,15.9852,2020-01-22,14.8662,STOP,62,-69.3758,19.9735,-89.3493,-0.089957,-0.083009,0.057069,7,False
recovered_after_rej,ANANTRAJ,2021-07-20,2021-07-22,67.5409,2021-07-29,65.5137,MOMENTUM_FAIL,14,-28.3811,19.8648,-48.246,-0.050912,-0.062958,0.027086,6,False
recovered_after_rej,ANANTRAJ,2022-01-13,2022-01-14,76.0128,2022-02-07,76.5575,TIME,13,7.0814,20.1169,-13.0355,-0.013163,-0.023453,0.120521,16,False
recovered_after_rej,ANANTRAJ,2022-10-18,2022-10-19,104.8818,2022-10-27,109.2994,MOMENTUM_FAIL,9,39.7587,19.9967,19.762,0.02089,-0.045906,0.049692,6,False
recovered_after_rej,ANANTRAJ,2024-02-13,2024-02-14,330.8263,2024-03-06,347.1062,TIME,3,48.8397,20.2201,28.6196,0.028774,0.0,0.097968,16,False
recovered_after_rej,ANANTRAJ,2025-01-10,2025-01-13,876.6027,2025-01-13,815.2405,STOP,1,-61.3622,19.5065,-80.8687,-0.092051,0.0,0.0,1,False
recovered_after_rej,ANGELONE,2021-04-23,2021-04-26,31.3432,2021-05-04,36.7121,TARGET,31,166.4361,20.3716,146.0645,0.15,0.0,0.318484,7,False
recovered_after_rej,ANGELONE,2021-10-06,2021-10-07,123.3494,2021-10-13,144.4473,TARGET,8,168.7832,20.4404,148.3428,0.15,-0.005739,0.242734,5,False
recovered_after_rej,ANGELONE,2023-06-02,2023-06-05,125.0528,2023-06-15,146.6996,TARGET,7,151.5273,19.9348,131.5925,0.15,0.0,0.19222,9,False
recovered_after_rej,ANGELONE,2023-10-23,2023-10-25,216.4701,2023-11-01,253.9845,TARGET,4,150.0577,19.8917,130.166,0.15,-0.005898,0.187206,6,False
recovered_after_rej,ANTHEM,2026-08-28,2026-08-31,900.1,2026-09-22,891.7,TIME,1,-8.4,19.7135,-28.1135,-0.031166,-0.01111,0.086046,16,False
recovered_after_rej,ANURAS,2023-11-08,2023-11-09,920.3774,2023-11-17,928.3997,MOMENTUM_FAIL,1,8.0223,19.8326,-11.8103,-0.012804,-0.029722,0.022955,6,False
recovered_after_rej,APLAPOLLO,2020-07-08,2020-07-09,168.9076,2020-07-16,167.1389,MOMENTUM_FAIL,5,-8.8434,19.478,-28.3214,-0.033462,-0.025596,0.043921,6,False
recovered_after_rej,APLAPOLLO,2022-04-07,2022-04-08,967.8531,2022-05-04,960.7293,TIME,1,-7.1238,20.0022,-27.126,-0.027966,-0.017259,0.116751,16,False
recovered_after_rej,APOLLOTYRE,2022-09-16,2022-09-19,271.6917,2022-09-26,261.8962,MOMENTUM_FAIL,3,-29.3864,19.3118,-48.6982,-0.059617,-0.059796,0.040626,6,False
recovered_after_rej,APOLLOTYRE,2022-11-10,2022-11-11,282.3949,2022-11-16,262.6273,STOP,3,-59.3029,19.3864,-78.6894,-0.092681,-0.071066,0.027411,4,False
recovered_after_rej,APTUS,2021-11-10,2021-11-11,329.4894,2021-11-18,330.4805,MOMENTUM_FAIL,3,2.9735,20.1098,-17.1363,-0.017298,-0.010171,0.049706,6,False
recovered_after_rej,APTUS,2022-01-11,2022-01-12,334.8227,2022-02-03,361.4896,TIME,2,53.3339,18.8661,34.4677,0.051359,-0.032986,0.113335,16,False
recovered_after_rej,ARE&M,2018-08-21,2018-08-23,788.7529,2018-08-30,768.2362,MOMENTUM_FAIL,1,-20.5167,19.2187,-39.7354,-0.050268,-0.030058,0.020174,6,False
recovered_after_rej,ARE&M,2023-02-06,2023-02-07,575.2789,2023-02-14,581.3487,MOMENTUM_FAIL,1,6.0698,18.3714,-12.3016,-0.021337,-0.016245,0.037096,6,False
recovered_after_rej,ARE&M,2023-04-24,2023-04-25,572.6294,2023-05-03,571.425,MOMENTUM_FAIL,1,-1.2044,18.3454,-19.5498,-0.034066,-0.004963,0.025826,6,False
recovered_after_rej,ASAHIINDIA,2019-12-31,2020-01-01,195.4602,2020-01-13,228.9228,TARGET,5,167.313,20.3973,146.9157,0.15,0.0,0.285714,9,False
recovered_after_rej,ASHOKLEY,2020-10-26,2020-10-27,35.4391,2020-11-17,41.4975,TARGET,28,169.6351,20.4653,149.1698,0.15,-0.006975,0.181357,16,False
recovered_after_rej,ASHOKLEY,2021-10-01,2021-10-04,59.3955,2021-10-26,64.7479,TIME,16,85.6381,20.1171,65.521,0.068795,-0.01711,0.138403,16,False
recovered_after_rej,ASHOKLEY,2021-10-19,2021-10-20,63.1218,2021-10-27,64.0704,MOMENTUM_FAIL,15,14.2279,19.9569,-5.729,-0.006038,-0.043292,0.040787,6,False
recovered_after_rej,ASTERDM,2019-11-15,2019-11-18,113.6648,2019-11-25,109.9263,MOMENTUM_FAIL,8,-29.9078,19.7087,-49.6164,-0.054445,-0.067774,0.0299,6,False
recovered_after_rej,ASTERDM,2021-04-12,2021-04-13,109.2088,2021-05-06,115.062,TIME,9,52.6785,20.1874,32.4911,0.032985,-0.057745,0.092324,16,False
recovered_after_rej,ASTERDM,2021-06-15,2021-06-16,119.7068,2021-06-23,115.8172,MOMENTUM_FAIL,8,-31.1163,19.9103,-51.0266,-0.053167,-0.066246,0.025237,6,False
recovered_after_rej,ASTERDM,2023-05-29,2023-05-30,196.3644,2023-06-14,229.967,TARGET,5,168.0131,20.4178,147.5953,0.15,-0.012308,0.172692,12,False
recovered_after_rej,ASTERDM,2025-07-10,2025-07-11,599.1725,2025-07-18,591.0716,MOMENTUM_FAIL,1,-8.1009,18.4435,-26.5444,-0.044205,-0.022727,0.025133,6,False
recovered_after_rej,ASTERDM,2026-04-28,2026-04-29,710.1,2026-05-21,759.25,TIME,1,49.15,19.0284,30.1216,0.042326,-0.035065,0.093578,16,False
recovered_after_rej,ASTRAL,2019-06-06,2019-06-07,567.7451,2019-06-28,589.0242,TIME,1,21.2791,18.3706,2.9085,0.005112,-0.015141,0.079812,16,False
recovered_after_rej,ASTRAL,2020-01-29,2020-01-30,664.7744,2020-02-06,665.4411,MOMENTUM_FAIL,1,0.6667,18.7383,-18.0716,-0.027125,-0.062108,0.040709,6,False
recovered_after_rej,ASTRAL,2020-08-25,2020-08-26,644.9258,2020-08-31,599.781,STOP,1,-45.1448,18.5612,-63.706,-0.098565,-0.072414,0.067241,4,False
recovered_after_rej,ASTRAL,2020-11-11,2020-11-12,684.3195,2020-11-17,806.2597,TARGET,1,121.9401,19.0678,102.8723,0.15,0.0,0.258812,4,False
recovered_after_rej,ATGL,2019-12-06,2019-12-09,150.3026,2019-12-16,150.8998,MOMENTUM_FAIL,6,3.5835,19.7452,-16.1616,-0.017882,0.0,0.04404,6,False
recovered_after_rej,ATGL,2020-01-06,2020-01-07,165.0342,2020-01-24,153.4818,STOP,6,-69.3144,19.97,-89.2843,-0.089971,-0.102835,0.076297,14,False
recovered_after_rej,ATGL,2020-08-31,2020-09-01,171.4162,2020-09-10,201.1552,TARGET,5,148.695,19.8518,128.8432,0.15,0.0,0.228305,8,False
recovered_after_rej,ATGL,2026-03-16,2026-03-17,525.5165,2026-04-10,580.8472,TIME,1,55.3307,18.2616,37.069,0.070384,-0.044227,0.126688,16,False
recovered_after_rej,AUBANK,2020-11-12,2020-11-13,412.5343,2020-12-07,446.6554,TIME,2,68.2422,19.5528,48.6895,0.058884,-0.004819,0.139157,16,False
recovered_after_rej,AUBANK,2020-11-23,2020-11-24,439.8709,2020-12-02,440.691,MOMENTUM_FAIL,2,1.6402,19.648,-18.0078,-0.020425,-0.066667,0.00565,6,False
recovered_after_rej,AUROPHARMA,2020-02-14,2020-02-17,497.7308,2020-02-19,582.7935,TARGET,2,170.1254,20.4797,149.6457,0.15,-0.063586,0.179886,3,False
recovered_after_rej,AUROPHARMA,2021-04-12,2021-04-13,890.3916,2021-05-06,979.6638,TIME,1,89.2722,19.8714,69.4008,0.077774,-0.018646,0.132919,16,False
recovered_after_rej,AUROPHARMA,2022-08-03,2022-08-04,553.7446,2022-08-29,531.9615,TIME,1,-21.7831,18.2238,-40.0069,-0.07209,-0.05251,0.075116,16,False
recovered_after_rej,AVANTIFEED,2020-01-06,2020-01-07,539.4663,2020-01-15,638.9736,TARGET,1,99.5073,18.4105,81.0968,0.15,-0.002385,0.20954,7,False
recovered_after_rej,AVANTIFEED,2021-04-26,2021-04-27,455.757,2021-05-04,439.3404,MOMENTUM_FAIL,2,-32.8331,19.712,-52.5451,-0.05752,-0.04449,0.036735,6,False
recovered_after_rej,AVANTIFEED,2023-06-01,2023-06-02,366.5324,2023-06-09,363.5835,MOMENTUM_FAIL,2,-5.8979,19.0133,-24.9112,-0.033908,-0.012198,0.035167,6,False
recovered_after_rej,AVANTIFEED,2024-01-08,2024-01-09,425.9123,2024-01-12,499.8528,TARGET,2,147.8809,19.8279,128.053,0.15,-0.011569,0.318816,4,False
recovered_after_rej,AVANTIFEED,2024-12-20,2024-12-23,614.3529,2025-01-13,571.3482,STOP,1,-43.0047,18.4365,-61.4412,-0.099791,-0.091775,0.136789,15,False
recovered_after_rej,AVANTIFEED,2026-01-05,2026-01-06,853.8184,2026-01-08,794.0511,STOP,1,-59.7673,19.4135,-79.1808,-0.092535,-0.07927,0.030689,3,False
recovered_after_rej,AWL,2024-07-31,2024-08-01,348.0817,2024-08-23,374.9911,TIME,2,53.8189,18.9791,34.8398,0.049936,-0.019148,0.154473,16,False
recovered_after_rej,AXISBANK,2018-07-31,2018-08-01,547.1091,2018-08-24,635.9584,TIME,1,88.8494,18.4211,70.4283,0.128447,-0.02089,0.171026,16,False
recovered_after_rej,AXISBANK,2019-09-25,2019-09-26,683.2182,2019-10-04,653.1671,MOMENTUM_FAIL,1,-30.0511,18.7537,-48.8048,-0.071278,-0.058112,0.037576,6,False
recovered_after_rej,BAJAJFINSV,2018-05-28,2018-05-29,598.3698,2018-06-05,574.6314,MOMENTUM_FAIL,1,-23.7384,18.4083,-42.1467,-0.070282,-0.054374,0.024553,6,False
recovered_after_rej,BAJFINANCE,2023-10-09,2023-10-10,791.6946,2023-10-17,795.4294,MOMENTUM_FAIL,1,3.7349,19.2805,-15.5456,-0.019593,-0.012284,0.014649,6,False
recovered_after_rej,BALRAMCHIN,2018-09-21,2018-09-24,72.1892,2018-09-27,67.136,STOP,13,-65.6922,19.7588,-85.451,-0.090856,-0.073511,0.095057,4,False
recovered_after_rej,BALRAMCHIN,2021-04-12,2021-04-13,219.7112,2021-04-15,257.7276,TARGET,4,152.0655,19.9505,132.1149,0.15,0.0,0.198238,2,False
recovered_after_rej,BALRAMCHIN,2021-04-19,2021-04-20,241.9727,2021-05-03,283.4366,TARGET,4,165.8556,20.3546,145.501,0.15,-0.0096,0.3156,9,False
recovered_after_rej,BALRAMCHIN,2021-10-07,2021-10-08,364.8948,2021-10-20,339.3522,STOP,2,-51.0853,18.9075,-69.9928,-0.095699,-0.124536,0.055703,8,False
recovered_after_rej,BALRAMCHIN,2022-07-22,2022-07-25,370.8698,2022-08-01,382.2587,MOMENTUM_FAIL,2,22.7778,19.1083,3.6695,0.004936,-0.035171,0.048294,6,False
recovered_after_rej,BALRAMCHIN,2026-08-25,2026-08-26,675.0,2026-09-17,675.7,TIME,1,0.7,18.7816,-18.0816,-0.026729,-0.056593,0.099259,16,False
recovered_after_rej,BANDHANBNK,2023-09-20,2023-09-21,238.3273,2023-10-13,234.6712,TIME,4,-14.6243,19.9255,-34.5498,-0.036163,-0.026386,0.060544,16,False
recovered_after_rej,BANDHANBNK,2024-06-27,2024-06-28,197.1355,2024-07-22,192.9823,TIME,5,-20.7663,20.0497,-40.816,-0.041319,-0.060089,0.061326,16,False
recovered_after_rej,BANDHANBNK,2025-06-13,2025-06-16,172.0729,2025-06-23,177.044,MOMENTUM_FAIL,5,24.8556,19.6135,5.2421,0.00608,-0.005138,0.037225,6,False
recovered_after_rej,BANDHANBNK,2026-09-28,2026-09-29,181.2,2026-10-05,168.516,STOP,5,-63.42,19.6264,-83.0464,-0.091463,-0.072572,0.017494,4,False
recovered_after_rej,BANKBARODA,2019-03-22,2019-03-25,102.1043,2019-04-16,112.4091,TIME,9,92.744,19.999,72.7449,0.078989,-0.001261,0.154752,16,False
recovered_after_rej,BANKBARODA,2021-10-19,2021-10-20,76.5138,2021-11-03,89.591,TARGET,13,170.0042,20.4762,149.5281,0.15,0.0,0.171156,11,False
recovered_after_rej,BANKBARODA,2021-10-22,2021-10-25,82.0097,2021-11-16,83.0832,TIME,12,12.8812,20.1116,-7.2304,-0.007331,-0.026178,0.13089,16,False
recovered_after_rej,BANKBARODA,2026-06-10,2026-06-11,266.2,2026-07-03,252.2,TIME,3,-42.0,19.2165,-61.2166,-0.076488,-0.060857,0.078888,16,False
recovered_after_rej,BANKINDIA,2022-02-04,2022-02-07,48.5193,2022-02-14,44.3909,MOMENTUM_FAIL,20,-82.5678,19.8593,-102.4271,-0.105323,-0.087719,0.026316,6,False
recovered_after_rej,BANKINDIA,2025-02-03,2025-02-04,98.072,2025-02-11,94.5865,MOMENTUM_FAIL,10,-34.8555,20.0001,-54.8555,-0.055812,-0.040495,0.049452,6,False
recovered_after_rej,BANKINDIA,2026-06-11,2026-06-12,144.0,2026-06-19,146.57,MOMENTUM_FAIL,6,15.42,19.6096,-4.1896,-0.004838,0.0,0.048611,6,False
recovered_after_rej,BBOX,2019-11-13,2019-11-14,23.9149,2019-12-05,24.9313,TIME,41,41.6718,20.155,21.5168,0.021897,-0.040833,0.107083,16,False
recovered_after_rej,BBOX,2020-07-22,2020-07-23,63.3845,2020-08-13,64.5703,TIME,15,17.7868,19.9808,-2.194,-0.002303,-0.065084,0.123565,16,False
recovered_after_rej,BBOX,2022-05-19,2022-05-20,160.2299,2022-06-10,150.4148,TIME,6,-58.8905,19.8695,-78.76,-0.081745,-0.066542,0.075871,16,False
recovered_after_rej,BDL,2020-11-13,2020-11-14,145.1273,2020-11-23,144.916,MOMENTUM_FAIL,6,-1.2681,19.6042,-20.8723,-0.023918,-0.016181,0.019418,6,False
recovered_after_rej,BDL,2021-05-28,2021-05-31,170.2151,2021-06-21,168.5153,TIME,5,-8.4989,19.5063,-28.0052,-0.032834,-0.028833,0.062166,16,False
recovered_after_rej,BDL,2021-07-23,2021-07-26,186.9733,2021-08-16,181.2037,TIME,5,-28.848,19.8187,-48.6667,-0.051944,-0.060179,0.099104,16,False
recovered_after_rej,BDL,2022-10-31,2022-11-01,468.3784,2022-11-09,478.2634,MOMENTUM_FAIL,2,19.77,19.9257,-0.1557,-0.000166,-0.015008,0.04742,6,False
recovered_after_rej,BDL,2024-04-18,2024-04-19,882.001,2024-04-25,1034.5553,TARGET,1,152.5542,19.9648,132.5894,0.15,0.0,0.179286,5,False
recovered_after_rej,BEL,2021-05-14,2021-05-17,45.0324,2021-06-07,47.7749,TIME,22,60.3339,20.2361,40.0978,0.040385,-0.015917,0.107266,16,False
recovered_after_rej,BEL,2025-05-07,2025-05-08,308.05,2025-05-16,361.0772,TARGET,3,159.0816,20.1561,138.9255,0.15,-0.017713,0.19533,7,False
recovered_after_rej,BELRISE,2025-08-21,2025-08-22,144.4008,2025-09-01,137.2681,MOMENTUM_FAIL,6,-42.7964,19.5012,-62.2977,-0.071747,-0.058998,0.045941,6,False
recovered_after_rej,BELRISE,2026-06-11,2026-06-12,224.4572,2026-07-06,221.7638,TIME,4,-10.7739,19.6991,-30.473,-0.033867,-0.023067,0.12,16,False
recovered_after_rej,BEML,2019-05-31,2019-06-03,389.092,2019-06-11,380.6976,MOMENTUM_FAIL,2,-16.7889,19.1817,-35.9705,-0.046123,-0.03727,0.0341,6,False
recovered_after_rej,BEML,2020-08-14,2020-08-17,283.193,2020-08-24,290.0829,MOMENTUM_FAIL,3,20.67,19.5594,1.1106,0.001304,-0.003618,0.047524,6,False
recovered_after_rej,BEML,2021-10-19,2021-10-20,638.7322,2021-11-11,660.3967,TIME,1,21.6645,18.6711,2.9933,0.004676,-0.02767,0.083838,16,False
recovered_after_rej,BEML,2023-06-26,2023-06-27,774.3473,2023-07-05,778.966,MOMENTUM_FAIL,1,4.6187,19.209,-14.5904,-0.018801,-0.007132,0.035094,6,False
recovered_after_rej,BERGEPAINT,2018-05-23,2018-05-24,221.547,2018-06-14,225.1991,TIME,4,14.6083,19.7016,-5.0933,-0.005735,-0.016484,0.095503,16,False
recovered_after_rej,BERGEPAINT,2018-08-13,2018-08-14,256.8292,2018-09-06,247.6867,TIME,3,-27.4275,19.1275,-46.555,-0.060291,-0.038551,0.087828,16,False
recovered_after_rej,BERGEPAINT,2018-12-24,2018-12-26,260.2227,2019-01-02,261.3405,MOMENTUM_FAIL,3,3.3534,19.2332,-15.8797,-0.020297,-0.002301,0.027616,6,False
recovered_after_rej,BERGEPAINT,2025-10-20,2025-10-21,535.7054,2025-10-29,540.9657,MOMENTUM_FAIL,1,5.2603,18.2027,-12.9424,-0.024107,-0.006762,0.015285,6,False
recovered_after_rej,BERGEPAINT,2026-05-11,2026-05-12,486.3282,2026-06-03,492.3329,TIME,2,12.0092,20.0614,-8.0522,-0.008261,0.0,0.102755,16,False
recovered_after_rej,BERGEPAINT,2026-06-24,2026-06-25,530.2963,2026-07-03,515.5576,MOMENTUM_FAIL,1,-14.7387,18.1391,-32.8779,-0.061864,-0.050814,0.010481,6,False
recovered_after_rej,BHARTIARTL,2021-07-26,2021-07-27,517.1043,2021-08-17,593.4193,TIME,1,76.315,18.2688,58.0462,0.112007,-0.014566,0.179919,16,False
recovered_after_rej,BHEL,2018-08-28,2018-08-29,72.6766,2018-09-21,67.5892,STOP,13,-66.1357,19.7847,-85.9203,-0.090742,-0.119159,0.072762,16,False
recovered_after_rej,BHEL,2023-08-25,2023-08-28,106.1442,2023-09-01,124.3559,TARGET,9,163.9054,20.2974,143.608,0.15,0.0,0.283708,5,False
recovered_after_rej,BIOCON,2020-09-08,2020-09-09,405.3824,2020-09-30,442.6577,TIME,2,74.5507,19.5052,55.0455,0.067745,-0.009512,0.131463,16,False
recovered_after_rej,BIOCON,2025-06-18,2025-06-19,342.1328,2025-06-26,349.6139,MOMENTUM_FAIL,2,14.9621,18.8497,-3.8876,-0.005669,0.0,0.040816,6,False
recovered_after_rej,BIRET,2023-12-12,2023-12-13,207.0687,2023-12-20,206.1038,MOMENTUM_FAIL,4,-3.8593,19.4195,-23.2788,-0.028044,-0.007632,0.028319,6,False
recovered_after_rej,BLS,2020-12-08,2020-12-09,21.3933,2020-12-22,19.8958,STOP,46,-68.8865,19.945,-88.8316,-0.09007,-0.142776,0.080774,10,False
recovered_after_rej,BLS,2022-12-15,2022-12-16,192.4265,2022-12-22,178.9566,STOP,5,-67.3493,19.8554,-87.2047,-0.090439,-0.107143,0.039286,5,False
recovered_after_rej,BLS,2023-12-29,2024-01-01,315.2843,2024-01-12,369.4318,TARGET,3,162.4427,20.2546,142.1881,0.15,-0.012035,0.184745,10,False
recovered_after_rej,BLUESTARCO,2020-08-07,2020-08-10,241.0934,2020-08-24,282.4212,TARGET,4,165.3109,20.3386,144.9723,0.15,0.0,0.18,11,False
recovered_after_rej,BLUESTARCO,2020-12-01,2020-12-02,379.1918,2020-12-23,380.2284,TIME,2,2.0733,19.1365,-17.0632,-0.02245,-0.035923,0.092319,16,False
recovered_after_rej,BLUESTARCO,2023-11-08,2023-11-09,936.9602,2023-11-17,956.3405,MOMENTUM_FAIL,1,19.3803,19.9257,-0.5454,-0.000581,-0.035842,0.041,6,False
recovered_after_rej,BPCL,2023-12-29,2024-01-01,204.8587,2024-01-08,202.8967,MOMENTUM_FAIL,4,-7.8482,19.374,-27.2223,-0.033148,-0.024597,0.012843,6,False
recovered_after_rej,BRIGADE,2019-10-01,2019-10-03,147.8721,2019-10-15,137.5211,STOP,6,-62.1063,19.5498,-81.6561,-0.091834,-0.076485,0.063366,8,False
recovered_after_rej,BRIGADE,2020-12-07,2020-12-08,168.5297,2020-12-30,181.3122,TIME,5,63.9125,19.6182,44.2943,0.052451,-0.039126,0.114754,16,False
recovered_after_rej,BRIGADE,2022-03-22,2022-03-23,386.8124,2022-03-30,389.2157,MOMENTUM_FAIL,2,4.8066,19.2064,-14.3998,-0.018573,-0.033932,0.021793,6,False
recovered_after_rej,BSE,2020-09-04,2020-09-07,54.6299,2020-09-28,57.148,TIME,18,45.3273,20.1744,25.1529,0.025523,-0.028476,0.158095,16,False
recovered_after_rej,BSE,2023-06-08,2023-06-09,182.2555,2023-06-16,185.9104,MOMENTUM_FAIL,5,18.2743,19.815,-1.5407,-0.001687,-0.017023,0.039216,6,False
recovered_after_rej,BSOFT,2018-12-24,2018-12-26,118.239,2019-01-02,118.2664,MOMENTUM_FAIL,8,0.2191,19.9245,-19.7055,-0.020787,-0.001852,0.03125,6,False
recovered_after_rej,BSOFT,2020-12-11,2020-12-14,186.9086,2020-12-22,219.0468,TARGET,5,160.6912,20.2033,140.4879,0.15,-0.038385,0.173353,7,False
recovered_after_rej,BSOFT,2021-07-20,2021-07-22,378.6448,2021-07-29,377.5733,MOMENTUM_FAIL,2,-2.1429,19.1233,-21.2662,-0.028021,-0.028051,0.029282,6,False
recovered_after_rej,BSOFT,2025-06-27,2025-06-30,421.4384,2025-07-07,420.2257,MOMENTUM_FAIL,2,-2.4254,19.4841,-21.9095,-0.025937,-0.006791,0.026703,6,False
recovered_after_rej,BSOFT,2026-02-06,2026-02-09,429.4084,2026-02-13,399.3498,STOP,2,-60.1172,19.4339,-79.5511,-0.092427,-0.14171,0.08778,5,False
recovered_after_rej,CAMS,2022-09-19,2022-09-20,464.7645,2022-09-27,451.7688,MOMENTUM_FAIL,2,-25.9914,19.802,-45.7934,-0.049158,-0.036987,0.042728,6,False
recovered_after_rej,CAMS,2026-04-27,2026-04-28,753.6822,2026-05-20,773.9127,TIME,1,20.2305,19.1536,1.0769,0.001426,-0.058553,0.111711,16,False
recovered_after_rej,CANBK,2020-06-08,2020-06-09,17.1136,2020-06-30,17.0205,TIME,58,-5.3998,20.1102,-25.5099,-0.025644,-0.065282,0.170129,16,False
recovered_after_rej,CANBK,2021-06-01,2021-06-02,26.9145,2021-06-09,26.3643,MOMENTUM_FAIL,37,-20.3551,20.0934,-40.4485,-0.040529,-0.035535,0.042453,6,False
recovered_after_rej,CANFINHOME,2018-02-16,2018-02-19,470.1424,2018-03-13,502.471,TIME,2,64.6573,20.032,44.6253,0.047356,-0.032149,0.100417,16,False
recovered_after_rej,CANFINHOME,2021-07-20,2021-07-22,505.2716,2021-08-12,501.7621,TIME,1,-3.5095,18.0563,-21.5658,-0.042589,-0.039422,0.084851,16,False
recovered_after_rej,CANFINHOME,2022-12-07,2022-12-08,528.809,2022-12-15,516.9084,MOMENTUM_FAIL,1,-11.9006,18.1386,-30.0393,-0.056682,-0.027133,0.028493,6,False
recovered_after_rej,CANFINHOME,2023-01-25,2023-01-27,537.4465,2023-02-03,554.8176,MOMENTUM_FAIL,1,17.3711,18.2347,-0.8636,-0.001603,-0.069643,0.0375,6,False
recovered_after_rej,CANFINHOME,2023-12-06,2023-12-07,764.9382,2023-12-12,711.3926,STOP,1,-53.5457,19.0509,-72.5966,-0.094698,-0.076478,0.011321,4,False
recovered_after_rej,CANFINHOME,2025-10-08,2025-10-09,782.2641,2025-10-16,791.2132,MOMENTUM_FAIL,1,8.9491,19.2513,-10.3022,-0.013141,-0.01936,0.014897,6,False
recovered_after_rej,CAPLIPOINT,2021-09-17,2021-09-20,851.6452,2021-10-11,856.3017,TIME,1,4.6565,19.5355,-14.879,-0.017433,-0.021066,0.072867,16,False
recovered_after_rej,CAPLIPOINT,2023-04-24,2023-04-25,649.5434,2023-05-17,699.0721,TIME,1,49.5288,18.7735,30.7553,0.047246,-0.018513,0.097572,16,False
recovered_after_rej,CARBORUNIV,2021-12-30,2021-12-31,926.813,2022-01-21,871.2179,TIME,1,-55.5951,19.7302,-75.3253,-0.081096,-0.069568,0.095934,16,False
recovered_after_rej,CARBORUNIV,2023-01-06,2023-01-09,889.0227,2023-01-31,958.9559,TIME,1,69.9331,19.8263,50.1069,0.056239,-0.002051,0.089639,16,False
recovered_after_rej,CARTRADE,2024-09-17,2024-09-18,967.75,2024-10-07,900.0075,STOP,1,-67.7425,19.8783,-87.6208,-0.090343,-0.133144,0.068768,13,False
recovered_after_rej,CASTROLIND,2023-07-18,2023-07-19,109.4527,2023-08-04,128.1768,TARGET,9,168.5167,20.4326,148.0842,0.15,-0.007274,0.171516,13,False
recovered_after_rej,CASTROLIND,2024-07-02,2024-07-03,189.2692,2024-07-04,221.773,TARGET,5,162.5191,20.2568,142.2622,0.15,0.0,0.180999,2,False
recovered_after_rej,CCL,2024-02-02,2024-02-05,632.6283,2024-02-12,631.4985,MOMENTUM_FAIL,1,-1.1298,18.5989,-19.7288,-0.031117,-0.026398,0.044953,6,False
recovered_after_rej,CDSL,2019-09-18,2019-09-19,93.6597,2019-10-14,96.4618,TIME,10,28.0208,19.9418,8.079,0.008607,-0.027425,0.091997,16,False
recovered_after_rej,CDSL,2020-05-22,2020-05-26,110.4022,2020-06-16,129.2733,TARGET,9,169.8401,20.4713,149.3688,0.15,0.0,0.175973,16,False
recovered_after_rej,CDSL,2020-07-13,2020-07-14,134.5001,2020-07-27,157.6099,TARGET,7,161.7687,20.2348,141.5339,0.15,-0.005382,0.25625,10,False
recovered_after_rej,CEMPRO,2020-11-23,2020-11-24,52.7243,2020-12-16,57.5889,TIME,18,87.5625,20.1156,67.447,0.070914,-0.008388,0.155638,16,False
recovered_after_rej,CEMPRO,2021-10-12,2021-10-13,83.6129,2021-10-29,77.76,STOP,11,-64.3819,19.6825,-84.0644,-0.091201,-0.072984,0.139494,12,False
recovered_after_rej,CEMPRO,2024-01-15,2024-01-16,298.4397,2024-02-08,331.4674,TIME,3,99.0832,19.9122,79.171,0.088235,-0.032901,0.163177,16,False
recovered_after_rej,CEMPRO,2024-10-07,2024-10-08,611.5698,2024-10-15,572.5197,MOMENTUM_FAIL,1,-39.0501,18.4328,-57.4829,-0.093787,-0.067675,0.027168,6,False
recovered_after_rej,CEMPRO,2025-09-19,2025-09-22,776.0141,2025-10-14,763.7953,TIME,1,-12.2187,19.1818,-31.4005,-0.040376,-0.020566,0.103663,16,False
recovered_after_rej,CENTRALBK,2022-10-31,2022-11-01,19.6621,2022-11-09,23.0264,TARGET,50,168.2121,20.4236,147.7884,0.15,-0.014706,0.20098,6,False
recovered_after_rej,CENTRALBK,2023-06-23,2023-06-26,27.0836,2023-07-18,29.8787,TIME,36,100.6239,20.2518,80.372,0.082252,-0.014235,0.161922,16,False
recovered_after_rej,CENTRALBK,2023-08-21,2023-08-22,33.5413,2023-09-11,39.2861,TARGET,29,166.6,20.3764,146.2236,0.15,-0.020115,0.212644,15,False
recovered_after_rej,CENTRALBK,2023-12-08,2023-12-11,45.4446,2024-01-02,49.2517,TIME,21,79.9497,20.1224,59.8272,0.062553,-0.020148,0.124072,16,False
recovered_after_rej,CESC,2020-07-10,2020-07-13,46.7037,2020-07-20,44.3317,MOMENTUM_FAIL,21,-49.8111,19.9699,-69.7809,-0.070993,-0.052756,0.030709,6,False
recovered_after_rej,CESC,2021-05-10,2021-05-11,50.7499,2021-06-02,54.0052,TIME,19,61.8509,20.1274,41.7234,0.043176,-0.00031,0.096874,16,False
recovered_after_rej,CESC,2021-07-20,2021-07-22,65.0277,2021-07-29,65.813,MOMENTUM_FAIL,15,11.7803,20.0726,-8.2924,-0.008483,-0.016908,0.026993,6,False
recovered_after_rej,CESC,2022-09-08,2022-09-09,68.747,2022-09-16,66.3095,MOMENTUM_FAIL,14,-34.1256,19.9244,-54.05,-0.056036,-0.045673,0.041466,6,False
recovered_after_rej,CESC,2024-08-30,2024-09-02,177.1102,2024-09-09,172.0744,MOMENTUM_FAIL,5,-25.1785,19.6179,-44.7965,-0.050476,-0.06878,0.035541,6,False
recovered_after_rej,CESC,2025-05-06,2025-05-07,148.8052,2025-05-28,155.8303,TIME,6,42.1506,19.7858,22.3649,0.024995,-0.018872,0.109781,16,False
recovered_after_rej,CESC,2025-10-17,2025-10-20,163.2659,2025-11-12,165.7021,TIME,6,14.6172,20.0961,-5.4789,-0.005581,0.0,0.094183,16,False
recovered_after_rej,CGCL,2025-06-13,2025-06-16,164.6033,2025-07-07,164.9726,TIME,6,2.2161,20.1047,-17.8886,-0.018073,-0.011522,0.109157,16,False
recovered_after_rej,CGCL,2026-08-27,2026-08-28,244.8196,2026-09-07,286.7244,TARGET,4,167.6192,20.4063,147.2129,0.15,-0.01102,0.17413,7,False
recovered_after_rej,CGPOWER,2022-01-06,2022-01-07,196.6796,2022-01-12,182.912,STOP,5,-68.8379,19.9422,-88.78,-0.090082,-0.074837,0.019839,4,False
recovered_after_rej,CGPOWER,2022-04-04,2022-04-05,185.3194,2022-04-28,194.6051,TIME,5,46.4286,19.9371,26.4916,0.028528,-0.013859,0.170842,16,False
recovered_after_rej,CGPOWER,2023-01-16,2023-01-17,299.6129,2023-01-24,295.7109,MOMENTUM_FAIL,3,-11.7059,19.7015,-31.4074,-0.034866,-0.030663,0.039565,6,False
recovered_after_rej,CGPOWER,2023-05-10,2023-05-11,314.4598,2023-05-25,368.4797,TARGET,3,162.0597,20.2434,141.8163,0.15,0.0,0.184086,11,False
recovered_after_rej,CHAMBLFERT,2018-02-27,2018-02-28,133.1853,2018-03-08,124.9381,MOMENTUM_FAIL,7,-57.7299,19.749,-77.479,-0.082924,-0.069624,0.040357,6,False
recovered_after_rej,CHAMBLFERT,2021-11-26,2021-11-29,330.4368,2021-12-20,334.7747,TIME,3,13.0136,20.1423,-7.1287,-0.007175,-0.042496,0.147923,16,False
recovered_after_rej,CHAMBLFERT,2022-08-03,2022-08-04,292.1209,2022-08-29,315.8241,TIME,3,71.1096,19.7752,51.3344,0.058449,-0.025052,0.09629,16,False
recovered_after_rej,CHAMBLFERT,2023-05-11,2023-05-12,273.0182,2023-06-02,260.0063,TIME,3,-39.0356,19.3089,-58.3445,-0.071079,-0.058684,0.061058,16,False
recovered_after_rej,CHAMBLFERT,2023-11-13,2023-11-15,288.5766,2023-11-22,296.9942,MOMENTUM_FAIL,3,25.2528,19.6369,5.6159,0.006473,-0.001318,0.047462,6,False
recovered_after_rej,CHAMBLFERT,2024-04-08,2024-04-09,358.8659,2024-04-18,347.5949,MOMENTUM_FAIL,2,-22.542,18.9147,-41.4567,-0.057635,-0.052611,0.024914,6,False
recovered_after_rej,CHAMBLFERT,2025-02-11,2025-02-12,507.6843,2025-02-19,519.0951,MOMENTUM_FAIL,1,11.4108,18.0969,-6.6861,-0.013141,-0.019714,0.041905,6,False
recovered_after_rej,CHAMBLFERT,2026-02-13,2026-02-16,447.6221,2026-02-23,448.7075,MOMENTUM_FAIL,2,2.1708,19.7145,-17.5438,-0.019554,-0.022374,0.023917,6,False
recovered_after_rej,CHAMBLFERT,2026-05-29,2026-06-01,463.7549,2026-06-08,442.7379,MOMENTUM_FAIL,2,-42.034,19.7608,-61.7947,-0.066479,-0.052872,0.002128,6,False
recovered_after_rej,CHENNPETRO,2018-12-21,2018-12-24,235.6881,2019-01-11,219.1899,STOP,4,-65.9927,19.7764,-85.769,-0.090779,-0.07751,0.062079,14,False
recovered_after_rej,CHENNPETRO,2020-11-25,2020-11-26,71.1495,2020-12-09,84.0668,TARGET,14,180.842,20.5042,160.3378,0.160615,-0.001175,0.232668,9,False
recovered_after_rej,CHENNPETRO,2021-06-24,2021-06-25,121.3555,2021-07-02,119.2654,MOMENTUM_FAIL,8,-16.7213,19.9953,-36.7166,-0.037737,-0.03927,0.045815,6,False
recovered_after_rej,CHENNPETRO,2021-09-20,2021-09-21,94.9775,2021-10-07,111.2825,TARGET,10,163.0502,20.2724,142.7778,0.15,-0.017165,0.224912,13,False
recovered_after_rej,CHENNPETRO,2023-04-21,2023-04-24,221.784,2023-04-27,260.1213,TARGET,4,153.3495,19.9881,133.3613,0.15,-0.026775,0.207748,4,False
recovered_after_rej,CHENNPETRO,2025-07-10,2025-07-11,691.7465,2025-07-25,643.3242,STOP,1,-48.4223,18.7523,-67.1745,-0.096897,-0.079127,0.090996,11,False
recovered_after_rej,CHENNPETRO,2026-03-02,2026-03-04,860.9383,2026-03-17,1010.2306,TARGET,1,149.2923,19.8693,129.4231,0.15,-0.040029,0.19004,10,False
recovered_after_rej,CHOICEIN,2024-06-04,2024-06-05,339.8,2024-06-26,400.4046,TARGET,2,121.2092,19.0464,102.1629,0.15,0.0,0.32784,15,False
recovered_after_rej,CHOLAFIN,2020-02-10,2020-02-11,331.2001,2020-02-18,322.7356,MOMENTUM_FAIL,3,-25.3937,20.0737,-45.4674,-0.04566,-0.043091,0.013224,6,False
recovered_after_rej,CHOLAHLDNG,2019-03-13,2019-03-14,498.5757,2019-03-22,474.3893,MOMENTUM_FAIL,2,-48.3727,20.0419,-68.4146,-0.06846,-0.083475,0.0,6,False
recovered_after_rej,CHOLAHLDNG,2020-01-17,2020-01-20,537.0842,2020-02-10,539.6702,TIME,1,2.586,18.2031,-15.6171,-0.029014,-0.011111,0.053241,16,False
recovered_after_rej,CIEINDIA,2023-02-27,2023-02-28,403.9077,2023-03-08,389.759,MOMENTUM_FAIL,2,-28.2974,19.2833,-47.5808,-0.058772,-0.046746,0.027219,6,False
recovered_after_rej,CIPLA,2020-09-21,2020-09-22,741.4978,2020-09-29,727.4704,MOMENTUM_FAIL,1,-14.0274,19.0324,-33.0598,-0.044488,-0.060549,0.011518,6,False
recovered_after_rej,CIPLA,2020-12-15,2020-12-16,754.1892,2020-12-23,786.92,MOMENTUM_FAIL,1,32.7308,19.1812,13.5496,0.017927,-0.038401,0.046372,6,False
recovered_after_rej,COALINDIA,2022-01-04,2022-01-05,106.8398,2022-01-27,112.112,TIME,9,47.4496,20.0868,27.3629,0.028395,0.0,0.099673,16,False
recovered_after_rej,COALINDIA,2022-01-18,2022-01-19,112.4262,2022-01-27,112.112,MOMENTUM_FAIL,8,-2.5136,19.7226,-22.2362,-0.024669,-0.041615,0.045031,6,False
recovered_after_rej,COALINDIA,2023-12-20,2023-12-21,297.3898,2024-01-12,322.8004,TIME,3,76.2318,19.8524,56.3795,0.063056,0.0,0.127456,16,False
recovered_after_rej,COALINDIA,2024-01-30,2024-01-31,343.0866,2024-02-15,404.2002,TARGET,2,122.2272,19.0762,103.151,0.15,-0.006295,0.188125,12,False
recovered_after_rej,COALINDIA,2024-05-06,2024-05-07,396.6892,2024-05-14,384.4373,MOMENTUM_FAIL,2,-24.5038,19.2301,-43.7339,-0.055003,-0.061123,0.018143,6,False
recovered_after_rej,COALINDIA,2024-08-02,2024-08-05,441.2418,2024-08-12,448.91,MOMENTUM_FAIL,2,15.3364,19.6875,-4.3511,-0.00492,-0.03301,0.038835,6,False
recovered_after_rej,COALINDIA,2025-03-26,2025-03-27,358.0433,2025-04-04,350.5774,MOMENTUM_FAIL,2,-14.9318,18.9232,-33.8551,-0.047175,-0.027082,0.023649,6,False
recovered_after_rej,COALINDIA,2026-03-18,2026-03-19,439.3944,2026-03-27,433.6937,MOMENTUM_FAIL,2,-11.4015,19.6174,-31.0189,-0.03522,-0.026835,0.047682,6,False
recovered_after_rej,COCHINSHIP,2020-12-03,2020-12-04,156.7673,2020-12-11,155.8576,MOMENTUM_FAIL,6,-5.4582,19.8905,-25.3488,-0.026891,-0.026389,0.030395,6,False
recovered_after_rej,COCHINSHIP,2022-04-19,2022-04-20,159.2525,2022-05-06,148.1048,STOP,6,-66.8861,19.8284,-86.7145,-0.090554,-0.070207,0.051622,12,False
recovered_after_rej,COFORGE,2018-03-16,2018-03-19,169.2649,2018-03-20,157.4164,STOP,5,-59.2427,19.3829,-78.6257,-0.0927,-0.076717,0.0,2,False
recovered_after_rej,COFORGE,2020-09-18,2020-09-21,413.0389,2020-10-12,484.9857,TARGET,2,143.8936,19.7111,124.1826,0.15,-0.066939,0.229025,15,False
recovered_after_rej,COFORGE,2021-05-10,2021-05-11,604.1044,2021-06-02,672.3837,TIME,1,68.2793,18.6198,49.6595,0.082024,0.0,0.123718,16,False
recovered_after_rej,COHANCE,2020-05-14,2020-05-15,154.909,2020-05-22,156.6627,MOMENTUM_FAIL,6,10.5222,19.876,-9.3538,-0.010042,-0.04088,0.044025,6,False
recovered_after_rej,COHANCE,2021-01-18,2021-01-19,471.5468,2021-01-27,456.8354,MOMENTUM_FAIL,2,-29.423,19.8523,-49.2752,-0.052135,-0.062087,0.035124,6,False
recovered_after_rej,COHANCE,2021-07-27,2021-07-28,481.2766,2021-08-06,563.7911,TARGET,2,165.029,20.3304,144.6986,0.15,0.0,0.196754,8,False
recovered_after_rej,COROMANDEL,2019-01-08,2019-01-09,415.594,2019-01-16,416.5094,MOMENTUM_FAIL,2,1.8309,19.4434,-17.6125,-0.021143,-0.011013,0.036013,6,False
recovered_after_rej,COROMANDEL,2022-05-19,2022-05-20,885.6948,2022-06-10,894.5808,TIME,1,8.886,19.6879,-10.8019,-0.012169,-0.043511,0.07301,16,False
recovered_after_rej,COROMANDEL,2022-12-12,2022-12-13,930.9747,2022-12-20,900.4119,MOMENTUM_FAIL,1,-30.5629,19.7988,-50.3616,-0.053978,-0.043059,0.015449,6,False
recovered_after_rej,CREDITACC,2019-01-16,2019-01-17,395.861,2019-01-24,386.7333,MOMENTUM_FAIL,2,-18.2553,19.2358,-37.4911,-0.047251,-0.031078,0.020802,6,False
recovered_after_rej,CREDITACC,2019-09-27,2019-09-30,642.902,2019-10-17,597.8989,STOP,1,-45.0031,18.553,-63.5561,-0.098643,-0.070602,0.056713,12,False
recovered_after_rej,CREDITACC,2022-03-15,2022-03-16,768.9029,2022-04-05,903.9422,TARGET,1,135.0392,19.4516,115.5876,0.15,-0.030968,0.195097,14,False
recovered_after_rej,CROMPTON,2020-07-07,2020-07-08,228.0793,2020-07-15,227.8912,MOMENTUM_FAIL,4,-0.7525,19.7807,-20.5332,-0.022458,-0.022273,0.047639,6,False
recovered_after_rej,CROMPTON,2021-01-25,2021-01-27,389.618,2021-02-17,375.9781,TIME,2,-27.28,19.1647,-46.4447,-0.059473,-0.044889,0.078312,16,False
recovered_after_rej,CROMPTON,2024-04-15,2024-04-16,283.0054,2024-05-08,332.1541,TARGET,3,147.446,19.8152,127.6309,0.15,-0.001031,0.176976,15,False
recovered_after_rej,CROMPTON,2024-05-10,2024-05-13,321.6634,2024-05-17,376.7988,TARGET,3,165.4064,20.3414,145.065,0.15,-0.019048,0.205744,5,False
recovered_after_rej,CROMPTON,2024-07-29,2024-07-30,424.0303,2024-08-21,458.3582,TIME,2,68.6558,19.6507,49.0051,0.057659,-0.041344,0.087192,16,False
recovered_after_rej,CROMPTON,2026-04-23,2026-04-24,251.6041,2026-05-15,295.8898,TARGET,3,132.8571,19.3877,113.4694,0.15,-0.009936,0.219416,15,False
recovered_after_rej,CUB,2020-01-22,2020-01-23,169.9431,2020-01-30,167.3709,MOMENTUM_FAIL,5,-12.861,19.4917,-32.3527,-0.037992,-0.016187,0.023124,6,False
recovered_after_rej,CUB,2023-10-13,2023-10-16,100.1798,2023-10-23,95.1106,MOMENTUM_FAIL,9,-45.6224,19.6441,-65.2665,-0.07223,-0.054969,0.044776,6,False
recovered_after_rej,CUB,2025-06-04,2025-06-05,144.902,2025-06-26,150.9969,TIME,6,36.5696,19.6755,16.8941,0.019389,-0.049784,0.058674,16,False
recovered_after_rej,CUB,2025-10-08,2025-10-09,159.7162,2025-10-16,163.7583,MOMENTUM_FAIL,6,24.2528,20.0257,4.227,0.004401,-0.015631,0.029821,6,False
recovered_after_rej,CUB,2025-10-31,2025-11-03,169.5243,2025-11-14,198.9703,TARGET,5,147.23,19.8088,127.4212,0.15,0.0,0.190007,9,False
recovered_after_rej,CUMMINSIND,2019-05-21,2019-05-22,653.6572,2019-06-13,653.5697,TIME,1,-0.0875,18.6899,-18.7774,-0.028664,-0.040619,0.073866,16,False
recovered_after_rej,CUMMINSIND,2020-08-18,2020-08-19,411.9815,2020-09-09,420.8958,TIME,2,17.8286,19.4454,-1.6168,-0.001958,-0.005548,0.071682,16,False
recovered_after_rej,CUPID,2019-03-20,2019-03-22,1.2825,2019-04-01,1.2866,MOMENTUM_FAIL,778,3.1621,20.1496,-16.9875,-0.016988,-0.059859,0.042254,6,False
recovered_after_rej,CUPID,2020-06-24,2020-06-25,1.8109,2020-07-01,2.1489,TARGET,551,186.2558,20.5224,165.7334,0.165737,0.0,0.274248,5,False
recovered_after_rej,CUPID,2020-08-14,2020-08-17,2.2914,2020-08-25,2.708,TARGET,435,181.2308,20.5078,160.723,0.160892,0.0,0.216529,7,False
recovered_after_rej,CUPID,2020-11-19,2020-11-20,2.0336,2020-12-04,2.3811,TARGET,490,170.2805,20.4842,149.7962,0.15,0.0,0.1913,10,False
recovered_after_rej,CUPID,2021-05-04,2021-05-05,2.1915,2021-05-27,2.2695,TIME,455,35.4882,20.2126,15.2756,0.015286,-0.036241,0.08507,16,False
recovered_after_rej,CUPID,2022-04-27,2022-04-28,2.7964,2022-05-04,3.2743,TARGET,356,170.1319,20.4799,149.652,0.15,0.0,0.219216,4,False
recovered_after_rej,CYIENT,2020-12-21,2020-12-22,434.1569,2021-01-13,459.2734,TIME,2,50.233,19.6987,30.5343,0.035088,0.0,0.130497,16,False
recovered_after_rej,CYIENT,2021-05-19,2021-05-20,706.9834,2021-05-27,722.3101,MOMENTUM_FAIL,1,15.3267,18.9464,-3.6197,-0.005109,0.0,0.049499,6,False
recovered_after_rej,CYIENT,2022-12-02,2022-12-05,800.9041,2022-12-12,784.7437,MOMENTUM_FAIL,1,-16.1604,19.2789,-35.4393,-0.044153,-0.051532,0.017883,6,False
recovered_after_rej,CYIENT,2023-02-28,2023-03-01,890.1866,2023-03-09,901.4,MOMENTUM_FAIL,1,11.2133,19.7116,-8.4983,-0.009526,-0.001164,0.028898,6,False
recovered_after_rej,DEEPAKFERT,2018-07-31,2018-08-01,231.4989,2018-08-08,232.5913,MOMENTUM_FAIL,4,4.3697,19.8489,-15.4792,-0.01668,-0.011434,0.049002,6,False
recovered_after_rej,DEEPAKFERT,2020-08-31,2020-09-01,152.4136,2020-09-09,141.7446,STOP,6,-64.0137,19.661,-83.6747,-0.0913,-0.090351,0.057018,7,False
recovered_after_rej,DEEPAKFERT,2023-12-08,2023-12-11,633.9661,2024-01-02,677.2578,TIME,1,43.2917,18.695,24.5966,0.038713,-0.00463,0.102932,16,False
recovered_after_rej,DEEPAKFERT,2024-06-27,2024-06-28,646.9781,2024-07-09,763.1353,TARGET,1,116.1572,18.8984,97.2589,0.15,0.0,0.204294,8,False
recovered_after_rej,DEEPAKNTR,2018-09-21,2018-09-24,267.4807,2018-10-08,247.2753,GAP_STOP,3,-60.6161,19.1948,-79.8109,-0.099243,-0.235611,0.097122,10,False
recovered_after_rej,DEEPAKNTR,2020-12-02,2020-12-03,828.8347,2020-12-08,770.8162,STOP,1,-58.0184,19.3116,-77.33,-0.093096,-0.072019,0.024794,4,False
recovered_after_rej,DELHIVERY,2026-06-25,2026-06-29,461.2,2026-07-20,486.85,TIME,2,51.3,19.9292,31.3707,0.033936,0.0,0.136166,16,False
recovered_after_rej,DEVYANI,2023-07-20,2023-07-21,193.0,2023-08-11,198.35,TIME,5,26.75,20.0591,6.6909,0.006918,-0.045596,0.06114,16,False
recovered_after_rej,DEVYANI,2024-04-15,2024-04-16,156.0,2024-05-09,161.4,TIME,6,32.4,19.9482,12.4518,0.013274,0.0,0.094231,16,False
recovered_after_rej,DEVYANI,2024-12-30,2024-12-31,182.75,2025-01-21,179.49,TIME,5,-16.3,19.7551,-36.055,-0.039372,-0.041259,0.147743,16,False
recovered_after_rej,DEVYANI,2026-08-06,2026-08-07,123.2,2026-08-11,144.2748,TARGET,8,168.5982,20.435,148.1632,0.15,0.0,0.174513,3,False
recovered_after_rej,DLF,2020-12-21,2020-12-22,205.0895,2021-01-12,240.8415,TARGET,4,143.0079,19.6851,123.3227,0.15,0.0,0.294049,15,False
recovered_after_rej,DLF,2021-05-27,2021-05-28,272.6899,2021-06-18,281.1281,TIME,3,25.3145,19.4358,5.8787,0.00717,-0.019406,0.108566,16,False
recovered_after_rej,DLF,2021-07-20,2021-07-22,312.4493,2021-08-12,318.5038,TIME,3,18.1635,19.9249,-1.7614,-0.001875,-0.014342,0.096277,16,False
recovered_after_rej,DLF,2023-10-09,2023-10-10,530.7616,2023-11-01,560.3972,TIME,1,29.6357,18.2315,11.4042,0.02144,-0.056846,0.077785,16,False
recovered_after_rej,DRREDDY,2020-07-20,2020-07-21,789.6675,2020-07-28,780.2499,MOMENTUM_FAIL,1,-9.4176,19.2452,-28.6628,-0.036218,-0.033486,0.019426,6,False
recovered_after_rej,DRREDDY,2020-12-21,2020-12-22,983.6924,2020-12-30,995.8738,MOMENTUM_FAIL,1,12.1814,20.1084,-7.927,-0.008041,0.0,0.03158,6,False
recovered_after_rej,DRREDDY,2021-04-13,2021-04-15,932.6946,2021-05-07,996.5959,TIME,1,63.9013,19.9984,43.9029,0.046968,-0.007403,0.092321,16,False
recovered_after_rej,EIDPARRY,2019-12-10,2019-12-11,189.3712,2019-12-18,191.5599,MOMENTUM_FAIL,5,10.9435,19.9503,-9.0068,-0.009492,-0.029146,0.039196,6,False
recovered_after_rej,EIDPARRY,2021-09-20,2021-09-21,397.5367,2021-10-12,449.6852,TIME,2,104.2969,19.4995,84.7974,0.106421,-0.020706,0.140634,16,False
recovered_after_rej,EIDPARRY,2024-06-04,2024-06-05,650.0,2024-06-19,766.6252,TARGET,1,116.6252,18.9121,97.7132,0.15,0.0,0.281538,10,False
recovered_after_rej,EIHOTEL,2022-01-20,2022-01-21,133.8259,2022-02-14,130.4815,TIME,7,-23.4109,19.8378,-43.2488,-0.046067,-0.061742,0.090408,16,False
recovered_after_rej,EIHOTEL,2025-08-18,2025-08-19,387.193,2025-09-10,399.3379,TIME,2,24.2897,19.2493,5.0405,0.006495,-0.009513,0.117881,16,False
recovered_after_rej,ELECON,2021-02-16,2021-02-17,26.2032,2021-03-05,30.6812,TARGET,38,170.1656,20.4809,149.6848,0.15,-0.047619,0.181139,13,False
recovered_after_rej,ELECON,2021-08-23,2021-08-24,74.483,2021-09-08,87.2457,TARGET,13,165.9156,20.3564,145.5593,0.15,0.0,0.225296,12,False
recovered_after_rej,ELECON,2021-11-24,2021-11-25,91.3128,2021-11-26,107.0502,TARGET,10,157.3747,20.1061,137.2686,0.15,0.0,0.176787,2,False
recovered_after_rej,ELECON,2024-01-16,2024-01-17,508.1863,2024-02-09,502.8069,TIME,1,-5.3793,18.0648,-23.4442,-0.046032,-0.065805,0.094634,16,False
recovered_after_rej,ELGIEQUIP,2019-04-30,2019-05-02,127.7334,2019-05-09,123.5414,MOMENTUM_FAIL,7,-29.3436,19.6457,-48.9893,-0.05467,-0.034704,0.007356,6,False
recovered_after_rej,ELGIEQUIP,2021-09-20,2021-09-21,201.3582,2021-10-12,198.3624,TIME,4,-11.9833,19.3065,-31.2898,-0.038764,-0.039025,0.073171,16,False
recovered_after_rej,ELGIEQUIP,2023-11-13,2023-11-15,508.405,2023-11-22,513.4462,MOMENTUM_FAIL,1,5.0411,18.087,-13.0459,-0.025604,-0.022844,0.026344,6,False
recovered_after_rej,ELGIEQUIP,2025-07-28,2025-07-29,547.4467,2025-08-05,569.2948,MOMENTUM_FAIL,1,21.8481,18.2861,3.5621,0.006492,0.0,0.049818,6,False
recovered_after_rej,ELGIEQUIP,2026-02-06,2026-02-09,494.1951,2026-03-02,517.6855,TIME,2,46.9809,20.1991,26.7818,0.027037,-0.069688,0.11279,16,False
recovered_after_rej,ELGIEQUIP,2026-08-18,2026-08-19,620.0,2026-08-26,617.55,MOMENTUM_FAIL,1,-2.45,18.5429,-20.9929,-0.033786,-0.022177,0.03871,6,False
recovered_after_rej,EMAMILTD,2020-06-29,2020-06-30,184.7009,2020-07-13,216.4972,TARGET,5,158.9817,20.1532,138.8285,0.15,0.0,0.206897,10,False
recovered_after_rej,EMAMILTD,2023-05-31,2023-06-01,370.4831,2023-06-08,368.7804,MOMENTUM_FAIL,2,-3.4054,19.0518,-22.4571,-0.030242,-0.009192,0.020554,6,False
recovered_after_rej,EMAMILTD,2023-08-02,2023-08-03,423.3148,2023-08-18,496.853,TARGET,2,147.0764,19.8043,127.2721,0.15,0.0,0.193184,11,False
recovered_after_rej,EMAMILTD,2026-04-28,2026-04-29,458.3,2026-05-07,454.4,MOMENTUM_FAIL,2,-7.8,19.7844,-27.5844,-0.030029,-0.031639,0.012765,6,False
recovered_after_rej,EMBASSY,2020-03-04,2020-03-05,311.3379,2020-03-09,289.5443,STOP,3,-65.381,19.7407,-85.1217,-0.090937,-0.071719,0.064557,3,False
recovered_after_rej,EMBASSY,2022-06-06,2022-06-07,299.1772,2022-06-14,298.2182,MOMENTUM_FAIL,3,-2.8769,19.7139,-22.5908,-0.025115,-0.012693,0.043461,6,False
recovered_after_rej,EMMVEE,2026-01-08,2026-01-09,202.157,2026-01-29,188.006,STOP,4,-56.604,19.2291,-75.8331,-0.093575,-0.078755,0.130782,14,False
recovered_after_rej,ENGINERSIN,2021-05-12,2021-05-14,68.9717,2021-06-04,73.1846,TIME,14,58.9819,20.1273,38.8546,0.040151,-0.012594,0.127204,16,False
recovered_after_rej,ENGINERSIN,2021-10-06,2021-10-07,67.4497,2021-10-14,68.1943,MOMENTUM_FAIL,14,10.4239,19.9385,-9.5146,-0.010054,0.0,0.045454,6,False
recovered_after_rej,ENGINERSIN,2022-03-30,2022-03-31,59.3112,2022-04-25,59.221,TIME,16,-1.4444,19.9341,-21.3785,-0.022479,-0.024353,0.084475,16,False
recovered_after_rej,ENGINERSIN,2023-04-21,2023-04-24,74.3554,2023-05-03,87.0984,TARGET,13,165.6589,20.3488,145.3101,0.15,0.0,0.234365,7,False
recovered_after_rej,ENGINERSIN,2023-12-07,2023-12-08,148.2667,2024-01-01,173.8886,TARGET,6,153.7311,19.9993,133.7318,0.15,-0.060249,0.178196,16,False
recovered_after_rej,ENGINERSIN,2024-11-28,2024-11-29,191.308,2024-12-06,195.9547,MOMENTUM_FAIL,5,23.2333,20.0163,3.2171,0.003356,-0.010867,0.04367,6,False
recovered_after_rej,ETERNAL,2021-09-07,2021-09-08,141.0,2021-09-21,131.13,STOP,7,-69.09,19.9569,-89.0469,-0.090023,-0.070922,0.083333,9,False
recovered_after_rej,ETERNAL,2022-03-31,2022-04-01,82.1,2022-04-26,79.6,TIME,12,-30.0,20.0289,-50.0289,-0.05067,-0.042631,0.075518,16,False
recovered_after_rej,ETERNAL,2023-07-18,2023-07-19,79.0,2023-08-04,92.5646,TARGET,12,162.7752,20.2643,142.5109,0.15,-0.021519,0.24557,13,False
recovered_after_rej,EXIDEIND,2018-12-21,2018-12-24,246.6564,2019-01-01,248.9833,MOMENTUM_FAIL,4,9.3077,20.1149,-10.8072,-0.01093,-0.055283,0.024528,6,False
recovered_after_rej,EXIDEIND,2021-05-25,2021-05-26,184.5112,2021-06-02,186.7838,MOMENTUM_FAIL,5,11.3628,19.8486,-8.4858,-0.009178,-0.019916,0.015985,6,False
recovered_after_rej,EXIDEIND,2024-05-30,2024-05-31,494.1753,2024-06-04,459.583,STOP,2,-69.1845,19.9624,-89.1469,-0.090001,-0.143313,0.02994,3,False
recovered_after_rej,FACT,2018-06-11,2018-06-12,49.8355,2018-06-19,46.6461,MOMENTUM_FAIL,20,-63.7895,20.0087,-83.7982,-0.083891,-0.07,0.034,6,False
recovered_after_rej,FACT,2022-01-21,2022-01-24,142.3802,2022-01-24,132.4136,STOP,7,-69.7663,19.9963,-89.7626,-0.089867,0.0,0.0,1,False
recovered_after_rej,FACT,2022-11-10,2022-11-11,123.5922,2022-11-23,144.7277,TARGET,8,169.084,20.4492,148.6348,0.15,-0.0,0.185081,9,False
recovered_after_rej,FACT,2023-06-09,2023-06-12,318.9973,2023-06-14,373.7199,TARGET,3,164.1678,20.3051,143.8626,0.15,0.0,0.216685,3,False
recovered_after_rej,FACT,2023-12-08,2023-12-11,759.4442,2024-01-02,819.7104,TIME,1,60.2662,19.2594,41.0068,0.053878,-0.033531,0.132347,16,False
recovered_after_rej,FACT,2024-01-30,2024-01-31,849.8186,2024-02-05,790.3313,STOP,1,-59.4873,19.3972,-78.8845,-0.092623,-0.086545,0.033901,4,False
recovered_after_rej,FEDERALBNK,2018-07-18,2018-07-19,80.4432,2018-07-26,82.0232,MOMENTUM_FAIL,12,18.9606,20.0446,-1.084,-0.00112,-0.017909,0.032351,6,False
recovered_after_rej,FEDERALBNK,2018-10-17,2018-10-19,73.1926,2018-11-12,75.308,TIME,13,27.5001,20.0037,7.4964,0.007861,0.0,0.098908,16,False
recovered_after_rej,FEDERALBNK,2022-08-03,2022-08-04,107.3201,2022-08-12,108.2975,MOMENTUM_FAIL,9,8.7967,20.0263,-11.2296,-0.011601,-0.020492,0.024135,6,False
recovered_after_rej,FEDERALBNK,2025-06-05,2025-06-06,205.1233,2025-06-13,203.3699,MOMENTUM_FAIL,4,-7.0134,19.3802,-26.3936,-0.032098,-0.019027,0.03564,6,False
recovered_after_rej,FEDERALBNK,2026-01-20,2026-01-21,270.177,2026-02-12,286.1225,TIME,3,47.8365,19.4498,28.3867,0.034946,0.0,0.100147,16,False
recovered_after_rej,FINCABLES,2020-01-07,2020-01-08,356.0595,2020-01-29,377.4864,TIME,2,42.8537,19.0241,23.8296,0.03339,0.0,0.124935,16,False
recovered_after_rej,FINCABLES,2021-06-25,2021-06-28,490.717,2021-07-05,485.5886,MOMENTUM_FAIL,2,-10.2569,20.0532,-30.3101,-0.030816,-0.012967,0.041223,6,False
recovered_after_rej,FINCABLES,2022-08-22,2022-08-23,422.9454,2022-09-14,462.5335,TIME,2,79.1763,19.663,59.5133,0.070202,-0.009076,0.120603,16,False
recovered_after_rej,FIVESTAR,2024-09-24,2024-09-25,771.5159,2024-10-16,906.9597,TARGET,1,135.4439,19.4635,115.9804,0.15,0.0,0.186229,15,False
recovered_after_rej,FORTIS,2019-11-05,2019-11-06,144.8329,2019-11-15,134.6946,STOP,6,-60.8298,19.4754,-80.3053,-0.09221,-0.115833,0.103496,7,False
recovered_after_rej,FORTIS,2021-01-13,2021-01-14,165.7786,2021-01-21,162.4531,MOMENTUM_FAIL,6,-19.9529,20.0893,-40.0422,-0.040169,-0.026946,0.033832,6,False
recovered_after_rej,FORTIS,2021-11-22,2021-11-23,265.4443,2021-12-14,280.7813,TIME,3,46.0111,19.3862,26.6249,0.033361,-0.000935,0.133134,16,False
recovered_after_rej,FORTIS,2022-03-28,2022-03-29,269.9611,2022-04-21,276.7609,TIME,3,20.3996,19.3912,1.0083,0.001242,-0.017283,0.076852,16,False
recovered_after_rej,FORTIS,2022-07-26,2022-07-27,265.0472,2022-08-19,296.565,TIME,3,94.5534,19.48,75.0734,0.094209,-0.021161,0.123221,16,False
recovered_after_rej,FORTIS,2023-07-14,2023-07-17,324.7573,2023-07-24,334.6092,MOMENTUM_FAIL,3,29.5555,20.104,9.4515,0.00968,-0.012685,0.037081,6,False
recovered_after_rej,FORTIS,2024-11-27,2024-11-28,645.95,2024-12-19,676.3318,TIME,1,30.3818,18.7194,11.6624,0.018015,-0.002163,0.126043,16,False
recovered_after_rej,FSL,2021-02-26,2021-03-01,90.3986,2021-03-16,105.8494,TARGET,11,169.9586,20.4748,149.4837,0.15,-0.00597,0.197015,11,False
recovered_after_rej,FSL,2023-01-25,2023-01-27,96.9629,2023-02-16,113.5754,TARGET,10,166.1248,20.3625,145.7624,0.15,-0.019048,0.174286,15,False
recovered_after_rej,FSL,2023-08-29,2023-08-30,154.7789,2023-09-21,153.0195,TIME,6,-10.5563,19.8298,-30.3861,-0.032649,-0.057143,0.07404,16,False
recovered_after_rej,FSL,2023-12-05,2023-12-06,165.145,2023-12-13,167.9505,MOMENTUM_FAIL,6,16.8332,20.1482,-3.315,-0.003338,-0.006622,0.040311,6,False
recovered_after_rej,FSL,2024-01-18,2024-01-19,189.0632,2024-01-30,191.631,MOMENTUM_FAIL,5,12.8388,19.9477,-7.1089,-0.007504,-0.047284,0.04829,6,False
recovered_after_rej,FSL,2024-06-26,2024-06-27,203.2602,2024-07-05,238.7289,TARGET,4,141.8747,19.6519,122.2227,0.15,-0.010429,0.186143,7,False
recovered_after_rej,FSL,2024-08-05,2024-08-06,271.9815,2024-08-19,319.423,TARGET,3,142.3243,19.6651,122.6593,0.15,-0.020996,0.223843,9,False
recovered_after_rej,GABRIEL,2020-12-08,2020-12-09,104.5024,2020-12-21,97.1872,STOP,9,-65.8365,19.7672,-85.6038,-0.090819,-0.102506,0.079271,9,False
recovered_after_rej,GABRIEL,2023-10-09,2023-10-10,325.0212,2023-10-25,302.2697,STOP,3,-68.2545,19.9082,-88.1626,-0.09022,-0.072884,0.084503,11,False
recovered_after_rej,GAIL,2020-06-10,2020-06-11,50.823,2020-06-12,47.2654,STOP,19,-67.5946,19.8697,-87.4643,-0.090379,-0.070301,0.0,2,False
recovered_after_rej,GAIL,2021-09-20,2021-09-21,80.5076,2021-10-12,84.8877,TIME,12,52.5611,20.1163,32.4448,0.03351,-0.008344,0.143525,16,False
recovered_after_rej,GAIL,2023-02-28,2023-03-01,88.4652,2023-03-23,94.415,TIME,11,65.4477,20.1722,45.2755,0.046425,0.0,0.103718,16,False
recovered_after_rej,GAIL,2023-07-13,2023-07-14,97.1999,2023-07-21,100.1644,MOMENTUM_FAIL,10,29.645,20.0946,9.5504,0.009804,0.0,0.037893,6,False
recovered_after_rej,GALLANTT,2022-04-29,2022-05-02,73.4104,2022-05-11,68.2717,STOP,13,-66.8035,19.8236,-86.6271,-0.090574,-0.115541,0.106757,7,False
recovered_after_rej,GALLANTT,2023-01-30,2023-01-31,64.5813,2023-02-08,60.0607,STOP,15,-67.8104,19.8823,-87.6927,-0.090327,-0.109063,0.088326,7,False
recovered_after_rej,GESHIP,2022-11-10,2022-11-11,505.9359,2022-11-28,600.2505,TARGET,1,94.3146,18.2583,76.0563,0.15,0.0,0.227516,12,False
recovered_after_rej,GICRE,2018-09-19,2018-09-21,286.425,2018-09-28,276.3595,MOMENTUM_FAIL,3,-30.1964,19.4968,-49.6932,-0.057705,-0.044258,0.038818,6,False
recovered_after_rej,GICRE,2020-06-15,2020-06-16,125.1211,2020-07-07,131.4163,TIME,7,44.0658,19.718,24.3479,0.027739,0.0,0.148161,16,False
recovered_after_rej,GICRE,2025-10-08,2025-10-09,360.2303,2025-10-16,372.0246,MOMENTUM_FAIL,2,23.5885,19.0201,4.5684,0.006327,0.0,0.044768,6,False
recovered_after_rej,GICRE,2026-02-16,2026-02-17,370.6285,2026-02-24,371.7357,MOMENTUM_FAIL,2,2.2144,19.0644,-16.85,-0.022682,-0.02325,0.019353,6,False
recovered_after_rej,GICRE,2026-09-08,2026-09-09,348.1,2026-09-17,339.8,MOMENTUM_FAIL,2,-16.6,18.8359,-35.4359,-0.050788,-0.031887,0.008331,6,False
recovered_after_rej,GLENMARK,2021-04-12,2021-04-13,497.4725,2021-05-06,559.4358,TIME,2,123.9265,20.3835,103.5431,0.103842,0.0,0.163708,16,False
recovered_after_rej,GLENMARK,2021-04-26,2021-04-27,542.0684,2021-05-19,602.9524,TIME,1,60.884,18.3428,42.5412,0.078308,0.0,0.158476,16,False
recovered_after_rej,GMDCLTD,2020-01-06,2020-01-07,52.227,2020-01-28,53.6941,TIME,19,27.874,20.1768,7.6973,0.00774,-0.033708,0.163724,16,False
recovered_after_rej,GMDCLTD,2023-11-24,2023-11-28,367.1239,2023-12-19,388.23,TIME,2,42.2122,19.1163,23.0959,0.031387,0.0,0.152369,16,False
recovered_after_rej,GMRAIRPORT,2024-04-30,2024-05-02,85.75,2024-05-07,79.7475,STOP,11,-66.0275,19.7784,-85.8059,-0.09077,-0.084548,0.047813,4,False
recovered_after_rej,GODFRYPHLP,2018-07-30,2018-07-31,227.1024,2018-08-23,242.7468,TIME,4,62.5777,19.8931,42.6845,0.046886,0.0,0.116286,16,False
recovered_after_rej,GODFRYPHLP,2018-09-11,2018-09-12,264.7063,2018-09-21,246.1769,STOP,3,-55.5883,19.1699,-74.7583,-0.093935,-0.162574,0.082253,6,False
recovered_after_rej,GODFRYPHLP,2019-11-18,2019-11-19,341.9857,2019-12-02,402.9288,TARGET,2,121.8862,19.0662,102.82,0.15,-0.037992,0.200812,10,False
recovered_after_rej,GODREJCP,2019-09-23,2019-09-24,625.2969,2019-10-17,674.9731,TIME,1,49.6762,18.6714,31.0048,0.049476,-0.010723,0.0839,16,False
recovered_after_rej,GODREJIND,2021-06-24,2021-06-25,563.75,2021-07-16,555.5,TIME,1,-8.25,18.2936,-26.5436,-0.046981,-0.03663,0.05898,16,False
recovered_after_rej,GODREJIND,2023-09-12,2023-09-13,554.0,2023-10-06,655.7581,TARGET,1,101.7581,18.4764,83.2817,0.15,-0.01083,0.301895,16,False
recovered_after_rej,GPIL,2021-03-17,2021-03-18,148.8254,2021-03-23,174.5337,TARGET,6,154.2502,20.0145,134.2357,0.15,-0.021468,0.186414,4,False
recovered_after_rej,GPIL,2022-01-04,2022-01-05,268.8883,2022-01-12,256.5194,MOMENTUM_FAIL,3,-37.1067,19.2605,-56.3673,-0.069724,-0.050909,0.036364,6,False
recovered_after_rej,GPIL,2023-12-20,2023-12-21,669.5332,2024-01-01,149.2665,GAP_STOP,1,-520.2667,17.6977,-537.9644,-0.801739,-0.779456,0.125,7,False
recovered_after_rej,GPIL,2025-12-24,2025-12-26,251.4622,2026-01-16,256.4915,TIME,3,15.0877,19.1461,-4.0584,-0.005368,0.0,0.110495,16,False
recovered_after_rej,GPIL,2026-04-21,2026-04-22,294.2357,2026-05-14,288.0612,TIME,3,-18.5236,19.6195,-38.1431,-0.043117,-0.049585,0.058555,16,False
recovered_after_rej,GRANULES,2018-07-13,2018-07-16,86.2699,2018-08-02,101.0813,TARGET,11,162.9252,20.2687,142.6565,0.15,-0.050612,0.190882,14,False
recovered_after_rej,GRANULES,2020-01-27,2020-01-28,148.3981,2020-02-03,135.1455,GAP_STOP,6,-79.5154,19.5277,-99.0431,-0.110993,-0.089304,0.020066,5,False
recovered_after_rej,GRANULES,2020-09-11,2020-09-14,345.7775,2020-10-06,374.7719,TIME,2,57.9888,18.9681,39.0206,0.056301,-0.063031,0.152691,16,False
recovered_after_rej,GRANULES,2021-05-07,2021-05-10,343.3166,2021-05-14,319.2844,STOP,2,-48.0643,18.7314,-66.7957,-0.097068,-0.084714,0.058715,4,False
recovered_after_rej,GRANULES,2023-07-13,2023-07-14,301.4975,2023-07-21,305.9414,MOMENTUM_FAIL,3,13.3318,19.7763,-6.4445,-0.007109,0.0,0.041435,6,False
recovered_after_rej,GRANULES,2023-08-02,2023-08-03,315.0355,2023-08-10,299.5566,MOMENTUM_FAIL,3,-46.4367,19.8261,-66.2629,-0.069959,-0.051968,0.031496,6,False
recovered_after_rej,GRANULES,2023-09-21,2023-09-22,320.6913,2023-10-16,349.7638,TIME,3,87.2176,20.1699,67.0477,0.069539,0.0,0.130105,16,False
recovered_after_rej,GRANULES,2025-12-30,2025-12-31,595.759,2026-01-20,554.0558,STOP,1,-41.7031,18.3606,-60.0638,-0.100599,-0.077722,0.050251,14,False
recovered_after_rej,GRAPHITE,2018-05-10,2018-05-11,586.2406,2018-05-30,692.9916,TARGET,1,106.7511,18.6227,88.1283,0.15,-0.009855,0.196031,14,False
recovered_after_rej,GRAPHITE,2018-05-18,2018-05-21,620.9842,2018-06-06,568.908,GAP_STOP,1,-52.0762,18.446,-70.5222,-0.113317,-0.083861,0.149114,13,False
recovered_after_rej,GRAPHITE,2020-08-26,2020-08-27,183.1703,2020-08-31,170.3484,STOP,5,-64.1096,19.6666,-83.7762,-0.091274,-0.087771,0.035503,3,False
recovered_after_rej,GRAPHITE,2022-11-22,2022-11-23,352.7375,2022-12-14,376.7349,TIME,2,47.9946,19.0066,28.9881,0.041001,-0.017701,0.084412,16,False
recovered_after_rej,GRAPHITE,2023-08-02,2023-08-03,400.809,2023-08-25,435.724,TIME,2,69.83,19.457,50.3731,0.062702,-0.021481,0.122715,16,False
recovered_after_rej,GRAPHITE,2023-12-20,2023-12-21,480.4381,2024-01-12,528.3392,TIME,2,95.8021,20.1823,75.6198,0.078527,0.0,0.140495,16,False
recovered_after_rej,GRASIM,2018-08-20,2018-08-21,988.6318,2018-08-29,1018.9637,MOMENTUM_FAIL,1,30.3318,20.1662,10.1656,0.01026,-0.009588,0.047939,6,False
recovered_after_rej,GRAVITA,2018-12-26,2018-12-27,71.2258,2019-01-03,70.0489,MOMENTUM_FAIL,14,-16.4766,20.1069,-36.5835,-0.036608,-0.037674,0.031064,6,False
recovered_after_rej,GRAVITA,2022-07-29,2022-08-01,292.6794,2022-08-08,276.6165,MOMENTUM_FAIL,3,-48.1885,19.5394,-67.7278,-0.076967,-0.069024,0.039394,6,False
recovered_after_rej,GRAVITA,2022-08-22,2022-08-23,307.4612,2022-09-14,314.2608,TIME,3,20.3989,19.8663,0.5327,0.000576,-0.020673,0.099359,16,False
recovered_after_rej,GRAVITA,2023-07-24,2023-07-25,635.5183,2023-08-14,749.9008,TARGET,1,114.3825,18.8464,95.5362,0.15,0.0,0.193984,15,False
recovered_after_rej,GVT&D,2019-09-25,2019-09-26,171.5549,2019-10-22,186.8208,TIME,5,76.3295,19.7073,56.6222,0.065867,-0.049565,0.170145,16,False
recovered_after_rej,HAVELLS,2019-03-14,2019-03-15,709.8866,2019-03-25,701.9547,MOMENTUM_FAIL,1,-7.9319,18.9113,-26.8432,-0.037731,-0.014452,0.028101,6,False
recovered_after_rej,HAVELLS,2020-02-28,2020-03-02,592.6614,2020-03-09,583.2466,MOMENTUM_FAIL,1,-9.4148,18.4133,-27.8281,-0.046852,-0.043142,0.040239,6,False
recovered_after_rej,HAVELLS,2020-10-14,2020-10-15,675.3949,2020-10-22,696.516,MOMENTUM_FAIL,1,21.1211,18.8248,2.2963,0.003392,-0.028779,0.0369,6,False
recovered_after_rej,HBLENGINE,2021-05-28,2021-05-31,42.589,2021-06-21,44.6988,TIME,23,48.5257,20.1649,28.3608,0.02889,-0.020738,0.145161,16,False
recovered_after_rej,HBLENGINE,2021-10-06,2021-10-07,50.6515,2021-10-29,49.3667,TIME,19,-24.4115,19.9439,-44.3554,-0.045989,-0.042927,0.166829,16,False
recovered_after_rej,HBLENGINE,2021-12-06,2021-12-07,60.3371,2021-12-20,56.1135,STOP,16,-67.5776,19.8687,-87.4463,-0.090383,-0.076986,0.126945,10,False
recovered_after_rej,HBLENGINE,2022-02-09,2022-02-10,72.4441,2022-02-14,67.373,STOP,13,-65.9241,19.7724,-85.6965,-0.090796,-0.078445,0.00955,3,False
recovered_after_rej,HBLENGINE,2023-10-09,2023-10-10,279.3302,2023-10-23,259.7771,STOP,3,-58.6593,19.3489,-78.0083,-0.092887,-0.071174,0.106584,10,False
recovered_after_rej,HBLENGINE,2026-09-28,2026-09-29,784.0,2026-10-07,762.45,MOMENTUM_FAIL,1,-21.55,19.1965,-40.7465,-0.051859,-0.036352,0.040179,6,False
recovered_after_rej,HCLTECH,2023-01-11,2023-01-12,910.5611,2023-02-03,992.5384,TIME,1,81.9772,19.9417,62.0355,0.06798,-0.01885,0.100015,16,False
recovered_after_rej,HDFCAMC,2019-07-24,2019-07-25,911.517,2019-08-19,1010.7272,TIME,1,99.2103,19.9809,79.2294,0.086731,-0.011884,0.127971,16,False
recovered_after_rej,HDFCBANK,2018-06-04,2018-06-05,473.5259,2018-06-12,472.1053,MOMENTUM_FAIL,2,-2.8412,19.9231,-22.7643,-0.023985,-0.007317,0.014537,6,False
recovered_after_rej,HDFCLIFE,2018-07-23,2018-07-24,472.945,2018-08-14,457.3609,TIME,2,-31.1682,19.8605,-51.0287,-0.05383,-0.051648,0.055263,16,False
recovered_after_rej,HDFCLIFE,2018-07-30,2018-07-31,481.6896,2018-08-07,467.1315,MOMENTUM_FAIL,2,-29.1162,19.9385,-49.0548,-0.050808,-0.034483,0.023834,6,False
recovered_after_rej,HDFCLIFE,2025-05-02,2025-05-05,725.5017,2025-05-12,729.9733,MOMENTUM_FAIL,1,4.4717,19.0025,-14.5308,-0.019985,-0.029722,0.01719,6,False
recovered_after_rej,HEGAM,2020-09-01,2020-09-02,152.8079,2020-09-09,138.8758,MOMENTUM_FAIL,6,-83.5927,19.6311,-103.2238,-0.11234,-0.094938,0.031808,6,False
recovered_after_rej,HEGAM,2024-04-03,2024-04-04,399.3298,2024-04-10,469.1536,TARGET,2,139.6475,19.5867,120.0609,0.15,0.0,0.188512,5,False
recovered_after_rej,HEGAM,2026-07-17,2026-07-20,581.7121,2026-08-05,687.7619,TARGET,1,106.0498,18.6022,87.4476,0.15,0.0,0.199906,13,False
recovered_after_rej,HFCL,2018-12-21,2018-12-24,21.1105,2019-01-01,20.9629,MOMENTUM_FAIL,47,-6.9386,20.1054,-27.044,-0.027197,-0.039627,0.009324,6,False
recovered_after_rej,HFCL,2019-12-03,2019-12-04,17.4121,2019-12-26,17.2143,TIME,57,-11.2783,20.0978,-31.3761,-0.031545,-0.045455,0.116477,16,False
recovered_after_rej,HFCL,2022-07-20,2022-07-21,67.906,2022-07-25,63.1526,STOP,14,-66.5479,19.8087,-86.3566,-0.090638,-0.089051,0.024817,3,False
recovered_after_rej,HFCL,2023-09-01,2023-09-04,74.9252,2023-09-26,71.3425,TIME,13,-46.5755,19.9479,-66.5234,-0.068148,-0.055703,0.073607,16,False
recovered_after_rej,HINDALCO,2019-04-04,2019-04-05,199.6938,2019-04-12,198.9823,MOMENTUM_FAIL,4,-2.846,19.297,-22.143,-0.027661,-0.011876,0.034917,6,False
recovered_after_rej,HINDALCO,2022-08-16,2022-08-17,420.4215,2022-08-24,418.3727,MOMENTUM_FAIL,2,-4.0974,19.4721,-23.5695,-0.02797,-0.03968,0.025641,6,False
recovered_after_rej,HINDALCO,2023-07-19,2023-07-20,431.2015,2023-07-27,440.3719,MOMENTUM_FAIL,2,18.3407,19.6088,-1.2681,-0.001467,-0.023756,0.039819,6,False
recovered_after_rej,HINDCOPPER,2018-04-24,2018-04-25,70.2986,2018-05-03,66.8787,MOMENTUM_FAIL,14,-47.8787,19.9882,-67.8669,-0.068807,-0.053378,0.031757,6,False
recovered_after_rej,HINDCOPPER,2019-09-19,2019-09-20,33.8861,2019-10-03,31.5141,STOP,29,-68.7888,19.9393,-88.7281,-0.090093,-0.074286,0.122857,9,False
recovered_after_rej,HINDCOPPER,2020-11-19,2020-11-20,36.2097,2020-12-02,42.4086,TARGET,27,167.369,20.3989,146.9701,0.15,-0.029412,0.17647,8,False
recovered_after_rej,HINDCOPPER,2023-05-05,2023-05-08,103.1797,2023-05-15,102.4441,MOMENTUM_FAIL,9,-6.6204,19.8376,-26.4579,-0.02843,-0.038973,0.03327,6,False
recovered_after_rej,HINDCOPPER,2023-06-01,2023-06-02,110.1924,2023-06-09,110.5847,MOMENTUM_FAIL,9,3.5308,20.1247,-16.5939,-0.016696,0.0,0.033823,6,False
recovered_after_rej,HINDCOPPER,2023-07-10,2023-07-11,116.4694,2023-07-18,117.6464,MOMENTUM_FAIL,8,9.4155,19.8835,-10.4679,-0.01121,-0.024421,0.040421,6,False
recovered_after_rej,HINDCOPPER,2025-12-16,2025-12-17,368.0115,2025-12-24,432.9851,TARGET,2,129.9472,19.3024,110.6448,0.15,-0.018378,0.187838,6,False
recovered_after_rej,HINDPETRO,2020-06-25,2020-06-26,109.8555,2020-07-03,109.2741,MOMENTUM_FAIL,9,-5.232,20.0941,-25.3261,-0.02556,-0.054858,0.017625,6,False
recovered_after_rej,HINDPETRO,2022-12-14,2022-12-15,140.4534,2022-12-22,132.8878,MOMENTUM_FAIL,7,-52.9588,19.9736,-72.9324,-0.074019,-0.071752,0.024054,6,False
recovered_after_rej,HINDPETRO,2023-01-12,2023-01-13,143.5142,2023-01-20,142.0127,MOMENTUM_FAIL,6,-9.0092,19.5475,-28.5568,-0.033091,-0.027565,0.01328,6,False
recovered_after_rej,HINDPETRO,2023-06-08,2023-06-09,154.7759,2023-06-16,157.8945,MOMENTUM_FAIL,6,18.7117,19.8893,-1.1776,-0.001265,-0.018843,0.04291,6,False
recovered_after_rej,HINDPETRO,2023-07-12,2023-07-13,169.214,2023-07-20,173.4876,MOMENTUM_FAIL,5,21.3682,19.546,1.8222,0.002149,-0.032423,0.043003,6,False
recovered_after_rej,HINDPETRO,2024-05-06,2024-05-07,313.6251,2024-05-10,291.6714,STOP,3,-65.8613,19.7687,-85.63,-0.090812,-0.071516,0.004073,4,False
recovered_after_rej,HINDPETRO,2024-08-02,2024-08-05,344.9074,2024-08-12,348.2452,MOMENTUM_FAIL,2,6.6756,18.8563,-12.1807,-0.017619,-0.014787,0.042636,6,False
recovered_after_rej,HINDZINC,2021-05-24,2021-05-25,216.958,2021-06-01,214.0178,MOMENTUM_FAIL,4,-11.7608,19.5704,-31.3313,-0.036024,-0.029363,0.016112,6,False
recovered_after_rej,HINDZINC,2023-01-23,2023-01-24,270.2669,2023-02-01,268.2189,MOMENTUM_FAIL,3,-6.144,19.3411,-25.4851,-0.031363,-0.03206,0.031609,6,False
recovered_after_rej,HINDZINC,2025-06-02,2025-06-03,440.8209,2025-06-10,517.0703,TARGET,2,152.4986,19.9632,132.5354,0.15,-0.01256,0.194408,6,False
recovered_after_rej,HINDZINC,2025-10-10,2025-10-13,489.3589,2025-11-04,464.8567,TIME,2,-49.0046,19.9628,-68.9674,-0.070313,-0.060405,0.055188,16,False
recovered_after_rej,HINDZINC,2026-04-30,2026-05-04,600.15,2026-05-25,634.5,TIME,1,34.35,18.534,15.8159,0.026296,-0.004749,0.130134,16,False
recovered_after_rej,HINDZINC,2026-08-27,2026-08-28,615.7,2026-09-04,601.0,MOMENTUM_FAIL,1,-14.7,18.4998,-33.1998,-0.053804,-0.055871,0.0,6,False
recovered_after_rej,HOMEFIRST,2021-11-18,2021-11-22,753.5456,2021-12-07,886.2064,TARGET,1,132.6609,19.3819,113.2789,0.15,0.0,0.181901,12,False
recovered_after_rej,HOMEFIRST,2023-10-23,2023-10-25,921.1752,2023-10-26,856.6929,STOP,1,-64.4823,19.6883,-84.1706,-0.091174,-0.084764,0.0,2,False
recovered_after_rej,HONASA,2024-07-08,2024-07-09,459.1911,2024-07-31,462.2719,TIME,2,6.1616,19.8204,-13.6587,-0.01484,-0.026079,0.085921,16,False
recovered_after_rej,HSCL,2020-01-06,2020-01-07,62.4291,2020-01-28,66.9658,TIME,15,68.0507,20.0226,48.0281,0.051176,0.0,0.165877,16,False
recovered_after_rej,HSCL,2021-05-12,2021-05-14,49.5499,2021-05-21,49.1543,MOMENTUM_FAIL,20,-7.9122,20.0983,-28.0106,-0.028203,-0.025948,0.042914,6,False
recovered_after_rej,HSCL,2024-07-15,2024-07-16,418.6017,2024-07-23,389.2996,STOP,2,-58.6042,19.3457,-77.95,-0.092904,-0.084227,0.038599,5,False
recovered_after_rej,HUDCO,2021-03-03,2021-03-04,39.1262,2021-03-09,36.3874,STOP,25,-68.4709,19.9208,-88.3917,-0.090169,-0.074074,0.024367,4,False
recovered_after_rej,HUDCO,2021-05-14,2021-05-17,35.3453,2021-06-07,39.8022,TIME,28,124.7937,20.3629,104.4307,0.105291,0.0,0.155702,16,False
recovered_after_rej,HUDCO,2021-09-20,2021-09-21,34.6354,2021-10-12,36.0368,TIME,28,39.2401,20.1048,19.1353,0.019688,-0.008092,0.09133,16,False
recovered_after_rej,HUDCO,2022-08-10,2022-08-11,29.9613,2022-09-05,34.4227,TIME,33,147.2277,20.4046,126.8231,0.12799,0.0,0.153005,16,False
recovered_after_rej,HUDCO,2023-08-09,2023-08-10,60.009,2023-09-01,68.0221,TIME,16,128.209,20.2452,107.9638,0.1122,-0.043027,0.1454,16,False
recovered_after_rej,HUDCO,2024-05-06,2024-05-07,200.1897,2024-05-21,235.1828,TARGET,4,139.9726,19.5962,120.3764,0.15,-0.050187,0.278945,10,False
recovered_after_rej,HUDCO,2025-09-26,2025-09-29,214.1678,2025-10-21,221.1452,TIME,4,27.9097,19.6041,8.3056,0.009674,-0.00543,0.074434,16,False
recovered_after_rej,ICICIGI,2018-12-13,2018-12-14,851.3384,2018-12-21,822.2516,MOMENTUM_FAIL,1,-29.0868,19.4655,-48.5523,-0.056906,-0.064244,0.036182,6,False
recovered_after_rej,ICICIPRULI,2019-03-07,2019-03-08,318.1704,2019-04-02,362.9561,TIME,3,134.3572,20.234,114.1233,0.119301,-0.035383,0.148022,16,False
recovered_after_rej,ICICIPRULI,2021-04-28,2021-04-29,521.7273,2021-05-21,538.7836,TIME,1,17.0564,18.1677,-1.1113,-0.002125,-0.0199,0.095139,16,False
recovered_after_rej,ICICIPRULI,2022-08-10,2022-08-11,556.2877,2022-09-05,581.0679,TIME,1,24.7802,18.3294,6.4508,0.011571,-0.027674,0.086859,16,False
recovered_after_rej,ICICIPRULI,2025-07-11,2025-07-14,655.824,2025-07-31,609.9163,STOP,1,-45.9077,18.6057,-64.5134,-0.098155,-0.073697,0.053791,14,False
recovered_after_rej,ICICIPRULI,2025-12-17,2025-12-18,629.8641,2025-12-26,647.7022,MOMENTUM_FAIL,1,17.8381,18.6259,-0.7878,-0.001248,0.0,0.038209,6,False
recovered_after_rej,IDBI,2019-01-10,2019-01-11,59.4329,2019-01-18,55.0795,MOMENTUM_FAIL,16,-69.6538,19.8034,-89.4572,-0.093869,-0.077229,0.007962,6,False
recovered_after_rej,IDBI,2022-12-09,2022-12-12,51.9091,2022-12-23,48.2755,STOP,19,-69.0391,19.9539,-88.993,-0.090035,-0.122151,0.112124,10,False
recovered_after_rej,IDBI,2023-08-02,2023-08-03,58.2134,2023-08-25,58.5023,TIME,17,4.9112,20.1187,-15.2074,-0.015333,-0.007444,0.105873,16,False
recovered_after_rej,IDBI,2023-09-12,2023-09-13,63.3655,2023-10-06,67.1693,TIME,15,57.0577,20.0595,36.9982,0.038841,0.0,0.136018,16,False
recovered_after_rej,IDBI,2024-07-23,2024-07-24,84.1987,2024-07-25,98.6893,TARGET,11,159.3969,20.1653,139.2316,0.15,0.0,0.212209,2,False
recovered_after_rej,IDBI,2025-05-26,2025-05-27,89.7303,2025-06-17,90.543,TIME,11,8.9388,20.1159,-11.1771,-0.011299,-0.003601,0.139116,16,False
recovered_after_rej,IDBI,2025-06-03,2025-06-04,96.104,2025-06-19,89.3767,STOP,10,-67.2728,19.851,-87.1238,-0.090458,-0.093521,0.06357,12,False
recovered_after_rej,IDBI,2026-08-31,2026-09-01,91.3,2026-09-08,81.11,MOMENTUM_FAIL,10,-101.9,19.5776,-121.4776,-0.132763,-0.134173,0.023549,6,False
recovered_after_rej,IDEA,2023-06-08,2023-06-09,7.4,2023-07-03,7.55,TIME,134,20.1,20.1579,-0.0579,-5.8e-05,-0.02027,0.114865,16,False
recovered_after_rej,IDEA,2023-08-02,2023-08-03,7.9,2023-08-25,8.7,TIME,126,100.8,20.3383,80.4617,0.080657,-0.050633,0.120253,16,False
recovered_after_rej,IDEA,2026-08-17,2026-08-18,13.65,2026-09-08,15.42,TIME,73,129.21,20.4006,108.8095,0.108959,0.0,0.148718,16,False
recovered_after_rej,IDFCFIRSTB,2018-08-01,2018-08-02,39.4049,2018-08-17,46.1459,TARGET,25,168.5242,20.4328,148.0914,0.15,0.0,0.180328,11,False
recovered_after_rej,IDFCFIRSTB,2019-12-03,2019-12-04,44.7218,2019-12-11,42.6845,MOMENTUM_FAIL,22,-44.8211,19.9931,-64.8143,-0.065732,-0.068889,0.022222,6,False
recovered_after_rej,IDFCFIRSTB,2020-11-12,2020-11-13,32.3985,2020-11-23,37.948,TARGET,30,166.4849,20.373,146.1118,0.15,0.0,0.180982,7,False
recovered_after_rej,IDFCFIRSTB,2021-06-04,2021-06-07,59.9272,2021-06-14,59.0825,MOMENTUM_FAIL,16,-13.5159,19.9511,-33.467,-0.034828,-0.038972,0.028192,6,False
recovered_after_rej,IDFCFIRSTB,2021-10-28,2021-10-29,49.6412,2021-11-23,48.4486,TIME,20,-23.8517,20.0736,-43.9253,-0.044146,-0.067067,0.06006,16,False
recovered_after_rej,IDFCFIRSTB,2025-04-04,2025-04-07,52.9208,2025-04-16,62.0032,TARGET,18,163.4837,20.2851,143.1986,0.15,0.0,0.192113,6,False
recovered_after_rej,IEX,2022-11-30,2022-12-01,138.1512,2022-12-08,138.3846,MOMENTUM_FAIL,7,1.6335,20.0167,-18.3832,-0.018968,-0.02027,0.02973,6,False
recovered_after_rej,IEX,2024-04-29,2024-04-30,147.9484,2024-05-08,139.7975,MOMENTUM_FAIL,6,-48.9055,19.5786,-68.4841,-0.07698,-0.057015,0.027546,6,False
recovered_after_rej,IFCI,2022-08-22,2022-08-23,10.65,2022-09-01,12.471,TARGET,93,169.3493,20.457,148.8923,0.15,-0.023474,0.192488,7,False
recovered_after_rej,IGL,2025-10-08,2025-10-09,212.3669,2025-10-16,207.4826,MOMENTUM_FAIL,4,-19.5373,19.4771,-39.0144,-0.045828,-0.040649,0.001006,6,False
recovered_after_rej,IIFL,2020-08-31,2020-09-01,78.9364,2020-09-22,75.9261,TIME,12,-36.1236,19.8561,-55.9797,-0.058969,-0.065375,0.150121,16,False
recovered_after_rej,IIFL,2025-11-06,2025-11-07,516.1807,2025-11-28,574.4495,TIME,1,58.2689,18.2282,40.0407,0.077402,0.0,0.1175,16,False
recovered_after_rej,IIFL,2026-07-17,2026-07-20,554.0,2026-08-10,625.9,TIME,1,71.9,18.4156,53.4844,0.096332,-0.01083,0.131769,16,False
recovered_after_rej,INDHOTEL,2018-12-03,2018-12-04,133.9117,2018-12-11,136.506,MOMENTUM_FAIL,7,18.1599,19.925,-1.7651,-0.001879,-0.027827,0.045086,6,False
recovered_after_rej,INDHOTEL,2018-12-17,2018-12-18,138.204,2018-12-26,139.2417,MOMENTUM_FAIL,7,7.264,20.0297,-12.7658,-0.013167,-0.014676,0.023549,6,False
recovered_after_rej,INDHOTEL,2021-05-26,2021-05-27,125.9322,2021-06-17,124.0122,TIME,7,-13.4399,19.6248,-33.0647,-0.037427,-0.019798,0.091528,16,False
recovered_after_rej,INDHOTEL,2023-05-12,2023-05-15,353.865,2023-06-05,384.7603,TIME,2,61.7906,19.0442,42.7465,0.060268,-0.009763,0.113808,16,False
recovered_after_rej,INDHOTEL,2024-01-08,2024-01-09,454.1596,2024-01-16,463.611,MOMENTUM_FAIL,2,18.9027,19.8038,-0.9011,-0.00099,-0.012312,0.043691,6,False
recovered_after_rej,INDHOTEL,2024-11-13,2024-11-14,708.7998,2024-12-09,834.5311,TARGET,1,125.7313,19.1789,106.5524,0.15,0.0,0.179049,16,False
recovered_after_rej,INDIACEM,2019-03-15,2019-03-18,95.5472,2019-04-01,111.9405,TARGET,10,163.9324,20.2982,143.6342,0.15,-0.02551,0.187245,9,False
recovered_after_rej,INDIACEM,2023-06-15,2023-06-16,224.65,2023-06-26,208.9245,STOP,4,-62.902,19.5962,-82.4982,-0.091607,-0.073225,0.054084,7,False
recovered_after_rej,INDIACEM,2025-06-04,2025-06-05,338.2,2025-06-12,331.9,MOMENTUM_FAIL,2,-12.6,18.7604,-31.3604,-0.046263,-0.022176,0.034004,6,False
recovered_after_rej,INDIACEM,2025-08-22,2025-08-25,375.0,2025-09-02,385.1,MOMENTUM_FAIL,2,20.2,19.138,1.062,0.001413,-0.0024,0.038133,6,False
recovered_after_rej,INDIACEM,2026-07-20,2026-07-21,392.5,2026-08-11,383.8,TIME,2,-17.4,19.2092,-36.6092,-0.046534,-0.026242,0.060892,16,False
recovered_after_rej,INDIANB,2020-08-14,2020-08-17,53.9387,2020-09-07,53.0397,TIME,18,-16.1817,19.9966,-36.1783,-0.037181,-0.021429,0.140476,16,False
recovered_after_rej,INDIANB,2023-04-20,2023-04-21,278.4325,2023-05-10,258.9422,STOP,3,-58.4708,19.3379,-77.8088,-0.092948,-0.071219,0.089431,13,False
recovered_after_rej,INDIANB,2024-07-23,2024-07-24,529.8278,2024-08-14,525.436,TIME,1,-4.3918,18.1582,-22.55,-0.042468,-0.043067,0.104964,16,False
recovered_after_rej,INDUSINDBK,2022-02-07,2022-02-08,908.825,2022-02-24,845.2072,STOP,1,-63.6177,19.6379,-83.2557,-0.091408,-0.073721,0.055437,13,False
recovered_after_rej,INDUSINDBK,2026-01-08,2026-01-09,876.6301,2026-02-02,908.7781,TIME,1,32.1479,19.697,12.4509,0.014172,-0.030636,0.095496,16,False
recovered_after_rej,INDUSTOWER,2019-02-14,2019-02-15,231.5929,2019-03-11,247.4607,TIME,4,63.4712,19.9708,43.5004,0.046855,-0.025735,0.085729,16,False
recovered_after_rej,INDUSTOWER,2025-10-29,2025-10-30,364.2902,2025-11-21,382.601,TIME,2,36.6217,19.081,17.5408,0.024023,-0.040212,0.095238,16,False
recovered_after_rej,INOXWIND,2020-08-28,2020-08-31,11.25,2020-08-31,10.4625,STOP,88,-69.3,19.9691,-89.2691,-0.089974,0.0,0.0,1,False
recovered_after_rej,INOXWIND,2023-05-09,2023-05-10,28.525,2023-05-29,33.412,TARGET,34,166.159,20.3635,145.7955,0.15,-0.028922,0.183173,14,False
recovered_after_rej,INTELLECT,2018-05-02,2018-05-03,190.4113,2018-05-24,207.6019,TIME,5,85.9529,20.125,65.8279,0.068992,-0.012788,0.150128,16,False
recovered_after_rej,INTELLECT,2019-03-08,2019-03-11,186.0284,2019-04-03,209.0141,TIME,5,114.9286,20.0915,94.8371,0.101737,0.0,0.157853,16,False
recovered_after_rej,INTELLECT,2020-12-18,2020-12-21,290.2432,2021-01-08,340.8898,TARGET,3,151.9396,19.916,132.0236,0.151293,-0.058725,0.197987,14,False
recovered_after_rej,IOB,2022-11-24,2022-11-25,22.4,2022-12-02,22.95,MOMENTUM_FAIL,44,24.2001,20.1409,4.0591,0.004109,-0.022321,0.049107,6,False
recovered_after_rej,IOB,2023-04-20,2023-04-21,23.7,2023-05-15,24.85,TIME,42,48.3,20.2314,28.0686,0.028137,-0.016878,0.118143,16,False
recovered_after_rej,IOB,2023-05-03,2023-05-04,25.35,2023-05-11,24.8,MOMENTUM_FAIL,39,-21.45,20.0609,-41.5109,-0.041896,-0.04142,0.019724,6,False
recovered_after_rej,IOB,2024-05-30,2024-05-31,68.1,2024-06-04,63.333,STOP,14,-66.738,19.8198,-86.5578,-0.09059,-0.139501,0.099853,3,False
recovered_after_rej,IOB,2025-06-03,2025-06-04,40.75,2025-06-11,39.58,MOMENTUM_FAIL,24,-28.08,20.0024,-48.0823,-0.049057,-0.045644,0.025767,6,False
recovered_after_rej,IOB,2025-09-04,2025-09-05,38.04,2025-09-26,38.2,TIME,26,4.16,20.1146,-15.9546,-0.016096,-0.005258,0.086225,16,False
recovered_after_rej,IOC,2025-05-06,2025-05-07,130.1454,2025-05-14,133.3711,MOMENTUM_FAIL,7,22.5803,19.8227,2.7576,0.00302,-0.017072,0.045643,6,False
recovered_after_rej,IPCALAB,2023-10-26,2023-10-27,970.6339,2023-11-03,960.5804,MOMENTUM_FAIL,1,-10.0535,20.008,-30.0615,-0.030903,-0.013827,0.020154,6,False
recovered_after_rej,IRB,2022-10-21,2022-10-24,11.4469,2022-11-01,11.4836,MOMENTUM_FAIL,87,3.1864,20.1416,-16.9551,-0.016988,-0.008959,0.042662,6,False
recovered_after_rej,IRB,2023-05-05,2023-05-08,13.7715,2023-05-15,13.8691,MOMENTUM_FAIL,72,7.0322,20.1311,-13.0989,-0.013182,-0.033688,0.028369,6,False
recovered_after_rej,IRB,2024-05-28,2024-05-29,34.8985,2024-05-30,32.4556,STOP,28,-68.401,19.9167,-88.3178,-0.090185,-0.100917,0.0,2,False
recovered_after_rej,IRCON,2018-12-24,2018-12-26,32.1893,2019-01-16,30.8462,TIME,30,-40.2921,19.9255,-60.2176,-0.062222,-0.061609,0.056092,16,False
recovered_after_rej,IRCON,2020-01-06,2020-01-07,33.1479,2020-01-28,35.7917,TIME,30,79.3145,20.2905,59.024,0.059225,-0.021925,0.099787,16,False
recovered_after_rej,IRCON,2020-02-03,2020-02-04,34.8214,2020-02-13,40.7841,TARGET,28,166.9563,20.3868,146.5695,0.15,-0.004964,0.212771,8,False
recovered_after_rej,IRCON,2021-10-25,2021-10-26,42.9241,2021-11-02,41.3473,MOMENTUM_FAIL,23,-36.2665,20.0248,-56.2913,-0.056894,-0.060204,0.012245,6,False
recovered_after_rej,IRCON,2022-08-10,2022-08-11,35.7118,2022-09-05,38.5145,TIME,27,75.6728,20.1555,55.5174,0.057452,-0.005063,0.101266,16,False
recovered_after_rej,IRCON,2024-01-08,2024-01-09,173.0034,2024-01-17,202.9882,TARGET,5,149.924,19.8878,130.0362,0.15,-0.010515,0.178473,7,False
recovered_after_rej,IRCON,2024-12-13,2024-12-16,220.342,2024-12-23,205.8433,MOMENTUM_FAIL,4,-57.995,19.5334,-77.5284,-0.087772,-0.074604,0.028609,6,False
recovered_after_rej,IRCTC,2021-02-16,2021-02-17,319.1098,2021-02-24,319.7682,MOMENTUM_FAIL,3,1.9753,19.9763,-18.001,-0.018762,-0.047368,0.032297,6,False
recovered_after_rej,IRCTC,2023-08-08,2023-08-09,623.3832,2023-08-31,650.6786,TIME,1,27.2955,18.6178,8.6777,0.01389,-0.016569,0.065532,16,False
recovered_after_rej,IRCTC,2025-05-20,2025-05-21,774.8647,2025-05-28,764.6703,MOMENTUM_FAIL,1,-10.1944,19.1811,-29.3754,-0.037828,-0.01608,0.013728,6,False
recovered_after_rej,IRCTC,2025-12-30,2025-12-31,677.9323,2026-01-07,668.3462,MOMENTUM_FAIL,1,-9.5861,18.773,-28.3591,-0.04174,-0.022419,0.028134,6,False
recovered_after_rej,ITC,2019-04-22,2019-04-23,210.0222,2019-05-02,212.0032,MOMENTUM_FAIL,4,7.924,19.4934,-11.5694,-0.013742,-0.01208,0.025319,6,False
recovered_after_rej,ITC,2021-03-25,2021-03-26,163.9578,2021-04-06,162.7333,MOMENTUM_FAIL,6,-7.3466,20.0689,-27.4155,-0.027808,-0.019137,0.029638,6,False
recovered_after_rej,ITCHOTELS,2025-05-28,2025-05-29,206.8438,2025-06-19,208.6718,TIME,4,7.3121,19.4384,-12.1264,-0.014624,-0.00682,0.079107,16,False
recovered_after_rej,ITCHOTELS,2025-07-23,2025-07-24,241.9139,2025-07-31,228.9489,MOMENTUM_FAIL,4,-51.86,19.9103,-71.7703,-0.074007,-0.055441,0.013799,6,False
recovered_after_rej,ITI,2019-04-03,2019-04-04,102.05,2019-04-11,100.15,MOMENTUM_FAIL,9,-17.1,19.7733,-36.8733,-0.04006,-0.051935,0.047526,6,False
recovered_after_rej,ITI,2023-08-14,2023-08-16,113.5,2023-09-06,127.7,TIME,8,113.6,19.9953,93.6047,0.102864,-0.00837,0.159471,16,False
recovered_after_rej,ITI,2023-09-08,2023-09-11,125.45,2023-09-11,147.1583,TARGET,7,151.9578,19.9474,132.0105,0.15,0.0,0.0,1,False
recovered_after_rej,J&KBANK,2023-10-09,2023-10-10,106.6571,2023-10-23,99.1911,STOP,9,-67.194,19.8464,-87.0404,-0.090477,-0.107706,0.060838,10,False
recovered_after_rej,JBMA,2022-12-21,2022-12-22,224.0164,2022-12-28,262.6995,TARGET,4,154.7324,20.0287,134.7037,0.15,-0.001333,0.188667,5,False
recovered_after_rej,JBMA,2023-02-23,2023-02-24,276.3366,2023-03-10,324.4526,TARGET,3,144.3477,19.7244,124.6234,0.15,-0.007386,0.212214,10,False
recovered_after_rej,JBMA,2023-03-14,2023-03-15,304.0649,2023-04-05,356.475,TARGET,3,157.2302,20.1019,137.1284,0.15,-0.066798,0.185331,14,False
recovered_after_rej,JBMA,2026-05-12,2026-05-13,663.0828,2026-05-18,616.667,STOP,1,-46.4158,18.6353,-65.0511,-0.09789,-0.084864,0.0125,4,False
recovered_after_rej,JINDALSAW,2021-07-05,2021-07-06,55.3068,2021-07-27,64.7588,TARGET,18,170.1349,20.48,149.655,0.15,-0.007222,0.235655,15,False
recovered_after_rej,JINDALSAW,2023-01-04,2023-01-05,51.9455,2023-01-27,56.1079,TIME,19,79.0853,20.2584,58.8268,0.059474,-0.000463,0.127374,16,False
recovered_after_rej,JINDALSAW,2023-01-06,2023-01-09,53.75,2023-01-16,53.6778,MOMENTUM_FAIL,18,-1.2992,20.0126,-21.3118,-0.02198,-0.025962,0.04521,6,False
recovered_after_rej,JINDALSAW,2023-02-03,2023-02-06,62.7725,2023-02-21,73.558,TARGET,15,161.7821,20.2352,141.5469,0.15,0.0,0.180529,12,False
recovered_after_rej,JINDALSAW,2023-05-25,2023-05-26,93.9542,2023-05-31,110.1008,TARGET,10,161.4654,20.226,141.2395,0.15,-0.021767,0.273752,4,False
recovered_after_rej,JINDALSAW,2024-09-25,2024-09-26,356.6197,2024-10-04,356.4479,MOMENTUM_FAIL,2,-0.3436,18.9409,-19.2845,-0.026979,-0.039229,0.045974,6,False
recovered_after_rej,JINDALSAW,2025-03-21,2025-03-24,274.3984,2025-04-01,266.8389,MOMENTUM_FAIL,3,-22.6785,19.3597,-42.0382,-0.050956,-0.061217,0.013953,6,False
recovered_after_rej,JINDALSTEL,2024-02-05,2024-02-06,763.5114,2024-02-13,732.2452,MOMENTUM_FAIL,1,-31.2662,19.0902,-50.3564,-0.06581,-0.077213,0.047461,6,False
recovered_after_rej,JKTYRE,2021-08-10,2021-08-11,137.4743,2021-09-02,138.3054,TIME,7,5.8175,20.0052,-14.1877,-0.014711,-0.035917,0.115285,16,False
recovered_after_rej,JKTYRE,2022-04-19,2022-04-20,119.1877,2022-05-11,110.8446,STOP,8,-66.7451,19.8202,-86.5653,-0.090589,-0.0996,0.076,15,False
recovered_after_rej,JKTYRE,2022-08-19,2022-08-22,128.7223,2022-09-06,150.9373,TARGET,7,155.5052,20.0513,135.4539,0.15,-0.025084,0.209285,11,False
recovered_after_rej,JKTYRE,2022-08-25,2022-08-26,133.8789,2022-09-13,156.8925,TARGET,7,161.0952,20.2151,140.8801,0.15,-0.031678,0.174226,12,False
recovered_after_rej,JKTYRE,2023-03-24,2023-03-27,150.5535,2023-04-21,158.2161,TIME,6,45.9758,19.8378,26.1379,0.028872,-0.050896,0.110115,16,False
recovered_after_rej,JKTYRE,2023-09-28,2023-09-29,268.0525,2023-10-17,314.8855,TARGET,3,140.4989,19.6116,120.8873,0.15,-0.039507,0.246829,12,False
recovered_after_rej,JKTYRE,2023-12-20,2023-12-21,346.8944,2024-01-12,393.1404,TIME,2,92.4921,19.0478,73.4443,0.105629,0.0,0.15376,16,False
recovered_after_rej,JMFINANCIL,2018-12-24,2018-12-26,76.4081,2019-01-16,77.6209,TIME,13,15.7668,20.1563,-4.3895,-0.004409,-0.007369,0.069161,16,False
recovered_after_rej,JMFINANCIL,2021-03-05,2021-03-08,83.6036,2021-03-19,77.7513,STOP,11,-64.3748,19.6821,-84.0568,-0.091203,-0.190526,0.070526,9,False
recovered_after_rej,JMFINANCIL,2022-11-15,2022-11-16,64.9586,2022-11-23,64.6406,MOMENTUM_FAIL,15,-4.7696,20.0346,-24.8041,-0.025401,-0.018182,0.024476,6,False
recovered_after_rej,JMFINANCIL,2023-05-29,2023-05-30,64.9272,2023-06-20,68.8919,TIME,15,59.4698,20.1634,39.3064,0.040271,-0.021552,0.093391,16,False
recovered_after_rej,JMFINANCIL,2024-06-19,2024-06-20,79.5433,2024-06-27,81.8504,MOMENTUM_FAIL,12,27.6855,20.0168,7.6687,0.008017,-0.012517,0.041401,6,False
recovered_after_rej,JPPOWER,2022-12-07,2022-12-08,7.75,2022-12-22,7.2075,STOP,128,-69.44,19.9773,-89.4173,-0.089942,-0.077419,0.116129,11,False
recovered_after_rej,JPPOWER,2023-08-03,2023-08-04,6.3,2023-08-09,7.3767,TARGET,158,170.1159,20.4794,149.6364,0.15,0.0,0.18254,4,False
recovered_after_rej,JPPOWER,2023-09-12,2023-09-13,8.75,2023-09-14,10.2451,TARGET,114,170.4411,20.489,149.9521,0.15,0.0,0.188571,2,False
recovered_after_rej,JPPOWER,2024-10-07,2024-10-08,17.65,2024-10-09,20.6684,TARGET,56,169.0318,20.4477,148.5841,0.15,0.0,0.291785,2,False
recovered_after_rej,JSL,2021-06-17,2021-06-18,96.4514,2021-06-18,89.6998,STOP,10,-67.516,19.8651,-87.3811,-0.090398,0.0,0.0,1,False
recovered_after_rej,JSL,2022-08-22,2022-08-23,117.7,2022-09-14,137.9231,TARGET,8,161.7841,20.2353,141.5488,0.15,0.0,0.180532,16,False
recovered_after_rej,JSL,2022-11-24,2022-11-25,168.6185,2022-12-02,173.2697,MOMENTUM_FAIL,5,23.2561,19.5373,3.7188,0.004401,-0.017712,0.045296,6,False
recovered_after_rej,JSL,2023-08-24,2023-08-25,420.1078,2023-09-11,493.1493,TARGET,2,146.0831,19.7752,126.3079,0.15,-0.035322,0.265497,12,False
recovered_after_rej,JSL,2023-11-22,2023-11-23,498.2826,2023-12-15,537.2503,TIME,2,77.9354,20.2966,57.6388,0.057711,-0.023491,0.129448,16,False
recovered_after_rej,JSWENERGY,2020-06-04,2020-06-05,39.9435,2020-06-15,46.7945,TARGET,24,164.4235,20.3126,144.1109,0.15,0.0,0.171598,7,False
recovered_after_rej,JSWENERGY,2021-01-14,2021-01-15,69.1606,2021-02-08,69.2573,TIME,14,1.3533,20.0211,-18.6678,-0.019238,-0.032146,0.10552,16,False
recovered_after_rej,JSWENERGY,2023-11-28,2023-11-29,407.6441,2023-12-20,400.7676,TIME,2,-13.753,19.3445,-33.0975,-0.040508,-0.027913,0.157767,16,False
recovered_after_rej,JSWENERGY,2026-03-16,2026-03-17,503.4378,2026-03-24,482.3595,MOMENTUM_FAIL,1,-21.0783,18.0128,-39.0911,-0.077479,-0.049787,0.035831,6,False
recovered_after_rej,JSWENERGY,2026-06-01,2026-06-02,579.8778,2026-06-09,570.4,MOMENTUM_FAIL,1,-9.4777,18.3592,-27.8369,-0.0479,-0.026174,0.022457,6,False
recovered_after_rej,JSWINFRA,2026-07-15,2026-07-16,337.05,2026-07-23,324.5,MOMENTUM_FAIL,2,-25.1,18.7252,-43.8252,-0.064871,-0.041685,0.042872,6,False
recovered_after_rej,JSWINFRA,2026-09-28,2026-09-29,347.25,2026-10-09,338.75,TIME,2,-17.0,18.8279,-35.8279,-0.051475,-0.0455,0.056731,8,False
recovered_after_rej,JUBLFOOD,2019-10-25,2019-10-27,300.6195,2019-11-19,313.26,TIME,3,37.9218,19.8153,18.1065,0.020033,-0.011747,0.071989,16,False
recovered_after_rej,JUBLFOOD,2025-06-30,2025-07-01,699.8361,2025-07-08,685.054,MOMENTUM_FAIL,1,-14.7821,18.8549,-33.637,-0.047959,-0.033639,0.016571,6,False
recovered_after_rej,JUBLINGREA,2021-07-29,2021-07-30,568.8977,2021-08-11,672.9629,TARGET,1,104.0653,18.544,85.5212,0.15,-0.004622,0.183284,9,False
recovered_after_rej,JUBLINGREA,2022-01-12,2022-01-13,572.764,2022-01-24,532.6705,STOP,1,-40.0935,18.2668,-58.3603,-0.10167,-0.113245,0.081927,8,False
recovered_after_rej,JUBLINGREA,2024-06-24,2024-06-25,517.0785,2024-07-02,512.6091,MOMENTUM_FAIL,1,-4.4694,18.1042,-22.5736,-0.043561,-0.020992,0.023271,6,False
recovered_after_rej,JUBLINGREA,2024-08-05,2024-08-06,602.6398,2024-08-12,711.9306,TARGET,1,109.2908,18.6972,90.5936,0.15,-0.0009,0.188216,5,False
recovered_after_rej,JUBLINGREA,2024-09-06,2024-09-09,704.5757,2024-09-30,764.9877,TIME,1,60.412,19.028,41.3839,0.058608,-0.012809,0.119759,16,False
recovered_after_rej,JWL,2022-04-12,2022-04-13,49.6399,2022-04-19,58.1255,TARGET,20,169.7129,20.4676,149.2453,0.15,-0.013,0.192,3,False
recovered_after_rej,JWL,2023-04-28,2023-05-02,105.4848,2023-05-23,115.5617,TIME,9,90.6921,20.1233,70.5688,0.074171,0.0,0.143059,16,False
recovered_after_rej,JWL,2023-05-15,2023-05-16,116.6538,2023-05-23,115.5617,MOMENTUM_FAIL,8,-8.7367,19.8527,-28.5894,-0.030568,-0.046383,0.028511,6,False
recovered_after_rej,JWL,2023-11-23,2023-11-24,329.0064,2023-12-18,327.0182,TIME,3,-5.9648,20.0855,-26.0503,-0.026335,-0.069497,0.085663,16,False
recovered_after_rej,KAJARIACER,2021-08-10,2021-08-11,964.2673,2021-08-27,1129.5618,TARGET,1,165.2945,20.3381,144.9563,0.15,0.0,0.209798,12,False
recovered_after_rej,KALYANKJIL,2021-09-21,2021-09-22,67.2268,2021-10-07,78.7781,TARGET,14,161.7183,20.2334,141.4849,0.15,0.0,0.183689,12,False
recovered_after_rej,KALYANKJIL,2022-12-07,2022-12-08,109.3609,2022-12-19,128.0707,TARGET,9,168.3888,20.4288,147.9599,0.15,-0.019874,0.174345,8,False
recovered_after_rej,KALYANKJIL,2024-09-26,2024-09-27,715.9253,2024-10-21,699.1431,TIME,1,-16.7822,18.9188,-35.701,-0.049758,-0.065955,0.072196,16,False
recovered_after_rej,KALYANKJIL,2025-07-08,2025-07-09,569.9995,2025-07-16,586.0865,MOMENTUM_FAIL,1,16.0871,18.3696,-2.2825,-0.003996,0.0,0.037892,6,False
recovered_after_rej,KARURVYSYA,2019-12-02,2019-12-03,46.7032,2019-12-24,45.7501,TIME,21,-20.0157,20.0305,-40.0462,-0.040742,-0.035102,0.054694,16,False
recovered_after_rej,KARURVYSYA,2020-11-11,2020-11-12,26.9163,2020-12-04,28.7844,TIME,37,69.1207,20.2759,48.8448,0.048939,-0.008499,0.121813,16,False
recovered_after_rej,KARURVYSYA,2022-02-04,2022-02-07,41.1293,2022-02-22,38.2502,STOP,24,-69.0972,19.9573,-89.0545,-0.090021,-0.100187,0.057116,12,False
recovered_after_rej,KARURVYSYA,2022-06-06,2022-06-07,36.1614,2022-06-20,33.6301,STOP,27,-68.345,19.9135,-88.2585,-0.090198,-0.084132,0.057508,10,False
recovered_after_rej,KARURVYSYA,2022-09-06,2022-09-07,57.0779,2022-09-14,66.8562,TARGET,17,166.2324,20.3656,145.8667,0.15,0.0,0.176676,6,False
recovered_after_rej,KARURVYSYA,2022-10-19,2022-10-20,72.3438,2022-11-14,80.5547,TIME,13,106.742,20.1184,86.6236,0.091906,-0.029752,0.168044,16,False
recovered_after_rej,KARURVYSYA,2025-06-04,2025-06-05,187.9794,2025-06-26,204.5251,TIME,5,82.7286,20.0671,62.6615,0.066523,0.0,0.104046,16,False
recovered_after_rej,KAYNES,2023-02-10,2023-02-13,842.7,2023-03-06,899.7,TIME,1,57.0,19.6043,37.3957,0.044279,0.0,0.137119,16,False
recovered_after_rej,KEC,2018-02-27,2018-02-28,374.4388,2018-03-22,362.2673,TIME,2,-24.343,19.0425,-43.3855,-0.057808,-0.067121,0.055583,16,False
recovered_after_rej,KEC,2020-01-22,2020-01-23,312.3533,2020-02-13,328.0441,TIME,3,47.0723,19.9825,27.0898,0.028846,-0.026896,0.084618,16,False
recovered_after_rej,KEC,2020-12-03,2020-12-04,348.8268,2020-12-11,349.8755,MOMENTUM_FAIL,2,2.0974,18.8801,-16.7827,-0.024003,-0.003553,0.035802,6,False
recovered_after_rej,KEC,2023-05-16,2023-05-17,508.9695,2023-05-18,473.3416,STOP,1,-35.6279,18.0066,-53.6344,-0.105149,-0.089953,0.0,2,False
recovered_after_rej,KEC,2023-07-10,2023-07-11,567.4516,2023-07-18,583.7507,MOMENTUM_FAIL,1,16.2991,18.3592,-2.0601,-0.003623,0.0,0.049387,6,False
recovered_after_rej,KEC,2024-09-11,2024-09-12,939.0687,2024-10-04,1013.9683,TIME,1,74.8996,20.0477,54.8519,0.058284,-0.021914,0.117155,16,False
recovered_after_rej,KEC,2025-03-26,2025-03-27,746.3926,2025-04-04,694.1451,STOP,1,-52.2475,18.9752,-71.2227,-0.095214,-0.102454,0.065802,6,False
recovered_after_rej,KEC,2025-05-30,2025-06-02,819.1803,2025-06-23,868.3439,TIME,1,49.1636,19.4891,29.6745,0.036146,0.0,0.118772,16,False
recovered_after_rej,KEI,2018-08-01,2018-08-02,428.2403,2018-08-09,418.1093,MOMENTUM_FAIL,2,-20.2618,19.5052,-39.767,-0.046329,-0.028343,0.033829,6,False
recovered_after_rej,KEI,2019-11-05,2019-11-06,537.1115,2019-11-22,499.5137,STOP,1,-37.5978,18.1214,-55.7192,-0.103512,-0.071429,0.062271,12,False
recovered_after_rej,KEI,2020-07-16,2020-07-17,365.7179,2020-08-07,372.8365,TIME,2,14.2373,19.0474,-4.8102,-0.006562,-0.064612,0.051636,16,False
recovered_after_rej,KEI,2021-07-05,2021-07-06,718.7343,2021-07-13,717.543,MOMENTUM_FAIL,1,-1.1913,18.9624,-20.1537,-0.027979,-0.01395,0.031423,6,False
recovered_after_rej,KEI,2021-09-09,2021-09-13,790.9056,2021-09-24,929.3523,TARGET,1,138.4467,19.5515,118.8952,0.15,0.0,0.248525,10,False
recovered_after_rej,KFINTECH,2024-08-05,2024-08-06,818.704,2024-08-09,961.4557,TARGET,1,142.7517,19.6776,123.0741,0.15,-0.002381,0.298417,4,False
recovered_after_rej,KIMS,2021-11-16,2021-11-17,235.0,2021-12-06,275.3841,TARGET,4,161.5363,20.228,141.3083,0.15,-0.042553,0.213617,13,False
recovered_after_rej,KIMS,2021-11-22,2021-11-23,237.0,2021-12-06,277.6938,TARGET,4,162.7752,20.2643,142.5109,0.15,-0.010928,0.203376,10,False
recovered_after_rej,KIMS,2023-07-21,2023-07-24,375.0,2023-08-14,375.76,TIME,2,1.52,19.0999,-17.5799,-0.023389,-0.03664,0.106667,16,False
recovered_after_rej,KIMS,2025-04-24,2025-04-25,670.2,2025-05-09,611.0,GAP_STOP,1,-59.2,18.6393,-77.8394,-0.11589,-0.089824,0.056401,10,False
recovered_after_rej,KIMS,2025-07-21,2025-07-22,747.0,2025-08-11,694.71,STOP,1,-52.29,18.9777,-71.2677,-0.095197,-0.072758,0.068809,15,False
recovered_after_rej,KIMS,2026-05-18,2026-05-19,722.5,2026-06-10,763.15,TIME,1,40.65,19.0635,21.5865,0.029812,0.0,0.122491,16,False
recovered_after_rej,KIRLOSBROS,2022-09-26,2022-09-27,320.9096,2022-10-19,329.6652,TIME,3,26.2669,20.0486,6.2184,0.006445,-0.007971,0.117106,16,False
recovered_after_rej,KIRLOSBROS,2022-11-16,2022-11-17,378.7559,2022-12-08,362.4251,TIME,2,-32.6616,19.0621,-51.7237,-0.068132,-0.054416,0.102727,16,False
recovered_after_rej,KIRLOSENG,2021-07-22,2021-07-23,244.8062,2021-07-28,227.6698,STOP,4,-68.5457,19.9252,-88.4709,-0.090151,-0.074647,0.047346,4,False
recovered_after_rej,KIRLOSENG,2022-10-14,2022-10-17,262.1243,2022-11-09,276.563,TIME,3,43.3159,19.3386,23.9772,0.030424,-0.068946,0.138447,16,False
recovered_after_rej,KIRLOSENG,2022-11-09,2022-11-10,276.1753,2022-11-17,324.2662,TARGET,3,144.2728,19.7222,124.5506,0.15,-0.007017,0.22,6,False
recovered_after_rej,KOTAKBANK,2022-11-22,2022-11-23,388.2337,2022-11-30,387.547,MOMENTUM_FAIL,2,-1.3734,19.2058,-20.5792,-0.026446,-0.017688,0.002974,6,False
recovered_after_rej,KOTAKBANK,2026-10-08,2026-10-09,438.0,2026-10-09,441.0,TIME,2,6.0,19.6411,-13.6411,-0.015538,0.0,0.0,1,False
recovered_after_rej,KPIL,2023-07-05,2023-07-06,531.8683,2023-07-13,547.3648,MOMENTUM_FAIL,1,15.4965,18.2073,-2.7108,-0.005086,-0.010478,0.042279,6,False
recovered_after_rej,KPITTECH,2023-02-13,2023-02-14,805.1696,2023-03-08,803.0209,TIME,1,-2.1487,19.3254,-21.4742,-0.026612,-0.023168,0.062773,16,False
recovered_after_rej,KPITTECH,2023-03-21,2023-03-22,861.426,2023-03-29,875.0505,MOMENTUM_FAIL,1,13.6246,19.5951,-5.9705,-0.006916,-0.01695,0.036168,6,False
recovered_after_rej,KPRMILL,2020-12-09,2020-12-10,164.3762,2021-01-01,169.9034,TIME,6,33.1632,20.162,13.0013,0.013154,-0.051504,0.129529,16,False
recovered_after_rej,KPRMILL,2021-07-30,2021-08-02,375.1706,2021-08-10,348.9087,STOP,2,-52.5239,18.9913,-71.5152,-0.095102,-0.075599,0.052083,7,False
recovered_after_rej,KPRMILL,2022-07-26,2022-07-27,547.1598,2022-08-19,599.4137,TIME,1,52.2539,18.3468,33.9071,0.061834,-0.005716,0.124357,16,False
recovered_after_rej,KPRMILL,2023-10-23,2023-10-25,780.0751,2023-11-16,776.2864,TIME,1,-3.7887,19.2161,-23.0048,-0.029426,-0.058534,0.064274,16,False
recovered_after_rej,KPRMILL,2024-09-26,2024-09-27,960.5652,2024-10-07,909.071,MOMENTUM_FAIL,1,-51.4942,19.8811,-71.3753,-0.074143,-0.072165,0.008093,6,False
recovered_after_rej,KSB,2018-06-15,2018-06-18,153.5376,2018-06-28,142.79,STOP,6,-64.4858,19.6885,-84.1743,-0.091173,-0.072039,0.110073,9,False
recovered_after_rej,KSB,2022-09-15,2022-09-16,381.1104,2022-09-23,371.4054,MOMENTUM_FAIL,2,-19.41,19.1089,-38.5189,-0.050425,-0.048078,0.038133,6,False
recovered_after_rej,KSB,2023-03-14,2023-03-15,396.0253,2023-03-22,407.1504,MOMENTUM_FAIL,2,22.25,19.3197,2.9303,0.003692,-0.031133,0.047009,6,False
recovered_after_rej,KSB,2023-09-26,2023-09-27,571.2629,2023-10-19,635.7246,TIME,1,64.4618,18.4734,45.9884,0.080327,-0.002416,0.155661,16,False
recovered_after_rej,LALPATHLAB,2023-05-19,2023-05-22,941.5272,2023-06-12,949.1071,TIME,1,7.58,19.921,-12.341,-0.013079,-0.014352,0.066668,16,False
recovered_after_rej,LEMONTREE,2019-03-15,2019-03-18,81.0,2019-03-26,79.0,MOMENTUM_FAIL,12,-24.0,19.9854,-43.9854,-0.045154,-0.054938,0.03642,6,False
recovered_after_rej,LEMONTREE,2020-11-23,2020-11-24,31.9,2020-12-02,37.3551,TARGET,31,169.1092,20.4499,148.6593,0.15,0.0,0.250784,6,False
recovered_after_rej,LEMONTREE,2022-03-15,2022-03-16,55.15,2022-03-24,55.45,MOMENTUM_FAIL,18,5.4,20.1326,-14.7326,-0.014809,-0.048957,0.047144,6,False
recovered_after_rej,LEMONTREE,2023-04-25,2023-04-26,83.0,2023-05-18,94.7,TIME,12,140.4,20.4214,119.9785,0.120198,0.0,0.168675,16,False
recovered_after_rej,LICHSGFIN,2023-06-23,2023-06-26,363.372,2023-07-04,363.5117,MOMENTUM_FAIL,2,0.2795,18.9992,-18.7197,-0.025702,-0.006281,0.027945,6,False
recovered_after_rej,LICHSGFIN,2026-04-24,2026-04-27,533.2924,2026-05-05,547.1639,MOMENTUM_FAIL,1,13.8715,18.21,-4.3386,-0.008118,-0.006802,0.043566,6,False
recovered_after_rej,LICHSGFIN,2026-05-12,2026-05-13,554.6633,2026-05-20,536.0372,MOMENTUM_FAIL,1,-18.6261,18.2341,-36.8602,-0.06631,-0.056645,0.026776,6,False
recovered_after_rej,LICI,2023-08-02,2023-08-03,306.3535,2023-08-10,306.5446,MOMENTUM_FAIL,3,0.5731,19.8119,-19.2387,-0.020887,-0.002495,0.036956,6,False
recovered_after_rej,LICI,2024-05-23,2024-05-24,495.3727,2024-05-31,485.6378,MOMENTUM_FAIL,2,-19.4697,20.0737,-39.5434,-0.039826,-0.042594,0.028509,6,False
recovered_after_rej,LINDEINDIA,2018-11-05,2018-11-06,444.5958,2018-11-09,521.4298,TARGET,2,153.6678,19.9975,133.6703,0.15,-0.001961,0.270429,3,False
recovered_after_rej,LLOYDSME,2024-09-19,2024-09-20,812.6068,2024-09-30,954.4142,TARGET,1,141.8074,19.6499,122.1575,0.15,0.0,0.179796,7,False
recovered_after_rej,LTF,2020-11-11,2020-11-12,59.7922,2020-11-27,70.0496,TARGET,16,164.1188,20.3037,143.8151,0.15,-0.002922,0.287801,12,False
recovered_after_rej,LTF,2024-06-19,2024-06-20,171.6623,2024-07-11,174.6239,TIME,5,14.8077,19.5843,-4.7767,-0.005553,0.0,0.102378,16,False
recovered_after_rej,LTFOODS,2019-03-15,2019-03-18,35.4802,2019-03-26,34.7917,MOMENTUM_FAIL,28,-19.2778,20.0855,-39.3633,-0.039537,-0.068564,0.032342,6,False
recovered_after_rej,LTFOODS,2021-09-27,2021-09-28,67.856,2021-10-20,66.3705,TIME,14,-20.7976,19.8989,-40.6966,-0.042746,-0.038135,0.070621,16,False
recovered_after_rej,LTFOODS,2021-12-20,2021-12-21,69.3099,2022-01-11,75.5362,TIME,14,87.1685,20.2047,66.9638,0.06886,0.0,0.153203,16,False
recovered_after_rej,LTFOODS,2023-05-16,2023-05-17,110.5458,2023-06-07,121.3808,TIME,9,97.5146,20.3295,77.1851,0.077411,-0.012362,0.106843,16,False
recovered_after_rej,LTFOODS,2023-06-08,2023-06-09,120.551,2023-07-03,127.9696,TIME,8,59.3482,20.123,39.2252,0.040584,-0.032794,0.117409,16,False
recovered_after_rej,LUPIN,2020-08-07,2020-08-10,857.3632,2020-08-31,896.6594,TIME,1,39.2962,19.6302,19.666,0.022888,0.0,0.166986,16,False
recovered_after_rej,LUPIN,2022-04-05,2022-04-06,752.8343,2022-04-13,751.4247,MOMENTUM_FAIL,1,-1.4096,19.1059,-20.5155,-0.027192,-0.011427,0.022403,6,False
recovered_after_rej,LUPIN,2023-04-13,2023-04-17,655.3513,2023-05-09,729.2495,TIME,1,73.8982,18.8477,55.0505,0.083818,-0.017164,0.122388,16,False
recovered_after_rej,LUPIN,2023-04-20,2023-04-21,670.0232,2023-04-28,693.9877,MOMENTUM_FAIL,1,23.9644,18.8079,5.1565,0.007679,-0.007299,0.037007,6,False
recovered_after_rej,M&M,2019-09-24,2019-09-25,525.2058,2019-10-03,528.9659,MOMENTUM_FAIL,1,3.7602,18.1553,-14.3951,-0.027349,-0.04063,0.019778,6,False
recovered_after_rej,M&MFIN,2019-09-24,2019-09-25,186.7309,2019-10-01,173.6597,STOP,5,-65.3558,19.7392,-85.095,-0.090943,-0.077566,0.038123,5,False
recovered_after_rej,M&MFIN,2024-12-06,2024-12-09,265.7219,2024-12-16,264.0996,MOMENTUM_FAIL,3,-4.867,19.2861,-24.1531,-0.030233,-0.028371,0.038068,6,False
recovered_after_rej,M&MFIN,2026-07-24,2026-07-27,361.0,2026-08-17,388.9,TIME,2,55.8,19.0922,36.7078,0.050731,-0.02313,0.149584,16,False
recovered_after_rej,MAHABANK,2021-06-08,2021-06-09,22.6786,2021-06-16,22.0806,MOMENTUM_FAIL,43,-25.7109,19.9953,-45.7062,-0.046767,-0.043314,0.026365,6,False
recovered_after_rej,MAHABANK,2023-04-21,2023-04-24,24.7065,2023-05-16,27.3536,TIME,40,105.8849,20.3185,85.5664,0.086394,0.0,0.139286,16,False
recovered_after_rej,MAHABANK,2023-07-13,2023-07-14,28.2167,2023-08-04,31.1626,TIME,35,103.1082,20.31,82.7982,0.083656,0.0,0.150082,16,False
recovered_after_rej,MAHABANK,2023-07-20,2023-07-21,30.15,2023-08-11,35.3029,TARGET,33,170.046,20.4774,149.5687,0.15,-0.001527,0.184733,16,False
recovered_after_rej,MAHABANK,2026-08-31,2026-09-01,82.0,2026-09-23,84.11,TIME,12,25.32,20.1365,5.1836,0.005256,-0.034146,0.067073,16,False
recovered_after_rej,MANAPPURAM,2019-05-29,2019-05-30,115.2669,2019-06-21,115.6628,TIME,8,3.1676,19.8301,-16.6625,-0.01803,-0.064122,0.098473,16,False
recovered_after_rej,MANAPPURAM,2020-01-20,2020-01-21,159.0394,2020-02-05,147.9066,STOP,6,-66.7965,19.8232,-86.6197,-0.090576,-0.070273,0.086447,12,False
recovered_after_rej,MANAPPURAM,2020-12-01,2020-12-02,156.454,2020-12-09,155.6471,MOMENTUM_FAIL,6,-4.8412,19.8839,-24.725,-0.026282,-0.015473,0.018912,6,False
recovered_after_rej,MANAPPURAM,2022-11-10,2022-11-11,99.5342,2022-12-02,112.0312,TIME,10,124.9704,20.3872,104.5831,0.104843,0.0,0.132625,16,False
recovered_after_rej,MANAPPURAM,2025-06-04,2025-06-05,230.1723,2025-06-10,269.8087,TARGET,4,158.5457,20.1404,138.4053,0.15,0.0,0.178647,4,False
recovered_after_rej,MANAPPURAM,2026-07-08,2026-07-09,329.6029,2026-07-16,324.1685,MOMENTUM_FAIL,3,-16.3031,20.072,-36.3751,-0.036707,-0.023597,0.037513,6,False
recovered_after_rej,MARICO,2021-07-02,2021-07-05,492.9029,2021-07-12,498.1974,MOMENTUM_FAIL,2,10.589,20.1141,-9.525,-0.009641,-0.004563,0.023764,6,False
recovered_after_rej,MARICO,2022-09-23,2022-09-26,517.8523,2022-10-03,505.1636,MOMENTUM_FAIL,1,-12.6887,18.0908,-30.7795,-0.059307,-0.036938,0.018792,6,False
recovered_after_rej,MAXHEALTH,2020-11-10,2020-11-11,114.6236,2020-11-12,106.5999,STOP,8,-64.1892,19.6712,-83.8604,-0.091253,-0.157781,0.040312,2,False
recovered_after_rej,MCX,2021-05-14,2021-05-17,291.611,2021-06-07,305.9161,TIME,3,42.9152,19.7113,23.2039,0.026466,-0.012964,0.084593,16,False
recovered_after_rej,MCX,2024-04-15,2024-04-16,734.4151,2024-05-09,746.136,TIME,1,11.7209,19.0549,-7.334,-0.009964,0.0,0.154054,16,False
recovered_after_rej,MCX,2024-04-29,2024-04-30,813.8114,2024-05-08,774.8973,MOMENTUM_FAIL,1,-38.914,19.287,-58.2011,-0.071361,-0.067683,0.012122,6,False
recovered_after_rej,MEDANTA,2023-06-19,2023-06-20,639.493,2023-07-12,701.0489,TIME,1,61.5559,18.7556,42.8003,0.066783,-0.013048,0.119931,16,False
recovered_after_rej,MEESHO,2026-09-25,2026-09-28,217.06,2026-10-09,232.74,TIME,4,62.72,19.7238,42.9962,0.049413,-0.024371,0.124113,9,False
recovered_after_rej,MFSL,2019-08-22,2019-08-23,439.0,2019-09-04,408.27,STOP,2,-61.46,19.5122,-80.9722,-0.092022,-0.075171,0.054556,8,False
recovered_after_rej,MFSL,2020-06-26,2020-06-29,515.55,2020-07-20,569.15,TIME,1,53.6,18.216,35.384,0.068484,0.0,0.13859,16,False
recovered_after_rej,MGL,2020-06-08,2020-06-09,839.4606,2020-06-30,884.9665,TIME,1,45.5059,19.5672,25.9387,0.030832,-0.01503,0.114429,16,False
recovered_after_rej,MGL,2020-06-16,2020-06-17,885.5131,2020-07-08,847.3253,TIME,1,-38.1879,19.5913,-57.7792,-0.065107,-0.049157,0.056471,16,False
recovered_after_rej,MINDACORP,2019-11-04,2019-11-05,93.5205,2019-11-13,86.9741,STOP,10,-65.4644,19.7456,-85.2099,-0.090915,-0.107813,0.069271,6,False
recovered_after_rej,MINDACORP,2021-05-12,2021-05-14,102.3878,2021-05-31,120.0178,TARGET,9,158.6698,20.144,138.5257,0.15,-0.000957,0.240306,12,False
recovered_after_rej,MINDACORP,2022-04-07,2022-04-08,214.636,2022-04-19,251.8664,TARGET,4,148.9216,19.8584,129.0632,0.15,0.0,0.316514,6,False
recovered_after_rej,MINDACORP,2022-04-12,2022-04-13,226.5985,2022-04-19,265.6815,TARGET,4,156.3319,20.0755,136.2564,0.15,-0.051923,0.247013,3,False
recovered_after_rej,MINDACORP,2024-06-04,2024-06-05,420.1914,2024-06-24,493.2459,TARGET,2,146.109,19.776,126.333,0.15,-0.00721,0.177305,13,False
recovered_after_rej,MINDACORP,2024-06-11,2024-06-12,438.0719,2024-07-04,493.7001,TIME,2,111.2564,19.856,91.4004,0.104094,0.0,0.156463,16,False
recovered_after_rej,MINDACORP,2025-09-22,2025-09-23,531.6621,2025-10-15,567.5353,TIME,1,35.8733,18.248,17.6253,0.033079,0.0,0.139077,16,False
recovered_after_rej,MMTC,2018-03-22,2018-03-23,35.8686,2018-04-06,42.0146,TARGET,27,165.9425,20.3571,145.5853,0.15,0.0,0.207273,9,False
recovered_after_rej,MMTC,2019-03-07,2019-03-08,27.6129,2019-03-15,26.9238,MOMENTUM_FAIL,36,-24.8072,20.0769,-44.8841,-0.045054,-0.035651,0.049911,6,False
recovered_after_rej,MMTC,2020-07-15,2020-07-16,19.0,2020-08-06,18.05,TIME,52,-49.4,20.0012,-69.4012,-0.070091,-0.063158,0.060526,16,False
recovered_after_rej,MMTC,2020-12-04,2020-12-07,19.7,2020-12-11,23.0701,TARGET,50,168.5053,20.4322,148.073,0.15,-0.005076,0.177665,5,False
recovered_after_rej,MMTC,2020-12-21,2020-12-22,22.0,2020-12-22,20.46,STOP,45,-69.3,19.9691,-89.2691,-0.089974,0.0,0.0,1,False
recovered_after_rej,MMTC,2023-08-02,2023-08-03,36.45,2023-08-23,42.6861,TARGET,27,168.3736,20.4284,147.9452,0.15,-0.02332,0.213992,14,False
recovered_after_rej,MOTHERSON,2019-02-27,2019-02-28,38.8886,2019-03-25,36.1664,STOP,25,-68.0551,19.8966,-87.9516,-0.090268,-0.084295,0.125641,16,False
recovered_after_rej,MOTHERSON,2022-01-12,2022-01-13,65.0445,2022-01-14,84.2966,TARGET,15,288.7815,20.6377,268.1438,0.274231,0.0,0.344844,2,False
recovered_after_rej,MOTHERSON,2022-07-28,2022-07-29,55.9527,2022-08-05,56.4067,MOMENTUM_FAIL,17,7.7182,19.9621,-12.2439,-0.012844,-0.01507,0.044049,6,False
recovered_after_rej,MOTHERSON,2023-06-22,2023-06-23,55.1611,2023-07-03,56.1391,MOMENTUM_FAIL,18,17.6045,20.1583,-2.5538,-0.002566,-0.019504,0.021276,6,False
recovered_after_rej,MOTHERSON,2024-06-04,2024-06-05,93.5479,2024-06-11,109.6315,TARGET,10,160.8362,20.2075,140.6287,0.15,0.0,0.172631,5,False
recovered_after_rej,MOTILALOFS,2020-11-23,2020-11-24,582.6956,2020-12-02,590.1414,MOMENTUM_FAIL,1,7.4458,18.4056,-10.9597,-0.018768,-0.002655,0.037173,6,False
recovered_after_rej,MOTILALOFS,2021-09-27,2021-09-28,817.8777,2021-10-20,869.6378,TIME,1,51.7601,19.4888,32.2713,0.039371,-0.013049,0.123191,16,False
recovered_after_rej,MOTILALOFS,2021-11-11,2021-11-12,924.5511,2021-11-22,889.8181,MOMENTUM_FAIL,1,-34.7331,19.7631,-54.4962,-0.058815,-0.059972,0.033632,6,False
recovered_after_rej,MOTILALOFS,2023-06-15,2023-06-16,675.9953,2023-06-23,657.0714,MOMENTUM_FAIL,1,-18.9239,18.7458,-37.6697,-0.055603,-0.031818,0.04596,6,False
recovered_after_rej,MPHASIS,2020-05-18,2020-05-19,685.053,2020-06-10,749.8315,TIME,1,64.7786,18.9545,45.8241,0.066745,0.0,0.114731,16,False
recovered_after_rej,MRPL,2020-10-28,2020-10-29,27.1428,2020-11-19,26.9499,TIME,36,-6.9424,20.0418,-26.9842,-0.027555,-0.042629,0.060391,16,False
recovered_after_rej,MSUMI,2023-07-28,2023-07-31,37.3373,2023-08-07,38.16,MOMENTUM_FAIL,26,21.39,20.0726,1.3174,0.001354,-0.005085,0.033898,6,False
recovered_after_rej,MSUMI,2026-06-29,2026-06-30,39.477,2026-07-21,40.13,TIME,25,16.3248,20.1305,-3.8057,-0.003848,-0.018416,0.053433,16,False
recovered_after_rej,MUTHOOTFIN,2018-12-21,2018-12-24,427.0367,2019-01-15,473.9844,TIME,2,93.8954,19.7275,74.168,0.086651,-0.019672,0.117521,16,False
recovered_after_rej,NAM-INDIA,2025-12-19,2025-12-22,878.8547,2025-12-30,853.5311,MOMENTUM_FAIL,1,-25.3236,19.5894,-44.913,-0.050992,-0.04778,0.030334,6,False
recovered_after_rej,NAM-INDIA,2026-04-13,2026-04-15,926.8803,2026-05-06,1086.3848,TARGET,1,159.5045,20.1685,139.336,0.15,0.0,0.174173,15,False
recovered_after_rej,NATCOPHARM,2020-08-13,2020-08-14,780.6207,2020-08-31,725.9772,STOP,1,-54.6434,19.1149,-73.7583,-0.094281,-0.090558,0.062675,12,False
recovered_after_rej,NATCOPHARM,2025-11-24,2025-11-25,838.4263,2025-12-16,918.3572,TIME,1,79.9308,19.633,60.2979,0.071761,-0.008618,0.129391,16,False
recovered_after_rej,NATCOPHARM,2025-11-27,2025-11-28,884.1224,2025-12-19,913.6729,TIME,1,29.5505,19.7233,9.8272,0.011091,-0.025702,0.071018,16,False
recovered_after_rej,NATIONALUM,2020-01-06,2020-01-07,31.5252,2020-01-28,32.1335,TIME,31,18.858,20.0949,-1.2369,-0.001263,-0.015891,0.106697,16,False
recovered_after_rej,NATIONALUM,2022-11-10,2022-11-11,62.2079,2022-12-02,65.6593,TIME,16,55.221,20.2452,34.9758,0.035063,-0.012179,0.067659,16,False
recovered_after_rej,NATIONALUM,2023-01-04,2023-01-05,68.4371,2023-01-27,70.1136,TIME,14,23.4708,20.0234,3.4474,0.00359,-0.00492,0.064576,16,False
recovered_after_rej,NATIONALUM,2025-10-10,2025-10-13,215.3403,2025-10-20,218.2662,MOMENTUM_FAIL,4,11.7037,19.5909,-7.8872,-0.009137,-0.0013,0.033588,6,False
recovered_after_rej,NAUKRI,2019-05-31,2019-06-03,400.3879,2019-06-03,470.3755,TARGET,2,139.9752,19.5963,120.379,0.15,0.0,0.0,1,False
recovered_after_rej,NAUKRI,2020-12-03,2020-12-04,813.8488,2020-12-28,904.345,TIME,1,90.4962,19.5507,70.9454,0.086983,0.0,0.137731,16,False
recovered_after_rej,NAUKRI,2022-07-26,2022-07-27,760.8491,2022-08-12,894.6411,TARGET,1,133.792,19.4151,114.3769,0.15,0.0,0.179213,12,False
recovered_after_rej,NAVA,2018-09-18,2018-09-19,56.6841,2018-09-25,52.7162,STOP,17,-67.4541,19.8615,-87.3156,-0.090414,-0.073227,0.037376,4,False
recovered_after_rej,NAVA,2024-07-19,2024-07-22,372.8639,2024-07-29,438.589,TARGET,2,131.4502,19.3465,112.1037,0.15,0.0,0.198833,6,False
recovered_after_rej,NAVA,2024-12-02,2024-12-03,502.3765,2024-12-10,503.3277,MOMENTUM_FAIL,1,0.9512,18.0532,-17.102,-0.033968,-0.019321,0.038885,6,False
recovered_after_rej,NBCC,2022-07-22,2022-07-25,20.8326,2022-08-17,21.2137,TIME,47,17.9111,20.1008,-2.1897,-0.002231,-0.018293,0.096037,16,False
recovered_after_rej,NBCC,2023-08-03,2023-08-04,28.4532,2023-08-23,33.319,TARGET,35,170.3006,20.4818,149.8189,0.150113,0.0,0.180068,13,False
recovered_after_rej,NBCC,2024-01-08,2024-01-09,55.7515,2024-01-23,67.7355,TARGET,17,203.7277,20.3468,183.3809,0.193063,-0.011682,0.279206,10,False
recovered_after_rej,NBCC,2024-04-08,2024-04-09,88.4795,2024-04-15,81.4129,GAP_STOP,11,-77.733,19.8813,-97.6143,-0.100076,-0.09827,0.016194,4,False
recovered_after_rej,NBCC,2026-06-03,2026-06-04,101.985,2026-06-11,99.8298,MOMENTUM_FAIL,9,-19.396,19.7661,-39.1622,-0.042574,-0.030675,0.04908,6,False
recovered_after_rej,NCC,2022-12-16,2022-12-19,82.3359,2022-12-23,76.3695,GAP_STOP,12,-71.5963,19.9561,-91.5525,-0.092459,-0.114783,0.030145,5,False
recovered_after_rej,NCC,2023-07-10,2023-07-11,120.6638,2023-07-28,141.3458,TARGET,8,165.456,20.3429,145.1131,0.15,0.0,0.19106,14,False
recovered_after_rej,NCC,2023-09-07,2023-09-08,153.3887,2023-09-13,142.6515,STOP,6,-64.4233,19.6849,-84.1081,-0.09119,-0.083018,0.059343,4,False
recovered_after_rej,NCC,2024-05-28,2024-05-29,270.1249,2024-06-04,251.2162,STOP,3,-56.7262,19.2363,-75.9625,-0.093533,-0.102707,0.129055,5,False
recovered_after_rej,NESTLEIND,2019-12-23,2019-12-24,678.0204,2020-01-01,687.277,MOMENTUM_FAIL,1,9.2565,18.8118,-9.5552,-0.014062,-0.001372,0.023615,6,False
recovered_after_rej,NH,2021-01-18,2021-01-19,447.8623,2021-02-10,463.2819,TIME,2,30.8393,19.7749,11.0644,0.012325,-0.060583,0.157912,16,False
recovered_after_rej,NHPC,2021-10-21,2021-10-22,26.6073,2021-11-15,26.8607,TIME,37,9.3759,20.106,-10.73,-0.010876,-0.044444,0.053968,16,False
recovered_after_rej,NHPC,2023-03-13,2023-03-14,37.3381,2023-04-06,37.3381,TIME,26,-0.0001,20.0291,-20.0292,-0.020587,-0.038509,0.088199,16,False
recovered_after_rej,NHPC,2023-09-12,2023-09-13,47.2711,2023-10-06,49.7517,TIME,21,52.0919,20.2277,31.8642,0.032029,0.0,0.125743,16,False
recovered_after_rej,NIACL,2024-01-23,2024-01-24,219.3821,2024-02-05,257.3475,TARGET,4,151.8616,19.9445,131.917,0.15,0.0,0.183819,8,False
recovered_after_rej,NIACL,2025-08-01,2025-08-04,185.8083,2025-08-26,187.2631,TIME,5,7.2736,19.8676,-12.5941,-0.013526,-0.031898,0.115108,16,False
recovered_after_rej,NLCINDIA,2020-06-25,2020-06-26,39.5945,2020-07-03,38.958,MOMENTUM_FAIL,25,-15.9141,20.0772,-35.9913,-0.036281,-0.033226,0.016077,6,False
recovered_after_rej,NLCINDIA,2022-02-08,2022-02-09,64.9134,2022-02-15,60.3694,STOP,15,-68.159,19.9026,-88.0617,-0.090243,-0.13708,0.062372,5,False
recovered_after_rej,NLCINDIA,2022-08-03,2022-08-04,64.5564,2022-08-29,68.8359,TIME,15,64.1922,20.1495,44.0427,0.045383,-0.042313,0.104372,16,False
recovered_after_rej,NLCINDIA,2022-11-30,2022-12-01,79.3957,2022-12-22,78.7453,TIME,12,-7.8049,19.937,-27.7419,-0.029054,-0.052077,0.115272,16,False
recovered_after_rej,NLCINDIA,2022-12-09,2022-12-12,81.8579,2022-12-22,76.1279,STOP,12,-68.7607,19.9377,-88.6984,-0.0901,-0.08059,0.051078,9,False
recovered_after_rej,NLCINDIA,2023-05-10,2023-05-11,79.0654,2023-06-01,88.5817,TIME,12,114.1952,20.1687,94.0264,0.098886,0.0,0.153293,16,False
recovered_after_rej,NLCINDIA,2024-07-12,2024-07-15,270.8067,2024-07-23,251.8502,STOP,3,-56.8694,19.2446,-76.114,-0.093484,-0.137357,0.113571,6,False
recovered_after_rej,NLCINDIA,2025-07-18,2025-07-21,230.0291,2025-08-11,227.865,TIME,4,-8.6566,19.7975,-28.4541,-0.030857,-0.036824,0.068966,16,False
recovered_after_rej,NMDC,2022-01-18,2022-01-19,28.6022,2022-01-27,27.3489,MOMENTUM_FAIL,34,-42.6131,19.9495,-62.5626,-0.064193,-0.053794,0.032775,6,False
recovered_after_rej,NMDC,2024-04-18,2024-04-19,70.1013,2024-05-06,82.0977,TARGET,14,167.9504,20.416,147.5345,0.15,0.0,0.177586,11,False
recovered_after_rej,NMDC,2024-05-07,2024-05-08,78.033,2024-05-15,80.7675,MOMENTUM_FAIL,12,32.8146,19.9507,12.8639,0.013708,-0.04666,0.043369,6,False
recovered_after_rej,NSLNISP,2023-12-20,2023-12-21,47.1,2024-01-12,50.05,TIME,21,61.95,20.2326,41.7174,0.042085,0.0,0.111465,16,False
recovered_after_rej,NSLNISP,2024-04-15,2024-04-16,62.3,2024-05-09,60.2,TIME,16,-33.6,20.0705,-53.6705,-0.053725,-0.040931,0.106742,16,False
recovered_after_rej,NTPC,2023-02-23,2023-02-24,155.319,2023-03-03,157.4629,MOMENTUM_FAIL,6,12.8636,19.8912,-7.0276,-0.007525,-0.002349,0.0279,6,False
recovered_after_rej,NTPC,2025-03-07,2025-03-10,317.5487,2025-03-18,319.6693,MOMENTUM_FAIL,3,6.3617,19.9655,-13.6038,-0.014249,-0.017453,0.016239,6,False
recovered_after_rej,NUVOCO,2022-07-28,2022-07-29,333.35,2022-08-23,336.75,TIME,2,6.8,18.759,-11.959,-0.017898,-0.021449,0.080396,16,False
recovered_after_rej,NUVOCO,2023-06-09,2023-06-12,349.05,2023-06-19,353.7,MOMENTUM_FAIL,2,9.3,18.8966,-9.5966,-0.013717,0.0,0.044406,6,False
recovered_after_rej,NUVOCO,2026-05-12,2026-05-13,318.0,2026-05-20,314.7,MOMENTUM_FAIL,3,-9.9,19.9381,-29.838,-0.031209,-0.025,0.035849,6,False
recovered_after_rej,OBEROIRLTY,2021-11-08,2021-11-09,988.4035,2021-11-16,947.4316,MOMENTUM_FAIL,1,-40.9719,20.0201,-60.9919,-0.061573,-0.062253,0.0,6,False
recovered_after_rej,OBEROIRLTY,2022-01-13,2022-01-14,921.989,2022-01-25,857.4498,STOP,1,-64.5392,19.6916,-84.2309,-0.091158,-0.094227,0.057045,8,False
recovered_after_rej,OBEROIRLTY,2022-07-25,2022-07-26,857.9786,2022-08-18,959.5027,TIME,1,101.524,19.7595,81.7645,0.095091,0.0,0.13667,16,False
recovered_after_rej,OIL,2018-09-27,2018-09-28,95.4425,2018-10-04,88.7615,STOP,10,-66.8098,19.824,-86.6337,-0.090573,-0.079354,0.033449,4,False
recovered_after_rej,OIL,2019-10-25,2019-10-27,76.6754,2019-11-19,75.3897,TIME,13,-16.7145,20.1048,-36.8193,-0.036858,-0.042988,0.058841,16,False
recovered_after_rej,OIL,2021-08-27,2021-08-30,92.6041,2021-09-15,108.5416,TARGET,10,159.3745,20.1647,139.2098,0.15,-0.021469,0.180509,12,False
recovered_after_rej,OIL,2022-10-25,2022-10-27,106.1147,2022-11-18,115.4994,TIME,9,84.4621,20.1346,64.3275,0.067209,-0.003729,0.096697,16,False
recovered_after_rej,OIL,2026-01-20,2026-01-21,419.2181,2026-01-29,492.1219,TARGET,2,145.8075,19.7672,126.0404,0.15,0.0,0.219226,6,False
recovered_after_rej,OLECTRA,2018-11-14,2018-11-15,229.4983,2018-11-22,222.2127,MOMENTUM_FAIL,4,-29.1426,19.7468,-48.8895,-0.053141,-0.054142,0.048271,6,False
recovered_after_rej,OLECTRA,2021-06-24,2021-06-25,203.4995,2021-07-02,239.0052,TARGET,4,142.0229,19.6563,122.3666,0.15,0.0,0.203041,6,False
recovered_after_rej,OLECTRA,2022-04-07,2022-04-08,693.6349,2022-04-28,645.0804,STOP,1,-48.5544,18.76,-67.3144,-0.096834,-0.080575,0.057554,13,False
recovered_after_rej,OLECTRA,2022-07-26,2022-07-27,634.9006,2022-08-03,627.3653,MOMENTUM_FAIL,1,-7.5353,18.5955,-26.1308,-0.041067,-0.020671,0.037491,6,False
recovered_after_rej,ONGC,2018-05-16,2018-05-17,117.2229,2018-05-24,105.7181,MOMENTUM_FAIL,8,-92.0381,19.7023,-111.7405,-0.118894,-0.165636,0.031191,6,False
recovered_after_rej,ONGC,2021-06-11,2021-06-14,90.6646,2021-06-21,88.1502,MOMENTUM_FAIL,11,-27.6583,20.0848,-47.7431,-0.047767,-0.044212,0.032958,6,False
recovered_after_rej,ONGC,2022-03-10,2022-03-11,133.8043,2022-03-21,133.843,MOMENTUM_FAIL,7,0.2713,19.8854,-19.6141,-0.020895,-0.062899,0.017391,6,False
recovered_after_rej,PARADEEP,2023-06-08,2023-06-09,56.1029,2023-06-16,55.4217,MOMENTUM_FAIL,17,-11.5806,19.9336,-31.5142,-0.03297,-0.025152,0.038161,6,False
recovered_after_rej,PARADEEP,2023-08-24,2023-08-25,66.2725,2023-09-15,69.192,TIME,15,43.7924,20.2167,23.5757,0.023664,-0.049192,0.09765,16,False
recovered_after_rej,PARADEEP,2023-12-07,2023-12-08,67.1338,2024-01-01,69.535,TIME,14,33.6159,19.967,13.6488,0.01449,-0.049635,0.083212,16,False
recovered_after_rej,PARADEEP,2026-07-07,2026-07-08,136.6517,2026-07-29,155.0106,TIME,7,128.5121,20.2307,108.2813,0.112952,-0.036957,0.155797,16,False
recovered_after_rej,PATANJALI,2019-03-18,2019-03-19,234.2281,2019-03-26,216.459,GAP_STOP,4,-71.0762,19.7413,-90.8175,-0.096721,-0.075862,0.089655,5,False
recovered_after_rej,PATANJALI,2022-03-21,2022-03-22,293.9967,2022-03-28,273.4169,STOP,3,-61.7393,19.5284,-81.2677,-0.09194,-0.141649,0.027472,5,False
recovered_after_rej,PATANJALI,2023-11-01,2023-11-02,440.6199,2023-11-24,433.2596,TIME,2,-14.7204,19.621,-34.3414,-0.038884,-0.029528,0.093758,16,False
recovered_after_rej,PATANJALI,2025-04-07,2025-04-08,590.4186,2025-05-05,615.5218,TIME,1,25.1031,18.4741,6.629,0.011203,0.0,0.11915,16,False
recovered_after_rej,PAYTM,2023-05-12,2023-05-15,689.0,2023-06-05,714.45,TIME,1,25.45,18.8911,6.5589,0.009499,0.0,0.057983,16,False
recovered_after_rej,PAYTM,2024-09-03,2024-09-04,585.6,2024-09-18,692.2518,TARGET,1,106.6519,18.6198,88.032,0.15,-0.002561,0.200905,11,False
recovered_after_rej,PCBL,2019-09-17,2019-09-18,49.5101,2019-09-30,46.0444,STOP,20,-69.3141,19.9699,-89.284,-0.089971,-0.07188,0.078199,9,False
recovered_after_rej,PCBL,2023-02-23,2023-02-24,110.1043,2023-03-03,109.0244,MOMENTUM_FAIL,9,-9.7193,20.0944,-29.8137,-0.030021,-0.042644,0.01919,6,False
recovered_after_rej,PCBL,2024-07-19,2024-07-22,261.2429,2024-07-30,307.0213,TARGET,3,137.3352,19.5189,117.8163,0.15,-0.053026,0.255988,7,False
recovered_after_rej,PERSISTENT,2018-03-05,2018-03-06,382.2144,2018-03-13,389.5241,MOMENTUM_FAIL,2,14.6195,19.1875,-4.568,-0.005963,-0.020384,0.039568,6,False
recovered_after_rej,PERSISTENT,2021-03-17,2021-03-18,888.7717,2021-04-12,971.8118,TIME,1,83.0401,19.8519,63.1882,0.070941,-0.048081,0.134595,16,False
recovered_after_rej,PETRONET,2022-05-19,2022-05-20,185.1403,2022-05-27,180.585,MOMENTUM_FAIL,5,-22.7768,19.7924,-42.5692,-0.045886,-0.029345,0.042889,6,False
recovered_after_rej,PFC,2019-11-21,2019-11-22,56.7656,2019-11-29,56.7161,MOMENTUM_FAIL,17,-0.8419,20.003,-20.8449,-0.021554,-0.013961,0.044067,6,False
recovered_after_rej,PFC,2020-08-14,2020-08-17,49.3696,2020-09-07,49.4768,TIME,20,2.1444,20.1036,-17.9592,-0.018149,-0.008686,0.128665,16,False
recovered_after_rej,PFC,2020-08-24,2020-08-25,52.8271,2020-09-01,52.1838,MOMENTUM_FAIL,18,-11.5791,19.9215,-31.5006,-0.033055,-0.054795,0.026382,6,False
recovered_after_rej,PFC,2021-08-04,2021-08-05,75.6704,2021-08-12,75.1487,MOMENTUM_FAIL,13,-6.7815,20.0699,-26.8514,-0.027236,-0.04213,0.039448,6,False
recovered_after_rej,PFC,2021-10-01,2021-10-04,83.4051,2021-10-11,83.7885,MOMENTUM_FAIL,11,4.2174,19.8125,-15.5951,-0.016961,-0.018741,0.024399,6,False
recovered_after_rej,PFC,2023-05-05,2023-05-08,116.1302,2023-05-15,117.747,MOMENTUM_FAIL,8,12.934,19.8792,-6.9451,-0.007459,-0.06013,0.021623,6,False
recovered_after_rej,PFC,2026-01-09,2026-01-12,343.9026,2026-02-03,378.0378,TIME,2,68.2702,18.9732,49.297,0.071516,-0.0161,0.131177,16,False
recovered_after_rej,PFC,2026-01-30,2026-02-02,368.7938,2026-02-23,400.4365,TIME,2,63.2855,19.1733,44.1122,0.059676,0.0,0.12376,16,False
recovered_after_rej,PFOCUS,2018-04-26,2018-04-27,94.35,2018-05-11,87.7455,STOP,10,-66.045,19.7794,-85.8244,-0.090765,-0.070482,0.052464,10,False
recovered_after_rej,PFOCUS,2021-02-15,2021-02-16,49.2,2021-02-19,57.6175,TARGET,20,168.3504,20.4277,147.9227,0.15,-0.011179,0.183943,4,False
recovered_after_rej,PFOCUS,2021-03-01,2021-03-02,56.95,2021-03-03,66.7086,TARGET,17,165.8958,20.3558,145.54,0.15,-0.00439,0.211589,2,False
recovered_after_rej,PFOCUS,2022-08-30,2022-09-01,76.0,2022-09-22,76.7,TIME,13,9.1,20.1203,-11.0204,-0.01113,-0.059211,0.109868,16,False
recovered_after_rej,PFOCUS,2023-05-31,2023-06-01,92.7,2023-06-06,108.6523,TARGET,10,159.523,20.169,139.354,0.15,0.0,0.195793,4,False
recovered_after_rej,PFOCUS,2023-12-12,2023-12-13,117.3,2023-12-19,109.089,STOP,8,-65.688,19.7586,-85.4466,-0.090857,-0.080989,0.047741,5,False
recovered_after_rej,PFOCUS,2024-10-17,2024-10-18,157.7,2024-10-22,146.661,STOP,6,-66.234,19.7904,-86.0244,-0.090717,-0.09499,0.036145,3,False
recovered_after_rej,PFOCUS,2026-07-30,2026-07-31,288.0,2026-08-12,267.84,STOP,3,-60.48,19.455,-79.935,-0.092316,-0.078472,0.070833,9,False
recovered_after_rej,PGEL,2018-12-17,2018-12-18,10.8865,2018-12-31,10.1244,STOP,91,-69.347,19.9719,-89.3189,-0.089963,-0.091284,0.117431,9,False
recovered_after_rej,PGEL,2021-12-03,2021-12-06,61.6885,2021-12-14,72.2396,TARGET,16,168.8175,20.4414,148.3761,0.15,-0.0493,0.175504,7,False
recovered_after_rej,PGEL,2022-04-22,2022-04-25,78.4028,2022-05-06,72.9146,STOP,12,-65.8583,19.7685,-85.6269,-0.090813,-0.076433,0.055032,9,False
recovered_after_rej,PHOENIXLTD,2019-11-28,2019-11-29,369.7829,2019-12-06,372.2333,MOMENTUM_FAIL,2,4.9008,19.0628,-14.162,-0.019107,-0.012048,0.046854,6,False
recovered_after_rej,PIDILITIND,2019-03-15,2019-03-18,560.3656,2019-04-10,615.3942,TIME,1,55.0286,18.4082,36.6205,0.065208,-0.002141,0.110921,16,False
recovered_after_rej,PINELABS,2026-07-01,2026-07-02,156.24,2026-07-08,145.3032,STOP,6,-65.6208,19.7547,-85.3755,-0.090874,-0.095046,0.03629,5,False
recovered_after_rej,PNB,2020-06-09,2020-06-10,28.8523,2020-06-23,33.79,TARGET,34,167.8825,20.414,147.4685,0.15,-0.034375,0.184375,10,False
recovered_after_rej,PNB,2020-11-19,2020-11-20,27.004,2020-12-03,31.6294,TARGET,36,166.5141,20.3739,146.1402,0.15,-0.006678,0.203673,9,False
recovered_after_rej,PNB,2021-02-08,2021-02-09,34.4875,2021-02-19,40.3986,TARGET,28,165.5087,20.3444,145.1643,0.15,0.0,0.211765,9,False
recovered_after_rej,PNB,2024-04-08,2024-04-09,124.6027,2024-04-18,120.916,MOMENTUM_FAIL,8,-29.4939,20.079,-49.5729,-0.049622,-0.0397,0.035955,6,False
recovered_after_rej,PNB,2025-10-14,2025-10-15,112.2364,2025-10-23,114.8795,MOMENTUM_FAIL,8,21.1452,19.7644,1.3808,0.001535,-0.02381,0.040693,6,False
recovered_after_rej,PNBHOUSING,2020-06-16,2020-06-17,166.7209,2020-07-08,177.1461,TIME,5,52.1258,19.556,32.5699,0.038986,-0.006866,0.149583,16,False
recovered_after_rej,PNBHOUSING,2022-10-21,2022-10-24,352.1253,2022-11-16,343.499,TIME,2,-17.2527,18.8685,-36.1212,-0.051178,-0.03634,0.070243,16,False
recovered_after_rej,PNBHOUSING,2024-04-02,2024-04-03,710.8025,2024-04-26,774.7253,TIME,1,63.9228,19.0615,44.8613,0.062976,0.0,0.110417,16,False
recovered_after_rej,PNBHOUSING,2025-09-26,2025-09-29,860.1871,2025-10-07,883.1082,MOMENTUM_FAIL,1,22.9211,19.6088,3.3123,0.003842,-0.009113,0.043604,6,False
recovered_after_rej,POLYCAB,2019-09-03,2019-09-04,569.0932,2019-09-24,673.1888,TARGET,1,104.0955,18.5449,85.5506,0.15,0.0,0.200929,14,False
recovered_after_rej,POLYMED,2022-10-14,2022-10-17,928.1854,2022-10-24,914.6817,MOMENTUM_FAIL,1,-13.5037,19.8217,-33.3254,-0.035826,-0.017651,0.034927,6,False
recovered_after_rej,POLYMED,2023-02-27,2023-02-28,941.292,2023-03-22,961.8952,TIME,1,20.6032,19.9465,0.6567,0.000696,-0.027426,0.102321,16,False
recovered_after_rej,POONAWALLA,2021-11-08,2021-11-09,166.1299,2021-11-16,194.5181,TARGET,6,170.3295,20.4857,149.8438,0.15,0.0,0.208036,6,False
recovered_after_rej,POONAWALLA,2023-11-09,2023-11-10,382.3799,2023-11-20,361.4188,MOMENTUM_FAIL,2,-41.9223,19.0738,-60.9961,-0.079585,-0.05599,0.039453,6,False
recovered_after_rej,POWERGRID,2018-05-10,2018-05-11,77.0264,2018-05-18,78.5573,MOMENTUM_FAIL,12,18.3713,19.8703,-1.4989,-0.001618,-0.01341,0.034483,6,False
recovered_after_rej,POWERGRID,2021-10-06,2021-10-07,112.1535,2021-10-29,108.6597,TIME,8,-27.9504,19.6616,-47.612,-0.05295,-0.050785,0.099214,16,False
recovered_after_rej,POWERGRID,2023-03-01,2023-03-02,144.128,2023-03-24,147.037,TIME,6,17.454,19.617,-2.163,-0.002496,0.0,0.073394,16,False
recovered_after_rej,POWERGRID,2023-06-26,2023-06-27,164.0282,2023-07-05,167.4331,MOMENTUM_FAIL,6,20.4291,20.1272,0.3019,0.000306,-0.006651,0.046755,6,False
recovered_after_rej,POWERGRID,2024-05-07,2024-05-08,271.9952,2024-05-30,285.6881,TIME,3,41.0787,19.4591,21.6196,0.026437,0.0,0.122431,16,False
recovered_after_rej,PREMIERENE,2026-04-02,2026-04-06,917.324,2026-04-28,1036.5861,TIME,1,119.262,20.0462,99.2158,0.107922,0.0,0.144662,16,False
recovered_after_rej,PRESTIGE,2020-01-21,2020-01-22,374.8688,2020-02-03,335.2287,GAP_STOP,2,-79.2803,18.9343,-98.2146,-0.130713,-0.132898,0.057833,9,False
recovered_after_rej,PRESTIGE,2021-02-19,2021-02-22,293.824,2021-03-01,299.5513,MOMENTUM_FAIL,3,17.1821,19.687,-2.5049,-0.002836,-0.045707,0.048059,6,False
recovered_after_rej,PRESTIGE,2021-07-14,2021-07-15,298.2183,2021-07-23,349.7229,TARGET,3,154.5139,20.0223,134.4916,0.15,0.0,0.178808,6,False
recovered_after_rej,PRESTIGE,2021-11-11,2021-11-12,479.6288,2021-11-22,446.0548,STOP,2,-67.148,19.8437,-86.9917,-0.090489,-0.090909,0.066632,6,False
recovered_after_rej,PRESTIGE,2022-03-23,2022-03-24,459.6113,2022-04-18,474.7235,TIME,2,30.2245,19.8729,10.3516,0.011237,0.0,0.13508,16,False
recovered_after_rej,PRESTIGE,2023-11-13,2023-11-15,852.2258,2023-11-30,1000.1689,TARGET,1,147.9431,19.8297,128.1133,0.15,0.0,0.227927,11,False
recovered_after_rej,PRIVISCL,2019-02-14,2019-02-15,271.9714,2019-02-28,319.4113,TARGET,3,142.3197,19.665,122.6547,0.15,0.0,0.189054,10,False
recovered_after_rej,PRIVISCL,2020-06-16,2020-06-17,382.7398,2020-06-19,449.9943,TARGET,2,134.5091,19.4361,115.073,0.15,0.0,0.18863,3,False
recovered_after_rej,PWL,2026-09-16,2026-09-17,127.68,2026-10-01,118.7424,STOP,7,-62.5632,19.5765,-82.1397,-0.091703,-0.078086,0.096491,11,False
recovered_after_rej,RADICO,2020-10-26,2020-10-27,436.1726,2020-11-03,414.7587,MOMENTUM_FAIL,2,-42.8278,19.5262,-62.354,-0.071323,-0.05328,0.040724,6,False
recovered_after_rej,RADICO,2021-08-16,2021-08-17,888.1343,2021-08-24,825.9649,STOP,1,-62.1694,19.5535,-81.7229,-0.091816,-0.074444,0.028333,5,False
recovered_after_rej,RAILTEL,2023-04-26,2023-04-27,108.3323,2023-05-19,114.426,TIME,9,54.8433,20.1585,34.6848,0.035497,0.0,0.123214,16,False
recovered_after_rej,RAINBOW,2022-07-20,2022-07-21,483.4782,2022-07-28,485.7475,MOMENTUM_FAIL,2,4.5386,20.0222,-15.4835,-0.015978,-0.040714,0.028469,6,False
recovered_after_rej,RAMCOCEM,2020-12-02,2020-12-03,867.1681,2020-12-10,818.5032,MOMENTUM_FAIL,1,-48.6648,19.4925,-68.1573,-0.078426,-0.060994,0.024092,6,False
recovered_after_rej,RAMCOCEM,2022-07-25,2022-07-26,670.6389,2022-08-18,766.4514,TIME,1,95.8124,18.9568,76.8556,0.114351,0.0,0.146337,16,False
recovered_after_rej,RAMCOCEM,2022-08-02,2022-08-03,727.2896,2022-08-11,741.7463,MOMENTUM_FAIL,1,14.4567,19.0304,-4.5737,-0.006275,-0.022396,0.04275,6,False
recovered_after_rej,RAMCOCEM,2023-05-18,2023-05-19,791.0575,2023-06-09,923.3954,TIME,1,132.3379,19.5397,112.7982,0.142281,0.0,0.173238,16,False
recovered_after_rej,RAMCOCEM,2023-10-05,2023-10-06,932.884,2023-10-30,976.6005,TIME,1,43.7165,19.9581,23.7585,0.025412,-0.014681,0.081064,16,False
recovered_after_rej,RAMCOCEM,2025-04-07,2025-04-08,923.9299,2025-05-05,942.4474,TIME,1,18.5175,19.869,-1.3515,-0.00146,-0.004148,0.089381,16,False
recovered_after_rej,RBLBANK,2019-05-29,2019-05-30,664.9466,2019-06-07,647.0888,MOMENTUM_FAIL,1,-17.8578,18.7013,-36.5591,-0.054861,-0.035662,0.027511,6,False
recovered_after_rej,RBLBANK,2022-11-02,2022-11-03,130.2683,2022-11-25,147.1341,TIME,7,118.0604,20.0208,98.0396,0.107279,0.0,0.142642,16,False
recovered_after_rej,RBLBANK,2023-07-06,2023-07-07,183.3661,2023-07-17,214.9557,TARGET,5,157.9481,20.1229,137.8252,0.15,-0.019251,0.23262,7,False
recovered_after_rej,RBLBANK,2025-04-30,2025-05-02,197.767,2025-05-09,195.6005,MOMENTUM_FAIL,5,-10.8325,20.0833,-30.9158,-0.031197,-0.054774,0.041105,6,False
recovered_after_rej,RBLBANK,2025-06-16,2025-06-17,215.1585,2025-07-01,252.4698,TARGET,4,149.2452,19.8679,129.3774,0.15,0.0,0.205219,11,False
recovered_after_rej,RBLBANK,2025-10-17,2025-10-20,301.5194,2025-11-12,318.7248,TIME,3,51.6164,19.8546,31.7618,0.035036,0.0,0.098247,16,False
recovered_after_rej,RBLBANK,2026-06-23,2026-06-24,370.79,2026-07-02,354.582,MOMENTUM_FAIL,2,-32.416,18.9953,-51.4113,-0.069176,-0.045864,0.024882,6,False
recovered_after_rej,RECLTD,2018-08-28,2018-08-29,46.3005,2018-09-12,43.0594,STOP,21,-68.0617,19.8969,-87.9586,-0.090266,-0.08045,0.061851,11,False
recovered_after_rej,RECLTD,2024-01-23,2024-01-24,389.9825,2024-02-08,458.3587,TARGET,2,136.7523,19.5018,117.2505,0.15,0.0,0.191044,11,False
recovered_after_rej,RECLTD,2026-01-09,2026-01-12,350.5534,2026-01-19,356.4281,MOMENTUM_FAIL,2,11.7494,18.9143,-7.1649,-0.010197,-0.001099,0.037088,6,False
recovered_after_rej,REDINGTON,2020-10-15,2020-10-16,49.708,2020-11-06,48.5992,TIME,20,-22.1746,20.0826,-42.2573,-0.042413,-0.03924,0.131764,16,False
recovered_after_rej,REDINGTON,2022-01-11,2022-01-12,142.384,2022-01-24,132.4171,STOP,7,-69.7682,19.9964,-89.7646,-0.089866,-0.118016,0.07081,9,False
recovered_after_rej,REDINGTON,2022-11-10,2022-11-11,137.8067,2022-11-25,161.4285,TARGET,7,165.3532,20.3399,145.0133,0.15,-0.028274,0.193045,11,False
recovered_after_rej,REDINGTON,2024-02-12,2024-02-13,171.4959,2024-02-19,201.2472,TARGET,5,148.7567,19.8536,128.9031,0.15,0.0,0.193382,5,False
recovered_after_rej,REDINGTON,2025-02-11,2025-02-12,217.7647,2025-03-06,236.7365,TIME,4,75.8874,19.7625,56.1249,0.064292,-0.023736,0.159956,16,False
recovered_after_rej,REDINGTON,2025-07-02,2025-07-03,300.276,2025-07-10,291.1556,MOMENTUM_FAIL,3,-27.361,19.678,-47.039,-0.052104,-0.033958,0.027143,6,False
recovered_after_rej,RHIM,2021-08-05,2021-08-06,357.4734,2021-08-11,332.4502,STOP,2,-50.0463,18.8469,-68.8932,-0.096151,-0.099919,0.051452,4,False
recovered_after_rej,RHIM,2022-08-19,2022-08-22,527.6494,2022-09-07,625.3267,TARGET,1,97.6773,18.3569,79.3204,0.15,-0.017497,0.194038,12,False
recovered_after_rej,RHIM,2023-05-05,2023-05-08,659.1085,2023-05-15,657.1469,MOMENTUM_FAIL,1,-1.9617,18.7091,-20.6707,-0.031293,-0.016964,0.013393,6,False
recovered_after_rej,RHIM,2023-08-14,2023-08-16,690.936,2023-08-23,694.369,MOMENTUM_FAIL,1,3.4329,18.8544,-15.4215,-0.022271,-0.009724,0.04869,6,False
recovered_after_rej,RHIM,2023-12-05,2023-12-06,731.1556,2023-12-13,732.6318,MOMENTUM_FAIL,1,1.4762,19.0203,-17.5441,-0.023943,-0.01245,0.029881,6,False
recovered_after_rej,RHIM,2025-07-25,2025-07-28,483.2376,2025-08-19,500.482,TIME,2,34.4887,20.0811,14.4076,0.014875,-0.032106,0.099591,16,False
recovered_after_rej,RITES,2019-12-27,2019-12-30,104.9438,2020-01-20,117.3945,TIME,9,112.0564,20.1463,91.9102,0.097099,-0.005695,0.154545,16,False
recovered_after_rej,RITES,2023-05-04,2023-05-05,177.5291,2023-05-19,165.102,STOP,5,-62.1352,19.5515,-81.6867,-0.091826,-0.075567,0.09068,11,False
recovered_after_rej,RITES,2024-07-10,2024-07-11,340.0365,2024-07-23,316.234,STOP,2,-47.6051,18.7046,-66.3098,-0.097291,-0.102052,0.082555,8,False
recovered_after_rej,RITES,2024-09-25,2024-09-26,331.5654,2024-10-03,308.3558,STOP,3,-69.6287,19.9883,-89.617,-0.089898,-0.096409,0.047639,5,False
recovered_after_rej,RITES,2025-09-11,2025-09-12,253.3885,2025-09-26,235.6513,STOP,3,-53.2116,19.0314,-72.243,-0.094829,-0.081809,0.059642,11,False
recovered_after_rej,RKFORGE,2020-01-01,2020-01-02,73.6367,2020-01-08,68.4822,STOP,13,-67.0094,19.8356,-86.8451,-0.090523,-0.0924,0.0608,5,False
recovered_after_rej,RKFORGE,2020-10-28,2020-10-29,70.9269,2020-11-09,65.962,STOP,14,-69.5084,19.9813,-89.4896,-0.089926,-0.070737,0.065892,8,False
recovered_after_rej,RKFORGE,2023-04-26,2023-04-27,314.5384,2023-05-19,365.7623,TIME,3,153.6717,20.2273,133.4444,0.14111,-0.020955,0.171374,16,False
recovered_after_rej,RPOWER,2021-05-04,2021-05-05,5.1,2021-05-07,5.9717,TARGET,195,169.9765,20.4753,149.5011,0.15,-0.009804,0.186275,3,False
recovered_after_rej,RPOWER,2022-01-11,2022-01-12,14.65,2022-02-03,16.85,TIME,68,149.6001,20.441,129.159,0.129369,-0.044369,0.150171,16,False
recovered_after_rej,RPOWER,2023-05-24,2023-05-25,12.15,2023-06-07,14.2263,TARGET,82,170.2552,20.4835,149.7717,0.15,0.0,0.259259,10,False
recovered_after_rej,RPOWER,2023-06-09,2023-06-12,14.0,2023-06-13,16.3929,TARGET,71,169.899,20.4731,149.426,0.15,0.0,0.207143,2,False
recovered_after_rej,RPOWER,2023-08-31,2023-09-01,19.3,2023-09-13,17.949,STOP,51,-68.901,19.9459,-88.8469,-0.090067,-0.07772,0.142487,9,False
recovered_after_rej,RPOWER,2024-08-06,2024-08-07,30.5,2024-08-21,36.0,TARGET,32,176.0,20.4095,155.5905,0.159069,-0.040656,0.184918,10,False
recovered_after_rej,RUBICON,2026-04-13,2026-04-15,829.288,2026-04-28,973.6787,TARGET,1,144.3908,19.7256,124.6651,0.15,-0.002349,0.180581,10,False
recovered_after_rej,RVNL,2020-01-06,2020-01-07,19.9274,2020-01-28,22.3615,TIME,50,121.7096,20.3849,101.3246,0.101472,-0.006211,0.138716,16,False
recovered_after_rej,RVNL,2021-10-19,2021-10-20,29.2151,2021-10-22,34.209,TARGET,34,169.7927,20.47,149.3227,0.15,0.0,0.324615,3,False
recovered_after_rej,RVNL,2022-10-31,2022-11-01,38.4759,2022-11-07,45.073,TARGET,25,164.9276,20.3274,144.6002,0.15,-0.021197,0.350374,5,False
recovered_after_rej,RVNL,2023-07-25,2023-07-26,128.8717,2023-07-28,119.8507,STOP,7,-63.1471,19.6105,-82.7576,-0.091539,-0.087686,0.0,3,False
recovered_after_rej,SAIL,2022-11-10,2022-11-11,79.6503,2022-11-18,76.1113,MOMENTUM_FAIL,12,-42.4675,19.8794,-62.3468,-0.065087,-0.05391,0.042654,6,False
recovered_after_rej,SAIL,2024-10-03,2024-10-04,133.1167,2024-10-11,130.6601,MOMENTUM_FAIL,7,-17.1966,19.8295,-37.0261,-0.039649,-0.063786,0.029074,6,False
recovered_after_rej,SAIL,2025-09-26,2025-09-29,129.7017,2025-10-07,131.1626,MOMENTUM_FAIL,7,10.2262,19.7844,-9.5583,-0.010505,-0.000685,0.049467,6,False
recovered_after_rej,SAIL,2026-08-31,2026-09-01,193.4667,2026-09-08,183.6947,MOMENTUM_FAIL,5,-48.8602,19.915,-68.7753,-0.070943,-0.050765,0.020918,6,False
recovered_after_rej,SAMMAANCAP,2020-06-09,2020-06-10,121.7286,2020-06-19,142.5755,TARGET,8,166.7753,20.3815,146.3937,0.15,-0.027586,0.444483,8,False
recovered_after_rej,SARDAEN,2021-10-20,2021-10-21,78.0512,2021-11-01,91.4689,TARGET,12,161.012,20.2127,140.7994,0.15,-0.040742,0.178388,8,False
recovered_after_rej,SARDAEN,2022-01-18,2022-01-19,80.5267,2022-01-25,74.8899,STOP,12,-67.6424,19.8725,-87.515,-0.090368,-0.073451,0.048603,5,False
recovered_after_rej,SARDAEN,2023-01-04,2023-01-05,105.5365,2023-01-12,105.7924,MOMENTUM_FAIL,9,2.3036,19.9453,-17.6417,-0.018533,-0.007416,0.04944,6,False
recovered_after_rej,SARDAEN,2026-03-04,2026-03-05,520.0049,2026-03-23,483.6046,STOP,1,-36.4003,18.0516,-54.4519,-0.104486,-0.084674,0.076724,13,False
recovered_after_rej,SBICARD,2024-08-29,2024-08-30,725.2845,2024-09-20,781.8666,TIME,1,56.5821,19.1077,37.4744,0.051556,-0.010137,0.119726,16,False
recovered_after_rej,SBICARD,2025-09-19,2025-09-22,866.9627,2025-09-29,860.2861,MOMENTUM_FAIL,1,-6.6766,19.5771,-26.2537,-0.030216,-0.011494,0.030345,6,False
recovered_after_rej,SBILIFE,2019-05-29,2019-05-30,671.8059,2019-06-07,690.0335,MOMENTUM_FAIL,1,18.2276,18.8038,-0.5762,-0.000856,-0.005368,0.032353,6,False
recovered_after_rej,SBIN,2021-07-30,2021-08-02,397.6863,2021-08-23,369.8483,STOP,2,-55.6761,19.1751,-74.8511,-0.093903,-0.077056,0.075216,15,False
recovered_after_rej,SBIN,2021-09-20,2021-09-21,402.626,2021-09-28,406.9711,MOMENTUM_FAIL,2,8.6901,19.3478,-10.6577,-0.013206,-0.009201,0.035556,6,False
recovered_after_rej,SBIN,2024-10-30,2024-10-31,789.6258,2024-11-21,734.352,STOP,1,-55.2738,19.1516,-74.4254,-0.094048,-0.071281,0.053049,14,False
recovered_after_rej,SCHNEIDER,2018-09-11,2018-09-12,115.0,2018-09-25,106.95,STOP,8,-64.4,19.6835,-84.0835,-0.091196,-0.075217,0.113043,8,False
recovered_after_rej,SCHNEIDER,2021-01-21,2021-01-22,97.6,2021-02-15,99.0,TIME,10,14.0,20.0796,-6.0796,-0.006216,-0.044057,0.164959,16,False
recovered_after_rej,SCHNEIDER,2021-05-14,2021-05-17,98.0,2021-05-25,114.7731,TARGET,10,167.7309,20.4095,147.3214,0.15,0.0,0.289286,7,False
recovered_after_rej,SCHNEIDER,2021-11-09,2021-11-10,121.2,2021-11-15,112.716,STOP,8,-67.872,19.8859,-87.7579,-0.090312,-0.075908,0.039191,4,False
recovered_after_rej,SCHNEIDER,2022-01-13,2022-01-14,114.0,2022-01-21,109.55,MOMENTUM_FAIL,8,-35.6,19.7084,-55.3084,-0.060513,-0.042105,0.030263,6,False
recovered_after_rej,SCI,2018-04-25,2018-04-26,66.3197,2018-05-10,61.6773,STOP,15,-69.6357,19.9887,-89.6244,-0.089897,-0.072917,0.056944,10,False
recovered_after_rej,SCI,2022-08-08,2022-08-10,100.1184,2022-09-02,111.9548,TIME,9,106.5278,19.9516,86.5762,0.095872,-0.023364,0.131776,16,False
recovered_after_rej,SCI,2024-05-30,2024-05-31,228.6867,2024-06-04,212.6786,STOP,4,-64.0323,19.6621,-83.6944,-0.091295,-0.146151,0.098394,3,False
recovered_after_rej,SHRIPISTON,2020-12-09,2020-12-10,291.7038,2020-12-17,286.8979,MOMENTUM_FAIL,3,-14.4176,19.5958,-34.0134,-0.038783,-0.026229,0.049099,6,False
recovered_after_rej,SHRIPISTON,2021-01-19,2021-01-20,296.4141,2021-02-03,359.6086,TARGET,3,189.5835,20.0708,169.5127,0.19021,-0.002985,0.222634,10,False
recovered_after_rej,SHRIPISTON,2021-01-28,2021-01-29,305.8586,2021-02-03,359.6086,TARGET,3,161.2499,20.1328,141.1171,0.153458,0.0,0.184881,4,False
recovered_after_rej,SHRIPISTON,2022-07-26,2022-07-27,346.1452,2022-08-10,414.0072,TARGET,2,135.7241,19.1295,116.5946,0.168051,-0.023977,0.221227,10,False
recovered_after_rej,SHRIRAMFIN,2019-12-24,2019-12-26,201.9903,2020-01-02,203.8435,MOMENTUM_FAIL,4,7.413,19.3567,-11.9437,-0.01475,-0.008523,0.023959,6,False
recovered_after_rej,SHRIRAMFIN,2020-10-28,2020-10-29,126.1979,2020-11-05,148.022,TARGET,7,152.7686,19.9711,132.7975,0.15,-0.042857,0.178429,6,False
recovered_after_rej,SHRIRAMFIN,2022-11-25,2022-11-28,236.9916,2022-12-19,255.2683,TIME,4,73.1066,20.0816,53.025,0.055814,-0.017661,0.102198,16,False
recovered_after_rej,SHYAMMETL,2021-12-29,2021-12-30,324.1578,2022-01-06,330.0978,MOMENTUM_FAIL,3,17.8199,20.0725,-2.2526,-0.002311,-0.015812,0.034432,6,False
recovered_after_rej,SHYAMMETL,2022-03-28,2022-03-29,350.1767,2022-04-05,356.833,MOMENTUM_FAIL,2,13.3126,18.9143,-5.6017,-0.007981,-0.010881,0.039945,6,False
recovered_after_rej,SHYAMMETL,2025-07-23,2025-07-24,924.2848,2025-08-14,950.8871,TIME,1,26.6023,19.8869,6.7154,0.00725,0.0,0.075745,16,False
recovered_after_rej,SIEMENS,2019-04-04,2019-04-05,641.5295,2019-05-02,648.9241,TIME,1,7.3946,18.6539,-11.2593,-0.017512,-0.002024,0.057457,16,False
recovered_after_rej,SJVN,2022-11-10,2022-11-11,33.9601,2022-11-18,32.3668,MOMENTUM_FAIL,29,-46.2057,19.9944,-66.2,-0.067072,-0.0563,0.029491,6,False
recovered_after_rej,SJVN,2024-01-16,2024-01-17,94.1086,2024-01-23,110.2791,TARGET,10,161.7045,20.233,141.4716,0.15,-0.023232,0.176768,4,False
recovered_after_rej,SJVN,2026-04-23,2026-04-24,78.5814,2026-05-18,73.0807,STOP,12,-66.0084,19.7773,-85.7857,-0.090775,-0.107595,0.050633,16,False
recovered_after_rej,SOBHA,2020-08-25,2020-08-26,247.5493,2020-09-09,230.2208,STOP,4,-69.3138,19.9699,-89.2837,-0.089971,-0.082938,0.090048,11,False
recovered_after_rej,SOBHA,2022-07-01,2022-07-04,546.8145,2022-07-08,647.4598,TARGET,1,100.6453,18.4438,82.2015,0.15,-0.019784,0.221223,5,False
recovered_after_rej,SONACOMS,2024-02-28,2024-02-29,644.2444,2024-03-13,599.1473,STOP,1,-45.0971,18.5585,-63.6556,-0.098591,-0.076988,0.093578,9,False
recovered_after_rej,SONACOMS,2025-11-21,2025-11-24,499.918,2025-12-01,505.6328,MOMENTUM_FAIL,1,5.7148,18.0525,-12.3377,-0.024626,-0.01173,0.03499,6,False
recovered_after_rej,SRF,2018-03-28,2018-04-02,382.4269,2018-04-09,396.5158,MOMENTUM_FAIL,2,28.1779,19.2169,8.9609,0.01169,0.0,0.047096,6,False
recovered_after_rej,SRF,2019-06-19,2019-06-20,582.2882,2019-06-27,589.0189,MOMENTUM_FAIL,1,6.7307,18.4024,-11.6717,-0.020001,-0.023085,0.029441,6,False
recovered_after_rej,SRF,2019-08-07,2019-08-08,566.1188,2019-08-19,573.8948,MOMENTUM_FAIL,1,7.776,18.3362,-10.5602,-0.018613,-0.03316,0.023118,6,False
recovered_after_rej,STARHEALTH,2024-01-24,2024-01-25,556.1,2024-02-16,550.05,TIME,1,-6.05,18.2658,-24.3158,-0.04363,-0.0303,0.069951,16,False
recovered_after_rej,STLTECH,2018-04-25,2018-04-26,320.3589,2018-05-04,315.769,MOMENTUM_FAIL,3,-13.7697,19.9601,-33.7298,-0.035019,-0.020468,0.046784,6,False
recovered_after_rej,STLTECH,2020-08-31,2020-09-01,144.5549,2020-09-22,143.0307,TIME,6,-9.1453,19.5736,-28.7189,-0.03304,-0.043877,0.136054,16,False
recovered_after_rej,STLTECH,2020-12-31,2021-01-01,180.3986,2021-01-22,181.0869,TIME,5,3.4418,19.7456,-16.3039,-0.018036,-0.015808,0.08967,16,False
recovered_after_rej,STLTECH,2021-01-07,2021-01-08,188.708,2021-01-15,184.5287,MOMENTUM_FAIL,5,-20.8965,19.8715,-40.768,-0.043113,-0.043773,0.027879,6,False
recovered_after_rej,STLTECH,2024-04-15,2024-04-16,132.0,2024-04-24,130.95,MOMENTUM_FAIL,7,-7.35,19.8166,-27.1666,-0.029337,-0.055303,0.041667,6,False
recovered_after_rej,STLTECH,2024-06-27,2024-06-28,139.2,2024-07-22,141.29,TIME,7,14.63,20.0741,-5.4442,-0.005575,-0.02227,0.109914,16,False
recovered_after_rej,SUMICHEM,2024-04-15,2024-04-16,388.6238,2024-05-09,383.8536,TIME,2,-9.5405,19.1925,-28.7329,-0.036887,-0.016494,0.05741,16,False
recovered_after_rej,SUMICHEM,2025-04-07,2025-04-08,542.6848,2025-04-28,504.2559,GAP_STOP,1,-38.4289,18.1432,-56.5721,-0.104017,-0.070813,0.058246,12,False
recovered_after_rej,SUMICHEM,2025-07-10,2025-07-11,535.4172,2025-07-30,634.2975,TARGET,1,98.8803,18.3921,80.4882,0.15,-0.009018,0.229812,14,False
recovered_after_rej,SUMICHEM,2026-07-07,2026-07-08,470.8649,2026-07-27,551.7669,TARGET,2,161.8042,20.2359,141.5683,0.15,-0.011017,0.172099,14,False
recovered_after_rej,SUMICHEM,2026-08-12,2026-08-13,547.35,2026-08-20,551.8,MOMENTUM_FAIL,1,4.45,18.2502,-13.8002,-0.025158,-0.008221,0.045127,6,False
recovered_after_rej,SUNPHARMA,2021-04-12,2021-04-13,592.3711,2021-05-06,644.963,TIME,1,52.5919,18.5383,34.0535,0.057361,0.0,0.116506,16,False
recovered_after_rej,SUNPHARMA,2022-03-14,2022-03-15,857.3481,2022-03-23,864.1592,MOMENTUM_FAIL,1,6.8111,19.564,-12.7529,-0.014842,-0.014826,0.041737,6,False
recovered_after_rej,SUNPHARMA,2022-08-03,2022-08-04,864.3511,2022-08-12,876.2947,MOMENTUM_FAIL,1,11.9436,19.604,-7.6604,-0.008843,0.0,0.031077,6,False
recovered_after_rej,SUNTV,2019-09-25,2019-09-26,371.8681,2019-10-22,420.3725,TIME,2,97.0089,19.2679,77.741,0.1043,-0.023913,0.157391,16,False
recovered_after_rej,SUNTV,2020-12-08,2020-12-09,397.4562,2020-12-31,413.5869,TIME,2,32.2613,19.3522,12.9091,0.016204,-0.047186,0.12013,16,False
recovered_after_rej,SUNTV,2023-10-09,2023-10-10,572.1601,2023-11-01,599.1682,TIME,1,27.008,18.4009,8.6071,0.01501,-0.033507,0.086744,16,False
recovered_after_rej,SUNTV,2024-06-13,2024-06-14,719.6628,2024-06-24,716.7236,MOMENTUM_FAIL,1,-2.9392,18.9628,-21.9019,-0.030367,-0.024638,0.034256,6,False
recovered_after_rej,SUNTV,2025-10-08,2025-10-09,557.3813,2025-10-16,556.9905,MOMENTUM_FAIL,1,-0.3908,18.2827,-18.6736,-0.033429,-0.03383,0.030938,6,False
recovered_after_rej,SUZLON,2018-07-26,2018-07-27,7.2539,2018-08-03,7.2539,MOMENTUM_FAIL,137,0.0,20.1262,-20.1262,-0.020208,-0.037975,0.044304,6,False
recovered_after_rej,SUZLON,2024-05-28,2024-05-29,43.9,2024-06-04,52.1,TARGET,22,180.3999,20.3754,160.0246,0.16533,0.0,0.186788,5,False
recovered_after_rej,SUZLON,2025-04-22,2025-04-23,59.68,2025-04-30,56.4,MOMENTUM_FAIL,16,-52.48,19.8551,-72.3351,-0.075588,-0.061662,0.030328,6,False
recovered_after_rej,SWANCORP,2022-11-17,2022-11-18,225.7263,2022-12-05,264.6742,TARGET,4,155.7916,20.0597,135.7319,0.15,-0.017699,0.235619,12,False
recovered_after_rej,SWANCORP,2023-03-08,2023-03-09,281.5585,2023-03-15,261.8494,STOP,3,-59.1273,19.3762,-78.5035,-0.092736,-0.147747,0.085314,5,False
recovered_after_rej,SWANCORP,2024-02-12,2024-02-13,698.3933,2024-03-05,722.4224,TIME,1,24.0291,18.9279,5.1012,0.007288,-0.005723,0.119099,16,False
recovered_after_rej,SWIGGY,2025-12-16,2025-12-17,395.0,2026-01-06,367.35,STOP,2,-55.3,19.1531,-74.4531,-0.094039,-0.097848,0.063291,14,False
recovered_after_rej,SWIGGY,2026-07-13,2026-07-14,266.33,2026-07-24,247.6869,STOP,3,-55.9293,19.1898,-75.1191,-0.093812,-0.089438,0.064469,9,False
recovered_after_rej,SYNGENE,2021-01-01,2021-01-04,626.5368,2021-01-11,594.3089,MOMENTUM_FAIL,1,-32.2279,18.5099,-50.7378,-0.080805,-0.051833,0.01122,6,False
recovered_after_rej,SYNGENE,2021-09-17,2021-09-20,634.6556,2021-09-27,628.616,MOMENTUM_FAIL,1,-6.0396,18.5975,-24.6371,-0.038735,-0.015367,0.04493,6,False
recovered_after_rej,SYNGENE,2022-04-19,2022-04-20,603.9624,2022-05-09,561.6851,STOP,1,-42.2774,18.3941,-60.6715,-0.100237,-0.077049,0.065328,13,False
recovered_after_rej,SYNGENE,2023-01-12,2023-01-13,610.7922,2023-01-20,600.2289,MOMENTUM_FAIL,1,-10.5633,18.4875,-29.0508,-0.047459,-0.02517,0.0,6,False
recovered_after_rej,SYRMA,2023-05-16,2023-05-17,306.1689,2023-05-22,358.9048,TARGET,3,158.2077,20.1305,138.0772,0.15,0.0,0.190939,4,False
recovered_after_rej,SYRMA,2023-10-09,2023-10-10,622.3402,2023-10-25,578.7763,STOP,1,-43.5638,18.4691,-62.0329,-0.099459,-0.080147,0.061387,11,False
recovered_after_rej,TARIL,2022-08-25,2022-08-26,19.1854,2022-09-15,22.4635,TARGET,52,170.4629,20.4896,149.9733,0.15,-0.055844,0.244156,14,False
recovered_after_rej,TARIL,2023-07-17,2023-07-18,51.5763,2023-07-20,45.1729,GAP_STOP,19,-121.6653,19.8201,-141.4853,-0.144065,-0.171981,0.043478,3,False
recovered_after_rej,TARIL,2024-06-19,2024-06-20,380.6219,2024-06-27,357.877,MOMENTUM_FAIL,2,-45.4899,19.0517,-64.5416,-0.084599,-0.071171,0.02978,6,False
recovered_after_rej,TARIL,2026-06-29,2026-06-30,334.6965,2026-07-21,310.8681,GAP_STOP,2,-47.6568,18.6594,-66.3162,-0.098853,-0.071194,0.089552,16,False
recovered_after_rej,TATACAP,2026-01-08,2026-01-09,352.4115,2026-01-16,358.7509,MOMENTUM_FAIL,2,12.6788,18.9319,-6.2531,-0.008853,-0.019688,0.024504,6,False
recovered_after_rej,TATACHEM,2018-04-04,2018-04-05,247.2437,2018-04-12,251.8069,MOMENTUM_FAIL,4,18.2526,20.1431,-1.8905,-0.001907,-0.000421,0.026456,6,False
recovered_after_rej,TATACHEM,2019-07-03,2019-07-04,241.5883,2019-07-11,232.974,MOMENTUM_FAIL,4,-34.457,19.9402,-54.3972,-0.056168,-0.048917,0.0038,6,False
recovered_after_rej,TATACHEM,2023-02-14,2023-02-15,953.0195,2023-02-22,910.7921,MOMENTUM_FAIL,1,-42.2274,19.8681,-62.0955,-0.065014,-0.050894,0.024803,6,False
recovered_after_rej,TATACHEM,2025-05-30,2025-06-02,859.6686,2025-06-23,891.7888,TIME,1,32.1202,19.6253,12.4949,0.014503,0.0,0.105946,16,False
recovered_after_rej,TATACHEM,2025-07-24,2025-07-25,932.6604,2025-08-18,931.5278,TIME,1,-1.1326,19.8658,-20.9984,-0.022465,-0.025554,0.075818,16,False
recovered_after_rej,TATACOMM,2020-10-23,2020-10-26,856.4009,2020-11-14,942.2349,TIME,1,85.834,19.7209,66.1131,0.07703,-0.0554,0.147966,16,False
recovered_after_rej,TATACONSUM,2020-07-15,2020-07-16,396.2796,2020-07-23,385.7859,MOMENTUM_FAIL,2,-20.9874,19.2338,-40.2212,-0.050638,-0.030573,0.027203,6,False
recovered_after_rej,TATACONSUM,2023-06-09,2023-06-12,784.9433,2023-07-04,836.3637,TIME,1,51.4204,19.3491,32.0713,0.040769,-0.000747,0.092472,16,False
recovered_after_rej,TATACONSUM,2023-09-07,2023-09-08,844.6243,2023-09-15,856.2574,MOMENTUM_FAIL,1,11.6332,19.5201,-7.8869,-0.009317,-0.010706,0.039005,6,False
recovered_after_rej,TATAELXSI,2019-09-25,2019-09-26,617.3653,2019-10-04,628.6471,MOMENTUM_FAIL,1,11.2818,18.5598,-7.278,-0.011763,-0.009025,0.046021,6,False
recovered_after_rej,TATAELXSI,2019-12-10,2019-12-11,775.356,2020-01-02,762.7849,TIME,1,-12.571,19.1783,-31.7494,-0.040859,-0.037237,0.067823,16,False
recovered_after_rej,TATAINVEST,2020-01-20,2020-01-21,74.3817,2020-02-10,87.1288,TARGET,13,165.7119,20.3504,145.3615,0.15,-0.013969,0.21223,15,False
recovered_after_rej,TATAINVEST,2021-10-20,2021-10-21,144.2098,2021-10-28,142.8071,MOMENTUM_FAIL,6,-8.4161,19.5664,-27.9824,-0.032269,-0.022749,0.043754,6,False
recovered_after_rej,TATAINVEST,2022-05-31,2022-06-01,144.275,2022-06-08,138.4621,MOMENTUM_FAIL,6,-34.8773,19.5141,-54.3915,-0.062696,-0.047828,0.009489,6,False
recovered_after_rej,TATAPOWER,2018-12-10,2018-12-11,69.0505,2019-01-02,67.9163,TIME,14,-15.8789,19.9795,-35.8584,-0.037012,-0.022339,0.068331,16,False
recovered_after_rej,TATAPOWER,2020-11-20,2020-11-23,56.1879,2020-12-01,65.8284,TARGET,17,163.8893,20.297,143.5923,0.15,-0.008496,0.180119,6,False
recovered_after_rej,TATAPOWER,2021-02-05,2021-02-08,84.0193,2021-02-15,82.7781,MOMENTUM_FAIL,11,-13.6532,19.8046,-33.4578,-0.036122,-0.022727,0.027841,6,False
recovered_after_rej,TATAPOWER,2021-09-20,2021-09-21,130.2575,2021-09-29,152.7103,TARGET,7,157.1694,20.1001,137.0694,0.15,0.0,0.178108,7,False
recovered_after_rej,TATAPOWER,2022-09-13,2022-09-14,231.3706,2022-09-21,225.2807,MOMENTUM_FAIL,4,-24.3599,19.7882,-44.1481,-0.047599,-0.029901,0.043378,6,False
recovered_after_rej,TATAPOWER,2024-09-11,2024-09-12,433.2991,2024-09-19,434.3365,MOMENTUM_FAIL,2,2.0749,19.5934,-17.5185,-0.020171,-0.017672,0.030441,6,False
recovered_after_rej,TATAPOWER,2026-03-16,2026-03-17,388.5921,2026-04-10,396.8907,TIME,2,16.5972,19.2454,-2.6482,-0.0034,-0.058824,0.070205,16,False
recovered_after_rej,TATASTEEL,2021-01-11,2021-01-12,58.622,2021-01-19,57.4496,MOMENTUM_FAIL,17,-19.9315,20.0974,-40.0289,-0.040079,-0.069065,0.03813,6,False
recovered_after_rej,TATASTEEL,2023-01-04,2023-01-05,105.8858,2023-01-12,107.34,MOMENTUM_FAIL,9,13.0881,19.9805,-6.8925,-0.007217,-0.01073,0.033047,6,False
recovered_after_rej,TATASTEEL,2023-12-20,2023-12-21,120.7921,2024-01-12,126.9865,TIME,8,49.5557,20.1112,29.4445,0.030404,0.0,0.097514,16,False
recovered_after_rej,TATASTEEL,2025-02-10,2025-02-11,127.3429,2025-02-18,128.8174,MOMENTUM_FAIL,7,10.3215,19.7149,-9.3934,-0.010515,-0.035263,0.046992,6,False
recovered_after_rej,TATASTEEL,2026-01-30,2026-02-02,181.6342,2026-02-23,203.9343,TIME,5,111.5005,19.9917,91.5087,0.100542,0.0,0.140306,16,False
recovered_after_rej,TDPOWERSYS,2020-08-14,2020-08-17,11.3657,2020-09-07,11.3609,TIME,87,-0.4208,20.1044,-20.5252,-0.020712,-0.046363,0.165461,16,False
recovered_after_rej,TDPOWERSYS,2024-03-06,2024-03-07,152.3068,2024-03-12,141.6453,STOP,6,-63.9688,19.6584,-83.6272,-0.091312,-0.09377,0.003751,3,False
recovered_after_rej,TDPOWERSYS,2025-08-01,2025-08-04,255.3635,2025-08-08,237.4881,STOP,3,-53.6263,19.0556,-72.6819,-0.094667,-0.089089,0.023347,5,False
recovered_after_rej,TDPOWERSYS,2025-10-10,2025-10-13,297.8451,2025-10-31,358.7113,TARGET,3,182.5985,20.0747,162.5238,0.181492,-0.023953,0.318258,14,False
recovered_after_rej,TECHNOE,2020-01-22,2020-01-23,273.5079,2020-02-13,274.0641,TIME,3,1.6686,19.398,-17.7294,-0.02156,-0.042366,0.057448,16,False
recovered_after_rej,TECHNOE,2023-04-19,2023-04-20,336.1101,2023-04-27,337.0813,MOMENTUM_FAIL,2,1.9423,18.7724,-16.8301,-0.024982,-0.025426,0.028604,6,False
recovered_after_rej,TECHNOE,2023-05-04,2023-05-05,350.58,2023-05-26,388.9399,TIME,2,76.7198,19.0468,57.673,0.082074,0.0,0.121607,16,False
recovered_after_rej,TEGA,2022-03-30,2022-03-31,472.493,2022-04-07,474.8306,MOMENTUM_FAIL,2,4.6752,19.9297,-15.2545,-0.016107,-0.01,0.048421,6,False
recovered_after_rej,TEGA,2022-08-26,2022-08-29,518.2502,2022-09-20,567.3895,TIME,1,49.1394,18.2183,30.921,0.059534,0.0,0.113244,16,False
recovered_after_rej,TEJASNET,2023-09-06,2023-09-07,885.2181,2023-09-21,823.2528,STOP,1,-61.9653,19.5416,-81.5069,-0.091875,-0.076992,0.052341,10,False
recovered_after_rej,TEJASNET,2026-06-08,2026-06-09,544.0,2026-06-19,644.2095,TARGET,1,100.2095,18.4311,81.7784,0.15,-0.033824,0.185202,9,False
recovered_after_rej,TENNIND,2026-01-06,2026-01-07,520.2,2026-01-14,533.1,MOMENTUM_FAIL,1,12.9,18.1528,-5.2528,-0.010076,-0.031622,0.038062,6,False
recovered_after_rej,THANGAMAYL,2020-01-21,2020-01-22,179.0671,2020-01-22,166.5324,STOP,5,-62.6735,19.5829,-82.2564,-0.091672,0.0,0.0,1,False
recovered_after_rej,THANGAMAYL,2021-10-20,2021-10-21,616.923,2021-11-12,620.9848,TIME,1,4.0618,18.5432,-14.4814,-0.023422,-0.052396,0.175609,16,False
recovered_after_rej,THERMAX,2019-05-21,2019-05-22,949.782,2019-06-13,1044.0879,TIME,1,94.3059,20.1324,74.1735,0.077925,-0.0182,0.16178,16,False
recovered_after_rej,TIMKEN,2019-01-04,2019-01-07,553.9112,2019-01-14,558.2219,MOMENTUM_FAIL,1,4.3107,18.2776,-13.967,-0.02516,-0.019201,0.031974,6,False
recovered_after_rej,TIMKEN,2019-09-30,2019-10-01,719.0466,2019-10-25,730.168,TIME,1,11.1214,18.9888,-7.8674,-0.010918,-0.009332,0.06376,16,False
recovered_after_rej,TITAGARH,2020-08-21,2020-08-24,50.2204,2020-08-31,43.9926,MOMENTUM_FAIL,19,-118.3267,19.7181,-138.0447,-0.144357,-0.133929,0.044643,6,False
recovered_after_rej,TITAGARH,2020-12-04,2020-12-07,48.2773,2020-12-22,44.8979,STOP,20,-67.5882,19.8693,-87.4576,-0.090381,-0.071207,0.155831,12,False
recovered_after_rej,TITAGARH,2022-08-12,2022-08-16,130.5331,2022-08-24,153.0285,TARGET,7,157.4682,20.1088,137.3593,0.15,0.0,0.187023,7,False
recovered_after_rej,TMPV,2025-05-14,2025-05-15,687.0938,2025-06-05,704.3076,TIME,1,17.2137,18.8663,-1.6526,-0.0024,0.0,0.061896,16,False
recovered_after_rej,TMPV,2025-09-11,2025-09-12,702.1752,2025-09-19,701.6298,MOMENTUM_FAIL,1,-0.5455,18.8938,-19.4393,-0.027624,-0.004308,0.024364,6,False
recovered_after_rej,TORNTPHARM,2019-01-17,2019-01-18,860.3791,2019-01-25,843.2349,MOMENTUM_FAIL,1,-17.1442,19.528,-36.6722,-0.04253,-0.02298,0.016057,6,False
recovered_after_rej,TORNTPOWER,2018-06-05,2018-06-06,201.6036,2018-06-26,187.4914,STOP,4,-56.449,19.2201,-75.6691,-0.093629,-0.07947,0.087788,15,False
recovered_after_rej,TORNTPOWER,2018-07-27,2018-07-30,193.7443,2018-08-06,189.7869,MOMENTUM_FAIL,5,-19.7867,19.9801,-39.7668,-0.040961,-0.040851,0.046808,6,False
recovered_after_rej,TORNTPOWER,2021-02-26,2021-03-01,341.4239,2021-03-23,373.438,TIME,2,64.0281,18.9437,45.0845,0.06588,-0.00039,0.128442,16,False
recovered_after_rej,TORNTPOWER,2021-05-14,2021-05-17,381.8627,2021-06-07,408.9993,TIME,2,54.2731,19.2653,35.0078,0.045738,-0.022294,0.096145,16,False
recovered_after_rej,TORNTPOWER,2022-04-12,2022-04-13,501.1401,2022-05-06,466.0603,STOP,1,-35.0798,17.9746,-53.0544,-0.105636,-0.112397,0.053509,15,False
recovered_after_rej,TORNTPOWER,2023-05-31,2023-06-01,526.71,2023-06-07,624.2418,TARGET,1,97.5318,18.3526,79.1792,0.15,0.0,0.314131,5,False
recovered_after_rej,TRENT,2019-05-07,2019-05-08,365.833,2019-05-15,357.5998,MOMENTUM_FAIL,2,-16.4664,18.9859,-35.4522,-0.048348,-0.03552,0.043926,6,False
recovered_after_rej,TRENT,2019-12-31,2020-01-01,523.7688,2020-01-08,528.6886,MOMENTUM_FAIL,1,4.9198,18.1516,-13.2318,-0.025208,-0.010626,0.035864,6,False
recovered_after_rej,TRENT,2021-05-20,2021-05-21,806.9402,2021-05-28,822.462,MOMENTUM_FAIL,1,15.5218,19.3689,-3.8471,-0.004757,-0.006165,0.044821,6,False
recovered_after_rej,TRITURBINE,2020-11-18,2020-11-19,68.9593,2020-12-04,80.7789,TARGET,14,165.4745,20.3434,145.1311,0.15,0.0,0.188889,11,False
recovered_after_rej,TRITURBINE,2023-05-02,2023-05-03,342.427,2023-05-12,403.4384,TARGET,2,122.0229,19.0702,102.9527,0.15,-0.019997,0.208113,8,False
recovered_after_rej,TRITURBINE,2023-09-21,2023-09-22,412.8102,2023-10-10,383.9134,STOP,2,-57.7934,19.2985,-77.0919,-0.093171,-0.102962,0.08199,12,False
recovered_after_rej,TTML,2019-11-14,2019-11-15,2.8,2019-11-15,2.604,STOP,356,-69.776,19.9969,-89.7729,-0.089865,0.0,0.0,1,False
recovered_after_rej,TTML,2023-12-05,2023-12-06,92.1,2023-12-13,90.0,MOMENTUM_FAIL,10,-21.0,19.7761,-40.7761,-0.044177,-0.028773,0.023887,6,False
recovered_after_rej,TVSMOTOR,2019-09-25,2019-09-26,387.3254,2019-10-22,435.3314,TIME,2,96.0121,19.3964,76.6156,0.098688,-0.052514,0.152315,16,False
recovered_after_rej,TVSMOTOR,2019-10-22,2019-10-23,437.6449,2019-11-14,432.1502,TIME,2,-10.9893,19.6035,-30.5928,-0.034875,-0.0337,0.110132,16,False
recovered_after_rej,TVSMOTOR,2020-12-02,2020-12-03,478.131,2020-12-21,444.6618,STOP,2,-66.9383,19.8315,-86.7698,-0.090541,-0.078268,0.056109,13,False
recovered_after_rej,TVSMOTOR,2021-01-27,2021-01-28,509.2353,2021-02-02,604.0609,TARGET,1,94.8256,18.2733,76.5523,0.15,0.0,0.195648,4,False
recovered_after_rej,UCOBANK,2019-01-03,2019-01-04,20.9554,2019-01-11,20.1346,MOMENTUM_FAIL,47,-38.5792,20.0102,-58.5894,-0.059358,-0.052995,0.023042,6,False
recovered_after_rej,UCOBANK,2023-08-30,2023-08-31,30.6123,2023-09-11,35.8519,TARGET,32,167.6679,20.4077,147.2602,0.15,-0.044164,0.176656,8,False
recovered_after_rej,UNIONBANK,2021-10-05,2021-10-06,31.2065,2021-10-13,36.5542,TARGET,31,165.7798,20.3524,145.4274,0.15,-0.017473,0.208333,6,False
recovered_after_rej,UNIONBANK,2025-09-26,2025-09-29,130.4388,2025-10-07,134.567,MOMENTUM_FAIL,7,28.8969,19.8442,9.0526,0.009893,0.0,0.045871,6,False
recovered_after_rej,UNITDSPR,2021-08-25,2021-08-26,662.793,2021-09-17,720.7546,TIME,1,57.9616,18.8466,39.1149,0.058887,-0.0011,0.139129,16,False
recovered_after_rej,UNITDSPR,2023-07-24,2023-07-25,958.2369,2023-08-01,988.9424,MOMENTUM_FAIL,1,30.7055,20.0386,10.6669,0.011107,-0.008873,0.044466,6,False
recovered_after_rej,UNOMINDA,2021-01-29,2021-02-01,225.2143,2021-02-05,264.0829,TARGET,4,155.4744,20.0504,135.424,0.15,0.0,0.269332,5,False
recovered_after_rej,UPL,2019-02-12,2019-02-14,501.0927,2019-02-21,508.4463,MOMENTUM_FAIL,1,7.3536,18.0608,-10.7072,-0.021321,-0.010131,0.022596,6,False
recovered_after_rej,UPL,2024-05-14,2024-05-15,502.5547,2024-05-23,500.4972,MOMENTUM_FAIL,1,-2.0574,18.0478,-20.1053,-0.039919,-0.013842,0.01774,6,False
recovered_after_rej,UPL,2026-07-20,2026-07-21,609.0,2026-07-28,599.65,MOMENTUM_FAIL,1,-9.35,18.4824,-27.8324,-0.045602,-0.023071,0.018965,6,False
recovered_after_rej,USHAMART,2019-03-25,2019-03-26,35.3039,2019-04-08,41.3413,TARGET,28,169.0486,20.4482,148.6005,0.15,0.0,0.189189,9,False
recovered_after_rej,USHAMART,2019-04-03,2019-04-04,37.5939,2019-04-11,34.9623,STOP,26,-68.4208,19.9179,-88.3387,-0.09018,-0.085025,0.116751,6,False
recovered_after_rej,USHAMART,2022-12-21,2022-12-22,135.7351,2022-12-26,159.0362,TARGET,7,163.1075,20.2741,142.8334,0.15,-0.033214,0.227143,3,False
recovered_after_rej,UTIAMC,2023-12-20,2023-12-21,738.9148,2024-01-12,801.1884,TIME,1,62.2736,19.1768,43.0967,0.058197,0.0,0.116867,16,False
recovered_after_rej,UTIAMC,2024-04-15,2024-04-16,796.7816,2024-05-09,799.5859,TIME,1,2.8043,19.3001,-16.4957,-0.020658,-0.011397,0.122905,16,False
recovered_after_rej,VBL,2021-08-24,2021-08-25,106.9995,2021-09-06,125.3436,TARGET,9,165.0974,20.3324,144.7651,0.15,0.0,0.171548,9,False
recovered_after_rej,VBL,2021-11-10,2021-11-11,125.4406,2021-11-18,125.0456,MOMENTUM_FAIL,7,-2.7652,19.632,-22.3972,-0.025451,-0.041621,0.043878,6,False
recovered_after_rej,VBL,2023-04-06,2023-04-10,277.0113,2023-04-18,280.2753,MOMENTUM_FAIL,3,9.7919,19.4589,-9.667,-0.011607,0.0,0.045223,6,False
recovered_after_rej,VBL,2023-12-04,2023-12-05,428.603,2023-12-12,428.6625,MOMENTUM_FAIL,2,0.1191,19.5498,-19.4307,-0.022618,-0.021945,0.026899,6,False
recovered_after_rej,VBL,2025-10-31,2025-11-03,468.4455,2025-11-11,469.0436,MOMENTUM_FAIL,2,1.1961,19.8884,-18.6924,-0.019908,-0.020851,0.018723,6,False
recovered_after_rej,VBL,2026-05-25,2026-05-26,528.5638,2026-06-03,532.8091,MOMENTUM_FAIL,1,4.2453,18.1705,-13.9252,-0.026288,-0.026458,0.02882,6,False
recovered_after_rej,VEDL,2021-11-24,2021-11-25,175.8379,2021-12-16,182.2089,TIME,5,31.8548,19.7072,12.1476,0.013787,-0.031884,0.063188,16,False
recovered_after_rej,VEDL,2022-09-21,2022-09-22,177.2039,2022-09-28,164.7997,STOP,5,-62.0214,19.5449,-81.5663,-0.091858,-0.073684,0.041561,5,False
recovered_after_rej,VEDL,2023-11-16,2023-11-17,193.6087,2023-11-24,188.8905,MOMENTUM_FAIL,5,-23.5909,19.9695,-43.5604,-0.0449,-0.028991,0.019118,6,False
recovered_after_rej,VIJAYA,2023-11-17,2023-11-20,595.5022,2023-12-12,614.8146,TIME,1,19.3124,18.4838,0.8286,0.001388,-0.029087,0.146941,16,False
recovered_after_rej,VISL,2026-08-14,2026-08-17,36.9,2026-08-24,37.07,MOMENTUM_FAIL,27,4.59,20.1462,-15.5562,-0.01558,-0.026016,0.042818,6,False
recovered_after_rej,VOLTAS,2019-03-14,2019-03-15,578.9565,2019-03-25,578.429,MOMENTUM_FAIL,1,-0.5276,18.3735,-18.9011,-0.032576,-0.008699,0.026429,6,False
recovered_after_rej,VOLTAS,2023-12-12,2023-12-13,844.4104,2024-01-04,991.1432,TARGET,1,146.7327,19.7943,126.9385,0.15,-0.006434,0.196573,16,False
recovered_after_rej,VTL,2021-07-20,2021-07-22,308.1462,2021-07-27,361.1884,TARGET,3,159.1264,20.1574,138.969,0.15,0.0,0.223965,4,False
recovered_after_rej,WELCORP,2021-04-05,2021-04-06,126.2742,2021-04-08,148.1101,TARGET,7,152.8513,19.9735,132.8778,0.15,0.0,0.186691,3,False
recovered_after_rej,WELCORP,2021-11-22,2021-11-23,137.8134,2021-11-26,161.4363,TARGET,7,165.3605,20.3401,145.0204,0.15,0.0,0.190688,4,False
recovered_after_rej,WELCORP,2023-07-26,2023-07-27,306.9448,2023-08-18,306.4536,TIME,3,-1.4736,19.8152,-21.2888,-0.023069,-0.007841,0.103857,16,False
recovered_after_rej,WELCORP,2023-09-22,2023-09-25,382.8828,2023-10-03,381.5074,MOMENTUM_FAIL,2,-2.7507,19.1578,-21.9085,-0.028548,-0.010776,0.028865,6,False
recovered_after_rej,WELCORP,2024-01-25,2024-01-29,574.6435,2024-02-05,585.204,MOMENTUM_FAIL,1,10.5605,18.3779,-7.8174,-0.013574,-0.021113,0.042568,6,False
recovered_after_rej,WELCORP,2024-08-13,2024-08-14,669.1565,2024-09-05,692.3539,TIME,1,23.1974,18.8027,4.3947,0.006553,-0.014815,0.111111,16,False
recovered_after_rej,WELCORP,2025-03-25,2025-03-26,820.931,2025-04-07,658.5491,GAP_STOP,1,-162.3819,19.0657,-181.4476,-0.220544,-0.197802,0.067987,8,False
recovered_after_rej,WELCORP,2025-09-17,2025-09-18,894.4799,2025-09-25,870.061,MOMENTUM_FAIL,1,-24.4189,19.6572,-44.0761,-0.049168,-0.030698,0.011588,6,False
recovered_after_rej,WELCORP,2025-11-06,2025-11-07,895.1776,2025-11-14,915.4602,MOMENTUM_FAIL,1,20.2826,19.7511,0.5314,0.000592,-0.005734,0.046596,6,False
recovered_after_rej,WELSPUNLIV,2019-05-31,2019-06-03,51.3594,2019-06-25,53.197,TIME,19,34.915,20.1215,14.7935,0.015127,-0.014679,0.052293,16,False
recovered_after_rej,WELSPUNLIV,2022-01-10,2022-01-11,150.3608,2022-01-18,146.1308,MOMENTUM_FAIL,6,-25.3799,19.6877,-45.0675,-0.049846,-0.044161,0.014066,6,False
recovered_after_rej,WELSPUNLIV,2023-07-19,2023-07-20,97.7995,2023-07-27,99.5759,MOMENTUM_FAIL,10,17.7638,20.0957,-2.3319,-0.002379,-0.005045,0.043391,6,False
recovered_after_rej,WELSPUNLIV,2023-10-23,2023-10-25,123.5076,2023-10-27,144.6301,TARGET,8,168.9793,20.4461,148.5332,0.15,0.0,0.177787,3,False
recovered_after_rej,WELSPUNLIV,2024-12-12,2024-12-13,166.7491,2024-12-26,155.0766,STOP,5,-58.3622,19.3316,-77.6938,-0.092983,-0.0748,0.070181,9,False
recovered_after_rej,WELSPUNLIV,2025-11-13,2025-11-14,137.8971,2025-11-21,136.2881,MOMENTUM_FAIL,7,-11.2633,19.9829,-31.2462,-0.032299,-0.015075,0.03631,6,False
recovered_after_rej,WELSPUNLIV,2026-05-18,2026-05-19,139.796,2026-05-26,138.7266,MOMENTUM_FAIL,7,-7.4856,20.0467,-27.5323,-0.028074,-0.014655,0.042322,6,False
recovered_after_rej,WELSPUNLIV,2026-10-05,2026-10-06,231.05,2026-10-09,223.75,TIME,4,-29.2,19.7729,-48.9729,-0.052874,-0.047782,0.062541,4,False
recovered_after_rej,WHIRLPOOL,2026-09-24,2026-09-25,855.0,2026-10-09,816.75,TIME,1,-38.25,19.4623,-57.7123,-0.067353,-0.057076,0.10269,10,False
recovered_after_rej,WIPRO,2019-01-21,2019-01-22,114.3264,2019-02-12,127.6528,TIME,8,106.611,20.009,86.6021,0.094481,0.0,0.12371,16,False
recovered_after_rej,WIPRO,2023-04-26,2023-04-27,174.0555,2023-05-05,175.4427,MOMENTUM_FAIL,5,6.9362,19.6188,-12.6826,-0.014541,0.0,0.041844,6,False
recovered_after_rej,WIPRO,2023-12-01,2023-12-04,190.8414,2023-12-11,194.4946,MOMENTUM_FAIL,5,18.2657,19.9963,-1.7306,-0.00181,-0.025684,0.028592,6,False
recovered_after_rej,WIPRO,2024-02-21,2024-02-22,242.2696,2024-02-29,240.3233,MOMENTUM_FAIL,4,-7.7852,20.006,-27.7912,-0.028615,-0.018363,0.035291,6,False
recovered_after_rej,WOCKPHARMA,2018-04-25,2018-04-26,722.3484,2018-05-07,671.7841,STOP,1,-50.5644,18.8771,-69.4415,-0.095923,-0.087417,0.088119,7,False
recovered_after_rej,WOCKPHARMA,2020-10-12,2020-10-13,285.0308,2020-10-20,274.061,MOMENTUM_FAIL,3,-32.9095,19.4736,-52.383,-0.061126,-0.052393,0.012937,6,False
recovered_after_rej,WOCKPHARMA,2022-09-09,2022-09-12,261.15,2022-09-26,242.8695,STOP,3,-54.8415,19.1264,-73.9679,-0.094207,-0.098602,0.081371,11,False
recovered_after_rej,WOCKPHARMA,2024-08-13,2024-08-14,908.0,2024-08-26,1064.5806,TARGET,1,156.5806,20.0828,136.4978,0.15,0.0,0.177533,8,False
recovered_after_rej,YESBANK,2022-08-10,2022-08-11,15.65,2022-09-05,16.65,TIME,63,63.0,20.2214,42.7786,0.043294,-0.031949,0.111821,16,False
recovered_after_rej,YESBANK,2025-09-08,2025-09-09,20.21,2025-09-30,21.25,TIME,49,50.96,20.2152,30.7448,0.030979,0.0,0.070262,16,False
recovered_after_rej,YESBANK,2025-10-17,2025-10-20,22.5,2025-10-28,22.73,MOMENTUM_FAIL,44,10.12,20.1308,-10.0109,-0.01009,-0.001333,0.031111,6,False
recovered_after_rej,ZEEL,2023-07-13,2023-07-14,189.9758,2023-07-25,222.5891,TARGET,5,163.0662,20.2729,142.7934,0.15,0.0,0.203796,8,False
recovered_after_rej,ZENSARTECH,2021-07-20,2021-07-22,333.9611,2021-08-09,393.6615,TARGET,2,119.4008,18.9934,100.4074,0.15,0.0,0.187432,13,False
recovered_after_rej,ZENTEC,2018-03-07,2018-03-08,122.2852,2018-03-19,113.7252,STOP,8,-68.4797,19.9213,-88.401,-0.090166,-0.070797,0.116251,8,False
recovered_after_rej,ZENTEC,2019-09-19,2019-09-20,62.6195,2019-10-15,61.184,TIME,15,-21.5332,19.8523,-41.3854,-0.043964,-0.054545,0.13834,16,False
recovered_after_rej,ZENTEC,2020-08-05,2020-08-06,63.8571,2020-08-11,74.8105,TARGET,15,164.3016,20.3091,143.9925,0.15,0.0,0.193798,4,False
recovered_after_rej,ZYDUSLIFE,2020-08-05,2020-08-06,381.5922,2020-08-13,372.3415,MOMENTUM_FAIL,2,-18.5014,19.1148,-37.6162,-0.049181,-0.037247,0.034848,6,False
recovered_after_rej,ZYDUSLIFE,2020-10-15,2020-10-16,398.5518,2020-11-06,416.5715,TIME,2,36.0393,19.3691,16.6702,0.020868,-0.023211,0.121857,16,False
recovered_after_rej,ZYDUSWELL,2019-08-01,2019-08-02,269.9518,2019-08-26,317.0789,TARGET,3,141.3813,19.6375,121.7439,0.15,0.0,0.230937,15,False
recovered_after_rej,ZYDUSWELL,2020-07-08,2020-07-09,270.5952,2020-07-16,270.0442,MOMENTUM_FAIL,3,-1.6529,19.3544,-21.0073,-0.025821,-0.044909,0.012364,6,False
recovered_after_rej,ZYDUSWELL,2021-07-05,2021-07-06,419.9638,2021-07-13,432.1553,MOMENTUM_FAIL,2,24.3831,19.5262,4.8569,0.00577,0.0,0.044986,6,False
recovered_after_rej,ZYDUSWELL,2024-05-13,2024-05-14,336.5075,2024-06-05,376.3051,TIME,2,79.5952,18.9338,60.6613,0.089937,-0.021122,0.155673,16,False
