strategy,symbol,signal_date,entry_date,entry_px,exit_date,exit_px,exit_reason,shares,gross_pnl,costs,net_pnl,net_pnl_pct,mae,mfe,sessions_held,ambiguous
random,BANKETF,2026-10-05,2026-10-06,559.69,2026-10-09,564.6,TIME,1,4.91,18.3033,-13.3933,-0.023878,-0.00829,0.010613,4,False
random,GSFC,2026-10-05,2026-10-06,148.0,2026-10-09,147.28,TIME,6,-4.32,19.6707,-23.9907,-0.026958,-0.013446,0.039122,4,False
random,DEEPINDS,2026-10-08,2026-10-09,775.0,2026-10-09,746.4,TIME,1,-28.6,19.1442,-47.7442,-0.061471,0.0,0.0,1,False
random,FMCGADD,2026-10-08,2026-10-09,44.55,2026-10-09,45.15,TIME,22,13.2,20.0953,-6.8953,-0.00702,0.0,0.0,1,False
random,PHARMABEES,2026-10-07,2026-10-08,27.25,2026-10-09,26.72,TIME,36,-19.08,20.0334,-39.1134,-0.039784,-0.045872,0.0,2,False
random,UNIINFO,2026-10-08,2026-10-09,11.38,2026-10-09,11.5,TIME,87,10.44,20.1317,-9.6917,-0.009768,0.0,0.0,1,False
random,ADANIPORTS,2020-04-08,2020-04-09,245.5275,2020-05-05,254.3239,TIME,4,35.1859,20.1486,15.0373,0.015278,-0.02559,0.165354,16,False
random,BSOFT,2025-09-19,2025-09-22,362.8514,2025-09-29,340.672,MOMENTUM_FAIL,2,-44.3588,18.9039,-63.2627,-0.086984,-0.068277,0.018891,6,False
random,TSFINV,2026-10-07,2026-10-08,409.6,2026-10-09,403.9,TIME,2,-11.4,19.3658,-30.7658,-0.037474,-0.032959,0.0,2,False
random,SWIGGY,2025-11-17,2025-11-18,396.0,2025-11-25,394.6,MOMENTUM_FAIL,2,-2.8,19.2685,-22.0685,-0.027803,-0.045455,0.037121,6,False
random,HDFCSENSEX,2026-10-07,2026-10-08,84.64,2026-10-09,82.48,TIME,11,-23.76,19.8129,-43.5729,-0.046698,-0.03698,0.0,2,False
random,PENIND,2026-10-07,2026-10-08,180.0,2026-10-09,171.5,TIME,5,-42.5,19.6437,-62.1437,-0.068898,-0.054444,0.0,2,False
random,TREL,2026-10-05,2026-10-06,26.99,2026-10-09,25.1007,STOP,36,-68.0148,19.8942,-87.909,-0.090278,-0.070026,0.017043,4,False
random,LANCER,2026-10-06,2026-10-07,11.25,2026-10-09,11.02,TIME,88,-20.24,20.069,-40.309,-0.040627,-0.041778,0.012444,3,False
random,JMA,2026-10-08,2026-10-09,86.79,2026-10-09,85.48,TIME,11,-14.41,19.9318,-34.3418,-0.035893,0.0,0.0,1,False
random,ALLTIME,2026-10-05,2026-10-06,185.8,2026-10-09,172.794,STOP,5,-65.03,19.7202,-84.7502,-0.091028,-0.081647,0.016146,4,False
random,LOWVOL1,2026-10-08,2026-10-09,19.49,2026-10-09,19.55,TIME,51,3.06,20.1333,-17.0733,-0.017139,0.0,0.0,1,False
random,LANDSMILL,2026-10-05,2026-10-06,1.02,2026-10-06,0.9486,STOP,978,-69.8292,20.0,-89.8292,-0.089852,0.0,0.0,1,False
random,BMWVENTLTD,2026-10-06,2026-10-07,50.02,2026-10-09,58.6065,TARGET,19,163.1438,20.2751,142.8687,0.15,-0.009996,0.192723,3,False
random,CIPLA,2018-03-07,2018-03-08,545.675,2018-03-15,533.6683,MOMENTUM_FAIL,1,-12.0068,18.2096,-30.2164,-0.055254,-0.035017,0.002055,6,False
random,STARCEMENT,2026-10-05,2026-10-06,177.0,2026-10-09,168.46,TIME,5,-42.7,19.5799,-62.2799,-0.070219,-0.059322,0.0,4,False
random,BERGEPAINT,2018-01-29,2018-01-30,197.5305,2018-02-06,191.7348,MOMENTUM_FAIL,5,-28.9786,20.0413,-49.0199,-0.049524,-0.066318,0.049839,6,False
random,VGCL,2026-10-06,2026-10-07,47.58,2026-10-09,49.99,TIME,20,48.2,20.0462,28.1538,0.029521,0.0,0.155317,3,False
random,MAXHEALTH,2024-07-23,2024-07-24,922.6922,2024-07-31,917.9644,MOMENTUM_FAIL,1,-4.7279,19.8164,-24.5443,-0.026543,-0.012675,0.039536,6,False
random,RHIM,2021-11-17,2021-11-18,341.8339,2021-11-22,317.9055,STOP,2,-47.8567,18.7193,-66.5761,-0.097168,-0.076022,0.0,2,False
random,ENERGYDEV,2026-10-06,2026-10-07,14.18,2026-10-09,14.27,TIME,70,6.3,20.134,-13.834,-0.013907,-0.028914,0.040197,3,False
random,BANK10ADD,2026-10-07,2026-10-08,16.26,2026-10-09,16.41,TIME,61,9.15,20.1367,-10.9867,-0.011053,-0.004305,0.011685,2,False
random,GROWWPSE,2026-10-05,2026-10-06,91.89,2026-10-09,91.96,TIME,10,0.7,19.8114,-19.1114,-0.020753,-0.028186,0.038742,4,False
random,QGOLDHALF,2026-10-06,2026-10-07,121.85,2026-10-09,123.0,TIME,8,9.2,20.0648,-10.8648,-0.011121,-0.006565,0.011572,3,False
random,AUROPHARMA,2023-09-20,2023-09-21,880.7734,2023-09-28,866.4905,MOMENTUM_FAIL,1,-14.2829,19.6199,-33.9028,-0.038408,-0.048254,0.0,6,False
random,VAIBHAVGBL,2026-10-08,2026-10-09,199.4,2026-10-09,201.67,TIME,5,11.35,20.1629,-8.8129,-0.00882,0.0,0.0,1,False
random,GROWWLOVOL,2026-10-05,2026-10-06,9.78,2026-10-09,9.69,TIME,102,-9.18,20.1235,-29.3035,-0.029311,-0.02045,0.018405,4,False
random,BLACKROSE,2026-10-08,2026-10-09,109.22,2026-10-09,107.3,TIME,9,-17.28,20.0454,-37.3254,-0.037889,0.0,0.0,1,False
random,XCHANGING,2026-10-06,2026-10-07,62.25,2026-10-09,60.3,TIME,16,-31.2,20.072,-51.272,-0.051366,-0.054618,0.0,3,False
random,AGL,2026-10-06,2026-10-07,12.71,2026-10-09,12.24,TIME,78,-36.66,20.0414,-56.7014,-0.05707,-0.051928,0.140834,3,False
random,UDS,2026-10-07,2026-10-08,218.11,2026-10-09,202.8423,STOP,4,-61.0708,19.4895,-80.5603,-0.092138,-0.087616,0.0,2,False
random,MULTICAP,2026-10-08,2026-10-09,15.68,2026-10-09,15.77,TIME,63,5.67,20.1127,-14.4427,-0.014589,0.0,0.0,1,False
random,NSLNISP,2023-06-30,2023-07-03,44.4,2023-07-10,43.7,MOMENTUM_FAIL,22,-15.4,20.0231,-35.4232,-0.036185,-0.040541,0.001126,6,False
random,ELDEHSG,2026-10-07,2026-10-08,769.0,2026-10-09,786.45,TIME,1,17.45,19.2126,-1.7626,-0.002287,0.0,0.048114,2,False
random,ENERGYDEV,2026-10-05,2026-10-06,14.54,2026-10-09,14.27,TIME,68,-18.36,20.0674,-38.4274,-0.038781,-0.052957,0.014443,4,False
random,KOLTEPATIL,2026-10-05,2026-10-06,427.5,2026-10-09,427.9,TIME,2,0.8,19.5418,-18.7418,-0.021872,-0.021053,0.099415,4,False
random,ZUARI,2026-10-07,2026-10-08,216.1,2026-10-09,206.98,TIME,4,-36.48,19.5056,-55.9856,-0.064627,-0.046738,0.0,2,False
random,PBMPOLY,2026-10-07,2026-10-08,58.89,2026-10-09,54.7677,STOP,16,-65.9568,19.7743,-85.7311,-0.090788,-0.133809,0.018849,2,False
random,RAILTEL,2021-03-23,2021-03-24,125.7144,2021-03-26,116.9144,STOP,7,-61.6001,19.5203,-81.1204,-0.091981,-0.089847,0.0,3,False
random,ENERGYAXIS,2026-10-07,2026-10-08,18.58,2026-10-09,17.98,TIME,53,-31.8,20.0233,-51.8233,-0.052512,-0.044672,0.0,2,False
random,STEELXIND,2026-10-05,2026-10-06,11.15,2026-10-08,10.3695,STOP,89,-69.4645,19.9787,-89.4432,-0.089936,-0.088789,0.033184,3,False
random,SHIPROCKET,2026-10-08,2026-10-09,129.9,2026-10-09,130.18,TIME,7,1.96,19.7735,-17.8135,-0.019548,0.0,0.0,1,False
random,AHLADA,2026-10-07,2026-10-08,38.4,2026-10-09,37.28,TIME,25,-28.0,19.9265,-47.9265,-0.049815,-0.0625,0.0,2,False
random,AVANCE,2026-10-06,2026-10-07,0.78,2026-10-09,0.78,TIME,1279,0.0,20.1424,-20.1424,-0.020146,-0.012821,0.038462,3,False
random,GENCON,2026-10-07,2026-10-08,36.26,2026-10-09,35.8,TIME,27,-12.42,20.0386,-32.4586,-0.033082,-0.020684,0.021511,2,False
random,JASH,2026-10-07,2026-10-08,592.6,2026-10-09,560.95,TIME,1,-31.65,18.3678,-50.0178,-0.08422,-0.068512,0.0,2,False
random,RAYMONDREL,2026-10-07,2026-10-08,705.45,2026-10-09,698.2,TIME,1,-7.25,18.894,-26.144,-0.036979,-0.04529,0.01779,2,False
random,CSM,2026-10-08,2026-10-09,92.0,2026-10-09,89.5,TIME,10,-25.0,19.7638,-44.7638,-0.04855,0.0,0.0,1,False
random,ORIENTCEM,2026-10-05,2026-10-06,116.1,2026-10-09,111.62,TIME,8,-35.84,19.7788,-55.6188,-0.059752,-0.058656,0.000775,4,False
random,SKYGOLD,2026-10-08,2026-10-09,888.0,2026-10-09,921.0,TIME,1,33.0,19.7467,13.2533,0.014892,0.0,0.0,1,False
random,MONIFTY100,2026-10-05,2026-10-06,24.08,2026-10-09,23.7,TIME,41,-15.58,20.067,-35.647,-0.036028,-0.031977,0.002076,4,False
random,GOCOLORS,2026-10-06,2026-10-07,305.95,2026-10-09,292.75,TIME,3,-39.6,19.7249,-59.3249,-0.064494,-0.045596,0.000654,3,False
random,GLENMARK,2020-07-24,2020-07-27,415.1228,2020-08-17,487.3924,TARGET,2,144.5391,19.73,124.8091,0.15,-0.014581,0.197084,16,False
random,FORTIS,2025-09-17,2025-09-18,964.9763,2025-09-25,943.599,MOMENTUM_FAIL,1,-21.3773,19.961,-41.3383,-0.042745,-0.024327,0.013768,6,False
random,AXTEL,2026-10-07,2026-10-08,432.05,2026-10-09,420.7,TIME,2,-22.7,19.5324,-42.2324,-0.048768,-0.030089,0.006596,2,False
random,JAINREC,2026-09-04,2026-09-07,277.9,2026-09-29,287.65,TIME,3,29.25,19.5098,9.7402,0.011658,-0.024829,0.109392,16,False
random,AGIIL,2026-10-05,2026-10-06,261.0,2026-10-09,254.1,TIME,3,-20.7,19.194,-39.894,-0.050839,-0.049808,0.0,4,False
random,WAKEFIT,2026-10-07,2026-10-08,134.01,2026-10-09,131.39,TIME,7,-18.34,19.8536,-38.1936,-0.040626,-0.039549,0.0,2,False
random,GLOBALE,2026-10-05,2026-10-06,10.3,2026-10-09,12.55,TARGET,96,216.0,20.545,195.455,0.197238,-0.017476,0.231068,4,False
random,BCPL,2026-10-06,2026-10-07,67.24,2026-10-09,64.53,TIME,14,-37.94,19.8276,-57.7676,-0.061232,-0.04655,0.0,3,False
random,GROWWLOVOL,2026-10-05,2026-10-06,9.78,2026-10-09,9.69,TIME,102,-9.18,20.1235,-29.3035,-0.029311,-0.02045,0.018405,4,False
random,JOCIL,2026-10-08,2026-10-09,144.0,2026-10-09,144.2,TIME,6,1.2,19.5806,-18.3806,-0.021227,0.0,0.0,1,False
random,NIF100BEES,2026-10-08,2026-10-09,248.29,2026-10-09,250.36,TIME,4,8.28,20.1404,-11.8604,-0.011916,0.0,0.0,1,False
random,INDIASHLTR,2026-10-08,2026-10-09,650.95,2026-10-09,643.45,TIME,1,-7.5,18.6633,-26.1633,-0.040105,0.0,0.0,1,False
random,PHOENIXLTD,2018-12-20,2018-12-21,293.833,2018-12-26,273.2647,STOP,3,-61.7049,19.5264,-81.2314,-0.09195,-0.073232,0.0,3,False
random,CSM,2026-10-07,2026-10-08,93.9,2026-10-09,89.5,TIME,10,-44.0,19.8053,-63.8053,-0.067802,-0.059638,0.0,2,False
random,IRB,2021-12-10,2021-12-13,10.9401,2021-12-16,10.1743,STOP,91,-69.6882,19.9917,-89.6799,-0.089885,-0.089071,0.00422,4,False
random,BFINVEST,2026-10-05,2026-10-06,441.8,2026-10-09,427.1,TIME,2,-29.4,19.6011,-49.0011,-0.055335,-0.049344,0.005093,4,False
random,RHIM,2019-05-23,2019-05-24,214.8988,2019-06-17,199.8559,STOP,4,-60.1717,19.4371,-79.6087,-0.09241,-0.132146,0.051011,16,False
random,JNKINDIA,2026-10-05,2026-10-06,436.95,2026-10-09,424.35,TIME,2,-25.2,19.5687,-44.7687,-0.051117,-0.045657,0.035473,4,False
random,UNIPARTS,2026-10-07,2026-10-08,806.6,2026-10-09,750.138,STOP,1,-56.462,19.2209,-75.6829,-0.093625,-0.070605,0.0,2,False
random,PACIFICI,2026-10-07,2026-10-08,134.81,2026-10-09,144.95,TIME,7,70.98,20.0591,50.9209,0.053843,0.0,0.075217,2,False
random,BLUECOAST,2026-10-06,2026-10-07,22.04,2026-10-08,20.4972,STOP,45,-69.426,19.9765,-89.4025,-0.089945,-0.073503,0.020417,2,False
random,SILVERCASE,2026-10-06,2026-10-07,22.21,2026-10-09,22.18,TIME,44,-1.32,20.0537,-21.3737,-0.021824,-0.019811,0.001801,3,False
random,VIVIDHA,2026-10-08,2026-10-09,0.51,2026-10-09,0.51,TIME,1956,0.0,20.1421,-20.1421,-0.020147,0.0,0.0,1,False
random,HDFCGROWTH,2026-10-06,2026-10-07,109.9,2026-10-09,108.82,TIME,9,-9.72,20.0866,-29.8066,-0.030069,-0.025478,0.0,3,False
random,RVTH,2026-10-06,2026-10-07,725.05,2026-10-09,737.4,TIME,1,12.35,19.0166,-6.6666,-0.009175,-0.020757,0.030274,3,False
random,ELECTHERM,2026-10-08,2026-10-09,699.9,2026-10-09,690.8,TIME,1,-9.1,18.8668,-27.9668,-0.039871,0.0,0.0,1,False
random,GKENERGY,2026-10-05,2026-10-06,110.37,2026-10-09,113.08,TIME,9,24.39,20.174,4.216,0.004235,0.0,0.051916,4,False
random,SHRADDHA,2026-10-08,2026-10-09,161.99,2026-10-09,161.45,TIME,6,-3.24,20.0274,-23.2674,-0.023887,0.0,0.0,1,False
random,DENORA,2026-10-07,2026-10-08,717.0,2026-10-09,706.0,TIME,1,-11.0,18.9351,-29.9351,-0.041659,-0.019735,0.004742,2,False
random,AIIL,2025-04-29,2025-04-30,359.9162,2025-05-09,334.722,STOP,2,-50.3883,18.8669,-69.2551,-0.096,-0.082444,0.057056,7,False
random,SPORTKING,2026-10-08,2026-10-09,198.75,2026-10-09,196.45,TIME,5,-11.5,20.1026,-31.6026,-0.031732,0.0,0.0,1,False
random,WESTLIFE,2026-10-05,2026-10-06,594.0,2026-10-09,580.6,TIME,1,-13.4,18.4109,-31.8109,-0.053437,-0.039815,0.016751,4,False
random,HSBCGOLD,2026-10-06,2026-10-07,127.84,2026-10-09,129.34,TIME,7,10.5,19.73,-9.23,-0.010292,-0.005788,0.015332,3,False
random,GPPL,2026-10-05,2026-10-06,168.43,2026-10-09,167.9,TIME,5,-2.65,19.4805,-22.1305,-0.026221,-0.015793,0.037642,4,False
random,SCI,2023-11-24,2023-11-28,126.7709,2023-12-05,148.6838,TARGET,7,153.3898,19.9893,133.4005,0.15,0.0,0.186038,6,False
random,SADBHAV,2026-10-05,2026-10-06,6.75,2026-10-09,6.72,TIME,147,-4.41,20.1107,-24.5207,-0.024658,-0.057778,0.065185,4,False
random,JUBLFOOD,2021-10-28,2021-10-29,737.2565,2021-11-08,766.0211,MOMENTUM_FAIL,1,28.7646,19.1016,9.663,0.013078,-0.024946,0.048552,6,False
random,WEALTH,2026-10-07,2026-10-08,848.0,2026-10-09,911.3,TIME,1,63.3,19.6395,43.6605,0.051374,-0.017689,0.120106,2,False
random,INOXWIND,2022-12-21,2022-12-22,28.225,2022-12-23,26.2493,STOP,35,-69.1513,19.9604,-89.1117,-0.090009,-0.091674,0.0,2,False
random,NORTHARC,2026-10-06,2026-10-07,298.6,2026-10-09,277.698,STOP,3,-62.706,19.5848,-82.2908,-0.091663,-0.078198,0.0,3,False
random,STYLEBAAZA,2026-10-05,2026-10-06,359.8,2026-10-09,376.05,TIME,2,32.5,19.0347,13.4653,0.018671,0.0,0.079767,4,False
random,ANURAS,2022-04-05,2022-04-06,826.7654,2022-04-29,822.3984,TIME,1,-4.367,19.4121,-23.7791,-0.028699,-0.02455,0.061224,16,False
random,XTGLOBAL,2026-10-06,2026-10-07,28.1,2026-10-09,26.133,STOP,35,-68.845,19.9426,-88.7876,-0.09008,-0.074733,0.0,3,False
random,MARKOLINES,2026-10-07,2026-10-08,170.26,2026-10-09,169.24,TIME,5,-5.1,19.5142,-24.6142,-0.028851,-0.039704,0.002467,2,False
random,REPRO,2026-10-06,2026-10-07,297.85,2026-10-09,294.0,TIME,3,-11.55,19.6795,-31.2295,-0.034874,-0.02602,0.018801,3,False
random,MAXESTATES,2026-10-07,2026-10-08,550.5,2026-10-09,529.55,TIME,1,-20.95,18.2118,-39.1618,-0.070983,-0.044323,0.0,2,False
random,PREMEXPLN,2026-10-08,2026-10-09,689.05,2026-10-09,687.05,TIME,1,-2.0,18.8354,-20.8354,-0.030172,0.0,0.0,1,False
random,JSWINFRA,2024-07-09,2024-07-10,340.5367,2024-07-18,333.6862,MOMENTUM_FAIL,2,-13.7009,18.7779,-32.4788,-0.047584,-0.034256,0.023032,6,False
random,ALPHA,2026-10-06,2026-10-07,52.78,2026-10-09,52.61,TIME,18,-3.06,19.9353,-22.9953,-0.024152,-0.026904,0.007768,3,False
random,KHAICHEM,2026-10-08,2026-10-09,48.73,2026-10-09,48.13,TIME,20,-12.0,20.0208,-32.0208,-0.032784,0.0,0.0,1,False
random,BANSALWIRE,2026-10-06,2026-10-07,327.8,2026-10-09,315.8,TIME,3,-36.0,20.0091,-56.0091,-0.05683,-0.055217,0.003661,3,False
random,SMALLCAP,2026-10-07,2026-10-08,48.01,2026-10-09,47.26,TIME,20,-15.0,19.9539,-34.9539,-0.036323,-0.026036,0.0,2,False
random,GREENPOWER,2026-10-08,2026-10-09,8.35,2026-10-09,8.56,TIME,119,24.99,20.1765,4.8135,0.004834,0.0,0.0,1,False
random,SAKHTISUG,2026-10-07,2026-10-08,18.75,2026-10-09,18.11,TIME,53,-33.92,20.057,-53.977,-0.054198,-0.0448,0.0,2,False
random,PWL,2026-08-26,2026-08-27,127.6,2026-08-28,118.668,STOP,7,-62.524,19.5742,-82.0982,-0.091714,-0.073276,0.0,2,False
random,SUNFLAG,2026-10-06,2026-10-07,460.05,2026-10-09,439.8,TIME,2,-40.5,19.7326,-60.2326,-0.06532,-0.051842,0.036844,3,False
random,QUALITY30,2026-10-07,2026-10-08,19.17,2026-10-09,19.27,TIME,52,5.2,20.1497,-14.9497,-0.014964,-0.006781,0.006781,2,False
random,JGCHEM,2026-10-08,2026-10-09,638.7,2026-10-09,630.75,TIME,1,-7.95,18.6107,-26.5607,-0.041495,0.0,0.0,1,False
random,ADANIPORTS,2023-10-18,2023-10-19,786.1917,2023-10-27,772.0319,MOMENTUM_FAIL,1,-14.1598,19.2208,-33.3806,-0.042366,-0.053028,0.007844,6,False
random,BCG,2026-10-05,2026-10-06,9.22,2026-10-09,9.05,TIME,108,-18.36,20.0972,-38.4572,-0.038537,-0.029284,0.0,4,False
random,RAYMONDREL,2026-10-06,2026-10-07,702.45,2026-10-09,698.2,TIME,1,-4.25,18.8874,-23.1374,-0.032866,-0.041213,0.022137,3,False
random,BHEL,2021-12-10,2021-12-13,64.3276,2021-12-17,59.8247,STOP,15,-67.544,19.8668,-87.4108,-0.090392,-0.087156,0.009174,5,False
random,PSPPROJECT,2026-10-07,2026-10-08,774.1,2026-10-09,747.45,TIME,1,-26.65,19.1443,-45.7943,-0.059029,-0.044826,0.0,2,False
random,ITETF,2026-10-07,2026-10-08,29.63,2026-10-09,30.35,TIME,33,23.76,20.1071,3.6529,0.003728,-0.011137,0.029025,2,False
random,EXCELINDUS,2026-10-07,2026-10-08,919.1,2026-10-09,923.6,TIME,1,4.5,19.82,-15.32,-0.016632,-0.007725,0.011859,2,False
random,DCMFINSERV,2026-10-08,2026-10-09,4.89,2026-10-09,4.81,TIME,204,-16.32,20.1089,-36.4289,-0.036438,0.0,0.0,1,False
random,HINDCOMPOS,2026-10-05,2026-10-06,406.0,2026-10-09,426.85,TIME,2,41.7,19.4435,22.2565,0.02735,-0.019458,0.085961,4,False
random,VIKASLIFE,2026-10-07,2026-10-08,1.19,2026-10-09,1.19,TIME,838,0.0,20.1407,-20.1407,-0.020153,-0.008403,0.02521,2,False
random,UNIPARTS,2026-10-07,2026-10-08,806.6,2026-10-09,750.138,STOP,1,-56.462,19.2209,-75.6829,-0.093625,-0.070605,0.0,2,False
random,OMFREIGHT,2026-10-07,2026-10-08,108.0,2026-10-09,107.46,TIME,9,-4.86,20.0243,-24.8843,-0.025545,-0.033056,0.023148,2,False
random,ARKADE,2026-10-06,2026-10-07,120.51,2026-10-09,118.88,TIME,8,-13.04,19.9742,-33.0142,-0.03417,-0.03286,0.0039,3,False
random,GUFICBIO,2026-10-08,2026-10-09,405.0,2026-10-09,406.3,TIME,2,2.6,19.3555,-16.7555,-0.020641,0.0,0.0,1,False
random,CYIENTDLM,2026-10-05,2026-10-06,946.7,2026-10-09,952.35,TIME,1,5.65,19.9389,-14.2889,-0.01506,-0.012042,0.071776,4,False
random,NKIND,2026-10-07,2026-10-08,60.19,2026-10-09,57.85,TIME,16,-37.44,19.9202,-57.3602,-0.059432,-0.051337,0.0,2,False
random,HDFCNIFIT,2026-10-08,2026-10-09,29.56,2026-10-09,30.52,TIME,33,31.68,20.1134,11.5666,0.011831,0.0,0.0,1,False
random,GREENLAM,2026-10-06,2026-10-07,211.7,2026-10-09,206.34,TIME,4,-21.44,19.4619,-40.9019,-0.048196,-0.040104,0.0,3,False
random,FSL,2020-03-09,2020-03-11,35.352,2020-03-12,32.8773,STOP,28,-69.2899,19.9685,-89.2584,-0.089976,-0.209618,0.0,2,False
random,LICNETFN50,2026-10-07,2026-10-08,247.65,2026-10-09,254.32,TIME,4,26.68,20.1671,6.5129,0.00656,0.0,0.026933,2,False
random,SULA,2026-10-06,2026-10-07,134.83,2026-10-09,130.96,TIME,7,-27.09,19.86,-46.95,-0.049637,-0.035749,0.0,3,False
random,IEX,2019-12-11,2019-12-12,41.5426,2019-12-19,42.1241,MOMENTUM_FAIL,24,13.9568,20.1683,-6.2115,-0.006216,-0.004666,0.032663,6,False
random,BEPL,2026-10-06,2026-10-07,129.6,2026-10-09,120.528,STOP,7,-63.504,19.6313,-83.1353,-0.09144,-0.070833,0.0,3,False
random,PVTBANK,2026-10-05,2026-10-06,26.93,2026-10-09,27.36,TIME,37,15.91,20.1697,-4.2597,-0.004266,-0.001114,0.018567,4,False
random,RISHABH,2026-10-07,2026-10-08,678.0,2026-10-09,630.54,STOP,1,-47.46,18.6962,-66.1562,-0.097363,-0.083776,0.021018,2,False
random,SUNDARAM,2026-10-08,2026-10-09,1.07,2026-10-09,1.03,TIME,932,-37.28,20.0649,-57.3449,-0.057378,0.0,0.0,1,False
random,PINELABS,2026-06-25,2026-06-29,160.07,2026-07-06,151.0,MOMENTUM_FAIL,6,-54.42,19.8745,-74.2946,-0.077188,-0.062285,0.011495,6,False
random,MEGASTAR,2026-10-07,2026-10-08,315.15,2026-10-08,293.0895,STOP,3,-66.1815,19.7874,-85.9689,-0.090731,0.0,0.0,1,False
random,VIKASLIFE,2026-10-07,2026-10-08,1.19,2026-10-09,1.19,TIME,838,0.0,20.1407,-20.1407,-0.020153,-0.008403,0.02521,2,False
random,GNFC,2026-10-07,2026-10-08,618.0,2026-10-09,592.7,TIME,1,-25.3,18.488,-43.788,-0.0707,-0.045307,0.0,2,False
random,APARINDS,2018-01-04,2018-01-05,750.8337,2018-01-12,754.275,MOMENTUM_FAIL,1,3.4413,19.1074,-15.6661,-0.020819,-0.008869,0.034881,6,False
random,BEML,2021-08-12,2021-08-13,536.0003,2021-08-23,529.5113,MOMENTUM_FAIL,1,-6.489,18.18,-24.669,-0.045924,-0.037495,0.005541,6,False
random,MOIPO,2026-10-07,2026-10-08,46.8,2026-10-09,46.1,TIME,21,-14.7,20.0499,-34.7499,-0.035281,-0.030983,0.0,2,False
random,SHYAMCENT,2026-10-06,2026-10-07,4.9,2026-10-09,4.86,TIME,203,-8.12,20.1135,-28.2335,-0.028322,-0.020408,0.067347,3,False
random,KPITTECH,2022-10-07,2022-10-10,656.0863,2022-10-17,657.5975,MOMENTUM_FAIL,1,1.5112,18.7034,-17.1922,-0.026147,-0.045249,0.02229,6,False
random,GROWWSLVR,2026-10-08,2026-10-09,21.34,2026-10-09,21.47,TIME,46,5.98,20.0871,-14.1071,-0.01434,0.0,0.0,1,False
random,CHEMBOND,2026-10-06,2026-10-07,190.0,2026-10-09,189.25,TIME,5,-3.75,19.9337,-23.6837,-0.024876,-0.052105,0.094737,3,False
random,TRANSRAILL,2026-10-06,2026-10-07,485.0,2026-10-09,464.65,TIME,2,-40.7,19.9429,-60.6429,-0.062382,-0.046082,0.003093,3,False
random,PBMPOLY,2026-10-08,2026-10-09,58.61,2026-10-09,54.5073,STOP,17,-69.7459,19.9951,-89.741,-0.089871,0.0,0.0,1,False
random,WORTHPERI,2026-10-07,2026-10-08,140.02,2026-10-09,163.9847,TARGET,7,167.7526,20.4102,147.3424,0.15,-0.02871,0.175618,2,False
random,OMPOWER,2026-10-08,2026-10-09,165.74,2026-10-09,162.93,TIME,6,-16.86,20.0946,-36.9546,-0.03708,0.0,0.0,1,False
random,AJAXENGG,2026-10-07,2026-10-08,579.0,2026-10-09,570.4,TIME,1,-8.6,18.3573,-26.9573,-0.046457,-0.02038,0.001727,2,False
random,CEIGALL,2026-10-08,2026-10-09,374.1,2026-10-09,369.0,TIME,2,-10.2,19.0685,-29.2685,-0.039033,0.0,0.0,1,False
random,LOWVOL,2026-10-05,2026-10-06,196.04,2026-10-09,192.01,TIME,5,-20.15,20.0278,-40.1778,-0.0409,-0.038206,0.0,4,False
random,MPIMANIPAL,2026-10-07,2026-10-08,378.75,2026-10-08,352.2375,STOP,2,-53.025,19.0205,-72.0455,-0.094902,0.0,0.0,1,False
random,LAMBODHARA,2026-10-08,2026-10-09,129.24,2026-10-09,128.24,TIME,7,-7.0,19.7357,-26.7357,-0.029488,0.0,0.0,1,False
random,FILATFASH,2026-10-08,2026-10-09,0.18,2026-10-09,0.18,TIME,5543,0.0,20.1429,-20.1429,-0.020144,0.0,0.0,1,False
random,CYBERTECH,2026-10-06,2026-10-07,140.3,2026-10-08,130.479,STOP,7,-68.747,19.9369,-88.6839,-0.090103,-0.071632,0.0,2,False
random,PHOENIXLTD,2019-04-12,2019-04-15,315.4497,2019-04-24,295.2133,MOMENTUM_FAIL,3,-60.709,19.8023,-80.5113,-0.08489,-0.06923,0.023598,6,False
random,AUSOMENT,2026-10-05,2026-10-06,140.89,2026-10-09,148.6,TIME,7,53.97,20.2042,33.7658,0.034163,-0.067854,0.071758,4,False
random,BLUESTONE,2026-10-07,2026-10-08,835.0,2026-10-09,817.65,TIME,1,-17.35,19.4204,-36.7704,-0.04394,-0.049042,0.0,2,False
random,ANTHEM,2025-12-12,2025-12-15,688.2057,2025-12-22,679.678,MOMENTUM_FAIL,1,-8.5277,18.8186,-27.3463,-0.039649,-0.050072,0.006812,6,False
random,YATRA,2026-10-05,2026-10-06,101.0,2026-10-09,94.74,TIME,9,-56.34,19.6535,-75.9935,-0.083419,-0.064356,0.011782,4,False
random,SILVERBEES,2026-10-08,2026-10-09,208.12,2026-10-09,209.68,TIME,4,6.24,19.4578,-13.2178,-0.015843,0.0,0.0,1,False
random,ALPHA,2026-10-05,2026-10-06,51.49,2026-10-09,52.61,TIME,19,21.28,20.1042,1.1758,0.001199,-0.002525,0.033016,4,False
random,JENBURPH,2026-10-06,2026-10-07,902.7,2026-10-09,947.1,TIME,1,44.4,19.832,24.568,0.027157,-0.042871,0.165393,3,False
random,GROWWPSUBK,2026-10-06,2026-10-07,79.57,2026-10-09,81.32,TIME,12,21.0,20.0045,0.9955,0.00104,0.0,0.035315,3,False
random,SERVOTECH,2026-10-08,2026-10-09,68.23,2026-10-09,69.05,TIME,14,11.48,19.9867,-8.5067,-0.008886,0.0,0.0,1,False
random,MAHSEAMLES,2026-10-08,2026-10-09,645.3,2026-10-09,618.1,TIME,1,-27.2,18.5994,-45.7994,-0.070819,0.0,0.0,1,False
random,BNAGROCHEM,2026-10-05,2026-10-06,238.45,2026-10-07,217.1,GAP_STOP,4,-85.4,19.7835,-105.1835,-0.110038,-0.097463,0.0,2,False
random,CIFL,2026-10-05,2026-10-06,20.99,2026-10-09,19.5207,STOP,47,-69.0571,19.955,-89.0121,-0.090031,-0.080515,0.017151,4,False
random,HERANBA,2026-10-05,2026-10-06,167.15,2026-10-09,162.05,TIME,5,-25.5,19.407,-44.907,-0.053615,-0.041579,0.03117,4,False
random,OAL,2026-10-06,2026-10-07,514.8,2026-10-09,518.0,TIME,1,3.2,18.1102,-14.9102,-0.0289,-0.013209,0.027389,3,False
random,NOCIL,2026-10-05,2026-10-06,166.43,2026-10-09,164.84,TIME,5,-7.95,19.4275,-27.3775,-0.032828,-0.016704,0.056,4,False
random,ESG,2026-10-08,2026-10-09,38.39,2026-10-09,38.43,TIME,25,1.0,19.9845,-18.9845,-0.019738,0.0,0.0,1,False
random,RAJOOENG,2026-10-08,2026-10-09,60.02,2026-10-09,59.45,TIME,16,-9.12,19.9663,-29.0863,-0.030222,0.0,0.0,1,False
random,ZUARIIND,2026-10-08,2026-10-09,268.05,2026-10-09,268.6,TIME,3,1.65,19.3288,-17.6788,-0.021937,0.0,0.0,1,False
random,ADVANIHOTR,2026-10-06,2026-10-07,47.94,2026-10-09,47.41,TIME,20,-10.6,19.9569,-30.5569,-0.0318,-0.019191,0.008761,3,False
random,TIPSFILMS,2026-10-08,2026-10-09,318.25,2026-10-09,316.25,TIME,3,-6.0,19.9492,-25.9492,-0.02712,0.0,0.0,1,False
random,BHARATCOAL,2026-02-24,2026-02-25,33.06,2026-03-05,33.01,MOMENTUM_FAIL,30,-1.5001,20.1148,-21.6149,-0.021746,-0.057471,0.038112,6,False
random,MIRZAINT,2026-10-05,2026-10-06,27.65,2026-10-09,27.27,TIME,36,-13.68,20.1052,-33.7852,-0.033867,-0.01953,0.014105,4,False
random,BANSWRAS,2026-10-07,2026-10-08,105.96,2026-10-09,102.48,TIME,9,-31.32,19.8929,-51.2129,-0.053585,-0.034447,0.0,2,False
random,SNXT50BETA,2026-10-08,2026-10-09,87.8,2026-10-09,88.49,TIME,11,7.59,20.0235,-12.4335,-0.012846,0.0,0.0,1,False
random,RAJMET,2026-10-07,2026-10-08,3.11,2026-10-09,3.08,TIME,320,-9.6,20.1126,-29.7126,-0.029791,-0.016077,0.003215,2,False
random,WEWORK,2026-10-05,2026-10-06,651.0,2026-10-09,669.45,TIME,1,18.45,18.7164,-0.2664,-0.000408,0.0,0.049539,4,False
random,UNITDSPR,2019-04-18,2019-04-22,536.3755,2019-04-30,545.218,MOMENTUM_FAIL,1,8.8424,18.2128,-9.3704,-0.017432,-0.017573,0.019746,6,False
random,BFINVEST,2026-10-06,2026-10-07,442.4,2026-10-09,427.1,TIME,2,-30.6,19.6037,-50.2037,-0.056616,-0.050633,0.0,3,False
random,DRCSYSTEMS,2026-10-05,2026-10-06,12.87,2026-10-09,12.85,TIME,77,-1.54,20.1113,-21.6513,-0.0218,-0.028749,0.063714,4,False
random,GLASSWALL,2026-10-06,2026-10-07,254.9,2026-10-09,267.6,TIME,3,38.1,19.2365,18.8635,0.024614,0.0,0.092781,3,False
random,HGM,2026-10-05,2026-10-06,39.0,2026-10-09,39.45,TIME,25,11.25,20.0698,-8.8198,-0.009026,-0.019744,0.071538,4,False
random,COASTCORP,2026-10-05,2026-10-06,36.2,2026-10-09,36.33,TIME,27,3.51,20.0642,-16.5542,-0.0169,-0.066022,0.033149,4,False
random,HEGAM,2023-03-06,2023-03-08,188.0181,2023-03-15,185.7588,MOMENTUM_FAIL,5,-11.2965,19.8765,-31.1729,-0.033087,-0.028513,0.039715,6,False
random,GTL,2026-10-08,2026-10-09,6.85,2026-10-09,6.64,TIME,145,-30.45,20.0619,-50.5119,-0.050744,0.0,0.0,1,False
random,LEAPIND,2026-10-07,2026-10-08,148.9,2026-10-08,138.477,STOP,6,-62.538,19.575,-82.113,-0.09171,0.0,0.0,1,False
random,GROWWMC150,2026-10-06,2026-10-07,217.81,2026-10-09,216.69,TIME,4,-4.48,19.5996,-24.0796,-0.027578,-0.016574,0.021624,3,False
random,URBANCO,2026-01-23,2026-01-27,122.34,2026-02-03,123.91,MOMENTUM_FAIL,8,12.5601,20.0882,-7.5281,-0.007675,-0.018228,0.035475,6,False
random,BECTORFOOD,2026-10-08,2026-10-09,208.0,2026-10-09,205.41,TIME,4,-10.36,19.422,-29.782,-0.035718,0.0,0.0,1,False
random,ICICIB22,2026-10-06,2026-10-07,110.34,2026-10-09,108.11,TIME,9,-20.07,20.0823,-40.1523,-0.040345,-0.037067,0.0,3,False
random,MOHITIND,2026-10-07,2026-10-08,22.57,2026-10-09,22.99,TIME,44,18.48,20.1609,-1.6809,-0.001689,-0.042534,0.041205,2,False
random,MOTILALOFS,2023-08-29,2023-08-30,863.3802,2023-09-06,881.7375,MOMENTUM_FAIL,1,18.3573,19.613,-1.2557,-0.001451,-0.001244,0.04603,6,False
random,ESENSEX,2026-10-07,2026-10-08,73.17,2026-10-09,73.07,TIME,13,-1.3,19.9438,-21.2438,-0.022285,-0.007243,0.003143,2,False
random,JSL,2020-08-10,2020-08-11,42.4974,2020-08-18,49.7728,TARGET,23,167.3343,20.3979,146.9364,0.15,-0.008065,0.1947,6,False
random,BFINVEST,2026-10-06,2026-10-07,442.4,2026-10-09,427.1,TIME,2,-30.6,19.6037,-50.2037,-0.056616,-0.050633,0.0,3,False
random,BCONCEPTS,2026-10-08,2026-10-09,144.0,2026-10-09,143.39,TIME,6,-3.66,19.5707,-23.2307,-0.026829,0.0,0.0,1,False
random,EPACK,2026-10-05,2026-10-06,168.13,2026-10-09,170.47,TIME,5,11.7,19.5034,-7.8034,-0.009262,-0.029917,0.048415,4,False
random,BLBLIMITED,2026-10-08,2026-10-09,16.69,2026-10-09,16.72,TIME,59,1.77,20.0915,-18.3215,-0.018565,0.0,0.0,1,False
random,GAJA,2026-10-08,2026-10-09,145.99,2026-10-09,147.07,TIME,6,6.48,19.6418,-13.1618,-0.014993,0.0,0.0,1,False
random,MONEXT50,2026-10-05,2026-10-06,69.5,2026-10-09,68.29,TIME,14,-16.94,20.004,-36.944,-0.037886,-0.034388,0.009209,4,False
random,OLAELEC,2026-01-01,2026-01-02,37.89,2026-01-06,44.3718,TARGET,26,168.5269,20.4329,148.0941,0.15,0.0,0.21061,3,False
random,TOUCHWOOD,2026-10-07,2026-10-08,59.01,2026-10-09,59.68,TIME,16,10.72,19.9385,-9.2185,-0.009742,-0.030673,0.011523,2,False
random,FMCGADD,2026-10-05,2026-10-06,44.91,2026-10-09,45.15,TIME,22,5.28,20.1126,-14.8326,-0.01498,-0.02004,0.028279,4,False
random,NIF500BETA,2026-10-05,2026-10-06,36.29,2026-10-09,37.24,TIME,27,25.65,20.1195,5.5305,0.005632,-0.047947,0.050703,4,False
random,GROWWSC250,2026-10-07,2026-10-08,10.57,2026-10-09,10.17,TIME,94,-37.6,20.0488,-57.6488,-0.057895,-0.052034,0.0,2,False
random,RAIN,2026-10-05,2026-10-06,207.8,2026-10-09,215.42,TIME,4,30.48,19.5018,10.9782,0.013179,0.0,0.062993,4,False
random,ATAM,2026-10-06,2026-10-07,55.4,2026-10-09,54.05,TIME,18,-24.3,20.0911,-44.3911,-0.044419,-0.031588,0.010108,3,False
random,TANAA,2026-10-07,2026-10-08,354.0,2026-10-08,329.22,STOP,2,-49.56,18.8186,-68.3786,-0.096369,0.0,0.0,1,False
random,JARO,2026-10-06,2026-10-07,416.0,2026-10-09,405.0,TIME,2,-22.0,19.3983,-41.3983,-0.049649,-0.04399,0.000601,3,False
random,EIEL,2026-10-05,2026-10-06,182.38,2026-10-09,179.96,TIME,5,-12.1,19.7558,-31.8558,-0.034857,-0.028018,0.036024,4,False
random,VENTIVE,2026-10-05,2026-10-06,557.0,2026-10-09,551.7,TIME,1,-5.3,18.2711,-23.5711,-0.042226,-0.013465,0.055476,4,False
random,MAXHEALTH,2021-05-10,2021-05-11,229.5452,2021-05-17,213.477,STOP,4,-64.2727,19.6761,-83.9488,-0.09123,-0.071429,0.027706,4,False
random,WCIL,2026-10-06,2026-10-07,87.67,2026-10-09,97.52,TIME,11,108.35,20.2226,88.1274,0.091184,0.0,0.115547,3,False
random,TITAGARH,2019-06-13,2019-06-14,62.0738,2019-06-21,60.8867,MOMENTUM_FAIL,16,-18.9931,20.085,-39.0781,-0.039261,-0.062151,0.023108,6,False
random,MOBIKWIK,2026-10-05,2026-10-06,203.04,2026-10-06,238.4746,TARGET,4,141.7383,19.6479,122.0903,0.15,0.0,0.0,1,False
random,HNDFDS,2026-10-06,2026-10-07,582.65,2026-10-09,573.0,TIME,1,-9.65,18.3706,-28.0206,-0.047987,-0.032009,0.002231,3,False
random,DEFENCE,2026-10-06,2026-10-07,77.96,2026-10-09,75.32,TIME,12,-31.68,19.8157,-51.4957,-0.054925,-0.065162,0.006927,3,False
random,FILATEX,2026-10-06,2026-10-07,111.29,2026-10-09,109.06,TIME,8,-17.84,19.653,-37.493,-0.04202,-0.052116,0.002965,3,False
random,NEXTMEDIA,2026-10-05,2026-10-06,3.57,2026-10-09,3.54,TIME,279,-8.37,20.1186,-28.4886,-0.02854,-0.042017,0.016807,4,False
random,MOMENTUM,2026-10-06,2026-10-07,30.25,2026-10-09,29.61,TIME,32,-20.48,19.9756,-40.4556,-0.041702,-0.044298,0.0,3,False
random,BYKE,2026-10-06,2026-10-07,29.98,2026-10-09,29.88,TIME,33,-3.3,20.1007,-23.4007,-0.023601,-0.031021,0.014009,3,False
random,GMRAIRPORT,2024-05-06,2024-05-07,83.45,2024-05-08,77.6085,STOP,11,-64.2565,19.6752,-83.9317,-0.091234,-0.070102,0.0,2,False
random,DISHTV,2026-10-06,2026-10-07,2.14,2026-10-08,1.9902,STOP,466,-69.8068,19.9987,-89.8055,-0.089858,-0.070093,0.018692,2,False
random,DHARMAJ,2026-10-08,2026-10-09,265.1,2026-10-09,259.45,TIME,3,-16.95,19.2536,-36.2036,-0.045423,0.0,0.0,1,False
random,BANKBARODA,2023-02-10,2023-02-13,149.9394,2023-02-20,145.2952,MOMENTUM_FAIL,6,-27.8649,19.6719,-47.5368,-0.052725,-0.036578,0.010914,6,False
random,CCL,2019-01-04,2019-01-07,247.7544,2019-01-14,244.086,MOMENTUM_FAIL,4,-14.6736,20.0846,-34.7583,-0.034997,-0.032759,0.006848,6,False
random,SHRADDHA,2026-10-06,2026-10-07,167.9,2026-10-09,161.45,TIME,5,-32.25,19.4091,-51.6591,-0.061401,-0.063728,0.00536,3,False
random,CHEMICAL,2026-10-07,2026-10-08,28.46,2026-10-09,28.12,TIME,35,-11.9,20.1118,-32.0118,-0.032067,-0.020731,0.009838,2,False
random,BRIGHTBR,2026-10-08,2026-10-09,229.0,2026-10-09,222.4,TIME,4,-26.4,19.744,-46.144,-0.050266,0.0,0.0,1,False
random,KALPATARU,2026-10-07,2026-10-08,269.2,2026-10-09,260.9,TIME,3,-24.9,19.2894,-44.1894,-0.054598,-0.03789,0.0,2,False
random,KKCL,2026-10-06,2026-10-07,474.6,2026-10-09,460.1,TIME,2,-29.0,19.8789,-48.8789,-0.051383,-0.04488,0.032238,3,False
random,MOMGF,2026-10-07,2026-10-08,151.92,2026-10-09,149.84,TIME,6,-12.48,19.7534,-32.2334,-0.035285,-0.025935,0.0,2,False
random,KOKUYOCMLN,2026-10-06,2026-10-07,76.4,2026-10-09,72.65,TIME,13,-48.75,20.0245,-68.7745,-0.069094,-0.057592,0.0,3,False
random,SHREERAMA,2026-10-06,2026-10-07,44.0,2026-10-08,40.92,STOP,22,-67.76,19.8794,-87.6394,-0.090339,-0.085909,0.0,2,False
random,BSLSENETFG,2026-10-06,2026-10-07,73.69,2026-10-09,73.36,TIME,13,-4.29,19.9662,-24.2562,-0.025265,-0.022663,0.0,3,False
random,RAINBOW,2022-12-20,2022-12-21,735.4827,2022-12-23,683.9989,STOP,1,-51.4838,18.9307,-70.4145,-0.09553,-0.072688,0.0,3,False
random,BHANDARI,2026-10-07,2026-10-08,2.83,2026-10-09,2.79,TIME,352,-14.08,20.1076,-34.1876,-0.034244,-0.024735,0.0,2,False
random,ICICIPRULI,2021-12-30,2021-12-31,547.6679,2022-01-21,573.0175,TIME,1,25.3495,18.2941,7.0554,0.012855,0.0,0.175453,16,False
random,APCOTEXIND,2026-10-08,2026-10-09,576.9,2026-10-09,578.35,TIME,1,1.45,18.3689,-16.9189,-0.029263,0.0,0.0,1,False
random,HDFCSILVER,2026-10-08,2026-10-09,208.4,2026-10-09,209.56,TIME,4,4.64,19.4593,-14.8193,-0.017739,0.0,0.0,1,False
random,BEARDSELL,2026-10-07,2026-10-08,22.54,2026-10-09,21.5,TIME,44,-45.76,20.0245,-65.7845,-0.066186,-0.056788,0.0,2,False
random,VALUE,2026-10-06,2026-10-07,15.24,2026-10-09,14.98,TIME,65,-16.9,20.0783,-36.9783,-0.037248,-0.028215,0.0,3,False
random,TEXMOPIPES,2026-10-06,2026-10-07,54.0,2026-10-09,51.21,TIME,18,-50.22,19.932,-70.152,-0.072015,-0.055556,0.0,3,False
random,GICRE,2021-06-28,2021-06-29,173.2246,2021-07-15,161.0989,STOP,5,-60.6286,19.4637,-80.0923,-0.092271,-0.076942,0.06015,13,False
random,INNOVISION,2026-10-07,2026-10-08,256.0,2026-10-09,252.1,TIME,3,-11.7,19.149,-30.849,-0.04008,-0.023633,0.0,2,False
random,CELLO,2026-10-06,2026-10-07,366.9,2026-10-09,364.95,TIME,2,-3.9,19.0205,-22.9205,-0.031167,-0.010221,0.065685,3,False
random,SHRIKRISH,2026-10-08,2026-10-09,34.82,2026-10-09,32.75,TIME,28,-57.96,19.9287,-77.8887,-0.079715,0.0,0.0,1,False
random,DATAMATICS,2026-10-06,2026-10-07,771.0,2026-10-09,745.8,TIME,1,-25.2,19.1342,-44.3342,-0.057377,-0.04799,0.0,3,False
random,HALDER,2026-10-05,2026-10-06,258.12,2026-10-09,240.0516,STOP,3,-54.2052,19.0893,-73.2945,-0.094445,-0.105067,0.046025,4,False
random,SGMART,2026-10-07,2026-10-08,746.15,2026-10-09,775.6,TIME,1,29.45,19.1405,10.3095,0.013787,-0.013603,0.045165,2,False
random,SOLARWORLD,2026-10-07,2026-10-08,131.25,2026-10-09,129.06,TIME,7,-15.33,19.7782,-35.1082,-0.03813,-0.047619,0.0,2,False
random,SUDARCOLOR,2026-10-07,2026-10-08,362.05,2026-10-09,350.4,TIME,2,-23.3,18.94,-42.24,-0.058207,-0.044331,0.0,2,False
random,ITBETA,2026-10-08,2026-10-09,296.0,2026-10-09,293.8,TIME,3,-6.6,19.6661,-26.2661,-0.029514,0.0,0.0,1,False
random,HCLTECH,2018-08-14,2018-08-16,385.5038,2018-08-24,395.3752,MOMENTUM_FAIL,2,19.7427,19.2257,0.5169,0.000669,-0.010824,0.041341,6,False
random,ALGOQUANT,2026-10-08,2026-10-09,67.21,2026-10-09,67.25,TIME,14,0.56,19.9042,-19.3442,-0.020514,0.0,0.0,1,False
random,LEMONTREE,2022-11-11,2022-11-14,90.0,2022-12-05,98.4,TIME,11,92.4,20.2984,72.1016,0.072671,-0.021667,0.148889,16,False
random,NIF100IETF,2026-10-08,2026-10-09,26.26,2026-10-09,26.39,TIME,37,4.81,20.0424,-15.2324,-0.015643,0.0,0.0,1,False
random,GILT5BETA,2026-10-05,2026-10-06,66.2,2026-10-09,66.12,TIME,15,-1.2,20.1205,-21.3205,-0.021424,-0.016012,0.002719,4,False
random,GROWWHOSPI,2026-10-05,2026-10-06,47.88,2026-10-09,46.8,TIME,20,-21.6,19.9294,-41.5294,-0.043274,-0.049081,0.0,4,False
random,TDPOWERSYS,2018-12-10,2018-12-11,11.3608,2019-01-02,12.1737,TIME,87,70.7168,20.2474,50.4693,0.050951,0.0,0.09817,16,False
random,INSUREIETF,2026-10-05,2026-10-06,14.62,2026-10-09,14.77,TIME,68,10.2,20.1486,-9.9486,-0.009985,-0.010944,0.021204,4,False
random,MOCAPITAL,2026-10-06,2026-10-07,52.84,2026-10-09,52.07,TIME,18,-13.86,19.9178,-33.7778,-0.035436,-0.026874,0.026306,3,False
random,PNBGILTS,2026-10-05,2026-10-06,71.99,2026-10-08,66.9507,STOP,13,-65.5109,19.7483,-85.2592,-0.090903,-0.072093,0.009029,3,False
random,ABLBL,2026-10-05,2026-10-06,73.25,2026-10-09,72.46,TIME,13,-10.27,19.9299,-30.1999,-0.031645,-0.029352,0.043823,4,False
random,EBANKNIFTY,2026-10-08,2026-10-09,55.26,2026-10-09,55.98,TIME,18,12.96,20.1564,-7.1964,-0.007219,0.0,0.0,1,False
random,SAMBHAAV,2026-10-07,2026-10-08,5.14,2026-10-09,6.14,TARGET,194,194.0,20.5355,173.4645,0.173579,0.0,0.196498,2,False
random,FERMENTA,2026-10-05,2026-10-06,558.0,2026-10-09,518.94,STOP,1,-39.06,18.2066,-57.2666,-0.102404,-0.080197,0.043011,4,False
random,ANTGRAPHIC,2026-10-08,2026-10-09,0.69,2026-10-09,0.69,TIME,1446,0.0,20.1429,-20.1429,-0.020144,0.0,0.0,1,False
random,DISHTV,2026-10-06,2026-10-07,2.14,2026-10-08,1.9902,STOP,466,-69.8068,19.9987,-89.8055,-0.089858,-0.070093,0.018692,2,False
random,LICNETFSEN,2026-10-06,2026-10-07,825.21,2026-10-09,842.65,TIME,1,17.44,19.4499,-2.0099,-0.00243,-0.041056,0.029738,3,False
random,HDFCBSE500,2026-10-06,2026-10-07,35.82,2026-10-09,35.56,TIME,27,-7.02,19.9994,-27.0194,-0.027876,-0.032663,0.046064,3,False
random,HGS,2026-10-08,2026-10-09,355.2,2026-10-09,355.55,TIME,2,0.7,18.9311,-18.2311,-0.025607,0.0,0.0,1,False
random,RAMCOIND,2026-10-08,2026-10-09,290.75,2026-10-09,291.8,TIME,3,3.15,19.6194,-16.4694,-0.01884,0.0,0.0,1,False
random,POLYMED,2019-08-07,2019-08-08,166.15,2019-09-03,189.3439,TIME,6,139.1634,20.4227,118.7407,0.11885,-0.010536,0.168276,16,False
random,DHANBANK,2026-10-08,2026-10-09,32.5,2026-10-09,33.96,TIME,30,43.8,20.1361,23.6639,0.024218,0.0,0.0,1,False
random,MARATHON,2026-10-07,2026-10-08,379.55,2026-10-09,352.9815,STOP,2,-53.137,19.0271,-72.1641,-0.094858,-0.070742,0.0,2,False
random,KESORAMIND,2026-10-08,2026-10-09,10.5,2026-10-09,11.06,TIME,95,53.2,20.2502,32.9498,0.03296,0.0,0.0,1,False
random,ELECON,2020-09-07,2020-09-08,14.5329,2020-09-09,13.5156,STOP,68,-69.1764,19.9619,-89.1384,-0.090003,-0.087542,0.0,2,False
random,KELLTONTEC,2026-10-05,2026-10-06,12.12,2026-10-09,11.97,TIME,82,-12.3,20.1014,-32.4014,-0.032531,-0.026403,0.024752,4,False
random,THEMISMED,2026-10-07,2026-10-08,116.56,2026-10-08,108.4008,STOP,8,-65.2736,19.7344,-85.008,-0.090965,0.0,0.0,1,False
random,BFUTILITIE,2026-10-07,2026-10-08,493.05,2026-10-09,469.1,TIME,2,-47.9,19.9962,-67.8962,-0.068703,-0.060947,0.0,2,False
random,BANKBEES,2026-10-06,2026-10-07,578.0,2026-10-09,572.92,TIME,1,-5.08,18.3602,-23.4402,-0.040466,-0.025069,0.0,3,False
random,GCSL,2026-10-06,2026-10-07,695.6,2026-10-09,701.0,TIME,1,5.4,18.8781,-13.4781,-0.019334,-0.020342,0.013514,3,False
random,GPTINFRA,2026-10-07,2026-10-08,130.0,2026-10-08,120.9,STOP,7,-63.7,19.6427,-83.3427,-0.091386,0.0,0.0,1,False
random,SATIA,2026-10-08,2026-10-09,67.65,2026-10-09,68.06,TIME,14,5.74,19.9408,-14.2008,-0.014961,0.0,0.0,1,False
random,LATENTVIEW,2026-10-07,2026-10-08,231.0,2026-10-09,232.01,TIME,4,4.04,19.8398,-15.7998,-0.017062,0.0,0.04632,2,False
random,ZENITHSTL,2026-10-07,2026-10-08,5.32,2026-10-09,5.2,TIME,187,-22.44,20.085,-42.525,-0.042652,-0.048872,0.0,2,False
random,GUJALKALI,2026-10-06,2026-10-07,616.5,2026-10-09,605.45,TIME,1,-11.05,18.5106,-29.5606,-0.047845,-0.04266,0.000811,3,False
random,GLENMARK,2024-01-08,2024-01-09,879.7004,2024-01-16,884.8254,MOMENTUM_FAIL,1,5.125,19.6549,-14.5299,-0.016481,-0.02302,0.036595,6,False
random,MUKESHB,2026-10-05,2026-10-07,123.0,2026-10-09,123.0,TIME,8,0.0,20.0849,-20.0849,-0.020367,0.0,0.0,2,False
random,CAMLINFINE,2026-10-06,2026-10-07,95.0,2026-10-08,88.35,STOP,10,-66.5,19.8059,-86.3059,-0.09065,-0.070947,0.0,2,False
random,AARON,2026-10-07,2026-10-08,122.45,2026-10-09,127.13,TIME,8,37.44,20.1426,17.2974,0.017619,-0.011025,0.077991,2,False
random,SYRMA,2023-01-31,2023-02-01,253.704,2023-02-22,262.4729,TIME,3,26.3067,19.1973,7.1094,0.00932,-0.027338,0.097442,16,False
random,WAKEFIT,2026-10-08,2026-10-09,130.6,2026-10-09,131.39,TIME,7,5.53,19.8014,-14.2714,-0.015577,0.0,0.0,1,False
random,TARMAT,2026-10-06,2026-10-07,56.82,2026-10-09,55.84,TIME,17,-16.66,19.9747,-36.6347,-0.037844,-0.034671,0.018479,3,False
random,BSLGOLDETF,2026-10-07,2026-10-08,128.99,2026-10-09,130.37,TIME,7,9.66,19.7622,-10.1022,-0.011164,0.0,0.013644,2,False
random,TATAINVEST,2024-08-23,2024-08-26,610.5674,2024-08-27,721.0859,TARGET,1,110.5185,18.7331,91.7853,0.15,0.0,0.203327,2,False
random,ALOKINDS,2026-10-05,2026-10-06,7.22,2026-10-07,8.4538,TARGET,138,170.2645,20.4838,149.7807,0.15,0.0,0.177285,2,False
random,IGCL,2026-10-05,2026-10-06,52.6,2026-10-09,55.09,TIME,18,44.82,20.0191,24.8009,0.026137,0.0,0.156274,4,False
random,AVANTIFEED,2022-03-31,2022-04-01,389.2896,2022-04-13,457.5584,TARGET,2,136.5377,19.4955,117.0422,0.15,0.0,0.245023,9,False
random,GLENMARK,2022-12-06,2022-12-07,422.6411,2022-12-14,436.1354,MOMENTUM_FAIL,2,26.9886,19.5541,7.4345,0.008776,-0.025238,0.043902,6,False
random,VARDMNPOLY,2026-10-08,2026-10-09,5.39,2026-10-09,5.26,TIME,185,-24.05,20.0914,-44.1414,-0.044171,0.0,0.0,1,False
random,GILLANDERS,2026-10-07,2026-10-08,107.19,2026-10-09,99.6867,STOP,9,-67.5297,19.8659,-87.3956,-0.090395,-0.074541,0.007557,2,False
random,SBIBPB,2026-10-07,2026-10-08,47.13,2026-10-09,47.29,TIME,21,3.36,20.1159,-16.7559,-0.016893,-0.012519,0.005941,2,False
random,AURIONPRO,2026-10-08,2026-10-09,597.95,2026-10-09,601.6,TIME,1,3.65,18.4622,-14.8122,-0.024718,0.0,0.0,1,False
random,TOKYOPLAST,2026-10-05,2026-10-06,71.11,2026-10-09,68.1,TIME,14,-42.14,20.0478,-62.1878,-0.06233,-0.043735,0.036282,4,False
random,EMAMIREAL,2026-10-05,2026-10-06,69.0,2026-10-09,68.93,TIME,14,-0.98,20.0069,-20.9869,-0.021678,-0.054348,0.036232,4,False
random,SESHAPAPER,2026-10-06,2026-10-07,234.05,2026-10-09,222.49,TIME,4,-46.24,19.7889,-66.0289,-0.070375,-0.060073,0.0,3,False
random,SAHLIBHFI,2026-10-05,2026-10-06,77.9,2026-10-09,77.12,TIME,12,-9.36,19.8581,-29.2181,-0.031188,-0.035302,0.037227,4,False
random,MANORG,2026-10-06,2026-10-07,449.0,2026-10-09,430.7,TIME,2,-36.6,19.6472,-56.2472,-0.062499,-0.066592,0.0,3,False
random,HNDFDS,2026-10-06,2026-10-07,582.65,2026-10-09,573.0,TIME,1,-9.65,18.3706,-28.0206,-0.047987,-0.032009,0.002231,3,False
random,PWL,2026-09-09,2026-09-10,125.79,2026-10-05,131.1,TIME,7,37.17,19.7237,17.4463,0.01977,-0.064234,0.112966,16,False
random,KROSS,2026-10-08,2026-10-09,241.8,2026-10-09,243.05,TIME,4,5.0,20.0241,-15.0241,-0.0155,0.0,0.0,1,False
random,APOLLOPIPE,2026-10-05,2026-10-06,531.0,2026-10-09,513.7,TIME,1,-17.3,18.1369,-35.4369,-0.066591,-0.05838,0.015066,4,False
random,HINDCOMPOS,2026-10-07,2026-10-08,404.1,2026-10-09,426.85,TIME,2,45.5,19.4352,26.0648,0.03218,0.0,0.091067,2,False
random,LOTUSCHO,2026-10-07,2026-10-08,655.0,2026-10-09,609.15,STOP,1,-45.85,18.6023,-64.4523,-0.098186,-0.15542,0.0,2,False
random,SMALLIETF,2026-10-07,2026-10-08,18.27,2026-10-09,17.76,TIME,54,-27.54,20.0397,-47.5797,-0.048122,-0.047619,0.0,2,False
random,IRISDOREME,2026-10-07,2026-10-08,60.0,2026-10-09,59.81,TIME,16,-3.04,19.9774,-23.0174,-0.023924,-0.048,0.033,2,False
random,MBLINFRA,2026-10-07,2026-10-08,25.0,2026-10-08,23.25,STOP,39,-68.25,19.9079,-88.1579,-0.090221,0.0,0.0,1,False
random,WELCORP,2021-08-02,2021-08-03,125.4112,2021-08-10,117.2428,MOMENTUM_FAIL,7,-57.1786,19.5204,-76.699,-0.087178,-0.079805,0.024991,6,False
random,VSTIND,2026-10-07,2026-10-08,201.34,2026-10-09,201.58,TIME,4,0.96,19.3325,-18.3725,-0.022763,-0.006655,0.006059,2,False
random,DIGIDRIVE,2026-10-06,2026-10-07,17.7,2026-10-09,18.1,TIME,56,22.4,20.1609,2.2391,0.002254,-0.011299,0.038418,3,False
random,SSRETAIL,2026-10-07,2026-10-08,720.25,2026-10-09,705.85,TIME,1,-14.4,18.9419,-33.3419,-0.046191,-0.049288,0.0,2,False
random,SINTERCOM,2026-10-07,2026-10-08,76.83,2026-10-09,74.87,TIME,12,-23.52,19.775,-43.295,-0.046857,-0.04946,0.002213,2,False
random,HGS,2026-10-07,2026-10-08,360.0,2026-10-09,355.55,TIME,2,-8.9,18.952,-27.852,-0.038599,-0.023472,0.005,2,False
random,MHRIL,2026-10-08,2026-10-09,187.23,2026-10-09,188.02,TIME,5,3.95,19.8909,-15.9409,-0.016991,0.0,0.0,1,False
random,SILVERBND,2026-10-05,2026-10-06,219.93,2026-10-09,219.92,TIME,4,-0.04,19.6445,-19.6845,-0.022327,-0.020416,0.010231,4,False
random,MITTAL,2026-10-06,2026-10-07,0.71,2026-10-09,0.7,TIME,1405,-14.05,20.1135,-34.1635,-0.034173,-0.056338,0.028169,3,False
random,TVTODAY,2026-10-05,2026-10-06,100.32,2026-10-09,102.32,TIME,9,18.0,19.779,-1.779,-0.001966,-0.002592,0.096491,4,False
random,GROWWEV,2026-10-06,2026-10-07,30.48,2026-10-09,29.38,TIME,32,-35.2,19.9767,-55.1767,-0.056447,-0.045276,0.005249,3,False
random,PSUBANK,2026-10-07,2026-10-08,81.72,2026-10-09,81.02,TIME,12,-8.4,20.0536,-28.4536,-0.028952,-0.020191,0.0,2,False
random,SUKHJITS,2026-10-08,2026-10-09,146.67,2026-10-09,145.63,TIME,6,-6.24,19.6331,-25.8731,-0.029336,0.0,0.0,1,False
random,MAKEINDIA,2026-10-07,2026-10-08,156.8,2026-10-09,152.11,TIME,6,-28.14,19.8452,-47.9852,-0.050893,-0.042857,0.0,2,False
random,UDS,2026-10-06,2026-10-07,215.4,2026-10-09,200.322,STOP,4,-60.312,19.4453,-79.7573,-0.092367,-0.076137,0.02623,3,False
random,LICMFGOLD,2026-10-06,2026-10-07,131.65,2026-10-09,133.3,TIME,7,11.55,19.8447,-8.2947,-0.008981,0.0,0.017091,3,False
random,EVERESTIND,2026-10-06,2026-10-07,515.5,2026-10-08,479.415,STOP,1,-36.085,18.0332,-54.1182,-0.104753,-0.093598,0.0,2,False
random,HINDADH,2026-10-07,2026-10-08,373.0,2026-10-09,388.0,TIME,2,30.0,19.141,10.859,0.014524,0.0,0.040483,2,False
random,ATULAUTO,2026-10-08,2026-10-09,410.35,2026-10-09,416.6,TIME,2,12.5,19.4208,-6.9208,-0.008414,0.0,0.0,1,False
random,J&KBANK,2020-01-23,2020-01-24,27.7976,2020-01-31,26.0781,MOMENTUM_FAIL,35,-60.1804,19.9155,-80.0959,-0.082146,-0.068729,0.0,6,False
random,DBOL,2026-10-06,2026-10-07,137.41,2026-10-09,141.33,TIME,7,27.44,20.0473,7.3927,0.007669,-0.019576,0.055236,3,False
random,VETO,2026-10-05,2026-10-06,136.64,2026-10-09,131.63,TIME,7,-35.07,19.8973,-54.9673,-0.057343,-0.040837,0.030445,4,False
random,TEMBO,2026-10-07,2026-10-08,56.4,2026-10-09,55.06,TIME,17,-22.78,19.9321,-42.7121,-0.04445,-0.054078,0.005674,2,False
random,VOGL,2026-06-24,2026-06-25,34.6,2026-06-29,32.178,STOP,28,-67.816,19.8826,-87.6986,-0.090325,-0.075144,0.0,2,False
random,JGCHEM,2026-10-07,2026-10-08,654.85,2026-10-09,630.75,TIME,1,-24.1,18.646,-42.746,-0.065134,-0.045125,0.0,2,False
random,CEWATER,2026-10-06,2026-10-07,260.0,2026-10-09,257.95,TIME,3,-6.15,19.211,-25.361,-0.032443,-0.024808,0.026538,3,False
random,GROWWMETAL,2026-10-08,2026-10-09,11.09,2026-10-09,11.48,TIME,89,34.71,20.1683,14.5417,0.014701,0.0,0.0,1,False
random,CORALFINAC,2026-10-05,2026-10-06,30.78,2026-10-09,30.73,TIME,32,-1.6,20.0857,-21.6857,-0.021969,-0.024691,0.039636,4,False
random,CHALET,2026-10-08,2026-10-09,823.9,2026-10-09,820.9,TIME,1,-3.0,19.4028,-22.4028,-0.027132,0.0,0.0,1,False
random,MODINATUR,2026-10-08,2026-10-09,294.3,2026-10-09,315.75,TIME,3,64.35,19.789,44.561,0.050361,0.0,0.0,1,False
random,ARCHIDPLY,2026-10-05,2026-10-06,101.18,2026-10-09,99.75,TIME,9,-12.87,19.7488,-32.6188,-0.035742,-0.019569,0.035284,4,False
random,SMALLCAP,2026-10-05,2026-10-06,47.6,2026-10-09,47.26,TIME,20,-6.8,19.9359,-26.7359,-0.028023,-0.017647,0.033613,4,False
random,KFINTECH,2026-09-04,2026-09-07,928.8,2026-09-15,884.8,MOMENTUM_FAIL,1,-44.0,19.7622,-63.7622,-0.0685,-0.052541,0.000915,6,False
random,DHRUV,2026-10-08,2026-10-09,21.3,2026-10-09,23.03,TIME,46,79.58,20.2292,59.3508,0.060442,0.0,0.0,1,False
random,MAHABANK,2023-07-10,2023-07-11,29.1833,2023-07-18,28.9992,MOMENTUM_FAIL,34,-6.2602,20.1069,-26.3671,-0.026515,-0.05836,0.029968,6,False
random,LAMBODHARA,2026-10-06,2026-10-07,138.0,2026-10-08,128.34,STOP,7,-67.62,19.8712,-87.4912,-0.090373,-0.076087,0.0,2,False
random,HEGAM,2018-05-24,2018-05-25,567.9035,2018-06-05,512.6488,GAP_STOP,1,-55.2547,18.2154,-73.4701,-0.129089,-0.097296,0.066063,8,False
random,DEN,2026-10-08,2026-10-09,25.25,2026-10-09,25.85,TIME,39,23.4,20.1357,3.2643,0.003308,0.0,0.0,1,False
random,ANNAPURNA,2026-10-08,2026-10-09,125.9,2026-10-09,125.14,TIME,7,-5.32,19.6404,-24.9604,-0.02826,0.0,0.0,1,False
random,ARKADE,2026-10-07,2026-10-08,120.98,2026-10-09,118.88,TIME,8,-16.8,19.9824,-36.7824,-0.037922,-0.036618,0.0,2,False
random,VSTL,2026-10-08,2026-10-09,104.95,2026-10-09,101.24,TIME,9,-33.39,19.8503,-53.2403,-0.056243,0.0,0.0,1,False
random,NEXT50ADD,2026-10-05,2026-10-06,69.97,2026-10-09,68.7,TIME,14,-17.78,20.03,-37.81,-0.038514,-0.025011,0.005145,4,False
random,CONFIPET,2026-10-08,2026-10-09,85.75,2026-10-09,83.67,TIME,11,-22.88,19.8662,-42.7462,-0.045219,0.0,0.0,1,False
random,MAXIND,2026-10-08,2026-10-09,158.0,2026-10-09,154.73,TIME,6,-19.62,19.8929,-39.5129,-0.041589,0.0,0.0,1,False
random,UTLSOLAR,2026-10-05,2026-10-06,412.2,2026-10-09,409.05,TIME,2,-6.3,19.3982,-25.6982,-0.031104,-0.023047,0.072295,4,False
random,ARE&M,2026-07-17,2026-07-20,902.5909,2026-07-27,874.0,MOMENTUM_FAIL,1,-28.5909,19.6829,-48.2739,-0.053367,-0.046861,0.023128,6,False
random,VEEGALAND,2026-10-06,2026-10-07,149.95,2026-10-08,139.4535,STOP,6,-62.979,19.6007,-82.5797,-0.091586,-0.104968,0.0,2,False
random,BEPL,2026-10-06,2026-10-07,129.6,2026-10-09,120.528,STOP,7,-63.504,19.6313,-83.1353,-0.09144,-0.070833,0.0,3,False
random,ZENSARTECH,2022-11-25,2022-11-28,202.1626,2022-12-19,202.1626,TIME,4,-0.0,19.3445,-19.3445,-0.02387,-0.007845,0.14167,16,False
random,VISHNU,2026-10-07,2026-10-08,686.5,2026-10-09,654.85,TIME,1,-31.65,18.7643,-50.4143,-0.073276,-0.048798,0.0,2,False
random,VGUARD,2026-10-08,2026-10-09,292.9,2026-10-09,288.2,TIME,3,-14.1,19.6116,-33.7116,-0.038282,0.0,0.0,1,False
random,SERVOTECH,2026-10-07,2026-10-08,71.9,2026-10-09,69.05,TIME,13,-37.05,19.8013,-56.8513,-0.06069,-0.061057,0.0,2,False
random,ALEMBICLTD,2026-10-08,2026-10-09,100.5,2026-10-09,99.25,TIME,9,-11.25,19.7263,-30.9763,-0.034172,0.0,0.0,1,False
random,GALLANTT,2024-07-23,2024-07-24,315.4169,2024-07-31,309.0678,MOMENTUM_FAIL,3,-19.0472,19.8867,-38.9339,-0.041056,-0.043718,0.041044,6,False
random,KWIL,2026-10-07,2026-10-08,38.15,2026-10-09,37.36,TIME,26,-20.54,20.0764,-40.6164,-0.040859,-0.044561,0.0,2,False
random,GAUDIUMIVF,2026-10-07,2026-10-08,109.49,2026-10-09,105.8,TIME,9,-33.21,20.0232,-53.2332,-0.053904,-0.062745,0.0,2,False
random,ANANDRATHI,2024-01-17,2024-01-18,668.1686,2024-02-01,787.6075,TARGET,1,119.4389,18.9945,100.4444,0.15,-0.000702,0.20159,9,False
random,KUANTUM,2026-10-07,2026-10-08,76.22,2026-10-09,75.92,TIME,13,-3.9,20.1059,-24.0059,-0.024175,-0.041197,0.009446,2,False
random,HCC,2026-10-08,2026-10-09,18.81,2026-10-09,19.01,TIME,53,10.6,20.1611,-9.5611,-0.00957,0.0,0.0,1,False
random,PRISMX,2026-10-08,2026-10-09,0.5,2026-10-09,0.5,TIME,1995,0.0,20.1419,-20.1419,-0.020148,0.0,0.0,1,False
random,SCILAL,2026-10-08,2026-10-09,36.98,2026-10-09,37.03,TIME,26,1.3,19.9925,-18.6925,-0.019399,0.0,0.0,1,False
random,SPLIL,2026-10-08,2026-10-09,30.0,2026-10-09,29.29,TIME,33,-23.43,20.0625,-43.4925,-0.043836,0.0,0.0,1,False
random,ECOSMOBLTY,2026-10-08,2026-10-09,107.9,2026-10-09,104.66,TIME,9,-29.16,19.971,-49.131,-0.050483,0.0,0.0,1,False
random,JINDWORLD,2026-10-05,2026-10-06,45.37,2026-10-09,42.1941,STOP,21,-66.6939,19.8172,-86.5111,-0.090602,-0.070972,0.017633,4,False
random,GMRAIRPORT,2022-08-24,2022-08-25,33.95,2022-09-02,39.7581,TARGET,29,168.4356,20.4302,148.0054,0.15,0.0,0.200295,6,False
random,BAJAJHIND,2026-10-05,2026-10-06,20.5,2026-10-09,20.42,TIME,48,-3.84,20.0771,-23.9171,-0.024253,-0.032195,0.05561,4,False
random,RVNL,2022-07-01,2022-07-04,28.769,2022-07-11,29.5311,MOMENTUM_FAIL,34,25.9112,20.1129,5.7983,0.005915,-0.006623,0.031457,6,False
random,TATAGOLD,2026-10-06,2026-10-07,14.28,2026-10-09,14.42,TIME,69,9.66,20.1101,-10.4501,-0.010583,-0.005602,0.012605,3,False
random,HINDADH,2026-10-07,2026-10-08,373.0,2026-10-09,388.0,TIME,2,30.0,19.141,10.859,0.014524,0.0,0.040483,2,False
random,ANDHRSUGAR,2026-10-08,2026-10-09,90.4,2026-10-09,88.43,TIME,11,-21.67,20.0847,-41.7547,-0.041898,0.0,0.0,1,False
random,WAKEFIT,2026-10-06,2026-10-07,136.1,2026-10-08,126.573,STOP,7,-66.689,19.8169,-86.5059,-0.090603,-0.071565,0.0,2,False
random,RAJOOENG,2026-10-08,2026-10-09,60.02,2026-10-09,59.45,TIME,16,-9.12,19.9663,-29.0863,-0.030222,0.0,0.0,1,False
random,SHYAMMETL,2022-12-13,2022-12-14,286.9966,2023-01-04,306.4333,TIME,3,58.3099,19.6842,38.6257,0.044764,-0.037871,0.142613,16,False
random,NPBET,2026-10-06,2026-10-07,279.83,2026-10-09,280.5,TIME,3,2.01,19.4788,-17.4688,-0.020763,-0.002573,0.011328,3,False
random,RAMCOSYS,2026-10-06,2026-10-07,563.5,2026-10-09,542.9,TIME,1,-20.6,18.2674,-38.8674,-0.068825,-0.060781,0.02378,3,False
random,LLOYDSENGG,2026-10-08,2026-10-09,96.67,2026-10-09,94.42,TIME,10,-22.5,19.966,-42.466,-0.043833,0.0,0.0,1,False
random,FORTIS,2022-03-08,2022-03-09,257.8999,2022-03-16,251.8445,MOMENTUM_FAIL,3,-18.1661,19.1599,-37.326,-0.048138,-0.049846,0.027714,6,False
random,BESTAGRO,2026-10-06,2026-10-07,17.57,2026-10-09,16.78,TIME,56,-44.24,19.9945,-64.2345,-0.065142,-0.054069,0.010814,3,False
random,BSLSENETFG,2026-10-07,2026-10-08,73.49,2026-10-09,73.36,TIME,13,-1.69,19.9606,-21.6506,-0.022613,-0.014016,0.0,2,False
random,MBAPL,2026-10-07,2026-10-08,169.7,2026-10-09,165.32,TIME,5,-21.9,19.4682,-41.3682,-0.048648,-0.051856,0.0,2,False
random,NIFTY1,2026-10-05,2026-10-06,256.76,2026-10-09,250.85,TIME,3,-17.73,19.1464,-36.8764,-0.04777,-0.038246,0.0,4,False
random,NGIL,2026-10-07,2026-10-08,36.51,2026-10-09,37.49,TIME,27,26.46,20.1462,6.3138,0.006391,0.0,0.054232,2,False
random,MANINDS,2026-10-06,2026-10-07,922.0,2026-10-08,857.46,STOP,1,-64.54,19.6917,-84.2317,-0.091158,-0.077007,0.0,2,False
random,MURUDCERA,2026-10-08,2026-10-09,27.1,2026-10-09,27.53,TIME,36,15.48,20.0809,-4.6009,-0.004706,0.0,0.0,1,False
random,REPL,2026-10-07,2026-10-08,55.0,2026-10-09,56.66,TIME,18,29.88,20.1711,9.7089,0.009786,0.0,0.064545,2,False
random,ABDL,2024-10-11,2024-10-14,323.3796,2024-10-21,313.6949,MOMENTUM_FAIL,3,-29.054,19.9672,-49.0212,-0.05042,-0.038918,0.045302,6,False
random,UCOBANK,2021-09-15,2021-09-16,13.1333,2021-10-07,13.0851,TIME,75,-3.6213,20.0817,-23.7031,-0.024012,-0.040441,0.069853,16,False
random,GAEL,2026-10-06,2026-10-07,162.81,2026-10-09,163.43,TIME,6,3.72,20.0623,-16.3423,-0.016693,-0.040108,0.019593,3,False
random,EBANKNIFTY,2026-10-08,2026-10-09,55.26,2026-10-09,55.98,TIME,18,12.96,20.1564,-7.1964,-0.007219,0.0,0.0,1,False
random,GMBREW,2026-10-05,2026-10-06,947.9,2026-10-08,881.547,STOP,1,-66.353,19.7974,-86.1504,-0.090687,-0.071632,0.065513,3,False
random,GPTINFRA,2026-10-05,2026-10-06,120.38,2026-10-09,121.88,TIME,8,12.0,20.0208,-8.0208,-0.00831,-0.004652,0.1212,4,False
random,BIGBLOC,2026-10-07,2026-10-08,36.3,2026-10-09,35.46,TIME,27,-22.68,20.0222,-42.7022,-0.043474,-0.060606,0.011019,2,False
random,OAL,2026-10-07,2026-10-08,515.0,2026-10-09,518.0,TIME,1,3.0,18.1107,-15.1107,-0.029277,-0.009709,0.02699,2,False
random,GROWWRAIL,2026-10-07,2026-10-08,25.76,2026-10-09,25.55,TIME,38,-7.98,20.047,-28.027,-0.028569,-0.017857,0.0,2,False
random,KOTAKBANK,2018-02-20,2018-02-21,208.0901,2018-03-15,215.6277,TIME,4,30.15,19.506,10.6441,0.01276,0.0,0.059082,16,False
random,EKC,2026-10-05,2026-10-06,104.5,2026-10-09,102.88,TIME,9,-14.58,19.8715,-34.4515,-0.036551,-0.040096,0.023254,4,False
random,MOMSBELIEF,2026-10-08,2026-10-09,218.1,2026-10-09,215.56,TIME,4,-10.16,19.593,-29.753,-0.03403,0.0,0.0,1,False
random,SVGLOBAL,2026-10-08,2026-10-09,134.0,2026-10-09,135.98,TIME,7,13.86,19.9189,-6.0589,-0.006445,0.0,0.0,1,False
random,DEEPINDS,2026-10-05,2026-10-06,742.6,2026-10-09,746.4,TIME,1,3.8,19.0733,-15.2733,-0.020523,0.0,0.088742,4,False
random,CMSINFO,2026-10-07,2026-10-08,218.43,2026-10-09,213.85,TIME,4,-18.32,19.5819,-37.9019,-0.043285,-0.036305,0.0,2,False
random,NELCO,2026-10-08,2026-10-09,870.0,2026-10-09,853.35,TIME,1,-16.65,19.5696,-36.2196,-0.041541,0.0,0.0,1,False
random,SBIN,2025-12-23,2025-12-24,955.9686,2026-01-01,967.3141,MOMENTUM_FAIL,1,11.3455,19.9896,-8.6442,-0.009023,-0.014077,0.014848,6,False
random,ARVIND,2026-10-05,2026-10-06,536.0,2026-10-09,509.45,TIME,1,-26.55,18.1392,-44.6892,-0.083193,-0.068843,0.0,4,False
random,NAVNETEDUL,2026-10-07,2026-10-08,123.66,2026-10-09,121.15,TIME,8,-20.08,20.0663,-40.1463,-0.040493,-0.022562,0.0,2,False
random,TORNTPOWER,2020-07-24,2020-07-27,278.0957,2020-08-17,306.6162,TIME,3,85.5614,19.627,65.9344,0.078858,-0.011918,0.122001,16,False
random,GKB,2026-10-08,2026-10-09,62.5,2026-10-09,60.28,TIME,15,-33.3,19.8207,-53.1207,-0.056539,0.0,0.0,1,False
random,HARDWYN,2026-10-06,2026-10-07,9.25,2026-10-09,9.19,TIME,107,-6.42,20.0961,-26.5161,-0.026732,-0.027027,0.011892,3,False
random,HSBCGOLD,2026-10-05,2026-10-06,126.55,2026-10-09,129.34,TIME,7,19.53,19.7102,-0.1802,-0.000203,0.0,0.025682,4,False
random,PYRAMID,2026-10-06,2026-10-07,157.84,2026-10-09,149.18,TIME,6,-51.96,19.823,-71.783,-0.075632,-0.061011,0.0,3,False
random,LANCER,2026-10-07,2026-10-08,11.19,2026-10-09,11.02,TIME,89,-15.13,20.1044,-35.2344,-0.035302,-0.034853,0.017873,2,False
random,THELEELA,2026-10-06,2026-10-07,580.0,2026-10-09,587.5,TIME,1,7.5,18.3943,-10.8943,-0.018742,-0.006552,0.05,3,False
random,EQUAL50ADD,2026-10-08,2026-10-09,317.21,2026-10-09,319.72,TIME,3,7.53,19.9635,-12.4335,-0.013037,0.0,0.0,1,False
random,MOIPO,2026-10-07,2026-10-08,46.8,2026-10-09,46.1,TIME,21,-14.7,20.0499,-34.7499,-0.035281,-0.030983,0.0,2,False
random,HDFCNIFIT,2026-10-06,2026-10-07,29.95,2026-10-09,30.52,TIME,33,18.81,20.1416,-1.3316,-0.001344,-0.014691,0.026377,3,False
random,BMWVENTLTD,2026-10-06,2026-10-07,50.02,2026-10-09,58.6065,TARGET,19,163.1438,20.2751,142.8687,0.15,-0.009996,0.192723,3,False
random,RAMRAT,2026-10-07,2026-10-08,637.5,2026-10-09,592.875,STOP,1,-44.625,18.5309,-63.1559,-0.098852,-0.086745,0.0,2,False
random,MIDCAPIETF,2026-10-05,2026-10-06,22.58,2026-10-09,22.4,TIME,44,-7.92,20.109,-28.029,-0.02815,-0.023472,0.009743,4,False
random,GMRP&UI,2026-10-07,2026-10-08,101.63,2026-10-09,98.1,TIME,9,-31.77,19.7275,-51.4975,-0.056179,-0.044475,0.0,2,False
random,TEXINFRA,2026-10-07,2026-10-08,121.25,2026-10-09,118.07,TIME,8,-25.44,19.974,-45.414,-0.046716,-0.049897,0.0,2,False
random,MSCIINDIA,2026-10-07,2026-10-08,28.18,2026-10-09,27.77,TIME,35,-14.35,20.0654,-34.4154,-0.034817,-0.016678,0.0,2,False
random,SOUTHBANK,2026-10-05,2026-10-06,48.2,2026-10-09,47.91,TIME,20,-5.8,19.9886,-25.7886,-0.026693,-0.043361,0.00083,4,False
random,GOLDBND,2026-10-05,2026-10-06,145.05,2026-10-09,148.52,TIME,6,20.82,19.6472,1.1728,0.001345,0.0,0.02606,4,False
random,EKC,2026-10-08,2026-10-09,101.31,2026-10-09,102.88,TIME,9,14.13,19.8088,-5.6788,-0.006215,0.0,0.0,1,False
random,VMART,2026-10-08,2026-10-09,811.15,2026-10-09,821.95,TIME,1,10.8,19.377,-8.577,-0.010551,0.0,0.0,1,False
random,ITDC,2026-10-05,2026-10-06,664.8,2026-10-09,658.2,TIME,1,-6.6,18.7236,-25.3236,-0.038009,-0.019254,0.030385,4,False
random,MANIPALHOS,2026-10-08,2026-10-09,683.45,2026-10-09,701.3,TIME,1,17.85,18.8522,-1.0022,-0.001463,0.0,0.0,1,False
random,PAUSHAKLTD,2026-10-08,2026-10-09,688.35,2026-10-09,700.35,TIME,1,12.0,18.861,-6.861,-0.009946,0.0,0.0,1,False
random,KOTHARIPRO,2026-10-06,2026-10-07,64.64,2026-10-09,62.26,TIME,15,-35.7,19.9514,-55.6514,-0.057271,-0.040842,0.02336,3,False
random,MOKSH,2026-10-07,2026-10-08,9.54,2026-10-09,8.8722,STOP,104,-69.4512,19.9779,-89.4291,-0.089939,-0.074423,0.0,2,False
random,NIVABUPA,2026-10-05,2026-10-06,76.23,2026-10-09,77.65,TIME,13,18.46,20.152,-1.692,-0.001704,-0.0122,0.095369,4,False
random,SMSPHARMA,2026-10-08,2026-10-09,448.05,2026-10-09,444.65,TIME,2,-6.8,19.6999,-26.4999,-0.029508,0.0,0.0,1,False
random,BANKBETF,2026-10-06,2026-10-07,57.35,2026-10-09,56.22,TIME,17,-19.21,20.0076,-39.2176,-0.040137,-0.034002,0.0,3,False
random,MBEL,2026-10-05,2026-10-06,246.2,2026-10-07,288.3186,TARGET,4,168.4743,20.4313,148.0429,0.15,0.0,0.221527,2,False
random,RELCHEMQ,2026-10-07,2026-10-08,115.0,2026-10-09,114.19,TIME,8,-6.48,19.8015,-26.2815,-0.028504,-0.025043,0.0,2,False
random,RAMAPHO,2026-10-08,2026-10-09,110.5,2026-10-09,109.52,TIME,9,-8.82,20.1113,-28.9313,-0.029028,0.0,0.0,1,False
random,BERGEPAINT,2023-05-31,2023-06-01,530.2274,2023-06-08,528.4397,MOMENTUM_FAIL,1,-1.7877,18.1652,-19.9529,-0.037549,-0.009962,0.011341,6,False
random,UNIINFO,2026-10-06,2026-10-07,11.02,2026-10-09,11.5,TIME,90,43.2,20.2058,22.9942,0.023134,-0.034483,0.119782,3,False
random,POCL,2026-10-06,2026-10-07,448.45,2026-10-09,441.2,TIME,2,-14.5,19.6876,-34.1876,-0.038034,-0.04772,0.003456,3,False
random,PERMAGN,2026-10-08,2026-10-09,858.8,2026-10-09,853.75,TIME,1,-5.05,19.546,-24.596,-0.028577,0.0,0.0,1,False
random,COROMANDEL,2018-03-22,2018-03-23,458.1643,2018-04-17,480.7549,TIME,2,45.1812,19.8912,25.29,0.027539,0.0,0.08,16,False
random,HDFCNIFBAN,2026-10-07,2026-10-08,56.78,2026-10-09,57.01,TIME,17,3.91,20.0137,-16.1037,-0.016647,-0.006516,0.006869,2,False
random,ARTNIRMAN,2026-10-06,2026-10-08,40.23,2026-10-09,37.4139,STOP,24,-67.5864,19.8692,-87.4556,-0.090381,-0.078051,0.0,2,False
random,INDORAMA,2026-10-06,2026-10-07,95.1,2026-10-08,88.443,STOP,10,-66.57,19.81,-86.38,-0.090633,-0.091483,0.018927,2,False
random,SOMATEX,2026-10-07,2026-10-08,81.88,2026-10-08,76.1484,STOP,12,-68.7792,19.9388,-88.718,-0.090096,0.0,0.0,1,False
random,IRCON,2026-09-10,2026-09-11,114.1588,2026-09-21,108.85,MOMENTUM_FAIL,8,-42.4702,19.6998,-62.17,-0.067926,-0.064461,0.0,6,False
random,TEJASNET,2024-04-04,2024-04-05,776.3095,2024-04-22,912.4958,TARGET,1,136.1862,19.4852,116.701,0.15,-0.036645,0.189064,10,False
random,VRAJ,2026-10-05,2026-10-06,121.8,2026-10-09,120.1,TIME,8,-13.6,20.0167,-33.6167,-0.034425,-0.039409,0.02225,4,False
random,POCL,2026-10-07,2026-10-08,448.9,2026-10-09,441.2,TIME,2,-15.4,19.6896,-35.0896,-0.038999,-0.048675,0.0,2,False
random,AKG,2026-10-06,2026-10-07,9.42,2026-10-09,9.41,TIME,105,-1.05,20.1043,-21.1543,-0.021341,-0.011677,0.007431,3,False
random,THACKER,2026-10-07,2026-10-08,972.0,2026-10-09,893.0,GAP_STOP,1,-79.0,19.8734,-98.8734,-0.1015,-0.081276,0.0,2,False
random,GAEL,2026-10-07,2026-10-08,162.98,2026-10-09,163.43,TIME,6,2.7,20.0645,-17.3645,-0.017719,-0.041109,0.01853,2,False
random,GMRAIRPORT,2026-02-25,2026-02-26,101.81,2026-03-04,93.97,GAP_STOP,9,-70.56,19.6553,-90.2153,-0.098242,-0.091445,0.004715,4,False
random,PHARMABEES,2026-10-06,2026-10-07,27.3,2026-10-09,26.72,TIME,36,-20.88,20.0373,-40.9173,-0.041543,-0.047619,0.0,3,False
random,STARPAPER,2026-10-08,2026-10-09,148.0,2026-10-09,147.49,TIME,6,-3.06,19.6733,-22.7333,-0.025545,0.0,0.0,1,False
random,SDBL,2026-10-06,2026-10-07,74.1,2026-10-09,71.2,TIME,13,-37.7,19.9207,-57.6207,-0.059685,-0.055331,0.010796,3,False
random,SHREYANIND,2026-10-06,2026-10-07,130.47,2026-10-09,129.0,TIME,7,-10.29,19.7654,-30.0554,-0.032837,-0.0128,0.0,3,False
random,JINDALSTEL,2018-02-15,2018-02-16,263.9897,2018-02-16,245.5104,STOP,3,-55.4378,19.1612,-74.599,-0.093989,0.0,0.0,1,False
random,DANGEE,2026-10-06,2026-10-07,3.09,2026-10-09,3.2,TIME,322,35.42,20.2034,15.2166,0.01526,-0.022654,0.067961,3,False
random,RITCO,2026-10-06,2026-10-07,286.4,2026-10-09,272.55,TIME,3,-41.55,19.4733,-61.0233,-0.070868,-0.059183,0.0,3,False
random,SELECTIPO,2026-10-08,2026-10-09,45.35,2026-10-09,45.57,TIME,22,4.84,20.1526,-15.3126,-0.015314,0.0,0.0,1,False
random,INDOSTAR,2026-10-05,2026-10-06,206.56,2026-10-08,192.1008,STOP,4,-57.8368,19.301,-77.1378,-0.093156,-0.094355,0.0,3,False
random,PREMCO,2026-10-08,2026-10-09,395.0,2026-10-09,386.9,TIME,2,-16.2,19.2328,-35.4328,-0.044754,0.0,0.0,1,False
random,ANGELONE,2021-09-09,2021-09-13,111.6234,2021-10-01,130.9054,TARGET,8,154.2556,20.0147,134.2409,0.15,-0.034068,0.183023,15,False
random,RPPINFRA,2026-10-08,2026-10-09,52.3,2026-10-09,51.62,TIME,19,-12.92,20.0995,-33.0195,-0.033156,0.0,0.0,1,False
random,ARYAMAN,2026-10-08,2026-10-09,600.0,2026-10-09,623.75,TIME,1,23.75,18.5118,5.2382,0.008711,0.0,0.0,1,False
random,SAICAPI,2026-10-08,2026-10-09,145.89,2026-10-09,150.98,TIME,6,30.54,19.6883,10.8517,0.01237,0.0,0.0,1,False
random,HPIL,2026-10-08,2026-10-09,118.3,2026-10-09,118.45,TIME,8,1.2,19.9286,-18.7286,-0.019746,0.0,0.0,1,False
random,WELENT,2026-10-06,2026-10-07,716.15,2026-10-09,735.9,TIME,1,19.75,18.9941,0.7559,0.001053,-0.0037,0.044474,3,False
random,AWL,2023-01-13,2023-01-16,572.0119,2023-01-23,543.0632,MOMENTUM_FAIL,1,-28.9487,18.2863,-47.235,-0.082397,-0.05913,0.003913,6,False
random,UJJIVANSFB,2026-10-08,2026-10-09,62.35,2026-10-09,61.45,TIME,16,-14.4,20.113,-34.513,-0.034521,0.0,0.0,1,False
random,NSLNISP,2025-03-25,2025-03-26,35.3,2025-04-03,36.03,MOMENTUM_FAIL,28,20.44,20.1451,0.2949,0.000298,-0.056657,0.029462,6,False
random,EMBASSY,2021-05-03,2021-05-04,226.6015,2021-05-11,228.5027,MOMENTUM_FAIL,4,7.6049,19.7727,-12.1679,-0.013395,-0.005643,0.027088,6,False
random,ASTERDM,2022-04-25,2022-04-26,146.1027,2022-05-09,135.8755,STOP,6,-61.3631,19.5065,-80.8696,-0.092051,-0.077022,0.09589,9,False
random,MUFTI,2026-10-08,2026-10-09,69.7,2026-10-09,68.61,TIME,14,-15.26,20.0192,-35.2792,-0.036075,0.0,0.0,1,False
random,GREENPOWER,2026-10-06,2026-10-07,8.73,2026-10-09,8.56,TIME,114,-19.38,20.0928,-39.4728,-0.039576,-0.052692,0.111111,3,False
random,ABDL,2026-07-15,2026-07-16,623.95,2026-07-23,602.55,MOMENTUM_FAIL,1,-21.4,18.521,-39.921,-0.063842,-0.048962,0.016027,6,False
random,PRICOLLTD,2026-10-08,2026-10-09,650.0,2026-10-09,670.85,TIME,1,20.85,18.717,2.133,0.003274,0.0,0.0,1,False
random,DCMFINSERV,2026-10-06,2026-10-07,5.23,2026-10-08,4.77,GAP_STOP,190,-87.4,19.9479,-107.3479,-0.107793,-0.087954,0.032505,2,False
random,DRCSYSTEMS,2026-10-06,2026-10-07,13.22,2026-10-09,12.85,TIME,75,-27.75,20.0601,-47.8101,-0.048115,-0.054463,0.0,3,False
random,ABLBL,2026-10-08,2026-10-09,71.95,2026-10-09,72.46,TIME,13,6.63,19.893,-13.263,-0.014149,0.0,0.0,1,False
random,RELAXO,2026-10-05,2026-10-06,282.2,2026-10-09,286.0,TIME,3,11.4,19.5279,-8.1279,-0.00958,-0.006024,0.034727,4,False
random,SONACOMS,2022-07-05,2022-07-06,545.1396,2022-07-13,567.3164,MOMENTUM_FAIL,1,22.1768,18.277,3.8999,0.007138,0.0,0.047222,6,False
random,VLEGOV,2026-10-08,2026-10-09,9.29,2026-10-09,9.08,TIME,107,-22.47,20.0815,-42.5515,-0.042714,0.0,0.0,1,False
random,MAZDOCK,2021-06-22,2021-06-23,122.8085,2021-06-30,112.6555,MOMENTUM_FAIL,8,-81.2234,19.913,-101.1364,-0.102717,-0.088335,0.0,6,False
random,TATACHEM,2023-05-23,2023-05-24,928.721,2023-05-31,915.8876,MOMENTUM_FAIL,1,-12.8334,19.8253,-32.6587,-0.035089,-0.038762,0.005537,6,False
random,BBTCL,2026-10-05,2026-10-06,234.94,2026-10-09,227.72,TIME,4,-28.88,19.8393,-48.7193,-0.051729,-0.055461,0.021537,4,False
random,SIEL,2026-10-07,2026-10-08,31.5,2026-10-08,29.95,TIME,31,-48.05,19.9554,-68.0054,-0.06949,0.0,0.0,1,False
random,MIDCAPBETA,2026-10-08,2026-10-09,218.14,2026-10-09,216.83,TIME,4,-5.24,19.6037,-24.8437,-0.02841,0.0,0.0,1,False
random,WINDMACHIN,2026-10-06,2026-10-07,296.5,2026-10-09,296.2,TIME,3,-0.9,19.684,-20.584,-0.023091,-0.035076,0.021922,3,False
random,APOLLO,2026-10-06,2026-10-07,407.25,2026-10-09,388.35,TIME,2,-37.8,19.2922,-57.0922,-0.069942,-0.057704,0.020626,3,False
random,GROWWCAPM,2026-10-08,2026-10-09,11.0,2026-10-09,10.95,TIME,90,-4.5,20.1011,-24.6011,-0.024795,0.0,0.0,1,False
random,SILVER1,2026-10-07,2026-10-08,21.2,2026-10-09,21.24,TIME,47,1.88,20.1411,-18.2611,-0.018287,-0.004717,0.006132,2,False
random,AXITA,2026-10-08,2026-10-09,7.41,2026-10-09,7.38,TIME,134,-4.02,20.1145,-24.1345,-0.024253,0.0,0.0,1,False
random,TARSONS,2026-10-07,2026-10-08,341.7,2026-10-09,320.95,TIME,2,-41.5,18.7311,-60.2311,-0.087942,-0.06453,0.0,2,False
random,MODIS,2026-10-05,2026-10-06,380.0,2026-10-09,398.05,TIME,2,36.1,19.2126,16.8874,0.022172,-0.026711,0.065658,4,False
random,KPIL,2024-02-13,2024-02-14,879.9292,2024-03-06,963.7668,TIME,1,83.8376,19.8162,64.0214,0.072599,-0.008278,0.159667,16,False
random,ACE,2020-11-04,2020-11-05,72.1811,2020-11-14,84.5873,TARGET,13,161.2814,20.2206,141.0608,0.15,-0.031507,0.231507,8,False
random,BSL,2026-10-08,2026-10-09,119.99,2026-10-09,121.33,TIME,8,10.72,20.005,-9.285,-0.009652,0.0,0.0,1,False
random,ATULAUTO,2026-10-08,2026-10-09,410.35,2026-10-09,416.6,TIME,2,12.5,19.4208,-6.9208,-0.008414,0.0,0.0,1,False
random,SMALL250,2026-10-08,2026-10-09,17.97,2026-10-09,17.62,TIME,55,-19.25,20.0641,-39.3141,-0.039691,0.0,0.0,1,False
random,UNIDT,2026-10-07,2026-10-08,231.5,2026-10-09,218.61,TIME,4,-51.56,19.735,-71.295,-0.076824,-0.064233,0.0,2,False
random,GOKUL,2026-10-06,2026-10-07,38.95,2026-10-09,38.05,TIME,25,-22.5,19.9958,-42.4958,-0.043546,-0.044673,0.002311,3,False
random,APCOTEXIND,2026-10-07,2026-10-08,597.0,2026-10-09,578.35,TIME,1,-18.65,18.4128,-37.0628,-0.061946,-0.044221,0.0,2,False
random,RADICO,2022-05-06,2022-05-09,811.2943,2022-05-11,754.5037,STOP,1,-56.7906,19.24,-76.0306,-0.093511,-0.079146,0.004207,3,False
random,AARVI,2026-10-05,2026-10-06,135.18,2026-10-09,138.54,TIME,7,23.52,19.9734,3.5466,0.00374,0.0,0.057849,4,False
random,EPL,2026-10-06,2026-10-07,236.5,2026-10-09,232.43,TIME,4,-16.28,19.8913,-36.1713,-0.038153,-0.03277,0.0,3,False
random,ADVENZYMES,2026-10-06,2026-10-07,273.1,2026-10-09,267.15,TIME,3,-17.85,19.3531,-37.2031,-0.045309,-0.033321,0.002197,3,False
random,NINSYS,2026-10-08,2026-10-09,815.0,2026-10-09,803.1,TIME,1,-11.9,19.3471,-31.2471,-0.038256,0.0,0.0,1,False
random,MCLEODRUSS,2026-10-07,2026-10-08,42.7,2026-10-09,41.23,TIME,23,-33.81,20.008,-53.818,-0.054679,-0.06089,0.0,2,False
random,MANGLMCEM,2026-10-07,2026-10-08,971.1,2026-10-09,954.3,TIME,1,-16.8,19.9962,-36.7962,-0.037809,-0.036917,0.0,2,False
random,LAHOTIOV,2026-10-08,2026-10-09,39.27,2026-10-09,39.99,TIME,25,18.0,20.112,-2.112,-0.002147,0.0,0.0,1,False
random,DCXINDIA,2026-10-06,2026-10-07,159.94,2026-10-09,148.7442,STOP,6,-67.1748,19.8453,-87.0201,-0.090482,-0.077154,0.0,3,False
random,RSL,2026-10-07,2026-10-08,174.51,2026-10-09,172.04,TIME,5,-12.35,19.5892,-31.9392,-0.036525,-0.024182,0.001662,2,False
random,DCW,2026-10-08,2026-10-09,44.74,2026-10-09,44.19,TIME,22,-12.1,20.0614,-32.1614,-0.032604,0.0,0.0,1,False
random,KALPATARU,2026-10-05,2026-10-06,274.6,2026-10-09,260.9,TIME,3,-41.1,19.3248,-60.4248,-0.073189,-0.066278,0.0,4,False
random,GROWWPOWER,2026-10-08,2026-10-09,10.53,2026-10-09,10.52,TIME,94,-0.94,20.1076,-21.0476,-0.021218,0.0,0.0,1,False
random,POKARNA,2026-10-07,2026-10-08,706.2,2026-10-09,687.05,TIME,1,-19.15,18.8729,-38.0229,-0.053724,-0.043968,0.0,2,False
random,IRCON,2022-07-20,2022-07-21,34.3104,2022-07-28,33.8132,MOMENTUM_FAIL,29,-14.4204,20.102,-34.5224,-0.03462,-0.023715,0.006587,6,False
random,PPLPHARMA,2024-03-11,2024-03-12,124.429,2024-03-15,115.7189,STOP,8,-69.6802,19.9913,-89.6715,-0.089887,-0.082263,0.0,4,False
random,ANNU,2026-10-07,2026-10-08,45.64,2026-10-09,47.01,TIME,21,28.77,20.0355,8.7345,0.009093,-0.003067,0.04404,2,False
random,NAVKARURB,2026-10-07,2026-10-08,0.87,2026-10-09,0.87,TIME,1146,0.0,20.1399,-20.1399,-0.020156,-0.011494,0.022989,2,False
random,TIGERLOGS,2026-10-06,2026-10-07,25.99,2026-10-09,24.1707,STOP,38,-69.1334,19.9594,-89.0928,-0.090013,-0.127357,0.016545,3,False
random,VARROC,2026-10-05,2026-10-06,824.1,2026-10-09,793.6,TIME,1,-30.5,19.3476,-49.8476,-0.060355,-0.04787,0.003276,4,False
random,NELCAST,2026-10-07,2026-10-08,150.0,2026-10-08,139.5,STOP,6,-63.0,19.6019,-82.6019,-0.09158,0.0,0.0,1,False
random,MOTILALOFS,2021-07-13,2021-07-14,986.4019,2021-07-30,917.3538,STOP,1,-69.0481,19.9544,-89.0026,-0.090033,-0.082314,0.166937,12,False
random,GVPIL,2026-10-06,2026-10-07,730.05,2026-10-08,678.9465,STOP,1,-51.1035,18.9085,-70.012,-0.095691,-0.111705,0.0,2,False
random,HORIZONIND,2026-10-05,2026-10-06,47.6,2026-10-09,49.05,TIME,20,29.0,20.0088,8.9912,0.009424,0.0,0.068277,4,False
random,HARIOMPIPE,2026-10-05,2026-10-06,328.0,2026-10-09,334.85,TIME,3,20.55,20.1267,0.4233,0.000429,-0.018293,0.049543,4,False
random,HLEGLAS,2026-10-07,2026-10-08,476.0,2026-10-09,430.2,GAP_STOP,2,-91.6,19.7633,-111.3633,-0.116723,-0.109874,0.0,2,False
random,PIGL,2026-10-07,2026-10-08,97.0,2026-10-09,94.15,TIME,10,-28.5,19.9677,-48.4677,-0.049858,-0.041237,0.0,2,False
random,PWL,2026-10-07,2026-10-08,138.69,2026-10-09,143.69,TIME,7,35.0,20.1006,14.8994,0.015314,-0.026246,0.044776,2,False
random,BRIGHTBR,2026-10-05,2026-10-06,230.65,2026-10-09,222.4,TIME,4,-33.0,19.7584,-52.7584,-0.05706,-0.041188,0.049209,4,False
random,CMLL,2026-10-05,2026-10-06,510.5,2026-10-09,529.25,TIME,1,18.75,18.1237,0.6263,0.001224,-0.004701,0.052889,4,False
random,PSPPROJECT,2026-10-08,2026-10-09,753.4,2026-10-09,747.45,TIME,1,-5.95,19.0991,-25.0491,-0.033176,0.0,0.0,1,False
random,SAATVIKGL,2026-10-07,2026-10-08,404.5,2026-10-09,395.95,TIME,2,-17.1,19.3111,-36.4111,-0.044909,-0.036341,0.0,2,False
random,IGCL,2026-10-07,2026-10-08,59.29,2026-10-09,55.1397,STOP,16,-66.4048,19.8004,-86.2052,-0.090674,-0.078597,0.0,2,False
random,OPTIFIN,2026-10-06,2026-10-07,14.49,2026-10-09,14.17,TIME,68,-21.76,20.0462,-41.8062,-0.042336,-0.040028,0.004141,3,False
random,GKB,2026-10-07,2026-10-08,61.5,2026-10-09,60.28,TIME,16,-19.52,20.0451,-39.5651,-0.040121,-0.024553,0.037073,2,False
random,DELTACORP,2026-10-05,2026-10-06,84.25,2026-10-08,78.3525,STOP,11,-64.8725,19.7111,-84.5836,-0.09107,-0.081306,0.011276,3,False
random,DCI,2026-10-08,2026-10-09,352.0,2026-10-09,341.05,TIME,2,-21.9,18.858,-40.758,-0.057769,0.0,0.0,1,False
random,AZADIND,2026-10-06,2026-10-07,81.89,2026-10-09,82.42,TIME,12,6.36,20.0923,-13.7323,-0.013944,-0.010868,0.050067,3,False
random,NYKAA,2023-05-19,2023-05-22,128.05,2023-05-29,126.2,MOMENTUM_FAIL,7,-12.95,19.6884,-32.6385,-0.036333,-0.046076,0.009371,6,False
random,INSPIRISYS,2026-10-05,2026-10-06,84.0,2026-10-09,84.99,TIME,11,10.89,19.8537,-8.9637,-0.00968,-0.028571,0.02381,4,False
random,TRIGYN,2026-10-08,2026-10-09,52.0,2026-10-09,51.55,TIME,19,-8.55,20.0844,-28.6344,-0.028919,0.0,0.0,1,False
random,SAHYADRI,2026-10-08,2026-10-09,335.05,2026-10-09,327.35,TIME,2,-15.4,18.7281,-34.1281,-0.050819,0.0,0.0,1,False
random,PLASTIBLEN,2026-10-06,2026-10-07,205.0,2026-10-09,201.79,TIME,4,-12.84,19.3663,-32.2063,-0.03919,-0.029268,0.014634,3,False
random,PHARMABEES,2026-10-05,2026-10-06,26.85,2026-10-09,26.72,TIME,37,-4.81,20.115,-24.925,-0.025035,-0.031657,0.024209,4,False
random,NITCO,2026-10-07,2026-10-08,82.16,2026-10-09,77.63,TIME,12,-54.36,19.9823,-74.3423,-0.07524,-0.062804,0.0,2,False
random,SILVER1,2026-10-05,2026-10-06,21.39,2026-10-09,21.24,TIME,46,-6.9,20.0706,-26.9706,-0.027351,-0.026648,0.0,4,False
random,DHUNINV,2026-10-05,2026-10-06,980.0,2026-10-09,911.4,STOP,1,-68.6,19.9283,-88.5283,-0.090138,-0.073469,0.010714,4,False
random,MAGNUM,2026-10-05,2026-10-06,18.17,2026-10-09,17.61,TIME,54,-30.24,20.0114,-50.2514,-0.051104,-0.03137,0.017611,4,False
random,CEMPRO,2025-12-31,2026-01-01,788.0832,2026-01-08,725.5433,MOMENTUM_FAIL,1,-62.5399,19.1303,-81.6702,-0.103405,-0.085812,0.0,6,False
random,MAHABANK,2019-03-05,2019-03-06,11.4461,2019-03-08,10.6448,STOP,87,-69.7065,19.9928,-89.6993,-0.089881,-0.08209,0.018657,3,False
random,MARSONS,2026-10-07,2026-10-08,133.55,2026-10-09,131.11,TIME,7,-17.08,19.8426,-36.9226,-0.03941,-0.045227,0.022089,2,False
random,ASHOKA,2026-10-06,2026-10-07,106.4,2026-10-09,102.02,TIME,9,-39.42,19.8932,-59.3132,-0.061804,-0.057237,0.0,3,False
random,TIPSMUSIC,2026-10-08,2026-10-09,621.95,2026-10-09,636.35,TIME,1,14.4,18.5855,-4.1855,-0.006715,0.0,0.0,1,False
random,MOREALTY,2026-10-05,2026-10-06,82.95,2026-10-09,80.32,TIME,12,-31.56,20.0688,-51.6288,-0.051754,-0.036769,0.012899,4,False
random,BRIGHTBR,2026-10-07,2026-10-08,234.0,2026-10-09,222.4,TIME,4,-46.4,19.7877,-66.1877,-0.070559,-0.054915,0.033974,2,False
random,RAJRATAN,2026-10-08,2026-10-09,450.0,2026-10-09,450.8,TIME,2,1.6,19.7335,-18.1335,-0.020104,0.0,0.0,1,False
random,TECILCHEM,2026-10-08,2026-10-09,9.69,2026-10-09,9.0117,STOP,102,-69.1866,19.9625,-89.1491,-0.09,0.0,0.0,1,False
random,WILLAMAGOR,2026-10-07,2026-10-08,21.74,2026-10-08,20.2182,STOP,45,-68.481,19.9214,-88.4024,-0.090166,0.0,0.0,1,False
random,ANANTRAJ,2022-12-26,2022-12-27,94.8056,2022-12-30,111.084,TARGET,10,162.7838,20.2646,142.5193,0.15,0.0,0.213089,4,False
random,PSB,2026-10-07,2026-10-08,21.1,2026-10-09,21.01,TIME,47,-4.23,20.1088,-24.3388,-0.024489,-0.021801,0.0,2,False
random,CRAMC,2026-10-07,2026-10-08,231.18,2026-10-09,219.95,TIME,4,-44.92,19.7431,-64.6631,-0.069775,-0.052686,0.0,2,False
random,SGMART,2026-10-06,2026-10-07,743.0,2026-10-09,775.6,TIME,1,32.6,19.1337,13.4663,0.018085,-0.017429,0.049596,3,False
random,RHIM,2019-11-06,2019-11-07,208.9907,2019-11-15,203.6332,MOMENTUM_FAIL,4,-21.43,19.4162,-40.8462,-0.048755,-0.040055,0.015106,6,False
random,SETF10GILT,2026-10-08,2026-10-09,261.0,2026-10-09,260.8,TIME,3,-0.6,19.235,-19.835,-0.025277,0.0,0.0,1,False
random,LAMBODHARA,2026-10-08,2026-10-09,129.24,2026-10-09,128.24,TIME,7,-7.0,19.7357,-26.7357,-0.029488,0.0,0.0,1,False
random,M&MFIN,2024-02-13,2024-02-14,263.6663,2024-03-06,265.7233,TIME,3,6.171,19.2825,-13.1115,-0.01654,-0.014184,0.053191,16,False
random,TATAINVEST,2018-08-30,2018-08-31,70.4717,2018-09-07,69.6262,MOMENTUM_FAIL,14,-11.8368,20.0718,-31.9086,-0.032271,-0.034632,0.00705,6,False
random,PNBGILTS,2026-10-06,2026-10-07,71.5,2026-10-09,70.44,TIME,13,-13.78,19.8267,-33.6067,-0.036077,-0.065734,0.01035,3,False
random,GILLANDERS,2026-10-08,2026-10-09,104.15,2026-10-09,100.14,TIME,9,-36.09,19.8144,-55.9044,-0.059511,0.0,0.0,1,False
random,MERCANTILE,2026-10-06,2026-10-07,22.85,2026-10-08,21.2505,STOP,43,-68.7785,19.9387,-88.7172,-0.090096,-0.101969,0.041138,2,False
random,UNIENTER,2026-10-06,2026-10-07,87.1,2026-10-09,87.2,TIME,11,1.1,19.9778,-18.8778,-0.01966,-0.023536,0.010333,3,False
random,SOTL,2026-10-06,2026-10-07,776.95,2026-10-09,764.8,TIME,1,-12.15,19.1859,-31.3359,-0.040244,-0.027672,0.039835,3,False
random,HINDALUMI,2026-10-06,2026-10-07,91.22,2026-10-09,89.5,TIME,10,-17.2,19.7467,-36.9467,-0.040414,-0.018856,0.016773,3,False
random,PML,2026-10-08,2026-10-09,462.55,2026-10-09,481.75,TIME,2,38.4,19.9144,18.4856,0.019939,0.0,0.0,1,False
random,GROWWCHEM,2026-10-06,2026-10-07,28.54,2026-10-09,28.06,TIME,34,-16.32,19.9941,-36.3141,-0.037342,-0.025929,0.011913,3,False
random,GAEL,2026-10-08,2026-10-09,157.0,2026-10-09,163.43,TIME,6,38.58,19.9861,18.5939,0.019696,0.0,0.0,1,False
random,SNOWMAN,2026-10-08,2026-10-09,34.99,2026-10-09,34.16,TIME,28,-23.24,20.0195,-43.2595,-0.044059,0.0,0.0,1,False
random,GOLDETF,2026-10-07,2026-10-08,142.89,2026-10-09,144.16,TIME,6,7.62,19.5656,-11.9456,-0.013903,0.0,0.011757,2,False
random,KITEX,2026-10-05,2026-10-06,117.71,2026-10-09,115.01,TIME,8,-21.6,19.8622,-41.4622,-0.043934,-0.039079,0.02778,4,False
random,DENORA,2026-10-07,2026-10-08,717.0,2026-10-09,706.0,TIME,1,-11.0,18.9351,-29.9351,-0.041659,-0.019735,0.004742,2,False
random,HDFCNEXT50,2026-10-05,2026-10-06,71.22,2026-10-09,69.63,TIME,14,-22.26,20.0948,-42.3548,-0.042386,-0.031311,0.004493,4,False
random,RGL,2026-10-06,2026-10-07,163.62,2026-10-09,160.74,TIME,6,-17.28,20.0401,-37.3201,-0.037932,-0.064234,0.036426,3,False
random,PTL,2026-10-08,2026-10-09,37.99,2026-10-09,38.34,TIME,26,9.1,20.1192,-11.0192,-0.011132,0.0,0.0,1,False
random,SBIETFCON,2026-10-05,2026-10-06,113.5,2026-10-09,112.54,TIME,8,-7.68,19.7483,-27.4283,-0.030142,-0.024317,0.023789,4,False
random,LUPIN,2023-06-15,2023-06-16,820.4117,2023-07-10,881.1539,TIME,1,60.7422,19.5178,41.2244,0.050139,-0.020447,0.098063,16,False
random,STUDDS,2026-10-05,2026-10-06,400.0,2026-10-09,414.5,TIME,2,29.0,19.367,9.633,0.012015,0.0,0.166375,4,False
random,GMRAIRPORT,2022-05-18,2022-05-19,35.15,2022-06-09,36.5,TIME,28,37.8,20.1627,17.6373,0.017881,0.0,0.109531,16,False
random,HDFCBANK,2018-10-25,2018-10-26,454.7696,2018-11-02,450.3,MOMENTUM_FAIL,2,-8.9393,19.7523,-28.6916,-0.031476,-0.042564,0.0,6,False
random,MOM100,2026-10-05,2026-10-06,64.19,2026-10-09,63.65,TIME,15,-8.1,19.9791,-28.0791,-0.029099,-0.027263,0.024147,4,False
random,MITTAL,2026-10-06,2026-10-07,0.71,2026-10-09,0.7,TIME,1405,-14.05,20.1135,-34.1635,-0.034173,-0.056338,0.028169,3,False
random,MOM100,2026-10-07,2026-10-08,65.74,2026-10-09,63.65,TIME,15,-31.35,20.0299,-51.3799,-0.051991,-0.048829,0.0,2,False
random,GOACARBON,2026-10-06,2026-10-07,419.5,2026-10-09,401.8,TIME,2,-35.4,19.4006,-54.8006,-0.065174,-0.066865,0.0,3,False
random,SHYAMMETL,2021-09-22,2021-09-23,366.4714,2021-09-30,351.0034,MOMENTUM_FAIL,2,-30.9359,18.9618,-49.8978,-0.06793,-0.05974,0.0,6,False
random,GTL,2026-10-05,2026-10-06,6.76,2026-10-09,6.64,TIME,147,-17.64,20.09,-37.73,-0.037886,-0.026627,0.054734,4,False
random,NDTV,2026-10-08,2026-10-09,64.35,2026-10-09,63.79,TIME,15,-8.4,19.9886,-28.3886,-0.029346,0.0,0.0,1,False
random,METAL,2026-10-06,2026-10-07,12.99,2026-10-08,12.0807,STOP,76,-69.1068,19.9579,-89.0647,-0.090019,-0.076982,0.0,2,False
random,HLEGLAS,2026-10-05,2026-10-06,424.05,2026-10-09,423.7,TIME,2,-0.7,19.5096,-20.2096,-0.023777,-0.000825,0.122509,4,False
random,KOTAKBANK,2026-07-17,2026-07-20,382.0,2026-07-27,384.65,MOMENTUM_FAIL,2,5.3,19.1667,-13.8668,-0.018111,-0.010079,0.020942,6,False
random,SRM,2026-10-05,2026-10-06,398.85,2026-10-09,408.35,TIME,2,19.0,19.3369,-0.3369,-0.000421,0.0,0.060549,4,False
random,EUROPRATIK,2026-10-05,2026-10-06,184.7,2026-10-08,171.771,STOP,5,-64.645,19.6978,-84.3428,-0.09113,-0.077694,0.0,3,False
random,GMRAIRPORT,2024-04-05,2024-04-08,86.05,2024-04-15,80.0265,STOP,11,-66.2585,19.7918,-86.0503,-0.090711,-0.070308,0.005229,5,False
random,BUTTERFLY,2026-10-08,2026-10-09,538.3,2026-10-09,542.45,TIME,1,4.15,18.2114,-14.0614,-0.026065,0.0,0.0,1,False
random,LAMBODHARA,2026-10-05,2026-10-06,126.6,2026-10-09,128.24,TIME,7,11.48,19.6953,-8.2153,-0.00925,0.0,0.090047,4,False
random,GLOBUSSPR,2026-10-08,2026-10-09,785.0,2026-10-09,780.95,TIME,1,-4.05,19.2364,-23.2864,-0.029599,0.0,0.0,1,False
random,MOSMALL250,2026-10-07,2026-10-08,18.03,2026-10-09,17.63,TIME,55,-22.0,20.0724,-42.0724,-0.042334,-0.032723,0.0,2,False
random,GROWWLIQID,2026-10-05,2026-10-06,111.03,2026-10-09,111.11,TIME,8,0.64,19.6819,-19.0419,-0.021391,0.0,0.000811,4,False
random,DRCSYSTEMS,2026-10-06,2026-10-07,13.22,2026-10-09,12.85,TIME,75,-27.75,20.0601,-47.8101,-0.048115,-0.054463,0.0,3,False
random,SAREGAMA,2026-10-07,2026-10-08,506.75,2026-10-09,485.6,TIME,1,-21.15,18.0267,-39.1767,-0.077141,-0.049729,0.0,2,False
random,SCILAL,2026-10-05,2026-10-06,37.5,2026-10-09,37.03,TIME,26,-12.22,20.022,-32.242,-0.032997,-0.036,0.04,4,False
random,MOTISONS,2026-10-05,2026-10-06,17.98,2026-10-09,18.06,TIME,55,4.4,20.1145,-15.7145,-0.015856,-0.029477,0.02614,4,False
random,BLSE,2026-10-05,2026-10-06,163.7,2026-10-09,152.241,STOP,6,-68.754,19.9373,-88.6913,-0.090102,-0.098656,0.0,4,False
random,HDFCNIFIT,2026-10-07,2026-10-08,29.95,2026-10-09,30.52,TIME,33,18.81,20.1416,-1.3316,-0.001344,-0.013022,0.026377,2,False
random,GROWWLOVOL,2026-10-07,2026-10-08,9.96,2026-10-09,9.69,TIME,100,-27.0,20.0806,-47.0806,-0.047167,-0.036145,0.0,2,False
random,SHADOWFAX,2026-10-08,2026-10-09,288.0,2026-10-09,294.85,TIME,3,20.55,19.62,0.93,0.001074,0.0,0.0,1,False
random,VIKRAMSOLR,2026-10-05,2026-10-06,152.7,2026-10-09,142.011,STOP,6,-64.134,19.668,-83.802,-0.091267,-0.076621,0.0,4,False
random,PEARLPOLY,2026-10-08,2026-10-09,17.28,2026-10-09,16.63,TIME,57,-37.05,20.0135,-57.0635,-0.057808,0.0,0.0,1,False
random,ARTEMISMED,2026-10-07,2026-10-08,319.2,2026-10-09,313.2,TIME,3,-18.0,19.9368,-37.9368,-0.03953,-0.034305,0.0,2,False
random,SKYGOLD,2026-10-07,2026-10-08,873.65,2026-10-09,921.0,TIME,1,47.35,19.7154,27.6346,0.031562,-0.006353,0.071367,2,False
random,RVTH,2026-10-08,2026-10-09,729.65,2026-10-09,737.4,TIME,1,7.75,19.0267,-11.2767,-0.015421,0.0,0.0,1,False
random,RELIANCE,2020-08-17,2020-08-18,941.0532,2020-08-25,939.7442,MOMENTUM_FAIL,1,-1.309,19.9009,-21.2099,-0.022489,-0.006954,0.033093,6,False
random,RAJMET,2026-10-06,2026-10-07,3.13,2026-10-09,3.08,TIME,318,-15.9,20.1004,-36.0004,-0.03609,-0.031949,0.015974,3,False
random,GREAVESCOT,2026-10-07,2026-10-08,211.1,2026-10-09,207.22,TIME,4,-15.52,19.4638,-34.9838,-0.04134,-0.023685,0.016201,2,False
random,GLENMARK,2021-11-08,2021-11-09,516.5875,2021-11-16,510.1302,MOMENTUM_FAIL,1,-6.4573,18.0981,-24.5555,-0.04743,-0.021565,0.037214,6,False
random,SENSEXETF,2026-10-08,2026-10-09,73.9,2026-10-09,75.01,TIME,13,14.43,20.0159,-5.5859,-0.005802,0.0,0.0,1,False
random,SADBHIN,2026-10-07,2026-10-08,2.63,2026-10-09,2.63,TIME,379,0.0,20.1388,-20.1388,-0.02016,-0.057034,0.034221,2,False
random,JAYSREETEA,2026-10-06,2026-10-07,85.79,2026-10-09,81.95,TIME,11,-42.24,19.8287,-62.0687,-0.065629,-0.054668,0.0,3,False
random,VMART,2026-10-07,2026-10-08,805.0,2026-10-09,821.95,TIME,1,16.95,19.3636,-2.4136,-0.002992,-0.004969,0.053043,2,False
random,PWL,2026-07-23,2026-07-24,132.6,2026-07-27,123.318,STOP,7,-64.974,19.717,-84.691,-0.091043,-0.079487,0.0,2,False
random,GEOJITFSL,2026-10-05,2026-10-06,77.39,2026-10-09,75.55,TIME,12,-22.08,19.8063,-41.8863,-0.045005,-0.036051,0.024034,4,False
random,ITBEES,2026-10-06,2026-10-07,31.49,2026-10-09,31.84,TIME,31,10.85,20.074,-9.224,-0.009428,-0.024452,0.01429,3,False
random,BSLSENETFG,2026-10-08,2026-10-09,73.0,2026-10-09,73.36,TIME,13,4.68,19.9466,-15.2666,-0.016052,0.0,0.0,1,False
random,USK,2026-10-05,2026-10-06,18.53,2026-10-09,18.96,TIME,53,22.79,20.1232,2.6668,0.002709,-0.028602,0.124663,4,False
random,DANGEE,2026-10-06,2026-10-07,3.09,2026-10-09,3.2,TIME,322,35.42,20.2034,15.2166,0.01526,-0.022654,0.067961,3,False
random,ORBTEXP,2026-10-06,2026-10-07,242.1,2026-10-09,246.05,TIME,4,15.8,20.0512,-4.2512,-0.00438,-0.042338,0.078067,3,False
random,NAVKARCORP,2026-10-07,2026-10-08,85.88,2026-10-09,84.58,TIME,11,-14.3,19.8897,-34.1897,-0.036113,-0.033302,0.0,2,False
random,AUSOMENT,2026-10-07,2026-10-08,143.0,2026-10-09,148.6,TIME,6,33.6,19.6213,13.9787,0.016257,-0.003497,0.055944,2,False
random,LCL,2026-10-08,2026-10-09,609.9,2026-10-09,630.85,TIME,1,20.95,18.5479,2.4021,0.00393,0.0,0.0,1,False
random,ECLERX,2020-03-05,2020-03-06,187.2593,2020-03-09,174.1512,STOP,5,-65.5408,19.75,-85.2908,-0.090895,-0.138918,0.028103,2,False
random,SEKURITIND,2026-10-06,2026-10-07,110.44,2026-10-09,106.98,TIME,9,-31.14,20.0635,-51.2035,-0.051402,-0.047356,0.00498,3,False
random,DIGISPICE,2026-10-08,2026-10-09,14.77,2026-10-09,15.62,TIME,67,56.95,20.2245,36.7255,0.037031,0.0,0.0,1,False
random,INSECTICID,2026-10-08,2026-10-09,569.2,2026-10-09,581.3,TIME,1,12.1,18.3581,-6.2581,-0.01097,0.0,0.0,1,False
random,SMALLIETF,2026-10-08,2026-10-09,17.67,2026-10-09,17.76,TIME,56,5.04,20.1185,-15.0785,-0.015205,0.0,0.0,1,False
random,MCX,2020-06-23,2020-06-24,233.2283,2020-07-01,238.2579,MOMENTUM_FAIL,4,20.1186,19.9101,0.2084,0.000223,-0.038609,0.034168,6,False
random,GRMOVER,2026-10-07,2026-10-08,80.87,2026-10-09,80.02,TIME,12,-10.2,20.0069,-30.2069,-0.031059,-0.023,0.0,2,False
random,AIRAN,2026-10-08,2026-10-09,14.95,2026-10-09,14.75,TIME,66,-13.2,20.0694,-33.2694,-0.033644,0.0,0.0,1,False
random,MANAPPURAM,2020-08-10,2020-08-11,142.3906,2020-08-12,132.4233,STOP,7,-69.7714,19.9966,-89.768,-0.089866,-0.076537,0.0,2,False
random,PROZONER,2026-10-08,2026-10-09,52.75,2026-10-09,53.62,TIME,18,15.66,19.9711,-4.3111,-0.00453,0.0,0.0,1,False
random,CUPID,2022-10-31,2022-11-01,2.2915,2022-11-09,2.2718,MOMENTUM_FAIL,435,-8.5673,20.1216,-28.6889,-0.028718,-0.03309,0.024925,6,False
random,PRECAM,2026-10-05,2026-10-06,110.2,2026-10-09,111.2,TIME,9,9.0,20.1362,-11.1362,-0.011204,-0.011252,0.05245,4,False
random,SIL,2026-10-08,2026-10-09,15.81,2026-10-09,15.54,TIME,63,-17.01,20.1011,-37.1111,-0.037178,0.0,0.0,1,False
random,BALMLAWRIE,2026-10-07,2026-10-08,159.4,2026-10-09,156.98,TIME,6,-14.52,19.9388,-34.4588,-0.035951,-0.033061,0.0,2,False
random,EFCIL,2026-10-06,2026-10-07,171.24,2026-10-09,169.35,TIME,5,-9.45,19.526,-28.976,-0.033769,-0.032995,0.01495,3,False
random,TARACHAND,2026-10-05,2026-10-06,47.5,2026-10-09,46.05,TIME,21,-30.45,20.0799,-50.5299,-0.050546,-0.052211,0.0,4,False
random,INDOUS,2026-10-06,2026-10-07,75.8,2026-10-09,73.96,TIME,13,-23.92,20.0421,-43.9621,-0.044516,-0.056728,0.006464,3,False
random,BANK10ADD,2026-10-05,2026-10-06,16.28,2026-10-09,16.41,TIME,61,7.93,20.1394,-12.2094,-0.012268,-0.014128,0.022113,4,False
random,BLACKROSE,2026-10-05,2026-10-06,111.0,2026-10-09,107.3,TIME,8,-29.6,19.6193,-49.2193,-0.055306,-0.040991,0.018018,4,False
random,MHRIL,2026-10-06,2026-10-07,197.2,2026-10-09,188.02,TIME,5,-45.9,19.9999,-65.8999,-0.06669,-0.062323,0.0,3,False
random,MPIMANIPAL,2026-10-06,2026-10-07,367.7,2026-10-09,362.0,TIME,2,-11.4,19.012,-30.412,-0.041264,-0.051537,0.030052,3,False
random,FINIETF,2026-10-08,2026-10-09,29.92,2026-10-09,30.06,TIME,33,4.62,20.1085,-15.4885,-0.015653,0.0,0.0,1,False
random,GOKULAGRO,2026-10-07,2026-10-08,212.99,2026-10-09,206.74,TIME,4,-25.0,19.4765,-44.4765,-0.052091,-0.037467,0.0,2,False
random,CENTEXT,2026-10-07,2026-10-08,17.94,2026-10-09,17.87,TIME,55,-3.85,20.0885,-23.9385,-0.024208,-0.015608,0.058528,2,False
random,HTEL,2026-10-08,2026-10-09,95.79,2026-10-09,89.0847,STOP,10,-67.053,19.8382,-86.8912,-0.090512,0.0,0.0,1,False
random,HITECH,2026-10-07,2026-10-08,73.9,2026-10-09,70.94,TIME,13,-38.48,19.9082,-58.3882,-0.060644,-0.050203,0.0,2,False
random,KNAGRI,2026-10-07,2026-10-08,208.1,2026-10-09,201.37,TIME,4,-26.92,19.39,-46.31,-0.055513,-0.03902,0.0,2,False
random,BESTAGRO,2026-10-07,2026-10-08,17.71,2026-10-09,16.78,TIME,56,-52.08,20.0116,-72.0916,-0.072532,-0.061547,0.0,2,False
random,STERTOOLS,2026-10-05,2026-10-06,216.0,2026-10-09,225.24,TIME,4,36.96,19.6535,17.3065,0.019987,0.0,0.10625,4,False
random,GUJAPOLLO,2026-10-07,2026-10-08,340.05,2026-10-09,326.5,TIME,2,-27.1,18.7465,-45.8465,-0.067264,-0.045434,0.0,2,False
random,MANBA,2026-10-06,2026-10-07,142.15,2026-10-09,141.56,TIME,7,-4.13,20.1231,-24.2531,-0.024321,-0.009497,0.060781,3,False
random,RANASUG,2026-10-08,2026-10-09,13.47,2026-10-09,13.18,TIME,74,-21.46,20.0952,-41.5552,-0.041598,0.0,0.0,1,False
random,GANECOS,2026-10-05,2026-10-06,966.6,2026-10-09,966.1,TIME,1,-0.5,20.0104,-20.5104,-0.021173,-0.015208,0.05928,4,False
random,SOMANYCERA,2026-10-05,2026-10-06,606.0,2026-10-09,591.45,TIME,1,-14.55,18.4592,-33.0092,-0.054352,-0.04571,0.029703,4,False
random,TI,2026-10-07,2026-10-08,552.85,2026-10-09,541.0,TIME,1,-11.85,18.2403,-30.0903,-0.054309,-0.042326,0.0,2,False
random,ARIS,2026-10-07,2026-10-08,142.5,2026-10-09,140.31,TIME,7,-15.33,20.1107,-35.4407,-0.035452,-0.057895,0.017544,2,False
random,GOKUL,2026-10-06,2026-10-07,38.95,2026-10-09,38.05,TIME,25,-22.5,19.9958,-42.4958,-0.043546,-0.044673,0.002311,3,False
random,JLHL,2026-10-07,2026-10-08,249.95,2026-10-09,255.7,TIME,3,17.25,19.1313,-1.8813,-0.002503,-0.011402,0.029406,2,False
random,GOKEX,2026-10-06,2026-10-07,682.0,2026-10-09,667.7,TIME,1,-14.3,18.7806,-33.0806,-0.048399,-0.051173,0.0,3,False
random,JARO,2026-10-06,2026-10-07,416.0,2026-10-09,405.0,TIME,2,-22.0,19.3983,-41.3983,-0.049649,-0.04399,0.000601,3,False
random,RADAAN,2026-10-07,2026-10-08,2.89,2026-10-09,2.89,TIME,345,0.0,20.14,-20.14,-0.020156,-0.031142,0.010381,2,False
random,MON50EQUAL,2026-10-05,2026-10-06,31.87,2026-10-09,31.09,TIME,31,-24.18,20.0524,-44.2324,-0.044673,-0.041732,0.0,4,False
random,AXITA,2026-10-06,2026-10-07,7.52,2026-10-09,7.38,TIME,132,-18.48,20.0837,-38.5637,-0.038765,-0.021277,0.00133,3,False
random,JWL,2020-05-13,2020-05-14,7.9424,2020-05-21,7.992,MOMENTUM_FAIL,125,6.205,20.1347,-13.9297,-0.014,-0.06875,0.03125,6,False
random,VMSTMT,2026-10-07,2026-10-08,45.81,2026-10-09,44.61,TIME,21,-25.2,19.9407,-45.1407,-0.046821,-0.036018,0.0,2,False
random,MAHABANK,2023-12-07,2023-12-08,42.5322,2023-12-15,43.5909,MOMENTUM_FAIL,23,24.3501,20.1102,4.24,0.004325,0.0,0.038961,6,False
random,NELCAST,2026-10-07,2026-10-08,150.0,2026-10-08,139.5,STOP,6,-63.0,19.6019,-82.6019,-0.09158,0.0,0.0,1,False
random,UNICHEMLAB,2026-10-08,2026-10-09,534.0,2026-10-09,531.1,TIME,1,-2.9,18.1789,-21.0789,-0.039387,0.0,0.0,1,False
random,PLAZACABLE,2026-10-06,2026-10-07,58.69,2026-10-09,58.36,TIME,17,-5.61,20.1314,-25.7414,-0.025744,-0.062873,0.022321,3,False
random,SWIGGY,2025-08-08,2025-08-11,385.0,2025-09-03,430.6,TIME,2,91.2,19.367,71.833,0.093086,0.0,0.151688,16,False
random,ASHIMASYN,2026-10-07,2026-10-08,14.51,2026-10-09,14.26,TIME,68,-17.0,20.0616,-37.0616,-0.03748,-0.041351,0.0,2,False
random,BIRLAMONEY,2026-10-05,2026-10-06,112.2,2026-10-09,115.34,TIME,8,25.12,19.7712,5.3488,0.005946,-0.018271,0.06934,4,False
random,BOHRAIND,2026-10-05,2026-10-06,13.31,2026-10-09,14.37,TIME,74,78.44,20.2486,58.1914,0.058952,0.0,0.129977,4,False
random,SILGO,2026-10-08,2026-10-09,69.75,2026-10-09,70.42,TIME,14,9.38,20.0723,-10.6923,-0.010926,0.0,0.0,1,False
random,LORDSCHLO,2026-10-06,2026-10-07,140.0,2026-10-09,137.03,TIME,7,-20.79,20.0257,-40.8157,-0.041558,-0.034857,0.021429,3,False
random,IOB,2020-01-27,2020-01-28,10.8,2020-02-04,10.05,MOMENTUM_FAIL,92,-69.0,19.9849,-88.9849,-0.089363,-0.069444,0.00463,6,False
random,SPANDANA,2026-10-08,2026-10-09,210.5,2026-10-09,211.08,TIME,4,2.32,19.49,-17.17,-0.020347,0.0,0.0,1,False
random,HAVISHA,2026-10-05,2026-10-06,1.36,2026-10-06,1.2648,STOP,733,-69.7816,19.9972,-89.7788,-0.089863,0.0,0.0,1,False
random,BHEL,2026-01-16,2026-01-19,264.5466,2026-01-23,246.0284,STOP,3,-55.5548,19.168,-74.7228,-0.093947,-0.089488,0.0,5,False
random,ETERNAL,2024-06-20,2024-06-21,197.9,2024-06-28,200.56,MOMENTUM_FAIL,5,13.3,20.1352,-6.8352,-0.006893,-0.030066,0.034361,6,False
random,CSLFINANCE,2026-10-07,2026-10-08,209.99,2026-10-09,203.28,TIME,4,-26.84,19.422,-46.262,-0.054956,-0.037764,0.0,2,False
random,RUSHIL,2026-10-06,2026-10-07,15.55,2026-10-09,15.62,TIME,64,4.48,20.1413,-15.6613,-0.015703,-0.054019,0.028939,3,False
random,TRANSRAILL,2026-10-07,2026-10-08,484.0,2026-10-09,464.65,TIME,2,-38.7,19.9385,-58.6385,-0.060445,-0.044112,0.0,2,False
random,WELSPUNLIV,2020-07-06,2020-07-07,35.3599,2020-07-10,32.8847,STOP,28,-69.3054,19.9694,-89.2748,-0.089973,-0.102778,0.0,4,False
random,HDFCSENSEX,2026-10-08,2026-10-09,82.07,2026-10-09,82.48,TIME,12,4.92,20.0985,-15.1785,-0.015378,0.0,0.0,1,False
random,UPL,2019-01-14,2019-01-15,475.4319,2019-01-22,469.709,MOMENTUM_FAIL,2,-11.4458,19.9217,-31.3674,-0.032916,-0.025887,0.004336,6,False
random,GODREJCP,2022-05-26,2022-05-27,743.7825,2022-06-03,725.1166,MOMENTUM_FAIL,1,-18.6659,19.0326,-37.6985,-0.050574,-0.035632,0.022158,6,False
random,PYRAMID,2026-10-07,2026-10-08,151.02,2026-10-09,149.18,TIME,6,-11.04,19.7336,-30.7736,-0.033888,-0.018607,0.000397,2,False
random,JENBURPH,2026-10-08,2026-10-09,963.0,2026-10-09,947.1,TIME,1,-15.9,19.9638,-35.8638,-0.037161,0.0,0.0,1,False
random,SHREERAMA,2026-10-08,2026-10-09,42.19,2026-10-09,42.56,TIME,23,8.51,20.0447,-11.5347,-0.011861,0.0,0.0,1,False
random,BANKA,2026-10-07,2026-10-08,67.29,2026-10-09,68.1,TIME,14,11.34,19.9309,-8.5909,-0.009099,-0.007133,0.039976,2,False
random,WIPL,2026-10-05,2026-10-06,163.65,2026-10-09,160.37,TIME,6,-19.68,20.036,-39.716,-0.04036,-0.022243,0.018271,4,False
random,HEXT,2025-09-08,2025-09-09,715.5959,2025-09-24,665.5042,STOP,1,-50.0917,18.8496,-68.9413,-0.096131,-0.074558,0.092517,12,False
random,VIMTALABS,2026-10-08,2026-10-09,553.0,2026-10-09,537.45,TIME,1,-15.55,18.2334,-33.7834,-0.060958,0.0,0.0,1,False
random,DREAMFOLKS,2026-10-07,2026-10-08,59.85,2026-10-09,59.61,TIME,16,-3.84,19.9656,-23.8056,-0.024805,-0.013868,0.010025,2,False
random,GICHSGFIN,2026-10-08,2026-10-09,132.0,2026-10-09,131.53,TIME,7,-3.29,19.8248,-23.1148,-0.024961,0.0,0.0,1,False
random,CSBBANK,2026-10-07,2026-10-08,305.15,2026-10-09,300.35,TIME,3,-14.4,19.7661,-34.1661,-0.03724,-0.019171,0.0,2,False
random,METROPOLIS,2026-10-06,2026-10-07,550.0,2026-10-09,529.25,TIME,1,-20.75,18.2101,-38.9601,-0.070682,-0.061818,0.0,3,False
random,DEEPAKNTR,2019-03-13,2019-03-14,248.2375,2019-04-08,261.9002,TIME,4,54.6508,20.234,34.4168,0.034586,-0.023256,0.10407,16,False
random,MULTICAP,2026-10-06,2026-10-07,16.21,2026-10-09,15.77,TIME,61,-26.84,20.0506,-46.8906,-0.047318,-0.039482,0.0,3,False
random,MAFATIND,2026-10-08,2026-10-09,113.97,2026-10-09,110.71,TIME,8,-26.08,19.7268,-45.8068,-0.05013,0.0,0.0,1,False
random,AUBANK,2022-05-05,2022-05-06,646.138,2022-05-13,642.9819,MOMENTUM_FAIL,1,-3.1561,18.6519,-21.808,-0.033678,-0.064,0.020269,6,False
random,HINDALCO,2022-07-25,2022-07-26,374.5004,2022-08-18,427.348,TIME,2,105.6951,19.3078,86.3873,0.115085,-0.021296,0.163127,16,False
random,MAHABANK,2025-08-22,2025-08-25,52.8872,2025-09-02,50.8982,MOMENTUM_FAIL,18,-35.8014,19.8767,-55.6782,-0.05836,-0.051367,0.0,6,False
random,VLSFINANCE,2026-10-06,2026-10-07,228.0,2026-10-09,221.43,TIME,4,-26.28,19.7274,-46.0074,-0.050337,-0.042105,0.028509,3,False
random,SETFNIF50,2026-10-05,2026-10-06,243.13,2026-10-09,243.23,TIME,4,0.4,20.0372,-19.6372,-0.020148,-0.022951,0.00946,4,False
random,HPIL,2026-10-06,2026-10-07,115.91,2026-10-09,118.45,TIME,8,20.32,19.8868,0.4332,0.000466,-0.020792,0.023121,3,False
random,ICIL,2026-10-06,2026-10-07,474.8,2026-10-09,441.564,STOP,2,-66.472,19.8043,-86.2763,-0.090657,-0.087405,0.0,3,False
random,SBGLP,2026-10-07,2026-10-08,23.15,2026-10-09,22.2,TIME,43,-40.85,20.0501,-60.9001,-0.061045,-0.047516,0.0,2,False
random,IMPAL,2026-10-08,2026-10-09,996.0,2026-10-09,1007.4,TIME,1,11.4,20.1588,-8.7588,-0.008775,0.0,0.0,1,False
random,STARTECK,2026-10-05,2026-10-06,282.0,2026-10-06,262.26,STOP,3,-59.22,19.3816,-78.6016,-0.092707,0.0,0.0,1,False
random,FORTIS,2018-11-14,2018-11-15,139.4228,2018-12-07,146.0242,TIME,7,46.2095,20.145,26.0644,0.026648,0.0,0.063012,16,False
random,GAEL,2026-10-08,2026-10-09,157.0,2026-10-09,163.43,TIME,6,38.58,19.9861,18.5939,0.019696,0.0,0.0,1,False
random,SUNSHINE,2026-10-06,2026-10-07,450.7,2026-10-09,440.2,TIME,2,-21.0,19.6934,-40.6934,-0.045046,-0.057022,0.009763,3,False
random,ESENSEX,2026-10-06,2026-10-07,73.57,2026-10-09,73.07,TIME,13,-6.5,19.9552,-26.4552,-0.027601,-0.020117,0.0,3,False
random,AVONMORE,2026-10-06,2026-10-07,12.59,2026-10-09,12.3,TIME,79,-22.91,20.083,-42.993,-0.043132,-0.030183,0.0556,3,False
random,MOHITE,2026-10-07,2026-10-08,2.48,2026-10-09,2.46,TIME,402,-8.04,20.1232,-28.1632,-0.028187,-0.024194,0.0,2,False
random,BANCOINDIA,2026-10-07,2026-10-08,601.05,2026-10-09,590.8,TIME,1,-10.25,18.447,-28.697,-0.047641,-0.030863,0.0,2,False
random,AUROPHARMA,2018-11-12,2018-11-13,771.557,2018-11-20,746.7906,MOMENTUM_FAIL,1,-24.7663,19.1374,-43.9038,-0.056779,-0.04969,0.0,6,False
random,ARVSMART,2026-10-07,2026-10-08,609.25,2026-10-09,598.2,TIME,1,-11.05,18.48,-29.53,-0.048364,-0.029298,0.0,2,False
random,GROWWMETAL,2026-10-08,2026-10-09,11.09,2026-10-09,11.48,TIME,89,34.71,20.1683,14.5417,0.014701,0.0,0.0,1,False
random,POKARNA,2026-10-08,2026-10-09,686.8,2026-10-09,687.05,TIME,1,0.25,18.8305,-18.5805,-0.026995,0.0,0.0,1,False
random,LANDSMILL,2026-10-05,2026-10-06,1.02,2026-10-06,0.9486,STOP,978,-69.8292,20.0,-89.8292,-0.089852,0.0,0.0,1,False
random,NILAINFRA,2026-10-05,2026-10-06,6.73,2026-10-09,6.59,TIME,148,-20.72,20.0935,-40.8135,-0.040886,-0.059435,0.005944,4,False
random,ECORECO,2026-10-07,2026-10-08,426.35,2026-10-09,402.7,TIME,2,-47.3,19.4342,-66.7342,-0.078091,-0.059458,0.0,2,False
random,RHETAN,2026-10-05,2026-10-06,15.02,2026-10-08,18.27,TARGET,66,214.5,20.5526,193.9474,0.195219,0.0,0.216378,3,False
random,SANSTAR,2026-10-07,2026-10-08,105.0,2026-10-08,97.65,STOP,9,-66.15,19.7855,-85.9355,-0.090739,0.0,0.0,1,False
random,SPIC,2026-10-05,2026-10-06,62.42,2026-10-09,61.15,TIME,15,-19.05,19.8447,-38.8947,-0.04145,-0.029157,0.025152,4,False
random,REGENCERAM,2026-10-06,2026-10-07,32.06,2026-10-09,29.65,GAP_STOP,31,-74.71,19.9744,-94.6844,-0.095062,-0.075172,0.005614,3,False
random,DOLLEX,2026-10-08,2026-10-09,37.58,2026-10-09,37.16,TIME,26,-10.92,20.0334,-30.9534,-0.03161,0.0,0.0,1,False
random,SPLPETRO,2026-10-05,2026-10-06,802.8,2026-10-09,788.55,TIME,1,-14.25,19.2908,-33.5408,-0.041689,-0.034317,0.029958,4,False
random,A2ZINFRA,2026-10-07,2026-10-08,13.91,2026-10-09,14.0,TIME,71,6.39,20.1131,-13.7231,-0.013865,-0.040259,0.035226,2,False
random,SAMBHV,2026-10-06,2026-10-07,161.24,2026-10-09,160.41,TIME,6,-4.98,20.0048,-24.9848,-0.025769,-0.049553,0.014575,3,False
random,EMPOWER,2026-10-07,2026-10-08,1.8,2026-10-09,1.91,TIME,554,60.94,20.2647,40.6753,0.040701,0.0,0.066667,2,False
random,EUROBOND,2026-10-06,2026-10-07,141.0,2026-10-09,134.13,TIME,7,-48.09,19.9996,-68.0896,-0.068836,-0.067305,0.010638,3,False
random,EASTWEST,2026-10-08,2026-10-09,2.3,2026-10-09,2.27,TIME,433,-12.99,20.1087,-33.0987,-0.033162,0.0,0.0,1,False
random,AUTOIND,2026-10-07,2026-10-08,83.0,2026-10-09,82.11,TIME,12,-10.68,20.1138,-30.7938,-0.03085,-0.059277,0.0,2,False
random,MCCHRLS-B,2026-10-06,2026-10-07,665.0,2026-10-09,677.95,TIME,1,12.95,18.7643,-5.8143,-0.008724,-0.030075,0.033008,3,False
random,CGCL,2024-06-25,2024-06-26,215.3599,2024-07-03,213.2851,MOMENTUM_FAIL,4,-8.2991,19.5505,-27.8496,-0.032259,-0.023761,0.035155,6,False
random,NRBBEARING,2026-10-05,2026-10-06,536.0,2026-10-08,498.48,STOP,1,-37.52,18.1168,-55.6368,-0.103574,-0.070709,0.018937,3,False
random,CUPID,2020-08-21,2020-08-24,2.4514,2020-08-28,2.2798,STOP,407,-69.8417,20.0007,-89.8424,-0.08985,-0.115875,0.146195,5,False
random,ASAHIINDIA,2022-12-09,2022-12-12,574.6952,2022-12-19,551.1041,MOMENTUM_FAIL,1,-23.5912,18.3086,-41.8998,-0.072749,-0.067298,0.002926,6,False
random,SRGHFL,2026-10-08,2026-10-09,119.77,2026-10-09,115.81,TIME,8,-31.68,19.9113,-51.5913,-0.053727,0.0,0.0,1,False
random,MOTISONS,2026-10-05,2026-10-06,17.98,2026-10-09,18.06,TIME,55,4.4,20.1145,-15.7145,-0.015856,-0.029477,0.02614,4,False
random,GUFICBIO,2026-10-08,2026-10-09,405.0,2026-10-09,406.3,TIME,2,2.6,19.3555,-16.7555,-0.020641,0.0,0.0,1,False
random,MOSILVER,2026-10-05,2026-10-06,218.08,2026-10-09,216.25,TIME,4,-7.32,19.5984,-26.9184,-0.030791,-0.025404,0.002293,4,False
random,NTPCGREEN,2025-04-25,2025-04-28,102.86,2025-05-06,97.81,MOMENTUM_FAIL,9,-45.45,19.7463,-65.1964,-0.070273,-0.051137,0.037624,6,False
random,GMDCLTD,2020-01-30,2020-01-31,52.6881,2020-02-07,51.3468,MOMENTUM_FAIL,18,-24.1434,19.8854,-44.0288,-0.046324,-0.066826,0.0,6,False
random,ROSSARI,2026-10-08,2026-10-09,412.2,2026-10-09,409.8,TIME,2,-4.8,19.4012,-24.2012,-0.029292,0.0,0.0,1,False
random,TIMKEN,2020-06-02,2020-06-03,841.8518,2020-06-24,915.1033,TIME,1,73.2514,19.6338,53.6176,0.063551,-0.04621,0.114827,16,False
random,VEDL,2021-09-30,2021-10-01,145.6652,2021-10-14,170.8841,TARGET,6,151.3137,19.9285,131.3852,0.15,0.0,0.198216,10,False
random,DYCL,2026-10-05,2026-10-06,437.9,2026-10-09,420.6,TIME,2,-34.6,19.5576,-54.1576,-0.061703,-0.046586,0.018497,4,False
random,MONQ50,2026-10-07,2026-10-08,261.7,2026-10-08,243.381,STOP,3,-54.957,19.1331,-74.0901,-0.094164,0.0,0.0,1,False
random,ORTINGLOBE,2026-10-07,2026-10-08,14.6,2026-10-09,13.578,STOP,68,-69.496,19.9805,-89.4765,-0.089929,-0.075342,0.004795,2,False
random,SILVER1,2026-10-06,2026-10-07,21.37,2026-10-09,21.24,TIME,46,-5.98,20.0686,-26.0486,-0.026441,-0.025737,0.0,3,False
random,CPCAP,2026-10-07,2026-10-08,155.22,2026-10-09,146.39,TIME,6,-52.98,19.7546,-72.7346,-0.077928,-0.061332,0.005025,2,False
random,VIMTALABS,2026-10-07,2026-10-08,567.0,2026-10-09,527.31,STOP,1,-39.69,18.2433,-57.9333,-0.101952,-0.072751,0.0,2,False
random,MUNJALAU,2026-10-07,2026-10-08,105.05,2026-10-09,101.32,TIME,9,-33.57,19.8538,-53.4238,-0.056383,-0.044931,0.0,2,False
random,GROWWMOM50,2026-10-05,2026-10-06,10.6,2026-10-09,10.57,TIME,94,-2.82,20.1315,-22.9515,-0.022984,-0.020755,0.016981,4,False
random,SJVN,2024-06-11,2024-06-12,128.8679,2024-06-20,126.9296,MOMENTUM_FAIL,7,-13.568,19.7113,-33.2794,-0.036812,-0.028295,0.033879,6,False
random,GENCON,2026-10-08,2026-10-09,36.79,2026-10-09,35.8,TIME,27,-26.73,20.0699,-46.7999,-0.047011,0.0,0.0,1,False
random,NIMBSPROJ,2026-10-08,2026-10-09,190.88,2026-10-09,185.9,TIME,5,-24.9,19.9092,-44.8092,-0.046848,0.0,0.0,1,False
random,CYBERTECH,2026-10-06,2026-10-07,140.3,2026-10-08,130.479,STOP,7,-68.747,19.9369,-88.6839,-0.090103,-0.071632,0.0,2,False
random,HDFCBANK,2025-06-12,2025-06-13,931.7856,2025-06-20,953.4787,MOMENTUM_FAIL,1,21.6931,19.9086,1.7845,0.001911,-0.001563,0.02599,6,False
random,SSRETAIL,2026-10-07,2026-10-08,720.25,2026-10-09,705.85,TIME,1,-14.4,18.9419,-33.3419,-0.046191,-0.049288,0.0,2,False
random,HILINFRA,2026-10-06,2026-10-07,45.8,2026-10-09,49.59,TIME,21,79.59,20.1532,59.4368,0.061663,0.0,0.100437,3,False
random,PVTBANIETF,2026-10-05,2026-10-06,27.07,2026-10-09,27.62,TIME,36,19.8,20.0852,-0.2852,-0.000292,0.0,0.03768,4,False
random,MOTILALOFS,2024-06-27,2024-06-28,624.5464,2024-07-01,580.8282,STOP,1,-43.7182,18.4781,-62.1963,-0.099369,-0.085894,0.0,2,False
random,NEXT30ADD,2026-10-06,2026-10-07,40.19,2026-10-09,39.58,TIME,24,-14.64,19.973,-34.613,-0.035806,-0.029609,0.0,3,False
random,DATAMATICS,2026-10-06,2026-10-07,771.0,2026-10-09,745.8,TIME,1,-25.2,19.1342,-44.3342,-0.057377,-0.04799,0.0,3,False
random,MANIPALHOS,2026-10-05,2026-10-06,675.6,2026-10-09,701.3,TIME,1,25.7,18.835,6.865,0.010139,0.0,0.059799,4,False
random,GICRE,2020-03-17,2020-03-18,111.185,2020-03-18,103.4021,STOP,8,-62.2636,19.559,-81.8226,-0.091789,0.0,0.0,1,False
random,PAISALO,2026-10-06,2026-10-07,83.31,2026-10-09,80.9,TIME,11,-26.51,19.7455,-46.2555,-0.050365,-0.047773,0.015844,3,False
random,AMAGI,2026-10-05,2026-10-06,575.25,2026-10-09,559.4,TIME,1,-15.85,18.3267,-34.1767,-0.059282,-0.043894,0.0,4,False
random,JLHL,2026-10-07,2026-10-08,249.95,2026-10-09,255.7,TIME,3,17.25,19.1313,-1.8813,-0.002503,-0.011402,0.029406,2,False
random,MOENERGY,2026-10-05,2026-10-06,37.61,2026-10-09,36.05,TIME,26,-40.56,19.9764,-60.5364,-0.061772,-0.054773,0.0,4,False
random,KRITINUT,2026-10-05,2026-10-06,70.11,2026-10-09,72.33,TIME,14,31.08,20.1378,10.9422,0.011124,-0.01569,0.052632,4,False
random,KANCHI,2026-10-06,2026-10-07,379.5,2026-10-09,369.4,TIME,2,-20.2,19.0937,-39.2937,-0.051657,-0.038208,0.003953,3,False
random,FAIRCHEMOR,2026-10-08,2026-10-09,728.9,2026-10-09,748.7,TIME,1,19.8,19.0481,0.7519,0.001029,0.0,0.0,1,False
random,KPEL,2026-10-06,2026-10-07,215.51,2026-10-09,208.13,TIME,4,-29.52,19.5098,-49.0298,-0.056752,-0.055357,0.0,3,False
random,SURYAROSNI,2026-10-05,2026-10-06,220.1,2026-10-09,208.33,TIME,4,-47.08,19.5516,-66.6316,-0.075518,-0.058564,0.00677,4,False
random,RPPINFRA,2026-10-06,2026-10-07,50.25,2026-10-09,51.62,TIME,19,26.03,20.0144,6.0156,0.006287,0.0,0.119403,3,False
random,ADANIPOWER,2025-01-01,2025-01-02,105.8,2025-01-09,99.58,MOMENTUM_FAIL,9,-55.98,19.8366,-75.8166,-0.079449,-0.062382,0.006144,6,False
random,VAIBHAVGBL,2026-10-05,2026-10-06,199.44,2026-10-09,201.67,TIME,5,11.15,20.1633,-9.0133,-0.009019,-0.01058,0.052848,4,False
random,OMINFRAL,2026-10-06,2026-10-07,74.73,2026-10-08,69.4989,STOP,13,-68.0043,19.8936,-87.8979,-0.09028,-0.09822,0.0,2,False
random,IVZSENSEX,2026-10-06,2026-10-07,75.03,2026-10-09,72.79,TIME,13,-29.12,19.9892,-49.1092,-0.050238,-0.06624,0.0,3,False
random,AFFLE,2020-08-05,2020-08-06,361.14,2020-08-11,435.0,TARGET,2,147.72,19.2806,128.4394,0.177437,0.0,0.234424,4,False
random,SINCLAIR,2026-10-07,2026-10-08,74.0,2026-10-09,74.46,TIME,13,5.98,20.0042,-14.0242,-0.014546,-0.005405,0.013378,2,False
random,ALPHAETF,2026-10-06,2026-10-07,25.37,2026-10-09,25.03,TIME,39,-13.26,20.0808,-33.3408,-0.033623,-0.028774,0.006307,3,False
random,ZEEMEDIA,2026-10-05,2026-10-06,7.27,2026-10-09,7.03,TIME,137,-32.88,20.0686,-52.9486,-0.053046,-0.037139,0.015131,4,False
random,DHARMAJ,2026-10-08,2026-10-09,265.1,2026-10-09,259.45,TIME,3,-16.95,19.2536,-36.2036,-0.045423,0.0,0.0,1,False
random,AGARIND,2026-10-08,2026-10-09,372.65,2026-10-09,374.8,TIME,2,4.3,19.0857,-14.7857,-0.019795,0.0,0.0,1,False
random,SGIL,2026-10-08,2026-10-09,618.65,2026-10-09,616.2,TIME,1,-2.45,18.5372,-20.9872,-0.03385,0.0,0.0,1,False
random,HAZOOR,2026-10-06,2026-10-07,18.09,2026-10-08,16.8237,STOP,55,-69.6465,19.9893,-89.6358,-0.089894,-0.087341,0.040907,2,False
random,HBLENGINE,2024-09-23,2024-09-24,604.8839,2024-10-01,625.9256,MOMENTUM_FAIL,1,21.0417,18.5269,2.5147,0.004148,-0.014803,0.044819,6,False
random,ITL,2026-10-07,2026-10-08,373.95,2026-10-09,364.4,TIME,2,-19.1,19.0491,-38.1491,-0.050897,-0.063779,0.04292,2,False
random,OLAELEC,2025-01-31,2025-02-01,75.99,2025-02-07,69.97,MOMENTUM_FAIL,13,-78.26,19.9419,-98.2018,-0.099191,-0.101197,0.013291,6,False
random,MOLDTKPAC,2026-10-05,2026-10-06,682.0,2026-10-09,328.45,GAP_STOP,1,-353.55,18.0898,-371.6398,-0.543738,-0.534164,0.011877,4,False
random,FMCGIETF,2026-10-05,2026-10-06,48.86,2026-10-09,48.35,TIME,20,-10.2,20.0354,-30.2354,-0.030873,-0.048301,0.013099,4,False
random,MARALOVER,2026-10-08,2026-10-09,57.02,2026-10-09,57.27,TIME,17,4.25,20.0316,-15.7816,-0.016245,0.0,0.0,1,False
random,PBMPOLY,2026-10-08,2026-10-09,58.61,2026-10-09,54.5073,STOP,17,-69.7459,19.9951,-89.741,-0.089871,0.0,0.0,1,False
random,RTNPOWER,2026-10-06,2026-10-07,6.71,2026-10-09,6.54,TIME,148,-25.16,20.072,-45.232,-0.045448,-0.053651,0.002981,3,False
random,SKIPPER,2026-10-08,2026-10-09,517.5,2026-10-09,530.25,TIME,1,12.75,18.1411,-5.3911,-0.010395,0.0,0.0,1,False
random,GOLDBETA,2026-10-08,2026-10-09,124.15,2026-10-09,124.85,TIME,8,5.6,20.1351,-14.5351,-0.014603,0.0,0.0,1,False
random,PFC,2024-04-30,2024-05-02,406.2587,2024-05-06,377.8206,STOP,2,-56.8762,19.245,-76.1212,-0.093481,-0.070512,0.083343,3,False
random,ALPHA,2026-10-06,2026-10-07,52.78,2026-10-09,52.61,TIME,18,-3.06,19.9353,-22.9953,-0.024152,-0.026904,0.007768,3,False
random,INSPIRISYS,2026-10-07,2026-10-08,84.1,2026-10-09,84.99,TIME,11,9.79,19.8561,-10.0661,-0.010857,-0.01308,0.022592,2,False
random,VIRAT,2026-10-06,2026-10-07,347.7,2026-10-08,420.65,TARGET,2,145.9,19.1634,126.7366,0.181852,0.0,0.209807,2,False
random,URJA,2026-10-06,2026-10-07,8.51,2026-10-09,8.33,TIME,117,-21.06,20.0913,-41.1513,-0.04124,-0.024677,0.0,3,False
random,GOLDBND,2026-10-07,2026-10-08,146.43,2026-10-09,148.52,TIME,6,12.54,19.6653,-7.1253,-0.008092,0.0,0.01639,2,False
random,STOVEKRAFT,2026-10-07,2026-10-08,817.35,2026-10-09,802.1,TIME,1,-15.25,19.3502,-34.6002,-0.04224,-0.028568,0.000612,2,False
random,SUPRIYA,2026-10-07,2026-10-08,894.35,2026-10-09,847.65,TIME,1,-46.7,19.6113,-66.3113,-0.073983,-0.060659,0.0,2,False
random,TARC,2026-10-05,2026-10-06,123.95,2026-10-09,115.2735,STOP,8,-69.412,19.9756,-89.3876,-0.089948,-0.082291,0.00355,4,False
random,FCL,2026-10-06,2026-10-07,58.95,2026-10-09,57.94,TIME,16,-16.16,19.8797,-36.0397,-0.038127,-0.067854,0.0,3,False
random,PFS,2026-10-08,2026-10-09,26.4,2026-10-09,26.6,TIME,37,7.4,20.0696,-12.6696,-0.012942,0.0,0.0,1,False
random,SHADOWFAX,2026-10-08,2026-10-09,288.0,2026-10-09,294.85,TIME,3,20.55,19.62,0.93,0.001074,0.0,0.0,1,False
random,DIVIDEND,2026-10-08,2026-10-09,33.2,2026-10-09,33.36,TIME,30,4.8,20.1453,-15.3453,-0.015373,0.0,0.0,1,False
random,INFOBEAN,2026-10-06,2026-10-07,148.93,2026-10-09,156.19,TIME,6,43.56,19.7918,23.7682,0.026541,-0.02706,0.10562,3,False
random,HDFCPVTBAN,2026-10-08,2026-10-09,27.46,2026-10-09,27.74,TIME,36,10.08,20.1247,-10.0447,-0.010139,0.0,0.0,1,False
random,ATLASCYCLE,2026-10-08,2026-10-09,92.99,2026-10-09,91.99,TIME,10,-10.0,19.8361,-29.8361,-0.032015,0.0,0.0,1,False
random,ROUTE,2026-10-07,2026-10-08,426.5,2026-10-09,416.7,TIME,2,-19.6,19.4918,-39.0918,-0.045729,-0.028722,0.0,2,False
random,MOMOMENTUM,2026-10-08,2026-10-09,58.66,2026-10-09,59.28,TIME,17,10.54,20.1622,-9.6222,-0.009628,0.0,0.0,1,False
random,LAL,2026-10-08,2026-10-09,8.41,2026-10-09,8.41,TIME,118,0.0,20.1203,-20.1203,-0.020231,0.0,0.0,1,False
random,LEXUS,2026-10-05,2026-10-06,10.91,2026-10-07,10.1463,STOP,91,-69.4967,19.9806,-89.4773,-0.089929,-0.175069,0.007333,2,False
random,BDL,2022-11-04,2022-11-07,480.8262,2022-11-15,448.2422,MOMENTUM_FAIL,2,-65.1679,19.8578,-85.0258,-0.088223,-0.073401,0.020304,6,False
random,DHUNINV,2026-10-06,2026-10-07,970.5,2026-10-09,911.65,TIME,1,-58.85,19.9081,-78.7581,-0.080975,-0.0644,0.015456,3,False
random,OLAELEC,2024-10-25,2024-10-28,77.99,2024-11-11,72.5307,STOP,12,-65.5116,19.7483,-85.2599,-0.090903,-0.095397,0.087319,11,False
random,KCP,2026-10-06,2026-10-07,155.0,2026-10-09,152.23,TIME,6,-16.62,19.823,-36.443,-0.039101,-0.032258,0.009419,3,False
random,MSTCLTD,2026-10-08,2026-10-09,668.45,2026-10-09,672.0,TIME,1,3.55,18.7597,-15.2097,-0.022704,0.0,0.0,1,False
random,ARSSBL,2026-10-06,2026-10-07,551.5,2026-10-09,539.6,TIME,1,-11.9,18.2345,-30.1345,-0.054522,-0.037081,0.040798,3,False
random,RUSTOMJEE,2026-10-08,2026-10-09,359.0,2026-10-09,361.2,TIME,2,4.4,18.9707,-14.5707,-0.020249,0.0,0.0,1,False
random,BANKBEES,2026-10-05,2026-10-06,571.37,2026-10-09,572.92,TIME,1,1.55,18.3457,-16.7957,-0.029331,-0.013756,0.011604,4,False
random,MODIRUBBER,2026-10-07,2026-10-08,118.9,2026-10-09,118.07,TIME,8,-6.64,19.9329,-26.5729,-0.027875,-0.01598,0.009251,2,False
random,RBA,2026-10-06,2026-10-07,95.39,2026-10-09,91.1,TIME,10,-42.9,19.8704,-62.7704,-0.06566,-0.056086,0.016878,3,False
random,SWELECTES,2026-10-05,2026-10-06,608.5,2026-10-09,618.05,TIME,1,9.55,18.5188,-8.9688,-0.014707,-0.058258,0.062859,4,False
random,UNIECOM,2026-10-05,2026-10-06,82.35,2026-10-09,82.82,TIME,12,5.64,20.1141,-14.4741,-0.014615,-0.04408,0.010808,4,False
random,MMTC,2020-07-16,2020-07-17,18.5,2020-08-07,18.7,TIME,53,10.6,20.0917,-9.4917,-0.009659,-0.037838,0.089189,16,False
random,IRCON,2023-10-18,2023-10-19,148.2066,2023-10-23,137.8321,STOP,6,-62.2468,19.558,-81.8048,-0.091793,-0.091408,0.055878,3,False
random,GROWWNET,2026-10-05,2026-10-06,10.05,2026-10-09,9.97,TIME,99,-7.92,20.115,-28.035,-0.028116,-0.01393,0.029851,4,False
random,HINDWAREAP,2026-10-05,2026-10-06,173.13,2026-10-09,170.5,TIME,5,-13.15,19.5584,-32.7084,-0.037702,-0.039392,0.0,4,False
random,GANGESSECU,2026-10-08,2026-10-09,115.99,2026-10-09,113.97,TIME,8,-16.16,19.8152,-35.9752,-0.038685,0.0,0.0,1,False
random,HISARMETAL,2026-10-05,2026-10-06,146.0,2026-10-09,142.93,TIME,6,-18.42,19.5914,-38.0114,-0.043297,-0.027055,0.020548,4,False
random,SHADOWFAX,2026-10-08,2026-10-09,288.0,2026-10-09,294.85,TIME,3,20.55,19.62,0.93,0.001074,0.0,0.0,1,False
random,PENIND,2026-10-07,2026-10-08,180.0,2026-10-09,171.5,TIME,5,-42.5,19.6437,-62.1437,-0.068898,-0.054444,0.0,2,False
random,VARDMNPOLY,2026-10-05,2026-10-06,5.69,2026-10-06,5.2917,STOP,175,-69.7025,19.9926,-89.6951,-0.089881,0.0,0.0,1,False
random,MRPL,2023-07-28,2023-07-31,77.3786,2023-08-22,88.3707,TIME,12,131.9053,20.1193,111.786,0.120126,0.0,0.170094,16,False
random,360ONE,2024-07-16,2024-07-18,961.079,2024-08-01,1125.8797,TARGET,1,164.8007,20.3237,144.477,0.15,-0.023061,0.239796,11,False
random,CCAVENUE,2026-10-08,2026-10-09,15.05,2026-10-09,14.9,TIME,66,-9.9,20.104,-30.004,-0.03014,0.0,0.0,1,False
random,BRIGHTBR,2026-10-06,2026-10-07,235.0,2026-10-09,222.4,TIME,4,-50.4,19.7965,-70.1965,-0.074514,-0.058936,0.029574,3,False
random,THEINVEST,2026-10-06,2026-10-07,91.26,2026-10-09,89.44,TIME,10,-18.2,19.7464,-37.9464,-0.04149,-0.024764,0.016875,3,False
random,VARDHACRLC,2026-10-06,2026-10-07,44.0,2026-10-09,42.75,TIME,22,-27.5,19.9613,-47.4613,-0.048923,-0.056591,0.0,3,False
random,KIRLFER,2026-10-05,2026-10-06,461.1,2026-10-09,458.7,TIME,2,-4.8,19.8142,-24.6142,-0.026632,-0.019193,0.036651,4,False
random,TWCGOLDETF,2026-10-08,2026-10-09,147.67,2026-10-09,147.96,TIME,6,1.74,19.6747,-17.9347,-0.020198,0.0,0.0,1,False
random,JAMNAAUTO,2026-10-05,2026-10-06,136.0,2026-10-09,142.67,TIME,7,46.69,20.0448,26.6452,0.027928,0.0,0.132353,4,False
random,NIF100BEES,2026-10-07,2026-10-08,251.32,2026-10-09,250.36,TIME,3,-2.88,19.1077,-21.9877,-0.029099,-0.014802,0.0265,2,False
random,LICNETFN50,2026-10-08,2026-10-09,250.23,2026-10-09,254.32,TIME,3,12.27,19.1247,-6.8547,-0.009111,0.0,0.0,1,False
random,DLINKINDIA,2026-10-07,2026-10-08,419.0,2026-10-09,407.1,TIME,2,-23.8,19.42,-43.22,-0.051463,-0.036874,0.0,2,False
random,LOKESHMACH,2026-10-06,2026-10-07,446.9,2026-10-09,450.75,TIME,2,7.7,19.7197,-12.0197,-0.013419,-0.010964,0.091967,3,False
random,TREL,2026-10-08,2026-10-09,25.41,2026-10-09,25.77,TIME,39,14.04,20.143,-6.103,-0.006145,0.0,0.0,1,False
random,DEFENCE,2026-10-05,2026-10-06,78.21,2026-10-09,75.32,TIME,12,-34.68,19.8222,-54.5022,-0.057946,-0.06815,0.003708,4,False
random,KEEPLEARN,2026-10-06,2026-10-07,1.81,2026-10-09,1.6833,STOP,551,-69.8117,19.9989,-89.8106,-0.089856,-0.082873,0.044199,3,False
random,MOLDTKPAC,2026-10-08,2026-10-09,328.45,2026-10-09,326.35,TIME,3,-6.3,20.0778,-26.3778,-0.026712,0.0,0.0,1,False
random,SARVESHWAR,2026-10-05,2026-10-06,3.47,2026-10-09,3.66,TIME,287,54.53,20.2461,34.2839,0.03435,0.0,0.080692,4,False
random,SPMLINFRA,2026-10-07,2026-10-08,160.02,2026-10-09,152.18,TIME,6,-47.04,19.8883,-66.9283,-0.069556,-0.062617,0.0,2,False
random,SURAJEST,2026-10-06,2026-10-07,206.87,2026-10-09,202.34,TIME,4,-18.12,19.3871,-37.5071,-0.045228,-0.056654,0.011553,3,False
random,ISGEC,2026-10-08,2026-10-09,920.0,2026-10-09,909.7,TIME,1,-10.3,19.7937,-30.0937,-0.032639,0.0,0.0,1,False
random,KIRLFER,2026-10-06,2026-10-07,472.9,2026-10-09,458.7,TIME,2,-28.4,19.8658,-48.2658,-0.05092,-0.043667,0.002009,3,False
random,HMAAGRO,2026-10-06,2026-10-07,25.0,2026-10-09,23.25,STOP,39,-68.25,19.9079,-88.1579,-0.090221,-0.0928,0.01,3,False
random,GROWW,2025-11-21,2025-11-24,159.26,2025-12-01,157.33,MOMENTUM_FAIL,6,-11.58,19.9412,-31.5212,-0.032915,-0.042132,0.038867,6,False
random,RUSHIL,2026-10-06,2026-10-07,15.55,2026-10-09,15.62,TIME,64,4.48,20.1413,-15.6613,-0.015703,-0.054019,0.028939,3,False
random,BSL,2026-10-05,2026-10-06,121.4,2026-10-09,121.33,TIME,8,-0.56,20.0297,-20.5897,-0.021154,-0.019687,0.021334,4,False
random,THAKDEV,2026-10-08,2026-10-09,126.5,2026-10-09,126.36,TIME,7,-0.98,19.667,-20.647,-0.023266,0.0,0.0,1,False
random,AAATECH,2026-10-05,2026-10-06,95.0,2026-10-09,111.3085,TARGET,10,163.0849,20.2734,142.8115,0.15,0.0,0.178947,4,False
random,MLKFOOD,2026-10-05,2026-10-06,84.59,2026-10-09,87.16,TIME,11,28.27,19.9165,8.3535,0.008958,-0.006975,0.039721,4,False
random,CENTURYPLY,2026-10-06,2026-10-07,689.95,2026-10-09,665.7,TIME,1,-24.25,18.7939,-43.0439,-0.062251,-0.051888,0.0,3,False
random,CHOLAFIN,2018-01-05,2018-01-08,255.6058,2018-01-15,255.7127,MOMENTUM_FAIL,3,0.3208,19.1685,-18.8477,-0.024525,-0.029606,0.026034,6,False
random,PALASHSECU,2026-10-06,2026-10-07,87.9,2026-10-09,84.94,TIME,11,-32.56,19.9464,-52.5064,-0.054185,-0.044255,0.001138,3,False
random,SAILIFE,2025-05-09,2025-05-12,720.0,2025-06-02,724.05,TIME,1,4.05,18.9784,-14.9284,-0.020689,-0.018056,0.090278,16,False
random,FIVESTAR,2025-12-09,2025-12-10,574.7637,2025-12-30,534.5303,STOP,1,-40.2335,18.275,-58.5085,-0.101574,-0.078877,0.052093,14,False
random,BAJFINANCE,2025-06-11,2025-06-12,939.127,2025-06-19,894.9982,MOMENTUM_FAIL,1,-44.1288,19.8056,-63.9344,-0.06793,-0.053868,0.011747,6,False
random,AHCL,2026-10-05,2026-10-06,29.66,2026-10-08,26.78,GAP_STOP,33,-95.04,19.8693,-114.9093,-0.117144,-0.0971,0.0,3,False
random,S&SPOWER,2026-10-05,2026-10-06,295.0,2026-10-07,274.35,STOP,3,-61.95,19.5407,-81.4907,-0.091879,-0.071186,0.0,2,False
random,YESBANK,2020-11-25,2020-11-26,14.15,2020-12-08,16.5694,TARGET,70,169.357,20.4572,148.8998,0.15,-0.007067,0.222615,8,False
random,CONSUMIETF,2026-10-07,2026-10-08,113.81,2026-10-09,113.44,TIME,8,-2.96,19.7684,-22.7284,-0.024909,-0.018628,0.0,2,False
random,GMBREW,2026-10-06,2026-10-07,979.0,2026-10-08,910.47,STOP,1,-68.53,19.9242,-88.4542,-0.090155,-0.101124,0.031665,2,False
random,BALUFORGE,2026-10-07,2026-10-08,509.4,2026-10-09,481.2,TIME,1,-28.2,18.0235,-46.2235,-0.090543,-0.065175,0.0,2,False
random,INDSWFTLAB,2026-10-05,2026-10-06,388.7,2026-10-08,361.491,STOP,2,-54.418,19.1017,-73.5197,-0.094365,-0.075508,0.041677,3,False
random,CREDITACC,2022-07-13,2022-07-14,982.5586,2022-08-04,985.0887,TIME,1,2.53,20.084,-17.5539,-0.017827,-0.044328,0.105417,16,False
random,MUNJALAU,2026-10-07,2026-10-08,105.05,2026-10-09,101.32,TIME,9,-33.57,19.8538,-53.4238,-0.056383,-0.044931,0.0,2,False
random,CREATIVEYE,2026-10-07,2026-10-08,6.29,2026-10-09,6.09,TIME,158,-31.6,20.062,-51.662,-0.05187,-0.058824,0.007949,2,False
random,VARDMNPOLY,2026-10-07,2026-10-08,5.4,2026-10-09,5.26,TIME,184,-25.76,20.073,-45.833,-0.046028,-0.038889,0.018519,2,False
random,KPEL,2026-10-06,2026-10-07,215.51,2026-10-09,208.13,TIME,4,-29.52,19.5098,-49.0298,-0.056752,-0.055357,0.0,3,False
random,BANKBETA,2026-10-06,2026-10-07,57.45,2026-10-09,57.22,TIME,17,-3.91,20.0459,-23.9559,-0.024475,-0.020191,0.0,3,False
random,MONEYVIEW,2026-10-05,2026-10-06,51.8,2026-10-08,64.4,TARGET,19,239.4,20.5732,218.8268,0.221855,-0.047683,0.246332,3,False
random,HUBTOWN,2026-10-07,2026-10-08,164.68,2026-10-09,155.42,TIME,6,-55.56,19.989,-75.549,-0.076294,-0.065703,0.0,2,False
random,WPIL,2026-10-08,2026-10-09,426.85,2026-10-09,430.9,TIME,2,8.1,19.5512,-11.4512,-0.013384,0.0,0.0,1,False
random,UNITDSPR,2023-01-27,2023-01-30,747.2819,2023-02-06,758.3107,MOMENTUM_FAIL,1,11.0288,19.1078,-8.079,-0.010788,-0.020935,0.021845,6,False
random,BIKAJI,2026-10-06,2026-10-07,484.9,2026-10-09,472.05,TIME,2,-25.7,19.9726,-45.6726,-0.046992,-0.042071,0.006496,3,False
random,RAMANEWS,2026-10-05,2026-10-06,29.7,2026-10-09,30.49,TIME,33,26.07,20.1215,5.9485,0.006056,-0.057239,0.042761,4,False
random,HUHTAMAKI,2026-10-07,2026-10-08,230.2,2026-10-09,225.25,TIME,4,-19.8,19.7777,-39.5777,-0.042888,-0.031885,0.0,2,False
random,VIDYAWIRES,2026-10-07,2026-10-08,103.5,2026-10-09,96.255,STOP,9,-65.205,19.7304,-84.9354,-0.090982,-0.076522,0.0,2,False
random,ITC,2024-08-07,2024-08-08,438.4332,2024-08-16,446.1101,MOMENTUM_FAIL,2,15.3539,19.6638,-4.3098,-0.004904,-0.01164,0.020648,6,False
random,GROWWNXT50,2026-10-07,2026-10-08,69.88,2026-10-09,68.85,TIME,14,-14.42,20.0315,-34.4515,-0.035138,-0.02905,0.001002,2,False
random,FMGOETZE,2026-10-07,2026-10-08,445.0,2026-10-09,443.2,TIME,2,-3.6,19.6807,-23.2807,-0.026101,-0.033258,0.020225,2,False
random,GRMOVER,2026-10-06,2026-10-07,79.04,2026-10-09,80.02,TIME,12,11.76,19.9589,-8.1989,-0.008625,-0.019484,0.049975,3,False
random,SHRIRAMFIN,2021-01-04,2021-01-05,194.2706,2021-01-07,227.549,TARGET,5,166.3918,20.3703,146.0215,0.15,0.0,0.230805,3,False
random,SURAJLTD,2026-10-08,2026-10-09,184.01,2026-10-09,203.68,TIME,5,98.35,20.0151,78.3349,0.084956,0.0,0.0,1,False
random,RATNAVEER,2026-10-05,2026-10-06,341.25,2026-10-09,343.6,TIME,2,4.7,18.8214,-14.1214,-0.020646,-0.044249,0.031209,4,False
random,INDIACEM,2026-06-29,2026-06-30,379.9,2026-07-07,380.5,MOMENTUM_FAIL,2,1.2,19.1407,-17.9407,-0.023561,-0.020795,0.03014,6,False
random,SANDHAR,2026-10-08,2026-10-09,537.7,2026-10-09,530.3,TIME,1,-7.4,18.1853,-25.5853,-0.047479,0.0,0.0,1,False
random,ASTRAL,2019-11-18,2019-11-19,596.2019,2019-11-26,602.8702,MOMENTUM_FAIL,1,6.6684,18.461,-11.7927,-0.019736,-0.027822,0.03141,6,False
random,BLBLIMITED,2026-10-07,2026-10-08,17.25,2026-10-09,16.72,TIME,57,-30.21,20.0202,-50.2302,-0.050974,-0.037681,0.0,2,False
random,RICOAUTO,2026-10-05,2026-10-06,120.35,2026-10-09,115.18,TIME,8,-41.36,19.9112,-61.2712,-0.0635,-0.05027,0.048525,4,False
random,EXPLEOSOL,2026-10-06,2026-10-07,889.0,2026-10-09,861.9,TIME,1,-27.1,19.6286,-46.7286,-0.052448,-0.049381,0.0,3,False
random,LOVABLE,2026-10-05,2026-10-06,69.0,2026-10-09,68.96,TIME,14,-0.56,20.0077,-20.5677,-0.021245,-0.047101,0.036232,4,False
random,CGCL,2021-12-06,2021-12-07,483.8814,2021-12-14,488.0316,MOMENTUM_FAIL,2,8.3005,20.0332,-11.7328,-0.012097,-0.025146,0.013548,6,False
random,SHERVANI,2026-10-05,2026-10-06,304.0,2026-10-08,315.0,TIME,3,33.0,19.8481,13.1519,0.01439,0.0,0.098684,3,False
random,ALANKIT,2026-10-07,2026-10-08,7.59,2026-10-09,7.49,TIME,131,-13.1,20.1017,-33.2017,-0.033319,-0.025033,0.034256,2,False
random,LLOYDSENT,2026-10-08,2026-10-09,74.96,2026-10-09,73.73,TIME,13,-15.99,20.0121,-36.0021,-0.036864,0.0,0.0,1,False
random,NORTHARC,2026-10-05,2026-10-06,289.5,2026-10-09,281.45,TIME,3,-24.15,19.548,-43.698,-0.050205,-0.049223,0.035924,4,False
random,SHREEPUSHK,2026-10-06,2026-10-07,505.0,2026-10-09,491.0,TIME,1,-14.0,18.0338,-32.0338,-0.063295,-0.044356,0.029703,3,False
random,MASTERTR,2026-10-06,2026-10-07,82.52,2026-10-09,82.52,TIME,12,0.0,20.1112,-20.1112,-0.020265,-0.040839,0.037203,3,False
random,GODIGIT,2026-10-05,2026-10-06,258.6,2026-10-09,272.85,TIME,3,42.75,19.2928,23.4572,0.03017,0.0,0.070186,4,False
random,BANKBETA,2026-10-05,2026-10-06,56.81,2026-10-09,57.22,TIME,17,6.97,20.0221,-13.0521,-0.013485,-0.009153,0.011266,4,False
random,MONEXT50,2026-10-05,2026-10-06,69.5,2026-10-09,68.29,TIME,14,-16.94,20.004,-36.944,-0.037886,-0.034388,0.009209,4,False
random,NEXT50IETF,2026-10-06,2026-10-07,73.98,2026-10-09,72.1,TIME,13,-24.44,19.9411,-44.3811,-0.046046,-0.036902,0.0,3,False
random,IT,2026-10-06,2026-10-07,30.41,2026-10-09,31.73,TIME,32,42.24,20.125,22.115,0.022676,-0.008879,0.051628,3,False
random,ORIENTHOT,2026-10-08,2026-10-09,138.42,2026-10-09,140.01,TIME,7,11.13,20.044,-8.914,-0.00918,0.0,0.0,1,False
random,NMDC,2026-01-13,2026-01-14,78.6104,2026-01-21,75.2975,MOMENTUM_FAIL,12,-39.7552,19.8322,-59.5874,-0.06303,-0.061754,0.023752,6,False
random,MUFIN,2026-10-08,2026-10-09,133.0,2026-10-09,130.42,TIME,7,-18.06,19.8243,-37.8843,-0.040603,0.0,0.0,1,False
random,MAGNUM,2026-10-06,2026-10-07,18.37,2026-10-09,17.61,TIME,54,-41.04,20.035,-61.075,-0.061434,-0.041916,0.006532,3,False
random,SUZLON,2024-11-28,2024-11-29,63.9,2024-12-20,64.13,TIME,15,3.4499,19.9842,-16.5343,-0.017213,-0.025352,0.098279,16,False
random,WATERBASE,2026-10-08,2026-10-09,44.16,2026-10-09,44.31,TIME,22,3.3,20.0389,-16.7389,-0.017192,0.0,0.0,1,False
random,CDSL,2020-01-23,2020-01-24,126.0939,2020-01-31,123.9222,MOMENTUM_FAIL,7,-15.2015,19.626,-34.8275,-0.039372,-0.037222,0.022222,6,False
random,PRAKASH,2026-10-06,2026-10-07,119.35,2026-10-09,118.7,TIME,8,-5.2,19.951,-25.151,-0.026284,-0.036447,0.018852,3,False
random,FOCUS,2026-10-08,2026-10-09,55.79,2026-10-09,51.8847,STOP,17,-66.3901,19.7995,-86.1896,-0.090678,0.0,0.0,1,False
random,RTNINDIA,2026-10-08,2026-10-09,25.3,2026-10-09,24.95,TIME,39,-13.65,20.0685,-33.7185,-0.034098,0.0,0.0,1,False
random,HIMATSEIDE,2026-10-07,2026-10-08,63.49,2026-10-09,59.0457,STOP,15,-66.6645,19.8155,-86.48,-0.090609,-0.071507,0.0,2,False
random,VRLLOG,2026-10-06,2026-10-07,284.95,2026-10-09,284.15,TIME,3,-2.4,19.5347,-21.9347,-0.025603,-0.007545,0.015968,3,False
random,EASTWEST,2026-10-08,2026-10-09,2.3,2026-10-09,2.27,TIME,433,-12.99,20.1087,-33.0987,-0.033162,0.0,0.0,1,False
random,MOREALTY,2026-10-06,2026-10-07,83.96,2026-10-09,80.32,TIME,11,-40.04,19.7482,-59.7882,-0.064595,-0.048356,0.0,3,False
random,PAISALO,2026-10-07,2026-10-08,83.8,2026-10-09,80.9,TIME,11,-31.9,19.7573,-51.6573,-0.055917,-0.049642,0.0,2,False
random,IRMENERGY,2026-10-06,2026-10-07,264.0,2026-10-09,255.8,TIME,3,-24.6,19.2241,-43.8241,-0.055213,-0.037879,0.032765,3,False
random,KIOCL,2026-10-08,2026-10-09,350.0,2026-10-09,358.75,TIME,2,17.5,18.9214,-1.4214,-0.002026,0.0,0.0,1,False
random,HDFCMID150,2026-10-05,2026-10-06,22.5,2026-10-09,21.93,TIME,44,-25.08,20.0592,-45.1392,-0.045496,-0.040444,0.0,4,False
random,GANESHHOU,2026-10-05,2026-10-06,700.0,2026-10-09,699.5,TIME,1,-0.5,18.8847,-19.3847,-0.027632,-0.033286,0.025643,4,False
random,SAURASHCEM,2026-10-05,2026-10-06,51.05,2026-10-09,49.25,TIME,19,-34.2,19.9559,-54.1559,-0.055712,-0.055828,0.01763,4,False
random,UNIINFO,2026-10-05,2026-10-06,10.63,2026-10-09,11.5,TIME,93,80.91,20.269,60.641,0.061207,-0.009407,0.160865,4,False
random,BPL,2026-10-07,2026-10-08,44.22,2026-10-09,42.21,TIME,22,-44.22,19.9477,-64.1677,-0.065815,-0.049073,0.0,2,False
random,TRIVENI,2026-10-06,2026-10-07,243.0,2026-10-09,235.67,TIME,4,-29.32,19.9745,-49.2945,-0.050604,-0.035679,0.044691,3,False
random,JNKINDIA,2026-10-05,2026-10-06,436.95,2026-10-09,424.35,TIME,2,-25.2,19.5687,-44.7687,-0.051117,-0.045657,0.035473,4,False
random,SAB,2026-10-06,2026-10-08,170.0,2026-10-08,171.0,TIME,5,5.0,19.5293,-14.5293,-0.017056,0.0,0.0,1,False
random,SUPERHOUSE,2026-10-08,2026-10-09,150.1,2026-10-09,153.08,TIME,6,17.88,19.7691,-1.8891,-0.002093,0.0,0.0,1,False
random,JNKINDIA,2026-10-08,2026-10-09,431.25,2026-10-09,424.35,TIME,2,-13.8,19.5438,-33.3438,-0.038575,0.0,0.0,1,False
random,RUPA,2026-10-07,2026-10-08,128.0,2026-10-09,124.74,TIME,7,-22.82,19.6669,-42.4869,-0.047315,-0.046875,0.0,2,False
random,UNIPARTS,2026-10-07,2026-10-08,806.6,2026-10-09,750.138,STOP,1,-56.462,19.2209,-75.6829,-0.093625,-0.070605,0.0,2,False
random,WIPL,2026-10-07,2026-10-08,166.4,2026-10-09,160.37,TIME,5,-30.15,19.3817,-49.5317,-0.059403,-0.038401,0.0,2,False
random,ADL,2026-10-06,2026-10-07,76.2,2026-10-08,70.866,STOP,13,-69.342,19.9716,-89.3136,-0.089964,-0.075984,0.0,2,False
random,VIKASLIFE,2026-10-08,2026-10-09,1.19,2026-10-09,1.19,TIME,838,0.0,20.1407,-20.1407,-0.020153,0.0,0.0,1,False
random,RISHABH,2026-10-07,2026-10-08,678.0,2026-10-09,630.54,STOP,1,-47.46,18.6962,-66.1562,-0.097363,-0.083776,0.021018,2,False
random,MIDWESTLTD,2026-10-05,2026-10-06,925.0,2026-10-07,1084.2133,TARGET,1,159.2133,20.16,139.0533,0.15,0.0,0.189189,2,False
random,BSLSENETFG,2026-10-08,2026-10-09,73.0,2026-10-09,73.36,TIME,13,4.68,19.9466,-15.2666,-0.016052,0.0,0.0,1,False
random,EMMVEE,2026-03-20,2026-03-23,226.2927,2026-04-01,218.3671,MOMENTUM_FAIL,4,-31.7023,19.6875,-51.3898,-0.05665,-0.063351,0.039693,6,False
random,SOUTHWEST,2026-10-07,2026-10-08,193.95,2026-10-09,189.24,TIME,5,-23.55,19.9768,-43.5268,-0.044787,-0.040732,0.0,2,False
random,CCHHL,2026-10-08,2026-10-09,12.49,2026-10-09,13.05,TIME,79,44.24,20.1864,24.0536,0.024324,0.0,0.0,1,False
random,PENIND,2026-10-07,2026-10-08,180.0,2026-10-09,171.5,TIME,5,-42.5,19.6437,-62.1437,-0.068898,-0.054444,0.0,2,False
random,SIL,2026-10-05,2026-10-06,16.2,2026-10-09,15.54,TIME,61,-40.26,20.0206,-60.2806,-0.060867,-0.059877,0.027778,4,False
random,JITFINFRA,2026-10-06,2026-10-07,272.0,2026-10-09,268.25,TIME,3,-11.25,19.3526,-30.6026,-0.037421,-0.029228,0.051471,3,False
random,MOLDTKPAC,2026-10-08,2026-10-09,328.45,2026-10-09,326.35,TIME,3,-6.3,20.0778,-26.3778,-0.026712,0.0,0.0,1,False
random,HNDFDS,2026-10-07,2026-10-08,583.95,2026-10-09,573.0,TIME,1,-10.95,18.3734,-29.3234,-0.050106,-0.03228,0.0,2,False
random,LCCPROJECT,2026-10-05,2026-10-06,142.03,2026-10-09,143.86,TIME,7,12.81,20.1541,-7.3441,-0.007371,-0.003661,0.058931,4,False
random,HAVISHA,2026-10-05,2026-10-06,1.36,2026-10-06,1.2648,STOP,733,-69.7816,19.9972,-89.7788,-0.089863,0.0,0.0,1,False
random,SHRINGARMS,2026-10-08,2026-10-09,219.01,2026-10-09,221.13,TIME,4,8.48,19.6463,-11.1663,-0.012719,0.0,0.0,1,False
random,INDIAGLYCO,2026-10-05,2026-10-06,305.0,2026-10-07,357.5549,TARGET,3,157.6646,20.1146,137.5501,0.15,0.0,0.254754,2,False
random,AKSHAR,2026-10-08,2026-10-09,0.42,2026-10-09,0.41,TIME,2375,-23.75,20.0935,-43.8435,-0.043858,0.0,0.0,1,False
random,CGVAK,2026-10-06,2026-10-07,140.1,2026-10-07,130.293,STOP,7,-68.649,19.9312,-88.5802,-0.090126,0.0,0.0,1,False
random,RAINBOW,2023-01-09,2023-01-10,758.352,2023-01-17,742.5612,MOMENTUM_FAIL,1,-15.7908,19.1,-34.8907,-0.045908,-0.046279,0.0,6,False
random,NDTV,2026-10-06,2026-10-07,67.4,2026-10-09,63.79,TIME,14,-50.54,19.8114,-70.3514,-0.074394,-0.063798,0.0,3,False
random,NIPPOBATRY,2026-10-05,2026-10-06,320.3,2026-10-09,311.9,TIME,3,-25.2,19.936,-45.136,-0.04687,-0.033718,0.006869,4,False
random,AEQUS,2026-10-06,2026-10-07,284.75,2026-10-09,264.8175,STOP,3,-59.7975,19.4153,-79.2128,-0.092526,-0.084811,0.01633,3,False
random,SESHAPAPER,2026-10-06,2026-10-07,234.05,2026-10-09,222.49,TIME,4,-46.24,19.7889,-66.0289,-0.070375,-0.060073,0.0,3,False
random,MANIPALHOS,2026-10-08,2026-10-09,683.45,2026-10-09,701.3,TIME,1,17.85,18.8522,-1.0022,-0.001463,0.0,0.0,1,False
random,LIKHITHA,2026-10-06,2026-10-07,225.01,2026-10-09,222.94,TIME,4,-8.28,19.7135,-27.9935,-0.031035,-0.010933,0.057731,3,False
random,VIJAYA,2024-10-03,2024-10-04,977.7715,2024-10-11,985.4952,MOMENTUM_FAIL,1,7.7237,20.0743,-12.3506,-0.012604,-0.035266,0.037815,6,False
random,VSSL,2026-10-05,2026-10-06,388.0,2026-10-09,373.4,TIME,2,-29.2,19.1472,-48.3472,-0.062167,-0.058505,0.025773,4,False
random,MIDCAPADD,2026-10-05,2026-10-06,21.91,2026-10-09,21.79,TIME,45,-5.4,20.0821,-25.4821,-0.025789,-0.026016,0.013236,4,False
random,BANKPSU,2026-10-05,2026-10-06,80.94,2026-10-09,81.78,TIME,12,10.08,20.0517,-9.9717,-0.010244,-0.029157,0.01532,4,False
random,MOCAPITAL,2026-10-07,2026-10-08,54.23,2026-10-09,52.07,TIME,18,-38.88,19.9725,-58.8525,-0.06016,-0.051816,0.0,2,False
random,VIDHIING,2026-10-07,2026-10-08,348.7,2026-10-09,332.4,TIME,2,-32.6,18.8084,-51.4084,-0.073554,-0.065099,0.0,2,False
random,SPLIL,2026-10-08,2026-10-09,30.0,2026-10-09,29.29,TIME,33,-23.43,20.0625,-43.4925,-0.043836,0.0,0.0,1,False
random,DCI,2026-10-07,2026-10-08,342.1,2026-10-09,341.05,TIME,2,-2.1,18.8147,-20.9147,-0.030501,-0.0133,0.028939,2,False
random,IXIGO,2026-10-06,2026-10-07,160.19,2026-10-09,150.75,TIME,6,-56.64,19.873,-76.513,-0.079433,-0.066733,0.0,3,False
random,VEDAVAAG,2026-10-07,2026-10-08,23.0,2026-10-09,23.19,TIME,43,8.17,20.1226,-11.9526,-0.012059,-0.033913,0.013043,2,False
random,SPLIL,2026-10-05,2026-10-06,29.08,2026-10-09,29.29,TIME,34,7.14,20.1194,-12.9794,-0.013099,-0.050894,0.031637,4,False
random,HARIOMPIPE,2026-10-05,2026-10-06,328.0,2026-10-09,334.85,TIME,3,20.55,20.1267,0.4233,0.000429,-0.018293,0.049543,4,False
random,PANSARI,2026-10-06,2026-10-07,260.0,2026-10-09,257.15,TIME,3,-8.55,19.2061,-27.7561,-0.035507,-0.019231,0.053654,3,False
random,PHOENXINTL,2026-10-07,2026-10-08,28.84,2026-10-09,27.87,TIME,34,-32.98,20.0032,-52.9832,-0.053916,-0.036061,0.0,2,False
random,SOBHA,2022-12-02,2022-12-05,633.4574,2022-12-16,589.1154,STOP,1,-44.342,18.5145,-62.8565,-0.099011,-0.072191,0.059952,10,False
random,ELIN,2026-10-06,2026-10-07,79.7,2026-10-08,74.121,STOP,12,-66.948,19.832,-86.78,-0.090538,-0.071518,0.0,2,False
random,TTL,2026-10-05,2026-10-06,7.84,2026-10-07,7.2912,STOP,127,-69.6976,19.9923,-89.6899,-0.089883,-0.075255,0.0,2,False
random,SIGACHI,2026-10-06,2026-10-07,29.94,2026-10-09,28.52,TIME,33,-46.86,20.0064,-66.8664,-0.06753,-0.054776,0.0,3,False
random,EMAMIREAL,2026-10-06,2026-10-07,68.5,2026-10-09,68.93,TIME,14,6.02,19.9916,-13.9716,-0.014537,-0.047445,0.043796,3,False
random,SOLARWORLD,2026-10-06,2026-10-07,131.0,2026-10-09,129.06,TIME,7,-13.58,19.7743,-33.3543,-0.036294,-0.053435,0.00626,3,False
random,KEEPLEARN,2026-10-06,2026-10-07,1.81,2026-10-09,1.6833,STOP,551,-69.8117,19.9989,-89.8106,-0.089856,-0.082873,0.044199,3,False
random,ADFFOODS,2026-10-07,2026-10-08,292.0,2026-10-09,289.7,TIME,3,-6.9,19.6148,-26.5148,-0.030202,-0.036301,0.0,2,False
random,BANKPSU,2026-10-07,2026-10-08,81.57,2026-10-09,81.78,TIME,12,2.52,20.0682,-17.5482,-0.017888,-0.008582,0.00711,2,False
random,NIFTYIETF,2026-10-06,2026-10-07,261.5,2026-10-09,255.93,TIME,3,-16.71,19.2085,-35.9185,-0.045685,-0.041491,0.0,3,False
random,COCHINSHIP,2023-05-03,2023-05-04,269.7602,2023-05-11,258.8482,MOMENTUM_FAIL,3,-32.736,19.2805,-52.0165,-0.064135,-0.047928,0.011622,6,False
random,PFC,2020-07-15,2020-07-16,42.8567,2020-08-06,46.2337,TIME,23,77.6725,20.2502,57.4223,0.058128,0.0,0.085678,16,False
random,SAICAPI,2026-10-08,2026-10-09,145.89,2026-10-09,150.98,TIME,6,30.54,19.6883,10.8517,0.01237,0.0,0.0,1,False
random,SETF10GILT,2026-10-06,2026-10-07,260.01,2026-10-09,260.8,TIME,3,2.37,19.2285,-16.8585,-0.021565,-0.004077,0.005231,3,False
random,WAAREEINDO,2026-10-06,2026-10-07,209.8,2026-10-09,198.04,TIME,4,-47.04,19.3777,-66.4177,-0.078971,-0.064633,0.000477,3,False
random,BLACKROSE,2026-10-06,2026-10-07,109.4,2026-10-09,107.3,TIME,9,-18.9,20.0489,-38.9489,-0.039472,-0.026965,0.031993,3,False
random,BBOX,2018-05-02,2018-05-03,25.021,2018-05-10,22.6992,MOMENTUM_FAIL,39,-90.5478,19.866,-110.4137,-0.112903,-0.09996,0.035444,6,False
random,TNPL,2026-10-05,2026-10-06,147.4,2026-10-09,137.082,STOP,6,-61.908,19.5383,-81.4463,-0.091891,-0.075916,0.0,4,False
random,RENTOMOJO,2026-10-08,2026-10-09,607.5,2026-10-09,590.35,TIME,1,-17.15,18.4602,-35.6102,-0.05849,0.0,0.0,1,False
random,INDSWFTLAB,2026-10-07,2026-10-08,391.5,2026-10-08,364.095,STOP,2,-54.81,19.1246,-73.9346,-0.094219,0.0,0.0,1,False
random,INDOKEM,2026-10-05,2026-10-06,614.95,2026-10-09,619.1,TIME,1,4.15,18.535,-14.385,-0.023341,-0.064965,0.133588,4,False
random,DAMCAPITAL,2026-10-05,2026-10-06,147.38,2026-10-09,143.45,TIME,6,-23.58,19.6158,-43.1958,-0.048742,-0.052857,0.032705,4,False
random,HATHWAY,2026-10-08,2026-10-09,9.21,2026-10-09,9.75,TIME,108,58.32,20.2487,38.0713,0.038191,0.0,0.0,1,False
random,PREMCO,2026-10-08,2026-10-09,395.0,2026-10-09,386.9,TIME,2,-16.2,19.2328,-35.4328,-0.044754,0.0,0.0,1,False
random,MOMENTUM30,2026-10-05,2026-10-06,29.75,2026-10-09,29.62,TIME,33,-4.29,20.0667,-24.3567,-0.024755,-0.033613,0.006387,4,False
random,BFINVEST,2026-10-05,2026-10-06,441.8,2026-10-09,427.1,TIME,2,-29.4,19.6011,-49.0011,-0.055335,-0.049344,0.005093,4,False
random,CELLO,2026-10-08,2026-10-09,374.0,2026-10-09,364.95,TIME,2,-18.1,19.0515,-37.1515,-0.049559,0.0,0.0,1,False
random,JITFINFRA,2026-10-08,2026-10-09,275.9,2026-10-09,268.25,TIME,3,-22.95,19.3782,-42.3282,-0.051028,0.0,0.0,1,False
random,SANSTAR,2026-10-08,2026-10-09,97.25,2026-10-09,101.9,TIME,10,46.5,20.131,26.369,0.027055,0.0,0.0,1,False
random,NIRAJ,2026-10-06,2026-10-07,27.0,2026-10-09,27.28,TIME,36,10.08,20.0547,-9.9747,-0.01024,-0.014074,0.040741,3,False
random,HARDWYN,2026-10-07,2026-10-08,9.16,2026-10-09,9.19,TIME,108,3.24,20.1138,-16.8738,-0.017019,-0.010917,0.021834,2,False
random,KWIL,2026-10-06,2026-10-07,38.65,2026-10-09,37.36,TIME,25,-32.25,19.9443,-52.1943,-0.0539,-0.056921,0.0,3,False
random,GUJENERGY,2026-10-08,2026-10-09,220.0,2026-10-09,223.7,TIME,4,14.8,19.6759,-4.8759,-0.005529,0.0,0.0,1,False
random,STEL,2026-10-08,2026-10-09,561.0,2026-10-09,545.25,TIME,1,-15.75,18.2667,-34.0167,-0.060504,0.0,0.0,1,False
random,GHCL,2026-10-05,2026-10-06,402.0,2026-10-09,386.25,TIME,2,-31.5,19.2607,-50.7607,-0.062997,-0.049502,0.017537,4,False
random,RVHL,2026-10-05,2026-10-06,37.14,2026-10-09,38.0,TIME,26,22.36,20.0529,2.3071,0.002384,-0.006731,0.050081,4,False
random,DIGISPICE,2026-10-08,2026-10-09,14.77,2026-10-09,15.62,TIME,67,56.95,20.2245,36.7255,0.037031,0.0,0.0,1,False
random,DOLLEX,2026-10-06,2026-10-07,37.66,2026-10-09,37.16,TIME,26,-13.0,20.038,-33.038,-0.033668,-0.044079,0.014073,3,False
random,JYOTHYLAB,2026-10-06,2026-10-07,185.0,2026-10-09,187.94,TIME,5,14.7,19.8657,-5.1657,-0.005572,-0.007027,0.033351,3,False
random,MURUDCERA,2026-10-06,2026-10-07,27.41,2026-10-09,27.53,TIME,36,4.32,20.1053,-15.7853,-0.015962,-0.014958,0.037213,3,False
random,HDFCBANK,2025-09-04,2025-09-05,951.7584,2025-09-12,951.5617,MOMENTUM_FAIL,1,-0.1967,19.9484,-20.1451,-0.02112,-0.007855,0.007132,6,False
random,SPLPETRO,2026-10-05,2026-10-06,802.8,2026-10-09,788.55,TIME,1,-14.25,19.2908,-33.5408,-0.041689,-0.034317,0.029958,4,False
random,INVENTURE,2026-10-06,2026-10-07,0.85,2026-10-09,0.81,TIME,1173,-46.92,20.0445,-66.9645,-0.067016,-0.047059,0.0,3,False
random,BNAGROCHEM,2026-10-05,2026-10-06,238.45,2026-10-07,217.1,GAP_STOP,4,-85.4,19.7835,-105.1835,-0.110038,-0.097463,0.0,2,False
random,SAB,2026-10-06,2026-10-08,170.0,2026-10-08,171.0,TIME,5,5.0,19.5293,-14.5293,-0.017056,0.0,0.0,1,False
random,LENSKART,2026-06-25,2026-06-29,508.95,2026-07-20,541.7,TIME,1,32.75,18.1457,14.6043,0.028632,-0.009333,0.106199,16,False
random,SHREERAMA,2026-10-05,2026-10-06,42.96,2026-10-09,42.56,TIME,23,-9.2,20.0834,-29.2834,-0.029572,-0.06378,0.047253,4,False
random,KFINTECH,2026-08-04,2026-08-05,954.95,2026-08-12,922.0,MOMENTUM_FAIL,1,-32.95,19.8951,-52.8451,-0.055217,-0.040683,0.0,6,False
random,MOSERVICE,2026-10-07,2026-10-08,29.46,2026-10-09,29.43,TIME,33,-0.99,20.033,-21.023,-0.021577,-0.01222,0.0,2,False
random,AGARIND,2026-10-07,2026-10-08,391.7,2026-10-08,364.281,STOP,2,-54.838,19.1262,-73.9642,-0.094208,0.0,0.0,1,False
random,GROWWCHEM,2026-10-08,2026-10-09,28.24,2026-10-09,28.06,TIME,35,-6.3,20.0906,-26.3906,-0.026642,0.0,0.0,1,False
random,ACUTAAS,2021-11-03,2021-11-04,520.269,2021-11-12,504.438,MOMENTUM_FAIL,1,-15.8311,18.0946,-33.9256,-0.065066,-0.040619,0.019762,6,False
random,AUSTENG,2026-10-07,2026-10-08,161.74,2026-10-09,153.38,TIME,6,-50.16,19.9255,-70.0855,-0.072063,-0.059602,0.0,2,False
random,TITAGARH,2023-03-28,2023-03-29,239.4434,2023-04-03,280.5157,TARGET,4,164.2888,20.3087,143.9802,0.15,0.0,0.181856,3,False
random,NAHARSPING,2026-10-07,2026-10-08,265.0,2026-10-09,253.3,TIME,3,-35.1,19.2154,-54.3154,-0.068172,-0.065849,0.0,2,False
random,SUNDRMBRAK,2026-10-07,2026-10-08,667.1,2026-10-09,669.25,TIME,1,2.15,18.7512,-16.6012,-0.024831,-0.022036,0.019337,2,False
random,SAHLIBHFI,2026-10-06,2026-10-07,78.9,2026-10-09,77.12,TIME,12,-21.36,19.8843,-41.2443,-0.043467,-0.034854,0.024081,3,False
random,CCCL,2026-10-06,2026-10-07,13.23,2026-10-09,12.78,TIME,75,-33.75,20.051,-53.801,-0.054103,-0.04384,0.0,3,False
random,AGARIND,2026-10-08,2026-10-09,372.65,2026-10-09,374.8,TIME,2,4.3,19.0857,-14.7857,-0.019795,0.0,0.0,1,False
random,MCL,2026-10-06,2026-10-07,56.0,2026-10-09,53.95,TIME,17,-34.85,19.8788,-54.7288,-0.057363,-0.053571,0.0,3,False
random,JMFINANCIL,2020-09-14,2020-09-15,74.2752,2020-09-22,70.711,MOMENTUM_FAIL,13,-46.3341,19.9128,-66.2469,-0.068459,-0.085308,0.002962,6,False
random,TOUCHWOOD,2026-10-07,2026-10-08,59.01,2026-10-09,59.68,TIME,16,10.72,19.9385,-9.2185,-0.009742,-0.030673,0.011523,2,False
random,FRACTAL,2026-09-23,2026-09-24,758.0,2026-10-01,727.35,MOMENTUM_FAIL,1,-30.65,19.0682,-49.7182,-0.065448,-0.065567,0.005871,6,False
random,SILVERAXIS,2026-10-07,2026-10-08,217.0,2026-10-09,217.9,TIME,4,3.6,19.6024,-16.0024,-0.018396,-0.003917,0.007419,2,False
random,NITINSPIN,2026-10-08,2026-10-09,600.8,2026-10-09,608.8,TIME,1,8.0,18.4831,-10.4831,-0.017411,0.0,0.0,1,False
random,AGIIL,2026-10-05,2026-10-06,261.0,2026-10-09,254.1,TIME,3,-20.7,19.194,-39.894,-0.050839,-0.049808,0.0,4,False
random,RIIL,2026-10-08,2026-10-09,684.95,2026-10-09,683.4,TIME,1,-1.55,18.819,-20.369,-0.029673,0.0,0.0,1,False
random,JENBURPH,2026-10-08,2026-10-09,963.0,2026-10-09,947.1,TIME,1,-15.9,19.9638,-35.8638,-0.037161,0.0,0.0,1,False
random,TREL,2026-10-06,2026-10-07,27.0,2026-10-09,25.11,STOP,36,-68.04,19.8957,-87.9357,-0.090271,-0.07037,0.016667,3,False
random,EMAMIREAL,2026-10-06,2026-10-07,68.5,2026-10-09,68.93,TIME,14,6.02,19.9916,-13.9716,-0.014537,-0.047445,0.043796,3,False
random,HEXATRADEX,2026-10-05,2026-10-06,157.0,2026-10-09,157.02,TIME,6,0.12,19.9078,-19.7878,-0.02096,-0.025414,0.01586,4,False
random,AROGRANITE,2026-10-05,2026-10-06,22.5,2026-10-09,22.34,TIME,44,-7.04,20.0959,-27.1359,-0.02735,-0.022667,0.028889,4,False
random,DECCANCE,2026-10-07,2026-10-08,549.15,2026-10-09,547.75,TIME,1,-1.4,18.2459,-19.6459,-0.035697,-0.034235,0.016389,2,False
random,TEXINFRA,2026-10-05,2026-10-06,120.8,2026-10-09,118.07,TIME,8,-21.84,19.9661,-41.8061,-0.043165,-0.046358,0.051325,4,False
random,BAJAJFINSV,2021-03-23,2021-03-24,934.0996,2021-04-01,975.9198,MOMENTUM_FAIL,1,41.8202,19.9593,21.8608,0.023352,-0.043751,0.048666,6,False
random,BHARATCOAL,2026-04-07,2026-04-08,33.5,2026-04-30,33.35,TIME,29,-4.35,20.0233,-24.3733,-0.025034,-0.048955,0.104179,16,False
random,ASTAR,2026-10-08,2026-10-09,641.6,2026-10-09,596.688,STOP,1,-44.912,18.5477,-63.4597,-0.098693,0.0,0.0,1,False
random,SAYAJIIND,2026-10-08,2026-10-09,115.98,2026-10-09,115.0,TIME,8,-7.84,19.8318,-27.6718,-0.029759,0.0,0.0,1,False
random,BANKPSU,2026-10-05,2026-10-06,80.94,2026-10-09,81.78,TIME,12,10.08,20.0517,-9.9717,-0.010244,-0.029157,0.01532,4,False
random,SAHLIBHFI,2026-10-05,2026-10-06,77.9,2026-10-09,77.12,TIME,12,-9.36,19.8581,-29.2181,-0.031188,-0.035302,0.037227,4,False
random,SICAGEN,2026-10-06,2026-10-07,51.1,2026-10-09,50.45,TIME,19,-12.35,20.0044,-32.3544,-0.033251,-0.062622,0.035029,3,False
random,HCC,2026-10-06,2026-10-07,20.25,2026-10-08,18.8325,STOP,49,-69.4575,19.9783,-89.4358,-0.089938,-0.077531,0.0,2,False
random,TFL,2026-10-05,2026-10-06,11.76,2026-10-09,12.05,TIME,84,24.36,20.1507,4.2093,0.004252,-0.021259,0.038265,4,False
random,VIMTALABS,2026-10-06,2026-10-07,579.9,2026-10-09,539.307,STOP,1,-40.593,18.2959,-58.8889,-0.101329,-0.093378,0.0,3,False
random,PRAVEG,2026-10-08,2026-10-09,233.74,2026-10-09,235.95,TIME,4,8.84,19.8958,-11.0558,-0.011799,0.0,0.0,1,False
random,GSPCROP,2026-10-08,2026-10-09,490.05,2026-10-09,482.9,TIME,2,-14.3,20.0393,-34.3393,-0.03496,0.0,0.0,1,False
random,LUPIN,2022-05-12,2022-05-13,680.4623,2022-05-19,617.5196,GAP_STOP,1,-62.9427,18.6751,-81.6177,-0.119683,-0.114286,0.003786,5,False
random,ELDEHSG,2026-10-08,2026-10-09,769.9,2026-10-09,786.45,TIME,1,16.55,19.2146,-2.6646,-0.003453,0.0,0.0,1,False
random,BOHRAIND,2026-10-05,2026-10-06,13.31,2026-10-09,14.37,TIME,74,78.44,20.2486,58.1914,0.058952,0.0,0.129977,4,False
random,CSBBANK,2026-10-08,2026-10-09,301.9,2026-10-09,300.35,TIME,3,-4.65,19.7448,-24.3948,-0.026876,0.0,0.0,1,False
random,PSB,2026-10-08,2026-10-09,20.93,2026-10-09,21.01,TIME,47,3.76,20.0913,-16.3313,-0.016566,0.0,0.0,1,False
random,CPL,2026-10-08,2026-10-09,60.78,2026-10-09,61.04,TIME,16,4.16,20.0447,-15.8847,-0.016299,0.0,0.0,1,False
random,MOLOWVOL,2026-10-07,2026-10-08,34.1,2026-10-09,33.72,TIME,29,-11.02,20.0831,-31.1031,-0.031384,-0.017302,0.026393,2,False
random,UFO,2026-10-05,2026-10-06,56.51,2026-10-09,55.49,TIME,17,-17.34,19.9511,-37.2911,-0.038733,-0.046187,0.034861,4,False
random,AVL,2026-10-07,2026-10-08,620.0,2026-10-09,576.6,STOP,1,-43.4,18.4595,-61.8595,-0.099556,-0.072258,0.0,2,False
random,PSUBANKADD,2026-10-08,2026-10-09,81.5,2026-10-09,81.97,TIME,12,5.64,20.071,-14.431,-0.014723,0.0,0.0,1,False
random,TIGERLOGS,2026-10-05,2026-10-06,26.89,2026-10-06,25.0077,STOP,37,-69.6451,19.9892,-89.6343,-0.089895,0.0,0.0,1,False
random,EUROBOND,2026-10-06,2026-10-07,141.0,2026-10-09,134.13,TIME,7,-48.09,19.9996,-68.0896,-0.068836,-0.067305,0.010638,3,False
random,NIFTYBETF,2026-10-07,2026-10-08,232.89,2026-10-09,232.82,TIME,4,-0.28,19.8629,-20.1429,-0.021576,-0.014342,8.6e-05,2,False
random,VESUVIUS,2026-10-08,2026-10-09,408.0,2026-10-09,409.0,TIME,2,2.0,19.3796,-17.3796,-0.021252,0.0,0.0,1,False
random,SFL,2026-10-07,2026-10-08,620.15,2026-10-09,603.65,TIME,1,-16.5,18.515,-35.015,-0.056339,-0.039748,0.0,2,False
random,INDRAMEDCO,2026-10-08,2026-10-09,320.0,2026-10-09,329.05,TIME,3,27.15,20.0388,7.1112,0.007391,0.0,0.0,1,False
random,VISHAL,2026-10-08,2026-10-09,16.48,2026-10-09,17.14,TIME,60,39.6,20.1858,19.4142,0.019591,0.0,0.0,1,False
random,STLTECH,2018-10-04,2018-10-05,283.8505,2018-10-08,263.981,STOP,3,-59.6086,19.4043,-79.0129,-0.092585,-0.084247,0.0,2,False
random,SOMANYCERA,2026-10-07,2026-10-08,624.0,2026-10-09,580.32,STOP,1,-43.68,18.4759,-62.1559,-0.099391,-0.073237,0.0,2,False
random,LINC,2026-10-07,2026-10-08,87.9,2026-10-09,81.747,STOP,11,-67.683,19.8749,-87.5579,-0.090358,-0.078498,0.0,2,False
random,HILINFRA,2026-10-06,2026-10-07,45.8,2026-10-09,49.59,TIME,21,79.59,20.1532,59.4368,0.061663,0.0,0.100437,3,False
random,NEXTMEDIA,2026-10-06,2026-10-07,3.57,2026-10-09,3.54,TIME,279,-8.37,20.1186,-28.4886,-0.02854,-0.042017,0.0,3,False
random,SINCLAIR,2026-10-07,2026-10-08,74.0,2026-10-09,74.46,TIME,13,5.98,20.0042,-14.0242,-0.014546,-0.005405,0.013378,2,False
random,SILGO,2026-10-07,2026-10-08,70.16,2026-10-09,70.42,TIME,14,3.64,20.0849,-16.4449,-0.016706,-0.010262,0.01183,2,False
random,VGCL,2026-10-06,2026-10-07,47.58,2026-10-09,49.99,TIME,20,48.2,20.0462,28.1538,0.029521,0.0,0.155317,3,False
random,EMKAY,2026-10-07,2026-10-08,288.4,2026-10-08,268.212,STOP,3,-60.564,19.4599,-80.0239,-0.09229,0.0,0.0,1,False
random,IPL,2026-10-06,2026-10-07,132.1,2026-10-09,128.95,TIME,7,-22.05,19.7896,-41.8396,-0.045148,-0.033535,0.0,3,False
random,HYBRIDETF,2026-10-06,2026-10-07,9.86,2026-10-09,9.73,TIME,101,-13.13,20.1082,-33.2382,-0.033304,-0.021298,0.0,3,False
random,NACLIND,2026-10-08,2026-10-09,129.96,2026-10-09,129.11,TIME,7,-5.95,19.7591,-25.7091,-0.028199,0.0,0.0,1,False
random,IDBI,2025-02-11,2025-02-12,72.2542,2025-02-19,71.6276,MOMENTUM_FAIL,13,-8.1457,19.8796,-28.0253,-0.029771,-0.051355,0.030759,6,False
random,GODFRYPHLP,2019-01-02,2019-01-03,250.8278,2019-01-24,277.3069,TIME,3,79.4372,19.2691,60.1681,0.079785,-0.019325,0.149928,16,False
random,DEVIT,2026-10-07,2026-10-08,19.52,2026-10-09,19.39,TIME,51,-6.63,20.12,-26.75,-0.026812,-0.046619,0.07582,2,False
random,NITINSPIN,2026-10-05,2026-10-06,604.75,2026-10-09,608.8,TIME,1,4.05,18.4918,-14.4418,-0.023828,-0.022075,0.02563,4,False
random,WEWIN,2026-10-05,2026-10-06,51.0,2026-10-09,51.33,TIME,19,6.27,20.0343,-13.7643,-0.014174,-0.011765,0.137255,4,False
random,JUBLFOOD,2021-12-29,2021-12-30,704.0325,2022-01-06,707.968,MOMENTUM_FAIL,1,3.9355,18.9108,-14.9753,-0.021224,-0.015239,0.035056,6,False
random,ENERGYAXIS,2026-10-07,2026-10-08,18.58,2026-10-09,17.98,TIME,53,-31.8,20.0233,-51.8233,-0.052512,-0.044672,0.0,2,False
random,COMPEAU,2026-10-06,2026-10-07,361.2,2026-10-09,347.4,TIME,2,-27.6,18.9241,-46.5241,-0.064262,-0.058278,0.002215,3,False
random,BLUESTONE,2026-10-05,2026-10-06,794.0,2026-10-09,817.65,TIME,1,23.65,19.3308,4.3192,0.005428,0.0,0.052834,4,False
random,SUMIT,2026-10-07,2026-10-08,51.49,2026-10-08,47.8857,STOP,19,-68.4817,19.9214,-88.4031,-0.090166,0.0,0.0,1,False
random,MIDCAPBETA,2026-10-08,2026-10-09,218.14,2026-10-09,216.83,TIME,4,-5.24,19.6037,-24.8437,-0.02841,0.0,0.0,1,False
random,MOMENTUM,2026-10-08,2026-10-09,29.32,2026-10-09,29.61,TIME,34,9.86,20.1594,-10.2994,-0.010309,0.0,0.0,1,False
random,GROWWDEFNC,2026-10-06,2026-10-07,94.16,2026-10-09,90.19,TIME,10,-39.7,19.825,-59.525,-0.063079,-0.059048,0.0,3,False
random,MTNL,2026-10-05,2026-10-06,23.24,2026-10-09,22.91,TIME,42,-13.86,20.0232,-33.8832,-0.034638,-0.030981,0.03012,4,False
random,HDFCVALUE,2026-10-07,2026-10-08,118.5,2026-10-09,118.23,TIME,8,-2.16,19.9285,-22.0885,-0.023249,-0.012152,0.000928,2,False
random,HDFCNIFTY,2026-10-05,2026-10-06,254.91,2026-10-09,254.97,TIME,3,0.18,19.1594,-18.9794,-0.024764,-0.039583,0.03107,4,False
random,VIRINCHI,2026-10-08,2026-10-09,12.77,2026-10-09,12.81,TIME,78,3.12,20.1422,-17.0222,-0.017052,0.0,0.0,1,False
random,MARKOLINES,2026-10-06,2026-10-07,170.66,2026-10-09,169.24,TIME,5,-7.1,19.5186,-26.6186,-0.031127,-0.051857,0.000762,3,False
random,BHARATSE,2026-10-08,2026-10-09,200.95,2026-10-09,210.18,TIME,4,36.92,19.3992,17.5208,0.02175,0.0,0.0,1,False
random,HTMEDIA,2026-10-07,2026-10-08,22.65,2026-10-09,22.26,TIME,44,-17.16,20.1032,-37.2632,-0.037309,-0.032671,0.0,2,False
random,VIKRAN,2026-10-05,2026-10-06,57.2,2026-10-09,55.84,TIME,17,-23.12,19.9888,-43.1088,-0.044236,-0.031469,0.033042,4,False
random,JNKINDIA,2026-10-06,2026-10-07,444.15,2026-10-09,424.35,TIME,2,-39.6,19.6002,-59.2002,-0.066499,-0.061128,0.002477,3,False
random,KOTYARK,2026-10-07,2026-10-08,31.94,2026-10-09,32.28,TIME,31,10.54,20.1323,-9.5923,-0.009667,-0.04665,0.039449,2,False
random,NIFTYJBLK,2026-10-06,2026-10-07,11.94,2026-10-09,11.61,TIME,83,-27.39,20.0588,-47.4488,-0.047774,-0.046901,0.0,3,False
random,MSCIADD,2026-10-08,2026-10-09,27.49,2026-10-09,27.63,TIME,36,5.04,20.119,-15.079,-0.015204,0.0,0.0,1,False
random,RELIGARE,2026-10-06,2026-10-07,226.2,2026-10-09,217.59,TIME,4,-34.44,19.6803,-54.1203,-0.059684,-0.044872,0.0,3,False
random,NIFTYADD,2026-10-06,2026-10-07,242.32,2026-10-09,238.33,TIME,4,-15.96,19.9902,-35.9502,-0.037009,-0.034335,0.0,3,False
random,SALONA,2026-10-08,2026-10-09,272.0,2026-10-09,269.55,TIME,3,-7.35,19.3606,-26.7106,-0.032662,0.0,0.0,1,False
random,NIACL,2025-06-17,2025-06-18,179.3802,2025-07-09,186.0541,TIME,5,33.3695,19.7851,13.5845,0.015113,-0.035562,0.065753,16,False
random,DDEVPLSTIK,2026-10-07,2026-10-08,257.5,2026-10-09,244.17,TIME,3,-39.99,19.1104,-59.1004,-0.076338,-0.059767,0.0,2,False
random,HINDADH,2026-10-05,2026-10-06,388.0,2026-10-09,388.0,TIME,2,0.0,19.2066,-19.2066,-0.024697,-0.045619,0.010309,4,False
random,KIRANVYPAR,2026-10-08,2026-10-09,195.3,2026-10-09,195.58,TIME,5,1.4,20.0561,-18.6561,-0.019063,0.0,0.0,1,False
random,ODIGMA,2026-10-05,2026-10-06,21.17,2026-10-09,20.71,TIME,47,-21.62,20.0873,-41.7073,-0.041826,-0.033538,0.034955,4,False
random,SPORTKING,2026-10-08,2026-10-09,198.75,2026-10-09,196.45,TIME,5,-11.5,20.1026,-31.6026,-0.031732,0.0,0.0,1,False
random,KEC,2026-09-29,2026-09-30,380.0,2026-10-08,349.6,MOMENTUM_FAIL,2,-60.8,19.0153,-79.8153,-0.104791,-0.084211,0.003816,6,False
random,INTELLECT,2024-08-12,2024-08-13,908.1124,2024-09-04,968.9158,TIME,1,60.8034,19.8883,40.9152,0.044957,0.0,0.126647,16,False
random,ANDHRAPAP,2026-10-05,2026-10-06,70.66,2026-10-09,67.21,TIME,14,-48.3,20.0087,-68.3087,-0.068901,-0.062412,0.004529,4,False
random,GANECOS,2026-10-06,2026-10-07,995.0,2026-10-09,966.1,TIME,1,-28.9,20.0725,-48.9725,-0.049111,-0.043317,0.00392,3,False
random,GANGESSECU,2026-10-07,2026-10-08,113.01,2026-10-09,113.97,TIME,8,7.68,19.7631,-12.0831,-0.013336,-0.008937,0.026369,2,False
random,NAHARINDUS,2026-10-07,2026-10-08,135.9,2026-10-08,126.387,STOP,7,-66.591,19.8112,-86.4022,-0.090627,0.0,0.0,1,False
random,SANDHAR,2026-10-08,2026-10-09,537.7,2026-10-09,530.3,TIME,1,-7.4,18.1853,-25.5853,-0.047479,0.0,0.0,1,False
random,SONATSOFTW,2026-10-05,2026-10-06,255.65,2026-10-09,239.15,TIME,3,-49.5,19.0676,-68.5676,-0.089208,-0.06904,0.012322,4,False
random,SHREERAMA,2026-10-05,2026-10-06,42.96,2026-10-09,42.56,TIME,23,-9.2,20.0834,-29.2834,-0.029572,-0.06378,0.047253,4,False
random,HBSL,2026-10-07,2026-10-08,59.6,2026-10-08,55.428,STOP,16,-66.752,19.8206,-86.5726,-0.090587,0.0,0.0,1,False
random,LAXMIINDIA,2026-10-06,2026-10-07,112.1,2026-10-09,106.22,TIME,8,-47.04,19.6209,-66.6609,-0.07417,-0.061106,0.0,3,False
random,DBREALTY,2026-10-07,2026-10-08,89.0,2026-10-09,84.98,TIME,11,-44.22,19.9737,-64.1937,-0.065428,-0.062472,0.0,2,False
random,COHANCE,2024-01-05,2024-01-08,743.95,2024-01-15,703.05,MOMENTUM_FAIL,1,-40.9,18.988,-59.888,-0.080324,-0.065058,0.0,6,False
random,INSPIRISYS,2026-10-07,2026-10-08,84.1,2026-10-09,84.99,TIME,11,9.79,19.8561,-10.0661,-0.010857,-0.01308,0.022592,2,False
random,DCM,2026-10-07,2026-10-08,71.9,2026-10-09,71.17,TIME,13,-9.49,19.8574,-29.3474,-0.031329,-0.057719,0.0,2,False
random,PAUSHAKLTD,2026-10-07,2026-10-08,696.8,2026-10-09,700.35,TIME,1,3.55,18.8794,-15.3294,-0.021952,-0.037313,0.023249,2,False
random,RANASUG,2026-10-08,2026-10-09,13.47,2026-10-09,13.18,TIME,74,-21.46,20.0952,-41.5552,-0.041598,0.0,0.0,1,False
random,ELMDIV,2026-10-05,2026-10-06,34.55,2026-10-09,34.13,TIME,28,-11.76,19.9909,-31.7509,-0.032749,-0.018234,0.000579,4,False
random,SCI,2021-05-17,2021-05-18,103.8419,2021-05-25,105.6154,MOMENTUM_FAIL,9,15.9613,19.9087,-3.9474,-0.004215,-0.009888,0.048989,6,False
random,CENTENKA,2026-10-08,2026-10-09,555.0,2026-10-09,559.2,TIME,1,4.2,18.282,-14.082,-0.025318,0.0,0.0,1,False
random,TARIL,2024-02-29,2024-03-01,172.7115,2024-03-11,162.9528,MOMENTUM_FAIL,5,-48.7934,19.477,-68.2704,-0.078885,-0.056503,0.034249,6,False
random,LAXMICOT,2026-10-06,2026-10-07,12.89,2026-10-09,12.52,TIME,77,-28.49,20.0629,-48.5529,-0.048812,-0.057409,0.012413,3,False
random,REMSONSIND,2026-10-05,2026-10-06,110.0,2026-10-07,102.3,STOP,9,-69.3,19.9691,-89.2691,-0.089974,-0.081818,0.008,2,False
random,LUPIN,2019-12-24,2019-12-26,736.6548,2020-01-02,744.9146,MOMENTUM_FAIL,1,8.2598,19.0573,-10.7975,-0.014626,-0.010821,0.017405,6,False
random,ENKEIWHEL,2026-10-08,2026-10-09,386.0,2026-10-09,393.85,TIME,2,15.7,19.2217,-3.5217,-0.004552,0.0,0.0,1,False
random,DEVYANI,2022-06-14,2022-06-15,154.45,2022-06-17,143.6385,STOP,6,-64.869,19.7109,-84.5799,-0.091071,-0.077371,0.003561,3,False
random,ANANDRATHI,2025-02-07,2025-02-10,917.1489,2025-02-17,896.3795,MOMENTUM_FAIL,1,-20.7693,19.7603,-40.5297,-0.044095,-0.050199,0.005489,6,False
random,CREDITACC,2018-12-05,2018-12-06,382.9633,2018-12-13,392.3389,MOMENTUM_FAIL,2,18.7513,19.2023,-0.4509,-0.000587,-0.034974,0.031347,6,False
random,CPL,2026-10-07,2026-10-08,61.9,2026-10-09,61.04,TIME,16,-13.76,20.0839,-33.8439,-0.034097,-0.042326,0.0,2,False
random,ABCAPITAL,2024-09-05,2024-09-06,223.65,2024-09-13,226.1,MOMENTUM_FAIL,4,9.8,19.7274,-9.9273,-0.011073,-0.048513,0.015784,6,False
random,BHARATFORG,2023-01-25,2023-01-27,845.7398,2023-02-03,847.2535,MOMENTUM_FAIL,1,1.5137,19.5042,-17.9905,-0.021225,-0.024192,0.043649,6,False
random,NIPPOBATRY,2026-10-07,2026-10-08,318.0,2026-10-09,311.9,TIME,3,-18.3,19.921,-38.221,-0.039976,-0.02673,0.006289,2,False
random,ICICIB22,2026-10-06,2026-10-07,110.34,2026-10-09,108.11,TIME,9,-20.07,20.0823,-40.1523,-0.040345,-0.037067,0.0,3,False
random,SOLARA,2026-10-05,2026-10-06,682.0,2026-10-09,644.35,TIME,1,-37.65,18.733,-56.383,-0.082493,-0.061437,0.020528,4,False
random,MON50EQUAL,2026-10-05,2026-10-06,31.87,2026-10-09,31.09,TIME,31,-24.18,20.0524,-44.2324,-0.044673,-0.041732,0.0,4,False
random,ACL,2026-10-08,2026-10-09,39.49,2026-10-09,39.26,TIME,25,-5.75,20.0869,-25.8369,-0.026113,0.0,0.0,1,False
random,AGARIND,2026-10-06,2026-10-07,396.5,2026-10-08,368.745,STOP,2,-55.51,19.1654,-74.6754,-0.093963,-0.091803,0.0,2,False
random,IGIL,2025-06-05,2025-06-06,399.4472,2025-06-13,378.0867,MOMENTUM_FAIL,2,-42.7211,19.2163,-61.9374,-0.07736,-0.068282,0.022026,6,False
random,PODDARMENT,2026-10-08,2026-10-09,254.7,2026-10-09,255.6,TIME,3,2.7,19.1619,-16.4619,-0.021497,0.0,0.0,1,False
random,KIMS,2022-03-03,2022-03-04,259.6,2022-03-28,265.96,TIME,3,19.08,19.2573,-0.1773,-0.000227,-0.030855,0.098652,16,False
random,MSCIINDIA,2026-10-08,2026-10-09,27.78,2026-10-09,27.77,TIME,35,-0.35,20.0348,-20.3848,-0.02092,0.0,0.0,1,False
random,TOP15IETF,2026-10-06,2026-10-07,9.26,2026-10-09,9.19,TIME,107,-7.49,20.0984,-27.5884,-0.027783,-0.019438,0.00108,3,False
random,ALPA,2026-10-07,2026-10-08,56.56,2026-10-09,56.99,TIME,17,7.31,20.0049,-12.6949,-0.013174,-0.024929,0.007779,2,False
random,KOPRAN,2026-10-07,2026-10-08,276.5,2026-10-08,257.145,STOP,3,-58.065,19.3143,-77.3793,-0.093081,0.0,0.0,1,False
random,KAMDHENU,2026-10-07,2026-10-08,38.36,2026-10-09,36.47,TIME,26,-49.14,20.0412,-69.1812,-0.069213,-0.069864,0.0,2,False
random,RENUKA,2026-10-06,2026-10-07,22.58,2026-10-09,21.72,TIME,44,-37.84,20.048,-57.888,-0.058138,-0.04783,0.019929,3,False
random,RUBICON,2026-02-19,2026-02-20,789.2272,2026-02-27,779.5866,MOMENTUM_FAIL,1,-9.6406,19.2428,-28.8834,-0.036517,-0.030759,0.011392,6,False
random,LARGEMID50,2026-10-07,2026-10-08,34.24,2026-10-09,34.12,TIME,29,-3.48,20.1156,-23.5956,-0.023711,-0.012266,0.0,2,False
random,DABUR,2019-11-22,2019-11-25,431.2603,2019-12-02,422.0063,MOMENTUM_FAIL,2,-18.5079,19.5343,-38.0422,-0.04401,-0.031163,0.028575,6,False
random,FILATEX,2026-10-07,2026-10-08,111.62,2026-10-09,109.06,TIME,8,-20.48,19.6588,-40.1388,-0.044852,-0.054918,0.0,2,False
random,CASTROLIND,2025-08-14,2025-08-18,195.6292,2025-08-25,195.0837,MOMENTUM_FAIL,5,-2.7276,20.0546,-22.7823,-0.02324,-0.011972,0.016395,6,False
random,ACL,2026-10-05,2026-10-06,40.2,2026-10-09,39.26,TIME,24,-22.56,19.9579,-42.5179,-0.043973,-0.039303,0.0,4,False
random,PODDARMENT,2026-10-08,2026-10-09,254.7,2026-10-09,255.6,TIME,3,2.7,19.1619,-16.4619,-0.021497,0.0,0.0,1,False
random,LAGNAM,2026-10-07,2026-10-08,72.63,2026-10-09,73.49,TIME,13,11.18,19.9396,-8.7596,-0.009257,-0.019551,0.018863,2,False
random,TCIFINANCE,2026-10-08,2026-10-09,13.26,2026-10-09,14.13,TIME,75,65.25,20.2621,44.9879,0.045138,0.0,0.0,1,False
random,NPBET,2026-10-07,2026-10-08,281.53,2026-10-09,280.5,TIME,3,-3.09,19.4899,-22.5799,-0.026676,-0.003659,0.005221,2,False
random,SOLEX,2026-10-06,2026-10-07,697.7,2026-10-09,648.861,STOP,1,-48.839,18.7766,-67.6156,-0.096701,-0.08528,0.0,3,False
random,VINYLINDIA,2026-10-07,2026-10-08,216.6,2026-10-09,201.438,STOP,4,-60.648,19.4648,-80.1128,-0.092265,-0.085873,0.0,2,False
random,VISHNU,2026-10-08,2026-10-09,667.6,2026-10-09,654.85,TIME,1,-12.75,18.7229,-31.4729,-0.047041,0.0,0.0,1,False
random,NINSYS,2026-10-06,2026-10-07,822.55,2026-10-09,803.1,TIME,1,-19.45,19.3636,-38.8136,-0.047084,-0.056471,0.008753,3,False
random,BLIL,2026-10-08,2026-10-09,64.92,2026-10-09,64.56,TIME,15,-5.4,20.0308,-25.4308,-0.026058,0.0,0.0,1,False
random,RHETAN,2026-10-08,2026-10-09,17.35,2026-10-09,17.4,TIME,57,2.85,20.1116,-17.2616,-0.017416,0.0,0.0,1,False
random,NH,2018-06-26,2018-06-27,225.8941,2018-07-04,229.4743,MOMENTUM_FAIL,4,14.3206,19.7745,-5.4538,-0.006023,-0.022362,0.046461,6,False
random,RANASUG,2026-10-05,2026-10-06,13.9,2026-10-09,13.18,TIME,71,-51.12,19.993,-71.113,-0.0719,-0.057554,0.014388,4,False
random,TIMEX,2026-10-06,2026-10-07,733.7,2026-10-09,724.4,TIME,1,-9.3,19.0091,-28.3091,-0.0385,-0.055745,0.0,3,False
random,DHUNINV,2026-10-06,2026-10-07,970.5,2026-10-09,911.65,TIME,1,-58.85,19.9081,-78.7581,-0.080975,-0.0644,0.015456,3,False
random,BUTTERFLY,2026-10-07,2026-10-08,545.5,2026-10-09,542.45,TIME,1,-3.05,18.2271,-21.2771,-0.03892,-0.022823,0.00275,2,False
random,ONGC,2026-09-17,2026-09-18,232.43,2026-09-25,235.86,MOMENTUM_FAIL,4,13.72,19.8836,-6.1636,-0.006615,-0.000473,0.028267,6,False
random,TDPOWERSYS,2026-02-04,2026-02-05,407.1024,2026-02-26,440.345,TIME,2,66.4851,19.5033,46.9817,0.057577,-0.054601,0.144785,16,False
random,ITETF,2026-10-07,2026-10-08,29.63,2026-10-09,30.35,TIME,33,23.76,20.1071,3.6529,0.003728,-0.011137,0.029025,2,False
random,ICIL,2026-10-08,2026-10-09,449.0,2026-10-09,436.3,TIME,2,-25.4,19.67,-45.07,-0.05008,0.0,0.0,1,False
random,SILGO,2026-10-08,2026-10-09,69.75,2026-10-09,70.42,TIME,14,9.38,20.0723,-10.6923,-0.010926,0.0,0.0,1,False
random,NKIND,2026-10-08,2026-10-09,58.09,2026-10-09,57.85,TIME,17,-4.08,20.0915,-24.1715,-0.024423,0.0,0.0,1,False
random,EVEREADY,2026-10-08,2026-10-09,318.3,2026-10-09,321.15,TIME,3,8.55,19.9794,-11.4294,-0.011943,0.0,0.0,1,False
random,ISTLTD,2026-10-05,2026-10-06,622.3,2026-10-09,625.7,TIME,1,3.4,18.5646,-15.1646,-0.024315,-0.016552,0.052547,4,False
random,NIFTYBETA,2026-10-06,2026-10-07,252.4,2026-10-09,251.27,TIME,3,-3.39,19.1203,-22.5103,-0.029664,-0.025357,0.002338,3,False
random,ELDEHSG,2026-10-05,2026-10-06,785.0,2026-10-09,786.45,TIME,1,1.45,19.2476,-17.7976,-0.022623,-0.043312,0.026752,4,False
random,LEMONTREE,2020-06-22,2020-06-23,25.95,2020-06-29,24.1335,STOP,38,-69.027,19.9532,-88.9802,-0.090038,-0.10212,0.023121,5,False
random,AARTIIND,2021-04-16,2021-04-19,686.028,2021-04-30,808.2327,TARGET,1,122.2047,19.0756,103.1292,0.15,0.0,0.179032,9,False
random,CPCAP,2026-10-08,2026-10-09,156.0,2026-10-09,146.39,TIME,6,-57.66,19.7648,-77.4248,-0.082538,0.0,0.0,1,False
random,BANCOINDIA,2026-10-08,2026-10-09,590.35,2026-10-09,590.8,TIME,1,0.45,18.4236,-17.9736,-0.030379,0.0,0.0,1,False
random,MURUDCERA,2026-10-06,2026-10-07,27.41,2026-10-09,27.53,TIME,36,4.32,20.1053,-15.7853,-0.015962,-0.014958,0.037213,3,False
random,ORIENTELEC,2026-10-06,2026-10-07,160.7,2026-10-09,164.77,TIME,6,24.42,20.051,4.369,0.004521,-0.000622,0.037772,3,False
random,SWANCORP,2023-12-12,2023-12-13,464.3965,2024-01-04,523.9448,TIME,2,119.0966,20.0943,99.0023,0.10636,-0.001614,0.146515,16,False
random,AGROPHOS,2026-10-08,2026-10-09,22.01,2026-10-09,22.91,TIME,45,40.5,20.1946,20.3054,0.020456,0.0,0.0,1,False
random,PHARMABEES,2026-10-05,2026-10-06,26.85,2026-10-09,26.72,TIME,37,-4.81,20.115,-24.925,-0.025035,-0.031657,0.024209,4,False
random,HBPOR,2026-10-07,2026-10-08,63.91,2026-10-09,61.12,TIME,15,-41.85,19.8926,-61.7426,-0.064265,-0.069003,0.013143,2,False
random,COMSYN,2026-10-08,2026-10-09,255.5,2026-10-09,261.15,TIME,3,16.95,19.201,-2.251,-0.00293,0.0,0.0,1,False
random,EBGNG,2026-10-07,2026-10-08,735.0,2026-10-09,683.55,STOP,1,-51.45,18.9287,-70.3787,-0.095545,-0.095238,0.0,2,False
random,APOLLOTYRE,2018-05-02,2018-05-03,256.3081,2018-05-10,249.3618,MOMENTUM_FAIL,3,-20.8389,19.1343,-39.9732,-0.051872,-0.03259,0.016981,6,False
random,PANORAMA,2026-10-05,2026-10-06,62.8,2026-10-09,58.404,STOP,15,-65.94,19.7733,-85.7133,-0.090792,-0.091242,0.066879,4,False
random,HINDZINC,2023-11-21,2023-11-22,271.9914,2023-11-30,267.8737,MOMENTUM_FAIL,3,-12.3531,19.3503,-31.7033,-0.038769,-0.020898,0.000164,6,False
random,SUPREMEINF,2026-10-07,2026-10-08,55.21,2026-10-08,51.3453,STOP,18,-69.5646,19.9845,-89.5491,-0.089913,0.0,0.0,1,False
random,TCI,2026-10-07,2026-10-08,888.1,2026-10-09,825.933,STOP,1,-62.167,19.5534,-81.7204,-0.091816,-0.071051,0.0,2,False
random,APOLLO,2026-10-05,2026-10-06,402.7,2026-10-09,388.35,TIME,2,-28.7,19.2723,-47.9723,-0.059433,-0.047057,0.049044,4,False
random,NUVAMA,2024-06-26,2024-06-27,935.8203,2024-07-04,919.0303,MOMENTUM_FAIL,1,-16.7899,19.8473,-36.6372,-0.039064,-0.025252,0.045823,6,False
random,PVSL,2026-10-08,2026-10-09,93.9,2026-10-09,91.22,TIME,10,-26.8,19.8403,-46.6403,-0.049562,0.0,0.0,1,False
random,NV20IETF,2026-10-08,2026-10-09,12.63,2026-10-09,12.81,TIME,79,14.22,20.172,-5.952,-0.005952,0.0,0.0,1,False
random,ELM250,2026-10-08,2026-10-09,15.46,2026-10-09,15.47,TIME,64,0.64,20.1092,-19.4692,-0.019634,0.0,0.0,1,False
random,MODTHREAD,2026-10-07,2026-10-08,46.09,2026-10-09,48.72,TIME,21,55.23,20.1293,35.1007,0.036186,-0.020178,0.060968,2,False
random,MOALPHA50,2026-10-08,2026-10-09,53.59,2026-10-09,54.79,TIME,18,21.6,20.047,1.553,0.001606,0.0,0.0,1,False
random,BSLGOLDETF,2026-10-08,2026-10-09,129.26,2026-10-09,130.37,TIME,7,7.77,19.7664,-11.9964,-0.013229,0.0,0.0,1,False
random,VMART,2026-10-08,2026-10-09,811.15,2026-10-09,821.95,TIME,1,10.8,19.377,-8.577,-0.010551,0.0,0.0,1,False
random,NETWORK18,2026-10-08,2026-10-09,24.5,2026-10-09,24.69,TIME,40,7.6,20.0835,-12.4835,-0.01271,0.0,0.0,1,False
random,PNB,2024-11-14,2024-11-18,95.0989,2024-11-26,99.2636,MOMENTUM_FAIL,10,41.6472,20.0303,21.6169,0.022681,-0.058491,0.047468,6,False
random,RELIANCE,2021-07-23,2021-07-26,954.751,2021-08-02,938.6724,MOMENTUM_FAIL,1,-16.0786,19.9287,-36.0072,-0.037631,-0.043525,0.0,6,False
random,SPLIL,2026-10-07,2026-10-08,29.04,2026-10-09,29.29,TIME,34,8.5,20.1164,-11.6164,-0.011739,0.0,0.033058,2,False
random,ARVIND,2026-10-06,2026-10-07,534.65,2026-10-09,509.45,TIME,1,-25.2,18.1362,-43.3362,-0.080878,-0.066492,0.0,3,False
random,HDFCGROWTH,2026-10-05,2026-10-06,109.08,2026-10-09,108.82,TIME,9,-2.34,20.0705,-22.4105,-0.022778,-0.018152,0.007517,4,False
random,ETERNAL,2025-02-13,2025-02-14,218.54,2025-03-10,211.28,TIME,4,-29.04,19.562,-48.6019,-0.055477,-0.036744,0.092386,16,False
random,QUICKHEAL,2026-10-05,2026-10-06,138.0,2026-10-09,137.75,TIME,7,-1.75,20.0053,-21.7553,-0.022472,-0.012319,0.056884,4,False
random,WEIZMANIND,2026-10-05,2026-10-06,68.01,2026-10-09,71.46,TIME,14,48.3,20.0487,28.2513,0.029607,0.0,0.085723,4,False
random,CHEMPLASTS,2026-10-06,2026-10-07,208.95,2026-10-09,214.68,TIME,4,22.92,19.5058,3.4142,0.004076,-0.003207,0.089256,3,False
random,SIGNPOST,2026-10-05,2026-10-06,262.25,2026-10-09,260.3,TIME,3,-5.85,19.2401,-25.0901,-0.031821,-0.029171,0.042326,4,False
random,PRABHA,2026-10-08,2026-10-09,210.01,2026-10-09,219.22,TIME,4,36.84,19.552,17.288,0.020535,0.0,0.0,1,False
random,TTKPRESTIG,2026-10-06,2026-10-07,521.0,2026-10-09,515.15,TIME,1,-5.85,18.118,-23.968,-0.045903,-0.028695,0.0,3,False
random,GUFICBIO,2026-10-08,2026-10-09,405.0,2026-10-09,406.3,TIME,2,2.6,19.3555,-16.7555,-0.020641,0.0,0.0,1,False
random,CANBK,2019-01-11,2019-01-14,47.1004,2019-01-21,45.3653,MOMENTUM_FAIL,21,-36.4362,20.0323,-56.4685,-0.056966,-0.046182,0.009344,6,False
random,TEMPSENS,2026-10-05,2026-10-06,495.6,2026-10-07,580.3327,TARGET,2,169.4654,20.4604,149.005,0.15,0.0,0.216707,2,False
random,INVENTURE,2026-10-07,2026-10-08,0.83,2026-10-09,0.81,TIME,1202,-24.04,20.0936,-44.1336,-0.044141,-0.024096,0.0,2,False
random,SUMEDHA,2026-10-06,2026-10-07,43.0,2026-10-09,40.07,TIME,23,-67.39,19.9688,-87.3588,-0.088138,-0.069767,0.0,3,False
random,KRYSTAL,2026-10-08,2026-10-09,626.8,2026-10-09,626.75,TIME,1,-0.05,18.5765,-18.6265,-0.029652,0.0,0.0,1,False
random,SAIPARENT,2026-10-06,2026-10-07,524.0,2026-10-09,487.32,STOP,1,-36.68,18.0679,-54.7479,-0.104253,-0.074427,0.0,3,False
random,PSB,2026-10-08,2026-10-09,20.93,2026-10-09,21.01,TIME,47,3.76,20.0913,-16.3313,-0.016566,0.0,0.0,1,False
random,HEXT,2025-12-24,2025-12-26,734.5196,2026-01-02,740.163,MOMENTUM_FAIL,1,5.6434,19.043,-13.3996,-0.018203,-0.017103,0.028728,6,False
random,JKIPL,2026-10-05,2026-10-06,94.83,2026-10-09,111.1122,TARGET,10,162.8217,20.2657,142.556,0.15,0.0,0.200253,4,False
random,BHARTIARTL,2021-12-15,2021-12-16,665.9001,2021-12-23,655.138,MOMENTUM_FAIL,1,-10.7621,18.7198,-29.4819,-0.044177,-0.064937,0.0,6,False
random,UFO,2026-10-05,2026-10-06,56.51,2026-10-09,55.49,TIME,17,-17.34,19.9511,-37.2911,-0.038733,-0.046187,0.034861,4,False
random,SRM,2026-10-06,2026-10-07,418.45,2026-10-09,408.35,TIME,2,-20.2,19.4226,-39.6226,-0.047241,-0.041582,0.010754,3,False
random,BOROLTD,2026-10-05,2026-10-06,280.0,2026-10-09,270.2,TIME,3,-29.4,19.417,-48.817,-0.057989,-0.053036,0.038214,4,False
random,PRECOT,2026-10-06,2026-10-07,595.8,2026-10-09,589.95,TIME,1,-5.85,18.4338,-24.2838,-0.040669,-0.026519,0.040198,3,False
random,TUTIALKA,2026-10-05,2026-10-06,52.16,2026-10-09,52.21,TIME,19,0.95,20.1166,-19.1666,-0.019298,-0.020706,0.064034,4,False
random,HYBRIDFIN,2026-10-06,2026-10-07,17.25,2026-10-09,17.62,TIME,57,21.09,20.1247,0.9653,0.00098,-0.002899,0.066667,3,False
random,AARON,2026-10-05,2026-10-06,123.63,2026-10-09,127.13,TIME,8,28.0,20.1632,7.8368,0.007906,-0.027744,0.067702,4,False
random,LTGILTBEES,2026-10-07,2026-10-08,29.52,2026-10-09,29.38,TIME,33,-4.62,20.0339,-24.6539,-0.025253,-0.005759,0.0,2,False
random,PPLPHARMA,2025-02-03,2025-02-04,232.8491,2025-02-11,204.1477,MOMENTUM_FAIL,4,-114.8056,19.629,-134.4346,-0.144022,-0.128755,0.019227,6,False
random,MBLINFRA,2026-10-08,2026-10-09,23.6,2026-10-09,23.67,TIME,42,2.94,20.1213,-17.1813,-0.017296,0.0,0.0,1,False
random,SOMICONVEY,2026-10-08,2026-10-09,84.0,2026-10-09,82.42,TIME,11,-17.38,19.7962,-37.1762,-0.040146,0.0,0.0,1,False
random,AHCL,2026-10-06,2026-10-07,28.18,2026-10-09,26.2074,STOP,35,-69.041,19.954,-88.995,-0.090034,-0.094748,0.0,3,False
random,HDFCGOLD,2026-10-08,2026-10-09,126.04,2026-10-09,126.81,TIME,7,5.39,19.6664,-14.2764,-0.016146,0.0,0.0,1,False
random,APTUS,2022-04-18,2022-04-19,310.2325,2022-05-09,288.5163,STOP,3,-65.1488,19.7272,-84.876,-0.090997,-0.08398,0.063289,14,False
random,GIPCL,2026-10-08,2026-10-09,166.46,2026-10-09,166.58,TIME,5,0.6,19.4456,-18.8456,-0.022593,0.0,0.0,1,False
random,STLTECH,2025-07-08,2025-07-09,112.29,2025-07-11,104.4297,STOP,8,-62.8824,19.5951,-82.4775,-0.091613,-0.089857,0.0,3,False
random,INVENTURE,2026-10-06,2026-10-07,0.85,2026-10-09,0.81,TIME,1173,-46.92,20.0445,-66.9645,-0.067016,-0.047059,0.0,3,False
random,HORIZONIND,2026-10-08,2026-10-09,48.45,2026-10-09,49.05,TIME,20,12.0,20.046,-8.046,-0.008285,0.0,0.0,1,False
random,SKIPPER,2026-10-08,2026-10-09,517.5,2026-10-09,530.25,TIME,1,12.75,18.1411,-5.3911,-0.010395,0.0,0.0,1,False
random,NIFTYBEES,2026-10-06,2026-10-07,258.59,2026-10-09,257.35,TIME,3,-3.72,19.1981,-22.9181,-0.029478,-0.020186,0.000387,3,False
random,SPCENET,2026-10-08,2026-10-09,3.27,2026-10-09,3.28,TIME,305,3.05,20.1475,-17.0975,-0.017106,0.0,0.0,1,False
random,OBCL,2026-10-08,2026-10-09,54.84,2026-10-09,55.19,TIME,18,6.3,20.1109,-13.8109,-0.013961,0.0,0.0,1,False
random,GREENPLY,2026-10-06,2026-10-07,312.15,2026-10-09,306.7,TIME,3,-16.35,19.8508,-36.2008,-0.038573,-0.04437,0.0,3,False
random,KOPRAN,2026-10-08,2026-10-09,253.4,2026-10-09,251.05,TIME,3,-7.05,19.1256,-26.1756,-0.034357,0.0,0.0,1,False
random,AUROPHARMA,2022-10-24,2022-10-25,517.4723,2022-11-10,481.2493,STOP,1,-36.2231,18.0412,-54.2643,-0.104635,-0.11581,0.084667,11,False
random,COMMOIETF,2026-10-08,2026-10-09,90.32,2026-10-09,91.14,TIME,11,9.02,20.1435,-11.1235,-0.011172,0.0,0.0,1,False
random,BANKIETF,2026-10-05,2026-10-06,56.7,2026-10-09,56.85,TIME,17,2.55,20.0052,-17.4552,-0.018069,-0.01358,0.005115,4,False
random,PVTBANIETF,2026-10-06,2026-10-07,28.09,2026-10-09,27.62,TIME,35,-16.45,20.0478,-36.4978,-0.037042,-0.034176,0.0,3,False
random,KOTHARIPRO,2026-10-08,2026-10-09,63.73,2026-10-09,62.26,TIME,15,-22.05,19.9216,-41.9716,-0.04381,0.0,0.0,1,False
random,OLAELEC,2024-09-26,2024-09-27,104.6,2024-10-04,97.278,STOP,9,-65.898,19.7708,-85.6688,-0.090803,-0.08805,0.0,5,False
random,MANYAVAR,2026-10-08,2026-10-09,491.0,2026-10-09,500.75,TIME,2,19.5,20.1162,-0.6162,-0.000626,0.0,0.0,1,False
random,XELPMOC,2026-10-05,2026-10-06,90.0,2026-10-07,83.7,STOP,11,-69.3,19.9691,-89.2691,-0.089974,-0.075444,0.038333,2,False
random,BANKBARODA,2022-10-03,2022-10-04,116.1035,2022-10-12,117.6073,MOMENTUM_FAIL,8,12.0306,19.8764,-7.8459,-0.008429,-0.016381,0.035428,6,False
random,BLKASHYAP,2026-10-06,2026-10-07,54.31,2026-10-09,50.5083,STOP,18,-68.4306,19.9184,-88.349,-0.090178,-0.070521,0.05395,3,False
random,EDELWEISS,2026-10-07,2026-10-08,134.1,2026-10-09,127.89,TIME,7,-43.47,19.8051,-63.2751,-0.06726,-0.057942,0.0,2,False
random,SMLT,2026-10-06,2026-10-07,73.69,2026-10-09,77.36,TIME,13,47.71,20.0721,27.6379,0.028788,0.0,0.095807,3,False
random,TMB,2026-10-06,2026-10-07,878.95,2026-10-09,874.8,TIME,1,-4.15,19.6329,-23.7829,-0.026999,-0.032368,0.001195,3,False
random,JIOFIN,2024-01-01,2024-01-02,234.0859,2024-01-24,238.8174,TIME,4,18.9261,19.9222,-0.9961,-0.001062,-0.00617,0.103617,16,False
random,GENUSPOWER,2026-10-05,2026-10-06,281.05,2026-10-09,296.55,TIME,3,46.5,19.5848,26.9152,0.031853,0.0,0.093044,4,False
random,CONSUMBEES,2026-10-08,2026-10-09,121.38,2026-10-09,121.95,TIME,8,4.56,20.0395,-15.4795,-0.015906,0.0,0.0,1,False
random,OMINFRAL,2026-10-07,2026-10-08,72.45,2026-10-09,69.59,TIME,13,-37.18,19.8312,-57.0112,-0.060399,-0.060455,0.0,2,False
random,DAVANGERE,2026-10-06,2026-10-07,2.27,2026-10-09,2.26,TIME,439,-4.39,20.1289,-24.5189,-0.024551,-0.017621,0.048458,3,False
random,HDFCSENSEX,2026-10-08,2026-10-09,82.07,2026-10-09,82.48,TIME,12,4.92,20.0985,-15.1785,-0.015378,0.0,0.0,1,False
random,WELSPUNLIV,2021-11-12,2021-11-15,138.2119,2021-11-22,128.5371,STOP,7,-67.7238,19.8773,-87.6011,-0.090348,-0.129181,0.008185,5,False
random,ZODIACLOTH,2026-10-07,2026-10-08,67.71,2026-10-09,65.31,TIME,14,-33.6,19.8642,-53.4642,-0.056277,-0.048737,0.00384,2,False
random,SBIBPB,2026-10-07,2026-10-08,47.13,2026-10-09,47.29,TIME,21,3.36,20.1159,-16.7559,-0.016893,-0.012519,0.005941,2,False
random,COROMANDEL,2021-07-28,2021-07-29,838.7092,2021-08-10,779.9995,STOP,1,-58.7096,19.3519,-78.0615,-0.09287,-0.0752,0.062629,9,False
random,KWIL,2026-10-08,2026-10-09,37.0,2026-10-09,37.36,TIME,26,9.36,20.0111,-10.6511,-0.011048,0.0,0.0,1,False
random,GUJAPOLLO,2026-10-07,2026-10-08,340.05,2026-10-09,326.5,TIME,2,-27.1,18.7465,-45.8465,-0.067264,-0.045434,0.0,2,False
random,POCL,2026-10-08,2026-10-09,434.95,2026-10-09,441.2,TIME,2,12.5,19.6286,-7.1286,-0.008177,0.0,0.0,1,False
random,VRLLOG,2026-10-08,2026-10-09,284.5,2026-10-09,284.15,TIME,3,-1.05,19.5317,-20.5817,-0.024062,0.0,0.0,1,False
random,PATANJALI,2024-10-16,2024-10-17,577.3753,2024-10-24,582.1514,MOMENTUM_FAIL,1,4.7761,18.3777,-13.6016,-0.023506,-0.035326,0.025439,6,False
random,ESSARSHPNG,2026-10-06,2026-10-07,17.0,2026-10-09,16.25,TIME,58,-43.5,20.0048,-63.5048,-0.064266,-0.064118,0.0,3,False
random,GTPL,2026-10-08,2026-10-09,55.1,2026-10-09,55.39,TIME,18,5.22,20.1285,-14.9085,-0.014999,0.0,0.0,1,False
random,BOHRAIND,2026-10-07,2026-10-08,13.88,2026-10-09,14.37,TIME,71,34.79,20.162,14.628,0.014811,0.0,0.051873,2,False
random,HEALTHCARE,2026-10-08,2026-10-09,20.69,2026-10-09,20.71,TIME,48,0.96,20.1254,-19.1654,-0.019256,0.0,0.0,1,False
random,ALLDIGI,2026-10-07,2026-10-08,782.3,2026-10-09,791.1,TIME,1,8.8,19.2511,-10.4511,-0.01333,-0.005113,0.018088,2,False
random,HDFCVALUE,2026-10-08,2026-10-09,117.56,2026-10-09,118.23,TIME,8,5.36,19.912,-14.552,-0.015439,0.0,0.0,1,False
random,TRF,2026-10-08,2026-10-09,192.73,2026-10-09,216.94,TIME,5,121.05,20.2455,100.8045,0.104379,0.0,0.0,1,False
random,DAVANGERE,2026-10-08,2026-10-09,2.28,2026-10-09,2.26,TIME,437,-8.74,20.1193,-28.8593,-0.028902,0.0,0.0,1,False
random,GSEC5IETF,2026-10-08,2026-10-09,65.82,2026-10-09,65.78,TIME,15,-0.6,20.0976,-20.6976,-0.020918,0.0,0.0,1,False
random,CONSUMER,2026-10-08,2026-10-09,11.21,2026-10-09,11.09,TIME,89,-10.68,20.121,-30.801,-0.030805,0.0,0.0,1,False
random,TVSELECT,2026-10-05,2026-10-06,395.15,2026-10-09,385.9,TIME,2,-18.5,19.2293,-37.7293,-0.047636,-0.045679,0.022523,4,False
random,FABTECH,2026-10-07,2026-10-08,141.14,2026-10-09,131.2602,STOP,7,-69.1586,19.9609,-89.1195,-0.090007,-0.071844,0.0,2,False
random,GLOTTIS,2026-10-05,2026-10-06,57.99,2026-10-09,55.61,TIME,17,-40.46,20.0102,-60.4702,-0.061206,-0.056734,0.028281,4,False
random,VISACHROME,2026-10-06,2026-10-07,36.0,2026-10-08,33.48,STOP,27,-68.04,19.8957,-87.9357,-0.090271,-0.111111,0.005556,2,False
random,DEEDEV,2026-10-06,2026-10-07,651.0,2026-10-09,605.43,STOP,1,-45.57,18.586,-64.156,-0.098335,-0.082335,0.000691,3,False
random,JUBLPHARMA,2026-10-08,2026-10-09,940.4,2026-10-09,931.9,TIME,1,-8.5,19.8835,-28.3835,-0.030117,0.0,0.0,1,False
random,DELTACORP,2026-10-06,2026-10-07,84.23,2026-10-08,78.3339,STOP,11,-64.8571,19.7102,-84.5673,-0.091074,-0.081087,0.0,2,False
random,XCHANGING,2026-10-08,2026-10-09,59.58,2026-10-09,60.3,TIME,16,11.52,19.9786,-8.4586,-0.008854,0.0,0.0,1,False
random,KNRCON,2026-10-06,2026-10-07,115.33,2026-10-09,112.92,TIME,8,-19.28,19.7865,-39.0665,-0.04225,-0.046215,0.001734,3,False
random,BAIDFIN,2026-10-05,2026-10-06,10.6,2026-10-06,9.858,STOP,94,-69.748,19.9952,-89.7432,-0.089871,0.0,0.0,1,False
random,TERAI,2026-10-08,2026-10-09,118.75,2026-10-09,139.1356,TARGET,8,163.0849,20.2734,142.8115,0.15,0.0,0.0,1,False
random,STANLEY,2026-10-06,2026-10-07,136.54,2026-10-08,126.9822,STOP,7,-66.9046,19.8295,-86.7341,-0.090549,-0.076461,0.0,2,False
random,AFFORDABLE,2026-10-07,2026-10-08,167.0,2026-10-09,159.8,TIME,5,-36.0,19.3824,-55.3824,-0.066182,-0.053892,0.0,2,False
random,MUFIN,2026-10-07,2026-10-08,135.5,2026-10-09,130.42,TIME,7,-35.56,19.8626,-55.4226,-0.058304,-0.040517,0.0,2,False
random,JSLL,2026-10-05,2026-10-06,450.95,2026-10-07,419.3835,STOP,2,-63.133,19.6097,-82.7427,-0.091542,-0.096907,0.0,2,False
random,GESHIP,2021-07-23,2021-07-26,294.2206,2021-08-04,273.6251,STOP,3,-61.7863,19.5312,-81.3175,-0.091927,-0.07701,0.07517,8,False
random,UDS,2026-10-08,2026-10-09,208.9,2026-10-09,199.8,TIME,4,-36.4,19.3842,-55.7842,-0.066614,0.0,0.0,1,False
random,GROWWLIQID,2026-10-05,2026-10-06,111.03,2026-10-09,111.11,TIME,8,0.64,19.6819,-19.0419,-0.021391,0.0,0.000811,4,False
random,EQUAL200,2026-10-05,2026-10-06,13.07,2026-10-09,12.9,TIME,76,-12.92,20.0979,-33.0179,-0.033167,-0.026779,0.003826,4,False
random,SWELECTES,2026-10-05,2026-10-06,608.5,2026-10-09,618.05,TIME,1,9.55,18.5188,-8.9688,-0.014707,-0.058258,0.062859,4,False
random,PERNIASPOP,2026-10-06,2026-10-07,516.5,2026-10-09,521.65,TIME,1,5.15,18.1214,-12.9714,-0.025059,0.0,0.043756,3,False
random,JMFINANCIL,2018-04-16,2018-04-17,119.2451,2018-04-24,110.8657,MOMENTUM_FAIL,8,-67.035,19.8216,-86.8566,-0.09085,-0.08036,0.003604,6,False
random,INDOBORAX,2026-10-08,2026-10-09,482.2,2026-10-09,476.2,TIME,2,-12.0,19.9777,-31.9777,-0.033086,0.0,0.0,1,False
random,SANDUMA,2026-10-06,2026-10-07,182.88,2026-10-09,177.68,TIME,5,-26.0,19.7381,-45.7381,-0.049911,-0.043034,0.0,3,False
random,BANKBETA,2026-10-08,2026-10-09,56.68,2026-10-09,57.22,TIME,17,9.18,20.0173,-10.8373,-0.011223,0.0,0.0,1,False
random,MEDPLUS,2026-10-07,2026-10-08,645.0,2026-10-09,625.3,TIME,1,-19.7,18.6134,-38.3134,-0.059271,-0.040155,0.0,2,False
random,VAML,2026-07-16,2026-07-17,448.1002,2026-07-22,416.7332,STOP,2,-62.734,19.5864,-82.3204,-0.091655,-0.071836,0.0,4,False
random,AXISBANK,2022-11-03,2022-11-04,866.0361,2022-11-14,848.0975,MOMENTUM_FAIL,1,-17.9386,19.5503,-37.4889,-0.043193,-0.032221,0.013521,6,False
random,HEROMOTORS,2026-10-08,2026-10-09,164.7,2026-10-09,153.171,STOP,6,-69.174,19.9618,-89.1358,-0.090003,0.0,0.0,1,False
random,DCMFINSERV,2026-10-08,2026-10-09,4.89,2026-10-09,4.81,TIME,204,-16.32,20.1089,-36.4289,-0.036438,0.0,0.0,1,False
random,TARC,2026-10-06,2026-10-07,124.1,2026-10-09,115.413,STOP,8,-69.496,19.9805,-89.4765,-0.089929,-0.0834,0.0,3,False
random,ALANKIT,2026-10-08,2026-10-09,7.61,2026-10-09,7.49,TIME,131,-15.72,20.1074,-35.8274,-0.03586,0.0,0.0,1,False
random,PNGSREVA,2026-10-06,2026-10-07,551.45,2026-10-07,652.8132,TARGET,1,101.3632,18.4649,82.8983,0.15,0.0,0.0,1,False
random,GREENPANEL,2026-10-06,2026-10-07,159.92,2026-10-09,153.78,TIME,6,-36.84,19.9065,-56.7465,-0.059012,-0.047586,0.0,3,False
random,ARYAMAN,2026-10-07,2026-10-08,610.0,2026-10-09,623.75,TIME,1,13.75,18.5337,-4.7837,-0.007825,-0.016393,0.022951,2,False
random,BSE,2021-06-24,2021-06-25,92.288,2021-07-13,108.1766,TARGET,10,158.8851,20.1503,138.7347,0.15,0.0,0.257188,13,False
random,VAKRANGEE,2026-10-05,2026-10-06,5.23,2026-10-09,5.04,TIME,190,-36.1,20.0523,-56.1523,-0.056385,-0.061185,0.0,4,False
random,GICHSGFIN,2026-10-05,2026-10-06,134.28,2026-10-09,131.53,TIME,7,-19.25,19.8597,-39.1097,-0.041517,-0.02532,0.01132,4,False
random,RICOAUTO,2026-10-05,2026-10-06,120.35,2026-10-09,115.18,TIME,8,-41.36,19.9112,-61.2712,-0.0635,-0.05027,0.048525,4,False
random,CYBERTECH,2026-10-08,2026-10-09,130.6,2026-10-09,131.58,TIME,7,6.86,19.8041,-12.9441,-0.014128,0.0,0.0,1,False
random,DCBBANK,2026-10-06,2026-10-07,197.32,2026-10-09,203.79,TIME,5,32.35,20.1617,12.1883,0.012327,-0.008615,0.056152,3,False
random,FAIRCHEMOR,2026-10-08,2026-10-09,728.9,2026-10-09,748.7,TIME,1,19.8,19.0481,0.7519,0.001029,0.0,0.0,1,False
random,BFUTILITIE,2026-10-08,2026-10-09,474.15,2026-10-09,469.1,TIME,2,-10.1,19.9136,-30.0136,-0.031581,0.0,0.0,1,False
random,ELECON,2019-12-19,2019-12-20,16.4657,2020-01-08,19.2817,TARGET,60,168.9608,20.4456,148.5152,0.15,-0.019317,0.188707,13,False
random,NV20BEES,2026-10-05,2026-10-06,128.49,2026-10-09,132.49,TIME,7,28.0,19.7848,8.2152,0.009114,0.0,0.062339,4,False
random,BBNPPGOLD,2026-10-07,2026-10-08,142.3,2026-10-09,143.95,TIME,7,11.55,20.1595,-8.6095,-0.008624,-0.002108,0.014055,2,False
random,KMCSHIL,2026-10-06,2026-10-07,172.5,2026-10-09,169.77,TIME,5,-13.65,19.5441,-33.1941,-0.038402,-0.025507,0.075362,3,False
random,FERMENTA,2026-10-06,2026-10-07,569.05,2026-10-09,529.2165,STOP,1,-39.8335,18.2517,-58.0852,-0.101851,-0.098058,0.003339,3,False
random,BLACKROSE,2026-10-07,2026-10-08,112.9,2026-10-09,107.3,TIME,8,-44.8,19.6525,-64.4525,-0.071204,-0.05713,0.0,2,False
random,VEDL,2021-12-13,2021-12-14,182.2089,2021-12-20,169.4542,STOP,5,-63.7731,19.647,-83.4201,-0.091366,-0.082413,0.01061,5,False
random,SUBEXLTD,2026-10-07,2026-10-08,19.15,2026-10-09,19.18,TIME,52,1.56,20.1379,-18.5779,-0.018616,-0.058486,0.028721,2,False
random,SBIBPB,2026-10-05,2026-10-06,46.69,2026-10-09,47.29,TIME,21,12.6,20.0957,-7.4957,-0.007628,-0.012637,0.016706,4,False
random,GAIL,2023-05-19,2023-05-22,94.3252,2023-05-29,95.4481,MOMENTUM_FAIL,10,11.2292,19.9357,-8.7065,-0.00921,0.0,0.038095,6,False
random,NIRLON,2026-10-06,2026-10-07,615.9,2026-10-09,626.7,TIME,1,10.8,18.5526,-7.7526,-0.01256,-0.000649,0.02127,3,False
random,ABSLNN50ET,2026-10-05,2026-10-06,72.3,2026-10-09,72.02,TIME,13,-3.64,19.8913,-23.5313,-0.024981,-0.018672,0.039696,4,False
random,MGEL,2026-10-07,2026-10-08,15.83,2026-10-09,15.81,TIME,63,-1.26,20.1384,-21.3984,-0.02141,-0.007581,0.009476,2,False
random,EMULTIMQ,2026-10-07,2026-10-08,40.72,2026-10-09,39.91,TIME,24,-19.44,20.0169,-39.4569,-0.040286,-0.041749,0.0,2,False
random,KECL,2026-10-07,2026-10-08,130.95,2026-10-09,121.7835,STOP,7,-64.1655,19.6699,-83.8354,-0.091259,-0.087438,0.0,2,False
random,PALREDTEC,2026-10-06,2026-10-07,41.62,2026-10-09,42.02,TIME,23,9.2,19.9907,-10.7907,-0.011248,-0.056944,0.040365,3,False
random,PARADEEP,2025-12-29,2025-12-30,160.041,2026-01-06,155.3572,MOMENTUM_FAIL,6,-28.1028,19.9274,-48.0301,-0.049909,-0.034773,0.047519,6,False
random,SMALLCAP,2026-10-08,2026-10-09,47.59,2026-10-09,47.26,TIME,20,-6.6,19.9355,-26.5355,-0.027818,0.0,0.0,1,False
random,RGL,2026-10-06,2026-10-07,163.62,2026-10-09,160.74,TIME,6,-17.28,20.0401,-37.3201,-0.037932,-0.064234,0.036426,3,False
random,FILATFASH,2026-10-08,2026-10-09,0.18,2026-10-09,0.18,TIME,5543,0.0,20.1429,-20.1429,-0.020144,0.0,0.0,1,False
random,INDTERRAIN,2026-10-05,2026-10-06,29.04,2026-10-09,29.25,TIME,34,7.14,20.1136,-12.9736,-0.013111,0.0,0.019628,4,False
random,INDBANK,2026-10-08,2026-10-09,25.79,2026-10-09,25.58,TIME,38,-7.98,20.0518,-28.0318,-0.028541,0.0,0.0,1,False
random,MADHUCON,2026-10-08,2026-10-09,3.79,2026-10-09,4.11,TIME,263,84.16,20.3102,63.8498,0.063917,0.0,0.0,1,False
random,INDHOTEL,2024-04-03,2024-04-04,604.9853,2024-04-08,562.6363,STOP,1,-42.349,18.3983,-60.7473,-0.100192,-0.072796,0.017831,3,False
random,APTUS,2022-09-09,2022-09-12,334.1619,2022-09-15,310.7706,STOP,2,-46.7827,18.6567,-65.4394,-0.097702,-0.090396,0.00452,4,False
random,DDEVPLSTIK,2026-10-08,2026-10-09,246.5,2026-10-09,244.17,TIME,4,-9.32,20.0744,-29.3944,-0.029747,0.0,0.0,1,False
random,AVADHSUGAR,2026-10-06,2026-10-07,880.1,2026-10-09,945.75,TIME,1,65.65,19.7799,45.8701,0.052006,0.0,0.112146,3,False
random,VMM,2025-05-20,2025-05-21,121.9,2025-05-28,125.15,MOMENTUM_FAIL,8,26.0,20.1007,5.8993,0.006036,-0.027482,0.046924,6,False
random,PGEL,2026-03-25,2026-03-27,511.8082,2026-03-30,475.9816,STOP,1,-35.8266,18.0181,-53.8447,-0.104975,-0.08798,0.0,2,False
random,ENERGYAXIS,2026-10-06,2026-10-07,18.51,2026-10-09,17.98,TIME,53,-28.09,20.0152,-48.1052,-0.048928,-0.041059,0.024851,3,False
random,URBANCO,2025-11-20,2025-11-21,144.0,2025-11-28,135.03,MOMENTUM_FAIL,6,-53.82,19.4686,-73.2886,-0.08464,-0.065278,0.0,6,False
random,GLOBALE,2026-10-05,2026-10-06,10.3,2026-10-09,12.55,TARGET,96,216.0,20.545,195.455,0.197238,-0.017476,0.231068,4,False
random,SURANAT&P,2026-10-08,2026-10-09,15.68,2026-10-09,15.54,TIME,63,-8.82,20.0831,-28.9031,-0.029195,0.0,0.0,1,False
random,AONEGOLD,2026-10-05,2026-10-06,13.74,2026-10-09,13.84,TIME,72,7.2,20.1218,-12.9218,-0.013033,-0.007278,0.011645,4,False
random,PNC,2026-10-05,2026-10-06,17.22,2026-10-09,16.0146,STOP,57,-68.7078,19.9346,-88.6424,-0.090113,-0.070848,0.091754,4,False
random,MOGOLD,2026-10-07,2026-10-08,145.65,2026-10-09,146.45,TIME,6,4.8,19.6298,-14.8298,-0.016933,-0.006866,0.010642,2,False
random,NILAINFRA,2026-10-08,2026-10-09,6.48,2026-10-09,6.59,TIME,153,16.83,20.1506,-3.3206,-0.003342,0.0,0.0,1,False
random,PRADPME,2026-10-05,2026-10-06,475.0,2026-10-06,556.5425,TARGET,2,163.0849,20.2734,142.8115,0.15,0.0,0.0,1,False
random,SBIETFIT,2026-10-08,2026-10-09,312.48,2026-10-09,316.22,TIME,3,11.22,19.9111,-8.6911,-0.009251,0.0,0.0,1,False
random,BFUTILITIE,2026-10-08,2026-10-09,474.15,2026-10-09,469.1,TIME,2,-10.1,19.9136,-30.0136,-0.031581,0.0,0.0,1,False
random,SBIETFPB,2026-10-05,2026-10-06,270.78,2026-10-09,278.4,TIME,3,22.86,19.4066,3.4534,0.004242,0.0,0.03405,4,False
random,DWARKESH,2026-10-08,2026-10-09,44.6,2026-10-09,44.6,TIME,22,0.0,20.0731,-20.0731,-0.020413,0.0,0.0,1,False
random,RBA,2026-10-06,2026-10-07,95.39,2026-10-09,91.1,TIME,10,-42.9,19.8704,-62.7704,-0.06566,-0.056086,0.016878,3,False
random,BSE500IETF,2026-10-07,2026-10-08,37.36,2026-10-09,37.06,TIME,26,-7.8,20.0156,-27.8156,-0.028573,-0.042559,0.001338,2,False
random,DCMFINSERV,2026-10-07,2026-10-08,4.77,2026-10-09,4.81,TIME,209,8.36,20.1565,-11.7965,-0.011807,-0.004193,0.111111,2,False
random,MIRZAINT,2026-10-08,2026-10-09,27.46,2026-10-09,27.27,TIME,36,-6.84,20.0902,-26.9302,-0.027182,0.0,0.0,1,False
random,BRIGADE,2018-12-04,2018-12-05,98.1435,2018-12-10,90.9723,GAP_STOP,10,-71.7118,19.928,-91.6399,-0.09317,-0.086645,0.0,4,False
random,TENNIND,2026-02-05,2026-02-06,545.0,2026-02-27,581.3,TIME,1,36.3,18.3052,17.9948,0.032946,-0.040367,0.104587,16,False
random,CROMPTON,2024-03-26,2024-03-27,263.5549,2024-04-22,298.7604,TIME,3,105.6165,19.4836,86.1329,0.1087,-0.027675,0.142436,16,False
random,JAYNECOIND,2026-10-05,2026-10-06,91.0,2026-10-09,91.4,TIME,10,4.0,19.7806,-15.7806,-0.017303,-0.008022,0.054945,4,False
random,SKIPPER,2026-10-08,2026-10-09,517.5,2026-10-09,530.25,TIME,1,12.75,18.1411,-5.3911,-0.010395,0.0,0.0,1,False
random,MOREPENLAB,2026-10-05,2026-10-06,135.7,2026-10-09,129.55,TIME,7,-43.05,19.8532,-62.9032,-0.066076,-0.06308,0.110538,4,False
random,DIVIDEND,2026-10-06,2026-10-07,32.89,2026-10-09,33.36,TIME,30,14.1,20.125,-6.025,-0.006093,-0.002736,0.019763,3,False
random,AARTIPHARM,2026-10-06,2026-10-07,980.05,2026-10-08,911.4465,STOP,1,-68.6035,19.9285,-88.532,-0.090137,-0.114076,0.0,2,False
random,RAMAPHO,2026-10-08,2026-10-09,110.5,2026-10-09,109.52,TIME,9,-8.82,20.1113,-28.9313,-0.029028,0.0,0.0,1,False
random,GAEL,2026-10-06,2026-10-07,162.81,2026-10-09,163.43,TIME,6,3.72,20.0623,-16.3423,-0.016693,-0.040108,0.019593,3,False
random,BOROLTD,2026-10-07,2026-10-08,280.2,2026-10-09,270.2,TIME,3,-30.0,19.4183,-49.4183,-0.058661,-0.041399,0.0,2,False
random,SBFC,2026-10-05,2026-10-06,82.51,2026-10-09,84.4,TIME,12,22.68,20.1569,2.5231,0.002543,-0.032602,0.026906,4,False
random,GAJA,2026-10-08,2026-10-09,145.99,2026-10-09,147.07,TIME,6,6.48,19.6418,-13.1618,-0.014993,0.0,0.0,1,False
random,AONENIFTY,2026-10-08,2026-10-09,9.35,2026-10-09,8.6955,STOP,106,-69.377,19.9736,-89.3506,-0.089956,0.0,0.0,1,False
random,MOMETAL,2026-10-07,2026-10-08,12.6,2026-10-09,12.05,TIME,79,-43.45,20.0446,-63.4946,-0.063649,-0.057937,0.0,2,False
random,IKIO,2026-10-08,2026-10-09,181.05,2026-10-09,179.27,TIME,5,-8.9,19.7343,-28.6343,-0.031562,0.0,0.0,1,False
random,LICNFNHGP,2026-10-05,2026-10-06,261.09,2026-10-09,260.31,TIME,3,-2.34,19.2326,-21.5726,-0.027482,-0.042131,0.026466,4,False
random,MFML,2026-10-06,2026-10-07,19.46,2026-10-09,18.35,TIME,51,-56.61,20.0053,-76.6153,-0.077029,-0.060123,0.078109,3,False
random,TEXINFRA,2026-10-08,2026-10-09,120.2,2026-10-09,118.07,TIME,8,-17.04,19.9556,-36.9956,-0.038389,0.0,0.0,1,False
random,MIDHANI,2026-10-07,2026-10-08,453.8,2026-10-09,440.5,TIME,2,-26.6,19.7081,-46.3081,-0.050911,-0.043411,0.0,2,False
random,RADAAN,2026-10-08,2026-10-09,2.88,2026-10-09,2.89,TIME,346,3.46,20.1446,-16.6846,-0.016707,0.0,0.0,1,False
random,MSCI360,2026-10-08,2026-10-09,9.33,2026-10-09,9.43,TIME,106,10.6,20.1275,-9.5275,-0.009613,0.0,0.0,1,False
random,SVPGLOB,2026-10-05,2026-10-06,3.04,2026-10-08,2.8272,STOP,328,-69.7984,19.9982,-89.7966,-0.089859,-0.092105,0.085526,3,False
random,PACEDIGITK,2026-10-06,2026-10-07,167.0,2026-10-09,165.13,TIME,5,-9.35,19.4367,-28.7867,-0.0344,-0.035928,0.027305,3,False
random,LATENTVIEW,2026-10-05,2026-10-06,237.0,2026-10-09,232.01,TIME,4,-19.96,19.8922,-39.8522,-0.041947,-0.036414,0.033755,4,False
random,DWARKESH,2026-10-05,2026-10-06,45.15,2026-10-09,44.6,TIME,22,-12.1,20.0995,-32.1995,-0.032346,-0.031008,0.062016,4,False
random,RRECL,2026-10-06,2026-10-07,127.4,2026-10-09,132.05,TIME,7,32.55,19.7619,12.7881,0.014308,-0.056515,0.059655,3,False
random,SADBHAV,2026-10-06,2026-10-07,6.85,2026-10-09,6.3705,STOP,145,-69.5275,19.9824,-89.5099,-0.089922,-0.071533,0.024818,3,False
random,INDSWFTLAB,2026-10-06,2026-10-07,403.4,2026-10-08,375.162,STOP,2,-56.476,19.2217,-75.6977,-0.09362,-0.109197,0.0,2,False
random,OMAXE,2026-10-07,2026-10-08,105.8,2026-10-08,98.394,STOP,9,-66.654,19.8149,-86.4689,-0.090611,0.0,0.0,1,False
random,FAZE3Q,2026-10-07,2026-10-08,453.4,2026-10-08,421.662,STOP,2,-63.476,19.6297,-83.1057,-0.091447,0.0,0.0,1,False
random,HDFCPVTBAN,2026-10-05,2026-10-06,27.31,2026-10-09,27.74,TIME,36,15.48,20.1129,-4.6329,-0.004702,-0.015745,0.021604,4,False
random,ARROWGREEN,2026-10-06,2026-10-07,896.15,2026-10-09,833.4195,STOP,1,-62.7305,19.5862,-82.3167,-0.091656,-0.082073,0.004185,3,False
random,URBANCO,2025-10-27,2025-10-28,149.2,2025-11-10,138.756,STOP,6,-62.664,19.5823,-82.2463,-0.091674,-0.121046,0.068365,9,False
random,AUBANK,2020-10-26,2020-10-27,383.9302,2020-11-17,443.2755,TIME,2,118.6906,19.4139,99.2767,0.129008,-0.026474,0.17082,16,False
random,UGROCAP,2026-10-05,2026-10-06,82.7,2026-10-09,79.93,TIME,12,-33.24,20.0527,-53.2927,-0.053584,-0.048851,0.002418,4,False
random,BANKIETF,2026-10-07,2026-10-08,56.59,2026-10-09,56.85,TIME,17,4.42,20.0011,-15.5811,-0.016161,-0.008835,0.007068,2,False
random,RUSTOMJEE,2026-10-06,2026-10-07,370.4,2026-10-09,361.2,TIME,2,-18.4,19.0205,-37.4205,-0.050403,-0.040092,0.063445,3,False
random,NETF,2026-10-07,2026-10-08,245.53,2026-10-09,246.0,TIME,4,1.88,20.0808,-18.2008,-0.018492,-0.008268,0.003095,2,False
random,OAL,2026-10-05,2026-10-06,526.95,2026-10-09,518.0,TIME,1,-8.95,18.1368,-27.0868,-0.051291,-0.035962,0.004649,4,False
random,MOMENTUM30,2026-10-06,2026-10-07,29.74,2026-10-09,29.62,TIME,33,-3.96,20.0659,-24.0259,-0.024427,-0.033289,0.006725,3,False
random,PSUBNKBEES,2026-10-08,2026-10-09,90.69,2026-10-09,90.76,TIME,11,0.77,20.1438,-19.3738,-0.019378,0.0,0.0,1,False
random,A2ZINFRA,2026-10-08,2026-10-09,13.7,2026-10-09,14.0,TIME,72,21.6,20.139,1.461,0.001478,0.0,0.0,1,False
random,ELEVATE,2026-10-08,2026-10-09,331.0,2026-10-09,323.6,TIME,3,-22.2,20.0777,-42.2777,-0.042483,0.0,0.0,1,False
random,PNGJL,2026-10-07,2026-10-08,600.0,2026-10-09,599.95,TIME,1,-0.05,18.4634,-18.5134,-0.030788,-0.036167,0.024833,2,False
random,LTGILTBEES,2026-10-05,2026-10-06,28.49,2026-10-09,29.38,TIME,35,31.15,20.2038,10.9462,0.010953,0.0,0.038259,4,False
random,MUKESHB,2026-10-07,2026-10-09,123.0,2026-10-09,123.0,TIME,8,0.0,20.0849,-20.0849,-0.020367,0.0,0.0,1,False
random,MMFL,2026-10-08,2026-10-09,550.0,2026-10-09,552.15,TIME,1,2.15,18.2567,-16.1067,-0.029221,0.0,0.0,1,False
random,NAUKRI,2022-08-29,2022-08-30,823.8613,2022-09-07,822.8314,MOMENTUM_FAIL,1,-1.0299,19.4066,-20.4365,-0.024752,-0.014048,0.034405,6,False
random,NAM-INDIA,2018-02-28,2018-03-01,214.3846,2018-03-09,204.302,MOMENTUM_FAIL,4,-40.3304,19.4688,-59.7992,-0.069581,-0.064183,0.007746,6,False
random,BANK10ADD,2026-10-08,2026-10-09,16.19,2026-10-09,16.41,TIME,61,13.42,20.1274,-6.7074,-0.006777,0.0,0.0,1,False
random,NATHBIOGEN,2026-10-08,2026-10-09,136.0,2026-10-09,137.79,TIME,7,12.53,19.9753,-7.4453,-0.007804,0.0,0.0,1,False
random,VALIANTORG,2026-10-06,2026-10-07,496.8,2026-10-08,462.024,STOP,2,-69.552,19.9838,-89.5358,-0.089916,-0.103261,0.0,2,False
random,HUDCO,2019-05-06,2019-05-07,27.9881,2019-05-13,26.029,STOP,35,-68.571,19.9266,-88.4976,-0.090145,-0.07439,0.0,5,False
random,INFRABEES,2026-10-07,2026-10-08,905.74,2026-10-09,889.52,TIME,1,-16.22,19.7214,-35.9414,-0.039595,-0.030627,0.0,2,False
random,ARCIL,2026-10-05,2026-10-06,143.0,2026-10-09,150.54,TIME,6,45.24,19.645,25.595,0.029766,0.0,0.153147,4,False
random,DECNGOLD,2026-10-08,2026-10-09,192.0,2026-10-09,197.53,TIME,5,27.65,20.0399,7.6101,0.00791,0.0,0.0,1,False
random,SETFNIFBK,2026-10-06,2026-10-07,565.58,2026-10-09,568.75,TIME,1,3.17,18.3246,-15.1546,-0.026736,-0.012907,0.007108,3,False
random,FLEXIADD,2026-10-07,2026-10-08,9.46,2026-10-09,9.47,TIME,105,1.05,20.1263,-19.0763,-0.019163,-0.01797,0.01797,2,False
random,KMCSHIL,2026-10-08,2026-10-09,177.48,2026-10-09,169.77,TIME,5,-38.55,19.5985,-58.1485,-0.065384,0.0,0.0,1,False
random,PCJEWELLER,2026-10-08,2026-10-09,14.21,2026-10-09,14.81,TIME,70,42.0,20.2156,21.7844,0.021853,0.0,0.0,1,False
random,SBINMID150,2026-10-08,2026-10-09,21.61,2026-10-09,21.69,TIME,46,3.68,20.1349,-16.4549,-0.016517,0.0,0.0,1,False
random,JARO,2026-10-06,2026-10-07,416.0,2026-10-09,405.0,TIME,2,-22.0,19.3983,-41.3983,-0.049649,-0.04399,0.000601,3,False
random,IIFLCAPS,2026-10-06,2026-10-07,344.25,2026-10-09,343.75,TIME,2,-1.0,18.8351,-19.8351,-0.028746,-0.003631,0.010893,3,False
random,BLUEJET,2026-10-07,2026-10-08,543.95,2026-10-09,514.6,TIME,1,-29.35,18.167,-47.517,-0.087165,-0.057818,0.0,2,False
random,EASTWEST,2026-10-07,2026-10-08,2.36,2026-10-09,2.27,TIME,422,-37.98,20.0579,-58.0379,-0.058149,-0.055085,0.0,2,False
random,RTNPOWER,2026-10-05,2026-10-06,6.71,2026-10-09,6.54,TIME,148,-25.16,20.072,-45.232,-0.045448,-0.053651,0.007452,4,False
random,LAOPALA,2026-10-07,2026-10-08,155.5,2026-10-09,154.76,TIME,6,-4.44,19.8605,-24.3005,-0.025989,-0.022379,0.001286,2,False
random,AKUMS,2026-10-05,2026-10-06,802.0,2026-10-09,745.86,STOP,1,-56.14,19.2021,-75.3421,-0.093738,-0.076309,0.038653,4,False
random,INCREDIBLE,2026-10-08,2026-10-09,30.59,2026-10-09,31.45,TIME,32,27.52,20.1193,7.4007,0.007544,0.0,0.0,1,False
random,ESILVER,2026-10-05,2026-10-06,220.69,2026-10-09,219.07,TIME,4,-6.48,19.6442,-26.1242,-0.029529,-0.027369,0.0,4,False
random,NSLNISP,2024-04-09,2024-04-10,61.0,2024-05-06,64.1,TIME,16,49.6,20.1521,29.4479,0.030106,-0.018033,0.130328,16,False
random,SBISILVER,2026-10-08,2026-10-09,213.14,2026-10-09,215.06,TIME,4,7.68,19.5455,-11.8655,-0.013887,0.0,0.0,1,False
random,GENESYS,2026-10-06,2026-10-07,299.3,2026-10-08,278.349,STOP,3,-62.853,19.5934,-82.4464,-0.091621,-0.075844,0.0,2,False
random,HYBRIDETF,2026-10-06,2026-10-07,9.86,2026-10-09,9.73,TIME,101,-13.13,20.1082,-33.2382,-0.033304,-0.021298,0.0,3,False
random,AWHCL,2026-10-06,2026-10-07,357.1,2026-10-09,334.05,TIME,2,-46.1,18.8518,-64.9518,-0.090745,-0.068188,0.0,3,False
random,BLUEJET,2026-10-05,2026-10-06,535.05,2026-10-09,514.6,TIME,1,-20.45,18.1476,-38.5976,-0.071981,-0.042146,0.020465,4,False
random,V2RETAIL,2026-10-07,2026-10-08,162.0,2026-10-09,154.5,TIME,6,-45.0,19.9426,-64.9426,-0.066668,-0.067901,0.0,2,False
random,BRNL,2026-10-07,2026-10-08,15.8,2026-10-09,15.45,TIME,63,-22.05,20.0881,-42.1381,-0.042241,-0.03481,0.001266,2,False
random,BELLACASA,2026-10-08,2026-10-09,248.92,2026-10-09,251.41,TIME,4,9.96,20.1545,-10.1945,-0.010216,0.0,0.0,1,False
random,HGS,2026-10-08,2026-10-09,355.2,2026-10-09,355.55,TIME,2,0.7,18.9311,-18.2311,-0.025607,0.0,0.0,1,False
random,TEXMOPIPES,2026-10-05,2026-10-06,50.68,2026-10-09,51.21,TIME,19,10.07,20.0164,-9.9464,-0.010307,0.0,0.075375,4,False
random,CANHLIFE,2026-09-01,2026-09-02,154.18,2026-09-09,149.49,MOMENTUM_FAIL,6,-28.1399,19.7788,-47.9187,-0.051687,-0.039434,0.044558,6,False
random,UNIENTER,2026-10-06,2026-10-07,87.1,2026-10-09,87.2,TIME,11,1.1,19.9778,-18.8778,-0.01966,-0.023536,0.010333,3,False
random,SHADOWFAX,2026-10-08,2026-10-09,288.0,2026-10-09,294.85,TIME,3,20.55,19.62,0.93,0.001074,0.0,0.0,1,False
random,MOKSH,2026-10-05,2026-10-06,9.07,2026-10-09,8.89,TIME,110,-19.8,20.1024,-39.9024,-0.039907,-0.026461,0.074972,4,False
random,RUSTOMJEE,2026-10-05,2026-10-06,368.0,2026-10-09,361.2,TIME,2,-13.6,19.01,-32.61,-0.04421,-0.033832,0.07038,4,False
random,COASTCORP,2026-10-05,2026-10-06,36.2,2026-10-09,36.33,TIME,27,3.51,20.0642,-16.5542,-0.0169,-0.066022,0.033149,4,False
random,JAINREC,2026-06-03,2026-06-04,353.65,2026-06-11,328.8945,STOP,2,-49.511,18.8157,-68.3267,-0.096391,-0.146048,0.073943,6,False
random,GARFIBRES,2026-10-07,2026-10-08,773.75,2026-10-09,765.1,TIME,1,-8.65,19.1795,-27.8295,-0.035889,-0.026042,0.0,2,False
random,GLOTTIS,2026-10-07,2026-10-08,59.29,2026-10-09,55.1397,STOP,16,-66.4048,19.8004,-86.2052,-0.090674,-0.077416,0.0,2,False
random,BANSALWIRE,2026-10-08,2026-10-09,314.8,2026-10-09,315.8,TIME,3,3.0,19.9238,-16.9238,-0.017881,0.0,0.0,1,False
random,ASHOKAMET,2026-10-07,2026-10-08,14.81,2026-10-09,14.44,TIME,67,-24.79,20.0693,-44.8593,-0.04511,-0.026334,0.0,2,False
random,MID150CASE,2026-10-07,2026-10-08,11.07,2026-10-09,10.88,TIME,90,-17.1,20.102,-37.202,-0.037259,-0.02981,0.0,2,False
random,BESTAGRO,2026-10-05,2026-10-06,17.94,2026-10-09,16.6842,STOP,55,-69.069,19.9557,-89.0247,-0.090028,-0.073579,0.0,4,False
random,HEALTHADD,2026-10-05,2026-10-06,16.05,2026-10-09,16.02,TIME,62,-1.86,20.128,-21.988,-0.022048,-0.01433,0.039875,4,False
random,SNXT30BEES,2026-10-05,2026-10-06,39.94,2026-10-09,39.52,TIME,24,-10.08,19.9569,-30.0369,-0.031267,-0.029294,0.003255,4,False
random,UDS,2026-10-08,2026-10-09,208.9,2026-10-09,199.8,TIME,4,-36.4,19.3842,-55.7842,-0.066614,0.0,0.0,1,False
random,PGEL,2021-05-14,2021-05-17,32.4548,2021-05-25,39.2264,TARGET,30,203.1482,20.4548,182.6934,0.18723,-0.052316,0.208648,7,False
random,SILVERTUC,2026-10-05,2026-10-06,139.0,2026-10-08,129.27,STOP,7,-68.11,19.8998,-88.0098,-0.090255,-0.100719,0.031295,3,False
random,NAM-INDIA,2020-06-16,2020-06-17,226.0371,2020-06-23,265.0331,TARGET,4,155.9841,20.0653,135.9188,0.15,0.0,0.184477,5,False
random,SAIPARENT,2026-10-05,2026-10-06,502.9,2026-10-09,493.9,TIME,1,-9.0,18.0351,-27.0351,-0.053641,-0.035594,0.0517,4,False
random,CSLFINANCE,2026-10-08,2026-10-09,203.01,2026-10-09,203.28,TIME,4,1.08,19.361,-18.281,-0.022463,0.0,0.0,1,False
random,SILVERAXIS,2026-10-08,2026-10-09,216.15,2026-10-09,217.9,TIME,4,7.0,19.595,-12.595,-0.014536,0.0,0.0,1,False
random,DANGEE,2026-10-05,2026-10-06,2.98,2026-10-09,3.2,TIME,334,73.48,20.2823,53.1977,0.053331,0.0,0.107383,4,False
random,BALKRISHNA,2026-10-06,2026-10-07,16.06,2026-10-09,15.9,TIME,62,-9.92,20.1142,-30.0342,-0.030097,-0.028643,0.019925,3,False
random,SUMICHEM,2024-08-16,2024-08-19,536.6119,2024-09-09,529.4437,TIME,1,-7.1681,18.1812,-25.3494,-0.047137,-0.069852,0.052597,16,False
random,WCIL,2026-10-08,2026-10-09,92.8,2026-10-09,97.52,TIME,10,47.2,19.9445,27.2555,0.029306,0.0,0.0,1,False
random,DANGEE,2026-10-07,2026-10-08,3.3,2026-10-08,3.069,STOP,302,-69.762,19.996,-89.758,-0.089868,0.0,0.0,1,False
random,CPL,2026-10-05,2026-10-06,62.04,2026-10-09,61.04,TIME,16,-16.0,20.0888,-36.0888,-0.036277,-0.044487,0.011444,4,False
random,63MOONS,2026-10-05,2026-10-06,787.0,2026-10-09,766.3,TIME,1,-20.7,19.2109,-39.9109,-0.050602,-0.035388,0.025032,4,False
random,SWANCORP,2021-12-01,2021-12-02,119.2054,2021-12-15,139.6615,TARGET,8,163.6491,20.2899,143.3592,0.15,-0.00335,0.253769,10,False
random,HDFCSENSEX,2026-10-06,2026-10-07,82.02,2026-10-09,82.48,TIME,12,5.52,20.0971,-14.5771,-0.014778,-0.011217,0.031943,3,False
random,PRADPME,2026-10-07,2026-10-08,609.05,2026-10-09,635.35,TIME,1,26.3,18.5552,7.7448,0.012688,-0.03489,0.059026,2,False
random,OMNI,2026-10-07,2026-10-08,662.45,2026-10-09,616.0785,STOP,1,-46.3715,18.6327,-65.0042,-0.097913,-0.09012,0.0,2,False
random,CONS,2026-10-05,2026-10-06,11.32,2026-10-09,11.26,TIME,88,-5.28,20.1255,-25.4055,-0.025448,-0.021201,0.004417,4,False
random,STEELCAS,2026-10-07,2026-10-08,371.4,2026-10-09,356.5,TIME,2,-29.8,19.0058,-48.8058,-0.065562,-0.05587,0.0,2,False
random,SPAL,2026-10-07,2026-10-08,958.5,2026-10-09,913.6,TIME,1,-44.9,19.8858,-64.7858,-0.067443,-0.055816,0.0,2,False
random,TRIVENI,2026-10-07,2026-10-08,245.0,2026-10-09,235.67,TIME,4,-37.32,19.992,-57.312,-0.058354,-0.043551,0.0,2,False
random,DECCANCE,2026-10-05,2026-10-06,555.3,2026-10-09,547.75,TIME,1,-7.55,18.2594,-25.8094,-0.046377,-0.044931,0.005132,4,False
random,SIRCA,2026-10-05,2026-10-06,403.8,2026-10-09,402.7,TIME,2,-2.2,19.3356,-21.5356,-0.026608,-0.012135,0.035166,4,False
random,CIFL,2026-10-05,2026-10-06,20.99,2026-10-09,19.5207,STOP,47,-69.0571,19.955,-89.0121,-0.090031,-0.080515,0.017151,4,False
random,ZODIACLOTH,2026-10-07,2026-10-08,67.71,2026-10-09,65.31,TIME,14,-33.6,19.8642,-53.4642,-0.056277,-0.048737,0.00384,2,False
random,PANACEABIO,2026-10-08,2026-10-09,345.05,2026-10-09,345.25,TIME,2,0.4,18.8447,-18.4447,-0.026669,0.0,0.0,1,False
random,KSB,2020-01-30,2020-01-31,135.8634,2020-02-24,130.8517,TIME,7,-35.0816,19.8743,-54.9559,-0.057659,-0.058185,0.056515,16,False
random,INDGN,2026-10-05,2026-10-06,595.0,2026-10-09,580.1,TIME,1,-14.9,18.412,-33.312,-0.055864,-0.03958,0.028571,4,False
random,SURYODAY,2026-10-07,2026-10-08,155.8,2026-10-09,147.93,TIME,6,-47.22,19.781,-67.001,-0.071518,-0.056483,0.0,2,False
random,PCJEWELLER,2026-10-07,2026-10-08,13.49,2026-10-09,14.81,TIME,73,96.36,20.2844,76.0756,0.077084,0.0,0.111935,2,False
random,GLOBE,2026-10-08,2026-10-09,2.04,2026-10-09,2.07,TIME,489,14.67,20.172,-5.502,-0.005503,0.0,0.0,1,False
random,GSEC10YEAR,2026-10-08,2026-10-09,29.77,2026-10-09,30.6,TIME,33,27.39,20.134,7.256,0.00737,0.0,0.0,1,False
random,VIDYAWIRES,2026-10-05,2026-10-06,92.0,2026-10-09,98.06,TIME,10,60.6,19.9381,40.6619,0.044101,0.0,0.13913,4,False
random,MAHESHWARI,2026-10-05,2026-10-06,72.48,2026-10-09,71.1,TIME,13,-17.94,19.872,-37.812,-0.040042,-0.054636,0.0,4,False
random,BHAGYANGR,2026-10-05,2026-10-06,417.9,2026-10-07,454.55,TIME,2,73.3,19.6084,53.6916,0.0641,0.0,0.0877,2,False
random,NAUKRI,2018-09-03,2018-09-04,323.704,2018-09-11,315.2455,MOMENTUM_FAIL,3,-25.3755,19.9788,-45.3543,-0.046602,-0.04578,0.00621,6,False
random,CIFL,2026-10-07,2026-10-08,21.35,2026-10-08,19.8555,STOP,46,-68.747,19.9369,-88.6839,-0.090103,0.0,0.0,1,False
random,ETERNAL,2026-08-27,2026-08-28,329.1,2026-09-04,322.75,MOMENTUM_FAIL,3,-19.05,20.06,-39.1101,-0.039527,-0.040413,0.011699,6,False
random,ABANSENT,2026-10-06,2026-10-07,27.51,2026-10-09,30.17,TIME,36,95.76,20.3067,75.4533,0.076022,-0.035623,0.123228,3,False
random,SPLPETRO,2026-10-06,2026-10-07,817.25,2026-10-09,788.55,TIME,1,-28.7,19.3224,-48.0224,-0.058633,-0.051392,0.0,3,False
random,SONATSOFTW,2026-10-06,2026-10-07,252.0,2026-10-09,239.15,TIME,3,-38.55,19.0437,-57.5937,-0.076016,-0.055556,0.026984,3,False
random,AGROPHOS,2026-10-07,2026-10-08,22.75,2026-10-09,22.91,TIME,43,6.88,20.0746,-13.1946,-0.013459,-0.032527,0.014945,2,False
random,DGCONTENT,2026-10-06,2026-10-07,24.98,2026-10-08,23.2314,STOP,39,-68.1954,19.9047,-88.1001,-0.090234,-0.071257,0.0,2,False
random,HCL-INSYS,2026-10-05,2026-10-06,9.92,2026-10-09,10.0,TIME,100,8.0,20.135,-12.135,-0.012206,-0.001008,0.03629,4,False
random,SWELECTES,2026-10-07,2026-10-08,610.0,2026-10-09,618.05,TIME,1,8.05,18.5221,-10.4721,-0.01713,-0.060574,0.060246,2,False
random,IVALUE,2026-10-08,2026-10-09,230.02,2026-10-09,232.43,TIME,4,9.64,19.8346,-10.1946,-0.011056,0.0,0.0,1,False
random,LOKESHMACH,2026-10-08,2026-10-09,455.2,2026-10-09,450.75,TIME,2,-8.9,19.756,-28.656,-0.031408,0.0,0.0,1,False
random,RAJMET,2026-10-07,2026-10-08,3.11,2026-10-09,3.08,TIME,320,-9.6,20.1126,-29.7126,-0.029791,-0.016077,0.003215,2,False
random,GTLINFRA,2026-10-07,2026-10-08,1.07,2026-10-09,1.06,TIME,932,-9.32,20.1218,-29.4418,-0.029459,-0.018692,0.009346,2,False
random,ALGOQUANT,2026-10-07,2026-10-08,70.2,2026-10-09,67.25,TIME,14,-41.3,19.9957,-61.2957,-0.062232,-0.05698,0.0,2,False
random,AEGISLOG,2026-03-06,2026-03-09,656.5019,2026-03-12,610.5467,STOP,1,-45.9551,18.6085,-64.5636,-0.09813,-0.093485,0.0075,4,False
random,EFCIL,2026-10-06,2026-10-07,171.24,2026-10-09,169.35,TIME,5,-9.45,19.526,-28.976,-0.033769,-0.032995,0.01495,3,False
random,SBICARD,2024-01-18,2024-01-19,747.9102,2024-01-30,705.3916,MOMENTUM_FAIL,1,-42.5186,19.0014,-61.52,-0.082076,-0.060093,0.009927,6,False
random,AVL,2026-10-07,2026-10-08,620.0,2026-10-09,576.6,STOP,1,-43.4,18.4595,-61.8595,-0.099556,-0.072258,0.0,2,False
random,SHADOWFAX,2026-10-07,2026-10-08,293.5,2026-10-09,294.85,TIME,3,4.05,19.6561,-15.6061,-0.017685,-0.025043,0.026405,2,False
