strategy,symbol,signal_date,entry_date,entry_px,exit_date,exit_px,exit_reason,shares,gross_pnl,costs,net_pnl,net_pnl_pct,mae,mfe,sessions_held,ambiguous,D0_date,R20,rvol20_d0,atr14_d0,retention_d0,closing_range_d0,penetration_d0,closing_disp_d0,efficiency_d0,stop_distance,pullback_days,filter_incomplete,filters
aae_acceptance,360ONE,2020-11-17,2020-11-18,213.7575,2020-11-25,206.4245,MOMENTUM_FAIL,4,-29.3319,19.4806,-48.8125,-0.056964,-0.053608,0.012152,6,False,2020-11-13,203.95518220357008,2.754131328914465,6.763765416948755,0.8524995748931832,0.9172507661490524,0.6321619988624877,0.5389178352938958,0.3104402865910533,0.050351625903030606,2,True,
aae_acceptance,360ONE,2024-02-14,2024-02-15,695.1363,2024-02-22,691.7192,MOMENTUM_FAIL,1,-3.4171,18.8582,-22.2753,-0.031975,-0.037851,0.046208,6,False,2024-02-13,658.3781979759046,3.0276937475028736,24.075488571578575,0.7336148382342118,0.8763496313333689,0.9590573905164144,0.7035787324010246,0.5819604003534984,0.047504805184836074,1,True,
aae_acceptance,AARTIIND,2022-08-02,2022-08-03,802.1054,2022-08-11,804.919,MOMENTUM_FAIL,1,2.8136,19.3226,-16.509,-0.020537,-0.017846,0.020862,6,False,2022-08-01,771.7981975479853,2.5783089210961108,21.245196009158136,0.7532224769431817,0.7747895056460086,1.2615874018524642,0.9502559877036263,0.3991961327698042,0.028066943748997573,1,True,
aae_acceptance,AARTIIND,2023-11-08,2023-11-09,511.8697,2023-11-17,523.5483,MOMENTUM_FAIL,1,11.6786,18.1151,-6.4365,-0.012547,-0.025534,0.038447,6,False,2023-11-06,492.48825275421757,15.80654677701216,13.788382919045656,0.7967030637610351,0.9043924795879265,1.3119317062668252,1.045220009828022,0.2255114240319144,0.03822763623952769,2,True,
aae_acceptance,AARTIIND,2024-04-12,2024-04-15,735.5021,2024-04-15,721.4019,STOP,1,-14.1003,19.0069,-33.1072,-0.044915,0.0,0.0,1,False,2024-04-10,712.8903976487901,5.198766233568261,21.109173038443064,0.6859208519680992,0.8066663953993053,1.3042527967991588,0.8946141895622552,0.3310309155148656,0.033472998641083614,1,True,
aae_acceptance,AARTIIND,2024-07-31,2024-08-01,752.4443,2024-08-02,727.8513,STOP,1,-24.5929,19.0571,-43.65,-0.057884,-0.036246,0.0,2,False,2024-07-30,724.4696599739832,3.37157939950162,22.73031753691764,0.7931563938932755,0.8951606684331851,0.8256594967263126,0.6548771090071789,0.3506756682644152,0.02351274138991171,1,True,
aae_acceptance,AARTIIND,2026-08-13,2026-08-14,537.1322,2026-08-14,523.7972,STOP,1,-13.3351,18.1709,-31.5059,-0.058528,0.0,0.0,1,False,2026-08-12,515.9244230160481,3.6419157919560075,16.04109978828626,0.8181829248846907,0.8991877858231705,1.0607840667893678,0.8679154104368021,0.4373344488911495,0.024826478835441406,1,True,
aae_acceptance,ABCAPITAL,2018-07-26,2018-07-27,144.0,2018-08-20,143.85,TIME,6,-0.9,19.5764,-20.4763,-0.023648,-0.034722,0.058333,16,False,2018-07-24,136.10000610351562,3.027213386725568,3.996178036632493,0.8297864742110065,0.9234446616855345,1.1761230118272683,0.9759309672225789,0.839030826392774,0.04440486422289226,2,True,
aae_acceptance,ABCAPITAL,2022-01-04,2022-01-05,130.7,2022-01-19,125.8802,STOP,7,-33.7383,19.7244,-53.4627,-0.058308,-0.052028,0.065034,11,False,2022-01-03,127.5,2.2946654044921457,4.619765734976715,0.6949170076190575,0.8604659965413395,0.6385598572471892,0.44374610518386925,0.5329779520127201,0.03834803720327218,1,True,
aae_acceptance,ABCAPITAL,2022-07-29,2022-08-01,107.05,2022-08-08,106.8,MOMENTUM_FAIL,9,-2.25,19.9935,-22.2435,-0.023037,-0.03503,0.023821,6,False,2022-07-22,101.0,4.3273091955360155,3.0449832103203005,0.6749992370605469,0.7045448634252155,1.313636143031226,0.886703394321237,0.2808009262043337,0.05078356389569963,5,True,
aae_acceptance,ABCAPITAL,2022-11-28,2022-11-29,137.15,2022-12-06,160.6702,TARGET,7,164.6413,20.319,144.3223,0.15,0.0,0.17572,6,False,2022-11-25,133.5,3.4362400461444302,3.6594237718236844,0.720001220703125,0.9007096957117411,0.6831676667920091,0.4918815540351523,0.5049843777615354,0.021586579362952833,1,True,
aae_acceptance,ABCAPITAL,2023-03-03,2023-03-06,155.45,2023-03-13,149.6286,STOP,6,-34.9281,19.7972,-54.7253,-0.058546,-0.05661,0.025089,5,False,2023-03-01,149.3000030517578,2.579119475091637,4.215309018068524,0.843749850988246,0.9300698703748757,0.7591369777460449,0.6405217118528928,0.5656838842231906,0.03184314205677638,2,True,
aae_acceptance,ABCAPITAL,2023-06-28,2023-06-30,192.1,2023-07-07,189.25,MOMENTUM_FAIL,5,-14.25,19.9566,-34.2067,-0.035536,-0.023425,0.03748,6,False,2023-06-27,183.60000610351562,7.175108668347543,5.629836649850832,0.8969071840603807,0.9259259259259259,1.7229624146375897,1.5453373675544748,0.2735508830682387,0.03106203592623598,1,True,
aae_acceptance,ABCAPITAL,2025-05-21,2025-05-22,222.0,2025-05-29,221.27,MOMENTUM_FAIL,4,-2.92,19.6736,-22.5936,-0.025388,-0.021892,0.009459,6,False,2025-05-14,210.10000610351562,5.657547638064373,8.106032169586411,0.8321533099540076,0.8813436018362892,1.2200789711587152,1.0152927542550052,0.29306422416170796,0.04818938499793307,5,True,
aae_acceptance,ABCAPITAL,2025-11-03,2025-11-04,335.4,2025-11-12,329.6,MOMENTUM_FAIL,2,-11.6,18.7388,-30.3388,-0.045129,-0.038163,0.029815,6,False,2025-10-30,318.29998779296875,6.543683500411125,8.112494229516361,0.8095238095238095,0.895833233992164,1.294299842062997,1.0477665388129023,0.3014000334638502,0.04229565645786652,2,True,
aae_acceptance,ABCAPITAL,2026-06-24,2026-06-25,397.55,2026-07-03,401.25,MOMENTUM_FAIL,2,7.4,19.3023,-11.9023,-0.014937,-0.033958,0.01874,6,False,2026-06-22,377.25,3.305371418502102,11.38281323462978,0.9392982709298993,0.9467797554833316,1.3748792652481208,1.29142171658493,0.4265850730039254,0.04016833407257448,2,True,
aae_acceptance,ABDL,2025-10-21,2025-10-23,604.5653,2025-11-14,644.321,TIME,1,39.7558,18.5637,21.1921,0.034977,-0.013693,0.14267,16,False,2025-10-20,557.1756013007247,4.350644316783843,18.45416889920542,0.733981012326709,0.8204463642908559,1.3833677030767488,1.0153656271243463,0.3630407591666718,0.037488734494016074,1,True,
aae_acceptance,ABREL,2021-09-23,2021-09-24,926.7631,2021-10-01,902.4368,MOMENTUM_FAIL,1,-24.3263,19.7937,-44.12,-0.047503,-0.034006,0.029756,6,False,2021-09-22,871.5120085662909,3.2589701333902283,31.49323259614059,0.6815852899998771,0.8521376436808688,1.2227525849635608,0.833410175220488,0.658753036463194,0.03337511805322936,1,True,
aae_acceptance,ABREL,2022-04-11,2022-04-12,918.8843,2022-04-13,884.6482,STOP,1,-34.2361,19.7402,-53.9764,-0.058613,-0.043891,0.0,2,False,2022-04-07,877.4211914389498,3.985187731434999,36.32615209142924,0.8065690565523436,0.8883425443254886,1.11429866426483,0.8987588223536206,0.4333620877606762,0.04239020474700187,2,True,
aae_acceptance,ABREL,2022-06-03,2022-06-06,858.8071,2022-06-07,828.2564,STOP,1,-30.5506,19.4941,-50.0447,-0.058145,-0.056135,0.0,2,False,2022-06-02,820.8895993111763,6.033878578674029,38.42654411829291,0.7603609332276835,0.8427896970317859,1.4224646625060369,1.0815865582664919,0.29733767165108166,0.05412210085478317,1,True,
aae_acceptance,ABREL,2022-09-12,2022-09-13,930.4133,2022-09-15,884.2735,STOP,1,-46.1398,19.7647,-65.9045,-0.070679,-0.062716,0.004202,3,False,2022-09-08,882.5539107960224,5.609389256662375,27.773205789601928,0.8437497656823739,0.8870821543489917,1.425622347307027,1.20286852149186,0.27257463740691534,0.04715769134206935,2,True,
aae_acceptance,ABREL,2023-05-05,2023-05-08,719.6239,2023-05-29,787.528,TIME,1,67.9041,19.1068,48.7972,0.067661,0.0,0.139959,16,False,2023-05-04,688.7404298541665,3.7167757670627486,20.820939448820095,0.8307698109276208,0.8927873712965411,0.7725484549769238,0.6418099338736045,0.24814482746410044,0.02083653946565795,1,True,
aae_acceptance,ABREL,2023-07-04,2023-07-05,871.0716,2023-07-26,994.1891,TIME,1,123.1176,19.8588,103.2588,0.118284,0.0,0.154249,16,False,2023-06-30,840.0891772239676,7.578849590813678,23.11588888042495,0.5089461865468409,0.8277547559783853,1.0769550671364616,0.5481121745013992,0.34832977607398063,0.048341093565677444,2,True,
aae_acceptance,ABSLAMC,2024-08-21,2024-08-22,734.5999,2024-08-23,703.2228,STOP,1,-31.377,18.9679,-50.345,-0.068384,-0.053897,0.0,2,False,2024-08-20,684.5631787712191,3.186748335725265,24.122908518638827,0.8941183265052962,0.9046364083195372,1.3382194947178905,1.1965265751139234,0.45328070272407334,0.04128811668759918,1,True,
aae_acceptance,ABSLAMC,2025-05-19,2025-05-20,695.0072,2025-05-27,686.557,MOMENTUM_FAIL,1,-8.4502,18.8474,-27.2976,-0.039191,-0.047814,0.003962,6,False,2025-05-16,660.9215169730223,2.54054184921547,25.798378163833327,0.7596165124027117,0.8856706891578803,0.5741330220571133,0.43612092387025353,0.4114140796489734,0.03862201331599672,1,True,
aae_acceptance,ABSLAMC,2025-07-16,2025-07-17,827.8847,2025-07-24,854.146,MOMENTUM_FAIL,1,26.2613,19.4792,6.7821,0.008174,-0.013476,0.047806,6,False,2025-07-10,796.0776512883351,3.6098635491371986,23.931398955533144,0.7203631864486799,0.8753378434259053,0.6526451698432445,0.4701415541686196,0.3637872328156399,0.04625007568345946,4,True,
aae_acceptance,ABSLAMC,2026-02-12,2026-02-13,847.4147,2026-03-04,828.4836,STOP,1,-18.9311,19.4696,-38.4007,-0.045216,-0.027226,0.075922,13,False,2026-02-11,829.7083858833341,2.19771857898045,26.85436500578963,0.5073500471326688,0.713265768118972,0.7410815090222289,0.37598773853157724,0.3686112303405747,0.025425143829901194,1,True,
aae_acceptance,ACE,2022-08-17,2022-08-18,243.8501,2022-08-19,236.8897,STOP,4,-27.8416,19.9919,-47.8335,-0.048933,-0.050813,0.008943,2,False,2022-08-16,236.8121784632501,3.3570377097628086,8.042096216536061,0.8055551042095146,0.9574469861335152,0.44372936882481734,0.35744845794449787,0.49751032561629616,0.029923983928825372,1,True,
aae_acceptance,ACE,2023-05-04,2023-05-05,439.9365,2023-05-09,430.6961,STOP,2,-18.4807,19.6076,-38.0883,-0.043194,-0.021786,0.02314,3,False,2023-05-03,430.6501131477985,2.091949294325942,14.363418650609054,0.7261897172699953,0.9115389310396638,0.5808355406178455,0.421796797021638,0.7420653606286173,0.02144559536778189,1,True,
aae_acceptance,ACE,2026-06-18,2026-06-19,976.2569,2026-07-13,983.8929,TIME,1,7.636,20.0677,-12.4318,-0.012706,-0.016001,0.070497,16,False,2026-06-17,951.2528446771424,2.8150507307472443,31.73288228769257,0.6740718708539981,0.875529633581619,0.4246457502918712,0.2862417553494413,0.35309715122042856,0.028956677040542517,1,True,
aae_acceptance,ACUTAAS,2021-12-30,2021-12-31,543.4334,2022-01-04,516.0837,STOP,1,-27.3497,18.1689,-45.5186,-0.083578,-0.058582,0.0,3,False,2021-12-29,504.90867414827284,5.234513143708721,27.211077872547957,0.6321578335877248,0.744414701123979,1.1608426307887338,0.7338357626156811,0.26577252930551054,0.04501614663637734,1,True,
aae_acceptance,ACUTAAS,2023-08-21,2023-08-22,660.8309,2023-08-29,654.6191,MOMENTUM_FAIL,1,-6.2118,18.7077,-24.9194,-0.037627,-0.07629,0.04448,6,False,2023-08-14,621.1751465235315,2.7924242744708203,21.252368077418193,0.8266447006631266,0.8943760505806843,1.4567510382120852,1.204215525923528,0.45636473373684566,0.04791905160546182,4,True,
aae_acceptance,ADANIENSOL,2020-10-09,2020-10-12,294.95,2020-10-19,289.1,MOMENTUM_FAIL,3,-17.55,19.6305,-37.1805,-0.041927,-0.030853,0.015426,6,False,2020-10-08,279.04998779296875,3.1128623946339595,11.979453985288467,0.5151539438477947,0.7473690635279605,0.41320849957854344,0.21286598818931649,0.2560986314353389,0.044102967974412155,1,True,
aae_acceptance,ADANIPORTS,2020-05-20,2020-05-21,308.7459,2020-05-22,297.3487,STOP,3,-34.1917,19.7714,-53.9631,-0.058133,-0.040232,0.0,2,False,2020-05-19,301.5927789637227,2.4013689410250207,15.42302960568814,0.8089897716324507,0.9278139035825457,0.5578073248921317,0.4512604203793939,0.6759850280243908,0.04985487200459061,1,True,
aae_acceptance,ADANIPORTS,2021-02-15,2021-02-16,608.7921,2021-03-03,719.0356,TARGET,1,110.2435,18.7251,91.5185,0.15,-0.001826,0.198714,12,False,2021-02-12,574.1862903532782,2.9437677469891317,22.05177340700576,0.817357432993962,0.8579453757562858,1.21203828121927,0.9906684982277963,0.3685475949771322,0.036265180222748085,1,True,
aae_acceptance,ADANIPORTS,2022-04-01,2022-04-04,769.9717,2022-04-27,863.7115,TIME,1,93.7399,19.372,74.3678,0.096374,0.0,0.168963,16,False,2022-03-29,731.0350704056644,2.3922593379735857,20.824927713324428,0.6886774932727452,0.8284226716228132,0.743208179363785,0.5118307459440522,0.4875020290362947,0.03652499899060344,3,True,
aae_acceptance,ADANIPORTS,2023-08-07,2023-08-08,783.2315,2023-08-16,765.8154,MOMENTUM_FAIL,1,-17.4161,19.2017,-36.6178,-0.04665,-0.028536,0.032819,6,False,2023-07-31,750.7181224063677,2.140486814937517,16.39311536362353,0.8880196664559663,0.9160145912309575,1.1557038120274432,1.026287713678499,0.6228815662780274,0.05597664079922931,5,True,
aae_acceptance,AEGISLOG,2020-01-15,2020-01-16,193.8384,2020-01-23,193.3306,MOMENTUM_FAIL,5,-2.5392,20.0172,-22.5564,-0.023223,-0.030252,0.038113,6,False,2020-01-14,186.5429046274623,2.9863197460604054,7.755898537265435,0.6949178843319191,0.8604659965413396,0.7025028544080228,0.48818179732235745,0.45851747502801143,0.04538563430087972,1,True,
aae_acceptance,AEGISLOG,2021-03-04,2021-03-05,311.6962,2021-03-05,293.9842,STOP,3,-53.1359,19.7702,-72.906,-0.077797,0.0,0.0,1,False,2021-03-01,296.9400010532489,2.120695570391249,12.379466925193816,0.8333333769498736,0.9340108128204732,0.29329505532258787,0.24441255889467217,0.48583281762697456,0.05272189376197033,3,True,
aae_acceptance,AFCONS,2025-05-16,2025-05-19,461.9808,2025-05-23,438.4666,STOP,2,-47.0283,19.7356,-66.764,-0.072101,-0.060897,0.00844,5,False,2025-05-13,446.4333211134127,5.4776243453278255,15.407539445208409,0.6121215336326681,0.8915250099311444,0.528567846002413,0.323547760523913,0.3111243619559025,0.04662058158920731,3,True,
aae_acceptance,AIIL,2025-08-28,2025-08-29,639.44,2025-09-01,608.3728,STOP,1,-31.0672,18.5667,-49.6339,-0.077452,-0.049825,0.013543,2,False,2025-08-26,611.0,2.7835422244106707,26.471007498631646,0.5237042462384259,0.6356943399814993,1.0199838446419427,0.5341698705335803,0.2269179297992707,0.04834693100016613,1,True,
aae_acceptance,AMBER,2019-04-02,2019-04-03,861.8585,2019-04-04,825.6186,STOP,1,-36.2399,19.4954,-55.7352,-0.064528,-0.051304,0.0,2,False,2019-04-01,828.0102230890333,2.2941627694807605,29.00015774123132,0.7984466068328364,0.8586938493893176,0.4434912284582238,0.3541040665225951,0.5342319500957904,0.033438956573344135,1,True,
aae_acceptance,AMBUJACEM,2018-07-31,2018-08-01,202.6692,2018-08-08,203.9497,MOMENTUM_FAIL,4,5.1219,19.3635,-14.2415,-0.017529,-0.031155,0.017865,6,False,2018-07-26,191.45396317614066,5.337148643206289,6.851583553093582,0.7486028424733517,0.808510638297872,1.15354952218187,0.8635504512391244,0.36344689212635223,0.04292885016536996,3,True,
aae_acceptance,AMBUJACEM,2020-10-08,2020-10-09,212.2303,2020-10-30,233.0003,TIME,4,83.0798,19.6837,63.3962,0.074516,-0.014162,0.123652,16,False,2020-10-07,204.33502995646336,4.868079803548983,6.428691513895237,0.7050001412407954,0.7686276903339465,1.395602060434247,0.9838996497220892,0.27235008062341914,0.03596920630410953,1,True,
aae_acceptance,ANANDRATHI,2023-07-10,2023-07-11,231.3039,2023-07-26,271.1156,TARGET,4,159.2467,20.1609,139.0857,0.15,-0.013847,0.175969,12,False,2023-07-05,219.5268245160111,6.694895165853584,4.093375869571056,0.6724993048328021,0.8402442001714938,1.2038059672282222,0.8095586761145583,0.3052267577453561,0.04253370671503138,3,True,
aae_acceptance,ANANTRAJ,2021-09-09,2021-09-13,70.4087,2021-09-14,66.3712,STOP,14,-56.5247,19.9771,-76.5018,-0.077441,-0.069522,0.0,2,False,2021-09-08,67.04649399000235,3.5253360117499297,3.426121785116791,0.9777763966974182,0.9876535767704898,0.6494198833201903,0.6349874334564733,0.2660882166729613,0.05601769931833777,1,True,
aae_acceptance,ANANTRAJ,2023-04-06,2023-04-10,135.1103,2023-05-03,137.0462,TIME,7,13.5508,19.9511,-6.4002,-0.006752,-0.021675,0.069067,16,False,2023-04-05,127.06923840913434,2.349298151894459,5.459368558927499,0.8833338728757253,0.9213486709854193,1.091036836685467,0.9637497943994537,0.5921224423136453,0.041448276517740267,1,True,
aae_acceptance,ANANTRAJ,2025-05-30,2025-06-02,563.5944,2025-06-02,538.9089,STOP,1,-24.6855,18.2595,-42.945,-0.076032,0.0,0.0,1,False,2025-05-29,530.2893486400156,3.085342807070646,22.012580145964403,0.701610546076701,0.8318167021780307,0.8425718565618943,0.5911573003912505,0.41330261298570437,0.03698482302510242,1,True,
aae_acceptance,ANGELONE,2023-06-07,2023-06-08,137.9849,2023-06-27,161.6344,TARGET,7,165.5464,20.3455,145.2009,0.15,-0.015329,0.187498,14,False,2023-06-06,132.96444502875488,3.495116764636944,4.545970495645978,0.8130001372066957,0.875250411244483,1.040882598945216,0.8462376957585227,0.38417558200015056,0.037620122507426926,1,True,
aae_acceptance,ANGELONE,2023-09-01,2023-09-04,184.4886,2023-09-05,178.5599,STOP,5,-29.6436,19.7646,-49.4082,-0.053445,-0.050698,0.0,2,False,2023-08-31,172.74923712508223,3.1245756498687305,5.844196041219324,0.8429569956654394,0.869053955010312,1.15950115975894,0.9774096141009888,0.4063710938503113,0.023165811727925072,1,True,
aae_acceptance,ANGELONE,2025-10-15,2025-10-16,239.3791,2025-10-24,246.688,MOMENTUM_FAIL,4,29.2356,20.0326,9.203,0.00959,0.0,0.04877,6,False,2025-10-14,232.1192311880107,4.068682647302445,6.93271690787598,0.5594207156651227,0.6529685853386648,0.9764307598995164,0.5462355945004271,0.22224895881976453,0.033546406041943866,1,True,
aae_acceptance,ANGELONE,2026-05-25,2026-05-26,345.9302,2026-06-02,331.6047,STOP,2,-28.6509,18.793,-47.444,-0.068425,-0.043516,0.009366,5,False,2026-05-21,333.9173218286396,3.5177267643534273,12.426624105705308,0.5628737458133324,0.7760738263829323,0.6698707842790137,0.37705267755804317,0.3341036179429513,0.03988971067353405,2,True,
aae_acceptance,ANURAS,2022-07-14,2022-07-15,735.4541,2022-08-05,761.9402,TIME,1,26.4861,19.0894,7.3968,0.010035,-0.017409,0.142038,16,False,2022-07-13,683.8432241683562,5.74755834760936,30.602179707788167,0.63776421013517,0.8402715621982592,0.841632681377761,0.536763202262833,0.2731156797536786,0.05808222086469128,1,True,
aae_acceptance,APLAPOLLO,2021-09-09,2021-09-13,931.4972,2021-09-21,894.153,STOP,1,-37.3442,19.7872,-57.1314,-0.061199,-0.083228,0.102004,7,False,2021-09-08,872.0012852032456,2.6977820720301726,31.860526230677756,0.6483516698658267,0.6476482225271604,1.5435608687382232,1.000770266785973,0.4278338478620824,0.03166355311532572,1,True,
aae_acceptance,APOLLOTYRE,2021-09-23,2021-09-24,223.6607,2021-09-24,217.6799,STOP,4,-23.9233,19.6589,-43.5821,-0.048608,0.0,0.0,1,False,2021-09-22,214.36503831350697,5.179092453990675,6.023667591484481,0.6854830979361727,0.8607145036969871,0.9664445503997677,0.6624814043915643,0.39126936991250827,0.02160628770204302,1,True,
aae_acceptance,APOLLOTYRE,2022-01-06,2022-01-07,215.4918,2022-01-14,217.4636,MOMENTUM_FAIL,4,7.8874,19.5857,-11.6983,-0.013542,-0.003268,0.034858,6,False,2022-01-04,208.82514528545673,2.060889096160668,5.602101680613177,0.5925937538087697,0.681160285626461,0.9050892919800114,0.5363502610665565,0.38224453141428105,0.026006952794542102,2,True,
aae_acceptance,APOLLOTYRE,2022-08-04,2022-08-05,223.0968,2022-08-30,240.5374,TIME,4,69.7625,19.8401,49.9224,0.055821,-0.034269,0.149283,16,False,2022-08-02,214.5437252233616,2.5578616147837603,5.6866090228194786,0.5533995961164913,0.7927937216217226,0.8654709893290917,0.4789512959452595,0.34492769643064597,0.0455890398206512,2,True,
aae_acceptance,APOLLOTYRE,2024-09-26,2024-09-27,537.3394,2024-10-03,518.9722,GAP_STOP,1,-18.3672,18.1615,-36.5287,-0.067832,-0.047909,0.003909,4,False,2024-09-25,521.8053650300826,4.147334578659467,12.26014477218036,0.6875003816227517,0.6678318842806599,1.2112519992609232,0.8327362117332057,0.30550514885005886,0.05425140207644418,1,True,
aae_acceptance,APTUS,2024-01-19,2024-01-23,341.3621,2024-01-23,341.3621,GAP_STOP,2,0.0,18.8128,-18.8128,-0.027495,0.0,0.0,1,False,2024-01-18,335.6646754052338,4.662999231669218,10.225307412264655,0.8615918418936389,0.8971723010396353,1.353155228481449,1.1658675056753394,0.4257455742814584,0.02564233186435049,1,True,
aae_acceptance,APTUS,2025-04-22,2025-04-23,332.8411,2025-04-25,318.7463,STOP,2,-28.1896,18.6834,-46.873,-0.07026,-0.051195,0.0,3,False,2025-04-21,316.2405560583119,5.03201854697907,9.693916265159753,0.8483625749947757,0.8649651052189586,1.2289494037795352,1.042594680728701,0.22020405947305607,0.03169379978082571,1,True,
aae_acceptance,ARE&M,2018-04-20,2018-04-23,775.6422,2018-04-30,783.4183,MOMENTUM_FAIL,1,7.776,19.2209,-11.4449,-0.014723,-0.022689,0.025855,6,False,2018-04-18,756.8616936812899,3.0566958376377484,18.261861548451215,0.769053229399803,0.8699608231581503,1.078206378500605,0.8291980973453568,0.47656137829946676,0.025872660790099603,2,True,
aae_acceptance,ARE&M,2018-08-16,2018-08-17,784.0114,2018-08-31,763.3024,STOP,1,-20.709,19.1983,-39.9073,-0.05079,-0.028088,0.056583,10,False,2018-08-14,765.1833281221888,2.531101050002807,19.2059140075479,0.5815055472050733,0.7639990234374995,0.6693512809408944,0.3892314828959515,0.33576291696160887,0.02094843736899288,1,True,
aae_acceptance,ARE&M,2019-11-13,2019-11-14,675.5176,2019-11-21,692.7415,MOMENTUM_FAIL,1,17.2238,18.8174,-1.5936,-0.002354,0.0,0.041269,6,False,2019-11-11,641.1428327897659,11.445693981328656,22.394817939341294,0.637297256323795,0.7929594211025002,1.4012009384622002,0.8929815136402868,0.2272271910851791,0.026622481191776178,1,True,
aae_acceptance,ARE&M,2021-01-08,2021-01-11,945.2127,2021-01-18,910.483,MOMENTUM_FAIL,1,-34.7297,19.8504,-54.5801,-0.057618,-0.042651,0.018421,6,False,2021-01-05,912.3602886155514,2.3973399887370754,26.455220742894177,0.7705861415102088,0.8771645853838604,0.6031653350865424,0.4647908482570508,0.2863771762576738,0.042226918304438706,3,True,
aae_acceptance,ARE&M,2023-07-06,2023-07-07,677.646,2023-07-14,659.6295,MOMENTUM_FAIL,1,-18.0165,18.7546,-36.7711,-0.054145,-0.037464,0.003768,6,False,2023-06-30,639.5894773927453,4.580353477530934,15.20889605894183,0.8222759371748111,0.8691100591816837,1.3366532773878284,1.0990978263418592,0.3533666788962394,0.04747521850424624,4,True,
aae_acceptance,ARE&M,2023-11-24,2023-11-28,666.4576,2023-12-19,763.011,TIME,1,96.5534,18.9407,77.6128,0.116202,0.0,0.170717,16,False,2023-11-23,644.0146615676489,4.115289696744969,12.763328488078999,0.6818171895681495,0.866806716182947,0.7568766244907652,0.5160514929601212,0.29631188343164444,0.028106333692764753,1,True,
aae_acceptance,ARE&M,2023-12-28,2023-12-29,801.0176,2024-01-05,814.7273,MOMENTUM_FAIL,1,13.7097,19.3402,-5.6305,-0.007014,-0.016872,0.026922,6,False,2023-12-27,780.2335255695955,2.2270155585129783,25.10526613350375,0.5865366506371424,0.8326841919020381,0.8084445914698934,0.47418238290646425,0.7382505064406367,0.026524426151585238,1,True,
aae_acceptance,ARE&M,2026-07-13,2026-07-14,901.398,2026-07-21,899.6088,MOMENTUM_FAIL,1,-1.7892,19.7325,-21.5217,-0.023824,-0.01599,0.025364,6,False,2026-07-10,875.9505648552094,2.7606107932595325,25.773562998431625,0.578431446610733,0.7779685054259324,0.5900964372712015,0.3413303358506208,0.2871031546996048,0.04655788494090896,1,True,
aae_acceptance,ASAHIINDIA,2023-07-24,2023-07-25,560.8472,2023-08-01,550.8073,MOMENTUM_FAIL,1,-10.0399,18.2777,-28.3176,-0.050381,-0.035097,0.022928,6,False,2023-07-20,543.240363581224,2.1802905466743283,17.045173116268074,0.7382841620819551,0.895313262939452,0.7427997723923293,0.5483973075553379,0.5935449611512063,0.035506367613632725,2,True,
aae_acceptance,ASAHIINDIA,2025-04-15,2025-04-16,669.1828,2025-04-17,653.8571,STOP,1,-15.3257,18.7244,-34.0501,-0.050772,-0.023953,0.001265,2,False,2025-04-11,636.7266812570784,4.56592949844126,24.536893893826754,0.8451731285174681,0.9059734767209006,1.1137855082646557,0.9413415825174573,0.38211868487913514,0.02290213027356623,1,True,
aae_acceptance,ASHOKLEY,2021-05-19,2021-05-20,55.8666,2021-05-27,56.8105,MOMENTUM_FAIL,17,16.0453,19.9729,-3.9276,-0.004126,-0.00362,0.036605,6,False,2021-05-18,53.66433355755354,2.5461350054324257,1.939110383254642,0.8765431349097068,0.9280575223667592,0.9387147529590253,0.8228239723446951,0.6872971285961019,0.044805585918471925,1,True,
aae_acceptance,ASHOKLEY,2024-07-31,2024-08-01,122.8829,2024-08-01,118.7037,STOP,8,-33.4331,20.0129,-53.446,-0.054248,0.0,0.0,1,False,2024-07-29,118.33745476115567,2.1390952254290503,3.7951651653286587,0.7489955427089969,0.7461930506715421,1.247793241736057,0.9345915762827167,0.5839129441106384,0.028898920009342237,2,True,
aae_acceptance,ASHOKLEY,2025-08-19,2025-08-20,131.1579,2025-08-28,126.7827,MOMENTUM_FAIL,7,-30.6262,19.7443,-50.3705,-0.054744,-0.03589,0.0,6,False,2025-08-18,122.51494398129044,9.269746870884923,3.3326546597932243,0.8585025589876552,0.8649340355014338,2.153854966534849,1.849090000458438,0.30980347162943916,0.05310012279032884,1,True,
aae_acceptance,ASHOKLEY,2025-12-01,2025-12-02,157.3163,2025-12-09,156.9034,MOMENTUM_FAIL,6,-2.4778,19.9105,-22.3883,-0.023667,-0.027813,0.02175,6,False,2025-11-27,149.36178858894522,5.854470575624803,4.085984919474769,0.7770125957084735,0.8200000000000008,2.4280593625854694,1.886632707856797,0.44390879752167806,0.03211365196476355,2,True,
aae_acceptance,ATHERENERG,2026-04-10,2026-04-13,863.05,2026-05-06,897.55,TIME,1,34.5,19.6444,14.8556,0.017175,-0.031748,0.138231,16,False,2026-04-09,805.0,3.2742835223037794,39.05471594072903,0.5379193344901676,0.7864713806187684,0.7259040272873201,0.39047781126212766,0.3874840103544941,0.04953594885441003,1,True,
aae_acceptance,AUBANK,2018-04-02,2018-04-03,317.4927,2018-04-24,346.3895,TIME,3,86.6904,20.1283,66.5621,0.069731,-0.023281,0.116328,16,False,2018-03-27,297.6989952599758,3.476424839977247,9.381873205384332,0.7820073408309535,0.8384618514623398,1.528136051159322,1.1950136097950153,0.48748214790993916,0.05798842712974322,2,True,
aae_acceptance,AUBANK,2022-08-05,2022-08-08,641.7192,2022-08-17,642.9629,MOMENTUM_FAIL,1,1.2437,18.6422,-17.3985,-0.027053,-0.026202,0.022636,6,False,2022-08-04,623.5122859416615,2.232127622072757,20.621147319774163,0.5409815827525217,0.7568733029835685,0.8829231700923087,0.4776451740054111,0.5836014442627011,0.03811302391589007,1,True,
aae_acceptance,AUBANK,2025-06-03,2025-06-04,726.3979,2025-06-25,805.2739,TIME,1,78.876,19.1578,59.7182,0.082032,-0.021566,0.113874,16,False,2025-06-02,713.4264780983284,2.5394328219129676,17.598897994302842,0.6083381606856074,0.9192447574741913,0.34018080628375397,0.20694496599520582,0.5715597298815523,0.022738642847725834,1,True,
aae_acceptance,AUROPHARMA,2018-08-23,2018-08-24,654.7703,2018-09-07,772.1343,TARGET,1,117.364,18.9337,98.4303,0.15,-0.014473,0.209722,11,False,2018-08-17,612.6028025378922,3.3740896525337893,17.96199400280731,0.6949884229038729,0.6832584434127713,1.2230946134030454,0.8500365964312045,0.3253781453782374,0.05648266508514739,3,True,
aae_acceptance,AUROPHARMA,2020-01-15,2020-01-16,467.9635,2020-01-21,456.4277,STOP,2,-23.0715,19.8349,-42.9064,-0.045744,-0.028607,0.019551,4,False,2020-01-14,456.93609887087126,2.0161397989893852,11.931938008737674,0.8239446533023788,0.9413145203579578,0.5730794984355073,0.4721857886531452,0.7886823022322923,0.024349701517341938,1,True,
aae_acceptance,AUROPHARMA,2023-02-13,2023-02-14,465.9715,2023-02-21,456.2565,MOMENTUM_FAIL,2,-19.43,19.8255,-39.2555,-0.04203,-0.02351,0.020624,6,False,2023-02-10,445.51902000477537,6.280073667745538,14.129101413830943,0.8553298604330074,0.8846151945340205,1.3742956734244345,1.1754761265438074,0.3099223748813327,0.02366028771438861,1,True,
aae_acceptance,AUROPHARMA,2023-11-09,2023-11-10,956.1549,2023-12-05,1020.6402,TIME,1,64.4853,20.0986,44.3866,0.046321,-0.005187,0.102505,16,False,2023-11-08,916.9267573439286,2.676272756474813,23.697213367677627,0.5204294971257122,0.7477370738759952,0.9731444278762751,0.5064530652303387,0.5317442101879106,0.028936593664042484,1,True,
aae_acceptance,AVANTIFEED,2019-09-09,2019-09-11,327.172,2019-09-19,312.1592,STOP,3,-45.0384,19.9827,-65.0211,-0.066101,-0.048595,0.060674,7,False,2019-09-06,313.3867238473237,2.331256229730328,11.86221321390065,0.7374973786605139,0.9004736731727416,0.6197939457690878,0.45709641031435894,0.4968318931284266,0.03886713564449066,1,True,
aae_acceptance,AVANTIFEED,2022-08-04,2022-08-05,469.9378,2022-08-10,452.1528,STOP,2,-35.57,19.8262,-55.3962,-0.058811,-0.070749,0.057692,3,False,2022-08-02,445.17740807955335,7.083800699429506,13.751369846098713,0.7922700575761413,0.815713936941965,2.1208797772464014,1.6803095432310804,0.2752923926706538,0.03648013301072446,2,True,
aae_acceptance,AWL,2024-02-26,2024-02-27,398.7172,2024-02-28,380.4804,STOP,2,-36.4736,19.2229,-55.6964,-0.069692,-0.051896,0.0,2,False,2024-02-23,376.98073953008736,10.415430119752834,13.815918312993542,0.7457623270809441,0.8815166790729604,1.0620594249536601,0.7920439082516909,0.20255727931331666,0.040712471774339176,1,True,
aae_acceptance,AWL,2025-11-04,2025-11-06,275.9087,2025-11-13,271.2331,MOMENTUM_FAIL,3,-14.0267,19.3965,-33.4232,-0.040291,-0.037317,0.0,6,False,2025-10-29,269.7409235109673,5.5572425245921515,5.833947038035392,0.785711953095568,0.8769218249198698,0.9549100410903912,0.7502842334157003,0.21785738311293856,0.04413196154060108,4,True,
aae_acceptance,AXISBANK,2019-02-05,2019-02-06,726.7953,2019-02-12,696.5838,STOP,1,-30.2116,18.9373,-49.1489,-0.067477,-0.0428,0.003419,5,False,2019-01-31,699.0175530924946,3.217149652605193,18.300754808707552,0.8234054655420449,0.8902125735691854,1.2761877744450874,1.0508199885360232,0.5359440050349208,0.039203289393236064,3,True,
aae_acceptance,AXISBANK,2021-01-07,2021-01-08,674.6605,2021-01-15,671.5261,MOMENTUM_FAIL,1,-3.1345,18.7723,-21.9068,-0.0324,-0.027655,0.019469,6,False,2021-01-05,633.5639803289391,2.438232843212676,18.1909366780519,0.8894229643485871,0.930861512643688,1.7066964774299125,1.5179750401990042,0.8917908820384332,0.0396162407731328,2,True,
aae_acceptance,AXISBANK,2022-02-02,2022-02-03,798.2488,2022-02-10,805.8113,MOMENTUM_FAIL,1,7.5624,19.316,-11.7535,-0.014692,-0.032473,0.01714,6,False,2022-01-27,751.2813138867962,3.120287439222544,20.886475644541633,0.8568171140316452,0.9190225594582466,1.0481254907124316,0.8980518580952276,0.33056218253258435,0.0595829449935981,4,True,
aae_acceptance,BAJAJFINSV,2019-03-05,2019-03-06,658.3693,2019-03-13,687.0746,MOMENTUM_FAIL,1,28.7054,18.7684,9.937,0.01506,-0.009077,0.048563,6,False,2019-02-26,636.5864531154959,2.379812257536204,17.41202206531499,0.5736320344120622,0.8226373527240263,0.6117852503973833,0.3509396178087439,0.28627824203946367,0.031426332103232306,4,True,
aae_acceptance,BAJFINANCE,2022-01-06,2022-01-07,757.1029,2022-01-14,763.7584,MOMENTUM_FAIL,1,6.6554,19.1404,-12.485,-0.016454,-0.024852,0.01353,6,False,2022-01-05,729.1209894385431,2.138886510749402,20.359496937744737,0.904974189559193,0.9263091122879284,1.0257044855571946,0.9282360855443512,0.7340507623641482,0.03617993896302782,1,True,
aae_acceptance,BAJFINANCE,2023-04-28,2023-05-02,619.5186,2023-05-23,663.6141,TIME,1,44.0955,18.6357,25.4598,0.041006,-0.027496,0.085932,16,False,2023-04-27,598.9462901581479,2.799226314035905,12.659534618238242,0.5959888049309393,0.7113296216765944,1.040970889158399,0.6204069961974116,0.3979774588941529,0.03223382345471894,1,True,
aae_acceptance,BAJFINANCE,2023-09-26,2023-09-27,772.0374,2023-09-28,760.7298,STOP,1,-11.3076,19.1669,-30.4744,-0.039387,-0.017435,0.0,2,False,2023-09-25,751.5938917400225,2.990948351730327,13.894058445212146,0.8518968035221082,0.9115914755464273,1.435303525389757,1.222730485363547,0.8242440460581079,0.016605715751594436,1,True,
aae_acceptance,BAJFINANCE,2024-06-13,2024-06-14,717.1003,2024-06-24,699.5417,MOMENTUM_FAIL,1,-17.5586,18.9222,-36.4808,-0.050762,-0.03293,0.018284,6,False,2024-06-07,689.2755000710065,2.7762463514720594,20.387734726798616,0.6238431319153034,0.69944147793531,1.379008204052421,0.86028479695296,0.4612053822091207,0.039948371272764745,4,True,
aae_acceptance,BAJFINANCE,2024-12-13,2024-12-16,709.5135,2024-12-19,685.6007,STOP,1,-23.9129,18.8772,-42.7901,-0.060177,-0.041063,0.010386,4,False,2024-12-11,687.3918505068708,2.097788027949541,15.781702962722347,0.7579438583946577,0.8164770214666838,1.2903176427867589,0.9779883327284957,0.5337804499771138,0.03370313200385813,2,True,
aae_acceptance,BAJFINANCE,2025-09-08,2025-09-09,938.2325,2025-09-30,992.7971,TIME,1,54.5646,20.0027,34.5619,0.036757,0.0,0.097458,16,False,2025-09-04,914.0312833334461,3.3312600087891346,21.45528715175262,0.5326274330043742,0.6293706293706287,1.3132784019285169,0.6994881040392728,0.534677612533681,0.01839981582281392,2,True,
aae_acceptance,BALRAMCHIN,2019-12-19,2019-12-20,168.7651,2020-01-13,182.1501,TIME,5,66.9249,19.6293,47.2956,0.055927,-0.030483,0.100762,16,False,2019-12-13,159.57184312259704,2.096477424117983,5.236109080432179,0.727271072930298,0.865168789754315,0.8005373880350521,0.5822076851170707,0.6161668811723824,0.054531887538306636,4,True,
aae_acceptance,BALRAMCHIN,2020-01-01,2020-01-02,178.387,2020-01-06,171.5634,STOP,5,-34.1183,19.6267,-53.745,-0.060125,-0.048064,0.005073,3,False,2019-12-27,169.4795802371563,2.2571569120893438,5.2761802076601345,0.8943660004639512,0.9242423775365819,1.2819742998505672,1.1465542272549258,0.7159512260315143,0.037995053944663223,3,True,
aae_acceptance,BALRAMCHIN,2026-02-13,2026-02-16,470.55,2026-02-23,464.5,MOMENTUM_FAIL,2,-12.1,19.8791,-31.9791,-0.033906,-0.03549,0.001913,6,False,2026-02-10,458.0,8.192333354521708,13.350017600080093,0.5294117647058824,0.6981132075471698,1.273406560894572,0.674156414591244,0.12389376469377832,0.034748809041574416,3,True,
aae_acceptance,BANDHANBNK,2018-07-19,2018-07-20,593.2567,2018-08-09,701.0943,TARGET,1,107.8376,18.6546,89.183,0.15,0.0,0.200324,15,False,2018-07-18,564.2294813405503,8.567267482434698,19.248491713038934,0.6388774183767845,0.835240041286012,0.994342588105827,0.6352630256711411,0.2197516870085411,0.05273910664775829,1,True,
aae_acceptance,BANDHANBNK,2021-06-28,2021-06-29,333.025,2021-07-01,315.9228,STOP,2,-34.2045,18.6727,-52.8772,-0.079216,-0.056522,0.0,3,False,2021-06-21,315.4084960147523,4.462536988695421,10.049019294847168,0.8753786077649718,0.9120164506643792,1.5801532111122272,1.3832323179987709,0.5273734217101318,0.056005951133861025,5,True,
aae_acceptance,BANKBARODA,2021-05-27,2021-05-28,72.4777,2021-06-01,67.8029,STOP,13,-60.7722,19.7847,-80.5569,-0.085311,-0.066351,0.0,3,False,2021-05-21,68.65631464602104,2.326706991282425,3.0187557711657753,0.7083346710020186,0.9135806887925194,0.3413621606641699,0.241798653766593,0.5257282030167666,0.054982378993853,4,True,
aae_acceptance,BANKBARODA,2022-07-11,2022-07-12,96.2443,2022-07-19,99.6942,MOMENTUM_FAIL,10,34.4993,20.0641,14.4352,0.014966,-0.050551,0.038603,6,False,2022-07-07,90.55420478721946,2.8933110875013615,3.1143432513240246,0.7669250165491456,0.8490561148842211,0.9749346977004886,0.7477018091682834,0.5448500768078633,0.05930614106930493,2,True,
aae_acceptance,BANKBARODA,2023-06-21,2023-06-22,175.5043,2023-06-22,170.3508,STOP,5,-25.7674,19.5828,-45.3502,-0.051567,0.0,0.0,1,False,2023-06-19,167.32173099245568,2.8305150006345534,3.3144308940564993,0.8000015169780993,0.8257582588310343,1.5346378759206005,1.2277126287485287,0.5327464839825904,0.027893968339118638,2,True,
aae_acceptance,BANKBARODA,2023-09-14,2023-09-15,193.2619,2023-09-21,189.7517,STOP,5,-17.5512,19.9745,-37.5257,-0.038749,-0.026868,0.035352,4,False,2023-09-13,186.4752036744432,2.5867143746781296,4.403268643996367,0.8315779709287768,0.92951509276948,0.9826996465177422,0.8171913780836503,0.6958236595998962,0.01700487584466714,1,True,
aae_acceptance,BANKBARODA,2023-12-15,2023-12-18,204.4668,2023-12-20,198.0007,STOP,4,-25.8646,19.3307,-45.1954,-0.05514,-0.032524,0.022499,3,False,2023-12-13,197.9078471408241,2.086128435412641,4.564665432481593,0.7037055480472586,0.8000011444091799,1.0776761553198222,0.7583666894967981,0.47354191141822566,0.03270190669116411,2,True,
aae_acceptance,BANKBARODA,2024-02-01,2024-02-02,236.2141,2024-02-09,240.0401,MOMENTUM_FAIL,4,15.3044,19.9508,-4.6464,-0.004907,-0.064211,0.027767,6,False,2024-01-31,220.81869240409432,3.325373052815294,7.344330504537522,0.6842116748856194,0.8662955819210086,0.9426817257374649,0.644993842450897,0.3785970052207345,0.05891617651872846,1,True,
aae_acceptance,BANKBARODA,2025-04-03,2025-04-04,223.7056,2025-04-07,206.0077,GAP_STOP,4,-70.7917,19.5642,-90.3559,-0.100756,-0.083298,0.0,2,False,2025-03-27,211.53239544354392,4.055448838389827,5.485008293144332,0.832786511107753,0.9215381328876209,1.0413916072284644,0.8672568832806883,0.44790554669560767,0.05075961415509844,4,True,
aae_acceptance,BANKINDIA,2018-07-27,2018-07-30,84.2703,2018-07-31,80.5686,STOP,11,-40.719,19.7612,-60.4802,-0.065103,-0.057576,0.05404,2,False,2018-07-26,77.6308048293784,2.1189523050079764,3.593451289803173,0.8301887608490818,0.8846152341342887,1.2554642707500838,1.042272327224308,0.8272530689168706,0.032195907912565214,1,True,
aae_acceptance,BANKINDIA,2023-07-21,2023-07-24,77.4326,2023-07-25,75.871,STOP,12,-18.7396,19.8153,-38.5549,-0.041402,-0.026549,0.011799,2,False,2023-07-20,74.87434543093794,3.4996940301568915,2.0814573140405437,0.6410255273472003,0.8205117169847852,0.8559609301123302,0.5486928066138566,0.37000626798377745,0.016686954362638052,1,True,
aae_acceptance,BANKINDIA,2023-12-11,2023-12-12,109.5477,2023-12-13,99.1777,GAP_STOP,9,-93.3302,19.903,-113.2332,-0.114599,-0.097581,0.0,2,False,2023-12-06,102.32980084904264,4.729271275310924,3.237163390490364,0.8157901590864685,0.8618426798454447,1.6087703810771679,1.3124190451125413,0.3849331376738951,0.0590908233392247,3,True,
aae_acceptance,BATAINDIA,2018-07-26,2018-07-27,821.7717,2018-08-03,836.2552,MOMENTUM_FAIL,1,14.4836,19.4294,-4.9458,-0.006005,-0.017354,0.031996,6,False,2018-07-23,767.1642456726311,6.411025327313888,21.77654613792992,0.8835964450320419,0.8938545454132149,2.0041987176895093,1.7709028620882274,0.3932643068575293,0.047954339298696545,3,True,
aae_acceptance,BBOX,2026-02-11,2026-02-12,576.1693,2026-02-12,552.4427,STOP,1,-23.7265,18.3145,-42.0411,-0.072807,0.0,0.0,1,False,2026-02-09,545.5108269411356,2.9460402264610166,24.179305468722365,0.8369755004596013,0.9017228371776641,1.2287251947354974,1.028412884791064,0.5804033840106473,0.04974436371050725,2,True,
aae_acceptance,BDL,2022-07-29,2022-08-01,396.4081,2022-08-24,392.7269,TIME,2,-7.3625,19.2626,-26.6251,-0.03351,-0.033518,0.104428,16,False,2022-07-28,360.2291840335046,4.437458536389625,14.814429036874463,0.8687376056147788,0.8884159040739661,1.6423557129134507,1.4267761696041843,0.38012477489973984,0.04866868423718029,1,True,
aae_acceptance,BEL,2023-11-17,2023-11-20,142.9986,2023-11-22,137.7328,STOP,6,-31.5946,19.4885,-51.0831,-0.059408,-0.042691,0.0,3,False,2023-11-13,137.8705906493608,2.242997197168787,3.058829073632843,0.7377053499472225,0.8446594174987407,0.9739525882720761,0.718490034963255,0.6548877418950952,0.034846439381920634,3,True,
aae_acceptance,BEL,2024-04-09,2024-04-10,225.3313,2024-04-19,229.5624,MOMENTUM_FAIL,4,16.9245,19.7703,-2.8458,-0.00315,-0.01441,0.039301,6,False,2024-04-02,212.56817972357064,2.8670292990467687,7.576831971504338,0.7507915459542576,0.8358213034210094,0.8598406989521805,0.645561127640697,0.4484368814846218,0.05130921700859018,5,True,
aae_acceptance,BELRISE,2025-07-11,2025-07-14,118.7587,2025-08-01,139.1457,TARGET,8,163.0957,20.2737,142.822,0.15,-0.023264,0.196653,15,False,2025-07-09,113.1934462171847,2.5255962531266984,5.516472576969929,0.7920488554209091,0.873370405310176,0.5890930449853261,0.4665904720170456,0.2917396654572308,0.05705077050825412,2,True,
aae_acceptance,BEML,2018-12-18,2018-12-19,337.2861,2019-01-10,358.7299,TIME,2,42.8877,18.8657,24.022,0.035533,-0.012258,0.10956,16,False,2018-12-17,316.791764611353,4.279932908325603,13.807298505253245,0.926977187218171,0.9497202349864164,1.412678717321952,1.3095209438260769,0.4187802100347114,0.030703467052151462,1,True,
aae_acceptance,BEML,2019-03-18,2019-03-19,397.4041,2019-03-25,373.7839,STOP,2,-47.2405,19.1898,-66.4304,-0.083398,-0.064115,0.005326,4,False,2019-03-13,375.64374953934134,3.7043586268018065,14.113179113686952,0.7115382443619239,0.8971431221824011,0.8746458956975778,0.6223440050630169,0.5047702112871795,0.050789678280439086,3,True,
aae_acceptance,BEML,2022-03-30,2022-03-31,691.6432,2022-04-25,691.6024,TIME,1,-0.0408,18.8503,-18.8911,-0.027254,-0.007092,0.142435,16,False,2022-03-29,657.2610649592935,2.532811518241727,25.891044748102715,0.7239213314572456,0.8506040082930181,0.6719495444885203,0.4864386089182193,0.4770890366732846,0.054792570907579656,1,True,
aae_acceptance,BEML,2022-08-08,2022-08-10,602.1219,2022-08-11,711.3325,TARGET,1,109.2105,18.6948,90.5157,0.15,0.0,0.24535,2,False,2022-08-02,562.0214258005143,7.099938778807684,20.700014278296578,0.5888309717434507,0.7664017556234806,1.556097622548108,0.9162784752126758,0.2700689004565413,0.05271947791652295,4,True,
aae_acceptance,BERGEPAINT,2018-04-09,2018-04-10,211.9802,2018-04-17,219.721,MOMENTUM_FAIL,4,30.9634,19.5734,11.39,0.013404,-0.010861,0.039326,6,False,2018-04-06,209.5189464673253,2.064978962105267,5.495456060638952,0.5172420490745424,0.8271620008680544,0.41896231474693174,0.21670492616471634,0.3148301470114197,0.020430918999597182,1,True,
aae_acceptance,BERGEPAINT,2019-04-01,2019-04-02,264.2151,2019-04-09,260.2626,MOMENTUM_FAIL,3,-11.8575,19.2528,-31.1102,-0.039163,-0.027954,0.016017,6,False,2019-03-26,253.59539624371118,2.0943014861248614,5.934072414856633,0.650796201028476,0.8151279123800952,0.8477092364041136,0.5516859506285474,0.5268457789550746,0.03841929294292112,3,True,
aae_acceptance,BERGEPAINT,2019-08-08,2019-08-09,285.9178,2019-08-20,294.5114,MOMENTUM_FAIL,3,25.7808,19.6043,6.1764,0.007185,-0.000421,0.033708,6,False,2019-08-06,273.790445154284,6.417388135535947,6.852187229372189,0.5488388708223044,0.6940066079804064,1.2600015158901519,0.6915378092155429,0.22921871444408728,0.03163441455803933,2,True,
aae_acceptance,BERGEPAINT,2020-01-16,2020-01-17,440.1207,2020-01-24,449.5576,MOMENTUM_FAIL,2,18.8738,19.6852,-0.8114,-0.00092,-0.019161,0.038047,6,False,2020-01-15,428.87676009574164,2.524280042035606,9.987319789649035,0.8242677876822178,0.8683387595226174,0.9609708388570964,0.7920973073718638,0.4507768304009325,0.020323451271490833,1,True,
aae_acceptance,BERGEPAINT,2023-08-02,2023-08-03,585.0786,2023-08-09,562.8217,STOP,1,-22.2569,18.3551,-40.6121,-0.069262,-0.041791,0.006416,5,False,2023-08-01,565.1290244705026,3.6244363631042544,11.245799316022689,0.8128596056500864,0.9395067163993095,0.6178130072416959,0.5021952374319789,0.3987306732105297,0.026753936380195593,1,True,
aae_acceptance,BHARATFORG,2018-02-12,2018-02-14,738.8864,2018-02-16,697.3987,STOP,1,-41.4876,18.9654,-60.4531,-0.081638,-0.060828,0.0,3,False,2018-02-08,711.5900468736277,3.740908650801015,24.3812142565989,0.5909035944857799,0.9378242165305235,0.33972423951001,0.20074427426041294,0.5665626600225946,0.04563262981766424,2,True,
aae_acceptance,BHARATFORG,2019-03-13,2019-03-14,507.7513,2019-03-18,493.6221,STOP,1,-14.1292,18.0452,-32.1744,-0.063228,-0.036355,0.024766,3,False,2019-03-11,501.5349096005501,2.314242737342083,14.977849836632888,0.631570525122306,0.8962100896020045,0.5417603784629497,0.34215988671630443,0.7255782322400666,0.03234861825851492,2,True,
aae_acceptance,BHARATFORG,2019-12-18,2019-12-19,474.0501,2019-12-27,468.1592,MOMENTUM_FAIL,2,-11.7818,19.9093,-31.6911,-0.033353,-0.024045,0.020408,6,False,2019-12-17,452.9769899329417,2.325658918174141,13.933860523566196,0.7582098281509052,0.7874020793617752,1.1514642362504497,0.8730515006893669,0.4345175790556477,0.03392123858565426,1,True,
aae_acceptance,BHARATFORG,2021-01-08,2021-01-11,581.1311,2021-01-18,565.8883,STOP,1,-15.2428,18.3528,-33.5955,-0.057684,-0.040977,0.120696,6,False,2021-01-07,545.7725491293528,5.082314118213846,21.639701485036774,0.8814502506223809,0.919962298417223,1.5939480824095036,1.4049859367189204,0.44222614350817346,0.025099669465653587,1,True,
aae_acceptance,BHARATFORG,2022-01-10,2022-01-11,741.2828,2022-01-12,713.0772,STOP,1,-28.2056,19.0026,-47.2082,-0.063546,-0.040873,0.0,2,False,2022-01-06,720.7934974693482,2.469025489469459,19.52087076677233,0.5478392742423003,0.9288652132891371,0.28468579700677465,0.15596206041928223,0.5604619120364791,0.038676469026735154,2,True,
aae_acceptance,BHARATFORG,2022-07-28,2022-07-29,718.6736,2022-08-05,688.6476,MOMENTUM_FAIL,1,-30.026,18.9034,-48.9295,-0.067934,-0.050326,0.026384,6,False,2022-07-22,675.5843138437544,3.2060561066124924,19.155826814950785,0.6210020264602114,0.6527179770058578,1.1145233035781765,0.6921212300591771,0.29286604203005656,0.057375710601925284,4,True,
aae_acceptance,BHARTIARTL,2021-08-03,2021-08-04,544.7691,2021-08-26,556.0435,TIME,1,11.2743,18.2532,-6.9789,-0.012783,0.0,0.12,16,False,2021-07-28,531.1735652078161,3.3585931627846786,13.115103645282728,0.7213927412997948,0.9147635317388949,0.7260069939937516,0.5237361755999761,0.5882658555611537,0.04451091049663584,4,True,
aae_acceptance,BHEL,2021-09-30,2021-10-01,63.2457,2021-10-13,74.1044,TARGET,15,162.8813,20.2674,142.6139,0.15,-0.024883,0.249611,9,False,2021-09-29,59.90142779945231,3.3257442774687638,2.3450008554539274,0.6229506827953697,0.6760558385834682,1.279313991345405,0.7969495244182897,0.30899745981837684,0.043363507678962486,1,True,
aae_acceptance,BHEL,2022-04-04,2022-04-05,53.8031,2022-04-19,52.154,STOP,18,-29.6845,19.9588,-49.6433,-0.051148,-0.037477,0.072212,9,False,2022-04-01,52.22932462635586,3.1904070056229306,1.9363043888576827,0.6818164105269175,0.926315307617188,0.5587780904140753,0.3809840718872102,0.7164939401685452,0.02530582300999674,1,True,
aae_acceptance,BHEL,2023-11-17,2023-11-20,141.7244,2023-11-30,165.953,TARGET,7,169.6002,20.4643,149.1359,0.15,-0.044881,0.237728,8,False,2023-11-13,132.8790145607672,4.098564840107028,4.975113499957169,0.6511626555455846,0.838709730346111,0.8589942967312603,0.5593450073580393,0.3631160457257404,0.054702427310427036,3,True,
aae_acceptance,BHEL,2025-09-17,2025-09-18,234.2444,2025-09-25,233.8656,MOMENTUM_FAIL,4,-1.5152,19.8833,-21.3984,-0.022788,-0.008085,0.031617,6,False,2025-09-11,226.23022670181757,5.3680751714230075,6.070014359803135,0.6973692692322263,0.9130436663777406,0.49921259114598104,0.348135519878999,0.2768482482399224,0.03791391520446305,4,True,
aae_acceptance,BHEL,2026-01-07,2026-01-08,302.9228,2026-01-08,291.9117,STOP,3,-33.0333,19.7,-52.7333,-0.057901,0.0,0.0,1,False,2026-01-02,292.35690555800505,2.2992510282160863,7.131907231294555,0.8211917986118382,0.8548383391907284,1.0552222280413617,0.8665398393804771,0.4893332631872255,0.03523832496404438,3,True,
aae_acceptance,BHEL,2026-04-10,2026-04-13,278.1029,2026-04-20,326.4923,TARGET,3,145.1683,19.7484,125.4199,0.15,0.0,0.19638,5,False,2026-04-09,269.480700306651,3.1043815170874276,10.975306023946404,0.6431935928774206,0.7795829497982013,0.9672399146404907,0.6221225158720668,0.33643955186877644,0.029631611652810898,1,True,
aae_acceptance,BIOCON,2019-10-14,2019-10-15,249.3596,2019-10-23,255.3909,MOMENTUM_FAIL,4,24.1251,20.1908,3.9343,0.003936,0.0,0.042228,6,False,2019-10-11,240.460918635099,2.444772078425041,8.40525664326019,0.6111142177885065,0.748879881104545,0.8469623064896267,0.5175907074267575,0.3584679213303764,0.04141738798635452,1,True,
aae_acceptance,BIOCON,2019-11-28,2019-11-29,280.0105,2019-12-20,286.19,TIME,3,18.5387,19.5147,-0.976,-0.001159,-0.007239,0.055791,16,False,2019-11-27,269.5298147714356,3.7318632299797607,8.819624381884067,0.5895544435545027,0.7544638842945901,0.7511178523328886,0.4428248674759693,0.36649412050456226,0.04288299417231142,1,True,
aae_acceptance,BIOCON,2021-11-16,2021-11-17,367.217,2021-11-22,354.0372,STOP,2,-26.3597,18.9774,-45.3371,-0.061596,-0.041061,0.016155,3,False,2021-11-15,350.6062952455615,2.9713492369152674,8.722032911239149,0.9166675251298338,0.9575167048967798,0.8842158022450043,0.8105319111246186,0.5837164653141272,0.03054009120733095,1,True,
aae_acceptance,BIOCON,2024-12-04,2024-12-05,379.0393,2024-12-09,365.4073,STOP,2,-27.2639,19.0754,-46.3393,-0.060994,-0.042237,0.003947,3,False,2024-12-02,367.3688673736258,2.0666795542862726,11.480697285724672,0.6025650350487344,0.6108795693322887,1.0165264639611846,0.6125233043847373,0.42880508073105866,0.035202872723550487,2,True,
aae_acceptance,BIRET,2021-05-11,2021-05-12,181.2,2021-05-14,175.6617,STOP,5,-27.6911,19.6992,-47.3902,-0.052193,-0.034616,0.0,2,False,2021-05-10,177.64563255896843,5.309269318380935,4.504414199248357,0.9354804421097581,0.9616099905401461,0.4796357448485829,0.4486898586425955,0.15678141180966254,0.029593648778789457,1,True,
aae_acceptance,BLS,2022-06-16,2022-06-17,102.763,2022-06-20,101.8356,STOP,9,-8.3472,19.8182,-28.1654,-0.030387,-0.021475,0.025531,2,False,2022-06-15,101.75769985435889,3.543279401927021,5.049543125389866,0.5208326059155579,0.6011561407408218,0.6992436289262995,0.36418888142353595,0.18226900796570258,0.03347095192804543,1,True,
aae_acceptance,BLS,2023-05-11,2023-05-12,191.0235,2023-05-15,182.3146,STOP,5,-43.5443,19.8743,-63.4186,-0.066254,-0.054124,0.0,2,False,2023-05-10,183.39240500329862,2.375366847146956,6.138699883627077,0.8266678842192309,0.9235301298253686,0.6015045024402312,0.4972444543806071,0.5435924906799743,0.045590627689422604,1,True,
aae_acceptance,BLS,2024-06-13,2024-06-14,346.4454,2024-07-08,364.9002,TIME,2,36.9095,18.9309,17.9786,0.025891,-0.010825,0.093292,16,False,2024-06-12,330.60601697773575,4.1288531974255624,13.646619232200228,0.7860249181623553,0.888382193872019,0.8280296505737482,0.6508519383282341,0.26798002236443286,0.02927744896240858,1,True,
aae_acceptance,BLS,2024-06-19,2024-06-20,364.16,2024-06-24,350.0528,STOP,2,-28.2145,18.9478,-47.1623,-0.064614,-0.04878,0.0,3,False,2024-06-18,348.5179429700039,2.692163950760333,13.01986972111747,0.7105237234656524,0.837036132812498,0.5760648464314405,0.4093077396441364,0.27169746900529756,0.03586511920120134,1,True,
aae_acceptance,BLS,2026-08-14,2026-08-17,279.3873,2026-08-18,265.8635,STOP,3,-40.5716,19.3865,-59.958,-0.071379,-0.054214,0.0,2,False,2026-08-13,266.3958499044343,2.1180477185663014,8.23081802632912,0.680813257845868,0.8216511614005427,0.6570554658967862,0.4473320723226256,0.4458688069042144,0.04197286973711921,1,True,
aae_acceptance,BLUESTARCO,2023-09-08,2023-09-11,802.8269,2023-09-13,766.9721,STOP,1,-35.8548,19.2469,-55.1017,-0.068485,-0.051106,0.0,3,False,2023-09-07,746.4119787831125,3.7769373424067694,17.70838179785577,0.8391202258091974,0.8609997558593743,2.406039433514912,2.018956352756866,0.6163895292106369,0.036493358042934985,1,True,
aae_acceptance,BPCL,2019-09-11,2019-09-12,124.1096,2019-09-17,118.6934,STOP,8,-43.3296,20.0341,-63.3637,-0.063679,-0.050123,0.064462,4,False,2019-09-05,117.48801901795179,3.5060707442506898,4.616721488560624,0.7741936419598101,0.8246342352260577,1.2918702585398758,1.000157740398548,0.34172309302596654,0.04128741865938059,3,True,
aae_acceptance,BPCL,2022-11-25,2022-11-28,137.704,2022-12-19,143.7259,TIME,7,42.1535,20.086,22.0676,0.022843,0.0,0.074771,16,False,2022-11-24,131.32411704335945,3.1180937315648656,2.418397636661931,0.9014782931983406,0.9126638485690078,1.7674175798862286,1.5932885832845791,0.6059188421708609,0.029462404113519462,1,True,
aae_acceptance,BRIGADE,2023-04-17,2023-04-18,367.9152,2023-04-25,365.9867,MOMENTUM_FAIL,2,-3.8571,19.0292,-22.8863,-0.031035,-0.028226,0.02621,6,False,2023-04-10,356.67751641950355,2.5187535520867317,10.900330569401003,0.7275979770911957,0.8272723573626878,0.9492937803432804,0.6907042342430246,0.4619956398936488,0.051391509079054015,4,True,
aae_acceptance,BRIGADE,2023-05-04,2023-05-05,387.9429,2023-05-26,402.0735,TIME,2,28.2613,19.2637,8.9976,0.011571,-0.003824,0.063576,16,False,2023-05-03,380.85902060537455,3.25243156745464,10.085813667353767,0.6964303765981755,0.8598899133436448,0.6177865563403715,0.4302453240894149,0.2736118115925811,0.034835835409009336,1,True,
aae_acceptance,BRIGADE,2026-08-21,2026-08-24,639.0,2026-09-15,614.0681,STOP,1,-24.9319,18.5774,-43.5093,-0.067941,-0.045383,0.150235,16,False,2026-08-20,619.4500122070312,3.5244242604042593,20.095171299069644,0.629998779296875,0.9088667766100262,0.49763198587229635,0.31350754363862643,0.5372477769081013,0.039467977773475944,1,True,
aae_acceptance,BSE,2019-03-06,2019-03-07,59.8154,2019-03-14,59.5739,MOMENTUM_FAIL,16,-3.8633,19.9632,-23.8265,-0.024842,-0.018004,0.038269,6,False,2019-03-05,57.37176976056529,2.667490859537164,1.2439059549109324,0.84444436493129,0.9575757260493445,0.6988227253701069,0.5901169125247132,0.8994552475163515,0.015914891745468784,1,True,
aae_acceptance,BSE,2021-11-16,2021-11-17,165.3533,2021-11-22,157.4544,STOP,6,-47.3934,20.0227,-67.4161,-0.067803,-0.049416,0.049768,3,False,2021-11-15,152.76327553598233,4.972450916033162,5.8816147248247965,0.5813942813831809,0.6241756483893258,1.47023594757201,0.8547867722023489,0.2658190484321813,0.04520303866893829,1,True,
aae_acceptance,BSE,2022-01-20,2022-01-21,226.2766,2022-01-21,221.9245,STOP,4,-17.4085,19.7163,-37.1248,-0.040928,0.0,0.0,1,False,2022-01-19,221.54010173694158,2.2284585570928215,9.153238725940296,0.6127171324587456,0.8651013608483062,0.6001407901657398,0.3677165440218779,0.5425089377975573,0.0318904920321981,1,True,
aae_acceptance,BSE,2024-02-05,2024-02-06,843.4345,2024-02-06,795.2113,STOP,1,-48.2233,19.3932,-67.6165,-0.079993,0.0,0.0,1,False,2024-02-01,776.493736451182,3.4457888846560736,31.52779523276918,0.9043397065386851,0.9133932931082599,1.5900712834344912,1.4379645978367384,0.5153053848919306,0.057929676687882216,2,True,
aae_acceptance,BSE,2024-03-28,2024-04-01,842.9072,2024-04-23,989.4071,TARGET,1,146.4999,19.7874,126.7125,0.15,0.0,0.269805,15,False,2024-03-27,797.62086427234,2.8307016616984724,37.3743718321103,0.7870027733451237,0.9255048111379801,0.48855906993844395,0.38449734298446964,0.47790221393783516,0.05136464774610327,1,True,
aae_acceptance,BSOFT,2018-07-13,2018-07-16,162.0839,2018-07-16,158.6613,STOP,6,-20.5357,19.9945,-40.5302,-0.041585,0.0,0.0,1,False,2018-07-12,159.2745012246794,2.1376618432115313,4.823245809226714,0.7132336745177035,0.8142850129627843,0.7617073473412258,0.5432753302513151,0.43754920239958534,0.033201333112390936,1,True,
aae_acceptance,BSOFT,2020-07-09,2020-07-10,92.2541,2020-07-10,88.8474,STOP,10,-34.0674,19.756,-53.8234,-0.058215,0.0,0.0,1,False,2020-07-08,88.4140195649428,4.53168295627483,4.185206153163426,0.6046520683837943,0.7733337402343745,0.9393911976925177,0.5680048307063106,0.388073584465955,0.04591076935419944,1,True,
aae_acceptance,BSOFT,2021-12-28,2021-12-29,504.9093,2022-01-19,482.2665,STOP,1,-22.6428,18.0158,-40.6586,-0.080351,-0.069173,0.085008,16,False,2021-12-23,488.0306748907384,2.8959617458418907,22.021348397811998,0.6346162062504288,0.8276648572939127,0.44162010637696875,0.2802592765128627,0.4068974842282654,0.044933817258367,3,True,
aae_acceptance,BSOFT,2022-11-28,2022-11-29,284.7526,2022-12-20,283.472,TIME,3,-3.8417,19.5292,-23.3709,-0.027298,-0.027315,0.114924,16,False,2022-11-24,272.99069178415573,2.534355604680065,8.572188242032192,0.7258003162811266,0.8866658528645835,0.6860413584898264,0.49792903497384977,0.60907401390166,0.03611169158528436,2,True,
aae_acceptance,BSOFT,2023-10-17,2023-10-18,532.1804,2023-10-23,507.6994,STOP,1,-24.481,18.1273,-42.6083,-0.079889,-0.062909,0.0,4,False,2023-10-10,500.4662122849377,2.713777114856668,15.920315440670787,0.7578929657883717,0.8360057531915649,1.1383240495169957,0.8627277899166651,0.5154950617899358,0.04006600969367897,5,True,
aae_acceptance,BSOFT,2023-11-03,2023-11-06,566.4702,2023-11-13,560.1496,MOMENTUM_FAIL,1,-6.3206,18.309,-24.6297,-0.043384,-0.021384,0.00884,6,False,2023-11-01,534.1357348569959,5.072693163628425,16.136586979986355,0.6094444465183418,0.7672639061899985,1.3772392934326227,0.839350838909357,0.30936869041932236,0.026551733136301017,2,True,
aae_acceptance,BSOFT,2024-07-18,2024-07-19,733.1524,2024-07-22,686.8835,GAP_STOP,1,-46.2689,18.9315,-65.2003,-0.088738,-0.077207,0.0,2,False,2024-07-12,696.8135617962408,3.210457738188883,20.197676405833136,0.8174349596401599,0.9248461950355538,0.6418029222034486,0.5246321458083127,0.6010727037321992,0.041619487502526684,3,True,
aae_acceptance,BSOFT,2024-11-27,2024-11-28,582.5824,2024-11-28,571.8538,STOP,1,-10.7286,18.3681,-29.0967,-0.049835,0.0,0.0,1,False,2024-11-26,569.3280723318137,2.428039089821227,18.18539232243863,0.5050879026234774,0.8043103788346975,0.5874707174026643,0.2967243525056213,0.5119465426983183,0.018660805627269107,1,True,
aae_acceptance,CAMS,2025-06-05,2025-06-06,834.2634,2025-06-12,795.3701,STOP,1,-38.8933,19.3734,-58.2667,-0.06969,-0.050643,0.012866,5,False,2025-06-02,788.7350590129827,2.648434591251161,23.5311016185784,0.7599381289446332,0.8763057298298977,1.0640215301709153,0.808590530794891,0.5576986216337316,0.04062795038777422,3,True,
aae_acceptance,CAMS,2026-05-06,2026-05-07,811.1505,2026-05-12,779.2011,STOP,1,-31.9494,19.29,-51.2393,-0.063031,-0.044074,0.032948,4,False,2026-05-05,771.5821587962038,11.106498269135402,26.47898142770567,0.8431385449753738,0.9428575303819455,0.8595214706673969,0.7246956821536024,0.22441124869497953,0.03691505441857593,1,True,
aae_acceptance,CANBK,2023-07-04,2023-07-05,58.5428,2023-07-26,61.3817,TIME,17,48.261,20.2306,28.0304,0.028103,-0.005906,0.092322,16,False,2023-07-03,56.31354110078737,3.9373957586909074,1.203411003464697,0.7903929679743726,0.8692100046878124,1.7314634579641504,1.3685365414794552,0.6394608174626105,0.017971987104251394,1,True,
aae_acceptance,CANFINHOME,2018-12-20,2018-12-21,272.112,2018-12-21,262.2952,STOP,3,-29.4505,19.317,-48.7674,-0.059609,0.0,0.0,1,False,2018-12-19,264.5130363618232,2.384521127109706,13.056775687443647,0.6666612744519064,0.7251450925522752,0.5065497565226464,0.33769710625669036,0.25914031044231045,0.03391111789137543,1,True,
aae_acceptance,CANFINHOME,2022-07-19,2022-07-20,489.8169,2022-08-01,573.654,TARGET,2,167.6742,20.4079,147.2663,0.15,0.0,0.192885,9,False,2022-07-18,464.0370288064695,3.1758744988721377,15.492957817692686,0.9333338080467409,0.9448821168150693,1.2942035159745873,1.2079238959520426,0.4676660417392719,0.021326179976234566,1,True,
aae_acceptance,CANFINHOME,2023-07-04,2023-07-05,771.6254,2023-07-05,736.6583,STOP,1,-34.9671,19.117,-54.084,-0.069938,0.0,0.0,1,False,2023-06-27,734.9100994425833,2.5937767673216676,19.613327309311792,0.6882488272770888,0.8509173477130002,1.02023727604592,0.702177108782976,0.7112182932106789,0.040470466211919374,4,True,
aae_acceptance,CANFINHOME,2024-06-13,2024-06-14,795.0325,2024-07-08,855.5172,TIME,1,60.4847,19.4101,41.0746,0.051551,0.0,0.138142,16,False,2024-06-12,768.8416890720827,2.3493321608096296,23.131292815285384,0.5357146246236418,0.7286013909382562,0.5838577572524272,0.31278113926008544,0.24497022404309887,0.028408867084525953,1,True,
aae_acceptance,CAPLIPOINT,2023-08-03,2023-08-04,931.6231,2023-08-07,880.0468,STOP,1,-51.5763,19.7587,-71.335,-0.076404,-0.071114,0.045925,2,False,2023-07-31,877.4261995457713,2.632369461306047,24.747536445319895,0.7560086043127034,0.8541441859461325,1.0800242334340988,0.8165076133424104,0.5012919639318647,0.05108438959646614,3,True,
aae_acceptance,CARBORUNIV,2018-09-12,2018-09-14,374.4526,2018-09-17,360.3514,STOP,2,-28.2022,19.0348,-47.237,-0.062937,-0.037949,0.0,2,False,2018-09-11,364.6591273424474,9.185223149569827,9.930010801874152,0.8387096133500399,0.936708811860916,0.5994789268369948,0.5027887389389527,0.13789986122870276,0.03207377811189955,1,True,
aae_acceptance,CARBORUNIV,2021-07-02,2021-07-05,652.0604,2021-07-05,621.4741,STOP,1,-30.5863,18.621,-49.2073,-0.0753,0.0,0.0,1,False,2021-07-01,610.0582137082316,4.949730039868771,19.909218538741616,0.5068527679027316,0.7139076081332797,1.0769761060336895,0.5458683203082813,0.2776889523902504,0.03355696821653497,1,True,
aae_acceptance,CARBORUNIV,2022-08-03,2022-08-04,857.5307,2022-08-10,810.4747,STOP,1,-47.056,19.4551,-66.5111,-0.077392,-0.068908,0.0,4,False,2022-08-01,801.3475971844317,4.034173270926469,30.38499827502034,0.7714284219895466,0.8394263482862899,1.589525349159545,1.2262050318145308,0.39723129255074924,0.04869579533440533,2,True,
aae_acceptance,CARBORUNIV,2022-09-13,2022-09-14,902.1321,2022-09-16,865.058,STOP,1,-37.0741,19.6637,-56.7378,-0.062756,-0.064736,0.022617,3,False,2022-09-12,876.2090753396259,5.615421526997226,27.472651005697905,0.5806440985320525,0.7363921671827834,1.0566114781224696,0.6135152192130409,0.1728281799775557,0.054525368202659144,1,True,
aae_acceptance,CARBORUNIV,2026-04-07,2026-04-08,868.9281,2026-04-30,949.4861,TIME,1,80.5579,19.763,60.7949,0.069813,-0.02124,0.127382,16,False,2026-04-02,813.7597039245544,6.4203993349522746,29.665933155731672,0.8272137040314212,0.8872445578070365,1.5569991649743333,1.2879710464322482,0.26974470827221675,0.05587091821994864,2,True,
aae_acceptance,CARTRADE,2022-09-14,2022-09-15,723.0,2022-09-15,688.4544,STOP,1,-34.5456,18.9125,-53.4581,-0.073778,0.0,0.0,1,False,2022-09-13,668.7999877929688,3.699028552802012,21.10798018940254,0.8816377402414669,0.8908168247767857,2.141370789694238,1.8879133040451135,0.6064373728621711,0.04108312093392391,1,True,
aae_acceptance,CARTRADE,2023-02-14,2023-02-15,553.75,2023-02-17,532.9636,STOP,1,-20.7864,18.2259,-39.0123,-0.070297,-0.053905,0.009481,3,False,2023-02-13,528.0999755859375,2.0665243963448314,19.7646448732525,0.7804871392170144,0.8238166358006253,1.2446485519395791,0.9714321876339216,0.5459779118177105,0.037885048736365876,1,True,
aae_acceptance,CARTRADE,2023-10-12,2023-10-13,640.0,2023-10-23,620.2926,STOP,1,-19.7074,18.5922,-38.2997,-0.059713,-0.04375,0.092969,7,False,2023-10-10,621.0,2.425967085062374,21.120145105785664,0.539567397623585,0.7689522890376942,0.6581405735822676,0.3551111965582777,0.33179292380138276,0.038082374192531,2,True,
aae_acceptance,CASTROLIND,2022-11-22,2022-11-23,109.9024,2022-11-29,104.4471,STOP,9,-49.0976,20.0065,-69.1041,-0.069712,-0.05,0.0,5,False,2022-11-16,104.04090553550714,4.921976899721067,2.5355928582054674,0.5405412250456673,0.6880737797861527,1.1879422741442092,0.6421317721494468,0.25766362123067893,0.04645910811257308,4,True,
aae_acceptance,CASTROLIND,2023-12-19,2023-12-20,131.2715,2023-12-21,123.0771,STOP,7,-57.3606,19.6932,-77.0538,-0.083671,-0.065451,0.0,2,False,2023-12-14,123.53453336360457,9.118790606999424,3.216546781591335,0.5813945791245798,0.7711867584779997,1.7143087294430333,0.9966898022441255,0.2827249490700773,0.055658013566535866,3,True,
aae_acceptance,CCL,2020-01-31,2020-02-03,201.25,2020-02-03,200.2333,STOP,4,-4.0669,19.3208,-23.3877,-0.02899,0.0,0.0,1,False,2020-01-30,199.80956591092624,7.871580250212832,7.846940333560281,0.7474740571280524,0.8263888153028763,1.1724961653728418,0.8764104656983219,0.21665922869369966,0.04602181376322968,1,True,
aae_acceptance,CCL,2023-09-06,2023-09-07,632.6282,2023-09-20,611.989,STOP,1,-20.6393,18.5592,-39.1985,-0.061826,-0.03486,0.069099,9,False,2023-09-05,608.5609012638371,2.107256669746101,13.535327008673136,0.889949141433206,0.9274434222737394,0.7584161189090298,0.6749517738721954,0.4632288511514553,0.029081651912632817,1,True,
aae_acceptance,CCL,2023-11-30,2023-12-01,663.0808,2023-12-08,639.0134,MOMENTUM_FAIL,1,-24.0674,18.6808,-42.7482,-0.064328,-0.043111,0.0,6,False,2023-11-29,633.6106108520186,2.0446347131725404,17.138193488316535,0.7653585597648638,0.9123158433932989,0.5130028966265766,0.39263115811731997,0.5004028776661072,0.03163921957610516,1,True,
aae_acceptance,CDSL,2020-11-17,2020-11-18,239.0433,2020-11-19,227.6727,STOP,4,-45.4825,19.8748,-65.3573,-0.068204,-0.057013,0.0,2,False,2020-11-13,230.1069099110426,4.010854032582122,7.718075735010022,0.5501726889898866,0.7632056708257313,0.8829026802246472,0.48574894169557215,0.25211937941311124,0.04625019758847627,2,True,
aae_acceptance,CDSL,2023-11-01,2023-11-02,742.159,2023-11-13,896.0206,TARGET,1,153.8616,19.377,134.4846,0.180812,0.0,0.244751,8,False,2023-10-31,693.9479490259732,5.640607080690099,26.422756457864768,0.7047518045789987,0.8613920308683263,0.8146193141238908,0.5741044316737182,0.2672766941209397,0.033647741335080854,1,True,
aae_acceptance,CEMPRO,2022-12-08,2022-12-09,136.957,2022-12-16,130.168,STOP,7,-47.523,19.8813,-67.4043,-0.070155,-0.050505,0.060606,6,False,2022-12-06,128.80474693692204,2.5861739778047594,5.1840716252610255,0.7766997814497574,0.8826537205742904,0.9816489217328888,0.7624465029703247,0.37589144140746944,0.043010786987362666,2,True,
aae_acceptance,CEMPRO,2025-03-12,2025-03-13,555.0591,2025-03-21,551.6266,MOMENTUM_FAIL,1,-3.4324,18.2667,-21.6992,-0.039008,-0.013264,0.00233,6,False,2025-03-11,539.4390393846469,2.522229785688473,10.962982223543065,0.7241392028687949,0.8964417914693023,0.5263534448848677,0.3811531640061722,0.25366382618055977,0.0238126205102724,1,True,
aae_acceptance,CEMPRO,2025-06-26,2025-06-27,868.2561,2025-07-16,828.8691,STOP,1,-39.387,19.516,-58.903,-0.067693,-0.059814,0.081701,14,False,2025-06-25,834.23018375675,2.515986070309916,35.01734972287376,0.7734803018012956,0.8626463897763575,1.0285089494874808,0.79553141265491,0.6109254239284784,0.05117989339656166,1,True,
aae_acceptance,CESC,2022-12-14,2022-12-15,66.9292,2022-12-20,64.4775,STOP,14,-34.3236,19.8166,-54.1402,-0.057654,-0.040741,0.02716,4,False,2022-12-13,64.2024131973955,3.1957175191431513,1.287637273013606,0.5897444088147296,0.728812945640003,1.2513361289799823,0.7379684856138118,0.4417639011797625,0.028233144404148567,1,True,
aae_acceptance,CESC,2024-04-08,2024-04-09,128.5192,2024-04-18,128.9268,MOMENTUM_FAIL,7,2.8531,19.7345,-16.8814,-0.018724,-0.059196,0.027484,6,False,2024-04-04,121.00187609674722,3.3278815536965003,5.174778589479875,0.880433863216415,0.9329264321402315,0.8051017174548157,0.7088388153809141,0.45229715298177653,0.05593898975243752,2,True,
aae_acceptance,CESC,2025-05-20,2025-05-21,163.5458,2025-05-21,159.354,STOP,6,-25.151,20.0222,-45.1731,-0.045935,0.0,0.0,1,False,2025-05-19,157.66825513503133,3.1280546698061342,5.5856828497564495,0.8463302771350384,0.9077136810069962,0.728226635120796,0.6163202499188998,0.4004677284164323,0.019252914017841866,1,True,
aae_acceptance,CESC,2025-07-02,2025-07-03,165.5983,2025-07-10,166.4753,MOMENTUM_FAIL,6,5.2617,20.1361,-14.8744,-0.014938,-0.001352,0.029577,6,False,2025-07-01,162.892761403865,2.8273198702924067,4.113569097710314,0.7708321217179464,0.8899993896484344,0.5443147541071501,0.4195752967907968,0.377017674280574,0.024802736782199304,1,True,
aae_acceptance,CESC,2025-10-24,2025-10-27,173.7635,2025-11-03,173.455,MOMENTUM_FAIL,5,-1.5428,19.5954,-21.1382,-0.024277,-0.012708,0.02808,6,False,2025-10-20,165.73824112274465,3.092465917469401,4.80526098439393,0.6297883634506822,0.9092809750354028,0.45625461322510424,0.2873438461798624,0.5474590680460624,0.041559848783889304,3,True,
aae_acceptance,CGCL,2026-05-06,2026-05-07,200.7521,2026-05-12,189.7096,STOP,4,-44.1699,19.2307,-63.4006,-0.078782,-0.076406,0.005475,4,False,2026-05-04,191.41898138064983,4.501905457515024,6.938335123813647,0.7852047226070733,0.9234047747672867,0.6034478625846558,0.4738301115486159,0.2773629941687329,0.05321463628049599,2,True,
aae_acceptance,CGCL,2026-09-04,2026-09-07,282.7,2026-09-08,268.5598,STOP,3,-42.4207,19.4247,-61.8453,-0.072763,-0.051468,0.0,2,False,2026-09-03,263.36597898652167,2.0383576860940344,11.642439629219295,0.8857467171861204,0.9430900831087248,0.7887724694699431,0.6986526254397915,0.6358171616094977,0.040515195160510976,1,True,
aae_acceptance,CGPOWER,2021-12-13,2021-12-14,173.8604,2021-12-20,163.1423,GAP_STOP,5,-53.5906,19.4915,-73.082,-0.083886,-0.066193,0.085795,5,False,2021-12-10,162.0062871665207,2.671586464080981,6.397226555421591,0.9565323244429407,0.9944147698308936,0.1775799172843784,0.16986093105441163,0.45083964710514024,0.04326895589628918,1,True,
aae_acceptance,CGPOWER,2022-07-11,2022-07-12,203.3969,2022-07-19,199.6925,MOMENTUM_FAIL,4,-14.8176,19.3352,-34.1528,-0.041886,-0.043225,0.005342,6,False,2022-07-06,193.86424442633563,3.6914621806955696,6.897211980597299,0.6813202687858787,0.7363641912286905,0.6516691256274453,0.4439953838319496,0.19981435874290268,0.053934032917175696,3,True,
aae_acceptance,CGPOWER,2023-02-13,2023-02-14,329.9396,2023-02-15,321.4512,STOP,3,-25.4653,20.0576,-45.5229,-0.045891,-0.055539,0.007036,2,False,2023-02-10,315.6159029690033,2.34215648352491,10.471450214902243,0.6185201187373487,0.6520271524189314,1.2735509200806165,0.7877168663063226,0.6605562135245606,0.027038247922295245,1,True,
aae_acceptance,CGPOWER,2023-05-12,2023-05-15,327.9636,2023-05-26,384.0748,TARGET,3,168.3335,20.4272,147.9063,0.15,0.0,0.178474,10,False,2023-05-11,322.70111624670415,3.1878622915403136,9.876159450257532,0.5000014928597581,0.8406372951915921,0.40215207849806384,0.20107663960568656,0.35164509084187917,0.036184674959448514,1,True,
aae_acceptance,CGPOWER,2024-03-26,2024-03-27,542.2219,2024-04-01,512.6483,STOP,1,-29.5736,18.1593,-47.7329,-0.08784,-0.061341,0.019835,3,False,2024-03-21,514.8369390355704,3.9521968784159918,21.563399536169552,0.7405164812732169,0.7859828490499445,1.5216600948132926,1.126814379105009,0.45746251494984635,0.05035577116384048,2,True,
aae_acceptance,CGPOWER,2025-09-01,2025-09-02,721.4576,2025-09-09,738.4701,MOMENTUM_FAIL,1,17.0125,19.011,-1.9985,-0.002764,0.0,0.046885,6,False,2025-08-29,686.0857158479974,5.637796756456962,15.87627167280646,0.5514388346762253,0.8269837394593278,0.7636067924510437,0.4210824397800539,0.3377741423727226,0.025046504577769104,1,True,
aae_acceptance,CHAMBLFERT,2024-04-25,2024-04-26,391.8231,2024-05-07,379.5729,STOP,2,-24.5004,19.189,-43.6894,-0.05563,-0.066634,0.065663,7,False,2024-04-24,367.8067462153469,10.576330122585148,12.046325712621519,0.7788945576426087,0.8135596288753107,1.5712436272838246,1.2238331100220026,0.16274694867500564,0.02391927349628417,1,True,
aae_acceptance,CHAMBLFERT,2024-06-13,2024-06-14,415.5541,2024-06-20,487.8904,TARGET,2,144.6727,19.7339,124.9388,0.15,-0.032959,0.28439,4,False,2024-06-10,396.15075251209686,3.6888880313232923,18.36921374113669,0.7869554041828581,0.8886358087713061,0.5954600572117944,0.46860050999785546,0.2477445389929495,0.043084041777137136,3,True,
aae_acceptance,CHENNPETRO,2021-05-24,2021-05-25,112.6186,2021-06-01,107.8112,MOMENTUM_FAIL,8,-38.4592,19.6559,-58.1151,-0.064364,-0.054194,0.030438,6,False,2021-05-21,104.34151128957095,4.329025261553478,5.004840197515199,0.6718761821134308,0.7765965735879914,1.0691335575198455,0.7183253727957838,0.31064050574578306,0.05123439653878018,1,True,
aae_acceptance,CHENNPETRO,2023-01-30,2023-01-31,204.8954,2023-02-01,197.7671,STOP,4,-28.5134,19.3326,-47.846,-0.058251,-0.054471,0.023638,2,False,2023-01-27,201.6524334120263,4.60986088073311,7.154073004189686,0.5730335321335722,0.844261700477773,0.5239476573238229,0.30023957672938073,0.31798519587986535,0.04596800068926506,1,True,
aae_acceptance,CHENNPETRO,2023-09-04,2023-09-05,383.2696,2023-09-11,450.6062,TARGET,2,134.6732,19.4409,115.2323,0.15,0.0,0.212086,5,False,2023-08-29,354.11667901997475,5.446366964425541,12.836050348755473,0.9420293549347496,0.9513516812711144,2.1799126442556744,2.0535417020822773,0.4640590079133833,0.053690042847507,4,True,
aae_acceptance,CHENNPETRO,2025-03-13,2025-03-17,538.0617,2025-04-07,497.3402,GAP_STOP,1,-40.7215,18.119,-58.8406,-0.109118,-0.075682,0.165483,15,False,2025-03-11,505.7393141441535,14.734310572056376,24.87674592520187,0.5551595616423949,0.8045348301180517,1.0659948605939187,0.5917972395203658,0.09899550358578406,0.059033251003315204,2,True,
aae_acceptance,CHOICEIN,2024-08-21,2024-08-22,431.4,2024-08-29,439.55,MOMENTUM_FAIL,2,16.3,19.6063,-3.3063,-0.003824,-0.011822,0.024571,6,False,2024-08-20,413.8999938964844,2.1498943149044494,11.587372546232373,0.7704271746435857,0.8365643101331953,1.1089663383347241,0.8543778028180644,0.6061417013333597,0.02618114819467544,1,True,
aae_acceptance,CHOICEIN,2024-11-06,2024-11-07,537.0,2024-11-14,526.8,MOMENTUM_FAIL,1,-10.2,18.1767,-28.3767,-0.052728,-0.062849,0.001862,6,False,2024-10-31,498.1000061035156,2.9360373885751447,16.98889306708507,0.8924939119583128,0.8781597970545977,1.4509476161364636,1.2949619139722208,0.4871687148965278,0.05675928943335511,4,True,
aae_acceptance,CHOICEIN,2025-04-16,2025-04-17,542.0,2025-05-08,641.8997,TARGET,1,99.8997,18.422,81.4777,0.15,0.0,0.193727,14,False,2025-04-15,521.4000244140625,2.3742538537178697,15.757763117626057,0.8536599889413466,0.8649532325107646,0.910660699670383,0.7773946028099381,0.48245483368337594,0.01562944895114781,1,True,
aae_acceptance,CHOICEIN,2025-07-17,2025-07-18,759.8,2025-07-25,752.1,MOMENTUM_FAIL,1,-7.7,19.1225,-26.8226,-0.035225,-0.019281,0.038431,6,False,2025-07-16,740.0,2.714678474890526,19.634974598945426,0.6094386873015707,0.9003275707619697,0.5933302513509853,0.3615984095196554,0.7860766577460974,0.026752753170523644,1,True,
aae_acceptance,CHOICEIN,2026-06-16,2026-06-17,712.95,2026-06-24,709.45,MOMENTUM_FAIL,1,-3.5,18.9333,-22.4333,-0.031397,-0.011151,0.030928,6,False,2026-06-15,696.0,2.1426417123248447,19.343114876757717,0.5274272469739892,0.7549242201648618,0.612619821649107,0.32311238597408476,0.6936843275902072,0.015407931602869176,1,True,
aae_acceptance,CHOLAFIN,2022-01-21,2022-01-24,653.8699,2022-01-24,619.4779,STOP,1,-34.3921,18.6209,-53.013,-0.080899,0.0,0.0,1,False,2022-01-20,620.1857326326357,3.9904904033133173,21.81584582582875,0.8785598314927723,0.9276028346856828,1.1966204069471162,1.0513026230882712,0.42163624461375293,0.04412531264571681,1,True,
aae_acceptance,CHOLAFIN,2022-08-02,2022-08-03,741.9481,2022-08-26,791.1332,TIME,1,49.1851,19.163,30.0221,0.040376,0.0,0.08022,16,False,2022-08-01,707.4689208066466,2.3744142562937585,22.934068343184002,0.8107591458565231,0.8975896009795047,1.167628383015896,0.946665390491801,0.604884356805334,0.030048122187975316,1,True,
aae_acceptance,CIEINDIA,2022-04-08,2022-04-11,192.5747,2022-04-19,180.2367,STOP,5,-61.6903,19.8701,-81.5604,-0.08452,-0.102458,0.0,5,False,2022-04-05,178.7924031474171,4.437554082758064,8.066543070312424,0.5430467982040098,0.8034190114914743,0.8835449005826125,0.47980622933086786,0.4245843564699772,0.05829875825513312,3,True,
aae_acceptance,CIEINDIA,2024-05-23,2024-05-24,516.2617,2024-05-31,511.9843,MOMENTUM_FAIL,1,-4.2773,18.1012,-22.3785,-0.043253,-0.014429,0.037702,6,False,2024-05-22,488.29068162333203,8.635173063653179,15.707654032554391,0.7001570126041785,0.8108912165522602,1.9490020939773,1.3646074836784348,0.2129491550639202,0.03920591779301766,1,True,
aae_acceptance,CIEINDIA,2025-09-19,2025-09-22,429.4263,2025-09-26,419.1312,STOP,2,-20.5901,19.5145,-40.1047,-0.046594,-0.045455,0.027548,5,False,2025-09-18,421.8354015763671,3.447930232144123,10.109476617042548,0.6690142912116449,0.8192302997295662,0.6923597886174804,0.46319859324536794,0.36201263878480594,0.023974060778804575,1,True,
aae_acceptance,CIPLA,2018-04-23,2018-04-24,561.5594,2018-05-02,571.8375,MOMENTUM_FAIL,1,10.2781,18.3221,-8.044,-0.014293,-0.024626,0.034775,6,False,2018-04-16,541.5636966061495,3.048047566035076,13.863835131427686,0.6524418574276414,0.9179863140737416,0.5526516369776957,0.36057306054015437,0.6511773758243307,0.04701740895383595,5,True,
aae_acceptance,COCHINSHIP,2024-04-02,2024-04-03,972.2225,2024-04-08,1138.7489,TARGET,1,166.5264,20.3742,146.1522,0.15,0.0,0.187525,4,False,2024-04-01,917.7937407149238,3.5400697536385994,46.9395559631268,0.816993143700187,0.9080457466163425,0.9641907184856546,0.787737206222137,0.5726184680498679,0.04315793239093494,1,True,
aae_acceptance,COFORGE,2020-09-14,2020-09-15,403.6729,2020-10-07,448.7044,TIME,2,90.063,19.5224,70.5407,0.087183,-0.04529,0.131763,16,False,2020-09-11,383.87330933600464,9.168554921784478,13.601545650396517,0.7705215175850214,0.934539852739233,0.738168789135162,0.5687749356383227,0.26864734616517677,0.05152939590157355,1,True,
aae_acceptance,COFORGE,2020-09-28,2020-09-29,448.6295,2020-10-07,448.7044,MOMENTUM_FAIL,2,0.1498,19.7189,-19.5691,-0.021762,-0.048017,0.018351,6,False,2020-09-25,425.5892037373651,2.9796638756686065,18.698534790997194,0.6007432530936925,0.8982966311566584,0.5394643953208944,0.3240795957732958,0.6384572610924384,0.04513934102177114,1,True,
aae_acceptance,COFORGE,2021-03-15,2021-03-16,531.9866,2021-04-08,576.7465,TIME,1,44.76,18.2674,26.4925,0.049691,-0.040493,0.121461,16,False,2021-03-10,505.7430500242833,5.441436314696791,20.66180068707607,0.5972043590456074,0.8321156013739597,0.517679311179126,0.30916034122390146,0.25191511626274704,0.05013724061485839,2,True,
aae_acceptance,COHANCE,2023-12-01,2023-12-04,680.5,2023-12-11,690.2,MOMENTUM_FAIL,1,9.7,18.8231,-9.1231,-0.013377,-0.037032,0.028655,6,False,2023-11-28,634.9500122070312,4.894984239746662,21.41044315001715,0.5897964166135204,0.789087457634066,1.144301396675219,0.6749048632848907,0.3244157741334534,0.05422776784001587,3,True,
aae_acceptance,CONCOR,2021-01-08,2021-01-11,415.007,2021-01-18,396.495,MOMENTUM_FAIL,2,-37.024,19.3593,-56.3833,-0.067782,-0.053483,0.013371,6,False,2021-01-06,390.5263557792168,4.53900504238887,12.327518695639311,0.5812622673863731,0.6075274521535688,1.978295377781102,1.1499084568490248,0.3125077359933831,0.0374860307599992,2,True,
aae_acceptance,CONCOR,2022-01-13,2022-01-14,631.0137,2022-01-21,585.6964,MOMENTUM_FAIL,1,-45.3173,18.5021,-63.8194,-0.100917,-0.078663,0.036615,6,False,2022-01-12,611.6188017808255,2.5387624186831936,14.759480499538173,0.5023254975209955,0.6777093482856851,0.6840798019542694,0.34363072686074253,0.24689462769174608,0.034119820390577205,1,True,
aae_acceptance,CONCOR,2023-11-07,2023-11-08,712.7336,2023-11-16,723.3284,MOMENTUM_FAIL,1,10.5948,18.9611,-8.3663,-0.011713,-0.022946,0.024494,6,False,2023-11-06,695.1323663246561,2.266195377974085,17.301412856976388,0.5809236039510759,0.6979166666666681,0.9591189119954482,0.5571748149740305,0.513746998133945,0.02755806679877427,1,True,
aae_acceptance,CONCOR,2025-05-19,2025-05-20,591.9026,2025-05-23,563.3442,GAP_STOP,1,-28.5585,18.3711,-46.9296,-0.079113,-0.063847,0.0,4,False,2025-05-16,560.8404833329195,9.984855279529834,17.289529071868262,0.7965117343026945,0.9212601803935705,0.778367914596504,0.619979177580833,0.18242369851913506,0.034959207495480434,1,True,
aae_acceptance,CONCOR,2025-05-28,2025-05-29,608.6073,2025-06-05,629.2634,MOMENTUM_FAIL,1,20.656,18.5419,2.1141,0.003466,-0.004821,0.047824,6,False,2025-05-27,592.9980297862652,2.1958489291128473,18.622777804248983,0.7970513423701816,0.9205219742055845,0.5692902283261269,0.4537535406855666,0.503212189389382,0.02829050367739571,1,True,
aae_acceptance,CONCOR,2026-07-28,2026-07-29,522.3626,2026-08-05,515.3266,MOMENTUM_FAIL,1,-7.036,18.1213,-25.1573,-0.048056,-0.017959,0.012762,6,False,2026-07-27,497.48820150065757,5.700753860526634,14.420175165836172,0.686275089440528,0.8941567722815448,1.055682628691183,0.7244886904258532,0.3988095395613408,0.02751925941298763,1,True,
aae_acceptance,CUB,2019-04-01,2019-04-02,147.2074,2019-04-03,140.2125,STOP,6,-41.9691,19.574,-61.5431,-0.069526,-0.048657,0.0,2,False,2019-03-22,138.04918512285346,2.8351099674361033,3.2560718805831916,0.925677422469358,0.9424095815731123,1.6197297589313167,1.499347268344456,0.6176329566101463,0.04728603161534178,5,True,
aae_acceptance,CUB,2025-04-16,2025-04-17,127.1987,2025-05-12,135.3768,TIME,7,57.2466,19.8062,37.4404,0.041958,-0.004572,0.072222,16,False,2025-04-15,123.22374557760675,2.6628001821890943,4.902642858981232,0.6083920101029833,0.8318326574564121,0.42941108975747544,0.26125027605806306,0.12235718259573562,0.035364380884421676,1,True,
aae_acceptance,CUMMINSIND,2019-05-28,2019-05-29,695.7622,2019-05-29,675.3771,STOP,1,-20.3851,18.8263,-39.2114,-0.056235,0.0,0.0,1,False,2019-05-27,675.6079572539574,3.064778628806277,22.105779280363635,0.8725011985695854,0.9419798160474511,0.7928054004325599,0.6917236621098487,0.3957838536100854,0.03173795023058212,1,True,
aae_acceptance,CUMMINSIND,2020-11-19,2020-11-20,469.9478,2020-12-10,550.7078,TARGET,2,161.5201,20.2276,141.2926,0.15,-0.013619,0.18677,14,False,2020-11-17,441.5131656572786,2.852993565832069,13.176951941367056,0.6733338670478933,0.7336958955502358,1.0407895654091488,0.7007988628600385,0.34899802565858934,0.05815702778819517,2,True,
aae_acceptance,CYIENT,2021-09-13,2021-09-14,958.3098,2021-09-28,897.4626,STOP,1,-60.8472,19.8525,-80.6998,-0.084027,-0.065055,0.083939,11,False,2021-09-06,907.5484812623955,2.8008259020816744,30.633315599061362,0.7759418150269484,0.8600948136737102,0.9821267517512209,0.7620732143403635,0.4076049076879309,0.05533284843133591,4,True,
aae_acceptance,CYIENT,2026-08-20,2026-08-21,898.5,2026-08-26,1053.6094,TARGET,1,155.1094,20.0397,135.0696,0.15,-0.004897,0.175292,4,False,2026-08-19,885.0,3.4290989191393546,25.110564650025687,0.5277777777777778,0.8023255813953488,0.7168297587438595,0.37832681711481475,0.41750583567418564,0.021321329135226462,1,True,
aae_acceptance,DABUR,2019-02-01,2019-02-04,417.6958,2019-02-11,414.8773,MOMENTUM_FAIL,2,-5.6369,19.4459,-25.0829,-0.02996,-0.022566,0.026991,6,False,2019-01-31,405.17421461921185,5.423038024027548,10.08144280443878,0.5333317206078731,0.78333246140253,0.8937249658931959,0.47665187381003093,0.21128403013317393,0.029421593495774705,1,True,
aae_acceptance,DABUR,2020-01-14,2020-01-15,448.2335,2020-01-22,452.7443,MOMENTUM_FAIL,2,9.0214,19.7337,-10.7122,-0.011923,-0.003112,0.025833,6,False,2020-01-13,436.1894945796245,2.479479139873288,7.699111927398995,0.9282299541965788,0.9246232080529528,1.262350025714632,1.171751106549143,0.5773257904406948,0.014773997601437685,1,True,
aae_acceptance,DABUR,2021-07-08,2021-07-09,557.9675,2021-07-16,543.2694,MOMENTUM_FAIL,1,-14.6981,18.2561,-32.9542,-0.058932,-0.029027,0.006963,6,False,2021-07-01,545.5163204724347,2.7162530367415063,9.842747048719295,0.8057106378554516,0.9211130779579414,0.8322414429962811,0.6705457838862752,0.7353515681468996,0.02460689689154439,5,True,
aae_acceptance,DABUR,2026-07-02,2026-07-03,443.1509,2026-07-06,434.5503,STOP,2,-17.2012,19.6373,-36.8386,-0.041474,-0.023613,0.00401,2,False,2026-07-01,433.130910462965,4.685531737887247,9.620106426985487,0.7272720143095119,0.9075975590956773,0.8465935669989074,0.6157038087727702,0.49386609798786923,0.015239832408049046,1,True,
aae_acceptance,DEEPAKFERT,2022-01-04,2022-01-05,399.421,2022-01-12,469.2588,TARGET,2,139.6757,19.5875,120.0883,0.15,-0.022646,0.177592,6,False,2022-01-03,370.4284178220265,3.2332438997039685,13.772107959521108,0.903846049906432,0.9533436925422233,1.0785060245425557,0.9748034100830784,0.6553757211455484,0.03750293983380281,1,True,
aae_acceptance,DEEPAKFERT,2023-07-07,2023-07-10,595.7036,2023-07-12,570.6054,STOP,1,-25.0982,18.3942,-43.4924,-0.072851,-0.043566,0.0,3,False,2023-07-06,571.2410976407058,3.0153167507841845,13.518373165064459,0.7252221024039053,0.9077142413923023,0.7892494712241053,0.5723811608423163,0.6968087683193758,0.033712503591067824,1,True,
aae_acceptance,DEEPAKFERT,2023-12-19,2023-12-20,690.8078,2023-12-20,659.5759,STOP,1,-31.2318,18.7833,-50.0151,-0.072243,0.0,0.0,1,False,2023-12-18,663.6588036298168,4.0814603243025855,21.93017931193683,0.7875928243465284,0.8900773982411425,1.186669993233647,0.9346127715381639,0.4492367019012271,0.04439868714123457,1,True,
aae_acceptance,DEEPAKFERT,2024-07-25,2024-07-26,829.4878,2024-08-06,973.9096,TARGET,1,144.4217,19.7265,124.6952,0.15,0.0,0.194787,8,False,2024-07-24,786.5875403569688,2.954431875826741,38.43869645138764,0.8780211334694559,0.9017611382064155,1.1058918535646352,0.9709964187614585,0.5061234456242867,0.036995134928062445,1,True,
aae_acceptance,DEEPAKNTR,2019-05-28,2019-05-29,303.1769,2019-06-10,291.2532,STOP,3,-35.771,19.6976,-55.4686,-0.060853,-0.076484,0.072517,8,False,2019-05-27,292.49687096212347,3.3380188277443645,11.530041913542824,0.8442193699065891,0.9378750480085919,0.8303097150576088,0.700963544473254,0.4524872090600359,0.035963639513366855,1,True,
aae_acceptance,DELHIVERY,2024-12-10,2024-12-11,381.95,2024-12-19,360.0,GAP_STOP,2,-43.9,19.0661,-62.9662,-0.082247,-0.067941,0.054719,7,False,2024-12-09,359.79998779296875,3.050784253676945,12.987681603843356,0.8496242671775868,0.9168399801540724,1.0240486883056243,0.870056616355835,0.4568099889110271,0.036617004641696385,1,True,
aae_acceptance,DELHIVERY,2025-04-21,2025-04-22,292.95,2025-05-14,323.95,TIME,3,93.0,19.8303,73.1697,0.083075,-0.00256,0.115378,16,False,2025-04-17,276.25,3.1035174251789535,12.750975806823835,0.7328239295531845,0.915048443009096,0.5136852184648838,0.37644082034882226,0.4548570131695765,0.038295786307224786,1,True,
aae_acceptance,DELHIVERY,2026-04-09,2026-04-10,473.05,2026-04-20,464.5,MOMENTUM_FAIL,2,-17.1,19.89,-36.99,-0.039012,-0.040588,0.003065,6,False,2026-04-08,447.70001220703125,2.332644156397722,15.70037790961442,0.7023122814816383,0.6750793745535483,1.1018835274260996,0.7738663340736593,0.48739354198989154,0.03568030642128406,1,True,
aae_acceptance,DELHIVERY,2026-07-06,2026-07-07,520.05,2026-07-14,512.1,MOMENTUM_FAIL,1,-7.95,18.1097,-26.0597,-0.050001,-0.0424,0.007595,6,False,2026-07-01,491.70001220703125,4.979642537661723,15.77722927305513,0.8743175231049906,0.9417724609375,1.1598987044082618,1.014119762290919,0.4537649290463801,0.04481946128775987,3,True,
aae_acceptance,DEVYANI,2022-08-01,2022-08-02,182.4,2022-08-18,213.84,TARGET,5,157.2,20.101,137.0991,0.15,-0.028783,0.178728,11,False,2022-07-29,170.85000610351562,6.6946048856913905,7.066135510166723,0.7330316554630668,0.8567962010042658,1.5637950584262188,1.1463112804831344,0.2874959321052199,0.04277323996883007,1,True,
aae_acceptance,DEVYANI,2024-06-10,2024-06-11,178.99,2024-06-19,171.61,MOMENTUM_FAIL,5,-36.9,19.6337,-56.5338,-0.063032,-0.050226,0.009833,6,False,2024-06-06,163.64999389648438,3.731934100719725,5.711041425258246,0.8622762807322751,0.8954551003196023,1.4620811655446972,1.2607179095545913,0.44807863199218,0.0545255920226763,2,True,
aae_acceptance,DIXON,2019-01-24,2019-01-25,445.9198,2019-01-25,445.0371,STOP,2,-1.7654,19.6922,-21.4575,-0.024007,0.0,0.0,1,False,2019-01-23,440.7462330480408,2.25016173601673,10.971840979312317,0.6074858745257037,0.7884719229585317,0.8478475141369665,0.5150553885899389,0.5351685170907842,0.013643224064466147,1,True,
aae_acceptance,DLF,2020-01-13,2020-01-14,237.9054,2020-01-21,242.6239,MOMENTUM_FAIL,4,18.8739,19.9866,-1.1127,-0.001167,0.0,0.047204,6,False,2020-01-10,226.95859462742038,2.2502887786434984,6.714088686198496,0.8222212931158074,0.9111107720269104,0.6324939396583249,0.5200499849537794,0.3716400390303182,0.040633526035066765,1,True,
aae_acceptance,DLF,2020-08-20,2020-08-21,153.9991,2020-09-01,145.5535,STOP,6,-50.6734,19.7283,-70.4018,-0.076027,-0.05636,0.120111,8,False,2020-08-18,142.66376653493845,4.3042810633985455,5.772161825639223,0.6783905213134537,0.7672718394886354,1.6351218037599917,1.1092511328637356,0.3817908267782278,0.04632415906836725,2,True,
aae_acceptance,DLF,2022-12-05,2022-12-06,402.6071,2022-12-07,394.244,STOP,2,-16.7262,19.2959,-36.0221,-0.044638,-0.027027,0.0,2,False,2022-12-01,396.0783180611219,2.0813977590510873,8.922937376122825,0.603778394033793,0.831327014101839,0.5745071335627656,0.34687499446348447,0.5233979595795243,0.023119277092257702,2,True,
aae_acceptance,DLF,2023-10-11,2023-10-12,551.0873,2023-10-19,546.0181,MOMENTUM_FAIL,1,-5.0693,18.2466,-23.3159,-0.042217,-0.017424,0.020255,6,False,2023-10-10,536.659457039627,3.5483703192503566,13.727552828359322,0.7894733093308263,0.8617512298436443,1.011957820238432,0.7989136892468445,0.41827937359155964,0.01427208661738194,1,True,
aae_acceptance,DLF,2024-07-30,2024-07-31,865.278,2024-08-02,841.2085,GAP_STOP,1,-24.0695,19.5346,-43.6041,-0.050283,-0.04657,0.020905,3,False,2024-07-29,831.5540563795014,2.3549098211608195,26.563004291804003,0.7391304568552818,0.8681318681318677,0.8440965720446422,0.6238974849253336,0.6280495078118988,0.018753678527835427,1,True,
aae_acceptance,DLF,2026-06-16,2026-06-17,625.2006,2026-06-24,610.4854,MOMENTUM_FAIL,1,-14.7152,18.5399,-33.2551,-0.053075,-0.037359,0.017297,6,False,2026-06-15,600.3625186986874,2.5288163931362417,18.01840466457926,0.5282266597649136,0.7340920188210255,0.6796506511017351,0.35900959323851817,0.5938804329840225,0.035273852017686826,1,True,
aae_acceptance,DRREDDY,2018-09-07,2018-09-10,498.2631,2018-09-12,474.8375,STOP,2,-46.8512,20.0424,-66.8936,-0.06698,-0.05191,0.0,3,False,2018-09-03,478.5512831510601,4.029078747330751,13.28476765302443,0.6553564077650206,0.7182472678995466,1.6010057073360184,1.049229349171029,0.3597553959299153,0.050164040397427036,4,True,
aae_acceptance,DRREDDY,2020-01-20,2020-01-21,584.7017,2020-01-27,577.7354,STOP,1,-6.9663,18.3847,-25.351,-0.043263,-0.018998,0.05022,5,False,2020-01-17,575.6025246767568,2.964711290054409,9.931391615568248,0.6426939751281228,0.8655965909886311,0.7900073423806747,0.5077329592550397,0.6297644985688425,0.013222138986550443,1,True,
aae_acceptance,DRREDDY,2022-03-25,2022-03-28,843.5118,2022-03-28,823.9434,STOP,1,-19.5684,19.4518,-39.0203,-0.046158,0.0,0.0,1,False,2022-03-24,824.3287114035224,2.192993612089968,24.85612612502143,0.7718996211990187,0.9188586361828727,0.6841960322556704,0.5281306581240235,0.7141358365261341,0.023568224474719953,1,True,
aae_acceptance,EIDPARRY,2020-01-03,2020-01-06,217.9196,2020-01-13,221.0599,MOMENTUM_FAIL,4,12.5613,19.6362,-7.0749,-0.008099,-0.019651,0.026201,6,False,2020-01-02,202.50341622956157,3.173966806816087,8.033176614643132,0.8647548333121015,0.8821432931082582,1.445220264931596,1.2497612093001933,0.5598388376298052,0.050538661347352964,1,True,
aae_acceptance,EIDPARRY,2023-11-24,2023-11-28,537.0,2023-11-30,518.4427,STOP,1,-18.5573,18.1597,-36.7169,-0.068225,-0.039106,0.022905,3,False,2023-11-23,514.6038591345027,8.305222161505407,16.33509184864116,0.8474279317096662,0.9197446009156051,1.2639133625205008,1.0710754866609578,0.3029484459274765,0.03482696018003031,1,True,
aae_acceptance,EIHOTEL,2022-07-22,2022-07-25,137.9081,2022-08-17,154.7777,TIME,7,118.0876,20.2466,97.841,0.101131,0.0,0.134094,16,False,2022-07-21,134.46527363173664,3.6588513808349084,4.374244232151932,0.7499997437099727,0.9337748612057082,0.4497468716808435,0.3373100384949946,0.40563564547257697,0.04661444882473052,1,True,
aae_acceptance,EIHOTEL,2024-01-03,2024-01-04,267.4807,2024-01-29,314.2252,TARGET,3,140.2333,19.6038,120.6295,0.15,-0.001848,0.201848,16,False,2024-01-02,252.64816737228668,5.9698174881952975,7.9284315171792565,0.7642577813188157,0.8422388261367219,1.6400728223135583,1.2534384163826484,0.3071098252196164,0.03043659087577922,1,True,
aae_acceptance,EIHOTEL,2025-03-17,2025-03-18,360.4258,2025-04-07,337.1245,GAP_STOP,2,-46.6025,18.8789,-65.4814,-0.090641,-0.078542,0.107565,14,False,2025-03-13,349.02300810201564,2.2062988011368625,15.05929693059382,0.7171733804247346,0.8721466404875002,0.6518423582608277,0.4674839875779487,0.3879595453928849,0.037600215172613326,1,True,
aae_acceptance,ELECON,2023-04-13,2023-04-17,222.2127,2023-04-24,226.8755,MOMENTUM_FAIL,4,18.6512,19.7211,-1.0699,-0.001201,-0.04008,0.024758,6,False,2023-04-11,200.7981528856329,5.492259777864942,7.954770745604043,0.8788398007576301,0.8978420779001811,1.8174305346276538,1.5972302889430003,0.3766476871719553,0.058228450136360174,2,True,
aae_acceptance,ELECON,2023-07-05,2023-07-06,316.3183,2023-07-11,370.626,TARGET,3,162.9231,20.2687,142.6544,0.15,-0.018472,0.172354,4,False,2023-07-03,295.59510431962417,4.95648036156944,11.140019077117433,0.6807449621225102,0.7422261347816868,1.7891221471080898,1.2179358882656408,0.35872325126947313,0.049266646610601914,2,True,
aae_acceptance,ELGIEQUIP,2022-09-05,2022-09-06,533.7295,2022-09-13,527.0327,MOMENTUM_FAIL,1,-6.6968,18.17,-24.8668,-0.046489,-0.027586,0.045484,6,False,2022-09-02,499.0142796570964,2.3041758134581194,24.050180101023482,0.8564446284956827,0.8954877451193596,1.255085520442677,1.074911252285839,0.721528871162249,0.03169546838191929,1,True,
aae_acceptance,ELGIEQUIP,2022-10-24,2022-10-25,501.2795,2022-10-31,484.2348,STOP,1,-17.0446,18.0119,-35.0565,-0.069782,-0.053635,0.062868,4,False,2022-10-21,466.8102494848267,3.8099859296604888,23.476391930169868,0.6859340325161176,0.830384572147528,1.08860104498328,0.7467085045866407,0.44482446390352554,0.027121161562825468,1,True,
aae_acceptance,ELGIEQUIP,2024-01-30,2024-01-31,605.1735,2024-02-21,639.2253,TIME,1,34.0519,18.5547,15.4972,0.025552,-0.048918,0.149776,16,False,2024-01-24,563.4118675877421,3.6473298328872286,16.484157178574275,0.5706194939038759,0.8589983421960888,0.5306696276256628,0.3028104343459139,0.3444234353394301,0.05881630123322724,3,True,
aae_acceptance,ELGIEQUIP,2024-06-18,2024-06-19,690.3772,2024-07-10,706.0439,TIME,1,15.6667,18.877,-3.2103,-0.00464,-0.001217,0.14389,16,False,2024-06-14,657.8080613741967,4.661506337767087,27.474550226970575,0.7551016821291132,0.8396434678824751,1.0577132851036644,0.7986810807920873,0.23037684179781048,0.03738709767305469,1,True,
aae_acceptance,EMAMILTD,2020-11-23,2020-11-24,363.6429,2020-12-16,379.3274,TIME,2,31.3689,19.0648,12.3041,0.016881,0.0,0.150337,16,False,2020-11-20,352.12895608692145,2.748754364543638,11.56584052149962,0.6842115233041168,0.7906988710258331,0.8936111170154569,0.6114190236146392,0.4277594952012294,0.030245410383054262,1,True,
aae_acceptance,EMAMILTD,2021-01-11,2021-01-12,424.2954,2021-02-03,440.7052,TIME,2,32.8195,19.58,13.2395,0.015568,-0.03985,0.076923,16,False,2021-01-06,396.05439132672564,3.8542867029150414,12.67015992876588,0.7598870066501513,0.8473966346259214,1.2665247367921202,0.962415691089335,0.4279253778503427,0.04881683819492636,3,True,
aae_acceptance,EMAMILTD,2021-06-03,2021-06-04,504.6032,2021-06-11,496.4675,MOMENTUM_FAIL,1,-8.1357,18.0441,-26.1798,-0.051769,-0.038768,0.025906,6,False,2021-06-02,475.9908665789596,2.1547613975789113,12.871969215379352,0.6980172901735965,0.8584691637754008,0.717268864141224,0.5006660688737506,0.6674064399049224,0.056191820185109716,1,True,
aae_acceptance,EMAMILTD,2022-08-24,2022-08-25,465.9145,2022-08-29,442.2628,STOP,2,-47.3034,19.7683,-67.0717,-0.071822,-0.059761,0.0,3,False,2022-08-19,445.2175193778557,4.271536275487857,12.41050557316441,0.5256905373566593,0.7189696353757945,0.9460247113730401,0.4973162388743719,0.35628165930030603,0.05104764094935137,3,True,
aae_acceptance,EMAMILTD,2024-04-29,2024-04-30,467.999,2024-05-23,519.6462,TIME,2,103.2943,20.0925,83.2018,0.088697,-0.008426,0.122071,16,False,2024-04-26,452.03350698819725,2.4801406525939127,12.751158001794192,0.7285727015359916,0.8416671752929691,1.0559706304882137,0.7693513749974622,0.46226538322330085,0.03181526125703076,1,True,
aae_acceptance,EMBASSY,2025-10-01,2025-10-03,397.7766,2025-10-10,402.5273,MOMENTUM_FAIL,2,9.5014,19.3085,-9.8071,-0.012301,-0.010901,0.016469,6,False,2025-09-30,395.88195587342597,5.488643858423567,6.938965985177316,0.6445172973442861,0.8695114961778675,0.408884161982635,0.2635329150079312,0.19923298965038794,0.021075571142057256,1,True,
aae_acceptance,ENGINERSIN,2020-08-20,2020-08-21,62.2753,2020-08-24,59.3331,STOP,16,-47.0758,20.0414,-67.1172,-0.067212,-0.04746,0.0,2,False,2020-08-19,59.94417740367405,6.086248832799725,2.046323036099746,0.549997615812484,0.8977280017755674,0.4068506330530173,0.22376687817095928,0.26405097801418764,0.03824517964401669,1,True,
aae_acceptance,ENGINERSIN,2024-04-30,2024-05-02,235.5645,2024-05-06,221.0679,STOP,4,-57.9861,19.7906,-77.7767,-0.082363,-0.075506,0.0,3,False,2024-04-26,222.78481586525385,3.7114142947589546,9.886772265308045,0.560346473716924,0.8508778270045023,0.5594815371098759,0.31350350642924335,0.3846635022303587,0.05233134160857101,2,True,
aae_acceptance,ETERNAL,2026-07-07,2026-07-08,288.5,2026-07-15,294.8,MOMENTUM_FAIL,3,18.9,19.623,-0.7231,-0.000834,-0.034489,0.041075,6,False,2026-07-01,267.5,2.3853227247170983,8.250234274755755,0.9312982078502356,0.9411769399083676,1.587834438059451,1.4787473665276525,0.7672973462278805,0.04413216617513424,4,True,
aae_acceptance,EXIDEIND,2023-05-23,2023-05-24,204.2565,2023-05-31,206.6537,MOMENTUM_FAIL,4,9.5891,19.3994,-9.8103,-0.011981,-0.015569,0.014371,6,False,2023-05-17,193.00402350083283,9.279884549986244,4.594041325626915,0.8159199033745751,0.8405167991286712,2.1405273815917556,1.7464988943589776,0.24558204001306125,0.049041344560207235,4,True,
aae_acceptance,EXIDEIND,2024-01-05,2024-01-08,326.7376,2024-01-15,321.2139,MOMENTUM_FAIL,3,-16.5712,20.0352,-36.6064,-0.037264,-0.028679,0.031849,6,False,2023-12-29,305.67844865992527,3.120103417778908,9.10156201537048,0.554007846749579,0.6493154029323626,1.5551764609118437,0.8615799624254015,0.3560267636304988,0.04890913203539582,5,True,
aae_acceptance,EXIDEIND,2026-07-21,2026-07-22,442.95,2026-07-27,430.8439,STOP,2,-24.2121,19.6214,-43.8335,-0.049371,-0.0447,0.019415,4,False,2026-07-17,431.0,2.9857358339785933,11.338532859811849,0.7567606206904136,0.9250013563368056,0.48948024066147533,0.3704193707386711,0.4105890089765231,0.02842727188216162,2,True,
aae_acceptance,FEDERALBNK,2019-09-23,2019-09-24,91.5463,2019-09-30,86.2758,STOP,10,-52.7047,19.6882,-72.3929,-0.078905,-0.07128,0.0,5,False,2019-09-20,83.49670851415729,2.8910375917561715,3.3105009184714853,0.8881995511626146,0.928571904327381,2.316433128271343,2.0574548648288182,1.1297069439458747,0.05560615935293969,1,True,
aae_acceptance,FEDERALBNK,2020-10-20,2020-10-21,54.1562,2020-10-26,51.931,STOP,18,-40.0529,19.9645,-60.0174,-0.061434,-0.050132,0.005277,4,False,2020-10-19,51.67936731974284,3.0009096398435946,2.0413321801478563,0.8297881566703216,0.882353535160873,1.0966587334126028,0.9099944288948533,0.6220291079867443,0.04108785594026281,1,True,
aae_acceptance,FEDERALBNK,2022-09-01,2022-09-02,117.0942,2022-09-23,114.1131,TIME,8,-23.8489,19.8368,-43.6857,-0.046533,-0.034641,0.083055,16,False,2022-08-30,113.47777693609991,2.04496702702634,3.224658987561453,0.5142869424067611,0.8045979833836987,0.530436234101634,0.27279642897788625,0.5780610302231312,0.03821640400878603,1,True,
aae_acceptance,FEDERALBNK,2023-08-28,2023-08-29,142.5921,2023-09-05,142.4936,MOMENTUM_FAIL,6,-0.591,19.5413,-20.1323,-0.02348,-0.024171,0.006906,6,False,2023-08-23,134.81253980937743,2.2247155449640648,2.77324751112347,0.9056607000129232,0.921874925494123,1.881982725596679,1.7044377926761174,0.9018055809435065,0.04108211041471638,3,True,
aae_acceptance,FEDERALBNK,2024-06-20,2024-06-21,176.9895,2024-06-28,174.5473,MOMENTUM_FAIL,5,-12.211,19.6418,-31.8528,-0.035915,-0.042286,0.0,6,False,2024-06-12,166.52157947115495,2.4979124848282988,5.090780887821453,0.8717950098665637,0.9136871892033264,1.0561696567468644,0.9207634363243977,0.48554850820272505,0.047274161066646364,5,True,
aae_acceptance,FINCABLES,2023-02-24,2023-02-27,700.4328,2023-02-27,678.7776,STOP,1,-21.6552,18.8434,-40.4987,-0.057693,0.0,0.0,1,False,2023-02-23,680.2677313224327,6.111164192548015,30.613757639136328,0.6950023347966329,0.8937286935292137,0.634887560978826,0.4412483372136238,0.2721906258648454,0.03091700474908116,1,True,
aae_acceptance,FLUOROCHEM,2020-11-14,2020-11-17,535.1917,2020-11-18,520.2483,STOP,1,-14.9434,18.1594,-33.1028,-0.061717,-0.045848,0.0,2,False,2020-11-13,512.296893052673,6.481376383354101,21.461632923904535,0.7855063658371725,0.9134500686377316,0.8000842098303353,0.6284712400275325,0.23937338386020698,0.031434706356829364,1,True,
aae_acceptance,FORTIS,2018-11-19,2018-11-20,147.0169,2018-11-20,145.2521,STOP,6,-10.5886,19.6331,-30.2217,-0.034186,0.0,0.0,1,False,2018-11-16,143.29429393053022,2.061546731828082,3.757322212380889,0.8599964118149683,0.9066650390625003,0.6604957691212505,0.5680239914632432,0.352428420712647,0.01599035647508353,1,True,
aae_acceptance,FORTIS,2020-11-14,2020-11-17,142.7483,2020-11-17,139.0963,STOP,6,-21.9119,19.5019,-41.4137,-0.048247,0.0,0.0,1,False,2020-11-13,135.79948789271938,3.5007043213522966,4.361481616647858,0.849998564420491,0.9210518918875514,1.3656188477813056,1.1607740601596748,0.44861262405419955,0.02320582133449714,1,True,
aae_acceptance,FORTIS,2023-11-13,2023-11-15,371.2015,2023-11-22,363.8831,MOMENTUM_FAIL,2,-14.6369,19.035,-33.6718,-0.045256,-0.052307,0.005633,6,False,2023-11-10,345.01430825784945,2.908958909691801,9.095845213782262,0.6615389652033855,0.7354708266773652,2.134649246093193,1.412153653332678,0.6472654657067182,0.05207029549984395,1,True,
aae_acceptance,FORTIS,2025-07-31,2025-08-01,858.8888,2025-08-25,914.1802,TIME,1,55.2914,19.6692,35.6222,0.041384,-0.012852,0.129332,16,False,2025-07-24,830.136623456958,2.2653672026981764,20.748697826951844,0.8220317115264696,0.8503550479437941,0.8511510704530127,0.6996731712120767,0.4850435621516287,0.03770654519612203,5,True,
aae_acceptance,FSL,2020-09-18,2020-09-21,64.95,2020-09-21,61.5125,STOP,15,-51.562,19.9387,-71.5008,-0.07323,0.0,0.0,1,False,2020-09-15,61.46271857552863,2.0041376994340103,2.9995913347377585,0.7857149557288652,0.8437500993410125,1.0172554566294256,0.7992728260705357,0.5945904101397597,0.04973610627416803,3,True,
aae_acceptance,FSL,2021-05-20,2021-05-21,127.5024,2021-05-28,127.1876,MOMENTUM_FAIL,7,-2.2037,19.6941,-21.8979,-0.024481,-0.046913,0.017989,6,False,2021-05-19,122.19548290738632,2.1489208793229873,6.027115374311745,0.5849006060291493,0.8842098838404617,0.395484023316015,0.23131884491238341,0.5243377689957858,0.05449727364955978,1,True,
aae_acceptance,FSL,2022-09-09,2022-09-12,108.5061,2022-09-15,103.2783,STOP,9,-47.0501,19.9577,-67.0078,-0.068467,-0.048511,0.008936,4,False,2022-09-07,104.35056727220271,4.6110443668162295,3.5870822346475677,0.63636641857194,0.929411944221047,0.4247772283675946,0.2703139635072012,0.39081734658850636,0.040009533177186474,2,True,
aae_acceptance,FSL,2022-11-14,2022-11-15,102.5037,2022-11-17,98.9518,STOP,9,-31.9671,19.7603,-51.7274,-0.055949,-0.046396,0.007207,3,False,2022-11-11,100.01032336350576,3.9176056888068915,3.0540011070453033,0.5000052033645497,0.8800003051757808,0.36285397389471635,0.18142887500886265,0.49397772880939816,0.0307218797462006,1,True,
aae_acceptance,FSL,2023-08-22,2023-08-23,151.4027,2023-09-13,155.7774,TIME,6,26.2482,19.8192,6.429,0.007062,-0.036118,0.09799,16,False,2023-08-21,144.46027502671876,2.748972661143893,4.237957264527075,0.8170729411542569,0.9019607060935474,0.920062621636165,0.7517582723063576,0.5142854146167967,0.041978471148605576,1,True,
aae_acceptance,FSL,2024-07-04,2024-07-05,226.5867,2024-07-29,258.6147,TIME,4,128.112,20.0179,108.0941,0.119003,-0.031952,0.150149,16,False,2024-07-02,210.25814028772695,6.096938889299923,7.687309121788658,0.7925663504306902,0.8300278051242259,1.4567746414227047,1.1545905609523706,0.25731454121307107,0.04974953445162798,2,True,
aae_acceptance,FSL,2026-07-13,2026-07-14,264.0,2026-07-21,266.05,MOMENTUM_FAIL,3,6.15,19.2867,-13.1367,-0.016551,-0.016742,0.030303,6,False,2026-07-10,254.39999389648438,2.702105003477881,10.391199402563183,0.7673391986946264,0.8945634958305645,0.665949440449331,0.5110091100055245,0.597261990931251,0.0532827546320656,1,True,
aae_acceptance,GABRIEL,2021-03-04,2021-03-05,124.7364,2021-03-05,119.8001,STOP,7,-34.554,19.5465,-54.1005,-0.061825,0.0,0.0,1,False,2021-03-03,116.64277815254576,6.5746290986985985,4.725235274894491,0.6158544671843471,0.7056079630936845,1.6523889027085048,1.0176310872588743,0.24673042305347875,0.05330436911464674,1,True,
aae_acceptance,GABRIEL,2024-12-09,2024-12-10,489.718,2024-12-26,470.6729,STOP,2,-38.0902,19.9881,-58.0782,-0.059168,-0.039164,0.095475,12,False,2024-12-06,467.15992521119915,22.69487619453635,17.43909899729791,0.6407184180810864,0.8860398728289188,0.9516288222682233,0.6097261136040634,0.10382423889965493,0.032805643568218544,1,True,
aae_acceptance,GABRIEL,2025-05-13,2025-05-14,627.0536,2025-06-04,646.8292,TIME,1,19.7755,18.618,1.1575,0.001842,-0.033281,0.093502,16,False,2025-05-12,593.2662945593792,4.211004513876368,28.76634197828142,0.8761914393639928,0.935000610351561,0.7254529912426938,0.6356357005878499,0.3667011046585192,0.024791710180873703,1,True,
aae_acceptance,GAIL,2023-09-04,2023-09-05,110.9444,2023-09-12,109.8215,MOMENTUM_FAIL,8,-8.9833,19.6594,-28.6427,-0.032201,-0.01336,0.048988,6,False,2023-09-01,107.08153939965355,2.9652237400135872,2.568417964556178,0.693548461499015,0.8592585810908546,1.0842678727494686,0.7519923149982036,0.7490134911487782,0.015538472795591615,1,True,
aae_acceptance,GAIL,2024-03-05,2024-03-06,179.7664,2024-03-06,175.8158,STOP,5,-19.7532,19.6851,-39.4383,-0.043782,0.0,0.0,1,False,2024-03-04,174.02276824774992,2.4732245192085265,5.652065158359408,0.5940605229008818,0.7405076738247817,0.8277089997446079,0.4917092411980476,0.44401783705679976,0.02222853026980171,1,True,
aae_acceptance,GAIL,2024-04-09,2024-04-10,189.4472,2024-04-15,182.4992,GAP_STOP,5,-34.7397,19.8589,-54.5986,-0.057514,-0.038631,0.020049,3,False,2024-04-08,179.8127210369273,3.238990255354392,6.127634912586577,0.8580636841744504,0.8981476117882594,1.1716652333116322,1.005363386714496,0.4667583391671262,0.024776551161068534,1,True,
aae_acceptance,GALLANTT,2025-07-24,2025-07-25,638.522,2025-07-30,753.3697,TARGET,1,114.8477,18.86,95.9877,0.15,0.0,0.214642,4,False,2025-07-21,606.6953261727036,4.076218591716112,26.306754994569044,0.532558957265815,0.6952240808866055,1.6257068601998907,0.8657847502879359,0.4401014276061874,0.05290045076876397,3,True,
aae_acceptance,GESHIP,2019-09-16,2019-09-17,205.059,2019-09-19,192.7607,STOP,4,-49.1932,19.2932,-68.4864,-0.083314,-0.061544,0.0,3,False,2019-09-13,195.9661625963536,7.064387998379756,6.150371540560687,0.6200094925480699,0.8733337402343734,0.3186319230707408,0.19755481693270566,0.08118707934525325,0.0541896161216502,1,True,
aae_acceptance,GESHIP,2019-10-23,2019-10-24,242.9981,2019-10-25,236.7298,STOP,4,-25.0732,19.9831,-45.0563,-0.046254,-0.048387,0.016451,2,False,2019-10-22,234.37553612314892,3.214553322958999,9.301599076661283,0.8823512259060442,0.9597694698367495,0.5014200410246644,0.44242858789197165,0.3748855102375489,0.028928091116366256,1,True,
aae_acceptance,GICRE,2018-07-06,2018-07-09,309.1712,2018-07-16,303.2711,MOMENTUM_FAIL,3,-17.7005,19.8103,-37.5108,-0.040354,-0.032569,0.021646,6,False,2018-07-05,306.6929741103172,2.0299040721968136,5.609225971417173,0.660493752054878,0.808362043298879,0.586673386026694,0.387494105967511,0.30864156588528746,0.026541389675996736,1,True,
aae_acceptance,GICRE,2020-01-15,2020-01-16,231.7042,2020-01-22,217.3581,STOP,4,-57.3845,19.7266,-77.1111,-0.083018,-0.072325,0.0,5,False,2020-01-13,220.06903978366117,3.232084013535316,9.169190647241852,0.5894029278992409,0.7967209112448767,0.7149609853819828,0.421400098117867,0.4131153811868631,0.055366731303286454,2,True,
aae_acceptance,GICRE,2024-11-26,2024-11-27,374.7799,2024-12-04,385.8359,MOMENTUM_FAIL,2,22.112,19.14,2.972,0.003956,-0.0185,0.044125,6,False,2024-11-25,362.41212747050884,3.634370704158366,13.258174083743029,0.6801814478975983,0.7899414748482688,0.7844328272250876,0.5335566562003666,0.30139398292819125,0.024193090054770588,1,True,
aae_acceptance,GLENMARK,2018-11-07,2018-11-09,645.6609,2018-11-13,635.422,STOP,1,-10.2389,18.6354,-28.8743,-0.044623,-0.034361,0.02797,3,False,2018-11-06,624.6404841090063,3.3288902898041206,22.40993776782382,0.7796148874774275,0.8840579710144915,0.7863573335582381,0.6130558841190556,0.34489586790730264,0.01667134970803517,1,True,
aae_acceptance,GLENMARK,2023-09-14,2023-09-15,859.2725,2023-09-18,841.3568,STOP,1,-17.9157,19.5218,-37.4374,-0.043474,-0.022551,0.002117,2,False,2023-09-13,813.629808364455,4.7212126954706495,25.098709149016113,0.937360570482339,0.9460503569202544,1.7671360853412268,1.6564436890753798,0.39941762843796585,0.020171111456996852,1,True,
aae_acceptance,GMDCLTD,2022-11-07,2022-11-09,140.9155,2022-11-15,134.7959,STOP,7,-42.8367,20.0078,-62.8445,-0.063571,-0.058899,0.003521,5,False,2022-11-04,134.32979061937658,4.127485665222717,4.601951420315915,0.8307726463735245,0.9360478629688302,0.6371153906695596,0.5292980391518519,0.4060843038537608,0.03539890095477278,1,True,
aae_acceptance,GMRAIRPORT,2025-07-08,2025-07-09,91.5,2025-07-16,93.89,MOMENTUM_FAIL,10,23.9,19.8422,4.0578,0.004425,-0.020219,0.027322,6,False,2025-07-02,87.16999816894531,2.0356626007848257,1.9683125979696028,0.7546010259866697,0.8455594929847972,0.8281229742135058,0.6249024459846438,0.5964827931996736,0.0405994211881662,4,True,
aae_acceptance,GODFRYPHLP,2022-10-07,2022-10-10,410.3954,2022-11-01,481.9328,TARGET,2,143.0749,19.6871,123.3878,0.15,-0.028168,0.221374,16,False,2022-10-06,380.44594594295484,3.535123761126493,14.459788727169139,0.6294468383936823,0.7090768588255689,1.0962762968654447,0.6900476490678881,0.2996907715348063,0.0476887344159677,1,True,
aae_acceptance,GODREJCP,2018-12-14,2018-12-17,774.1571,2018-12-24,751.0423,MOMENTUM_FAIL,1,-23.1148,19.1518,-42.2666,-0.054478,-0.034754,0.02738,6,False,2018-12-13,735.1802004335726,2.254063193486839,25.207201381872885,0.7021275918586564,0.7930307741092216,1.221414096621881,0.8575885383233374,0.5410496875318479,0.038625743133582066,1,True,
aae_acceptance,GODREJCP,2019-06-03,2019-06-04,665.9742,2019-06-11,646.9141,STOP,1,-19.0601,18.7032,-37.7634,-0.05658,-0.038027,0.010743,5,False,2019-05-31,643.944413939621,2.0194506868653948,16.366578603045472,0.5785755971893122,0.9048383159022171,0.402660077882882,0.2329692950253834,0.8431278317560724,0.02786381741593148,1,True,
aae_acceptance,GODREJCP,2020-06-03,2020-06-04,625.0434,2020-06-11,582.8671,MOMENTUM_FAIL,1,-42.1762,18.4833,-60.6596,-0.096837,-0.07234,0.028875,6,False,2020-05-29,579.4475470311003,2.9749773974727205,23.97628458103677,0.7946565522343666,0.8333327819772728,1.1865836213007377,0.9429264494406135,0.3915294687332104,0.05759817089139629,3,True,
aae_acceptance,GODREJCP,2021-03-30,2021-03-31,691.5373,2021-04-05,673.3115,STOP,1,-18.2258,18.8129,-37.0387,-0.053443,-0.032624,0.010852,3,False,2021-03-26,670.2591702964664,2.180900466924276,17.84473676342949,0.6283815897930162,0.8877551020408146,0.39392138548537076,0.24753294646476487,0.7432320748779275,0.024345295052464126,1,True,
aae_acceptance,GODREJIND,2018-04-18,2018-04-19,591.8813,2018-04-26,594.6667,MOMENTUM_FAIL,1,2.7853,18.4349,-15.6495,-0.026383,-0.024538,0.021597,6,False,2018-04-12,564.9731867285518,3.189148376273178,15.176156796293535,0.6475753613632941,0.8113208633590636,0.7439600639498472,0.4817702072521816,0.32679568153213684,0.04052601682920152,4,True,
aae_acceptance,GODREJIND,2020-08-19,2020-08-20,398.6,2020-09-02,468.3107,TARGET,2,139.4215,19.58,119.8414,0.15,0.0,0.201706,10,False,2020-08-18,394.0,2.6281316865116118,14.710077140863108,0.5041656494140625,0.7238971889825108,0.8157673059827275,0.411281853591542,0.406103818684694,0.02359571792533023,1,True,
aae_acceptance,GODREJIND,2020-11-19,2020-11-20,419.7,2020-11-26,404.0484,STOP,2,-31.3032,19.4106,-50.7138,-0.060285,-0.04527,0.015011,5,False,2020-11-18,403.0,6.2856717828305495,11.779945054092009,0.79000244140625,0.9160009765625,0.4244501970968995,0.33531669196191466,0.15868756715905724,0.03360825679502846,1,True,
aae_acceptance,GODREJIND,2023-05-11,2023-05-12,474.95,2023-05-17,464.2239,STOP,2,-21.4522,19.8972,-41.3494,-0.043435,-0.031056,0.018844,4,False,2023-05-10,461.0,4.958347590839953,11.531698237726502,0.6011579047639208,0.86981201171875,0.750105814266411,0.4509320396556304,0.3847622388416107,0.024124675688420357,1,True,
aae_acceptance,GODREJPROP,2018-04-23,2018-04-24,813.6669,2018-05-02,791.9718,MOMENTUM_FAIL,1,-21.6951,19.3215,-41.0166,-0.0503,-0.033757,0.005382,6,False,2018-04-18,765.7983572022961,4.777813263420272,20.475896268814115,0.7979584570794861,0.8287194454886817,1.1907715868596849,0.9501862581846454,0.2527895890522303,0.051243171608663,3,True,
aae_acceptance,GODREJPROP,2019-01-08,2019-01-09,733.0566,2019-01-16,732.9571,MOMENTUM_FAIL,1,-0.0995,19.0251,-19.1246,-0.026032,-0.021857,0.018192,6,False,2019-01-07,699.618224876354,2.3358261091811054,25.137694675242876,0.637931099701594,0.8599999999999984,0.5740482856861938,0.3662032541696084,0.5584642532035967,0.027852777081372425,1,True,
aae_acceptance,GPIL,2021-02-24,2021-02-25,145.3621,2021-03-04,143.289,MOMENTUM_FAIL,6,-12.4387,19.5874,-32.0261,-0.03664,-0.051342,0.025335,6,False,2021-02-23,133.65502284318347,2.215461064010636,6.850634762057244,0.5992242527780126,0.8233277881713224,0.9149751115388614,0.5482752775223529,0.7560841200386944,0.04731294872030244,1,True,
aae_acceptance,GPIL,2023-01-03,2023-01-04,402.9475,2023-01-06,383.4422,STOP,2,-39.0107,19.2534,-58.2641,-0.07214,-0.060517,0.0,3,False,2023-01-02,375.6124505606409,3.542766395317525,20.20097862864972,0.5572812464320618,0.6666669641088421,1.2533745476519578,0.6984821301617046,0.32012364513494457,0.04654552171368902,1,True,
aae_acceptance,GPIL,2023-09-04,2023-09-05,622.7643,2023-09-07,597.4618,STOP,1,-25.3025,18.5081,-43.8106,-0.070195,-0.07502,0.002372,3,False,2023-08-31,597.0660529795197,2.1997938375891626,20.001217849838117,0.6935483533843733,0.8093642958916629,0.9156312369310394,0.6350345366808193,0.5919036945388185,0.040249997683937444,2,True,
aae_acceptance,GPIL,2023-12-28,2023-12-29,735.9941,2024-01-01,149.2665,GAP_STOP,1,-586.7276,17.843,-604.5706,-0.819642,-0.799371,0.0,2,False,2023-12-26,714.6281940339873,2.2642743584142533,24.956730409104985,0.5494495111218868,0.7875643162318837,0.7180364970552956,0.39452480227470427,0.45824902973947795,0.04321225677322763,2,True,
aae_acceptance,GPIL,2025-04-03,2025-04-04,203.1581,2025-04-07,167.4816,GAP_STOP,4,-142.7062,19.0707,-161.7769,-0.198643,-0.180488,0.0,2,False,2025-04-02,190.02714617857274,2.872937475012428,8.722565130656722,0.889679178455664,0.927015591980652,1.2770330903327367,1.136149750667927,0.4864239090958786,0.05187851229218698,1,True,
aae_acceptance,GRANULES,2018-09-07,2018-09-10,115.6878,2018-09-11,113.4633,STOP,8,-17.7958,19.8017,-37.5974,-0.040535,-0.051667,0.0,2,False,2018-09-06,113.51862944410576,4.206769512547328,4.331938737898758,0.8591550564613426,0.9305555997071173,0.7900465153648238,0.6787724585153522,0.44437999476450696,0.030538692739744848,1,True,
aae_acceptance,GRANULES,2022-07-13,2022-07-14,296.6269,2022-07-21,304.9539,MOMENTUM_FAIL,3,24.9809,19.7383,5.2426,0.005878,-0.003653,0.043054,6,False,2022-07-11,281.0616142910625,3.4350229998232487,11.215463635187616,0.8576628144455982,0.9093017578125006,1.2033761823919433,1.0320910034270736,0.45516811231288595,0.03847376297721054,2,True,
aae_acceptance,GRANULES,2023-09-29,2023-10-03,355.2211,2023-10-10,355.0226,MOMENTUM_FAIL,2,-0.397,18.929,-19.326,-0.027143,-0.025,0.020251,6,False,2023-09-27,338.35305559822683,3.067874883851573,10.255024376259106,0.8333336574282322,0.8988438592591814,1.0159426587362814,0.8466192115420677,0.41788565903770525,0.04878689036308686,2,True,
aae_acceptance,GRANULES,2024-07-26,2024-07-29,558.7291,2024-08-09,661.2196,TARGET,1,102.4905,18.4979,83.9926,0.15,-0.006686,0.185799,10,False,2024-07-25,538.7851419590679,2.030725020866437,17.031984801902368,0.759615840716509,0.8898679006337449,0.6058772977923279,0.46023399293356587,0.3715090681325984,0.03620098339978489,1,True,
aae_acceptance,GRANULES,2024-08-30,2024-09-02,716.214,2024-09-02,690.8744,STOP,1,-25.3396,18.9026,-44.2422,-0.061638,0.0,0.0,1,False,2024-08-28,694.4260725044256,2.2457055338064698,19.453434321964558,0.6035724716438051,0.8576926206931093,0.7159827176816876,0.432147458565385,0.7355706544217973,0.03296183362627671,2,True,
aae_acceptance,GRAPHITE,2023-12-04,2023-12-05,504.2221,2023-12-12,488.8101,MOMENTUM_FAIL,1,-15.412,18.0277,-33.4397,-0.066175,-0.054623,0.0,6,False,2023-11-29,467.88011408813304,9.85301152491523,14.970339966737868,0.5267170226146779,0.7350422594480577,1.2487552373707,0.6577406406023805,0.17833662954762663,0.05960073012197449,3,True,
aae_acceptance,GRAPHITE,2026-02-26,2026-02-27,720.7874,2026-03-02,677.5618,GAP_STOP,1,-43.2255,18.8855,-62.111,-0.085983,-0.064224,0.0,2,False,2026-02-25,697.3446692677824,3.373546920919454,30.396102387929954,0.6499994613590214,0.8074996948242199,0.7159178176573449,0.46534619585460024,0.34388430458113417,0.024911398420298277,1,True,
aae_acceptance,GRASIM,2020-01-23,2020-01-24,777.7055,2020-01-31,749.6966,MOMENTUM_FAIL,1,-28.0089,19.1568,-47.1657,-0.060515,-0.040161,0.035767,6,False,2020-01-22,751.8140989270601,2.0427942378265724,20.203504718676324,0.6592218104080717,0.808778302620734,0.8527715187179685,0.5621655844337,0.4955797120145935,0.03868186228673104,1,True,
aae_acceptance,GRASIM,2020-08-21,2020-08-24,654.8898,2020-09-14,684.5565,TIME,1,29.6668,18.7556,10.9111,0.016625,-0.037422,0.088103,16,False,2020-08-18,622.2607672990167,5.597483849348414,21.58033561123139,0.6437487885888462,0.8017390118175649,1.427231581252535,0.9187786014670628,0.33266589966897997,0.04075762723800167,3,True,
aae_acceptance,GRAVITA,2023-01-25,2023-01-27,500.4621,2023-01-27,483.6789,STOP,1,-16.7831,18.009,-34.7921,-0.069368,0.0,0.0,1,False,2023-01-24,468.08991724131056,8.861695600929863,21.02632022958694,0.817073261530869,0.8646907855047862,1.3450998261736893,1.0990451020563412,0.19594934948158246,0.037515161799002154,1,True,
aae_acceptance,HAL,2020-12-01,2020-12-02,371.1071,2020-12-22,355.5308,STOP,2,-31.1527,19.0005,-50.1532,-0.067425,-0.069476,0.07512,15,False,2020-11-25,355.8748257455986,3.026544378803864,11.891286710706247,0.5012409810911947,0.6277782298900462,0.7558261836577812,0.3788510578310398,0.2075936026691118,0.03943269237606689,3,True,
aae_acceptance,HAL,2022-04-04,2022-04-05,743.4043,2022-04-28,773.5433,TIME,1,30.139,19.1304,11.0086,0.014776,-0.026104,0.120637,16,False,2022-04-01,709.0714696115853,2.8221740219297096,23.590128264287117,0.6429393731095995,0.7382168288447505,0.8748374645432914,0.5624674510262552,0.28044812718080353,0.029905562338179655,1,True,
aae_acceptance,HAVELLS,2018-04-12,2018-04-13,520.3165,2018-04-20,516.9691,MOMENTUM_FAIL,1,-3.3474,18.1202,-21.4676,-0.041169,-0.019209,0.013411,6,False,2018-04-06,497.59162007026157,2.4553790240898414,12.352620485691613,0.7465784589514356,0.9172269527175002,0.5572490402192315,0.4160301296990404,0.6373297580615921,0.04562917448393145,4,True,
aae_acceptance,HBLENGINE,2025-05-15,2025-05-16,574.2418,2025-05-23,573.1475,MOMENTUM_FAIL,1,-1.0943,18.3525,-19.4468,-0.033791,-0.024082,0.033697,6,False,2025-05-14,541.0130128555297,16.29263713207109,26.706016824607868,0.7616887256602116,0.8862487685313508,1.2349325658721941,0.940634212375487,0.1429052700207643,0.0359128444148838,1,True,
aae_acceptance,HBLENGINE,2025-10-28,2025-10-29,997.0383,2025-11-06,962.2764,MOMENTUM_FAIL,1,-34.762,20.0692,-54.8311,-0.054874,-0.042957,0.032617,6,False,2025-10-27,960.0851500812901,3.9651625260630823,33.81837158500565,0.8497026855248575,0.9229009497256674,0.9896102437739485,0.8408744817576329,0.4512429936364608,0.026510913128231204,1,True,
aae_acceptance,HCLTECH,2022-10-20,2022-10-21,877.5202,2022-10-31,893.5258,MOMENTUM_FAIL,1,16.0057,19.6679,-3.6622,-0.004164,-0.002836,0.02934,6,False,2022-10-13,826.7219399908357,3.0625760478148476,19.18904219830311,0.568320969695871,0.648100647745255,0.7129190875142226,0.40516686713077854,0.43520545054742654,0.04108132272575086,5,True,
aae_acceptance,HDFCAMC,2022-10-21,2022-10-24,961.6243,2022-11-01,962.6605,MOMENTUM_FAIL,1,1.0362,19.9925,-18.9563,-0.01967,-0.024018,0.010321,6,False,2022-10-20,916.0299608102185,2.723333261502514,23.342234131378323,0.7725000332095693,0.8973296019009737,1.1838170492492879,0.9144987098591293,0.5437291844238787,0.024355186564371308,1,True,
aae_acceptance,HDFCBANK,2021-02-05,2021-02-08,754.7295,2021-02-15,753.1454,MOMENTUM_FAIL,1,-1.584,19.1136,-20.6976,-0.027364,-0.034445,0.004938,6,False,2021-02-02,704.2510927173035,2.0010516838808243,20.959351991208873,0.7314892396669933,0.7786688461717929,1.485935691392766,1.0869459690909424,0.9308612457938217,0.0420691035579852,3,True,
aae_acceptance,HDFCLIFE,2018-11-05,2018-11-06,390.8233,2018-11-14,392.24,MOMENTUM_FAIL,2,2.8335,19.2362,-16.4028,-0.020939,-0.02,0.01825,6,False,2018-11-02,376.11852026020375,2.4598829764035726,12.45466870782205,0.5593221768206326,0.919505369395109,0.23142286748476493,0.1294399420076515,0.44966993873593114,0.053214099968863185,1,True,
aae_acceptance,HDFCLIFE,2021-06-21,2021-06-22,706.6274,2021-06-28,688.4003,STOP,1,-18.2271,18.8766,-37.1037,-0.052394,-0.035833,0.015973,5,False,2021-06-18,690.7775116152543,2.4643277032189537,12.248231384453604,0.7482526817263906,0.9021747062687031,0.5729139364663715,0.42868438935938535,0.28938443374943124,0.02410041404973368,1,True,
aae_acceptance,HDFCLIFE,2023-06-19,2023-06-20,620.9394,2023-07-12,665.2073,TIME,1,44.2679,18.642,25.6259,0.041179,-0.016348,0.092185,16,False,2023-06-16,595.8997975633007,3.8551831220791923,13.583474161936806,0.5897298024407387,0.8580726890101812,0.9684970261293941,0.5711515598837305,0.6297509057651492,0.044871844875517514,1,True,
aae_acceptance,HDFCLIFE,2025-06-30,2025-07-01,811.408,2025-07-02,794.8353,STOP,1,-16.5727,19.3224,-35.8951,-0.044142,-0.032298,0.0,2,False,2025-06-27,799.3012019672576,6.959894938466652,15.190454171899713,0.5303873905367271,0.7529071521087305,0.5936538656166513,0.31486652466645654,0.07068774486959936,0.020424636436158793,1,True,
aae_acceptance,HEGAM,2026-07-15,2026-07-16,585.1924,2026-08-05,691.7812,TARGET,1,106.5888,18.618,87.9708,0.15,-0.009856,0.19277,15,False,2026-07-13,562.2222962359828,3.273539696009739,20.991980625543714,0.8264477161819485,0.9468360611155079,0.5731690417128863,0.4736942455098108,0.43917761578408737,0.04499305299437659,2,True,
aae_acceptance,HFCL,2022-04-01,2022-04-04,80.942,2022-04-19,77.1087,STOP,12,-46.0004,19.9376,-65.938,-0.067738,-0.081445,0.05695,10,False,2022-03-31,75.83667334731744,4.194577710317187,3.232936709734188,0.698412025140046,0.8376060127469612,0.9659004106407759,0.6745964618792263,0.3837881074355795,0.039714698597483535,1,True,
aae_acceptance,HINDALCO,2019-12-19,2019-12-20,206.6027,2019-12-30,208.1787,MOMENTUM_FAIL,4,6.304,19.4323,-13.1283,-0.015851,-0.02381,0.014101,6,False,2019-12-13,196.0958131102617,2.0330693657294234,5.558463887259629,0.7972983182409409,0.7972971301080901,0.6358117273988624,0.5069316209729805,0.5747540587741876,0.05339200972559735,4,True,
aae_acceptance,HINDALCO,2020-08-06,2020-08-07,168.5393,2020-08-28,185.1114,TIME,5,82.8606,19.657,63.2037,0.074838,-0.021252,0.151318,16,False,2020-08-05,162.85600733792236,3.0099490908894375,6.23492379753556,0.7608702684058355,0.881295351007189,1.057053609321981,0.8042806634441728,0.6820141238810599,0.03033292736004178,1,True,
aae_acceptance,HINDALCO,2022-01-03,2022-01-04,463.0503,2022-01-11,470.1556,MOMENTUM_FAIL,2,14.2106,19.8694,-5.6588,-0.006097,-0.014614,0.038205,6,False,2021-12-31,453.86670271503556,2.4996315604613955,13.575619442560818,0.7706976020620157,0.9176193223004521,0.5589865643399793,0.4308096047217067,0.7378302764123114,0.019559032723730888,1,True,
aae_acceptance,HINDALCO,2023-09-04,2023-09-05,477.2224,2023-09-08,463.6191,STOP,2,-27.2065,19.9047,-47.1112,-0.049252,-0.037654,0.0,4,False,2023-09-01,459.4929756526476,2.134721411072583,10.630804618235091,0.5026281764311897,0.6798779296420693,0.9749817858042801,0.49005331705243005,0.5798039715262053,0.02980258806556202,1,True,
aae_acceptance,HINDALCO,2024-09-26,2024-09-27,737.6639,2024-10-07,722.2084,MOMENTUM_FAIL,1,-15.4555,19.0133,-34.4688,-0.046625,-0.032733,0.034407,6,False,2024-09-24,704.08661902895,2.8867305806424515,16.97579904389127,0.7259202191084324,0.9307102705890694,0.39268119781123434,0.28505522115489296,0.5501645614691905,0.038609397565945475,2,True,
aae_acceptance,HINDCOPPER,2022-11-15,2022-11-16,116.9108,2022-11-17,112.2437,STOP,8,-37.3366,19.8032,-57.1398,-0.06096,-0.072567,0.0,2,False,2022-11-14,112.93858497883193,2.843094209680906,4.170207974882075,0.7026997314372845,0.9214281354631697,0.43510137128434273,0.30574561674950185,0.23162514242370233,0.039920012046042036,1,True,
aae_acceptance,HINDCOPPER,2023-01-13,2023-01-16,125.9831,2023-01-23,126.7678,MOMENTUM_FAIL,7,5.4924,19.6649,-14.1725,-0.016036,-0.015181,0.030362,6,False,2023-01-10,118.3329605729878,4.347599217546248,4.01728122150498,0.5148501036238751,0.6080004882812493,1.2329222959527504,0.6347701718314593,0.20216082225122614,0.034612803539328656,3,True,
aae_acceptance,HINDCOPPER,2023-07-26,2023-07-27,124.512,2023-08-01,145.7899,TARGET,8,170.2236,20.4826,149.741,0.15,-0.004332,0.202836,4,False,2023-07-25,121.1772586538524,2.8812341933842287,3.4341746916055316,0.6250016016454544,0.909774686248392,0.4569584659168163,0.28559977308345996,0.6343917828660846,0.023486545338339458,1,True,
aae_acceptance,HINDCOPPER,2025-05-26,2025-05-27,242.4826,2025-06-17,250.0623,TIME,4,30.3189,20.0872,10.2317,0.010526,-0.008733,0.089982,16,False,2025-05-23,231.4691784807248,3.7582607942616915,9.00994018103536,0.6812297068600294,0.8650684659488775,0.6787229808828974,0.46236625730602154,0.34102622748318207,0.023982082675114473,1,True,
aae_acceptance,HINDCOPPER,2026-08-06,2026-08-07,541.6948,2026-08-14,527.0504,MOMENTUM_FAIL,1,-14.6444,18.1875,-32.8319,-0.060477,-0.052874,0.049195,6,False,2026-08-05,509.86551865494675,7.181157671982509,15.57783938028932,0.7913671397209896,0.8696631062801116,1.7778393072894094,1.4069236074931655,0.36912854701237635,0.044847500520266974,1,True,
aae_acceptance,HINDPETRO,2020-11-09,2020-11-10,105.3001,2020-12-02,108.692,TIME,9,30.527,19.9938,10.5332,0.01109,-0.007211,0.074039,16,False,2020-11-05,96.92163589535714,6.466949599497652,3.8169214994455105,0.9355934047051808,0.9201681803669026,1.9563385725026041,1.8303374658037845,0.37942391162372135,0.03634164850992715,2,True,
aae_acceptance,HINDPETRO,2022-01-07,2022-01-10,174.9955,2022-01-17,179.3431,MOMENTUM_FAIL,5,21.7378,19.6688,2.0689,0.002359,-0.010469,0.0325,6,False,2022-01-05,170.6753437386478,3.129315043178915,4.783048095861008,0.6567195510586916,0.9340977594497387,0.38301761433703124,0.25153515573498625,0.5991920746276154,0.042875147055278034,2,True,
aae_acceptance,HINDPETRO,2023-03-20,2023-03-21,143.0522,2023-03-27,137.6807,STOP,6,-32.2293,19.4886,-51.7179,-0.060124,-0.05107,0.0,5,False,2023-03-16,136.69948214656344,4.48366757599005,3.615377087502814,0.7647049166590923,0.827337679338583,1.6293524346469936,1.2459738177450186,0.5041246705355868,0.037160902529490454,2,True,
aae_acceptance,HINDZINC,2020-10-22,2020-10-23,143.8854,2020-10-28,137.6965,STOP,6,-37.1339,19.4997,-56.6336,-0.065457,-0.050695,0.002066,4,False,2020-10-21,133.7777758832504,7.0256200829349424,5.855031300617441,0.7570107342554006,0.6959076120806695,1.0865682566893506,0.8225438338150158,0.14815281169703498,0.02937659771168421,1,True,
aae_acceptance,HINDZINC,2021-12-07,2021-12-08,233.2601,2021-12-15,228.7701,MOMENTUM_FAIL,4,-17.96,19.8331,-37.7931,-0.040417,-0.022194,0.036857,6,False,2021-12-03,225.4194090277598,2.7280766666218748,6.694852234432253,0.5300019154620015,0.7638187718146734,0.48798240168515244,0.2586316076048786,0.5133672199517608,0.029506765200148895,2,True,
aae_acceptance,HINDZINC,2021-12-09,2021-12-10,240.4474,2021-12-14,236.0144,STOP,4,-17.7317,19.955,-37.6867,-0.039098,-0.048136,0.005864,3,False,2021-12-08,231.95330038194442,2.6680796213495257,6.379720613656488,0.7714296879805799,0.7660815373742731,0.8961501254981517,0.6913168116967966,0.3128465441260412,0.01629769646849027,1,True,
aae_acceptance,HONASA,2026-06-30,2026-07-01,452.781,2026-07-08,464.7067,MOMENTUM_FAIL,2,23.8515,19.8023,4.0492,0.004462,0.0,0.046971,6,False,2026-06-29,435.6377273419426,3.292913982842662,16.29225081715177,0.7605638711734622,0.9222564407930851,0.649638531169466,0.49409159612969106,0.5325745659740345,0.04814359282952061,1,True,
aae_acceptance,HSCL,2023-05-25,2023-05-26,129.2219,2023-05-29,124.4665,STOP,7,-33.2881,19.6817,-52.9698,-0.058431,-0.052308,0.0,2,False,2023-05-24,123.8542774885459,2.4730401378474336,4.794858096640787,0.7820512278412726,0.9190477643694196,0.8085016315669065,0.6322896936785714,0.8131257617890046,0.03196044981264062,1,True,
aae_acceptance,HSCL,2026-04-22,2026-04-23,521.2929,2026-04-30,617.9858,TARGET,1,96.6929,18.328,78.3649,0.15,0.0,0.195402,6,False,2026-04-21,497.32537331359714,2.062005886077819,18.913247816487406,0.5533965706549966,0.7391296321508614,0.8157812654149944,0.4514505546852514,0.44939901001893395,0.035902215565264135,1,True,
aae_acceptance,HUDCO,2023-08-23,2023-08-24,67.1763,2023-08-31,66.6866,MOMENTUM_FAIL,14,-6.8557,19.8871,-26.7428,-0.028374,-0.06163,0.023194,6,False,2023-08-18,63.9265379139581,2.2744741383081992,2.4787378605335575,0.7400012073901573,0.8602147714874049,0.8979853935302698,0.6645102754311253,0.481668167474882,0.05771679939613464,3,True,
aae_acceptance,ICICIBANK,2018-10-31,2018-11-01,341.5649,2018-11-09,341.4214,MOMENTUM_FAIL,2,-0.2871,18.8139,-19.101,-0.0279,-0.026191,0.003641,6,False,2018-10-29,315.7322399068323,3.145370530209699,13.62081145241876,0.8453151507452313,0.855983172636468,1.612073418103319,1.3627100844363873,0.7537102951153337,0.045647453530069375,2,True,
aae_acceptance,ICICIBANK,2019-03-11,2019-03-12,361.6569,2019-04-04,371.9421,TIME,2,20.5704,19.026,1.5444,0.002131,0.0,0.083466,16,False,2019-03-06,348.4056986917454,2.2133933221539905,8.186380232602437,0.896552471258833,0.8815798455651188,1.0167928049700452,0.9116081020540946,0.45938188988462303,0.02725202672695343,3,True,
aae_acceptance,ICICIBANK,2019-09-26,2019-09-27,431.1163,2019-10-01,408.4055,STOP,2,-45.4216,19.4782,-64.8998,-0.075105,-0.07297,0.0,3,False,2019-09-23,406.65921126497005,2.441252414961808,13.985988933702908,0.8576915503854162,0.8283056007930335,1.7829698236563731,1.529238152342247,0.8090034250067928,0.057814467042266435,3,True,
aae_acceptance,ICICIGI,2018-09-14,2018-09-17,874.6336,2018-09-18,830.8001,STOP,1,-43.8335,19.5338,-63.3674,-0.072292,-0.062174,0.0,2,False,2018-09-10,844.9721517346114,7.002631256695195,31.197074127564182,0.5814217424400262,0.6792620005363369,1.328650214923649,0.7725061230542233,0.1681946782083139,0.05155985263998844,3,True,
aae_acceptance,ICICIPRULI,2019-08-29,2019-08-30,419.8208,2019-09-09,436.7025,MOMENTUM_FAIL,2,33.7634,19.5441,14.2193,0.016898,-0.01846,0.047031,6,False,2019-08-28,405.65398970523154,2.248085173245021,13.860964853762844,0.6648357279871543,0.8607311121918444,0.6481365449214083,0.43090433167790343,0.5702754355142803,0.02889441987707533,1,True,
aae_acceptance,ICICIPRULI,2022-06-06,2022-06-07,560.9132,2022-06-14,527.3785,MOMENTUM_FAIL,1,-33.5347,18.2301,-51.7648,-0.092085,-0.064739,0.004599,6,False,2022-06-01,530.8014247059346,2.4368157308670098,17.094471115743115,0.7610620960655401,0.866557400126696,0.9837647363927979,0.7487060523144664,0.626406285866956,0.05598540297935792,3,True,
aae_acceptance,ICICIPRULI,2022-08-01,2022-08-02,552.2157,2022-08-02,541.5121,STOP,1,-10.7036,18.2399,-28.9435,-0.052299,0.0,0.0,1,False,2022-07-29,533.2456752993236,2.022743254807456,13.943496299887281,0.7952358659405502,0.8313706341911765,1.4958282756829995,1.18953629411113,0.831062902628934,0.025430195273472674,1,True,
aae_acceptance,ICICIPRULI,2024-03-07,2024-03-11,591.5446,2024-03-18,562.5638,MOMENTUM_FAIL,1,-28.9808,18.3688,-47.3495,-0.079869,-0.059328,0.02,6,False,2024-03-06,555.4554452692523,3.467135299961019,14.94423793914837,0.8581557471938359,0.9016393442622953,1.407039471386049,1.2074590088985149,0.4441972914423716,0.041122748636414165,1,True,
aae_acceptance,ICICIPRULI,2024-07-25,2024-07-26,699.4425,2024-08-19,716.61,TIME,1,17.1675,18.9183,-1.7508,-0.002498,-0.007755,0.062393,16,False,2024-07-24,670.4815296041686,4.652285266851506,21.13004032982321,0.863445001016843,0.9480415566065821,1.120974311615982,0.9678996656331165,0.565426730015384,0.03123054371230436,1,True,
aae_acceptance,IDBI,2023-04-18,2023-04-19,50.7261,2023-04-21,47.9954,STOP,19,-51.883,19.8939,-71.777,-0.074311,-0.05597,0.0,3,False,2023-04-13,45.331754135631606,4.522055980664407,1.6401966606734617,0.745097909497061,0.7886180626801127,2.942664414561144,2.192573103640901,0.5869390810380716,0.04671795855602577,2,True,
aae_acceptance,IDBI,2025-01-20,2025-01-21,84.6882,2025-01-22,80.0194,STOP,11,-51.3569,19.7589,-71.1158,-0.076173,-0.095376,0.0,2,False,2025-01-17,80.77199381676978,3.6658895244606335,3.9400748020406224,0.6040005450274213,0.8544121441954922,0.6212151617685209,0.37521429628748426,0.2968912596593702,0.051180542646237906,1,True,
aae_acceptance,IDFCFIRSTB,2025-09-09,2025-09-10,73.3146,2025-09-15,71.5039,STOP,13,-23.5397,19.9064,-43.4462,-0.045485,-0.028016,0.0,4,False,2025-09-04,71.48998442891201,2.5675346698346533,1.468039829631585,0.8030338318412551,0.9346746769005454,0.4482607693264025,0.35996856325628995,0.43382727815358796,0.02469826064726851,3,True,
aae_acceptance,IDFCFIRSTB,2025-12-22,2025-12-23,85.4589,2025-12-31,85.3592,MOMENTUM_FAIL,11,-1.0968,19.8971,-20.9939,-0.022284,-0.025201,0.003383,6,False,2025-12-15,82.57741181513497,2.0842995365084414,1.8220727128873495,0.6521749060287505,0.7918226578630897,0.8810195480727044,0.5745788409738083,0.4148173875771949,0.034900962128177795,5,True,
aae_acceptance,IEX,2024-08-29,2024-08-30,197.4943,2024-09-06,199.0352,MOMENTUM_FAIL,5,7.7045,20.1152,-12.4108,-0.012541,-0.022292,0.029804,6,False,2024-08-28,192.27816274905373,3.741789068971502,6.512068570286562,0.5748890247874113,0.8194567358474394,0.6672488818994361,0.38359405900565735,0.31226153973796233,0.03950027483206675,1,True,
aae_acceptance,IEX,2024-12-11,2024-12-12,182.7073,2024-12-19,176.9935,MOMENTUM_FAIL,5,-28.569,19.7292,-48.2982,-0.052754,-0.067575,0.002514,6,False,2024-12-06,175.48135373811735,2.1330895299081214,4.9460954323497,0.6598402210802327,0.8974058160720949,0.4721452979195173,0.3115404577612066,0.6177700805671931,0.04221252466413004,3,True,
aae_acceptance,IEX,2026-07-29,2026-07-30,134.0,2026-08-03,130.893,STOP,7,-21.7488,19.8464,-41.5952,-0.044248,-0.059627,0.0,3,False,2026-07-28,129.49000549316406,2.676445306990664,3.679301038998437,0.8704318600041568,0.9348915644849647,0.8180886736181024,0.7120904458257385,0.5422728780002553,0.02456948934656356,1,True,
aae_acceptance,IGL,2019-04-18,2019-04-22,141.9687,2019-04-22,138.7147,STOP,7,-22.7777,20.0798,-42.8576,-0.043032,0.0,0.0,1,False,2019-04-15,139.77777749224455,2.0046657394273693,3.642130142859117,0.8115906002675394,0.9166637322910436,0.4150679117505955,0.33686521564945987,0.5461227955923047,0.0324761977449475,2,True,
aae_acceptance,IGL,2020-01-16,2020-01-17,200.3602,2020-02-07,235.3797,TARGET,4,140.0782,19.5993,120.4789,0.15,0.0,0.176652,16,False,2020-01-15,193.27700491904247,5.2238773989637775,4.559285153802998,0.5505616816820049,0.7389885287736513,1.7229742486170014,0.9486035998133653,0.4252567635465733,0.030093721187240952,1,True,
aae_acceptance,IGL,2023-09-08,2023-09-11,225.9184,2023-09-12,221.1349,STOP,4,-19.1341,19.7068,-38.8409,-0.042887,-0.054752,0.0,2,False,2023-09-07,221.64741013868672,2.2130505101578457,4.755334292580272,0.6760580975199361,0.9317511287877553,0.3484605189927625,0.23557955553105653,0.44797829781790843,0.016602060276627188,1,True,
aae_acceptance,IGL,2025-09-03,2025-09-04,211.2889,2025-09-05,207.8998,STOP,4,-13.5561,19.471,-33.0271,-0.038993,-0.035323,0.0,2,False,2025-09-02,205.21402411342766,2.04435368689889,4.704831039648818,0.7458548006807914,0.7823334889698638,1.1128823386804818,0.8300486348977036,0.5954985677322701,0.016039749902893433,1,True,
aae_acceptance,IIFL,2020-02-11,2020-02-12,180.4248,2020-02-26,168.4126,STOP,5,-60.0606,19.6169,-79.6775,-0.088129,-0.067357,0.103109,10,False,2020-02-07,167.14998946863813,2.7098767295277764,9.210680852063277,0.6379312147719405,0.7900004069010427,0.8830101621378875,0.5632997453885907,0.47753710347911477,0.04682205455441718,2,True,
aae_acceptance,IIFL,2022-04-08,2022-04-11,325.867,2022-04-27,381.6534,TARGET,3,167.3594,20.3987,146.9607,0.15,0.0,0.178228,11,False,2022-04-07,307.1760777918534,3.456792902634144,13.291927754710947,0.6317834988845177,0.8220972562735381,0.9497263976109847,0.6000214664656565,0.37697119233621246,0.05964066228212091,1,True,
aae_acceptance,IIFL,2023-12-13,2023-12-14,661.6494,2023-12-15,642.1248,STOP,1,-19.5246,18.684,-38.2086,-0.057622,-0.042785,0.0,2,False,2023-12-12,636.2013273602565,2.280357234886877,20.444117436799317,0.7529406778506055,0.8723401492299191,0.8201925242394947,0.6175563151688843,0.6167379978268536,0.019791729220473533,1,True,
aae_acceptance,IIFL,2025-05-14,2025-05-15,409.9666,2025-05-21,398.6497,STOP,2,-22.6337,19.346,-41.9798,-0.051087,-0.029177,0.011622,5,False,2025-05-13,390.2127580508203,3.3949256376231793,18.721814847556026,0.6604286083859479,0.640227887716021,0.9914970325713354,0.6548130054398839,0.270188288000091,0.0277220445885612,1,True,
aae_acceptance,IIFL,2025-12-31,2026-01-01,606.5123,2026-01-22,581.7354,STOP,1,-24.7768,18.4405,-43.2174,-0.0711,-0.163421,0.104746,16,False,2025-12-24,588.4459960775147,5.224378318836236,16.259340680173302,0.7192335288023427,0.8955661772795631,0.7936677925430372,0.5708324871274943,0.34356538112995827,0.04006585784597149,4,True,
aae_acceptance,INDHOTEL,2021-05-21,2021-05-24,124.7891,2021-06-14,128.0727,TIME,7,22.9853,19.6652,3.3201,0.003792,-0.01374,0.101527,16,False,2021-05-19,117.45413501066962,2.3972790172534517,5.254909562703869,0.8507461069293024,0.8918915930332643,1.2145502459434907,1.0332738934064516,0.5368835337237363,0.050453132474212924,2,True,
aae_acceptance,INDHOTEL,2022-01-13,2022-01-14,204.8424,2022-01-19,201.5084,STOP,4,-13.3363,19.3626,-32.6989,-0.03982,-0.024291,0.029341,4,False,2022-01-12,200.50715085293385,2.7195624286877336,7.620464762995092,0.8333335817868506,0.9155558268229161,0.7369840461265865,0.6141535548784338,0.532478649168498,0.028426797899713332,1,True,
aae_acceptance,INDHOTEL,2022-07-28,2022-07-29,260.6855,2022-08-05,266.3118,MOMENTUM_FAIL,3,16.8789,19.2666,-2.3877,-0.003046,-0.003786,0.042408,6,False,2022-07-25,253.82536221476485,2.04746020338951,6.455090151974216,0.757897067116495,0.8872554666124127,0.7263429133571113,0.5504931637542051,0.604947696864345,0.039417020159380145,3,True,
aae_acceptance,INDHOTEL,2023-09-06,2023-09-07,427.5375,2023-09-13,409.0372,STOP,2,-37.0005,19.4652,-56.4657,-0.065892,-0.05706,0.004051,5,False,2023-08-30,404.230777059446,5.136384613243505,9.54567912974161,0.8078813147023958,0.9212116279987361,1.0523286723068161,0.8501566712822572,0.4723270084601568,0.0421630425361446,5,True,
aae_acceptance,INDHOTEL,2024-06-18,2024-06-19,619.3623,2024-07-02,603.2629,STOP,1,-16.0993,18.5124,-34.6118,-0.055761,-0.038064,0.062505,10,False,2024-06-14,589.6324954368633,2.13752110426952,18.706524885189598,0.9189810451000233,0.9317737817341633,1.146180970538045,1.0533185861788115,0.6094541486443323,0.022075049640933497,1,True,
aae_acceptance,INDHOTEL,2024-09-12,2024-09-13,693.3641,2024-09-18,672.5719,STOP,1,-20.7922,18.8154,-39.6075,-0.056999,-0.030279,0.000429,4,False,2024-09-10,668.5479478505148,2.509228800711393,16.749067905168896,0.9267235486303511,0.9425672262236408,1.3749658337700121,1.2742132167168352,0.6884993523403609,0.0333088623842321,2,True,
aae_acceptance,INDIACEM,2019-09-16,2019-09-17,84.7773,2019-09-19,81.6804,STOP,11,-34.0659,19.7983,-53.8642,-0.057634,-0.046512,0.008721,3,False,2019-09-13,82.67759442793228,2.2446291975802923,3.755673145161209,0.6774010972710671,0.9552234557034233,0.24409334986175898,0.16534910303292602,0.5905284907255881,0.0359693327127945,1,True,
aae_acceptance,INDIANB,2018-12-18,2018-12-19,209.5903,2018-12-27,204.7529,MOMENTUM_FAIL,4,-19.3495,19.4305,-38.78,-0.046156,-0.053309,0.036765,6,False,2018-12-13,201.15701481418034,2.7016927017931587,8.695204165062485,0.5324694427250062,0.7437726709963289,0.7581783472632502,0.403706802053429,0.42459107626326614,0.047507455513858945,3,True,
aae_acceptance,INDIANB,2022-09-12,2022-09-13,187.2515,2022-09-16,180.1698,STOP,5,-35.4085,19.8112,-55.2197,-0.058851,-0.062863,0.003143,4,False,2022-09-08,179.05701384673247,4.6535258264975425,5.801385806442388,0.7388531141203835,0.8481479220920146,1.2252162268621796,0.9052548246879475,0.4226022752094578,0.03688774095933358,2,True,
aae_acceptance,INDIANB,2022-10-20,2022-10-21,201.8296,2022-11-07,237.0767,TARGET,4,140.9885,19.6259,121.3625,0.15,0.0,0.207492,11,False,2022-10-18,187.07043033689573,4.573699311002535,7.2298177461405455,0.79203587939936,0.8368061221678522,1.4152240825656952,1.120908250782073,0.30395051535406137,0.04996370460538814,2,True,
aae_acceptance,INDIANB,2023-07-03,2023-07-04,281.0179,2023-07-11,289.5138,MOMENTUM_FAIL,3,25.4877,19.5417,5.9461,0.007038,-0.011296,0.045017,6,False,2023-06-30,266.9669846544109,3.325242583524757,6.011328162284309,0.874170352651668,0.9362407653565945,1.1725819507544832,1.0250363774040274,0.6632238073940921,0.019748918579458367,1,True,
aae_acceptance,INDIANB,2023-07-18,2023-07-19,306.2254,2023-07-26,306.5055,MOMENTUM_FAIL,3,0.8403,19.8108,-18.9705,-0.020605,-0.010518,0.030335,6,False,2023-07-12,293.66833543639416,3.7093252426360244,7.0442260462229696,0.7991792415392827,0.8537306145055993,1.6169395586564286,1.292224530101907,0.5073722131562552,0.04113401911442953,4,True,
aae_acceptance,INDIANB,2023-07-31,2023-08-01,324.8978,2023-08-03,315.4526,STOP,3,-28.3356,19.9879,-48.3235,-0.04947,-0.035632,0.0,3,False,2023-07-28,315.51492469252173,2.378439551652895,7.6264225410393935,0.8198740409807577,0.9088042287015043,0.9854666525334603,0.8079585266643883,0.8260917876669205,0.025992575904168456,1,True,
aae_acceptance,INDIANB,2025-04-17,2025-04-21,551.5957,2025-04-28,559.7586,MOMENTUM_FAIL,1,8.1629,18.2757,-10.1128,-0.018294,-0.029684,0.029511,6,False,2025-04-16,532.7397085281642,2.9473998453349592,17.681189034103117,0.8529421113985098,0.9383803346614908,0.6425681050459664,0.5480733962352461,0.49281346114569924,0.027959328898574727,1,True,
aae_acceptance,INDIANB,2026-02-26,2026-02-27,967.4898,2026-03-02,939.976,GAP_STOP,1,-27.5138,19.9592,-47.473,-0.048961,-0.028438,0.0,2,False,2026-02-23,932.6323936720622,2.1160296085625276,28.936643309907915,0.9029851811128944,0.90427102116544,1.133555167762866,1.023583518463809,0.5764752072077095,0.027376875073367023,3,True,
aae_acceptance,INDUSINDBK,2022-07-25,2022-07-26,929.1719,2022-08-18,1079.3577,TIME,1,150.1858,20.1592,130.0266,0.139633,-0.00391,0.164104,16,False,2022-07-21,869.5362410797877,7.648248807297328,30.925123376587592,0.7846627073752349,0.7997115342333234,2.022377869075669,1.5868844940846727,0.281833413708888,0.03227402934567601,2,True,
aae_acceptance,INDUSINDBK,2025-04-17,2025-04-21,800.7031,2025-04-28,829.2069,MOMENTUM_FAIL,1,28.5038,19.369,9.1348,0.011384,-0.033167,0.049626,6,False,2025-04-16,739.8017505369916,2.4248188332250358,36.88064567038253,0.8848310517808109,0.8998367757545389,1.4455731363489979,1.2790879986617694,0.5844344396107355,0.033218427295425124,1,True,
aae_acceptance,INDUSINDBK,2026-01-16,2026-01-19,946.4171,2026-01-20,931.1323,STOP,1,-15.2848,19.8951,-35.1799,-0.037091,-0.051585,5.3e-05,2,False,2026-01-14,923.2046889820487,3.201095138684751,23.222863641620947,0.8181808851286088,0.8997717091780681,1.040391779796424,0.8512286672743669,0.45595535067215653,0.02223576177619961,2,True,
aae_acceptance,INDUSINDBK,2026-04-29,2026-04-30,904.5349,2026-05-18,873.9545,STOP,1,-30.5805,19.6871,-50.2675,-0.055452,-0.039514,0.057285,12,False,2026-04-27,871.5882668975354,3.7502762687581797,28.169267940563113,0.8901647702711651,0.9125332466410724,1.0809896976735003,0.9622589458950277,0.49332022908049533,0.04200272780487531,2,True,
aae_acceptance,INDUSTOWER,2024-03-28,2024-04-01,284.2041,2024-04-18,333.5384,TARGET,3,148.0029,19.8315,128.1715,0.15,0.0,0.199898,12,False,2024-03-26,265.2186556318976,2.034092918626794,12.086368590485078,0.7824070342643786,0.7974133735323298,0.8611602178993933,0.6737778121131304,0.4841243848661524,0.05081826477483069,2,True,
aae_acceptance,INDUSTOWER,2025-06-24,2025-06-25,400.8155,2025-07-02,407.899,MOMENTUM_FAIL,2,14.1668,19.3437,-5.1769,-0.006444,-0.011782,0.025246,6,False,2025-06-20,386.8414522734522,2.3968189770881128,9.51089505540747,0.6666640036152658,0.9107684795673076,0.4407818392566102,0.29385338567971225,0.6193506819122093,0.0412229814007517,2,True,
aae_acceptance,INFY,2020-07-02,2020-07-03,643.6495,2020-07-16,767.3497,TARGET,1,123.7002,18.8997,104.8005,0.162467,0.0,0.265563,10,False,2020-06-26,621.99563357861,2.3272187176973334,18.28037433377185,0.8454563395627555,0.9182700631186032,1.0259837829333127,0.8674244935695472,0.9558687334290303,0.049732784486914254,4,True,
aae_acceptance,INOXWIND,2026-04-16,2026-04-17,95.79,2026-05-11,99.83,TIME,10,40.4,20.057,20.3431,0.021191,-0.000626,0.130285,16,False,2026-04-15,90.8499984741211,2.894267162198815,4.5021850037662965,0.746357131258939,0.8342866443452381,0.7618523677517515,0.5686139476380274,0.4497132743427199,0.04336976708082872,1,True,
aae_acceptance,INTELLECT,2023-02-09,2023-02-10,456.5105,2023-02-10,444.1868,STOP,2,-24.6475,19.735,-44.3824,-0.048505,0.0,0.0,1,False,2023-02-08,436.95976835228527,2.625256068413314,18.828035653296347,0.855907612043148,0.9151103917232635,0.9007989300455168,0.771000661146281,0.40839175777194,0.02406992402830806,1,True,
aae_acceptance,INTELLECT,2024-01-18,2024-01-19,853.8161,2024-02-08,1002.0055,TARGET,1,148.1894,19.8369,128.3524,0.15,-0.004598,0.216092,13,False,2024-01-16,831.0476215394879,2.442290718989748,24.383280447377565,0.6278038299755276,0.8460102955730836,0.4487781711631715,0.28174465466565196,0.3699751077470333,0.03429098055431815,2,True,
aae_acceptance,IOC,2021-09-03,2021-09-06,56.2728,2021-09-14,57.0149,MOMENTUM_FAIL,17,12.615,19.995,-7.38,-0.007698,-0.026813,0.018901,6,False,2021-08-31,53.551922376778535,2.071022447179813,1.1466892960202002,0.852461276423138,0.8846170775293664,1.3158345517364292,1.121698001534904,0.7290915109644797,0.041432782072969236,3,True,
aae_acceptance,IOC,2024-07-15,2024-07-16,157.5689,2024-07-19,153.5863,STOP,6,-23.8954,19.8733,-43.7687,-0.046195,-0.025664,0.012743,3,False,2024-07-11,154.19941128453033,2.545757560865407,3.329479815038568,0.545152879140438,0.6169015658512891,0.8013295300326639,0.43684710043756086,0.2673981296216476,0.0264236659642102,2,True,
aae_acceptance,IOC,2024-07-29,2024-07-30,167.3298,2024-08-05,159.8929,GAP_STOP,5,-37.1844,19.387,-56.5714,-0.067469,-0.072278,0.026944,5,False,2024-07-25,160.1717772059864,2.8745545247684574,4.259272244873682,0.8650200773079304,0.9355724882201363,1.1480193673799384,0.9930598019219956,0.6119699609500857,0.033125359159671165,2,True,
aae_acceptance,IPCALAB,2018-02-12,2018-02-14,313.6943,2018-02-15,295.1633,STOP,3,-55.5929,19.7905,-75.3834,-0.079928,-0.07966,0.015777,2,False,2018-02-09,295.88678136549584,8.414933946416403,12.956877629491503,0.579093203315227,0.8521823690832869,0.6628400901743666,0.38384619110482787,0.11882236035611304,0.04884822546131376,1,True,
aae_acceptance,IPCALAB,2019-03-05,2019-03-06,426.1465,2019-03-28,466.2055,TIME,2,80.118,19.6919,60.4261,0.070744,-0.017273,0.103067,16,False,2019-03-01,402.70383384579975,2.8474420237136404,12.573901514400342,0.6666652767034804,0.7890329680303133,1.3156986980908731,0.8771306366211609,0.5665535935214766,0.03480518637654231,1,True,
aae_acceptance,IPCALAB,2020-07-17,2020-07-20,880.5646,2020-07-22,854.4601,STOP,1,-26.1045,19.595,-45.6995,-0.051785,-0.038332,0.0,3,False,2020-07-16,840.8913552225476,3.2442138628072485,27.22614023869997,0.7636134321080378,0.8845795809211364,1.4023711551954974,1.0708694509081476,0.7188787236885109,0.033350618496522176,1,True,
aae_acceptance,IRCON,2025-05-15,2025-05-16,174.5479,2025-06-04,204.7718,TARGET,5,151.1199,19.9228,131.1971,0.15,0.0,0.256317,14,False,2025-05-14,164.94331210933768,4.597607851657777,7.531896950132294,0.8053575255005608,0.9210146882560292,0.7286746195847916,0.5868435885238703,0.35264054958119406,0.03059159620125476,1,True,
aae_acceptance,IRCON,2025-09-17,2025-09-18,184.8303,2025-09-23,177.3303,STOP,5,-37.4998,19.7558,-57.2556,-0.06182,-0.052053,0.0,4,False,2025-09-15,176.05712533789944,9.865362208493746,5.7773899857240405,0.6096339722899673,0.7742165643565101,1.4161585230941558,0.8633383458261836,0.19647429010043332,0.03811522176101486,2,True,
aae_acceptance,IRCON,2026-04-22,2026-04-23,153.3046,2026-04-24,147.8173,STOP,6,-32.9236,19.7469,-52.6705,-0.057136,-0.037395,0.00162,2,False,2026-04-17,143.54795763438503,8.582082725897806,6.994296663591536,0.6717109634729569,0.6979422788813424,2.1591784928288305,1.4503438657281407,0.20392162092435773,0.04384899733882685,3,True,
aae_acceptance,IRCTC,2020-01-15,2020-01-16,186.6283,2020-01-23,188.6561,MOMENTUM_FAIL,5,10.1388,19.8908,-9.752,-0.010428,-0.006905,0.04407,6,False,2020-01-14,180.92412786025915,2.983570292528586,4.8629849547928155,0.6706911037338332,0.7707078940860745,1.1301275210848098,0.757966474476352,0.4571518889574796,0.018167786848309508,1,True,
aae_acceptance,IRCTC,2022-08-01,2022-08-02,612.5683,2022-08-25,688.3419,TIME,1,75.7736,18.6708,57.1028,0.093015,-0.013213,0.179726,16,False,2022-07-29,591.3990844190449,3.885871861423603,15.200831940405626,0.8716802517644509,0.9166659358814933,1.4241469693137343,1.2414007887609755,0.5610904219090572,0.0204151225728902,1,True,
aae_acceptance,IREDA,2024-07-05,2024-07-08,229.249,2024-07-11,268.7424,TARGET,4,157.9738,20.1236,137.8501,0.15,-0.017198,0.247112,4,False,2024-07-03,206.52172157477534,4.372798727235547,10.59402419508896,0.8359003398491928,0.8382951848869451,1.5744586625146684,1.3160905310745168,0.3788279566180197,0.05740051021155872,2,True,
aae_acceptance,ITC,2018-08-03,2018-08-06,212.0032,2018-08-13,212.6636,MOMENTUM_FAIL,4,2.6415,19.5161,-16.8746,-0.019856,-0.017213,0.009181,6,False,2018-07-27,202.37620948471073,6.02398249194087,4.584589814459733,0.7125005749304928,0.621399337971188,2.425846619932313,1.7284171113949656,0.3863388282282108,0.032922878125018144,5,True,
aae_acceptance,ITC,2022-02-03,2022-02-04,186.8083,2022-02-07,181.5851,STOP,5,-26.1163,19.8208,-45.9371,-0.049074,-0.036881,0.0,2,False,2022-02-02,180.15487076062183,2.7272140981307578,3.8087893495856826,0.7444433865018381,0.7325569825505329,0.9302871584326976,0.6925461226428093,0.3335318412952404,0.016351653453835168,1,True,
aae_acceptance,ITC,2022-05-20,2022-05-23,225.7646,2022-05-23,221.7999,STOP,4,-15.8589,19.7108,-35.5697,-0.039302,0.0,0.0,1,False,2022-05-19,215.92776720771263,3.8609305499156954,6.243343787814178,0.6855889459711816,0.7837838866745086,1.4787165398762165,1.0137917139638881,0.29602667002827276,0.017561376320072267,1,True,
aae_acceptance,ITC,2022-09-05,2022-09-06,272.5673,2022-09-13,276.2015,MOMENTUM_FAIL,3,10.9028,19.4049,-8.5021,-0.010375,-0.014394,0.015152,6,False,2022-09-02,265.87698036201425,2.117432877355783,4.2761424476325525,0.5319210014303545,0.8225765227881543,0.45393393631394147,0.24145699398733447,0.5062858255723955,0.019513488587484116,1,True,
aae_acceptance,ITC,2023-01-31,2023-02-01,291.5644,2023-02-01,280.38,STOP,3,-33.5532,19.555,-53.1082,-0.060584,0.0,0.0,1,False,2023-01-27,281.9006628614671,2.32153338354682,4.512985869362036,0.62251538659473,0.6122441939684505,1.3817958003474418,0.860189146848262,0.5321342095235845,0.03658592747789649,2,True,
aae_acceptance,JBMA,2022-04-06,2022-04-07,268.1243,2022-05-02,247.1316,STOP,3,-62.9783,19.1982,-82.1765,-0.101939,-0.079544,0.122326,16,False,2022-04-05,247.64069889462914,2.782907132859957,12.038668455431143,0.6739145457455067,0.9469964435683362,0.1897422560981981,0.1278700663271448,0.33275254078826505,0.05537678495818751,1,True,
aae_acceptance,JBMA,2024-12-11,2024-12-12,880.7776,2024-12-12,856.3249,STOP,1,-24.4527,19.5992,-44.0519,-0.049906,0.0,0.0,1,False,2024-12-10,819.7187595257294,16.082988167412953,27.39277044327006,0.8803020169004199,0.9092860630580358,1.9313844414185435,1.7002016191908345,0.1384245973420994,0.029740025230121918,1,True,
aae_acceptance,JINDALSAW,2024-04-25,2024-04-26,268.4599,2024-05-08,254.4579,STOP,3,-42.0059,19.2451,-61.2511,-0.075886,-0.052918,0.085595,8,False,2024-04-24,252.57213866960385,3.455808562303363,11.408307811530229,0.8293326356054482,0.9158997836098497,0.8009880730344654,0.6642855496982024,0.45985217160746006,0.04687942983355103,1,True,
aae_acceptance,JINDALSTEL,2022-01-14,2022-01-17,413.4067,2022-01-18,398.8874,STOP,2,-29.0387,19.3621,-48.4007,-0.058411,-0.046429,0.003929,2,False,2022-01-13,404.64645107337066,2.8353879122360297,13.238923866625939,0.6176476581188665,0.9443260191365418,0.2527848638872576,0.15613197918786112,0.5978586027325253,0.032009784650621174,1,True,
aae_acceptance,JINDALSTEL,2024-03-04,2024-03-05,834.5438,2024-03-06,814.9362,STOP,1,-19.6077,19.4139,-39.0215,-0.046656,-0.045327,0.0,2,False,2024-03-01,799.7484134548255,2.1990386708420124,24.825905458631965,0.8953755434432843,0.9566089819629059,0.8229233173362401,0.7368254124720864,0.8485972311408518,0.02349507821198331,1,True,
aae_acceptance,JINDALSTEL,2024-05-15,2024-05-16,990.1789,2024-06-04,962.4953,STOP,1,-27.6836,20.0546,-47.7382,-0.048106,-0.095181,0.090311,13,False,2024-05-14,954.3892788848631,3.277050630238805,29.468786446663955,0.7918463030556944,0.9075314688813888,0.7860451360926749,0.6224269350498948,0.401488563350006,0.025561209359806044,1,True,
aae_acceptance,JINDALSTEL,2025-05-15,2025-05-16,962.7627,2025-05-23,949.8116,MOMENTUM_FAIL,1,-12.9511,19.9688,-32.9199,-0.034119,-0.016298,0.017074,6,False,2025-05-14,922.5147098759724,4.347454863378978,32.41958552709138,0.7166669299562959,0.8355503794957194,0.737506259809465,0.5285463470411996,0.2367910222312327,0.043235657367962574,1,True,
aae_acceptance,JIOFIN,2024-09-03,2024-09-04,343.658,2024-09-06,338.6199,STOP,2,-10.0763,18.8116,-28.8879,-0.041938,-0.026087,0.015797,3,False,2024-09-02,336.6354567540464,4.106543010839079,10.017571525407275,0.6096480514589235,0.8301522849734778,1.1335737932146575,0.6910810542182166,0.5617670395195078,0.029291304764120903,1,True,
aae_acceptance,JKTYRE,2023-05-02,2023-05-03,175.6136,2023-05-19,171.5673,STOP,5,-20.2317,19.5964,-39.8281,-0.04526,-0.04775,0.144073,13,False,2023-04-28,167.42084577047493,2.8431324963683777,5.867828913045879,0.6447375296087872,0.7488374931867721,1.2483783258045782,0.8048763577963974,0.4448633144354525,0.019002929761453017,1,True,
aae_acceptance,JKTYRE,2023-07-31,2023-08-01,259.1628,2023-08-02,250.0401,STOP,3,-27.3681,19.1572,-46.5253,-0.05971,-0.059044,0.0,2,False,2023-07-28,251.9505628900194,2.050521159787888,9.19444002582569,0.7003526984138623,0.9022981147496415,0.599493685988501,0.41985702066411923,0.7446397362777941,0.033025548764110936,1,True,
aae_acceptance,JKTYRE,2024-07-01,2024-07-02,436.5205,2024-07-09,436.1311,MOMENTUM_FAIL,2,-0.7788,19.6148,-20.3936,-0.023308,-0.018399,0.03702,6,False,2024-06-28,413.98381711337026,12.033782451856096,13.83694978859543,0.5142854467812039,0.8903225806451612,0.6156111628345565,0.31659986192186634,0.21018185871219533,0.03648436961410276,1,True,
aae_acceptance,JKTYRE,2025-09-16,2025-09-17,374.2346,2025-09-24,371.512,MOMENTUM_FAIL,2,-5.4452,19.0793,-24.5245,-0.032695,-0.014154,0.027381,6,False,2025-09-11,357.70093180632927,2.556828199583393,10.725724874684216,0.7682931638013331,0.8837924656140747,0.7569005217264891,0.581521496520124,0.40794581173994915,0.038456723304444766,3,True,
aae_acceptance,JSL,2020-12-03,2020-12-04,70.7473,2020-12-08,67.4373,STOP,14,-46.3397,20.0178,-66.3576,-0.06685,-0.089273,0.0,3,False,2020-12-02,65.94923315649363,2.89591723169651,2.797977539589013,0.7450974863592132,0.8879308303670774,0.8924177036025938,0.664938187736754,0.5921578641350601,0.03947405281696554,1,True,
aae_acceptance,JSL,2021-07-12,2021-07-13,124.0649,2021-07-15,117.4849,STOP,8,-52.6396,20.0137,-72.6533,-0.073041,-0.076164,0.0,3,False,2021-07-09,111.0904228001106,3.803632591123645,5.747456608028383,0.6837214612068603,0.7799356266622952,1.8314912111055075,1.2522298470445798,0.4792710898607115,0.04550286658637805,1,True,
aae_acceptance,JSWENERGY,2022-02-11,2022-02-14,329.446,2022-02-15,308.9775,GAP_STOP,3,-61.4056,19.9782,-81.3838,-0.082164,-0.088314,0.0,2,False,2022-02-10,311.85284398561646,2.1159658129001984,12.554559534353233,1.0,1.0,0.3959427226046145,0.3959427226046145,0.5668729470320715,0.05136332713511608,1,True,
aae_acceptance,JSWENERGY,2022-08-03,2022-08-04,260.8655,2022-08-08,306.5854,TARGET,3,137.1599,19.5138,117.6461,0.15,0.0,0.19285,3,False,2022-08-02,245.30677189780658,3.3819663886192854,12.237667117970767,0.8357153058808593,0.8917652803308829,1.122982803406194,0.9384939170475523,0.36644096095398576,0.04957254540098669,1,True,
aae_acceptance,JSWENERGY,2023-07-05,2023-07-06,299.7965,2023-07-18,284.1697,STOP,3,-46.8804,19.6322,-66.5126,-0.073792,-0.065181,0.055941,9,False,2023-07-03,281.98684514084687,3.1240475716400606,10.238682416477946,0.5882360068275221,0.8333339388412763,0.6571245291155053,0.38654430899532066,0.5026621251222371,0.04819833872192694,2,True,
aae_acceptance,JSWINFRA,2024-05-21,2024-05-22,276.0035,2024-06-04,264.5324,STOP,3,-34.4135,19.3562,-53.7696,-0.064797,-0.042626,0.078957,10,False,2024-05-17,263.44435010644463,3.1372334950972594,9.353907808342324,0.6206878216768791,0.7793694320761383,1.077311483918883,0.6686741182210977,0.42628466469097614,0.03931535726041847,1,True,
aae_acceptance,JSWINFRA,2025-03-20,2025-03-21,294.3559,2025-04-07,276.257,GAP_STOP,3,-54.2969,19.5482,-73.845,-0.083441,-0.061487,0.107432,11,False,2025-03-19,273.47255786722036,2.028454177296705,11.46743095861715,0.901098170576569,0.9266300787320609,1.1837126251895624,1.0666412810467027,0.9640411243584212,0.04045543027900717,1,True,
aae_acceptance,JSWINFRA,2025-06-09,2025-06-10,315.3387,2025-06-13,293.3615,GAP_STOP,3,-65.9317,19.7903,-85.722,-0.090416,-0.073478,0.0,4,False,2025-06-05,300.0242512750011,2.3640194825107614,8.10779666882113,0.6666668899084951,0.8175686542974155,0.9934831657158221,0.6623223322642132,0.7367403163734595,0.05118455893843686,2,True,
aae_acceptance,JSWSTEEL,2020-10-19,2020-10-20,291.7765,2020-10-26,287.1745,STOP,3,-13.8059,19.5979,-33.4038,-0.038078,-0.018226,0.055807,5,False,2020-10-16,280.8583297363242,2.365530689360757,9.74551901539616,0.9003544453851577,0.9354827821889947,1.3569418696510125,1.2217286444695363,0.7961397654572747,0.0267603032250967,1,True,
aae_acceptance,JSWSTEEL,2021-08-05,2021-08-06,729.4451,2021-08-10,687.34,STOP,1,-42.1051,18.9243,-61.0294,-0.083483,-0.06241,0.0,3,False,2021-07-29,693.3291872365961,2.618116692259729,19.84732590770021,0.6608408569575335,0.7232537931490842,1.3695510290670156,0.9050552756957184,0.4883553412057443,0.05247511112984235,5,True,
aae_acceptance,JSWSTEEL,2022-03-23,2022-03-24,669.5687,2022-04-18,729.7776,TIME,1,60.2089,18.8798,41.3291,0.06159,0.0,0.10873,16,False,2022-03-17,639.6306879470686,2.1851821635213167,23.78227711244284,0.6065139819693196,0.7592016011413188,0.7972658225485595,0.4835528687219718,0.5459052167860032,0.046785810980937745,3,True,
aae_acceptance,JSWSTEEL,2023-04-12,2023-04-13,702.5054,2023-04-21,696.2838,MOMENTUM_FAIL,1,-6.2216,18.8836,-25.1052,-0.035659,-0.019386,0.023291,6,False,2023-04-11,679.2353958429075,2.2475337471991503,15.120317918005417,0.9356311519835482,0.9471688900353786,1.4093842049191125,1.3186637672358865,0.7236642711749652,0.014800815976129157,1,True,
aae_acceptance,JUBLFOOD,2020-09-03,2020-09-04,440.2924,2020-09-25,456.9169,TIME,2,33.249,19.7159,13.5331,0.015335,-0.006413,0.086816,16,False,2020-09-02,437.3208977306614,2.505602148716277,16.058359977991838,0.501752900935533,0.8068980321884955,0.877265316313895,0.4401704173506249,0.49978584606509957,0.04411347393910769,1,True,
aae_acceptance,JUBLFOOD,2020-11-17,2020-11-18,496.1681,2020-11-25,481.7158,STOP,2,-28.9047,20.0612,-48.9659,-0.049236,-0.037008,0.058476,6,False,2020-11-13,479.58312062061196,4.577657964402851,17.787926694685748,0.7260271069402583,0.8639455499860381,0.8102768573173798,0.5882829625387817,0.34625459841179984,0.032074478596079946,2,True,
aae_acceptance,JUBLFOOD,2026-08-07,2026-08-10,487.0,2026-08-31,496.0,TIME,2,18.0,20.0793,-2.0793,-0.00213,-0.031622,0.083881,16,False,2026-08-05,472.95001220703125,5.497967803404223,13.699986132281442,0.5391499309086738,0.6268117063764104,1.631386730624054,0.879562043101286,0.26552638075144946,0.04240986861488593,2,True,
aae_acceptance,JUBLINGREA,2026-07-03,2026-07-06,679.7115,2026-07-27,744.1,TIME,1,64.3884,18.9312,45.4573,0.066731,-0.020674,0.165689,16,False,2026-07-02,657.6857110992269,2.1714725698053505,22.525558110975666,0.6606045306466398,0.837444567873017,0.7300448647204111,0.48227094520961683,0.6112683126414632,0.027924353443507497,1,True,
aae_acceptance,JUBLINGREA,2026-07-13,2026-07-14,730.4906,2026-08-04,751.35,TIME,1,20.8594,19.0569,1.8025,0.002462,-0.025786,0.084658,16,False,2026-07-09,695.7575016622644,2.096278857984325,24.34437099186667,0.6770431935615737,0.8122175226085467,1.0521428714488088,0.7123461697687458,0.6776759121772956,0.037075771563079105,2,True,
aae_acceptance,JYOTICNC,2026-08-19,2026-08-20,949.0,2026-09-10,1003.9,TIME,1,54.9,20.0489,34.8511,0.036644,-0.001106,0.115753,16,False,2026-08-18,874.75,5.212989429528866,37.386069054501455,0.74436082069938,0.7871371154039887,1.95661181461534,1.4564251761171778,0.3655848756688766,0.0497088362272225,1,True,
aae_acceptance,KAJARIACER,2020-01-09,2020-01-10,527.2599,2020-01-13,511.2245,STOP,1,-16.0354,18.1237,-34.1591,-0.064645,-0.041426,0.0,2,False,2020-01-08,507.2028515136984,3.166195977844856,12.904230289057715,0.5303860439719577,0.7739360234271264,1.317692771267491,0.6988858561230102,0.4403214784465047,0.025900197388863896,1,True,
aae_acceptance,KAJARIACER,2025-05-16,2025-05-19,936.0547,2025-06-09,1016.851,TIME,1,80.7963,20.047,60.7493,0.064758,0.0,0.12621,16,False,2025-05-15,879.3003386534817,2.474724807212616,35.31488116983271,0.8383616985256962,0.8869630330114304,1.294603774814947,1.085346219571637,0.7350894643600309,0.036555187192091186,1,True,
aae_acceptance,KALYANKJIL,2021-05-26,2021-05-27,70.9314,2021-05-27,67.4045,STOP,14,-49.3778,20.0225,-69.4003,-0.069734,0.0,0.0,1,False,2021-05-25,66.18951022153682,4.334582182100328,2.9317445653150003,0.607141618611415,0.8877545141867778,0.47175588236591254,0.28642263000909646,0.37703608476403455,0.041715791948798236,1,True,
aae_acceptance,KALYANKJIL,2022-04-06,2022-04-07,65.498,2022-04-18,63.2258,MOMENTUM_FAIL,15,-34.0827,20.009,-54.0917,-0.054937,-0.036953,0.010558,6,False,2022-04-04,63.22580162499933,2.291151058016782,2.0722703730113947,0.555552753893927,0.8709673449849686,0.429051431506101,0.23836070433534598,0.5409875320454921,0.04661873075181096,2,True,
aae_acceptance,KARURVYSYA,2019-01-01,2019-01-02,68.3732,2019-01-09,70.1119,MOMENTUM_FAIL,14,24.3406,20.0214,4.3192,0.004502,-0.015478,0.030956,6,False,2018-12-31,66.67242816974849,3.027766036882305,1.5935747604182928,0.666662741211167,0.8333320617675755,0.5692259164113118,0.3794817098032037,0.21150229507508297,0.035932664874317746,1,True,
aae_acceptance,KARURVYSYA,2025-10-10,2025-10-13,224.8413,2025-11-04,249.0232,TIME,4,96.7278,19.9245,76.8033,0.085211,-0.02798,0.140827,16,False,2025-10-08,218.58992239185838,6.547769743944328,5.9783118416884165,0.5533870607549717,0.6113884591053542,1.4456894870415022,0.8000258559982596,0.165783164320774,0.03297378472461229,2,True,
aae_acceptance,KEC,2019-03-13,2019-03-14,276.2542,2019-03-26,267.7086,STOP,3,-25.6367,19.3772,-45.0139,-0.054196,-0.039308,0.063369,8,False,2019-03-12,263.0546800218187,3.5720259243468906,9.548616698235007,0.7464093067691553,0.8523664283066911,1.0245090711952642,0.7647031056095683,0.4144400125779007,0.0297831197614884,1,True,
aae_acceptance,KEC,2020-08-13,2020-08-14,292.6275,2020-09-04,311.2653,TIME,3,55.9133,19.7507,36.1627,0.041103,0.0,0.122659,16,False,2020-08-11,274.56167737753674,5.5761446017483705,10.083975503342245,0.598681802933857,0.8519409025793284,0.7185040734012605,0.43015531407918695,0.3170458105430306,0.0481982012592627,2,True,
aae_acceptance,KEC,2021-02-03,2021-02-04,384.434,2021-02-25,410.7939,TIME,2,52.7197,19.2839,33.4358,0.043392,0.0,0.10341,16,False,2021-02-02,367.98893735803495,4.562778327177393,12.832164198359758,0.8346158339888633,0.9203705964265049,0.9658081097394129,0.8060787409833677,0.46404811610055835,0.04933815080847547,1,True,
aae_acceptance,KEC,2022-06-27,2022-06-28,405.6771,2022-06-29,385.2309,STOP,2,-40.8923,19.2726,-60.1649,-0.073992,-0.055049,0.0,2,False,2022-06-23,391.2326012179762,7.879570440541131,16.406735451782694,0.6139570784222517,0.8624502557226601,1.0523975809365989,0.6461269441304794,0.30484499357837364,0.05908914894303988,2,True,
aae_acceptance,KEC,2023-05-05,2023-05-08,501.1362,2023-05-12,485.0031,STOP,1,-16.1331,18.0132,-34.1463,-0.067989,-0.137864,0.109903,5,False,2023-05-04,495.2977535809028,2.908203203745972,15.497917112846185,0.742646441116802,0.9497126260385182,0.4269559880075506,0.3170773450073154,0.2849861049087136,0.03686838874486732,1,True,
aae_acceptance,KEC,2024-03-04,2024-03-05,713.8067,2024-03-07,679.8686,STOP,1,-33.9381,18.8749,-52.813,-0.073826,-0.049582,0.0,3,False,2024-02-28,688.2891532111756,5.472263198646466,21.82281299306972,0.6880589874666327,0.7187077970512572,1.500831141161652,1.0326603553460771,0.24110486606678824,0.047545268081517864,3,True,
aae_acceptance,KEI,2019-03-11,2019-03-12,392.3928,2019-04-04,404.3638,TIME,2,23.942,19.2925,4.6495,0.005912,-0.024756,0.090273,16,False,2019-03-06,372.8173242375279,2.3559657896384834,14.523266643757044,0.5826762579953638,0.646666124131944,1.2870636177545511,0.7499414125951972,0.4301595149422125,0.047283521277384825,3,True,
aae_acceptance,KFINTECH,2023-06-14,2023-06-15,353.3652,2023-06-15,345.2095,STOP,2,-16.3114,18.8809,-35.1924,-0.049687,0.0,0.0,1,False,2023-06-13,340.9886057156073,3.3114898766079124,11.095018172798607,0.5000012035539784,0.6994956890041099,1.0452365366130285,0.5226195263051063,0.35542585872250704,0.02697111399802557,1,True,
aae_acceptance,KFINTECH,2026-06-18,2026-06-19,892.4658,2026-06-24,873.8588,STOP,1,-18.607,19.6605,-38.2675,-0.042785,-0.033221,0.025924,4,False,2026-06-17,865.185270515528,2.3549137366828687,28.05131517451637,0.816288278160792,0.873203252655227,0.9285567956190205,0.7579700278703526,0.5481468179315688,0.02333238875067658,1,True,
aae_acceptance,KFINTECH,2026-07-28,2026-07-29,974.0,2026-07-30,933.1119,STOP,1,-40.8881,19.9594,-60.8475,-0.062335,-0.052772,0.0,2,False,2026-07-27,917.5758451739408,9.81038614476184,30.787029227455164,0.8396255720357404,0.9351555349997089,1.225325845515046,1.0288149139707476,0.3029473850704552,0.04173356647637849,1,True,
aae_acceptance,KIMS,2024-02-01,2024-02-02,433.0,2024-02-05,419.8,GAP_STOP,2,-26.4,19.5329,-45.9329,-0.052925,-0.047575,0.0,2,False,2024-01-31,423.0,2.4228837556330327,10.35680980880849,0.5078221974131663,0.7445350503987679,0.802370393200238,0.40746149621421107,0.4750268581521519,0.017632728178385286,1,True,
aae_acceptance,KIRLOSBROS,2023-02-09,2023-02-10,348.7998,2023-03-03,366.8029,TIME,2,36.0064,18.9489,17.0575,0.024398,-0.007192,0.107742,16,False,2023-02-07,337.92897117695287,3.5595223074378586,13.586798212859918,0.6230765022020652,0.8948492064115761,0.47064844334228145,0.2932499858445556,0.36004959946963255,0.03477060739076111,2,True,
aae_acceptance,KIRLOSBROS,2023-07-12,2023-07-13,678.8093,2023-08-01,799.8962,TARGET,1,121.0868,19.0428,102.044,0.15,-0.012464,0.239782,14,False,2023-07-10,644.081865973612,2.9438500114568136,26.040651780598118,0.7274251721620474,0.8510060209505884,1.1295793631939777,0.8216844627420751,0.5980228938441624,0.031101267361882196,2,True,
aae_acceptance,KOTAKBANK,2018-11-30,2018-12-03,246.4098,2018-12-06,236.4367,STOP,4,-39.8924,20.0106,-59.9029,-0.060643,-0.055524,0.0,4,False,2018-11-29,236.26520616640568,3.202364302641905,6.129350573162661,0.7754453223226981,0.8895072188131857,1.0034235282636068,0.7781000813005516,0.5335332946452445,0.035768974272029,1,True,
aae_acceptance,KOTAKBANK,2020-06-03,2020-06-04,274.388,2020-06-05,263.6585,STOP,3,-32.1885,19.3402,-51.5287,-0.062462,-0.042788,0.0,2,False,2020-06-02,259.6451194057029,2.615326526801803,12.486200287845369,0.781414059441723,0.8124994816991423,0.7539796160176307,0.5891702724886484,0.575367554844234,0.043607715702597645,1,True,
aae_acceptance,KOTAKBANK,2022-07-15,2022-07-18,358.0621,2022-07-25,357.1769,MOMENTUM_FAIL,2,-1.7704,18.9502,-20.7206,-0.028871,-0.008278,0.028889,6,False,2022-07-14,349.3989942414129,2.506130425242794,7.338919418011743,0.6618070086815468,0.8260343141748387,0.5570177449612955,0.36863824757537583,0.30283806331307955,0.014891579434464576,1,True,
aae_acceptance,KOTAKBANK,2023-07-21,2023-07-24,388.1341,2023-07-24,386.6799,STOP,2,-2.9085,19.2018,-22.1104,-0.028421,0.0,0.0,1,False,2023-07-20,381.1676216281366,2.402604460895133,6.210221718161288,0.8839661460029872,0.9208630092474677,1.5192195422508532,1.3429386436959092,0.6710072288078858,0.013961224241129208,1,True,
aae_acceptance,KPIL,2019-02-28,2019-03-01,362.752,2019-03-11,373.9974,MOMENTUM_FAIL,2,22.4907,19.0392,3.4515,0.004747,-0.029875,0.042,6,False,2019-02-27,345.0679493028629,3.961243620427992,14.03881957684278,0.5608294145388754,0.7478707884971116,1.0884723468631812,0.6104473090330337,0.3497961042010047,0.058303254573881726,1,True,
aae_acceptance,KPIL,2023-03-02,2023-03-03,546.7401,2023-03-27,535.0129,TIME,1,-11.7272,18.2147,-29.9419,-0.054645,-0.042722,0.053933,16,False,2023-03-01,515.2744245912528,2.3584050384547846,17.634348454757333,0.6004726513855839,0.6572006556630159,1.1576326382822775,0.6951267396398478,0.38409544787173244,0.03239768485795675,1,True,
aae_acceptance,KPITTECH,2022-10-25,2022-10-27,714.8265,2022-11-03,681.6785,MOMENTUM_FAIL,1,-33.148,18.8808,-52.0288,-0.072626,-0.051418,0.02189,6,False,2022-10-21,675.7801080611382,3.097734240772426,27.415456015760032,0.7475164177512358,0.897745924599437,0.8943791279122645,0.6685630818084501,0.6778888584645053,0.041855450357110434,2,True,
aae_acceptance,KPRMILL,2021-03-12,2021-03-15,218.6542,2021-03-15,207.7019,STOP,4,-43.8093,19.5338,-63.3431,-0.072266,0.0,0.0,1,False,2021-03-10,199.10424390293775,3.3856319711230904,8.309930802541995,0.7240240783990386,0.8096759298917117,1.7764988912103323,1.2862279724854748,0.577847904702723,0.03429649435164926,1,True,
aae_acceptance,KPRMILL,2021-11-04,2021-11-08,513.1458,2021-11-15,525.2659,MOMENTUM_FAIL,1,12.1201,18.1214,-6.0014,-0.01167,-0.027905,0.043809,6,False,2021-11-03,475.0263931130169,2.6836329754374355,22.425158303179927,0.6749990177091524,0.8852942971622251,0.5230282636276224,0.3530435641827688,0.5034823536949569,0.03830053999396963,1,True,
aae_acceptance,KPRMILL,2024-09-20,2024-09-23,940.7598,2024-09-25,899.3372,STOP,1,-41.4226,19.818,-61.2406,-0.064955,-0.052526,0.108421,3,False,2024-09-19,891.1965752791225,17.411092476751662,30.858235903457878,0.6993004853995864,0.8229413200827205,1.606154861912513,1.123184874562326,0.13980196152431473,0.0549241928684237,1,True,
aae_acceptance,KSB,2022-06-30,2022-07-01,287.9089,2022-07-08,291.2582,MOMENTUM_FAIL,3,10.0478,19.5975,-9.5497,-0.011032,-0.025817,0.047247,6,False,2022-06-28,281.6608938496588,2.2520683735375093,11.324463797831088,0.571942085245679,0.7532396237907275,0.9616349502974337,0.5499994987182392,0.5103269418389926,0.036220031059206736,2,True,
aae_acceptance,LALPATHLAB,2019-09-11,2019-09-12,633.9657,2019-09-17,607.9162,STOP,1,-26.0495,18.5538,-44.6034,-0.070203,-0.08058,0.016632,4,False,2019-09-09,605.6272997654034,2.6691695776407447,23.057395877906686,0.6124960969558791,0.6555548773871525,0.6576740475439354,0.4028227871898357,0.25140168002079055,0.030948911856550625,1,True,
aae_acceptance,LAURUSLABS,2023-06-15,2023-06-16,365.8303,2023-06-22,352.2222,STOP,2,-27.2162,18.964,-46.1801,-0.062979,-0.037631,0.006657,5,False,2023-06-13,350.02618049481754,2.104491507147415,11.360982495032243,0.8594608826259594,0.9287677921660975,0.8092803845502529,0.6955448335974362,0.6942674683308586,0.03378502875252138,2,True,
aae_acceptance,LAURUSLABS,2023-08-04,2023-08-07,391.5741,2023-08-16,377.2172,STOP,2,-28.7139,19.1783,-47.8922,-0.06102,-0.037695,0.061048,7,False,2023-08-03,374.62693559793587,3.0577444429971985,11.902120882162299,0.8563219698474714,0.9404761904761897,0.7265544307422561,0.622164521334617,0.5394043503701283,0.032612874815210566,1,True,
aae_acceptance,LEMONTREE,2020-02-19,2020-02-20,60.4,2020-02-26,57.0908,STOP,16,-52.9467,19.9028,-72.8494,-0.075218,-0.112583,0.055464,4,False,2020-02-17,57.54999923706055,6.371664300049303,2.314711995969119,0.8085105001469063,0.8965516031804912,1.0152460837074744,0.820837118910518,0.23053096235375425,0.04848607848198678,2,True,
aae_acceptance,LEMONTREE,2024-04-30,2024-05-02,152.8,2024-05-09,145.4,MOMENTUM_FAIL,6,-44.4001,19.7107,-64.1108,-0.069776,-0.054319,0.034031,6,False,2024-04-29,144.89999389648438,4.624356188024815,4.71923957277863,0.7685961668932364,0.7333344959077381,1.2819868452229572,0.9853301752459178,0.23140265509337968,0.03468007355179324,1,True,
aae_acceptance,LICHSGFIN,2021-09-23,2021-09-24,405.3299,2021-09-24,393.0552,STOP,2,-24.5495,19.303,-43.8525,-0.053977,0.0,0.0,1,False,2021-09-22,386.24377895046285,2.4278347576767105,10.66427110191323,0.5984568371692579,0.8088240738974681,1.1089472048737365,0.6636570368164255,0.8200597337349602,0.023684382680324568,1,True,
aae_acceptance,LICHSGFIN,2022-04-07,2022-04-08,359.8063,2022-04-18,343.4628,STOP,2,-32.687,18.902,-51.589,-0.071534,-0.054949,0.002157,5,False,2022-04-04,341.08536494186535,3.4506281250164403,11.211534513222665,0.7697367151981265,0.8128343467773779,1.238085808987951,0.9530001037438005,0.30568823832662717,0.044452898285387905,3,True,
aae_acceptance,LICHSGFIN,2023-07-31,2023-08-01,389.9693,2023-08-03,381.418,STOP,2,-17.1026,19.1884,-36.291,-0.046429,-0.066531,0.005256,3,False,2023-07-28,379.0694585144023,3.1377442189423843,8.193061716982804,0.7572289827566565,0.8855597613139696,0.9835633262522439,0.74478265701474,0.5888714641326083,0.019116163012792727,1,True,
aae_acceptance,LICHSGFIN,2024-01-04,2024-01-05,545.6706,2024-01-12,545.4804,MOMENTUM_FAIL,1,-0.1902,18.2337,-18.4239,-0.03369,-0.03345,0.02439,6,False,2024-01-01,517.6265236771561,2.5407076328076807,13.280098063370502,0.757142344413339,0.8061886045221655,1.7538135177060004,1.3278864784597262,0.759315095173161,0.0389118698765864,3,True,
aae_acceptance,LICHSGFIN,2024-01-30,2024-01-31,591.1114,2024-02-21,609.2688,TIME,1,18.1574,18.4629,-0.3055,-0.000516,-0.012303,0.077195,16,False,2024-01-29,560.8808751628109,2.7284657160236403,16.4620707720715,0.5319151984968709,0.7142859973802429,1.0856546183324252,0.5774761918093365,0.44022821054823175,0.028620761897013486,1,True,
aae_acceptance,LICHSGFIN,2024-06-14,2024-06-18,700.4832,2024-07-09,733.3755,TIME,1,32.8923,18.9547,13.9376,0.019854,-0.020493,0.114542,16,False,2024-06-12,654.0441811623298,2.9307399316255784,27.286378093382957,0.8684637145444157,0.8890383036779435,1.0991865945619004,0.9546036728906547,0.4196336541700643,0.043422075331080785,2,True,
aae_acceptance,LLOYDSME,2024-09-23,2024-09-24,874.823,2024-10-15,1026.2656,TARGET,1,151.4426,19.9323,131.5103,0.15,-0.013699,0.187215,15,False,2024-09-20,832.8794910068841,3.6711937372603733,27.98876889072039,0.5656236332403001,0.8455552842881943,0.5708890179977438,0.3229083205368709,0.38973516168845584,0.04510393830403158,1,True,
aae_acceptance,LODHA,2022-12-05,2022-12-06,529.78,2022-12-07,515.1252,STOP,1,-14.6548,18.1371,-32.7919,-0.061762,-0.032707,0.004579,2,False,2022-12-02,514.8782353886834,2.0320343589441054,18.721900219313323,0.6884552647230777,0.9119554602581526,0.3437645327065322,0.23666650236688072,0.6298453038473414,0.04313146075627071,1,True,
aae_acceptance,LODHA,2023-09-11,2023-09-12,811.0347,2023-09-12,762.9262,STOP,1,-48.1085,19.2566,-67.3651,-0.08288,0.0,0.0,1,False,2023-09-08,738.6522139578776,2.5023536029477356,28.14387311304534,0.6974420324206327,0.6982757562311106,1.222595945289514,0.8526898009119435,0.3829334987613683,0.03543926848603945,1,True,
aae_acceptance,LT,2020-08-13,2020-08-14,921.869,2020-08-21,916.5219,MOMENTUM_FAIL,1,-5.3472,19.8117,-25.1588,-0.027232,-0.018951,0.025001,6,False,2020-08-10,863.4861560015655,2.9713564542523385,21.348141313953388,0.7018967942459662,0.7788886176215291,1.4414109055684243,1.011721693809652,0.6452954100014985,0.05223291393683799,3,True,
aae_acceptance,LTF,2018-12-04,2018-12-05,124.4689,2018-12-06,120.7118,STOP,8,-30.0566,20.0733,-50.1299,-0.050234,-0.05373,0.0,2,False,2018-11-29,119.10163220663964,3.7179524334022322,4.926882049134435,0.7105274541585396,0.6292146843917489,0.9856292171344357,0.7003166183948051,0.22556800527687654,0.03184153604290442,3,True,
aae_acceptance,LTF,2019-03-08,2019-03-11,121.4871,2019-04-03,129.5805,TIME,8,64.7477,20.1656,44.5821,0.045771,-0.001753,0.093268,16,False,2019-03-06,116.75878671395972,2.193223899739041,4.246666694946545,0.6779661234702211,0.6859508166048865,1.1836224922734624,0.8024559527388011,0.5259510961767799,0.030245259637903518,2,True,
aae_acceptance,LTF,2021-06-10,2021-06-11,93.4455,2021-06-17,87.4958,STOP,10,-59.4968,19.7545,-79.2513,-0.084625,-0.064824,0.01608,5,False,2021-06-04,88.8905744953043,2.692412628535361,2.8550360455311825,0.8636372102524476,0.9021745440191341,1.085518414969794,0.9374940955821716,0.5009171042682179,0.05941619700593368,4,True,
aae_acceptance,LTF,2022-11-28,2022-11-29,83.9707,2022-12-20,86.5253,TIME,11,28.1006,19.8874,8.2132,0.008872,-0.023662,0.085634,16,False,2022-11-25,79.94953805079032,3.8620669202498474,2.1739312989013464,0.8135608863010315,0.8877558964394053,1.2839127047001708,1.0445411579690256,0.5071146261708694,0.02642246001037675,1,True,
aae_acceptance,LTF,2025-06-26,2025-06-27,204.9796,2025-07-04,203.5345,MOMENTUM_FAIL,4,-5.7805,19.3803,-25.1608,-0.03062,-0.024096,0.013328,6,False,2025-06-24,195.09139822618687,2.388446936820938,5.891219284194283,0.67272513362903,0.8163261334132601,0.7392593666716293,0.4973183562306839,0.4762325694509293,0.038261293436871915,2,True,
aae_acceptance,LTFOODS,2020-12-03,2020-12-04,55.9107,2020-12-04,53.4857,STOP,17,-41.2249,19.8594,-61.0843,-0.064127,0.0,0.0,1,False,2020-12-02,51.54411203142788,4.379572967425565,1.8736462792777921,0.6756754601782247,0.6883113666133605,1.8745340711448757,1.2665766711405748,0.3470411633236358,0.0360075262279629,1,True,
aae_acceptance,LTFOODS,2022-12-20,2022-12-21,122.7961,2022-12-21,117.9674,STOP,8,-38.6299,19.9993,-58.6293,-0.059551,0.0,0.0,1,False,2022-12-19,115.13357441181024,5.093890044747744,4.41310253855569,0.8602946593996559,0.9184552082562488,1.5040741339310735,1.2939469447620653,0.4841563344282717,0.03317481994183764,1,True,
aae_acceptance,LTFOODS,2023-07-18,2023-07-19,144.7589,2023-07-31,169.8375,TARGET,6,150.4716,19.9038,130.5678,0.15,0.0,0.238031,9,False,2023-07-17,134.65600751016785,5.200739916846906,4.924208646353696,0.8571429727853614,0.9006207765867721,1.1100887200444618,0.9515047455544069,0.35638180654740975,0.0560093595418801,1,True,
aae_acceptance,LUPIN,2019-04-25,2019-04-26,829.4415,2019-05-07,815.6048,MOMENTUM_FAIL,1,-13.8367,19.4041,-33.2408,-0.039989,-0.020306,0.017027,6,False,2019-04-23,805.8713450075999,2.343333042463415,19.612824427311516,0.8716970864782861,0.902856445312502,1.2893517820168052,1.1239241918296354,0.7464317912495625,0.045513624039728785,2,True,
aae_acceptance,LUPIN,2022-08-11,2022-08-12,678.2886,2022-08-22,667.9692,MOMENTUM_FAIL,1,-10.3193,18.773,-29.0924,-0.042797,-0.026606,0.004326,6,False,2022-08-05,650.7539847076225,2.0660555154923537,18.22261310803661,0.5957390267961293,0.8816183265326298,0.25228185681300197,0.15029414785609824,0.21173721590634156,0.05324315283621902,3,True,
aae_acceptance,LUPIN,2022-10-04,2022-10-06,728.6626,2022-10-10,690.9861,STOP,1,-37.6764,18.93,-56.6065,-0.077516,-0.055641,0.0,3,False,2022-10-03,667.8714147357034,5.695131962394063,21.205955861613088,0.8952155711039314,0.9036641545320684,2.024911384458538,1.8127322014729024,0.3421875263281782,0.04825670317286241,1,True,
aae_acceptance,LUPIN,2023-06-26,2023-06-27,859.7817,2023-07-05,877.6816,MOMENTUM_FAIL,1,17.8998,19.5968,-1.697,-0.001969,-0.006769,0.033447,6,False,2023-06-21,825.2046225699976,7.191197296496631,16.862557640861787,0.753901149689272,0.8177777777777776,2.4159622557435347,1.821396722210938,0.36419313914730245,0.050108869895972,3,True,
aae_acceptance,M&M,2022-01-13,2022-01-14,849.4997,2022-01-21,835.5609,MOMENTUM_FAIL,1,-13.9387,19.4886,-33.4273,-0.039264,-0.027647,0.022814,6,False,2022-01-12,823.1973622554955,4.055125506698829,20.103584192113505,0.8337119860596176,0.9124694641349056,1.0423944694810596,0.8690567634086157,0.4584830302736049,0.03753278241267169,1,True,
aae_acceptance,M&MFIN,2019-03-06,2019-03-07,237.5703,2019-03-14,229.5992,MOMENTUM_FAIL,4,-31.8843,19.8776,-51.7619,-0.054351,-0.046361,0.026978,6,False,2019-03-05,228.25275414863714,2.2084285456128736,8.183276545326628,0.7289404469108514,0.8699483364840482,0.898381643990581,0.6548667170669994,0.6645848501476991,0.02690516156796938,1,True,
aae_acceptance,M&MFIN,2022-01-13,2022-01-14,150.4011,2022-01-18,147.8544,STOP,6,-15.2801,19.7093,-34.9893,-0.038689,-0.021902,0.031503,3,False,2022-01-12,146.7459892215623,2.7406931965651835,4.708373672495295,0.8064537561273831,0.9310355108977622,0.5942027068796115,0.47919700486412115,0.6154559051832579,0.018699052049067855,1,True,
aae_acceptance,M&MFIN,2022-04-12,2022-04-13,163.7129,2022-04-22,159.381,MOMENTUM_FAIL,6,-25.9919,20.0247,-46.0166,-0.046745,-0.031698,0.016262,6,False,2022-04-08,155.5904631597825,2.09096715030682,4.469308922860086,0.8688537781074286,0.9266065834012294,0.6158896218143474,0.535118024810551,0.5070115658777129,0.05925841117485533,2,True,
aae_acceptance,M&MFIN,2022-09-06,2022-09-07,199.8029,2022-09-23,193.4228,GAP_STOP,4,-25.5204,19.2527,-44.7731,-0.055899,-0.11785,0.080175,13,False,2022-09-05,194.61620724164158,2.3902406170393107,5.7074496143524485,0.5799966917463871,0.6499989827473956,0.8042088579082077,0.4664384770599009,0.3902874879385037,0.028241982317577213,1,True,
aae_acceptance,M&MFIN,2025-06-09,2025-06-10,271.0182,2025-06-12,264.1726,STOP,3,-20.5369,19.3213,-39.8582,-0.048916,-0.038556,0.0,3,False,2025-06-06,256.60840192973296,2.6315663973204253,6.541837628028671,0.7150522299150843,0.8463753962862305,1.356641066986929,0.970069220143383,0.7150809012066824,0.02405614948377905,1,True,
aae_acceptance,M&MFIN,2025-09-17,2025-09-18,276.7729,2025-09-25,273.4477,MOMENTUM_FAIL,3,-9.9756,19.4157,-29.3913,-0.03532,-0.016961,0.031802,6,False,2025-09-16,269.0956506487943,2.4533618866821465,5.980968099124444,0.7816054328806527,0.9049987792968731,0.7113003140159796,0.5559561898446039,0.5631955437864947,0.0265705825570828,1,True,
aae_acceptance,MAHABANK,2026-06-12,2026-06-15,88.61,2026-06-22,89.47,MOMENTUM_FAIL,11,9.46,20.0649,-10.6049,-0.010856,-0.017041,0.029229,6,False,2026-06-09,81.5,3.0718458824528674,2.4820159371183936,0.8981822620738636,0.9397852285125967,1.107970323185247,0.9951592911892349,0.5718505739714143,0.05841499674189222,3,True,
aae_acceptance,MANAPPURAM,2021-07-15,2021-07-16,171.6407,2021-07-20,164.3512,STOP,5,-36.4475,19.4795,-55.927,-0.065025,-0.042928,0.0,3,False,2021-07-12,162.19302115517212,2.1726890499948324,4.5911889184738275,0.6904748196987823,0.7745666677250798,1.2405732821156212,0.85658461329191,0.5573928540995557,0.03714439568126956,3,True,
aae_acceptance,MANAPPURAM,2021-10-04,2021-10-05,165.5651,2021-10-27,185.1369,TIME,6,117.4306,20.3637,97.0669,0.0975,0.0,0.156884,16,False,2021-10-01,160.47919329836012,4.2748075168650335,5.315268764551709,0.7500005010085289,0.9144147364080016,0.6492919436949046,0.48696928307197995,0.41569340483197914,0.027607667563528202,1,True,
aae_acceptance,MANAPPURAM,2021-11-09,2021-11-10,198.5783,2021-11-15,187.9977,GAP_STOP,5,-52.9028,20.0147,-72.9175,-0.073279,-0.108164,0.014178,4,False,2021-11-08,191.53971205428874,2.720198803603065,7.618890806344076,0.8516475703986432,0.9120517546109357,1.0847547384800347,0.9238287375049371,0.4557463876491335,0.03569879554028055,1,True,
aae_acceptance,MANAPPURAM,2022-08-12,2022-08-16,102.2575,2022-08-16,96.8672,STOP,9,-48.5129,19.7172,-68.2301,-0.073976,0.0,0.0,1,False,2022-08-05,96.84391629118693,7.972128242413222,3.7278878678413574,0.5599991995499025,0.764957356917934,1.5514916554512106,0.868834085161031,0.20239952441558842,0.05228448521674105,4,True,
aae_acceptance,MANAPPURAM,2023-08-10,2023-08-11,141.0336,2023-08-21,139.8924,MOMENTUM_FAIL,7,-7.9884,20.0823,-28.0707,-0.028372,-0.033715,0.047876,6,False,2023-08-08,134.28147345520668,2.8852790728373052,4.120897354504246,0.8571420637810278,0.925925925925927,0.8077094916039159,0.6923217805689053,0.5478857426157228,0.03995933703257917,2,True,
aae_acceptance,MANAPPURAM,2026-07-27,2026-07-28,355.9771,2026-08-18,346.6,TIME,2,-18.7542,18.898,-37.6522,-0.05277,-0.037157,0.068767,16,False,2026-07-21,346.903137074566,3.298807856356117,10.972643237596667,0.6875011663905403,0.8902822156318767,0.5088997220788135,0.34986915250500605,0.403574241519495,0.05254663905019634,4,True,
aae_acceptance,MARICO,2018-03-21,2018-03-22,289.1555,2018-04-02,291.5977,MOMENTUM_FAIL,3,7.3266,19.6078,-12.2812,-0.014127,-0.024877,0.026873,6,False,2018-03-20,279.6531144454931,3.20486540400476,6.724476215898019,0.8350555862379799,0.9549302651848606,0.6405224380416183,0.5348718399974238,0.6469626402998144,0.0353517458402198,1,True,
aae_acceptance,MARICO,2021-09-09,2021-09-13,544.4421,2021-09-20,531.7447,MOMENTUM_FAIL,1,-12.6974,18.203,-30.9005,-0.056632,-0.048623,0.001893,6,False,2021-09-02,514.7836076947074,2.198114624074303,12.625298302904033,0.587197580112182,0.6063168174342112,1.681133397701538,0.9871574629761137,0.5183133306464432,0.047760767861318366,5,True,
aae_acceptance,MARICO,2023-04-26,2023-04-27,480.3806,2023-05-05,475.1821,MOMENTUM_FAIL,2,-10.397,19.9656,-30.3626,-0.031534,-0.013928,0.010721,6,False,2023-04-25,467.3843281290023,2.6420066992492672,7.715148467828287,0.6115092849088047,0.8495815949376578,0.8672128429527103,0.5303087054577434,0.6989834620528258,0.018582463365668166,1,True,
aae_acceptance,MAXHEALTH,2021-01-11,2021-01-12,158.8433,2021-02-03,169.625,TIME,6,64.6899,20.086,44.604,0.046699,-0.030341,0.120425,16,False,2021-01-07,148.0616296798679,5.041304110700291,6.125570683508408,0.7912078260172101,0.869862441028985,1.4762202756837122,1.1679970350462365,0.4038406113313495,0.052261847146267915,2,True,
aae_acceptance,MAXHEALTH,2022-09-12,2022-09-13,421.7272,2022-09-14,407.1731,STOP,2,-29.1082,19.4322,-48.5404,-0.057424,-0.03664,0.00377,2,False,2022-09-09,402.2506842373649,2.791214426823285,13.697569120542436,0.6882577525236526,0.8903132354974148,0.8959391467092083,0.6166370635120387,0.8992802596425784,0.02959469821443612,1,True,
aae_acceptance,MAXHEALTH,2024-09-19,2024-09-20,978.131,2024-10-03,930.6389,STOP,1,-47.4921,19.9634,-67.4555,-0.068813,-0.059123,0.139653,9,False,2024-09-17,934.209771210958,2.175697631427867,29.39369648979364,0.692884477137617,0.7583500610351271,1.358553399648734,0.9413205619791452,0.5254192009438425,0.05227327279571664,2,True,
aae_acceptance,MCX,2019-03-06,2019-03-07,135.9395,2019-04-01,147.2114,TIME,7,78.9034,20.1087,58.7947,0.061652,-0.036584,0.11614,16,False,2019-03-05,131.88967769793638,3.4839333690819605,4.023996215155592,0.7769219496573021,0.9501287748480365,0.5906765585561458,0.45890958349030636,0.7205586753927367,0.04987061086255782,1,True,
aae_acceptance,MCX,2019-04-30,2019-05-02,158.5108,2019-05-09,151.2704,MOMENTUM_FAIL,6,-43.442,19.8574,-63.2994,-0.066411,-0.054501,0.0,6,False,2019-04-26,151.72750855014442,7.043477714160556,4.467372595952833,0.5054036970256468,0.842783339603769,0.7571522134248793,0.3826675278760856,0.22312880286119682,0.04176342367076268,1,True,
aae_acceptance,MCX,2020-01-14,2020-01-15,253.1041,2020-01-30,241.0779,STOP,3,-36.0787,19.0627,-55.1414,-0.072462,-0.092022,0.064003,12,False,2020-01-10,245.0231500586176,2.832476635484539,7.800640183475544,0.7874069627281418,0.8253360022876746,1.3110681420812795,1.0323441836858482,0.5257949320248588,0.04751507158547924,2,True,
aae_acceptance,MCX,2022-12-14,2022-12-15,325.5576,2022-12-16,319.9917,STOP,3,-16.6974,20.02,-36.7174,-0.037512,-0.017401,0.004192,2,False,2022-12-13,315.15071124557426,4.653706684482824,7.236428810367015,0.8744437654686225,0.9157341853674957,1.2210430877147769,1.0677335154207428,0.358003790437236,0.018339525337852623,1,True,
aae_acceptance,MCX,2023-05-31,2023-06-01,287.0326,2023-06-22,318.5084,TIME,3,94.4275,19.7582,74.6693,0.086525,-0.011801,0.124641,16,False,2023-05-30,280.57245633899015,2.4657787600053376,8.033549830807829,0.7221135249629167,0.8805709269735029,0.624497643032878,0.45095819434150475,0.5466739505102096,0.01656222020042624,1,True,
aae_acceptance,MCX,2023-06-13,2023-06-14,310.7229,2023-06-21,317.0848,MOMENTUM_FAIL,3,19.0859,19.9049,-0.819,-0.000877,-0.027268,0.031976,6,False,2023-06-08,294.5137466183328,2.3879571156100208,7.665062315325391,0.5938175709461044,0.6158648986144958,1.7406724365075235,1.0336418780597347,0.45967503619830324,0.03785119373620509,3,True,
aae_acceptance,MGL,2019-09-23,2019-09-24,766.6309,2019-10-01,752.0889,MOMENTUM_FAIL,1,-14.542,19.1375,-33.6794,-0.043836,-0.033643,0.021686,6,False,2019-09-20,717.7517963039103,2.498063503256546,20.678419239795424,0.7183857939809217,0.8304731583687656,1.7673331498990554,1.2696270281190363,1.0324790088903042,0.03506324611938003,1,True,
aae_acceptance,MGL,2020-01-16,2020-01-17,936.6737,2020-02-07,998.7576,TIME,1,62.0839,20.0115,42.0724,0.044819,0.0,0.108719,16,False,2020-01-15,907.5069863784865,9.940502005734725,21.739328000705385,0.5542723007263208,0.8952791985089285,0.8299172249532915,0.4600001296872644,0.33433931986429877,0.03435367976962887,1,True,
aae_acceptance,MINDACORP,2020-11-27,2020-12-01,79.5479,2020-12-15,93.1973,TARGET,12,163.7934,20.2942,143.4992,0.15,0.0,0.17629,11,False,2020-11-26,76.7138721226859,2.407841129662759,3.3072355105489706,0.6956496205380147,0.846152943267523,0.6796199472065364,0.47277735838429263,0.5338259193795382,0.0429261507707894,1,True,
aae_acceptance,MINDACORP,2021-10-28,2021-10-29,149.3086,2021-11-04,175.0918,TARGET,6,154.6992,20.0277,134.6715,0.15,0.0,0.17347,5,False,2021-10-27,139.43009035299008,3.7526699402662897,5.948722023286193,0.6746980989153891,0.7906966291071583,0.6857292174855419,0.46266019940823255,0.24217517903606026,0.05612208894553055,1,True,
aae_acceptance,MINDACORP,2023-09-04,2023-09-05,349.2314,2023-09-06,334.6821,STOP,2,-29.0986,18.82,-47.9186,-0.068456,-0.050142,0.0,2,False,2023-09-01,330.3808025600442,2.1643153737973817,11.036938506012234,0.887682214931425,0.9196897008642974,1.2405141949980745,1.1011823882697642,0.7496855570668421,0.04097969510966349,1,True,
aae_acceptance,MINDACORP,2025-01-16,2025-01-17,580.894,2025-01-22,562.121,STOP,1,-18.773,18.3446,-37.1176,-0.063758,-0.037173,0.025782,4,False,2025-01-15,545.8662041877277,8.723632493916242,21.824089789625177,0.6689306874622077,0.7149123824582878,1.3428254307199676,0.8982571385132431,0.13746502668326072,0.04386473604472216,1,True,
aae_acceptance,MINDACORP,2026-08-10,2026-08-11,737.2208,2026-08-18,745.25,MOMENTUM_FAIL,1,8.0292,19.0592,-11.03,-0.014929,-0.04268,0.043107,6,False,2026-08-03,713.9469587129981,2.9888202852837265,21.982928025945746,0.6075637900953773,0.7719768334848034,0.9610319831638668,0.5838882340939158,0.40515726157689474,0.05555652356623063,5,True,
aae_acceptance,MOTHERSON,2025-12-02,2025-12-03,118.426,2025-12-09,113.9477,GAP_STOP,8,-35.8264,19.8574,-55.6838,-0.058647,-0.049328,0.0,5,False,2025-11-27,112.92264461117898,2.039983401207545,2.913997911761611,0.9236106041275318,0.9513271274126713,0.9835643036141192,0.9084304206593118,0.7232161640889259,0.03989352642337179,3,True,
aae_acceptance,MOTILALOFS,2022-12-20,2022-12-21,701.5321,2022-12-23,669.5714,STOP,1,-31.9608,18.8271,-50.7879,-0.072238,-0.064147,0.0,3,False,2022-12-15,671.7096596031415,6.416648759467155,14.406448957195817,0.5712034748597237,0.6845172539729685,2.1342386699308538,1.2190845444444984,0.3378727610215766,0.04143698685960085,3,True,
aae_acceptance,MOTILALOFS,2023-10-17,2023-10-18,993.8344,2023-10-23,941.5595,STOP,1,-52.2749,20.02,-72.2949,-0.072585,-0.098988,0.0,4,False,2023-10-12,926.1661385622438,7.510050541831262,34.30477903601813,0.7166021860856766,0.7614630850481153,2.1945799914407376,1.5726408194063182,0.2797117658897757,0.05403980216672847,3,True,
aae_acceptance,MOTILALOFS,2025-07-07,2025-07-08,922.7024,2025-07-15,937.0863,MOMENTUM_FAIL,1,14.3839,19.8554,-5.4714,-0.005917,-0.017255,0.035693,6,False,2025-07-03,891.0081711488315,6.093233894630836,30.823963504584935,0.7392340721386271,0.8668292282797551,1.3452307803970336,0.9944404277591224,0.3871475694242786,0.035684648130041755,2,True,
aae_acceptance,MUTHOOTFIN,2018-07-10,2018-07-11,365.7814,2018-07-13,350.0263,STOP,2,-31.5102,18.9548,-50.465,-0.068832,-0.066746,0.0,3,False,2018-07-05,349.7675218770315,2.6210951420399775,10.927963158010716,0.6496599212603626,0.6859758650527065,1.1771261046905726,0.7647316524867949,0.36355504238524583,0.04455828782859582,3,True,
aae_acceptance,MUTHOOTFIN,2023-04-10,2023-04-11,971.7502,2023-05-04,1011.2537,TIME,1,39.5035,20.1136,19.3899,0.01991,-0.014106,0.071455,16,False,2023-04-06,943.154007448206,3.259702394446431,21.495140200346274,0.8873530152485484,0.935955604810393,1.1126637903574685,0.9873255693315784,0.41014636571178276,0.017993422456553505,1,True,
aae_acceptance,NAM-INDIA,2025-04-22,2025-04-23,639.1306,2025-04-28,606.7209,STOP,1,-32.4097,18.5627,-50.9724,-0.079579,-0.053782,0.030106,4,False,2025-04-21,589.5762323856706,3.1044487616750462,28.676249794980983,0.6297767510124779,0.7269196412153884,1.2796113511043046,0.8058694792571559,0.3996960398239708,0.052071490867053365,1,True,
aae_acceptance,NAM-INDIA,2025-07-16,2025-07-17,856.7133,2025-07-18,823.6259,STOP,1,-33.0874,19.4801,-52.5675,-0.061226,-0.043371,0.0,2,False,2025-07-15,811.1851187586366,2.0298404718895946,24.74053031688061,0.7651005581434147,0.8659002577042323,0.8844958168755995,0.6767282431670366,0.6999241014368366,0.03242886687116899,1,True,
aae_acceptance,NATCOPHARM,2021-04-09,2021-04-12,900.9184,2021-04-20,860.6904,MOMENTUM_FAIL,1,-40.2281,19.6522,-59.8802,-0.066321,-0.050267,0.009145,6,False,2021-04-08,866.0381437870835,3.816648980195554,28.167832279897542,0.5974422138120896,0.9011766620710785,0.5353427822613249,0.3198363769825295,0.5534463513001132,0.04671068091714813,1,True,
aae_acceptance,NATCOPHARM,2026-02-25,2026-02-26,981.3509,2026-03-02,923.598,GAP_STOP,1,-57.7529,19.9561,-77.709,-0.079013,-0.05885,0.016277,3,False,2026-02-24,930.1868727929896,5.592090298816226,32.80280160371012,0.7178072028952305,0.920092731751249,0.5554222082520162,0.3986860617312719,0.28218526338610495,0.04469220033225259,1,True,
aae_acceptance,NATIONALUM,2022-01-10,2022-01-11,89.9073,2022-01-11,87.6292,STOP,11,-25.0589,20.0549,-45.1138,-0.045517,0.0,0.0,1,False,2022-01-07,85.75648117125108,2.0914135980496193,3.1576088449928186,0.8514854999636475,0.8790321985218643,1.2890194236608639,1.0975813484187236,0.7078740622170258,0.03485520321174456,1,True,
aae_acceptance,NATIONALUM,2022-11-15,2022-11-16,65.7434,2022-11-16,64.5544,STOP,15,-17.8362,20.0577,-37.8938,-0.038342,0.0,0.0,1,False,2022-11-14,64.35450321412463,2.043568953389551,1.9363897800605243,0.882349199604225,0.9333318074544272,0.7390156329213449,0.6520698522031584,0.7232628530766966,0.021219867228161077,1,True,
aae_acceptance,NATIONALUM,2025-12-24,2025-12-26,292.1132,2026-01-06,342.6723,TARGET,3,151.6775,19.9392,131.7383,0.15,0.0,0.180201,8,False,2025-12-22,277.06641057254404,2.0147392856908697,7.008511740033105,0.7574245310162409,0.7999990035076536,1.4126365921168282,1.0699656082804692,0.8191663720296835,0.025657451738040713,2,True,
aae_acceptance,NAUKRI,2019-10-07,2019-10-09,450.0692,2019-10-16,440.2551,MOMENTUM_FAIL,2,-19.6282,19.6908,-39.319,-0.043586,-0.038458,0.042768,6,False,2019-10-04,430.56757194754687,2.1545519281811356,18.55915718888923,0.5219227838809626,0.7063280895863525,1.2335287472037986,0.6438067577378027,0.7226613664273343,0.05202361752899242,1,True,
aae_acceptance,NAUKRI,2022-08-02,2022-08-03,859.7787,2022-08-04,836.4467,STOP,1,-23.3319,19.5129,-42.8448,-0.049724,-0.049476,0.000444,2,False,2022-07-29,827.6348849553755,2.092970361707334,28.86049153129078,0.8650025020287951,0.9322272597100623,0.8825949077135328,0.7634468034500793,0.8117632936196293,0.03083664070637418,2,True,
aae_acceptance,NAUKRI,2023-07-14,2023-07-17,929.222,2023-07-21,901.0609,STOP,1,-28.161,19.7963,-47.9573,-0.051498,-0.039153,0.001704,5,False,2023-07-13,897.7561638015624,2.0462115391691915,22.81433209139013,0.7469115216701612,0.8866766873659915,0.6982247200452337,0.5215120881167078,0.6942506473491717,0.02944321983642429,1,True,
aae_acceptance,NAVA,2024-06-10,2024-06-11,281.6307,2024-06-18,330.5664,TARGET,3,146.8073,19.7964,127.0109,0.15,0.0,0.205461,5,False,2024-06-06,260.61780080900377,7.685081393539682,12.762871393087671,0.8284442258789934,0.87651923993096,2.131427714838485,1.7657689832364003,0.3572215460940356,0.04306543291584115,2,True,
aae_acceptance,NAVA,2026-04-10,2026-04-13,585.5297,2026-04-13,583.4417,STOP,1,-2.088,18.3981,-20.4861,-0.034911,0.0,0.0,1,False,2026-04-09,583.5481662932078,2.543249234783666,21.9158488461532,0.5240365809020755,0.7971308502388864,0.4701492876061847,0.24637542519069158,0.25507482112959123,0.0216919756882574,1,True,
aae_acceptance,NBCC,2024-12-06,2024-12-09,102.3868,2024-12-12,99.3656,STOP,9,-27.191,19.7655,-46.9565,-0.050847,-0.052949,0.002011,4,False,2024-12-05,99.88691295588632,2.3489865168531106,3.6484132065098898,0.62251676910149,0.8692661433416052,0.40574199777239917,0.2525811975420579,0.31800771003071265,0.021827839281480084,1,True,
aae_acceptance,NBCC,2025-04-11,2025-04-15,88.6072,2025-05-08,92.6823,TIME,11,44.8264,20.1368,24.6896,0.025276,-0.000334,0.141425,16,False,2025-04-09,85.15365132938392,2.726078632210041,3.852168980280449,0.6173957579456011,0.9271530958450076,0.29456757456131977,0.18186477096248338,0.3702074067134521,0.044777633199369914,1,True,
aae_acceptance,NCC,2022-08-02,2022-08-03,57.8176,2022-08-26,66.0596,TIME,17,140.1147,20.3655,119.7492,0.121567,-0.03763,0.168144,16,False,2022-08-01,55.82705069727503,2.2181702575981794,2.002354645600798,0.8965503250966745,0.94736785747748,0.6704291435943641,0.6010734666438122,0.625335156816685,0.03844410156026556,1,True,
aae_acceptance,NCC,2023-07-14,2023-07-17,131.7374,2023-07-24,132.1669,MOMENTUM_FAIL,7,3.0071,19.8299,-16.8228,-0.018203,-0.006884,0.035145,6,False,2023-07-12,124.57773045230383,4.835749317210196,4.072633489135047,0.8203132628014536,0.8867000405899058,1.5001479235637554,1.2305912378634096,0.40474087278020693,0.05876505764178953,2,True,
aae_acceptance,NCC,2024-05-17,2024-05-21,267.7524,2024-06-04,259.5367,STOP,3,-24.6472,19.2715,-43.9187,-0.054557,-0.094756,0.13906,11,False,2024-05-16,250.41870798139593,8.58597262980353,11.755438966995,0.9115846022244363,0.9282172066289627,1.35096204004084,1.231516193890942,0.21251198926601853,0.028223916408662487,1,True,
aae_acceptance,NESTLEIND,2022-10-20,2022-10-21,959.2747,2022-10-31,979.5254,MOMENTUM_FAIL,1,20.2506,20.0217,0.2289,0.000238,-0.007532,0.049294,6,False,2022-10-19,933.6469737881697,2.2741394200142744,18.23855950993672,0.6626900677631953,0.8165122707714594,0.8464417569080478,0.5609285452429923,0.4049431349863527,0.022808656833410112,1,True,
aae_acceptance,NESTLEIND,2023-04-05,2023-04-06,952.1841,2023-04-17,973.8012,MOMENTUM_FAIL,1,21.6171,19.9946,1.6226,0.0017,-0.021725,0.031068,6,False,2023-03-31,926.40134686237,2.6811303647351634,15.908091928292814,0.9038345059999608,0.9205897991737917,1.4904092234017976,1.347083284171149,0.7348130719595405,0.02617512739461145,2,True,
aae_acceptance,NETWEB,2023-10-16,2023-10-17,896.7106,2023-10-23,843.3989,STOP,1,-53.3117,19.6078,-72.9195,-0.081141,-0.075794,0.015292,5,False,2023-10-11,857.5671295995769,6.667289565528044,26.95580959965726,0.8466142601916534,0.9407696063701924,0.9286258437914053,0.7861878817363106,0.3393241005893829,0.05945250832749761,3,True,
aae_acceptance,NIACL,2020-12-10,2020-12-11,124.5835,2020-12-18,127.5532,MOMENTUM_FAIL,8,23.7574,20.1868,3.5706,0.003575,-0.015763,0.046905,6,False,2020-12-09,118.59623430553435,4.2301341330705595,4.05194524785546,0.6299988204167261,0.7448267443426724,1.1821068400086898,0.744725914812018,0.3381330516948842,0.059395465138381044,1,True,
aae_acceptance,NIACL,2022-08-30,2022-09-01,92.9067,2022-09-08,91.5609,MOMENTUM_FAIL,10,-13.4578,19.8255,-33.2833,-0.035746,-0.033627,0.006725,6,False,2022-08-26,90.52781519543525,7.238193631582925,3.2270038624660997,0.633785860811079,0.721429007393973,1.5861511607856895,1.0052801788150503,0.2757343169337679,0.04283568472323071,2,True,
aae_acceptance,NLCINDIA,2023-05-23,2023-05-24,88.8657,2023-05-31,89.6232,MOMENTUM_FAIL,11,8.3327,20.0745,-11.7418,-0.011986,-0.050613,0.022909,6,False,2023-05-22,83.8945533200924,6.035675620765689,2.6612001378803294,0.6399994440548401,0.727272867390252,1.3342971899817462,0.8539494597922528,0.32423502552395134,0.058063908465445,1,True,
aae_acceptance,NLCINDIA,2023-07-03,2023-07-04,104.5841,2023-07-04,100.9769,STOP,9,-32.4648,19.8383,-52.3031,-0.055446,0.0,0.0,1,False,2023-06-30,97.48243694002927,2.849134092063568,3.4221284739308735,0.8029185549916439,0.8014697797574298,1.8953685038661232,1.5218265403008617,0.6166848851745714,0.030981514556489856,1,True,
aae_acceptance,NLCINDIA,2023-07-13,2023-07-14,109.8867,2023-07-21,111.4964,MOMENTUM_FAIL,9,14.4875,20.1354,-5.648,-0.005698,-0.002585,0.038346,6,False,2023-07-12,106.0517986867223,2.089835479396339,3.4735047700210426,0.8987355542971813,0.9259269724832856,1.0767837118849446,0.9677438061590922,0.658735923670236,0.021940714938647597,1,True,
aae_acceptance,NMDC,2023-12-28,2023-12-29,61.5029,2024-01-18,57.9707,STOP,16,-56.514,19.97,-76.484,-0.077554,-0.057752,0.089384,15,False,2023-12-26,58.55520729123894,2.2874144545168567,2.0215383465106878,0.5079359772617964,0.6930696434884285,0.9186177267959555,0.4665989927901136,0.41115956252670055,0.0506049077259079,2,True,
aae_acceptance,NMDC,2024-04-25,2024-04-26,76.7488,2024-05-21,85.2697,TIME,13,110.7721,20.3684,90.4037,0.090411,-0.030709,0.127362,16,False,2024-04-24,74.58832948818889,2.0097587301789206,2.6920295052225436,0.5434763899813173,0.9219317949765163,0.2581615744584416,0.1403047205185669,0.7511675214076039,0.030647141607665747,1,True,
aae_acceptance,NMDC,2025-12-26,2025-12-29,79.9509,2025-12-29,77.2077,STOP,12,-32.9183,19.914,-52.8323,-0.054947,0.0,0.0,1,False,2025-12-23,75.54640281514023,5.403886822783513,1.6783094242292023,0.7735282418854544,0.7768106519474812,1.939741364980863,1.5004447277661386,0.3177783578549444,0.023906984588390467,2,True,
aae_acceptance,NTPC,2022-04-04,2022-04-05,126.8376,2022-04-28,139.312,TIME,7,87.3209,19.8568,67.4642,0.075819,0.0,0.144085,16,False,2022-04-01,118.768482799196,2.696044631599098,2.65212133586863,0.9315070694780799,0.9248119610659578,2.401123588661729,2.2366635975289775,0.9699135181580109,0.024851928280567002,1,True,
aae_acceptance,NTPC,2022-09-15,2022-09-16,154.6534,2022-09-16,152.5988,STOP,6,-12.3278,19.823,-32.1508,-0.034573,0.0,0.0,1,False,2022-09-14,151.27497124986502,2.32019086432303,3.612232716564823,0.7586233671977709,0.9130438903263116,0.7137734143838029,0.5414851910360904,0.5251011822814061,0.019766144714227968,1,True,
aae_acceptance,NYKAA,2023-06-05,2023-06-06,136.8,2023-06-27,148.1,TIME,7,79.1,20.1345,58.9655,0.061442,-0.031433,0.120614,16,False,2023-06-02,132.35000610351562,6.443734335817525,4.16724632101945,0.7640440962161607,0.9054051824867688,1.0678507113430165,0.8158850316418592,0.3575068481561162,0.044925057427243606,1,True,
aae_acceptance,NYKAA,2025-04-16,2025-04-17,189.5,2025-04-25,191.57,MOMENTUM_FAIL,5,10.35,19.9518,-9.6018,-0.010112,-0.014037,0.039472,6,False,2025-04-15,182.49000549316406,2.529365892243405,5.766896749450411,0.6556411512371793,0.8199385612656566,0.8912938124197008,0.5843689012654272,0.4085948751774723,0.03238721830700918,1,True,
aae_acceptance,OIL,2019-02-22,2019-02-25,81.5885,2019-03-05,83.8067,MOMENTUM_FAIL,12,26.6184,20.1182,6.5002,0.006625,-0.029737,0.029453,6,False,2019-02-20,78.64375534928257,3.6131088760010592,1.6832587143883837,0.6874979129932122,0.8314607030528721,0.6278273472679209,0.4316299909667603,0.2280652928087575,0.050564145969316146,2,True,
aae_acceptance,OIL,2023-01-18,2023-01-19,133.6799,2023-01-27,138.2178,MOMENTUM_FAIL,7,31.7652,19.9459,11.8194,0.012603,-0.022703,0.049514,6,False,2023-01-11,126.36722919675455,3.400530612986212,3.159437876857004,0.6746017098177133,0.812785187693477,1.1526930781329678,0.7776087214035431,0.47886929847917326,0.05542024355952784,5,True,
aae_acceptance,OIL,2026-07-23,2026-07-24,459.5602,2026-07-27,440.3147,STOP,2,-38.4911,19.7326,-58.2236,-0.063209,-0.048643,0.0,2,False,2026-07-20,441.3973313218955,2.636620575258103,11.073328890080468,0.7812489366820572,0.8388735824168946,1.2977718227065764,1.013882856545448,0.6220967953993319,0.03832798091593936,3,True,
aae_acceptance,ONGC,2019-03-05,2019-03-06,102.1641,2019-03-13,98.64,MOMENTUM_FAIL,9,-31.7163,19.7479,-51.4642,-0.055849,-0.060606,0.003224,6,False,2019-02-28,95.61748946209177,3.7627391624068602,2.938487373448832,0.6242402485231505,0.7254891792161169,1.252774591751772,0.7820323224986147,0.3514868939027204,0.05348307181089715,2,True,
aae_acceptance,ONGC,2023-02-17,2023-02-20,131.0839,2023-02-21,127.9955,STOP,7,-21.6186,19.7604,-41.3791,-0.044997,-0.023855,0.0,2,False,2023-02-16,128.5405961445142,2.732933978101162,2.963785450319627,0.7608665808004322,0.9316766654345897,0.6471050787420587,0.49236062868106467,0.8647666962817324,0.01981916577209271,1,True,
aae_acceptance,PARADEEP,2026-06-22,2026-06-23,137.741,2026-07-01,136.9389,MOMENTUM_FAIL,7,-5.6147,19.9898,-25.6045,-0.026498,-0.048886,0.001438,6,False,2026-06-16,130.70045178777346,5.385168659415062,4.817393486098508,0.7342180810205566,0.8918915017841437,0.618714285134203,0.4542712151312401,0.25192361572484,0.05701980207401218,4,True,
aae_acceptance,PATANJALI,2022-08-01,2022-08-02,377.9634,2022-08-04,360.4142,STOP,2,-35.0983,19.0504,-54.1487,-0.071476,-0.067442,0.0,3,False,2022-07-29,358.80506280710074,2.7694421762733152,12.984768058231344,0.6932349669174876,0.8266783240173068,0.827294811218365,0.5735096910859725,0.3975480168306805,0.04907246976030115,1,True,
aae_acceptance,PATANJALI,2023-06-15,2023-06-16,364.6582,2023-07-10,392.0505,TIME,2,54.7846,19.1211,35.6636,0.048793,0.0,0.088986,16,False,2023-06-14,341.99871543735446,2.321451289136563,9.980528353366708,0.9462367612731964,0.9636216689092272,1.3593010107667163,1.2862205860232798,0.6988667532232766,0.034839022295917205,1,True,
aae_acceptance,PATANJALI,2023-07-18,2023-07-19,414.5154,2023-08-09,434.5653,TIME,2,40.0998,19.5122,20.5876,0.024779,0.0,0.089388,16,False,2023-07-17,402.6346302638893,7.009479160304237,11.33146213845924,0.5545702844087228,0.842708587646486,0.48490105830510083,0.2689117178143504,0.1146842516908814,0.024561162171205415,1,True,
aae_acceptance,PATANJALI,2024-11-06,2024-11-07,621.0583,2024-11-14,605.8288,MOMENTUM_FAIL,1,-15.2295,18.5214,-33.7509,-0.054226,-0.032881,0.000529,6,False,2024-11-05,596.871934403046,2.5321818580532613,20.049635476099446,0.8482577205111107,0.8966286584170747,0.7613909007836024,0.6458557099165998,0.41776518612761265,0.03144444336007217,1,True,
aae_acceptance,PATANJALI,2026-09-18,2026-09-21,369.0,2026-10-01,350.8491,STOP,2,-36.3018,18.9723,-55.2741,-0.074734,-0.05542,0.11897,9,False,2026-09-16,353.8745385288019,14.770148070678504,8.208371564271353,0.8225572573165347,0.919732629217474,1.6477635377222482,1.3553798562950028,0.21816446855537416,0.04400796771802813,2,True,
aae_acceptance,PCBL,2021-07-30,2021-08-02,117.6712,2021-08-04,110.5871,STOP,8,-56.6729,19.7895,-76.4624,-0.081047,-0.060584,0.006752,3,False,2021-07-28,111.44405121544821,6.426178179476486,4.598127625789619,0.6161289771664343,0.7711533766526447,1.4476750311235704,0.8919545361955514,0.29358737745684393,0.05154894461587384,2,True,
aae_acceptance,PCBL,2021-09-28,2021-09-29,115.7172,2021-09-30,112.3565,STOP,8,-26.8856,19.7841,-46.6697,-0.050304,-0.040453,0.012062,2,False,2021-09-27,112.73244231473899,4.769348239436768,4.034416379239124,0.7391327656174188,0.8571443400202198,0.8569067936235029,0.6333678882472944,0.33144098057467314,0.033882696146244944,1,True,
aae_acceptance,PCBL,2022-09-01,2022-09-02,127.1452,2022-09-09,125.4416,MOMENTUM_FAIL,7,-11.9256,19.6638,-31.5894,-0.035416,-0.02292,0.036671,6,False,2022-08-30,118.13385953009129,6.131655962664532,4.601183764427042,0.7419351222481059,0.7860963963170042,1.510272270346384,1.1205240415273687,0.24948578732865767,0.04014482816175461,1,True,
aae_acceptance,PCBL,2023-04-27,2023-04-28,117.6167,2023-05-22,126.9134,TIME,8,74.3732,20.0545,54.3187,0.057603,-0.001996,0.085828,16,False,2023-04-26,113.86050153227654,3.379262411183989,2.943951708296573,0.6388891937767538,0.7851245609942175,1.1483174715365232,0.7336476235897297,0.39645010251154444,0.012515721032399096,1,True,
aae_acceptance,PCBL,2023-08-31,2023-09-01,164.3347,2023-09-08,164.3347,MOMENTUM_FAIL,6,-0.0001,20.0934,-20.0935,-0.020334,-0.037143,0.026,6,False,2023-08-29,152.4556737430367,10.793770975538783,4.762244650094327,0.8351065674116191,0.8916082013306085,1.8535694720136267,1.547928039232267,0.243886745341009,0.04596068846046776,2,True,
aae_acceptance,PCBL,2024-12-09,2024-12-10,458.5722,2024-12-13,437.5848,STOP,2,-41.9748,19.7171,-61.692,-0.067119,-0.055729,0.031042,4,False,2024-12-05,431.86990124356686,2.397394702891991,18.676768133548038,0.7658080126110334,0.8239436241351107,1.0921007845323514,0.8363395313736705,0.47900623583977503,0.043774690941676395,2,True,
aae_acceptance,PETRONET,2018-08-31,2018-09-03,172.1971,2018-09-04,165.5193,STOP,5,-33.3889,19.4975,-52.8864,-0.061291,-0.053809,0.0,2,False,2018-08-30,164.45828825979765,2.973533626396591,4.345452918731741,0.6391762603901042,0.7682120142199732,0.774652573985769,0.49513953534179245,0.3652574702893286,0.03858606902449097,1,True,
aae_acceptance,PETRONET,2019-08-28,2019-08-29,191.778,2019-09-06,195.2521,MOMENTUM_FAIL,5,17.3705,20.0142,-2.6437,-0.002751,0.0,0.036038,6,False,2019-08-27,182.53834632828708,3.205161363376092,5.202678330283534,0.9166671685352888,0.9216426663265694,1.7901363648825754,1.6409592328889653,0.5540844864844294,0.021417551874941536,1,True,
aae_acceptance,PETRONET,2020-11-17,2020-11-18,200.4441,2020-11-25,205.2369,MOMENTUM_FAIL,4,19.171,19.3545,-0.1835,-0.000228,-0.025869,0.047815,6,False,2020-11-13,191.50540091871147,2.055166888788707,5.862990052676491,0.9139079544884239,0.9350006103515603,0.9965994468523675,0.9108001619171419,0.6904546433865063,0.044080189819173395,2,True,
aae_acceptance,PETRONET,2023-01-24,2023-01-25,202.9251,2023-01-25,199.8164,STOP,4,-12.4346,19.332,-31.7666,-0.039051,0.0,0.0,1,False,2023-01-23,198.513653964332,2.0089495017288668,3.5942540216654395,0.7272759841715427,0.9194642831540836,0.5400330382556519,0.3927530593825275,0.4459883586650595,0.015533089818548264,1,True,
aae_acceptance,PETRONET,2023-12-04,2023-12-05,191.6415,2023-12-12,193.5412,MOMENTUM_FAIL,5,9.4987,19.9953,-10.4966,-0.010931,-0.001209,0.039652,6,False,2023-11-30,186.22025002432403,2.812817493807366,3.78699747240581,0.5692322161784548,0.7704924593953012,0.7952923511630094,0.45270602756229383,0.31318804291023394,0.02652037793614924,2,True,
aae_acceptance,PETRONET,2024-07-26,2024-07-29,346.8045,2024-07-30,339.8691,STOP,2,-13.8708,18.8305,-32.7013,-0.047044,-0.023588,0.014827,2,False,2024-07-25,335.0245964151169,3.1082527365120756,11.249081752946275,0.732983770538069,0.9001961248032199,0.793693059647254,0.5817641315101407,0.39439039723677904,0.023813679084211687,1,True,
aae_acceptance,PFC,2020-01-02,2020-01-03,59.2175,2020-01-06,57.7005,STOP,16,-24.2717,19.8813,-44.153,-0.046499,-0.064826,0.0,2,False,2019-12-31,57.954387924272105,3.68493027649616,1.60092146396289,0.5000024508557637,0.8548384367736881,0.5569367092518913,0.2784697195974895,0.31067302769639393,0.028055833091778875,2,True,
aae_acceptance,PFC,2021-09-13,2021-09-14,81.9894,2021-09-20,78.2666,STOP,12,-44.6741,19.9934,-64.6675,-0.065584,-0.046763,0.01295,5,False,2021-09-09,78.42081955236279,2.846369945085223,2.041520883471503,0.5696214091200806,0.6382992106811662,1.141261615204896,0.650087049427672,0.304522006158572,0.043341755471742856,1,True,
aae_acceptance,PFC,2022-10-28,2022-10-31,74.8302,2022-11-07,78.0096,MOMENTUM_FAIL,13,41.3321,20.1217,21.2104,0.021756,0.0,0.04424,6,False,2022-10-27,70.3069543658421,2.9155361022540176,1.428552122674243,0.7162127712446059,0.7920782730378372,1.6978654645099476,1.2160329295371797,0.5823515191539591,0.04518883753314934,1,True,
aae_acceptance,PFC,2026-04-20,2026-04-21,464.5774,2026-04-28,471.8303,MOMENTUM_FAIL,2,14.5057,19.8828,-5.3771,-0.005774,-0.024684,0.026371,6,False,2026-04-16,437.62405585921033,2.284985955476434,15.764178478098103,0.6048772873032052,0.6048777510480171,1.2745641779660555,0.7709549224619472,0.3850173840289599,0.04524488314367395,2,True,
aae_acceptance,PGEL,2023-05-29,2023-05-30,160.3012,2023-06-20,160.3612,TIME,6,0.3596,19.9919,-19.6323,-0.020367,-0.009283,0.062928,16,False,2023-05-26,151.78681005779626,9.79864892625662,4.615349284387326,0.7760769603026901,0.90714293499388,1.1306904443727301,0.8775028031120864,0.13571068405209621,0.03369414947037195,1,True,
aae_acceptance,PGEL,2025-07-16,2025-07-17,828.2434,2025-07-22,796.236,STOP,1,-32.0074,19.362,-51.3695,-0.061887,-0.052955,0.002352,4,False,2025-07-15,796.1727377033649,2.2720580255349248,28.724214233974266,0.7058826640147571,0.8333333333333339,0.5912956659464655,0.417385359898671,0.3865430374260902,0.037483921632961076,1,True,
aae_acceptance,PGEL,2026-06-17,2026-06-18,553.7384,2026-06-25,545.6422,MOMENTUM_FAIL,1,-8.0961,18.2516,-26.3478,-0.047478,-0.016697,0.045126,6,False,2026-06-16,506.06088530537056,3.919685030860414,21.240045132035767,0.831041857653224,0.8931680051436339,1.1976433866100342,0.9952917848145013,0.41599860208171524,0.043990860990155145,1,True,
aae_acceptance,PHOENIXLTD,2021-06-04,2021-06-07,438.5913,2021-06-07,421.6786,STOP,2,-33.8253,19.565,-53.3903,-0.060733,0.0,0.0,1,False,2021-06-03,405.42465552589937,7.090493418209039,19.176683245471224,0.7515359524902866,0.7947785074848832,1.4700983166967487,1.104831738693058,0.19914240198494382,0.027752444198827487,1,True,
aae_acceptance,PHOENIXLTD,2023-07-14,2023-07-17,846.6565,2023-07-17,828.6372,STOP,1,-18.0193,19.4683,-37.4876,-0.044181,0.0,0.0,1,False,2023-07-13,818.0108807985486,5.881290794851461,24.701019218192215,0.546112152227414,0.8045173612662613,1.1114522158378783,0.606977561689152,0.3531861123075577,0.02128286730828516,1,True,
aae_acceptance,PIDILITIND,2019-04-03,2019-04-04,616.7381,2019-04-11,613.0903,MOMENTUM_FAIL,1,-3.6478,18.5267,-22.1745,-0.035876,-0.016576,0.008561,6,False,2019-03-26,575.9646954113924,3.330998350558966,14.612168146979563,0.6637503298348578,0.7959036997108475,1.3138892480499997,0.8720944217596606,0.46347015105027434,0.055745398408177084,5,True,
aae_acceptance,PIDILITIND,2019-08-08,2019-08-09,646.0083,2019-08-20,661.5927,MOMENTUM_FAIL,1,15.5844,18.6895,-3.1051,-0.004796,-0.005751,0.033684,6,False,2019-08-06,616.5039333514313,3.5769698234752556,16.679304747248096,0.6735584562799589,0.7349822178416836,1.3292231078260899,0.8953094645589905,0.2887123721088457,0.04014402494673214,2,True,
aae_acceptance,PIDILITIND,2019-12-26,2019-12-27,674.5236,2020-01-03,674.3547,MOMENTUM_FAIL,1,-0.1689,18.7778,-18.9467,-0.028028,-0.009192,0.010014,6,False,2019-12-18,646.538980968569,2.275422234747896,12.265888118432036,0.7484849153493242,0.8165735065607744,1.2980983353973874,0.971607022685012,0.6422254627964217,0.02471742711854684,5,True,
aae_acceptance,PIDILITIND,2021-04-08,2021-04-09,920.7827,2021-04-12,895.4222,STOP,1,-25.3605,19.7663,-45.1269,-0.048902,-0.031421,0.001211,2,False,2021-04-06,892.1899572798,2.4960005668044225,22.22178269135307,0.7024180877333931,0.8577886993561556,1.0369917388398513,0.7284017541912146,0.6544277791427224,0.03040007447557726,2,True,
aae_acceptance,PNB,2018-08-01,2018-08-02,77.6308,2018-08-07,75.2553,STOP,12,-28.5051,19.8055,-48.3106,-0.051746,-0.041812,0.063298,4,False,2018-07-30,76.14306967445684,3.188015400225408,2.975978883721053,0.5800009075184743,0.7162172193514579,0.7574255014666593,0.43930747822829785,0.3706334748268725,0.04501801180248966,2,True,
aae_acceptance,PNB,2023-09-04,2023-09-05,63.3747,2023-09-12,62.3947,MOMENTUM_FAIL,15,-14.7004,19.914,-34.6144,-0.036333,-0.035346,0.027982,6,False,2023-09-01,59.92129992692174,2.7241497578096245,1.527109369603223,0.6000022635261464,0.7837848426487636,1.2223794621475517,0.7334304441764044,0.5384642042501165,0.031493812109854934,1,True,
aae_acceptance,PNB,2023-12-05,2023-12-06,79.8017,2023-12-28,89.1353,TIME,12,112.0025,20.2016,91.8009,0.095654,-0.011696,0.14269,16,False,2023-12-04,76.0683258158111,2.544330246659194,2.1905043562741136,0.7258062424543327,0.6304347104970734,1.320877908888162,0.9587014317910532,0.5107730613859796,0.024539903002321492,1,True,
aae_acceptance,PNB,2025-06-02,2025-06-03,103.1261,2025-06-10,105.5532,MOMENTUM_FAIL,9,21.8434,19.8935,1.95,0.002096,-0.008242,0.033791,6,False,2025-05-30,97.45040417732223,2.244924421580119,2.4575528892023804,0.8594767182261714,0.916504819850048,1.1758816447043556,1.0106428970128927,0.6008253786985324,0.028807494510167196,1,True,
aae_acceptance,PNB,2025-09-19,2025-09-22,110.0888,2025-09-24,107.4961,STOP,9,-23.3342,20.0661,-43.4003,-0.043708,-0.023656,0.010592,3,False,2025-09-17,106.12409558677992,3.5909557108487427,1.9384623304162742,0.9355924297225375,0.9536580101080017,1.4788239878351175,1.3835765279106298,0.4927862950059804,0.02363704265657184,2,True,
aae_acceptance,PNB,2026-01-16,2026-01-19,128.5617,2026-01-19,124.3894,STOP,7,-29.2058,19.6704,-48.8763,-0.054193,0.0,0.0,1,False,2026-01-14,124.61638234177529,2.5065989233655643,2.567963913308942,0.5789350793345249,0.9285698472248926,0.28758985004853055,0.16649585265365016,0.6280162574281664,0.032891999344428706,2,True,
aae_acceptance,PNBHOUSING,2020-06-04,2020-06-05,168.765,2020-06-26,182.1747,TIME,5,67.048,19.6295,47.4185,0.056072,-0.05499,0.135659,16,False,2020-06-03,155.0283468578877,2.6283300463751984,6.832916481255507,1.0,1.0,0.628240274054631,0.628240274054631,0.4211418920414739,0.05775186170817348,1,True,
aae_acceptance,PNBHOUSING,2021-05-24,2021-05-25,350.0403,2021-05-25,338.6622,STOP,2,-22.7562,18.8397,-41.596,-0.059286,0.0,0.0,1,False,2021-05-21,326.8187062795621,9.01177133547539,12.335063241820212,0.7300471435022666,0.8080131686918782,1.4119265469971967,1.0307729424703223,0.16513447989269017,0.027964057125593633,1,True,
aae_acceptance,PNBHOUSING,2022-09-14,2022-09-15,333.6053,2022-09-26,318.9318,STOP,2,-29.347,18.6875,-48.0345,-0.071836,-0.078431,0.112745,8,False,2022-09-13,320.5636155780586,5.851045716059771,10.425817821115967,0.8069512226564628,0.9211361673588429,1.0156235377443812,0.8195586555415105,0.4068069124439687,0.03915682381067176,1,True,
aae_acceptance,PNBHOUSING,2026-01-02,2026-01-05,996.2254,2026-01-09,966.4023,STOP,1,-29.8231,20.0758,-49.8988,-0.049979,-0.034462,0.00996,5,False,2026-01-01,963.3320378411114,2.9774887478003405,26.09455611287481,0.5801100967963819,0.7545743505243514,1.0323912610917734,0.5989005944036875,0.4482608528478146,0.024104028167847326,1,True,
aae_acceptance,POLYCAB,2019-07-03,2019-07-04,623.0224,2019-07-05,600.725,STOP,1,-22.2975,18.5153,-40.8127,-0.065365,-0.049915,0.002932,2,False,2019-07-01,600.7202264352031,5.4173040342935606,13.086329966724497,0.8744056736691682,0.8647945043378603,1.5499712052430004,1.3553036158883185,0.28882704097716494,0.030252952499232617,2,True,
aae_acceptance,POLYCAB,2020-12-07,2020-12-08,992.2495,2020-12-15,984.4083,MOMENTUM_FAIL,1,-7.8411,20.1038,-27.9449,-0.028102,-0.012878,0.020488,6,False,2020-12-04,952.5595722962186,4.016209213712391,22.746956090303772,0.7904744010314434,0.8482750202047402,0.8936999333985992,0.7064469195550985,0.22941096662632315,0.042692987218502926,1,True,
aae_acceptance,POLYMED,2022-03-30,2022-03-31,916.33,2022-04-07,877.1182,MOMENTUM_FAIL,1,-39.2119,19.7193,-58.9312,-0.064172,-0.04906,0.024368,6,False,2022-03-29,861.522515468806,3.8849113327241183,35.71693462952741,0.5223677449153254,0.8354872587640928,0.9606214886781117,0.501797680757988,0.2654670846947422,0.034216418390306695,1,True,
aae_acceptance,POONAWALLA,2022-07-19,2022-07-20,275.8942,2022-07-27,269.0292,MOMENTUM_FAIL,3,-20.5952,19.3829,-39.9781,-0.048196,-0.064369,0.0,6,False,2022-07-18,255.02913333702386,2.369844239190747,11.61274002778486,0.777776118595692,0.8805958365533672,0.919662988156456,0.7152919093444441,0.6377962606948305,0.05323863879302999,1,True,
aae_acceptance,POONAWALLA,2023-02-15,2023-02-16,312.9513,2023-02-21,305.9502,STOP,3,-21.0034,19.8515,-40.8549,-0.043421,-0.027848,0.023101,4,False,2023-02-14,307.40533140319377,2.574472360509095,9.822390891549151,0.5000040578355883,0.8397221731909053,0.46380084845973485,0.23190230625745623,0.41317856593833985,0.019579100959091426,1,True,
aae_acceptance,POONAWALLA,2023-12-04,2023-12-05,418.3774,2023-12-12,414.2947,MOMENTUM_FAIL,2,-8.1654,19.4465,-27.6119,-0.032927,-0.027728,0.020112,6,False,2023-11-30,397.46601315957645,3.4432331096704454,13.390257262318098,0.8055546216773612,0.9048538948725727,0.9370128991642626,0.754815071493075,0.5323842586793955,0.04992274439772369,2,True,
aae_acceptance,POONAWALLA,2023-12-19,2023-12-20,442.6247,2023-12-21,426.8415,GAP_STOP,2,-31.5663,19.6036,-51.1699,-0.057677,-0.04387,0.0,2,False,2023-12-14,426.79177910179527,2.0170645974249224,12.808371685342038,0.7309952110897384,0.8658898768797703,0.6647149869523106,0.485903472201717,0.5049189352019882,0.03404899556763227,3,True,
aae_acceptance,POONAWALLA,2025-06-09,2025-06-10,432.0,2025-06-12,421.5071,STOP,2,-20.9858,19.5355,-40.5213,-0.046797,-0.027893,0.0,3,False,2025-06-06,413.79998779296875,3.3122879224983253,11.277100900194666,0.7336692818716607,0.8732059966328443,0.8823200479530596,0.6473311159626906,0.4310230476777254,0.022592214327501952,1,True,
aae_acceptance,POONAWALLA,2025-06-27,2025-06-30,451.65,2025-07-21,458.85,TIME,2,14.4,19.7735,-5.3734,-0.005936,-0.013838,0.070298,16,False,2025-06-23,434.04998779296875,3.868149449721669,12.414535862730549,0.6422003964476499,0.9358548487321651,0.4390024941160009,0.28192757576280286,0.47166576703844765,0.05665345827747249,4,True,
aae_acceptance,POWERGRID,2022-04-04,2022-04-05,143.6431,2022-04-12,145.6109,MOMENTUM_FAIL,6,11.8063,19.5932,-7.7869,-0.009015,-0.006741,0.04327,6,False,2022-04-01,139.55154757295884,2.2803672951843215,3.669507389555014,0.7021249723097215,0.9274620138008985,0.4000391746308445,0.2808774944104855,0.6158749922358104,0.02104659038738847,1,True,
aae_acceptance,POWERGRID,2022-09-15,2022-09-16,150.3842,2022-09-21,145.8366,STOP,6,-27.2856,19.6844,-46.9699,-0.051942,-0.059144,0.0,4,False,2022-09-14,145.8423519686455,2.4333650830440967,2.8633727967348714,0.675016996926686,0.9235313265931373,0.4406156179326802,0.2974230312159139,0.5205716677183316,0.026974356060308183,1,True,
aae_acceptance,POWERGRID,2024-11-25,2024-11-26,325.8292,2024-11-28,318.1543,STOP,3,-23.0245,20.0105,-43.035,-0.04393,-0.028655,0.0,3,False,2024-11-22,312.2956792898663,2.512892233647305,8.374597350501743,0.9337090957312635,0.9522063525900654,1.115463269459411,1.0415182006483854,0.500251683070395,0.025691532846049154,1,True,
aae_acceptance,PPLPHARMA,2026-04-27,2026-04-28,170.0,2026-04-29,162.1721,STOP,5,-39.1395,19.4394,-58.5788,-0.068766,-0.062588,0.0,2,False,2026-04-23,154.97999572753906,16.72300002739423,5.74906919486302,0.6575441257630803,0.6953943544476869,2.3516857797678794,1.5463371701269382,0.1046372094633713,0.039150913756206114,2,True,
aae_acceptance,PPLPHARMA,2026-07-28,2026-07-29,194.45,2026-08-19,209.64,TIME,5,75.95,20.1899,55.7601,0.057226,-0.009514,0.123682,16,False,2026-07-27,185.7899932861328,2.1416670923876775,7.477651566532348,0.913869224497797,0.9503787747538253,0.916063825997741,0.8371625382550405,0.6731339939690271,0.03816897867059445,1,True,
aae_acceptance,PRESTIGE,2021-08-03,2021-08-04,367.5886,2021-08-05,356.9767,STOP,2,-21.2236,18.991,-40.2147,-0.054581,-0.043653,0.0,2,False,2021-08-02,352.5295002671792,3.6630031952828244,14.280422477476902,0.6166679051089823,0.8264148640182781,0.829792461785073,0.5117063790842262,0.44834602420530484,0.028346740095336605,1,True,
aae_acceptance,PRESTIGE,2022-12-02,2022-12-05,505.166,2022-12-06,485.2298,STOP,1,-19.9362,18.0224,-37.9587,-0.074977,-0.050187,0.0,2,False,2022-12-01,482.1993766093669,4.951149581794829,15.45733385742893,0.7333334547077386,0.8431372549019609,0.9648099676898356,0.7075274267424487,0.27670895637519166,0.03889719623192967,1,True,
aae_acceptance,RADICO,2018-08-29,2018-08-30,467.1901,2018-09-05,435.4571,STOP,2,-63.4659,19.7461,-83.2121,-0.088862,-0.091271,0.044589,5,False,2018-08-28,443.3856179963583,2.4436614063639968,17.60550747893554,1.0,1.0,0.34663549338305205,0.34663549338305205,0.4967080520585708,0.0553660694365652,1,True,
aae_acceptance,RADICO,2018-11-14,2018-11-15,436.1875,2018-11-20,417.3617,STOP,2,-37.6517,19.5369,-57.1886,-0.065412,-0.058296,0.003139,4,False,2018-11-13,408.6078861065225,3.7810761662683205,20.459670092252257,0.9135343642095314,0.9426437046659925,1.2715156292512642,1.161573221950536,0.4070805558958086,0.04444531182202265,1,True,
aae_acceptance,RADICO,2020-01-27,2020-01-28,383.7814,2020-02-03,368.0194,STOP,2,-31.524,19.1068,-50.6308,-0.065819,-0.053089,0.048228,5,False,2020-01-24,366.25415831340564,2.6204358060385933,14.715818611953154,0.7634435698883273,0.9279874772991095,0.6205455463754391,0.47375150720316783,0.5716539089440085,0.03526977213080749,1,True,
aae_acceptance,RADICO,2021-01-07,2021-01-08,487.191,2021-02-01,505.9405,TIME,2,37.4989,20.1206,17.3783,0.017796,-0.026028,0.073222,16,False,2021-01-06,469.52698083325043,5.536430137996036,14.368154465660933,0.6390549550366926,0.863229172083653,0.5803528880851418,0.370877388800665,0.21026969156761166,0.02735489745171606,1,True,
aae_acceptance,RAILTEL,2024-12-09,2024-12-10,436.9431,2024-12-10,425.8526,STOP,2,-22.181,19.5748,-41.7558,-0.047678,0.0,0.0,1,False,2024-12-06,420.95675889582566,2.3572084446319095,15.30615465742647,0.8324604011139982,0.9250582835546741,0.6138090348043587,0.5109717153206326,0.5030692040456947,0.02041961523797033,1,True,
aae_acceptance,RAILTEL,2025-05-15,2025-05-16,358.2493,2025-06-04,421.7111,TARGET,2,126.9236,19.2138,107.7098,0.15,0.0,0.239289,14,False,2025-05-14,332.04311911084153,3.5539045993453975,16.95949948920414,0.8538131892978766,0.9056083896231857,1.3735293297067401,1.1727374575910865,0.5027565921754518,0.030652145163907154,1,True,
aae_acceptance,RAMCOCEM,2018-04-10,2018-04-11,788.8911,2018-04-18,803.6585,MOMENTUM_FAIL,1,14.7674,19.2911,-4.5237,-0.005722,-0.010837,0.046059,6,False,2018-04-05,746.1433137882206,2.253732814729249,21.69523278534233,0.6232545393443001,0.6690498842264994,1.925590642408354,1.2001331087999134,0.6874935255362992,0.050448828391240215,3,True,
aae_acceptance,RAMCOCEM,2021-02-12,2021-02-15,952.651,2021-02-22,928.5153,MOMENTUM_FAIL,1,-24.1358,19.9034,-44.0392,-0.046127,-0.037771,0.033746,6,False,2021-02-08,882.8489630045923,3.007697175954805,32.89494577274169,0.8310565038069959,0.8921492607532743,1.2029500373501287,0.9997194522946932,0.5952156320076999,0.05211541683347939,4,True,
aae_acceptance,RAMCOCEM,2022-07-29,2022-08-01,723.7476,2022-08-08,747.6874,MOMENTUM_FAIL,1,23.9398,19.0347,4.9051,0.006763,-0.028625,0.039781,6,False,2022-07-27,690.3635717862571,2.9893196438873115,23.290121926650688,0.8530451799918696,0.8968544246265708,1.1814407280554875,1.0078223185138189,0.37467981656289867,0.04026507385134318,2,True,
aae_acceptance,RAMCOCEM,2023-10-12,2023-10-13,991.3381,2023-10-19,965.9776,STOP,1,-25.3605,20.0642,-45.4247,-0.045722,-0.029432,0.016118,5,False,2023-10-11,956.5038499328019,3.112529768342399,24.808518327563736,0.6322591824793823,0.7553654645616095,1.240111101824975,0.7840716314234647,0.4639730158074551,0.025630880206272143,1,True,
aae_acceptance,RAMCOCEM,2024-11-25,2024-11-26,968.531,2024-12-17,1030.5046,TIME,1,61.9737,20.1458,41.8279,0.043093,-0.019941,0.089582,16,False,2024-11-22,922.8845498556619,2.6300536909619674,24.80007389793277,0.7094878000064078,0.7975212656308076,1.0156316370057012,0.7205782557560815,0.45790081231075386,0.024146071014302817,1,True,
aae_acceptance,RBLBANK,2025-03-26,2025-03-27,177.0958,2025-04-02,171.1643,STOP,5,-29.6575,19.6085,-49.2661,-0.055516,-0.05679,0.013244,4,False,2025-03-24,168.93672331942957,2.326007221068218,6.425090448287942,0.7318108120819421,0.7696073481508079,1.0842742552695688,0.7934836232683662,0.4535181069159125,0.0374363784381861,2,True,
aae_acceptance,RBLBANK,2025-10-10,2025-10-13,288.3036,2025-11-04,323.0137,TIME,3,104.1305,19.7941,84.3364,0.097296,-0.011071,0.14859,16,False,2025-10-08,280.97256408810216,3.327939710918556,8.423770572533996,0.5428570762431493,0.7597601120259233,1.0360447317787884,0.5624242139505509,0.4589709187313235,0.04977338327030178,2,True,
aae_acceptance,RBLBANK,2026-09-04,2026-09-07,416.0,2026-09-15,403.6,MOMENTUM_FAIL,2,-24.8,19.3926,-44.1926,-0.053,-0.033293,0.010577,6,False,2026-09-03,394.5,10.104525630237417,8.998236068900662,0.8395059170148557,0.8272423295529434,1.8003542119795095,1.511408013679416,0.2056688773720007,0.02395002044935825,1,True,
aae_acceptance,RBLBANK,2026-09-23,2026-09-24,416.5,2026-09-24,416.5,GAP_STOP,2,0.0,19.4473,-19.4473,-0.023295,0.0,0.0,1,False,2026-09-22,420.3999938964844,2.0426855991248956,10.656475405468031,0.7000045776367188,0.9443163633788855,0.37535862917184865,0.26275275867573766,0.955539408896432,0.01999686591185672,1,True,
aae_acceptance,RECLTD,2019-06-26,2019-06-27,72.4661,2019-07-04,73.7884,MOMENTUM_FAIL,13,17.1908,19.9428,-2.752,-0.002915,-0.023723,0.031326,6,False,2019-06-25,69.57886479628989,2.144483890796202,2.028885521849356,0.6703286644455757,0.7872342881548641,0.9885194792265606,0.6626329422883763,0.5166770077590322,0.03142821776061642,1,True,
aae_acceptance,REDINGTON,2023-12-07,2023-12-08,158.1464,2023-12-15,163.1699,MOMENTUM_FAIL,6,30.1409,19.998,10.1429,0.010666,-0.011471,0.043235,6,False,2023-12-05,152.98341637648113,2.590269496527377,3.7050658962646086,0.6470632970389404,0.8200012207031248,0.6402614007793922,0.41428965295508396,0.4604306671005439,0.03945030908461777,2,True,
aae_acceptance,RHIM,2023-08-03,2023-08-04,682.5501,2023-08-11,648.076,STOP,1,-34.4741,18.7418,-53.2159,-0.077796,-0.051588,0.051875,6,False,2023-08-01,644.0530061823766,5.567499491810484,20.70308065561485,0.6868208213203781,0.7572108718776362,1.52785717361459,1.0493641188422045,0.2893155294761303,0.04211125278939449,2,True,
aae_acceptance,RHIM,2026-01-06,2026-01-07,478.7684,2026-01-08,465.7247,STOP,2,-26.0874,19.92,-46.0075,-0.047943,-0.041498,0.001764,2,False,2026-01-05,460.93688289265964,2.6724078036389542,12.238013798658029,0.8577398869372802,0.9093326822916652,0.9700216909145796,0.8320262954917808,0.575598276091043,0.027244321342081115,1,True,
aae_acceptance,RITES,2023-04-27,2023-04-28,174.0411,2023-05-19,166.6082,STOP,5,-37.1644,19.5287,-56.6931,-0.065007,-0.05704,0.112539,15,False,2023-04-25,161.09533520969404,24.10573133741292,4.8263067740426315,0.8357896570397849,0.8819971153721847,2.2005308339052934,1.839180910975177,0.11684703394247965,0.042707364628059394,2,True,
aae_acceptance,RITES,2026-08-07,2026-08-10,229.9875,2026-08-11,222.3355,STOP,4,-30.6079,19.7521,-50.36,-0.054623,-0.033938,0.0,2,False,2026-08-06,224.62074450270848,2.4610029157920463,6.818329958812164,0.5979913171374097,0.8426754048381028,0.572556593950558,0.3423838717522032,0.2355746810069529,0.032316292993019385,1,True,
aae_acceptance,RKFORGE,2021-07-12,2021-07-13,145.5062,2021-08-02,170.7005,TARGET,6,151.166,19.9242,131.2419,0.15,-0.011876,0.20108,14,False,2021-07-05,137.82834143313298,3.7741896579050227,5.091980163962384,0.6969671763203511,0.6828335795805551,1.081705204626228,0.7539130220793698,0.28251878153032617,0.05671679765459872,5,True,
aae_acceptance,RKFORGE,2022-07-22,2022-07-25,177.9766,2022-08-01,177.0998,MOMENTUM_FAIL,5,-4.3837,19.6786,-24.0622,-0.026981,-0.035912,0.024993,6,False,2022-07-21,165.83287578065608,7.244071130684737,6.631296197442061,0.5449098023839646,0.707692072941706,1.2381473242858907,0.6746786137988592,0.22106854866121106,0.027978923236453606,1,True,
aae_acceptance,RKFORGE,2022-10-17,2022-10-18,229.6914,2022-10-25,220.5117,MOMENTUM_FAIL,4,-36.719,19.7347,-56.4536,-0.061311,-0.044908,0.022346,6,False,2022-10-14,215.1815102114662,5.298257189508151,9.257040035300328,0.5860198824948272,0.6869914513585902,0.9916495081297962,0.5811263282302764,0.26565459202156316,0.037644307036116015,1,True,
aae_acceptance,RKFORGE,2026-02-09,2026-02-10,569.0836,2026-02-17,566.7873,MOMENTUM_FAIL,1,-2.2963,18.3283,-20.6246,-0.036163,-0.020965,0.017544,6,False,2026-02-03,536.1366868630957,5.98162093978961,21.93533740094689,0.6710522222061247,0.6212121212121225,1.7295771517360985,1.1606365911494487,0.39529708780138373,0.04865968443130717,4,True,
aae_acceptance,RKFORGE,2026-07-29,2026-07-30,642.25,2026-08-10,757.675,TARGET,1,115.425,18.8769,96.5481,0.15,-0.028104,0.188789,8,False,2026-07-27,594.9000244140625,8.089241045830736,20.175213892235153,0.7515378921305869,0.7509253113094942,2.0148467122101357,1.5142336510606484,0.2741997882696791,0.04208590018746044,2,True,
aae_acceptance,RVNL,2023-01-13,2023-01-16,78.0073,2023-01-16,73.2661,STOP,12,-56.8948,19.7667,-76.6616,-0.081717,0.0,0.0,1,False,2023-01-12,72.58617057271749,2.889714970687536,3.200714177723167,1.0,1.0,0.04496631968958171,0.04496631968958171,0.37346135792058055,0.040117610038422694,1,True,
aae_acceptance,RVNL,2024-04-24,2024-04-25,283.6144,2024-05-03,279.7738,MOMENTUM_FAIL,3,-11.5219,19.4992,-31.0211,-0.03638,-0.022222,0.028819,6,False,2024-04-23,266.5778692090518,2.7300442624056753,10.572712119214792,0.7150546089299741,0.83280802044003,0.8662289143663057,0.6194009776060347,0.45035462932374143,0.027969588605150378,1,True,
aae_acceptance,SAIL,2018-06-08,2018-06-11,69.4461,2018-06-27,65.981,STOP,14,-48.5102,19.9365,-68.4466,-0.070247,-0.068884,0.081948,13,False,2018-06-07,65.98199603452284,2.6655739490663657,2.801966005458869,0.8615389281638594,0.9210531247072046,0.9566529598324196,0.8241937656388063,0.6073572452313197,0.04592900743745753,1,True,
aae_acceptance,SAIL,2021-03-01,2021-03-02,67.2113,2021-03-05,62.8238,STOP,14,-61.4253,19.7781,-81.2034,-0.08611,-0.120962,0.027866,4,False,2021-02-26,62.91216263777443,2.4745515079376776,3.186850993489877,0.7361108931434566,0.8527135817481137,0.9616766689579636,0.7079006717018708,0.36163941844568265,0.05872241372916769,1,True,
aae_acceptance,SAIL,2024-04-26,2024-04-29,164.3507,2024-05-06,155.3936,STOP,6,-53.7423,19.9843,-73.7267,-0.074602,-0.068275,0.00618,5,False,2024-04-24,152.2589809062036,3.540914237156692,6.529718361708853,0.8479527428410906,0.909721972029779,1.266629249933849,1.0740417466441605,0.5187883532901605,0.04692670250248281,2,True,
aae_acceptance,SAILIFE,2025-08-19,2025-08-20,912.0,2025-08-26,856.9103,STOP,1,-55.0897,19.6687,-74.7584,-0.081793,-0.066612,0.033991,5,False,2025-08-11,864.0,5.694456269989226,33.25063249242017,0.7249075018076098,0.8812836835728609,1.213510016542864,0.8796825145105989,0.34513838027316845,0.05927071578379995,5,True,
aae_acceptance,SAILIFE,2026-01-06,2026-01-07,976.1,2026-01-09,935.7455,STOP,1,-40.3545,19.9694,-60.3238,-0.061666,-0.062596,0.0,3,False,2026-01-05,933.0,5.601400434536666,24.438506515279897,0.6563417102074474,0.7416848125437294,1.387156142003477,0.9104484345673268,0.24508745603525087,0.04134256343824065,1,True,
aae_acceptance,SAMMAANCAP,2023-07-03,2023-07-04,111.4837,2023-07-11,108.1174,MOMENTUM_FAIL,8,-26.931,19.641,-46.5721,-0.052105,-0.037647,0.04,6,False,2023-06-30,104.75100276088229,4.392127364913766,3.287086921414144,0.6371679222995782,0.7588236064134338,1.5029272532265956,0.957617035305802,0.4390891632055196,0.04185240946460675,1,True,
aae_acceptance,SAMMAANCAP,2023-11-16,2023-11-17,165.6377,2023-11-24,161.2811,MOMENTUM_FAIL,6,-26.1395,20.0732,-46.2126,-0.046398,-0.035335,0.026036,6,False,2023-11-15,155.16431925959645,2.2994902639440014,6.1754415385345744,0.6666682587102283,0.6610186703030495,0.8551104192882256,0.5700749742318545,0.27890302548515816,0.04408904751862457,1,True,
aae_acceptance,SANSERA,2022-07-19,2022-07-20,782.815,2022-07-27,706.1664,MOMENTUM_FAIL,1,-76.6486,19.0793,-95.7279,-0.12202,-0.108028,0.0,6,False,2022-07-18,725.3162270564812,6.9851226646506985,28.647125769933847,0.8662125602997871,0.9180552164713542,1.5234916418514264,1.3196675956834503,0.3417481789449198,0.038203130988160514,1,True,
aae_acceptance,SARDAEN,2022-02-03,2022-02-04,91.0157,2022-02-07,86.7888,GAP_STOP,10,-42.2692,19.687,-61.9563,-0.067924,-0.096108,0.0,2,False,2022-02-02,87.46884854000747,2.182200891997044,3.88047107905403,0.6860631918013853,0.753309279202356,0.8232617767527416,0.5648096022470654,0.4985866331854252,0.05171235985894473,1,True,
aae_acceptance,SARDAEN,2025-03-12,2025-03-13,536.6391,2025-03-21,542.1044,MOMENTUM_FAIL,1,5.4653,18.2071,-12.7418,-0.023692,-0.025553,0.043329,6,False,2025-03-11,511.59821741628406,4.757864796468422,25.97434795040739,0.6253108553537332,0.8548079270582932,0.770865826625747,0.4820307694103084,0.20021240616726285,0.039952717781226894,1,True,
aae_acceptance,SARDAEN,2025-12-24,2025-12-26,535.9438,2025-12-26,520.784,STOP,1,-15.1598,18.1621,-33.3219,-0.062039,0.0,0.0,1,False,2025-12-23,520.6026307613115,2.5925344866279767,17.280181113722602,0.642858839157128,0.816810441215547,0.6860215116001167,0.4410149925840693,0.42137989360000705,0.02511502576094927,1,True,
aae_acceptance,SARDAEN,2026-04-16,2026-04-17,597.7069,2026-04-21,571.8917,STOP,1,-25.8152,18.4012,-44.2164,-0.073815,-0.046667,0.0,3,False,2026-04-13,556.8635664180599,10.2380426224772,22.02338851921519,0.5665722036512015,0.7008797898909489,1.596714121342415,0.9046538383299639,0.10780180868366426,0.038543293626437165,2,True,
aae_acceptance,SBICARD,2020-06-23,2020-06-24,673.5122,2020-06-25,639.3325,GAP_STOP,1,-34.1797,18.7043,-52.884,-0.078348,-0.055276,0.0,2,False,2020-06-22,629.0048813236683,2.253241160816041,27.112795633122047,0.6290595292370575,0.7755950141763208,1.0611179173921739,0.6675063375797278,0.6593025689895264,0.03510363294348758,1,True,
aae_acceptance,SBICARD,2024-04-09,2024-04-10,752.0605,2024-04-15,713.8911,STOP,1,-38.1694,19.0278,-57.1972,-0.075888,-0.053438,0.0,3,False,2024-04-05,713.855761658107,2.690820977291279,13.978515150947882,0.8876657456509075,0.9612903225806445,0.9490815682025937,0.842467197922088,0.9561963288994207,0.044631584036776785,2,True,
aae_acceptance,SBILIFE,2018-06-12,2018-06-13,704.7232,2018-06-13,692.2735,STOP,1,-12.4497,18.8803,-31.33,-0.04436,0.0,0.0,1,False,2018-06-11,695.8613265747118,2.426772726273924,20.173841045074095,0.7945209972925569,0.9418604376080848,0.3563057528287079,0.2830924020785403,0.4052726236248824,0.023397236229365403,1,True,
aae_acceptance,SBILIFE,2019-05-02,2019-05-03,642.1673,2019-05-10,634.3132,MOMENTUM_FAIL,1,-7.8542,18.6255,-26.4797,-0.041145,-0.016615,0.027692,6,False,2019-04-26,622.1120121212673,3.6831190252089216,15.85476185775656,0.5000007862086655,0.6186872501179096,0.9409187143690272,0.4704600969429603,0.38743308808526505,0.0297363276296623,2,True,
aae_acceptance,SBILIFE,2021-01-04,2021-01-05,895.5271,2021-01-18,874.9545,STOP,1,-20.5727,19.6694,-40.2421,-0.044839,-0.025649,0.053009,10,False,2020-12-28,870.383771825322,2.092113656198116,18.993008108669653,0.8787245139723863,0.8944453486689802,1.2223884723249376,1.0741427162291786,0.6899530038986058,0.02827900322941958,5,True,
aae_acceptance,SBIN,2019-09-23,2019-09-24,283.8326,2019-09-25,269.1946,GAP_STOP,3,-43.9141,19.436,-63.3501,-0.074236,-0.110011,0.0,2,False,2019-09-20,265.11583915594474,3.017048542656087,10.060083380804263,0.6072615647683919,0.8484081098228503,1.3649616074592912,0.8288887215945088,0.8256964476550629,0.051649970085094886,1,True,
aae_acceptance,SBIN,2019-11-05,2019-11-06,289.0896,2019-11-13,277.064,STOP,3,-36.0768,19.5185,-55.5953,-0.063964,-0.041699,0.013638,5,False,2019-10-31,263.75633045011165,2.8125575970391843,11.522330344516535,0.7985073123568167,0.7844312763298,2.1081596807130083,1.6833809206651489,0.6292886298398738,0.04234863103167718,3,True,
aae_acceptance,SBIN,2022-01-31,2022-02-01,497.5767,2022-02-08,486.0509,MOMENTUM_FAIL,2,-23.0516,20.085,-43.1367,-0.043252,-0.045868,0.009284,6,False,2022-01-27,474.8910462350493,2.0762234254260177,13.074681107791049,0.8376088710311403,0.9312851394097799,0.8185644909253935,0.685636879110199,0.481870652277216,0.038159584507469584,2,True,
aae_acceptance,SBIN,2023-07-21,2023-07-24,582.4992,2023-07-25,574.3929,STOP,1,-8.1063,18.3731,-26.4794,-0.045359,-0.017641,0.010975,2,False,2023-07-20,572.0813521283934,2.266431141723855,9.47225469699628,0.8888886266988406,0.9377592730477577,0.6748920013405797,0.59990382424166,0.379387673307936,0.013996538020181094,1,True,
aae_acceptance,SBIN,2024-04-29,2024-04-30,782.7584,2024-05-07,752.0555,STOP,1,-30.703,19.1726,-49.8756,-0.063579,-0.04029,0.011736,5,False,2024-04-25,739.3823398361972,2.563372625602722,16.427239823521866,0.9495545613062127,0.9620109004015357,1.9428999165740632,1.844889477944362,0.8906445308948117,0.039224032581795715,2,True,
aae_acceptance,SBIN,2024-11-06,2024-11-07,829.1071,2024-11-08,810.423,STOP,1,-18.6841,19.3928,-38.0769,-0.045825,-0.031127,0.002904,2,False,2024-11-05,806.4776167890851,2.1205037451323006,17.967032735832607,0.8417255571558353,0.9125244504414437,0.7449813826654814,0.6270698693948269,0.48907219071792696,0.015445442108720725,1,True,
aae_acceptance,SBIN,2025-04-21,2025-04-22,790.7333,2025-04-25,767.0495,STOP,1,-23.6837,19.2206,-42.9043,-0.054141,-0.041588,0.011995,4,False,2025-04-17,756.8852150473521,2.920532047280875,18.103757225667565,0.7633346897984811,0.8951258388959228,0.7978679732218034,0.609040301839408,0.4680693856330863,0.024665926965629834,1,True,
aae_acceptance,SCHNEIDER,2022-04-25,2022-04-26,152.75,2022-04-27,142.3115,STOP,6,-62.6312,19.6723,-82.3035,-0.089606,-0.099509,0.0,2,False,2022-04-22,137.1999969482422,14.033033054297482,6.954443063605903,0.8589748438582053,0.9219860816717,1.6823772718006405,1.4451197543555487,0.17778115683035237,0.0458499463512876,1,True,
aae_acceptance,SCI,2022-04-18,2022-04-19,127.955,2022-04-19,121.8495,STOP,7,-42.739,19.625,-62.364,-0.069475,0.0,0.0,1,False,2022-04-13,123.88480826438115,4.568295154343711,4.798114223688958,0.6304401484800713,0.9034100810363505,0.44852740922034806,0.28276968646625794,0.3329666265175278,0.03999427683432828,1,True,
aae_acceptance,SHRIRAMFIN,2022-04-11,2022-04-12,227.8673,2022-04-12,221.1014,STOP,4,-27.0636,19.7235,-46.7871,-0.05122,0.0,0.0,1,False,2022-04-08,223.04001084405027,2.033235191191011,7.0181070203527565,0.565515102418009,0.8650968949822422,0.3843328757186966,0.21734604557466664,0.43150209751291435,0.02862171731428096,1,True,
aae_acceptance,SHRIRAMFIN,2024-01-12,2024-01-15,441.7507,2024-01-17,432.6141,STOP,2,-18.2732,19.6233,-37.8965,-0.0428,-0.023029,0.018384,3,False,2024-01-11,428.6878149706694,2.184476158000905,11.580762167983977,0.8442558836719305,0.8823536730373783,1.0789001826326323,0.9108678270823201,0.9881761108948721,0.02068272152717516,1,True,
aae_acceptance,SHRIRAMFIN,2024-01-30,2024-01-31,472.0382,2024-02-01,460.7986,STOP,2,-22.4792,19.8705,-42.3497,-0.044761,-0.025061,0.0,2,False,2024-01-29,453.3397313052394,2.9020076635709073,13.090861785788547,0.6294211153725966,0.7640326844665857,1.3106191656574864,0.8249313770768371,0.5165413009184893,0.024984761829575004,1,True,
aae_acceptance,SHRIRAMFIN,2025-03-04,2025-03-05,616.5359,2025-03-12,626.7197,MOMENTUM_FAIL,1,10.1838,18.554,-8.3702,-0.013547,-0.017635,0.038621,6,False,2025-02-27,585.1483002517234,2.811686964492424,22.61942841621966,0.8581553889281114,0.9298245614035064,0.6133431232611367,0.5263437064885433,0.5035815896729346,0.05714658668157448,3,True,
aae_acceptance,SHRIRAMFIN,2025-10-06,2025-10-07,662.3939,2025-10-14,666.5943,MOMENTUM_FAIL,1,4.2004,18.7355,-14.535,-0.021895,-0.017084,0.01604,6,False,2025-10-01,630.5689116444992,3.1002722134038168,14.148996623851119,0.8953975212288525,0.9631268702130632,0.8347458423977033,0.7474293581389939,0.7345216590540556,0.05852778977704796,2,True,
aae_acceptance,SHYAMMETL,2022-03-21,2022-03-22,346.7039,2022-04-12,346.2216,TIME,2,-0.9646,18.8559,-19.8205,-0.028522,-0.019755,0.072621,16,False,2022-03-17,323.53510263138065,4.747190417273209,12.502363280672885,0.6157240223202615,0.7211895278169485,1.5059361966976088,0.9272410923883281,0.37139693239637794,0.03459933107354173,1,True,
aae_acceptance,SHYAMMETL,2023-10-16,2023-10-17,467.9641,2023-10-23,442.4856,STOP,2,-50.957,19.7782,-70.7351,-0.075413,-0.092632,0.016211,5,False,2023-10-12,449.83664408523407,2.589205536680044,13.63199419028061,0.5329687844300183,0.8751836207182425,0.6576617335739181,0.35051317470902965,0.7787491003106418,0.045706146072730304,2,True,
aae_acceptance,SHYAMMETL,2024-07-03,2024-07-04,722.0933,2024-07-10,683.1177,STOP,1,-38.9757,18.8996,-57.8753,-0.079974,-0.092981,0.01685,5,False,2024-07-01,678.7942521626734,5.193765585225861,26.344497881646063,0.8419347216766657,0.9097601194176143,1.1592864918588637,0.9760435498667106,0.32905072169260835,0.0537175682190497,2,True,
aae_acceptance,SIEMENS,2020-01-24,2020-01-27,919.535,2020-01-27,878.9862,STOP,1,-40.5488,19.7301,-60.2789,-0.065411,0.0,0.0,1,False,2020-01-17,879.4569386229991,2.6455688393929875,18.827305034130873,0.7556698463289339,0.8401989804308502,1.1902824881942067,0.8994605849417372,0.595542389047715,0.0417144643325409,5,True,
aae_acceptance,SOBHA,2018-08-10,2018-08-13,488.6506,2018-08-13,478.9073,STOP,2,-19.4866,20.0169,-39.5035,-0.040333,0.0,0.0,1,False,2018-08-09,478.1929155869343,4.733217785273535,17.026533473869417,0.6501255506295934,0.7758351333360507,1.1099685089793887,0.7216188880817339,0.3020059215203085,0.037761962637894414,1,True,
aae_acceptance,SOBHA,2020-01-17,2020-01-20,429.04,2020-01-27,414.9918,MOMENTUM_FAIL,2,-28.0964,19.496,-47.5923,-0.055343,-0.037721,0.00542,6,False,2020-01-13,406.9235930230981,5.413336881561334,12.506865312884083,0.7376240048276367,0.8403617254206972,1.5330688610385326,1.130828392955786,0.39816578940975167,0.047084267535641516,4,True,
aae_acceptance,SONACOMS,2023-12-28,2023-12-29,627.9895,2024-01-05,635.9001,MOMENTUM_FAIL,1,7.9106,18.5978,-10.6871,-0.016981,-0.014162,0.048353,6,False,2023-12-27,579.5917893327751,7.093438543068828,18.18046829384751,0.688022866283197,0.7494405112204984,1.940475626616303,1.3350916025772317,0.2716542212076874,0.04528326404275975,1,True,
aae_acceptance,SONACOMS,2025-10-16,2025-10-17,463.741,2025-10-27,480.8853,MOMENTUM_FAIL,2,34.2886,19.9161,14.3725,0.015462,-0.017145,0.043721,6,False,2025-10-14,445.7519156690986,2.914552964242335,13.19035266657136,0.5180708265291628,0.8214285227717051,0.6253902775699112,0.3239964580039465,0.44078409572234173,0.056354361412157716,2,True,
aae_acceptance,SONACOMS,2026-07-07,2026-07-08,668.0,2026-07-15,669.2,MOMENTUM_FAIL,1,1.2,18.753,-17.553,-0.02622,-0.013922,0.021258,6,False,2026-07-02,632.2000122070312,4.601045784835014,18.20153638878358,0.74504957600168,0.8152468557315022,2.219590836507742,1.6537052116373072,0.5122622093612971,0.026611734937811753,3,True,
aae_acceptance,SRF,2019-05-17,2019-05-20,557.1575,2019-05-27,576.3074,MOMENTUM_FAIL,1,19.1499,18.3216,0.8283,0.001483,-0.004476,0.042972,6,False,2019-05-15,511.4745684850799,8.926589912222575,16.667003887928345,0.6963060082297353,0.753796582553476,2.214950383083156,1.5422832596715554,0.20603227958249765,0.03874142320012764,2,True,
aae_acceptance,SRF,2020-01-02,2020-01-03,675.3245,2020-01-10,682.5497,MOMENTUM_FAIL,1,7.2252,18.7962,-11.571,-0.017097,-0.022324,0.017292,6,False,2019-12-26,663.168193920068,2.2893467647362695,13.898188423340331,0.5758448450277749,0.8767757294556302,0.4306543808036881,0.24799010517443212,0.516475669818692,0.025297461416129496,5,True,
aae_acceptance,SRF,2020-08-10,2020-08-11,827.3618,2020-08-18,838.7909,MOMENTUM_FAIL,1,11.429,19.4468,-8.0177,-0.00967,-0.030457,0.025391,6,False,2020-08-07,788.3294442533139,4.383633033091622,24.985015970772256,0.5764832259496868,0.8577291138949849,0.7700430640898238,0.443916909706683,0.44762994868400147,0.045330816381979104,1,True,
aae_acceptance,STARHEALTH,2023-07-03,2023-07-04,599.45,2023-07-05,580.0397,STOP,1,-19.4103,18.4216,-37.832,-0.062973,-0.045709,0.002836,2,False,2023-06-30,574.0,2.2539299133520134,15.52537782068549,0.7399983723958333,0.712175060697378,0.9661600621412579,0.714956873458388,0.41007998878474455,0.02210293279933989,1,True,
aae_acceptance,STARHEALTH,2024-07-01,2024-07-02,577.95,2024-07-09,572.35,MOMENTUM_FAIL,1,-5.6,18.359,-23.959,-0.041365,-0.0186,0.025089,6,False,2024-06-28,535.0,3.7835398803432034,13.985758601036418,0.9460009765625,0.9278088393209761,1.7875326403923038,1.6910076234484634,0.5669397538572235,0.037122926055416776,1,True,
aae_acceptance,STARHEALTH,2025-10-08,2025-10-09,479.7,2025-10-13,470.6892,STOP,2,-18.0216,19.9443,-37.9659,-0.039486,-0.021055,0.003752,3,False,2025-10-07,460.8500061035156,2.161851318623025,12.408007094309424,0.7893402155441506,0.8388351884860437,1.5876829808138937,1.2532220262914184,0.7045856742315926,0.02366896072023934,1,True,
aae_acceptance,STLTECH,2019-06-12,2019-06-13,184.4227,2019-06-13,178.7113,STOP,5,-28.5569,19.7654,-48.3223,-0.05229,0.0,0.0,1,False,2019-06-11,173.52712269821888,4.611270305482832,9.309822272305711,0.7272731522959281,0.7500006692454927,1.0588677691579502,0.7700861003400596,0.39552865038986357,0.03220642671239214,1,True,
aae_acceptance,SUMICHEM,2023-06-20,2023-06-21,426.824,2023-06-22,417.5426,STOP,2,-18.5629,19.4967,-38.0596,-0.044487,-0.026346,0.0,2,False,2023-06-19,412.2543493347843,2.311795697034011,9.853293038241723,0.8203595014811822,0.9164345972192474,0.8286483128468304,0.6797895168302485,0.5430338376412553,0.017694768203547446,1,True,
aae_acceptance,SUMICHEM,2023-08-30,2023-08-31,432.2476,2023-08-31,423.3442,STOP,2,-17.8068,19.544,-37.3509,-0.043111,0.0,0.0,1,False,2023-08-29,414.79095227700856,4.866296272266317,8.958347001566608,0.7800838380956241,0.9018520779079857,1.3191680073862373,1.0290616422948125,0.5635360145425607,0.023367779099822586,1,True,
aae_acceptance,SUMICHEM,2023-12-01,2023-12-04,404.0522,2023-12-11,403.1696,MOMENTUM_FAIL,2,-1.7653,19.3386,-21.1039,-0.026058,-0.009345,0.023908,6,False,2023-11-30,388.0666848287205,2.9961892595565964,8.800193757900702,0.8789065708018414,0.9247578964210003,1.4264472051562966,1.2537138215137915,0.7308719772547242,0.020471744305237155,1,True,
aae_acceptance,SUNPHARMA,2018-06-11,2018-06-12,494.8573,2018-07-03,529.8678,TIME,2,70.021,20.2516,49.7694,0.050177,0.0,0.105097,16,False,2018-06-08,471.0705211172412,4.474826216595228,17.171056072681328,0.7721512453016969,0.8860754929809602,1.2750006366960334,0.9844933293852985,0.4748783889528853,0.026477258148755286,1,True,
aae_acceptance,SUNPHARMA,2018-08-21,2018-08-23,591.1131,2018-08-30,591.1591,MOMENTUM_FAIL,1,0.046,18.426,-18.38,-0.031026,-0.0361,0.003281,6,False,2018-08-14,548.1582199928085,6.766203288210151,16.45444232876428,0.5060216311202288,0.8356711784549672,0.9319266811452392,0.4715750592775753,0.31446173614685036,0.05906954203172308,4,True,
aae_acceptance,SUNPHARMA,2019-07-16,2019-07-17,401.1935,2019-07-24,394.2907,MOMENTUM_FAIL,2,-13.8056,19.2899,-33.0955,-0.041156,-0.039145,0.023788,6,False,2019-07-15,381.27277777470044,2.662550209724459,13.533617939667375,0.7067903094026781,0.6619221487822324,1.1090913926902575,0.7838950485953943,0.39212454494112625,0.04230963889777083,1,True,
aae_acceptance,SUNPHARMA,2020-12-02,2020-12-03,517.597,2020-12-24,555.6639,TIME,1,38.067,18.193,19.8739,0.038313,-0.018727,0.081818,16,False,2020-12-01,495.01104770062534,2.1605200360190735,14.494835084507619,0.797013541660722,0.8870422866505266,1.0875039508141904,0.8667553754084456,0.8324114692313822,0.022807260534187367,1,True,
aae_acceptance,SUNPHARMA,2021-05-10,2021-05-11,663.0949,2021-05-19,667.7465,MOMENTUM_FAIL,1,4.6516,18.7394,-14.0878,-0.021199,-0.026414,0.02355,6,False,2021-05-05,632.8116380307061,2.9914732017797703,18.27389026388702,0.7887334879125896,0.90142393004693,1.1065219745639663,0.872750936449763,0.6642361392434328,0.04255858549370107,3,True,
aae_acceptance,SUNPHARMA,2021-12-31,2022-01-03,804.2824,2022-01-06,782.6268,STOP,1,-21.6556,19.2819,-40.9375,-0.050788,-0.027219,0.010651,4,False,2021-12-29,780.3919325485704,2.0430282277286085,20.122467523142436,0.7957883932730104,0.8213616110569048,1.123402175565943,0.893990412293026,0.5487137529601689,0.027731033308803898,2,True,
aae_acceptance,SUNTV,2020-12-15,2020-12-16,431.8681,2020-12-18,412.3936,STOP,2,-38.9491,19.4978,-58.4469,-0.06752,-0.046414,0.030877,3,False,2020-12-14,415.00634870566233,2.048860548990033,15.139683628262947,0.7821429099814233,0.8750004690202736,0.7955308071243986,0.6222187804641476,0.6517561146277184,0.0467079491390251,1,True,
aae_acceptance,SUNTV,2023-08-24,2023-08-25,541.0939,2023-09-15,556.2073,TIME,1,15.1134,18.2455,-3.1321,-0.005776,0.0,0.083621,16,False,2023-08-23,518.3817025312883,4.291410921857491,14.643253372610994,0.7499308228420752,0.8559173691461807,1.0700339366444667,0.8024514305767299,0.38970385047864614,0.0394678121365418,1,True,
aae_acceptance,SUZLON,2024-07-24,2024-07-25,62.29,2024-08-08,72.9342,TARGET,16,170.3079,20.485,149.8228,0.15,-0.02071,0.17274,11,False,2024-07-23,56.4900016784668,5.326646465625925,1.9784364056281993,1.0,1.0,0.6773026157302284,0.6773026157302284,0.2609496541729639,0.026365071347825245,1,True,
aae_acceptance,SWANCORP,2022-09-12,2022-09-13,244.6006,2022-09-14,228.9322,STOP,4,-62.6735,19.9336,-82.6072,-0.084247,-0.067755,0.012245,2,False,2022-09-09,230.92291652698978,5.158010380981465,10.806427021322243,0.6595718060334242,0.9386970984922439,0.4342155372672265,0.2863963261231182,0.36807685007927327,0.056353819327727345,1,True,
aae_acceptance,SWIGGY,2025-06-06,2025-06-09,376.0,2025-06-10,353.483,STOP,2,-45.034,19.0136,-64.0476,-0.084984,-0.062367,0.0,2,False,2025-06-04,347.25,2.5903023484791365,14.764161468034994,0.8757056107476974,0.9262977635782748,1.198849812456501,1.0498395072119826,0.7726771340756501,0.05599419128829681,2,True,
aae_acceptance,SYNGENE,2022-07-18,2022-07-19,611.5361,2022-07-19,604.6214,STOP,1,-6.9148,18.4981,-25.4129,-0.041465,0.0,0.0,1,False,2022-07-15,597.1044971742022,10.800607289937055,18.468272398982577,0.7466676439838443,0.8532824628958456,0.8055993843689748,0.6015149943216179,0.12779471687608196,0.02334620597358524,1,True,
aae_acceptance,SYNGENE,2022-10-31,2022-11-01,626.8605,2022-11-04,605.0798,STOP,1,-21.7808,18.5325,-40.3133,-0.06417,-0.035364,0.025317,4,False,2022-10-28,602.0142029136558,2.161323627959305,17.348269941000776,0.6377582193058003,0.8647623697916659,0.5603069459213288,0.35734036009545805,0.48409320732856154,0.03367555641968557,1,True,
aae_acceptance,SYNGENE,2023-07-28,2023-07-31,819.5405,2023-07-31,797.1144,STOP,1,-22.4262,19.3448,-41.771,-0.050858,0.0,0.0,1,False,2023-07-27,786.0594733692066,8.256309039478504,19.11937142821257,0.7270633604599187,0.8710723930794243,1.132795514576415,0.8236141135418511,0.2816448246530633,0.027364296575512086,1,True,
aae_acceptance,SYNGENE,2024-09-10,2024-09-11,928.0186,2024-09-18,888.557,MOMENTUM_FAIL,1,-39.4616,19.7682,-59.2298,-0.063685,-0.050727,0.013727,6,False,2024-09-05,884.7750838769358,4.578302294615293,23.71067547569589,0.5042866893626838,0.6312437813526841,1.469113987292612,0.7408546289482032,0.2475408155477642,0.049923978404210874,3,True,
aae_acceptance,SYRMA,2022-11-16,2022-11-17,307.1597,2022-11-17,296.3001,STOP,3,-32.5789,19.7546,-52.3335,-0.056669,0.0,0.0,1,False,2022-11-15,295.4182851170582,10.447572266184627,12.100637050021795,0.7050684647110028,0.8431366095858129,0.8884331862430607,0.6264062226226992,0.21631532357947078,0.03644293062882313,1,True,
aae_acceptance,SYRMA,2023-09-29,2023-10-03,606.0948,2023-10-25,575.6036,STOP,1,-30.4912,18.4271,-48.9183,-0.080535,-0.055492,0.089836,16,False,2023-09-28,584.2357413999496,3.8733495750464755,25.29558609748735,0.5499974509746562,0.8361879568650169,0.6677499524117506,0.36726077171491084,0.39346914483160944,0.05286961712174913,1,True,
aae_acceptance,TATACHEM,2018-08-27,2018-08-28,280.2334,2018-09-04,279.58,MOMENTUM_FAIL,3,-1.9602,19.4758,-21.4361,-0.025442,-0.008194,0.041972,6,False,2018-08-24,267.08995109108855,2.787883875922204,6.638935350686096,0.8151257081207136,0.8568335580506347,1.0039377095266824,0.8183354363870243,0.41962166840853504,0.03558647132682465,1,True,
aae_acceptance,TATACHEM,2021-07-05,2021-07-06,719.6223,2021-07-06,704.02,STOP,1,-15.6022,18.9368,-34.539,-0.047891,0.0,0.0,1,False,2021-07-02,701.2420809756043,5.939331833229021,18.300923064104122,0.8606057468797415,0.952083587646485,0.8390586285147305,0.7220986776688111,0.3822921686187384,0.02193421280712445,1,True,
aae_acceptance,TATACHEM,2022-01-12,2022-01-13,924.1318,2022-01-21,901.7043,STOP,1,-22.4276,19.7864,-42.214,-0.04558,-0.033233,0.057704,7,False,2022-01-11,878.2975892104271,5.464547400887998,23.530230789377548,0.7506589333854591,0.8018865872399454,1.4989842106565983,1.1252258887331263,0.23848376304146665,0.024268799404437727,1,True,
aae_acceptance,TATACONSUM,2021-08-17,2021-08-18,805.2031,2021-08-26,818.6832,MOMENTUM_FAIL,1,13.4801,19.3574,-5.8773,-0.007283,-0.019362,0.020912,6,False,2021-08-13,765.962317356514,3.4551141614248415,17.1342752281251,0.7309258041216083,0.9082198469606156,0.697136685657401,0.5095551925468087,0.5380519856379038,0.04489778577899388,2,True,
aae_acceptance,TATACONSUM,2022-07-18,2022-07-19,764.8511,2022-07-26,764.8027,MOMENTUM_FAIL,1,-0.0484,19.1594,-19.2079,-0.025058,-0.004299,0.041851,6,False,2022-07-15,753.149591906809,2.4811350202931246,17.910186014263846,0.848372269903211,0.9204532318547735,0.7478308887386732,0.6344389885829639,0.537527208698772,0.013886274175806273,1,True,
aae_acceptance,TATACONSUM,2023-04-27,2023-04-28,733.0346,2023-05-08,762.9169,MOMENTUM_FAIL,1,29.8823,19.0861,10.7963,0.014696,0.0,0.041953,6,False,2023-04-26,713.6933810534147,2.6964508951560098,12.247026487525993,0.7909094256716438,0.9080004882812487,0.8685917530699063,0.6869774045636459,0.35872922604694757,0.01992545236227987,1,True,
aae_acceptance,TATAELXSI,2018-04-19,2018-04-20,997.031,2018-05-14,1038.2064,TIME,1,41.1754,20.2238,20.9516,0.020968,0.0,0.137299,16,False,2018-04-12,948.6103716591322,2.9381264995828373,26.22297021580459,0.6198831129311447,0.7477362524911491,0.8803448334571675,0.5457108958162792,0.318902782266567,0.05901487672216133,5,True,
aae_acceptance,TATAELXSI,2020-02-10,2020-02-11,979.9011,2020-02-17,925.2289,STOP,1,-54.6722,19.9563,-74.6285,-0.075993,-0.082754,0.032331,5,False,2020-02-04,902.4484889656663,2.967400778964865,30.08431523222773,0.8789184244700498,0.9100896655622972,1.757161974301291,1.5444020339915727,0.7556685017410172,0.05088747418981139,4,True,
aae_acceptance,TATAINVEST,2022-04-04,2022-04-05,137.9793,2022-04-12,137.229,MOMENTUM_FAIL,7,-5.252,19.9976,-25.2495,-0.026085,-0.011382,0.031747,6,False,2022-04-01,130.4812794252855,6.274159961676459,3.9282976636841536,0.6034531001658882,0.8544310398776218,0.6880449936408986,0.415202884466219,0.23067040128213964,0.04250194411517298,1,True,
aae_acceptance,TATAINVEST,2022-09-01,2022-09-02,160.4574,2022-09-12,187.9672,TARGET,6,165.0586,20.3312,144.7274,0.15,-0.001084,0.188554,7,False,2022-08-30,151.7578943764291,3.9418338606631735,3.9077087930483287,0.6808507009785203,0.7619048772394706,1.162590595279057,0.7915506217467811,0.3263124948329468,0.02741370833076131,1,True,
aae_acceptance,TATAINVEST,2023-06-12,2023-06-13,233.3918,2023-06-20,238.9527,MOMENTUM_FAIL,4,22.2437,19.9172,2.3265,0.002487,-0.007886,0.043319,6,False,2023-06-05,219.20316794606018,5.563733723142707,5.017481321983676,0.6996951338125197,0.7529998779296873,1.584530650093273,1.1086883852470515,0.28721971149270914,0.05237266135579451,5,True,
aae_acceptance,TATAPOWER,2019-07-03,2019-07-04,67.9844,2019-07-05,65.6326,STOP,14,-32.9258,19.8818,-52.8076,-0.055362,-0.044898,0.0,2,False,2019-07-02,65.67199850217821,3.605880161561906,1.9736164477938605,0.874999339272778,0.9076913686899057,1.1247928696193297,0.9841930177356453,0.3119329536811333,0.03916928437785699,1,True,
aae_acceptance,TATAPOWER,2023-09-04,2023-09-05,256.4895,2023-09-27,255.4569,TIME,3,-3.0979,19.1727,-22.2706,-0.02888,-0.025115,0.060199,16,False,2023-09-01,248.62172394100804,2.2729512388736044,5.6675418561884445,0.809526170433979,0.9390871672690159,0.5466087347893508,0.44249407579978567,0.7825307177187184,0.021286318025324807,1,True,
aae_acceptance,TATAPOWER,2024-09-26,2024-09-27,476.7229,2024-10-07,436.0161,MOMENTUM_FAIL,2,-81.4135,19.7901,-101.2036,-0.105914,-0.090777,0.018031,6,False,2024-09-24,454.4922639334951,2.967082544374229,11.847196165506066,0.6140346700584851,0.7368420284120186,1.1884131917030283,0.7297269020605202,0.401937609320835,0.03913137679033305,2,True,
aae_acceptance,TATASTEEL,2022-01-17,2022-01-18,106.0701,2022-01-21,101.884,STOP,9,-37.6743,19.8842,-57.5585,-0.060162,-0.059878,0.0,4,False,2022-01-13,102.0169904358269,3.209503473185621,3.0326929234600173,0.8976456820227848,0.9406946435146563,1.2085025124914943,1.0848070620516763,0.655177368214416,0.03926938391571537,2,True,
aae_acceptance,TATASTEEL,2022-12-02,2022-12-05,102.9773,2022-12-12,101.5231,MOMENTUM_FAIL,9,-13.0881,19.8167,-32.9048,-0.035426,-0.0406,0.018093,6,False,2022-12-01,99.97799337232303,2.1363001632652394,2.182144157326253,0.576924019961352,0.8333325626881317,0.5414708121444808,0.3123875176341319,0.6044054530541845,0.02186885246845514,1,True,
aae_acceptance,TATASTEEL,2024-03-04,2024-03-05,143.7867,2024-03-06,140.8362,STOP,6,-17.703,19.5367,-37.2398,-0.043071,-0.034595,0.0,2,False,2024-03-01,138.3430712085699,3.0833048323986465,3.6600724830705462,0.7846162283487451,0.9084970579435505,0.8333998649408797,0.6538990587362665,0.7568225366395085,0.019880341623910936,1,True,
aae_acceptance,TATASTEEL,2024-09-25,2024-09-26,155.1094,2024-10-08,151.9097,STOP,6,-19.1978,19.8206,-39.0184,-0.041834,-0.032716,0.050494,8,False,2024-09-24,149.84331343969902,3.8508454362037887,3.3209499641319704,0.8060000332620729,0.8541350209034151,1.4415554054830522,1.161893704768461,0.48964637703126523,0.01856853558793779,1,True,
aae_acceptance,TATASTEEL,2025-10-29,2025-10-30,180.674,2025-11-04,177.4817,STOP,5,-15.9616,19.7119,-35.6736,-0.039403,-0.029827,0.0,4,False,2025-10-28,174.30532792781943,2.5026265748078873,3.446372108083406,0.93990384677928,0.950396759319532,1.1826762852608441,1.1116019900112966,0.5850364333291861,0.02185947688652169,1,True,
aae_acceptance,TDPOWERSYS,2023-05-12,2023-05-15,99.9253,2023-05-17,93.7985,STOP,9,-55.1416,19.6151,-74.7567,-0.082944,-0.06216,0.0,3,False,2023-05-11,92.05600526514449,4.4938385110822985,4.261808444913347,0.8611110535148601,0.9260354762459395,1.045171540774299,0.900008766579906,0.41605759109222307,0.05758004666246101,1,True,
aae_acceptance,TDPOWERSYS,2025-05-14,2025-05-15,237.1627,2025-06-05,256.5193,TIME,4,77.4266,20.0933,57.3333,0.060305,-0.044118,0.107773,16,False,2025-05-13,223.7101793768782,8.09950722679701,11.72359979695266,0.7910059150167436,0.9010029500330045,0.8032291919158947,0.6353590419195917,0.2132948548021799,0.04441529411194835,1,True,
aae_acceptance,TECHM,2020-07-27,2020-07-28,527.6727,2020-08-04,514.0084,MOMENTUM_FAIL,1,-13.6643,18.1302,-31.7946,-0.060123,-0.029552,0.037687,6,False,2020-07-24,499.79279803121995,2.2983973482191473,16.706326871543915,0.8653813826855118,0.9071294673042088,0.9805490435431207,0.8485488870923018,0.4132891497484107,0.04091684197282309,1,True,
aae_acceptance,TECHM,2021-07-23,2021-07-26,950.0693,2021-07-27,931.0206,STOP,1,-19.0487,19.9028,-38.9515,-0.040909,-0.023829,0.0,2,False,2021-07-22,916.0102823948952,2.6812471558828213,22.814479106711335,0.881096384673132,0.9462065598060356,1.1761435539740905,1.0362958332631798,0.8211449467376484,0.02004976216093648,1,True,
aae_acceptance,TECHM,2022-07-21,2022-07-22,908.3873,2022-07-26,876.6818,STOP,1,-31.7055,19.7011,-51.4066,-0.056468,-0.044087,0.0,3,False,2022-07-20,877.82519493227,2.006265971076255,25.989197870926894,0.6352966216047623,0.8200301898559246,0.5549440674065936,0.35255409120301445,0.6150392023532957,0.028128115671102197,1,True,
aae_acceptance,TECHNOE,2023-05-29,2023-05-30,365.1956,2023-05-30,365.1956,GAP_STOP,2,0.0,19.014,-19.014,-0.025976,0.0,0.0,1,False,2023-05-26,384.472681813846,2.909686485897104,13.57225150135277,0.5111116887883013,0.8618526513877584,0.6439772295091606,0.32914428931563855,0.6516710146614543,0.021357337191358326,1,True,
aae_acceptance,TECHNOE,2023-07-28,2023-07-31,478.4301,2023-08-02,454.9869,STOP,2,-46.8864,19.8748,-66.7612,-0.069619,-0.084441,0.00477,3,False,2023-07-25,454.443009583121,2.313410948169708,19.447624899134617,0.8750000921529629,0.9278215338725037,1.0985919467115521,0.9612680546111111,0.6065503137524914,0.04483175286935477,3,True,
aae_acceptance,TECHNOE,2023-09-04,2023-09-05,533.9791,2023-09-12,502.0772,MOMENTUM_FAIL,1,-31.9018,18.1197,-50.0216,-0.093473,-0.099664,0.020824,6,False,2023-08-30,496.2019102541564,4.47044941461053,22.00296683265291,0.6394917785250075,0.7415581244926936,1.218168037369572,0.7790084447597854,0.29470795986439186,0.03860782599310809,3,True,
aae_acceptance,TEGA,2023-05-19,2023-05-22,751.0151,2023-05-31,883.2841,TARGET,1,132.269,19.3705,112.8986,0.15,-0.00649,0.191325,8,False,2023-05-18,696.3054398162191,11.02613203177883,24.75582550208395,0.9407628589514028,0.953761555306185,2.001032272139848,1.8824968411923046,0.20535025953692462,0.04450753403716137,1,True,
aae_acceptance,TEJASNET,2022-10-10,2022-10-11,761.7618,2022-10-11,719.159,STOP,1,-42.6028,19.0598,-61.6625,-0.080771,0.0,0.0,1,False,2022-10-07,721.9050945621906,2.34289473091199,33.23286557309674,0.7161452045490432,0.8440626522603963,0.5756720689472637,0.41226479156940904,0.3999180497857611,0.04989918990008712,1,True,
aae_acceptance,THERMAX,2020-11-19,2020-11-20,834.6729,2020-12-14,887.5997,TIME,1,52.9268,19.5621,33.3647,0.039886,-0.028254,0.088856,16,False,2020-11-18,790.7786735266644,10.435166543706284,22.104204211452878,0.7370708698385023,0.8512201076600624,1.024924144769019,0.755441730903384,0.12679462676669465,0.0366225677423199,1,True,
aae_acceptance,THERMAX,2020-12-03,2020-12-04,900.4408,2020-12-11,890.5781,MOMENTUM_FAIL,1,-9.8627,19.712,-29.5747,-0.032773,-0.023804,0.009327,6,False,2020-11-27,854.4472517479974,3.069983382776482,24.721152626173982,0.5257160770569683,0.7128031299003693,1.382539583043833,0.7268232859737807,0.546842019886084,0.05468898302261422,3,True,
aae_acceptance,TIINDIA,2020-07-16,2020-07-17,473.2874,2020-08-07,541.0129,TIME,2,135.4511,20.2027,115.2484,0.121487,0.0,0.165272,16,False,2020-07-15,449.27640343655514,4.849509198465839,13.874369136071815,1.0,1.0,1.4272995793321024,1.4272995793321024,0.33184364550868395,0.033992343508563644,1,True,
aae_acceptance,TITAGARH,2023-03-09,2023-03-10,243.1303,2023-03-13,235.1934,STOP,4,-31.7474,19.9718,-51.7192,-0.053065,-0.04918,0.045082,2,False,2023-03-08,233.91323619505098,3.341435879492205,11.68153970111143,0.8612246821863713,0.9271950105406515,1.0449247334657539,0.8999149714877225,0.4697142722376532,0.04805498587392653,1,True,
aae_acceptance,TITAGARH,2023-06-06,2023-06-07,386.2682,2023-06-19,454.0692,TARGET,2,135.6019,19.4681,116.1338,0.15,-0.006836,0.244808,9,False,2023-06-02,363.6989847016348,3.5692279979889068,15.460349485485805,0.5579402387444068,0.6874053560926364,1.501708518805493,0.8378636095068462,0.4090012125949946,0.04996228354818585,2,True,
aae_acceptance,TITAGARH,2025-12-29,2025-12-30,905.9136,2025-12-30,882.6837,STOP,1,-23.2299,19.7079,-42.9378,-0.047294,0.0,0.0,1,False,2025-12-26,867.7592966833428,5.700327269055495,28.844909026188336,0.7782261765168619,0.8626144599988422,1.2881130642378131,1.0024433049032122,0.2621151174794408,0.02628659956453879,1,True,
aae_acceptance,TITAN,2018-11-15,2018-11-16,896.3933,2018-11-26,891.9161,MOMENTUM_FAIL,1,-4.4771,19.7059,-24.183,-0.026919,-0.030836,0.013464,6,False,2018-11-12,860.3817994986008,5.416159376576876,28.9611521127205,0.6142874663365766,0.884219529788409,0.5881162447848901,0.361272437920292,0.2922495048967708,0.05303858735758809,3,True,
aae_acceptance,TMPV,2019-04-11,2019-04-12,213.3081,2019-04-30,205.8587,STOP,4,-29.7975,19.4721,-49.2696,-0.057619,-0.039507,0.093172,10,False,2019-04-10,204.10157731182005,2.616280275245431,7.936136990197932,0.8291147148522154,0.8855938778571447,0.9697935940087115,0.8040701391620381,0.4762501895566122,0.031605853594230356,1,True,
aae_acceptance,TMPV,2021-10-04,2021-10-05,331.6772,2021-10-11,388.3635,TARGET,3,170.0588,20.4778,149.5811,0.15,-0.016008,0.236305,5,False,2021-09-27,318.5251368038638,2.346218362876077,9.178223997104528,0.7067645865653659,0.8133961790284597,0.7058698069678927,0.4988837822906373,0.6198050249223588,0.05968662484156476,5,True,
aae_acceptance,TORNTPHARM,2019-11-29,2019-12-02,862.1743,2019-12-09,853.8041,MOMENTUM_FAIL,1,-8.3701,19.5534,-27.9236,-0.032317,-0.022812,0.029708,6,False,2019-11-27,839.3049382273681,3.739675597391451,24.95020251464753,0.6057087775460717,0.7673038482148622,1.187911905954734,0.719528668388266,0.422308208130653,0.03227720649402735,2,True,
aae_acceptance,TORNTPOWER,2018-11-05,2018-11-06,219.0959,2018-11-14,219.302,MOMENTUM_FAIL,4,0.8244,19.6322,-18.8078,-0.021414,-0.040075,0.026529,6,False,2018-10-31,206.028447836335,6.5251390426486715,11.011272461925497,0.7268512040682356,0.8927268883573287,0.8086264822313372,0.587751132251309,0.34423490633929904,0.055137108874043675,3,True,
aae_acceptance,TORNTPOWER,2023-02-16,2023-02-17,464.7766,2023-02-24,473.9436,MOMENTUM_FAIL,2,18.3339,19.8923,-1.5584,-0.001673,-0.007175,0.040253,6,False,2023-02-15,450.6150372805806,25.622739752631638,14.000567615371821,0.8028661448654149,0.8919449124342718,0.910349956977937,0.7308891604372726,0.12072291514415792,0.025562802559851553,1,True,
aae_acceptance,TORNTPOWER,2023-09-07,2023-09-08,696.9885,2023-09-15,695.2124,MOMENTUM_FAIL,1,-1.7761,18.8694,-20.6454,-0.029556,-0.039945,0.026859,6,False,2023-09-04,653.7867588352512,5.398418814632936,19.191567873706482,0.7526881235212286,0.8423116607664013,1.628278819737371,1.2255861293974826,0.37343664313372354,0.05576972688071368,3,True,
aae_acceptance,TRENT,2021-02-17,2021-02-18,766.1455,2021-03-02,900.7576,TARGET,1,134.6122,19.4391,115.1731,0.15,-0.009091,0.196818,9,False,2021-02-16,709.3809996341947,3.3937098823985017,29.04773453631241,0.827968647684111,0.8385416666666676,1.543129120313197,1.2776625309476897,0.4900293034774623,0.05957815214370672,1,True,
aae_acceptance,TVSMOTOR,2021-10-29,2021-11-01,647.6974,2021-11-09,763.966,TARGET,1,116.2686,18.9016,97.367,0.15,0.0,0.228511,6,False,2021-10-28,618.6631420410341,2.4875116472618664,20.616269036645694,0.8076123302112594,0.866959468744477,1.1214410563492947,0.9056896247128302,0.49753274036715245,0.0452366595687579,1,True,
aae_acceptance,TVSMOTOR,2022-04-27,2022-04-28,678.6625,2022-04-29,656.3631,STOP,1,-22.2994,18.7502,-41.0496,-0.060354,-0.056236,0.0,2,False,2022-04-26,653.8255638823697,6.050349942546745,18.638709854266963,0.8275861286845665,0.8902822156318778,1.071312581617695,0.8866034320320568,0.2804286992421685,0.02813896356492923,1,True,
aae_acceptance,UNITDSPR,2018-11-05,2018-11-06,621.8846,2018-11-14,629.6097,MOMENTUM_FAIL,1,7.7251,18.5716,-10.8465,-0.017403,-0.035937,0.020313,6,False,2018-11-01,564.5545790071437,3.656682939602679,26.786246100331148,0.7311324614161667,0.6346153846153858,1.9226246101278732,1.40569326358209,0.426083536596643,0.045288102158334016,2,True,
aae_acceptance,UNITDSPR,2023-05-22,2023-05-23,801.6482,2023-06-13,868.2092,TIME,1,66.561,19.4505,47.1105,0.058639,-0.007879,0.086182,16,False,2023-05-19,788.2387801430765,3.9837000480192613,14.891116839483995,0.5849969701990995,0.8967655931871426,0.6525322109075368,0.38172936633822874,0.32842060883712315,0.01875850785143837,1,True,
aae_acceptance,UPL,2018-11-05,2018-11-06,443.7713,2018-11-29,479.4318,TIME,2,71.3209,19.8228,51.498,0.057897,-0.006587,0.09464,16,False,2018-11-02,430.14095516777314,2.2829405577883066,17.34219717137086,0.7114287734274937,0.711428145427725,0.6209664530849907,0.4417734020578762,0.24169432726277573,0.04406264390711585,1,True,
aae_acceptance,UPL,2019-02-26,2019-02-27,527.2764,2019-03-07,536.6301,MOMENTUM_FAIL,1,9.3536,18.1754,-8.8218,-0.016694,0.0,0.032386,6,False,2019-02-25,512.4154767626999,2.130668243637345,11.46012713338121,0.7786428193513216,0.8221733600968406,1.0309694239285503,0.8027569389127343,0.5115956696680014,0.025944684922180352,1,True,
aae_acceptance,UPL,2021-05-11,2021-05-12,651.0159,2021-05-27,767.7985,TARGET,1,116.7826,18.9167,97.8659,0.15,0.0,0.193005,11,False,2021-05-10,625.2838693310724,3.07497686470003,23.533643179730188,0.6349227946448469,0.8716517507421636,0.6296669926734176,0.39978992668382274,0.5876581647816597,0.03305851047725969,1,True,
aae_acceptance,UPL,2021-11-15,2021-11-16,748.1282,2021-11-17,718.8515,STOP,1,-29.2767,19.0293,-48.306,-0.064428,-0.042367,0.0,2,False,2021-11-10,725.2845575930223,2.6185902815562025,21.08459645419496,0.7749983883107289,0.9179328205641955,0.5417117387415517,0.4198257244537052,0.43012204687770855,0.03674338665406783,3,True,
aae_acceptance,UPL,2022-01-07,2022-01-10,753.9343,2022-01-24,734.9204,STOP,1,-19.0139,19.0747,-38.0886,-0.05041,-0.046206,0.066658,11,False,2022-01-06,732.7563214366287,3.0520459256295274,17.112790334247496,0.7521861141201649,0.8457349588704853,0.9538847463093046,0.7174988606448952,0.3325853098206141,0.021327609179518158,1,True,
aae_acceptance,UPL,2022-07-25,2022-07-26,698.5861,2022-07-27,684.6582,STOP,1,-13.9279,18.8514,-32.7793,-0.04682,-0.022447,0.0,2,False,2022-07-22,672.8870606859314,2.5515017318979067,17.780280103880784,0.7616022139232721,0.739029189713403,1.268711753820678,0.9662536805403057,0.41961251990283804,0.019937226359779455,1,True,
aae_acceptance,UPL,2023-09-15,2023-09-18,621.7883,2023-09-20,612.1531,STOP,1,-9.6352,18.5359,-28.1711,-0.045208,-0.022296,0.0,2,False,2023-09-14,609.7375603031653,3.2781937110377117,11.370950418524314,0.8430496249257288,0.9255319148936174,0.9606986811932964,0.8099166628466508,0.616339807898018,0.015495887236000868,1,True,
aae_acceptance,UPL,2024-09-04,2024-09-05,600.6362,2024-09-12,603.4333,MOMENTUM_FAIL,1,2.7971,18.4719,-15.6748,-0.02604,-0.01781,0.019118,6,False,2024-08-30,576.983706365474,2.699252174329052,14.600517531266096,0.6490663740118291,0.7431807084517024,1.0822240100849403,0.7024352140943733,0.5117521193641577,0.0304846588995134,3,True,
aae_acceptance,UPL,2025-10-29,2025-10-30,714.9296,2025-11-07,740.7794,MOMENTUM_FAIL,1,25.8498,19.0014,6.8484,0.009558,-0.011706,0.044261,6,False,2025-10-28,683.1868536218188,3.2344398982180205,14.172876119527363,0.6666657483706177,0.8089544951026129,1.3417142161963596,0.8944749120400427,0.49151861946452474,0.021546855085009434,1,True,
aae_acceptance,USHAMART,2021-11-09,2021-11-10,94.9388,2021-11-12,91.367,STOP,10,-35.7184,19.866,-55.5844,-0.05842,-0.045226,0.030151,3,False,2021-11-08,89.45240019844711,2.841056890590379,3.6575826351413845,0.7207206799229782,0.7686564189923979,1.4478393714698519,1.043487776225009,0.5187949928730448,0.041475949342737635,1,True,
aae_acceptance,USHAMART,2025-06-26,2025-06-27,341.6798,2025-07-18,375.5524,TIME,2,67.7451,18.9534,48.7917,0.071244,0.0,0.147694,16,False,2025-06-24,317.40773548277036,13.057523733708173,10.247538172318146,0.6100616693599856,0.75199951171875,1.5278013124717424,0.9320530191368882,0.16115848029619564,0.047730515229288235,2,True,
aae_acceptance,USHAMART,2025-09-18,2025-09-19,413.9898,2025-10-13,454.8825,TIME,2,81.7855,19.5926,62.1929,0.07495,0.0,0.170822,16,False,2025-09-16,395.92547040897756,10.208660614914761,13.301084100422608,0.5616451758847951,0.7746480538055105,1.089472239355899,0.6118968274946455,0.1494815997917978,0.050951459158568614,2,True,
aae_acceptance,USHAMART,2025-09-22,2025-09-23,428.7787,2025-10-15,465.8998,TIME,2,74.2422,19.7022,54.54,0.063461,0.0,0.13044,16,False,2025-09-19,416.22301635193406,2.882812758938935,13.876785433262963,0.7164165020559073,0.8318578653516179,0.7188286588015198,0.5149807133161242,0.26547675240314694,0.03140986055671794,1,True,
aae_acceptance,UTIAMC,2021-03-08,2021-03-09,508.3014,2021-03-15,485.9575,STOP,1,-22.3439,18.0308,-40.3747,-0.079257,-0.061489,0.0,4,False,2021-03-03,495.6762415322165,7.118056622657794,11.89778304902714,0.6190421823985605,0.9000004359654019,0.5080963157687485,0.31453305218215416,0.24911028060882237,0.039840990091726855,3,True,
aae_acceptance,UTIAMC,2023-12-05,2023-12-06,756.7199,2023-12-12,727.0163,STOP,1,-29.7037,19.0647,-48.7684,-0.064306,-0.051706,0.0,5,False,2023-11-30,716.6583020547489,2.9658093330722375,15.520062314069055,0.6270896953540789,0.6155163995150852,1.7151188699533362,1.0755333696550697,0.407128267944773,0.03732787784240014,3,True,
aae_acceptance,VBL,2020-01-22,2020-01-23,69.4625,2020-01-30,67.299,STOP,14,-30.2888,19.9746,-50.2633,-0.051573,-0.05838,0.092279,6,False,2020-01-21,67.23860140396037,2.921503082117065,1.8320489427485886,0.8142859576597347,0.8708591014505925,0.9996639471473894,0.8140123145408223,0.434233775578069,0.028768366655639085,1,True,
aae_acceptance,VEDL,2021-02-23,2021-02-24,100.7802,2021-02-24,97.0309,STOP,9,-33.7441,19.6911,-53.4353,-0.058784,0.0,0.0,1,False,2021-02-22,95.26655556946258,3.3910578731847125,3.7351398840836922,0.5842113246913914,0.7451614872101814,1.2194383786227634,0.7124097105547271,0.5091250262991229,0.02958576417524541,1,True,
aae_acceptance,VEDL,2021-08-13,2021-08-16,158.1223,2021-08-17,151.7906,STOP,6,-37.9902,19.8586,-57.8488,-0.060842,-0.110067,0.034718,2,False,2021-08-11,153.20799374226584,2.791078133546108,5.340993998321207,0.8990846583500958,0.9687507044182841,0.48923369233820446,0.4398625071292504,0.633603161707355,0.03668414329954988,2,True,
aae_acceptance,VEDL,2025-10-27,2025-10-28,497.639,2025-10-31,486.3633,STOP,2,-22.5514,20.0866,-42.638,-0.042747,-0.029153,0.036466,4,False,2025-10-24,481.065817650069,2.573593095498131,10.927768169370495,0.5439338817171833,0.605073441280148,1.0755796869023204,0.5850442341929317,0.4319199306398325,0.021304287453813974,1,True,
aae_acceptance,VIJAYA,2022-08-02,2022-08-03,365.3486,2022-08-10,353.205,STOP,2,-24.2873,18.9659,-43.2531,-0.059065,-0.045294,0.084622,5,False,2022-08-01,350.78222483159016,2.4043447797926176,14.259765148792011,0.589741650328853,0.7686738163591885,0.8130315157845958,0.4794785478881764,0.5592508132509136,0.03323831416637449,1,True,
aae_acceptance,VMM,2025-05-02,2025-05-05,121.99,2025-05-26,125.18,TIME,8,25.52,20.1027,5.4173,0.005539,-0.042135,0.090253,16,False,2025-04-30,114.48999786376953,9.563017135069236,4.144621731329114,1.0,1.0,0.9626947286898802,0.9626947286898802,0.27172903211142335,0.05041997064575039,1,True,
aae_acceptance,VOLTAS,2019-03-01,2019-03-05,548.7376,2019-03-27,598.431,TIME,1,49.6934,18.3482,31.3452,0.056998,0.0,0.102972,16,False,2019-02-28,535.019130535609,2.9558141503331385,14.245727872894129,0.6914086737015112,0.8637926825161639,0.861983305263173,0.5959827338448553,0.5376761709774983,0.026710293202335877,1,True,
aae_acceptance,VOLTAS,2019-06-10,2019-06-11,600.4456,2019-06-12,584.7691,STOP,1,-15.6765,18.4334,-34.1099,-0.056684,-0.032353,0.0,2,False,2019-06-07,581.8345230878409,2.1098801353224643,17.814081523060594,0.8560007871061408,0.9446157602163463,0.6731543795636897,0.5762206787504642,0.7325373003728568,0.019371088281866785,1,True,
aae_acceptance,VOLTAS,2021-01-07,2021-01-08,857.4531,2021-02-01,912.1862,TIME,1,54.7332,19.662,35.0712,0.040812,-0.006292,0.128798,16,False,2021-01-06,830.2322289542597,2.2481057486203726,21.79001222329361,0.6455712863533972,0.8064511592454138,1.0573918995443339,0.6826218487684977,0.6340753378086339,0.02046794263039577,1,True,
aae_acceptance,VTL,2020-12-30,2020-12-31,205.4934,2021-01-06,198.9197,STOP,4,-26.2947,19.3472,-45.6419,-0.055406,-0.047489,0.063927,5,False,2020-12-28,198.91572511238033,3.040448984095381,7.962901339507921,0.6860697093913606,0.8637175526999656,0.5667988602942329,0.3888635293654188,0.2918379164196056,0.03110487429531333,2,True,
aae_acceptance,VTL,2022-01-04,2022-01-05,496.2169,2022-01-12,499.9259,MOMENTUM_FAIL,2,7.418,20.1356,-12.7176,-0.012787,-0.025375,0.030928,6,False,2022-01-03,466.2840879679303,2.0693924712006213,21.2603369852751,0.7116075139447777,0.8567832653415501,0.8940537927682312,0.6362153968047004,0.7523949911912039,0.04304879876512152,1,True,
aae_acceptance,VTL,2023-09-04,2023-09-05,391.091,2023-09-12,362.5263,MOMENTUM_FAIL,2,-57.1295,19.1164,-76.2459,-0.097266,-0.083015,0.032024,6,False,2023-08-29,365.1274440461835,3.294144026438675,10.944359403052443,0.8798076355371253,0.8893804114746209,1.8309566127092245,1.610889608198767,0.538452391137047,0.04619383011243249,4,True,
aae_acceptance,VTL,2023-11-23,2023-11-24,410.3539,2023-11-30,395.8045,STOP,2,-29.0987,19.3361,-48.4348,-0.058887,-0.046435,0.010424,4,False,2023-11-22,379.8276824383164,24.727297845087023,14.921806020001029,0.8654435587689339,0.9010124699887473,2.1304403877789966,1.843775910944522,0.0916905417597263,0.04034370625227474,1,True,
aae_acceptance,VTL,2024-12-09,2024-12-10,521.5167,2025-01-01,495.2963,TIME,1,-26.2204,18.0787,-44.2991,-0.084758,-0.054976,0.059957,16,False,2024-12-03,491.22848831381856,5.931789819474393,16.434849550116212,0.5132971070594347,0.6560141987015119,1.1212653727124342,0.5755422720592113,0.1372451039054691,0.05570939514597448,4,True,
aae_acceptance,WELCORP,2020-12-03,2020-12-04,117.2806,2020-12-21,110.3922,STOP,8,-55.1069,19.7795,-74.8864,-0.079641,-0.113478,0.0945,12,False,2020-12-01,109.01370274160132,2.355671909491132,4.616573448787151,0.7687075427818256,0.8425928084448956,1.4463277933456444,1.1118030840797903,0.6306840258100489,0.057273481695299194,2,True,
aae_acceptance,WELCORP,2024-07-04,2024-07-05,599.8616,2024-07-29,639.0692,TIME,1,39.2077,18.5427,20.6649,0.034374,0.0,0.121302,16,False,2024-07-03,569.030823261524,2.1056424294461467,23.499141536442803,0.6553567958896127,0.6984367370605454,1.1812195536901786,0.7741202619485539,0.4547922384184087,0.04087312227815248,1,True,
aae_acceptance,WELCORP,2026-04-09,2026-04-10,951.8395,2026-04-22,1115.2093,TARGET,1,163.3698,20.2818,143.0881,0.15,-0.026126,0.205236,8,False,2026-04-08,881.0744031134698,2.7814356128356383,34.7026852895916,0.8841665189498137,0.8609997558593754,1.7232516822014876,1.5236414411264998,0.5978699770480698,0.04189199026611581,1,True,
aae_acceptance,WELSPUNLIV,2023-08-23,2023-08-24,124.3465,2023-08-24,119.827,STOP,8,-36.1561,20.0568,-56.2129,-0.056385,0.0,0.0,1,False,2023-08-22,119.31341381980081,2.8501095244977175,4.282161700901661,0.7380939126801381,0.931676665434592,0.48397108860615845,0.3572161144133853,0.6064568038533896,0.03404622608493771,1,True,
aae_acceptance,WELSPUNLIV,2024-07-10,2024-07-11,165.3369,2024-08-02,182.7673,TIME,6,104.5824,20.3317,84.2507,0.084743,-0.013857,0.140843,16,False,2024-07-09,154.5527497148829,7.202804287194368,5.111001175494993,0.5149989949638164,0.6722967835390598,1.5457741096414819,0.7960721129064514,0.21407086997832134,0.05788901248921285,1,True,
aae_acceptance,WHIRLPOOL,2026-04-23,2026-04-24,947.3352,2026-05-12,896.285,STOP,1,-51.0502,19.8261,-70.8763,-0.074653,-0.099685,0.080745,12,False,2026-04-20,894.6501841103768,3.2202053372191433,33.720393466731096,0.7356315481251056,0.8367344065127305,1.0258807394981768,0.754670236588772,0.32773068820540047,0.04804458587890754,3,True,
aae_acceptance,WIPRO,2019-04-15,2019-04-16,132.2369,2019-04-25,133.9843,MOMENTUM_FAIL,7,12.2319,19.8635,-7.6316,-0.008227,-0.03827,0.015788,6,False,2019-04-09,120.54958746965804,2.195888725156944,2.9748551173922624,0.8723391571672591,0.8969946063754267,1.434167242347068,1.2510802434259334,0.7017495768028573,0.0495878643545144,4,True,
aae_acceptance,WIPRO,2020-09-16,2020-09-17,140.0165,2020-10-08,163.9807,TARGET,7,167.7488,20.4101,147.3388,0.15,-0.015622,0.196908,15,False,2020-09-14,136.00630489379583,2.7906846602564697,4.026943439575625,0.8663396460002424,0.912339212923604,1.1429712836770232,0.9902013372891949,0.5636622372251961,0.03720814327007626,2,True,
aae_acceptance,WIPRO,2023-12-08,2023-12-11,194.2171,2024-01-02,216.9682,TIME,5,113.7557,20.262,93.4937,0.096067,-0.011905,0.15119,16,False,2023-12-06,191.67376713561507,2.3968929020152596,3.39123302115359,0.7203406946780999,0.8858134264842223,0.8045139810473938,0.5795241599859233,0.8192087245059025,0.022316417155718388,2,True,
aae_acceptance,WIPRO,2024-08-29,2024-08-30,251.0281,2024-09-03,246.0834,STOP,3,-14.834,19.0797,-33.9137,-0.044935,-0.022522,0.000554,3,False,2024-08-28,245.86102184356122,2.9795935483530966,5.747387524106571,0.5364238230370383,0.8271604938271595,0.6087512093524238,0.3265486509992476,0.47220427897645806,0.014238414074815338,1,True,
aae_acceptance,WIPRO,2025-12-05,2025-12-08,250.604,2025-12-15,252.2715,MOMENTUM_FAIL,3,5.0022,19.1147,-14.1125,-0.01873,-0.011384,0.009577,6,False,2025-12-03,242.87417362837147,2.141964373147826,3.7860088252495125,0.5252902564632732,0.629179063463092,1.3085143616144808,0.6873498445983467,0.5372086105061464,0.020774045328046362,2,True,
aae_acceptance,WOCKPHARMA,2020-11-19,2020-11-20,304.8963,2020-11-20,357.4351,TARGET,3,157.6165,20.1132,137.5033,0.15,0.0,0.0,1,False,2020-11-18,285.6300048828125,5.263304182164887,9.277783064935882,0.778878132989533,0.8408552974055161,1.5052905612899525,1.1724379019842845,0.3454621637072886,0.03729103616643943,1,True,
aae_acceptance,YESBANK,2018-07-06,2018-07-09,351.2813,2018-07-30,364.3027,TIME,2,26.0428,18.9496,7.0932,0.010074,0.0,0.107414,16,False,2018-07-05,340.82475899156367,2.8993325952647675,8.304401252693783,0.5943399278153354,0.8237707275951861,0.6295782617138115,0.374183498621091,0.5367201374889494,0.0219663344640873,1,True,
aae_acceptance,YESBANK,2019-01-16,2019-01-17,206.4185,2019-01-17,198.6257,STOP,4,-31.1711,19.3529,-50.524,-0.061058,0.0,0.0,1,False,2019-01-15,195.32070825774238,2.0065087625613667,8.668127453828715,0.7142851946330278,0.7752807447665754,0.7966270221855601,0.5690188875917421,0.43388746012950724,0.03359574768692575,1,True,
aae_acceptance,ZEEL,2019-07-25,2019-07-26,362.2842,2019-07-31,343.1178,STOP,2,-38.3328,18.9114,-57.2442,-0.078832,-0.08837,0.026651,4,False,2019-07-24,339.32380534638145,2.2908152981833014,14.929216166218772,0.7600000687919284,0.8443115450308097,1.0056996603073942,0.7643318110176386,0.5079068386554163,0.05254188995096934,1,True,
aae_acceptance,ZENSARTECH,2020-11-19,2020-11-20,186.2468,2020-12-09,218.2825,TARGET,5,160.1787,20.1883,139.9905,0.15,0.0,0.281989,13,False,2020-11-18,179.75560934025572,2.6023769153479024,5.737205633923971,0.7857108729150731,0.830984341487106,0.8861398945757414,0.6962497500919766,0.34355131449811815,0.028076430991442466,1,True,
aae_acceptance,ZYDUSLIFE,2021-12-31,2022-01-03,470.3928,2022-01-04,458.4299,STOP,2,-23.9257,19.8537,-43.7794,-0.046433,-0.043787,0.0,2,False,2021-12-30,459.8276205193182,2.974311702261179,12.12739576230398,0.597635372832516,0.7694919392213985,0.6753691065637222,0.4036244678007733,0.27409228348516623,0.021094926460375637,1,True,
aae_acceptance,ZYDUSLIFE,2023-02-07,2023-02-08,468.7353,2023-02-15,458.1432,MOMENTUM_FAIL,2,-21.1841,19.8453,-41.0294,-0.043671,-0.029678,0.000729,6,False,2023-02-06,448.08812452332097,5.984765973727033,12.701180481211876,0.637141979799724,0.7851096877601225,1.345067419495728,0.856998918621614,0.45591933799704376,0.028531089391136397,1,True,
aae_acceptance,ZYDUSLIFE,2023-06-15,2023-06-16,539.0237,2023-06-23,543.856,MOMENTUM_FAIL,1,4.8322,18.2158,-13.3836,-0.024775,-0.007697,0.02291,6,False,2023-06-14,511.15232913978554,2.663520019202636,10.84985810550856,0.8793954328810896,0.9331469977184068,0.8952586899038713,0.787286403148572,0.4965762170497826,0.03459030985979366,1,True,
aae_acceptance,ZYDUSLIFE,2023-12-19,2023-12-20,675.9358,2023-12-20,657.6841,STOP,1,-18.2517,18.7469,-36.9986,-0.054618,0.0,0.0,1,False,2023-12-18,655.1945970610386,6.0739313585037245,14.723787814663496,0.8994252409862002,0.944000000000001,1.1644231354238854,1.0473115591885351,0.38231431175683206,0.026789209760947164,1,True,
aae_acceptance,ZYDUSWELL,2022-07-04,2022-07-05,322.8516,2022-07-11,314.6363,STOP,3,-24.646,19.9695,-44.6155,-0.045963,-0.036473,0.000153,5,False,2022-06-30,317.5654985892818,3.3753838124163664,8.187910400887342,0.7266533752984781,0.8727947789590215,0.8901150286629004,0.6468050899817981,0.4399901058186895,0.025446101417292748,2,True,
