Symbol,n_frameworks,frameworks,daily_close,daily_best_score,n_gates,gates,w_grade,w_strong,w_extended,weekly_close,w_score,wret13,wret52,w_rvol13,w_prox52,w_ext_ma30,w_rsi14,week_complete,Date,daily_strong,weekly_strong,bucket,swing_candidate
KOTAKBANK,0,,,,11,"Minervini weekly base, Weekly RS leader, Darvas weekly box, Weekly VCP contraction, Wyckoff weekly absorption, 52-week high breakout, Weekly trend structure, 13-4 weekly momentum, Weekly RSI healthy, Anti-extension (above, not over-stretched from 30w), Weekly volume confirm",A+,True,False,441.0,59.176872205467504,0.16991885926279027,0.02730423321610531,2.1206069437427,0.974760280227063,0.12268087510203546,64.60046741586483,True,2026-10-09,False,True,WEEKLY_ONLY,True
BHEL,0,,,,10,"Weinstein Stage 2 (30w/40w), Minervini weekly base, Weekly RS leader, Weekly VCP contraction, 52-week high breakout, Weekly trend structure, 13-4 weekly momentum, Weekly RSI healthy, Anti-extension (above, not over-stretched from 30w), Weekly volume confirm",A+,True,False,433.6,63.109184309633015,0.1005660071757295,0.8152175073978503,1.466118956816001,0.9711086226203808,0.12923829777211043,63.35385486831539,True,2026-10-09,False,True,WEEKLY_ONLY,True
FINEORG,0,,,,10,"Weinstein Stage 2 (30w/40w), Minervini weekly base, Weekly RS leader, Darvas weekly box, Weekly VCP contraction, 52-week high breakout, 13-4 weekly momentum, Weekly RSI healthy, Anti-extension (above, not over-stretched from 30w), Weekly volume confirm",A+,True,False,5410.5,58.2176208288916,0.08465465830556784,0.16412573145892972,1.9160417284484275,1.0029093991760698,0.10613505264869173,63.68473741545305,True,2026-10-09,False,True,WEEKLY_ONLY,True
AUROPHARMA,0,,,,9,"Weinstein Stage 2 (30w/40w), Minervini weekly base, Weekly RS leader, Weekly VCP contraction, 52-week high breakout, Weekly trend structure, 13-4 weekly momentum, Weekly RSI healthy, Anti-extension (above, not over-stretched from 30w)",A+,True,False,1693.0,53.793447393795525,0.08199658262405851,0.49783236916186313,0.8232608341346153,0.9729885057471265,0.10698693532413914,66.55641418084218,True,2026-10-09,False,True,WEEKLY_ONLY,True
FEDERALBNK,0,,,,9,"Minervini weekly base, Weekly RS leader, Weekly VCP contraction, Wyckoff weekly absorption, Weekly trend structure, 13-4 weekly momentum, Weekly RSI healthy, Anti-extension (above, not over-stretched from 30w), Weekly volume confirm",A+,True,False,330.0,54.61644995376044,0.0038726387834817633,0.589665901488239,1.253719242927307,0.8908458011383217,0.043144403148645705,54.754856177969025,True,2026-10-09,False,True,WEEKLY_ONLY,True
ADANIPORTS,0,,,,8,"Weinstein Stage 2 (30w/40w), Minervini weekly base, Weekly VCP contraction, Wyckoff weekly absorption, Weekly trend structure, Weekly RSI healthy, Anti-extension (above, not over-stretched from 30w), Weekly volume confirm",A,True,False,1761.0,54.65865784786232,-0.03670476258522504,0.2547336560163864,1.8382252985537928,0.9312040731502694,0.033970078005983756,55.68339789402502,True,2026-10-09,False,True,WEEKLY_ONLY,True
GESHIP,0,,,,8,"Weinstein Stage 2 (30w/40w), Minervini weekly base, Weekly RS leader, Weekly VCP contraction, Weekly trend structure, 13-4 weekly momentum, Weekly RSI healthy, Anti-extension (above, not over-stretched from 30w)",A,True,False,1533.7,51.14881353663615,0.09099866022572356,0.5072179849781691,0.7292634293025886,0.8680994508937808,0.0773088055581497,61.49337819483418,True,2026-10-09,False,True,WEEKLY_ONLY,True
KPIL,0,,,,8,"Weinstein Stage 2 (30w/40w), Minervini weekly base, Weekly RS leader, Weekly VCP contraction, Weekly trend structure, 13-4 weekly momentum, Weekly RSI healthy, Anti-extension (above, not over-stretched from 30w)",A,True,False,1391.9,48.83421866257011,0.029511834319526642,0.12261946663576517,1.1624763730297338,0.9481607629427794,0.07035225188253583,58.123632866238914,True,2026-10-09,False,True,WEEKLY_ONLY,True
LXCHEM,0,,,,8,"Weinstein Stage 2 (30w/40w), Minervini weekly base, Weekly RS leader, Weekly VCP contraction, 13-4 weekly momentum, Weekly RSI healthy, Anti-extension (above, not over-stretched from 30w), Weekly volume confirm",A,True,False,180.34,48.10241806821061,0.1616420458599832,-0.11542964234766506,1.2799283881914596,0.8401793592130293,0.13860570873980105,61.24028062972981,True,2026-10-09,False,True,WEEKLY_ONLY,True
NELCAST,0,,,,8,"Weinstein Stage 2 (30w/40w), Minervini weekly base, Weekly RS leader, Weekly VCP contraction, Wyckoff weekly absorption, Weekly RSI healthy, Anti-extension (above, not over-stretched from 30w), Weekly volume confirm",A,True,False,142.48,64.34151682593911,0.024023133593916723,0.2616541565098911,6.6445375971029765,0.827141045099082,0.10248099731922816,59.812495658217394,True,2026-10-09,False,True,WEEKLY_ONLY,True
SANGAMIND,0,,,,8,"Weinstein Stage 2 (30w/40w), Minervini weekly base, Weekly RS leader, Weekly VCP contraction, Weekly trend structure, 13-4 weekly momentum, Weekly RSI healthy, Anti-extension (above, not over-stretched from 30w)",A,True,False,604.8,46.82416717715323,0.08241610738255023,0.4102546943885086,0.2352737967528017,0.8993308550185873,0.10966124600886136,59.29739624815631,True,2026-10-09,False,True,WEEKLY_ONLY,True
SHYAMMETL,0,,,,8,"Weinstein Stage 2 (30w/40w), Minervini weekly base, Weekly RS leader, Weekly VCP contraction, Weekly trend structure, 13-4 weekly momentum, Weekly RSI healthy, Anti-extension (above, not over-stretched from 30w)",A,True,False,1060.1,46.91123233718674,0.09195916151776395,0.14288561423918789,0.7012903847419231,0.9234320557491288,0.103585100416171,59.65360708497782,True,2026-10-09,False,True,WEEKLY_ONLY,True
AAATECH,0,,,,7,"Minervini weekly base, Weekly RS leader, Darvas weekly box, Wyckoff weekly absorption, Weekly RSI healthy, Anti-extension (above, not over-stretched from 30w), Weekly volume confirm",B,True,False,107.92,63.19817065749455,0.14475604369422723,0.07641419355211831,7.284131984178501,0.8020868117596532,0.14866635798077982,60.589872637944715,True,2026-10-09,False,True,WEEKLY_ONLY,True
ABCAPITAL,0,,,,7,"Minervini weekly base, Weekly VCP contraction, Wyckoff weekly absorption, Weekly trend structure, Weekly RSI healthy, Anti-extension (above, not over-stretched from 30w), Weekly volume confirm",B,True,False,380.7,49.271103625960514,-0.06759732700987375,0.29776714531807724,1.360964402848442,0.8839098890412918,0.019804997186219885,50.31078633984356,True,2026-10-09,False,True,WEEKLY_ONLY,True
ACMESOLAR,0,,,,7,"Weinstein Stage 2 (30w/40w), Minervini weekly base, Weekly RS leader, Weekly VCP contraction, Weekly trend structure, 13-4 weekly momentum, Weekly RSI healthy",B,True,False,418.1,49.13601264086467,0.10901856763925744,0.46831056680259153,0.381260287481752,0.8767037226902388,0.19693337793880902,63.717761891275465,True,2026-10-09,False,True,WEEKLY_ONLY,True
ADFFOODS,0,,,,7,"Weinstein Stage 2 (30w/40w), Minervini weekly base, Weekly VCP contraction, Weekly trend structure, Weekly RSI healthy, Anti-extension (above, not over-stretched from 30w), Weekly volume confirm",B,True,False,289.7,51.59807971362023,-0.09241163937049945,0.43764080596961796,1.3729529748058058,0.8368281127413415,0.0967838018623583,57.99138232808273,True,2026-10-09,False,True,WEEKLY_ONLY,True
ANANDRATHI,0,,,,7,"Minervini weekly base, Weekly VCP contraction, Weekly trend structure, 13-4 weekly momentum, Weekly RSI healthy, Anti-extension (above, not over-stretched from 30w), Weekly volume confirm",B,True,False,2038.7,59.13557407562827,-0.05035403687787954,0.38470059935596335,2.3269081569745294,0.8987392381270957,0.049752226366360494,54.72077615363425,True,2026-10-09,False,True,WEEKLY_ONLY,True
APCOTEXIND,0,,,,7,"Minervini weekly base, Weekly RS leader, Weekly VCP contraction, Weekly trend structure, 13-4 weekly momentum, Weekly RSI healthy, Anti-extension (above, not over-stretched from 30w)",B,True,False,578.35,48.72451660118435,0.1398305221856,0.6183739687989853,0.2168909862783168,0.8122893258426966,0.12181769633474294,58.44135060853236,True,2026-10-09,False,True,WEEKLY_ONLY,True
AURUM,0,,,,7,"Weinstein Stage 2 (30w/40w), Minervini weekly base, Weekly RS leader, Weekly VCP contraction, Weekly trend structure, Weekly RSI healthy, Anti-extension (above, not over-stretched from 30w)",B,True,False,232.77,45.91138452953203,0.026322737512837646,0.3931649356538114,0.3653957857387293,0.8795722004067473,0.14182047020847727,62.73808301580614,True,2026-10-09,False,True,WEEKLY_ONLY,True
BALRAMCHIN,0,,,,7,"Weinstein Stage 2 (30w/40w), Minervini weekly base, Weekly RS leader, Weekly VCP contraction, Weekly trend structure, 13-4 weekly momentum, Weekly RSI healthy",B,True,False,678.15,50.91923365050861,0.19624267206713109,0.42887386773051484,0.47138506151454856,0.8683654387602739,0.17197559460361977,61.534767129719505,True,2026-10-09,False,True,WEEKLY_ONLY,True
BLKASHYAP,0,,,,7,"Weinstein Stage 2 (30w/40w), Minervini weekly base, Wyckoff weekly absorption, Weekly trend structure, Weekly RSI healthy, Anti-extension (above, not over-stretched from 30w), Weekly volume confirm",B,True,False,55.27,42.64280812612803,0.00018099310116892475,-0.10290538139170746,1.3260870815644745,0.8664367331361261,0.024555725396101773,51.36492004278688,True,2026-10-09,False,True,WEEKLY_ONLY,True
BOSCHLTD,0,,,,7,"Minervini weekly base, Weekly RS leader, Weekly VCP contraction, Weekly trend structure, 13-4 weekly momentum, Weekly RSI healthy, Anti-extension (above, not over-stretched from 30w)",B,True,False,43545.0,44.70265550431175,0.048225528268045936,0.13479740174361976,0.8114707156252341,0.8709,0.0760486793091924,52.889548265548584,True,2026-10-09,False,True,WEEKLY_ONLY,True
DCBBANK,0,,,,7,"Minervini weekly base, Weekly RS leader, Weekly VCP contraction, Weekly trend structure, 13-4 weekly momentum, Weekly RSI healthy, Anti-extension (above, not over-stretched from 30w)",B,True,False,203.79,52.77846349667803,0.08013993733924463,0.5789378319260452,0.9200699067074528,0.8679301420412581,0.07189847867018277,55.36740731443548,True,2026-10-09,False,True,WEEKLY_ONLY,True
DICIND,0,,,,7,"Weinstein Stage 2 (30w/40w), Minervini weekly base, Weekly RS leader, Weekly trend structure, 13-4 weekly momentum, Weekly RSI healthy, Anti-extension (above, not over-stretched from 30w)",B,True,False,603.1,42.408098030105776,0.15403755869641245,0.11440522290832855,0.14280943041015826,0.8934814814814815,0.10903045340477381,58.380432825218115,True,2026-10-09,False,True,WEEKLY_ONLY,True
DYCL,0,,,,7,"Minervini weekly base, Weekly RS leader, Weekly VCP contraction, Weekly trend structure, 13-4 weekly momentum, Weekly RSI healthy, Anti-extension (above, not over-stretched from 30w)",B,True,False,420.6,39.52823863816543,0.15931646679110356,0.05652516876764779,0.15853492259670113,0.7510714285714286,0.11632780911863175,54.2645290848213,True,2026-10-09,False,True,WEEKLY_ONLY,True
FLUOROCHEM,0,,,,7,"Minervini weekly base, Weekly RS leader, Weekly VCP contraction, Weekly trend structure, 13-4 weekly momentum, Weekly RSI healthy, Anti-extension (above, not over-stretched from 30w)",B,True,False,4476.8,48.81780915747238,0.13656332170777197,0.2016535752834756,0.7194677022045701,0.903378625170629,0.12108724838268939,57.606028671608094,True,2026-10-09,False,True,WEEKLY_ONLY,True
GABRIEL,0,,,,7,"Minervini weekly base, Weekly RS leader, Weekly VCP contraction, Weekly trend structure, 13-4 weekly momentum, Weekly RSI healthy, Anti-extension (above, not over-stretched from 30w)",B,True,False,1362.2,42.33768623967829,0.09131629803713248,0.07574246635612347,0.33033629151256455,0.8531365107993069,0.1406103342221474,58.66801148845876,True,2026-10-09,False,True,WEEKLY_ONLY,True
GAEL,0,,,,7,"Minervini weekly base, Weekly RS leader, Weekly VCP contraction, Weekly trend structure, 13-4 weekly momentum, Weekly RSI healthy, Anti-extension (above, not over-stretched from 30w)",B,True,False,163.43,50.79452726129057,0.06112841611857722,0.5652149707556533,0.6749578161138882,0.8850288321981343,0.03503871459626144,53.97417902498825,True,2026-10-09,False,True,WEEKLY_ONLY,True
GANDHITUBE,0,,,,7,"Weinstein Stage 2 (30w/40w), Minervini weekly base, Weekly VCP contraction, Weekly trend structure, 13-4 weekly momentum, Weekly RSI healthy, Anti-extension (above, not over-stretched from 30w)",B,True,False,948.65,44.12054154678345,0.1281334579533948,0.03372443586274554,0.5699814687808002,0.9064112575283595,0.09709609553959121,63.321475214583195,True,2026-10-09,False,True,WEEKLY_ONLY,True
HAPPYFORGE,0,,,,7,"Minervini weekly base, Weekly RS leader, Weekly VCP contraction, Weekly trend structure, 13-4 weekly momentum, Weekly RSI healthy, Weekly volume confirm",B,True,False,1922.6,62.272592448687206,0.21812091401030842,1.0761920881880163,1.232253265868065,0.7783805668016194,0.17307144823537393,59.24770422812481,True,2026-10-09,False,True,WEEKLY_ONLY,True
HONASA,0,,,,7,"Minervini weekly base, Weekly VCP contraction, Weekly trend structure, 13-4 weekly momentum, Weekly RSI healthy, Anti-extension (above, not over-stretched from 30w), Weekly volume confirm",B,True,False,468.7,69.95935563488018,-0.0010207067049459173,0.6159606606280528,3.602112657920313,0.9251042241977345,0.13406887166438905,60.55300217032332,True,2026-10-09,False,True,WEEKLY_ONLY,True
IIFL,0,,,,7,"Minervini weekly base, Weekly RS leader, Weekly VCP contraction, Weekly trend structure, 13-4 weekly momentum, Weekly RSI healthy, Anti-extension (above, not over-stretched from 30w)",B,True,False,597.7,46.13425201739288,0.08141846715956391,0.22882140723256295,0.6180353809433464,0.8478014184397163,0.11220001557003906,55.420108898331186,True,2026-10-09,False,True,WEEKLY_ONLY,True
JSWINFRA,0,,,,7,"Minervini weekly base, Weekly RS leader, Weekly VCP contraction, Weekly trend structure, 13-4 weekly momentum, Weekly RSI healthy, Anti-extension (above, not over-stretched from 30w)",B,True,False,338.75,46.63857387696124,0.0263596804387356,0.10674821521974209,0.9924730866124954,0.9021304926764314,0.10456968536572085,57.166314535350395,True,2026-10-09,False,True,WEEKLY_ONLY,True
JTLIND,0,,,,7,"Minervini weekly base, Weekly RS leader, Weekly VCP contraction, 13-4 weekly momentum, Weekly RSI healthy, Anti-extension (above, not over-stretched from 30w), Weekly volume confirm",B,True,False,83.98,52.94003639632634,0.07761815575741715,0.21915517492875258,1.417673047114306,0.8946523752416763,0.11301607322963253,55.29703477176412,True,2026-10-09,False,True,WEEKLY_ONLY,True
KANPRPLA,0,,,,7,"Minervini weekly base, Weekly RS leader, Weekly VCP contraction, Weekly trend structure, 13-4 weekly momentum, Weekly RSI healthy, Anti-extension (above, not over-stretched from 30w)",B,True,False,239.17,43.475610027374714,0.20983558565268878,0.09128877908250588,0.26930912133302226,0.8447057555498358,0.11830827149193776,55.01978952418335,True,2026-10-09,False,True,WEEKLY_ONLY,True
KOLTEPATIL,0,,,,7,"Minervini weekly base, Weekly RS leader, Weekly VCP contraction, 13-4 weekly momentum, Weekly RSI healthy, Anti-extension (above, not over-stretched from 30w), Weekly volume confirm",B,True,False,427.9,49.479249741286615,0.15508161938151588,-0.008687580098480696,1.5207720120327122,0.7715470949091219,0.09609743712741427,56.18649009157629,True,2026-10-09,False,True,WEEKLY_ONLY,True
LGBBROSLTD,0,,,,7,"Minervini weekly base, Weekly RS leader, Weekly VCP contraction, 13-4 weekly momentum, Weekly RSI healthy, Anti-extension (above, not over-stretched from 30w), Weekly volume confirm",B,True,False,1663.7,48.22969216568201,0.06405682764371168,0.20912431258876674,1.2440528012423822,0.8236569351079291,0.023054842632770065,52.15512383444504,True,2026-10-09,False,True,WEEKLY_ONLY,True
MIDHANI,0,,,,7,"Weinstein Stage 2 (30w/40w), Minervini weekly base, Weekly RS leader, Weekly trend structure, 13-4 weekly momentum, Weekly RSI healthy, Anti-extension (above, not over-stretched from 30w)",B,True,False,440.5,45.520373862564306,0.06234714453666701,0.14000127629434878,0.6075525953877147,0.9158999999187226,0.10045214309087612,58.11676772659577,True,2026-10-09,False,True,WEEKLY_ONLY,True
MOTILALOFS,0,,,,7,"Weinstein Stage 2 (30w/40w), Minervini weekly base, Weekly RS leader, Weekly trend structure, 13-4 weekly momentum, Weekly RSI healthy, Anti-extension (above, not over-stretched from 30w)",B,True,False,1026.0,47.39003307825947,0.04763366066982555,0.06924578409216453,0.9723211409072938,0.9427412232433645,0.14644343411681002,61.24700616217096,True,2026-10-09,False,True,WEEKLY_ONLY,True
MWL,0,,,,7,"Weinstein Stage 2 (30w/40w), Minervini weekly base, Weekly RS leader, Weekly trend structure, 13-4 weekly momentum, Weekly RSI healthy, Anti-extension (above, not over-stretched from 30w)",B,True,False,41.56,52.24100766883289,0.1349183841865904,0.7493694415972152,0.35700222320708747,0.8658333333333333,0.1453127080522764,64.29627293210632,True,2026-10-09,False,True,WEEKLY_ONLY,True
NEULANDLAB,0,,,,7,"Minervini weekly base, Weekly RS leader, Weekly VCP contraction, Weekly trend structure, 13-4 weekly momentum, Weekly RSI healthy, Anti-extension (above, not over-stretched from 30w)",B,True,False,20890.0,47.60337886278681,0.07293174832417115,0.28270456322968673,0.7076826704542639,0.8623323013415892,0.13237344555430622,57.03536404008555,True,2026-10-09,False,True,WEEKLY_ONLY,True
NUVAMA,0,,,,7,"Weinstein Stage 2 (30w/40w), Minervini weekly base, Weekly VCP contraction, Weekly trend structure, Weekly RSI healthy, Anti-extension (above, not over-stretched from 30w), Weekly volume confirm",B,True,False,1764.4,59.450031651242014,-0.10780743235131207,0.24257291794812152,2.7794060568959136,0.8540174249757987,0.09523926836880918,55.9358887071282,True,2026-10-09,False,True,WEEKLY_ONLY,True
OMAXE,0,,,,7,"Minervini weekly base, Weekly RS leader, Weekly VCP contraction, Weekly trend structure, 13-4 weekly momentum, Weekly RSI healthy, Anti-extension (above, not over-stretched from 30w)",B,True,False,100.19,38.60878131275996,0.10731649295769308,0.198444997950741,0.0903308530695441,0.7213622322721907,0.10371797264732373,51.515989897588575,True,2026-10-09,False,True,WEEKLY_ONLY,True
PNBHOUSING,0,,,,7,"Weinstein Stage 2 (30w/40w), Minervini weekly base, Weekly RS leader, Weekly VCP contraction, 13-4 weekly momentum, Weekly RSI healthy, Anti-extension (above, not over-stretched from 30w)",B,True,False,1158.0,52.95369975397723,0.050816813315369025,0.367194433643264,1.057251332484679,0.9558398679323153,0.11270284774629533,62.12747282535643,True,2026-10-09,False,True,WEEKLY_ONLY,True
PREMEXPLN,0,,,,7,"Weinstein Stage 2 (30w/40w), Minervini weekly base, Weekly RS leader, Weekly VCP contraction, Weekly trend structure, Weekly RSI healthy, Anti-extension (above, not over-stretched from 30w)",B,True,False,687.05,41.3327248881008,8.708517600086729e-05,0.04540042939268929,0.5807598464834192,0.8285850488785955,0.10326605428471167,58.92086170078028,True,2026-10-09,False,True,WEEKLY_ONLY,True
PRUDENT,0,,,,7,"Minervini weekly base, Weekly RS leader, Weekly VCP contraction, Weekly trend structure, 13-4 weekly momentum, Weekly RSI healthy, Anti-extension (above, not over-stretched from 30w)",B,True,False,3254.7,44.149375175832475,0.09234470966801478,0.21032637432235335,0.545569243554262,0.7927658019729631,0.1052641159593059,57.03732011634977,True,2026-10-09,False,True,WEEKLY_ONLY,True
SANATHAN,0,,,,7,"Weinstein Stage 2 (30w/40w), Minervini weekly base, Weekly RS leader, Weekly VCP contraction, 13-4 weekly momentum, Weekly RSI healthy, Anti-extension (above, not over-stretched from 30w)",B,True,False,503.2,44.45610209659153,0.13065950747555544,0.006399999999999961,0.5627385143969917,0.9244901915952244,0.12709706032023868,62.246727598669665,True,2026-10-09,False,True,WEEKLY_ONLY,True
SGIL,0,,,,7,"Weinstein Stage 2 (30w/40w), Minervini weekly base, Weekly RS leader, Weekly VCP contraction, Weekly trend structure, Weekly RSI healthy, Anti-extension (above, not over-stretched from 30w)",B,True,False,616.2,41.761333429708486,0.020536622155883588,0.14620540919555536,0.37481658810650736,0.8828712504087157,0.08753651505556016,57.44855632527299,True,2026-10-09,False,True,WEEKLY_ONLY,True
SHAILY,0,,,,7,"Minervini weekly base, Weekly RS leader, Weekly VCP contraction, Weekly trend structure, 13-4 weekly momentum, Weekly RSI healthy, Anti-extension (above, not over-stretched from 30w)",B,True,False,3063.4,46.061382481072584,0.10794205392407874,0.26115449578942984,0.4282413727200381,0.8481187227257634,0.08411885237775106,56.390553795052845,True,2026-10-09,False,True,WEEKLY_ONLY,True
SOLARINDS,0,,,,7,"Minervini weekly base, Weekly RS leader, Weekly VCP contraction, Weekly trend structure, 13-4 weekly momentum, Weekly RSI healthy, Anti-extension (above, not over-stretched from 30w)",B,True,False,20000.0,51.04005947865146,0.0973796951963597,0.41827194090238096,0.7750180841319849,0.8810572687224669,0.12940888097622122,58.246367347479705,True,2026-10-09,False,True,WEEKLY_ONLY,True
SPORTKING,0,,,,7,"Minervini weekly base, Weekly RS leader, Weekly VCP contraction, Weekly trend structure, 13-4 weekly momentum, Weekly RSI healthy, Anti-extension (above, not over-stretched from 30w)",B,True,False,196.45,53.06726703145259,0.08029796966483738,0.9746359180117667,0.47498574467087523,0.8169667168347353,0.1006947534107496,54.98722073081079,True,2026-10-09,False,True,WEEKLY_ONLY,True
STEELCAS,0,,,,7,"Weinstein Stage 2 (30w/40w), Minervini weekly base, Weekly RS leader, Weekly VCP contraction, Weekly trend structure, 13-4 weekly momentum, Weekly RSI healthy",B,True,False,356.5,54.284552136459936,0.1432149298973251,0.613014254966973,0.6876475181454036,0.9119979676807211,0.17269478047619302,64.76515326856864,True,2026-10-09,False,True,WEEKLY_ONLY,True
STOVEKRAFT,0,,,,7,"Weinstein Stage 2 (30w/40w), Minervini weekly base, Weekly RS leader, Weekly VCP contraction, Weekly trend structure, 13-4 weekly momentum, Weekly RSI healthy",B,True,False,802.1,44.90209708516275,0.008144520487572304,0.20694849173300023,0.4956445597569508,0.9184231131745846,0.17033303418791151,63.684112234242875,True,2026-10-09,False,True,WEEKLY_ONLY,True
SUNDROP,0,,,,7,"Weinstein Stage 2 (30w/40w), Weekly VCP contraction, Weekly trend structure, 13-4 weekly momentum, Weekly RSI healthy, Anti-extension (above, not over-stretched from 30w), Weekly volume confirm",B,True,False,682.1,47.99133817012904,0.08900778572220669,-0.1316911582974054,1.8545143116514293,0.8401798614426356,0.032337798848685616,50.892526010942156,True,2026-10-09,False,True,WEEKLY_ONLY,True
TMB,0,,,,7,"Minervini weekly base, Weekly RS leader, Weekly VCP contraction, Weekly trend structure, 13-4 weekly momentum, Weekly RSI healthy, Anti-extension (above, not over-stretched from 30w)",B,True,False,874.8,56.993078033798554,0.09131739850734921,1.0452744870447273,0.5992194673885342,0.9167889214092737,0.13617057006605277,63.428092662109385,True,2026-10-09,False,True,WEEKLY_ONLY,True
VIJAYA,0,,,,7,"Minervini weekly base, Weekly RS leader, Weekly VCP contraction, Weekly trend structure, 13-4 weekly momentum, Weekly RSI healthy, Anti-extension (above, not over-stretched from 30w)",B,True,False,1436.6,49.312346902912346,0.035629475253004195,0.46638084895038734,0.5642614820173215,0.9014809375055295,0.10993160336517287,57.93867729406671,True,2026-10-09,False,True,WEEKLY_ONLY,True
ACE,0,,,,6,"Weinstein Stage 2 (30w/40w), Minervini weekly base, Weekly RS leader, Weekly VCP contraction, 13-4 weekly momentum, Weekly RSI healthy",C,True,False,1176.9,48.360317097380914,0.1921755496406008,0.10295754824312886,0.606881779496754,0.9281545741324921,0.17368846866099802,64.16586336398571,True,2026-10-09,False,True,WEEKLY_ONLY,True
ADOR,0,,,,6,"Minervini weekly base, Weekly RS leader, Weekly VCP contraction, Weekly trend structure, 13-4 weekly momentum, Weekly RSI healthy",C,True,False,1479.6,50.4819468347173,0.1360275281026826,0.463305189296485,0.5752796998166086,0.8376358579879448,0.1611649318391628,57.908109873153975,True,2026-10-09,False,True,WEEKLY_ONLY,True
AGI,0,,,,6,"Weinstein Stage 2 (30w/40w), Minervini weekly base, Weekly VCP contraction, Weekly trend structure, 13-4 weekly momentum, Weekly RSI healthy",C,True,False,770.45,40.18688137893577,0.08974436826040222,-0.110820932214732,0.46245158029057504,0.8676974414560492,0.1699984970082176,59.49281300741751,True,2026-10-09,False,True,WEEKLY_ONLY,True
AIIL,0,,,,6,"Minervini weekly base, Weekly VCP contraction, Weekly trend structure, 13-4 weekly momentum, Weekly RSI healthy, Anti-extension (above, not over-stretched from 30w)",C,True,False,549.7,33.83066371181214,0.06945525291828814,-0.16699503006066885,0.19136079878392565,0.8048316251830162,0.06297880503930581,52.773198689469474,True,2026-10-09,False,True,WEEKLY_ONLY,True
AJAXENGG,0,,,,6,"Minervini weekly base, Weekly VCP contraction, Weekly trend structure, 13-4 weekly momentum, Weekly RSI healthy, Anti-extension (above, not over-stretched from 30w)",C,True,False,570.4,37.88686391129488,0.04622154664112421,-0.10644627271046214,0.5860055572613998,0.8412979351032448,0.04139850583783975,50.91730408350897,True,2026-10-09,False,True,WEEKLY_ONLY,True
APLAPOLLO,0,,,,6,"Minervini weekly base, Weekly RS leader, Weekly VCP contraction, 13-4 weekly momentum, Weekly RSI healthy, Anti-extension (above, not over-stretched from 30w)",C,True,False,2114.1,48.874391623780156,0.15596926147073087,0.220662681831173,0.730829305675656,0.9221535247155453,0.07051639097135383,55.66852460611965,True,2026-10-09,False,True,WEEKLY_ONLY,True
APLLTD,0,,,,6,"Minervini weekly base, Weekly VCP contraction, Weekly trend structure, Weekly RSI healthy, Anti-extension (above, not over-stretched from 30w), Weekly volume confirm",C,True,False,800.95,39.009654856087536,-0.029302324893297427,-0.14286681343286256,1.249851339624456,0.814491257221037,0.03514493009740757,50.07113216895334,True,2026-10-09,False,True,WEEKLY_ONLY,True
APOLLOPIPE,0,,,,6,"Minervini weekly base, Weekly RS leader, Weekly VCP contraction, 13-4 weekly momentum, Weekly RSI healthy, Anti-extension (above, not over-stretched from 30w)",C,True,False,513.7,44.409149141778144,0.006484365367783962,0.5307668565652135,0.3839355745313872,0.7680921192824829,0.023937871318886916,52.31118072678533,True,2026-10-09,False,True,WEEKLY_ONLY,True
ARTEMISMED,0,,,,6,"Minervini weekly base, Weekly RS leader, Weekly VCP contraction, 13-4 weekly momentum, Weekly RSI healthy, Anti-extension (above, not over-stretched from 30w)",C,True,False,313.2,46.49803304217562,0.1306859205776172,0.30844884696308106,0.4537865609762543,0.8268215683554295,0.1153784953775103,55.28364665245769,True,2026-10-09,False,True,WEEKLY_ONLY,True
ARVIND,0,,,,6,"Minervini weekly base, Weekly VCP contraction, Weekly trend structure, 13-4 weekly momentum, Weekly RSI healthy, Anti-extension (above, not over-stretched from 30w)",C,True,False,509.45,53.166092497481564,-0.025013091397990794,0.8366437864463383,0.9083149734154786,0.8390842123273419,0.0473676877223707,52.37221234034797,True,2026-10-09,False,True,WEEKLY_ONLY,True
ASIANENE,0,,,,6,"Minervini weekly base, Weekly RS leader, Weekly VCP contraction, Weekly trend structure, 13-4 weekly momentum, Weekly RSI healthy",C,True,False,450.1,51.296416923329986,0.3524399324223706,0.3223196310563825,0.4488342514410974,0.7976693607451368,0.19643103385473493,57.82649449523181,True,2026-10-09,False,True,WEEKLY_ONLY,True
ASKAUTOLTD,0,,,,6,"Minervini weekly base, Weekly RS leader, Weekly VCP contraction, 13-4 weekly momentum, Weekly RSI healthy, Anti-extension (above, not over-stretched from 30w)",C,True,False,588.15,46.928278787324636,0.25103254898290017,0.19518062964518146,0.28641760580117653,0.8552420962047884,0.14881537467908784,57.671550361212844,True,2026-10-09,False,True,WEEKLY_ONLY,True
AYMSYNTEX,0,,,,6,"Minervini weekly base, Weekly RS leader, Weekly VCP contraction, 13-4 weekly momentum, Weekly RSI healthy, Anti-extension (above, not over-stretched from 30w)",C,True,False,272.65,50.72760699837856,0.19525667121333212,0.438103303267533,0.5491755904661543,0.8262121212121212,0.14808378476198383,56.66454079216678,True,2026-10-09,False,True,WEEKLY_ONLY,True
BELRISE,0,,,,6,"Minervini weekly base, Weekly RS leader, Weekly VCP contraction, Weekly trend structure, Weekly RSI healthy, Anti-extension (above, not over-stretched from 30w)",C,True,False,234.17,48.18931898638269,0.013716716310270494,0.5120860570521988,0.5767163381764713,0.8752282749173957,0.04214808975479279,54.75009001349944,True,2026-10-09,False,True,WEEKLY_ONLY,True
BEPL,0,,,,6,"Minervini weekly base, Weekly RS leader, Weekly VCP contraction, Weekly trend structure, 13-4 weekly momentum, Weekly RSI healthy",C,True,False,124.89,48.56621156329404,0.23300337009439298,0.2812892306025705,0.2399622415879873,0.9093066191940858,0.168728818808311,65.37607783974822,True,2026-10-09,False,True,WEEKLY_ONLY,True
BOROLTD,0,,,,6,"Minervini weekly base, Weekly VCP contraction, Weekly trend structure, 13-4 weekly momentum, Weekly RSI healthy, Anti-extension (above, not over-stretched from 30w)",C,True,False,270.2,34.39378563246149,0.16480578772305865,-0.2144207285640085,0.36154619048681086,0.7435333091308948,0.11239650983156636,57.380471913312725,True,2026-10-09,False,True,WEEKLY_ONLY,True
CARBORUNIV,0,,,,6,"Weinstein Stage 2 (30w/40w), Minervini weekly base, Weekly RS leader, Weekly trend structure, Weekly RSI healthy, Anti-extension (above, not over-stretched from 30w)",C,True,False,1202.6,48.908710751042904,0.10471722603000466,0.2881959168879049,0.6829359099270425,0.8785155807961615,0.13648606012335865,59.67931605851023,True,2026-10-09,False,True,WEEKLY_ONLY,True
CENTENKA,0,,,,6,"Minervini weekly base, Weekly RS leader, Weekly VCP contraction, 13-4 weekly momentum, Weekly RSI healthy, Anti-extension (above, not over-stretched from 30w)",C,True,False,559.2,41.46048415411513,0.08863011257102538,0.18598914802908761,0.09870126177924513,0.8480179312113978,0.10677374932770188,55.45751837795695,True,2026-10-09,False,True,WEEKLY_ONLY,True
CHEMCON,0,,,,6,"Weinstein Stage 2 (30w/40w), Minervini weekly base, Weekly VCP contraction, 13-4 weekly momentum, Weekly RSI healthy, Weekly volume confirm",C,True,False,212.05,46.1225111335097,0.15244565217391304,-0.17098493863566022,1.4430381239847097,0.7598586303619522,0.16495831742788225,58.88318171550482,True,2026-10-09,False,True,WEEKLY_ONLY,True
CRAFTSMAN,0,,,,6,"Minervini weekly base, Weekly RS leader, Weekly VCP contraction, 13-4 weekly momentum, Weekly RSI healthy, Anti-extension (above, not over-stretched from 30w)",C,True,False,10183.0,51.453738198839176,0.0961645040649175,0.5570289891861704,0.7157668892450783,0.848654054504542,0.10022925170882947,55.77542831919223,True,2026-10-09,False,True,WEEKLY_ONLY,True
DCI,0,,,,6,"Weinstein Stage 2 (30w/40w), Minervini weekly base, Weekly RS leader, Weekly trend structure, Weekly RSI healthy, Anti-extension (above, not over-stretched from 30w)",C,True,False,341.05,46.10797858640099,0.17544964747637848,0.4014140259825598,0.40905526132684616,0.7182615669199086,0.10629462670169484,55.411507932407694,True,2026-10-09,False,True,WEEKLY_ONLY,True
DHANBANK,0,,,,6,"Weinstein Stage 2 (30w/40w), Minervini weekly base, Wyckoff weekly absorption, Weekly RSI healthy, Anti-extension (above, not over-stretched from 30w), Weekly volume confirm",C,True,False,33.96,65.53498282969473,-0.022733812949640275,0.30414741958592084,5.8178493904158435,0.9215739866000083,0.10650129161351293,57.95684613314396,True,2026-10-09,False,True,WEEKLY_ONLY,True
DVL,0,,,,6,"Minervini weekly base, Weekly VCP contraction, Weekly trend structure, 13-4 weekly momentum, Weekly RSI healthy, Anti-extension (above, not over-stretched from 30w)",C,True,False,279.3,34.3637622629321,0.16432221798865343,-0.19289252459458772,0.18066056506167927,0.7575086789711148,0.11658664336384222,58.79111053052964,True,2026-10-09,False,True,WEEKLY_ONLY,True
EDELWEISS,0,,,,6,"Minervini weekly base, Weekly RS leader, Weekly VCP contraction, 13-4 weekly momentum, Weekly RSI healthy, Anti-extension (above, not over-stretched from 30w)",C,True,False,127.89,44.034324401770775,0.07631494807133565,0.1642070586954112,0.5656488610736243,0.8759589041095891,0.07100015424964758,54.67552163391149,True,2026-10-09,False,True,WEEKLY_ONLY,True
ELGIEQUIP,0,,,,6,"Minervini weekly base, Weekly RS leader, Weekly VCP contraction, 13-4 weekly momentum, Weekly RSI healthy, Anti-extension (above, not over-stretched from 30w)",C,True,False,583.15,43.43467969928394,0.01651742335234685,0.21085010493186407,0.5334777307980791,0.8924854273198729,0.01806781024817294,50.96209591097086,True,2026-10-09,False,True,WEEKLY_ONLY,True
GAYAPROJ,0,,,,6,"Minervini weekly base, Weekly RS leader, Weekly VCP contraction, 13-4 weekly momentum, Weekly RSI healthy, Anti-extension (above, not over-stretched from 30w)",C,True,False,21.0,53.71481308466261,0.0009533106863710561,0.9108280652733245,1.0020493167711053,0.7683863907289875,0.04053117123722528,52.184932654545854,True,2026-10-09,False,True,WEEKLY_ONLY,True
GOCLCORP,0,,,,6,"Minervini weekly base, Weekly VCP contraction, Weekly trend structure, 13-4 weekly momentum, Weekly RSI healthy, Anti-extension (above, not over-stretched from 30w)",C,True,False,357.5,37.05529476299629,-0.05777090707132693,0.09005596202982646,0.2963859645716837,0.8297088745805373,0.031287193401778275,50.01499207185595,True,2026-10-09,False,True,WEEKLY_ONLY,True
GPTINFRA,0,,,,6,"Weinstein Stage 2 (30w/40w), Minervini weekly base, Weekly VCP contraction, Weekly RSI healthy, Anti-extension (above, not over-stretched from 30w), Weekly volume confirm",C,True,False,121.88,59.50663099477239,-0.016065251493158184,0.10653366974610967,3.1166885191919014,0.8125333333333333,0.056424147695628375,57.11159411959205,True,2026-10-09,False,True,WEEKLY_ONLY,True
GRAPHITE,0,,,,6,"Weinstein Stage 2 (30w/40w), Minervini weekly base, Weekly RS leader, Weekly VCP contraction, 13-4 weekly momentum, Weekly RSI healthy",C,True,False,806.6,56.035841278145796,0.3311373296056388,0.4477668364504175,0.6163352662954411,0.9225138932033075,0.1551504096793073,63.28204530196687,True,2026-10-09,False,True,WEEKLY_ONLY,True
GREENPLY,0,,,,6,"Weinstein Stage 2 (30w/40w), Minervini weekly base, Weekly VCP contraction, Weekly trend structure, Weekly RSI healthy, Anti-extension (above, not over-stretched from 30w)",C,True,False,306.7,42.78086339197223,-0.030041036724775427,0.050913269488350954,0.6498884202988111,0.9187635304085223,0.12193930468190976,58.99705168316758,True,2026-10-09,False,True,WEEKLY_ONLY,True
GRWRHITECH,0,,,,6,"Weinstein Stage 2 (30w/40w), Minervini weekly base, Weekly RS leader, Weekly VCP contraction, Weekly trend structure, Weekly RSI healthy",C,True,False,6997.5,60.78173696018335,0.006061905442867888,1.3829761194893528,0.9686446212293939,0.877376646278801,0.1763674187636941,66.14544331700095,True,2026-10-09,False,True,WEEKLY_ONLY,True
GUFICBIO,0,,,,6,"Minervini weekly base, Weekly RS leader, Weekly VCP contraction, 13-4 weekly momentum, Weekly RSI healthy, Anti-extension (above, not over-stretched from 30w)",C,True,False,406.3,43.412111864555726,0.0356742769608569,0.11296345896435578,0.6186558716654693,0.8685335840149991,0.11970766989893955,55.88062433708994,True,2026-10-09,False,True,WEEKLY_ONLY,True
HARSHA,0,,,,6,"Minervini weekly base, Weekly RS leader, Weekly VCP contraction, 13-4 weekly momentum, Weekly RSI healthy, Anti-extension (above, not over-stretched from 30w)",C,True,False,441.95,44.65506256041807,0.033317716591672486,0.13525007643162312,0.6624308039974298,0.9116130592576095,0.07817412377326205,55.16125229368673,True,2026-10-09,False,True,WEEKLY_ONLY,True
HATSUN,0,,,,6,"Weinstein Stage 2 (30w/40w), Minervini weekly base, Weekly RS leader, 13-4 weekly momentum, Weekly RSI healthy, Anti-extension (above, not over-stretched from 30w)",C,True,False,1121.8,47.64109779072443,0.24202832688055942,0.28721146583399837,0.34436070952527426,0.8311476925119533,0.1418953788433389,61.074904109149706,True,2026-10-09,False,True,WEEKLY_ONLY,True
HIRECT,0,,,,6,"Minervini weekly base, Weekly RS leader, Weekly VCP contraction, 13-4 weekly momentum, Weekly RSI healthy, Anti-extension (above, not over-stretched from 30w)",C,True,False,1113.7,43.646665729793035,0.05664418088459522,0.37011835203697685,0.2987255162609079,0.7969015582859026,0.028455932851603784,50.27755368382078,True,2026-10-09,False,True,WEEKLY_ONLY,True
HSCL,0,,,,6,"Minervini weekly base, Weekly VCP contraction, Weekly trend structure, 13-4 weekly momentum, Weekly RSI healthy, Anti-extension (above, not over-stretched from 30w)",C,True,False,659.95,43.07193685345089,-0.000757078049495874,0.4508128352262679,0.1718016798186141,0.8053081147040879,0.03568345397042708,52.1123006359145,True,2026-10-09,False,True,WEEKLY_ONLY,True
IIFLCAPS,0,,,,6,"Weinstein Stage 2 (30w/40w), Minervini weekly base, Weekly RS leader, 13-4 weekly momentum, Weekly RSI healthy, Anti-extension (above, not over-stretched from 30w)",C,True,False,343.75,45.121092563013676,0.016109998237323397,0.14770484503844883,0.9276625775076774,0.8435476608949098,0.045121904182418494,56.40710215134754,True,2026-10-09,False,True,WEEKLY_ONLY,True
INDGN,0,,,,6,"Minervini weekly base, Weekly RS leader, Weekly trend structure, 13-4 weekly momentum, Weekly RSI healthy, Anti-extension (above, not over-stretched from 30w)",C,True,False,580.1,45.42823453322721,0.14401536658989644,0.04670253778350153,0.5869149572914896,0.9251993620414674,0.10084934903495754,58.67688204955146,True,2026-10-09,False,True,WEEKLY_ONLY,True
INDOTECH,0,,,,6,"Minervini weekly base, Weekly VCP contraction, Weekly trend structure, 13-4 weekly momentum, Weekly RSI healthy, Anti-extension (above, not over-stretched from 30w)",C,True,False,3121.7,52.02117583941361,-0.052455618975574825,0.7094185455946034,1.013327785142521,0.7769158786514055,0.10310538464875194,52.71914159359145,True,2026-10-09,False,True,WEEKLY_ONLY,True
INNOVACAP,0,,,,6,"Minervini weekly base, Weekly RS leader, Weekly VCP contraction, Weekly trend structure, 13-4 weekly momentum, Weekly RSI healthy",C,True,False,1110.0,50.2431310026074,0.12194878191876257,0.3302513495260613,0.820027952790914,0.8200960472848171,0.1844674739424502,58.98277933063113,True,2026-10-09,False,True,WEEKLY_ONLY,True
INOXINDIA,0,,,,6,"Minervini weekly base, Weekly RS leader, Weekly VCP contraction, Weekly trend structure, 13-4 weekly momentum, Weekly RSI healthy",C,True,False,2056.9,52.57308768510916,0.039888776541961546,0.7215964035759899,0.6679302198966799,0.8792049583244284,0.16274521857991972,61.833881895566684,True,2026-10-09,False,True,WEEKLY_ONLY,True
ISGEC,0,,,,6,"Weinstein Stage 2 (30w/40w), Minervini weekly base, Weekly VCP contraction, Weekly RSI healthy, Anti-extension (above, not over-stretched from 30w), Weekly volume confirm",C,True,False,909.7,46.09475300903665,0.016010518583394306,0.0060861750239395995,1.5395809019372593,0.8229603010839586,0.005960509312237251,55.191366869217546,True,2026-10-09,False,True,WEEKLY_ONLY,True
JAIBALAJI,0,,,,6,"Weinstein Stage 2 (30w/40w), Weekly VCP contraction, Wyckoff weekly absorption, Weekly RSI healthy, Anti-extension (above, not over-stretched from 30w), Weekly volume confirm",C,True,False,68.4,36.47669861471261,0.03542238159077615,-0.3026101272120615,1.565815968869648,0.6793802124818198,0.013718788218583959,50.50396522656966,True,2026-10-09,False,True,WEEKLY_ONLY,True
JAMNAAUTO,0,,,,6,"Minervini weekly base, Weekly RS leader, Weekly VCP contraction, Weekly RSI healthy, Anti-extension (above, not over-stretched from 30w), Weekly volume confirm",C,True,False,142.67,64.33122835546145,0.057010270725154744,0.4982536363014338,2.29210818305959,0.945906419303508,0.13162189710941902,58.00893007816747,True,2026-10-09,False,True,WEEKLY_ONLY,True
KAJARIACER,0,,,,6,"Weinstein Stage 2 (30w/40w), Minervini weekly base, Weekly VCP contraction, 13-4 weekly momentum, Weekly RSI healthy, Anti-extension (above, not over-stretched from 30w)",C,True,False,1215.4,44.94741474050244,0.002868409890775414,-0.010056787308834303,1.148665898784613,0.9503086825440349,0.05693761971284203,57.12336691972969,True,2026-10-09,False,True,WEEKLY_ONLY,True
KRBL,0,,,,6,"Minervini weekly base, Weekly VCP contraction, Weekly trend structure, 13-4 weekly momentum, Weekly RSI healthy, Anti-extension (above, not over-stretched from 30w)",C,True,False,389.2,43.13301929939974,0.07518888069053231,0.06141932657374749,0.6780219235534624,0.869435584228571,0.07098037944114526,53.50022838645063,True,2026-10-09,False,True,WEEKLY_ONLY,True
KSL,0,,,,6,"Weinstein Stage 2 (30w/40w), Minervini weekly base, Weekly VCP contraction, 13-4 weekly momentum, Weekly RSI healthy, Anti-extension (above, not over-stretched from 30w)",C,True,False,935.55,43.89432363518673,-0.013454751108942564,0.135189795945724,0.6271105929416364,0.9057507773133351,0.12112457883248064,59.39629170624603,True,2026-10-09,False,True,WEEKLY_ONLY,True
LALPATHLAB,0,,,,6,"Weinstein Stage 2 (30w/40w), Minervini weekly base, Weekly RS leader, Weekly VCP contraction, 13-4 weekly momentum, Weekly RSI healthy",C,True,False,1933.6,51.166814744772935,0.14529139980041328,0.26109374370549854,0.7346694101071529,0.9484940759131726,0.15303629852909306,64.30091295540161,True,2026-10-09,False,True,WEEKLY_ONLY,True
LAMBODHARA,0,,,,6,"Weinstein Stage 2 (30w/40w), Minervini weekly base, Weekly VCP contraction, 13-4 weekly momentum, Weekly RSI healthy, Anti-extension (above, not over-stretched from 30w)",C,True,False,128.24,40.88552948961649,0.16096149012638628,-0.02768165971470693,0.4108882144519349,0.830032362459547,0.13369529166693253,54.36122720346342,True,2026-10-09,False,True,WEEKLY_ONLY,True
LICHSGFIN,0,,,,6,"Weinstein Stage 2 (30w/40w), Wyckoff weekly absorption, 13-4 weekly momentum, Weekly RSI healthy, Anti-extension (above, not over-stretched from 30w), Weekly volume confirm",C,True,False,551.65,52.01234176973594,0.02472212585230693,-0.01006919150547858,2.029308897729373,0.9406990801449321,0.040520009310053354,53.91116856701077,True,2026-10-09,False,True,WEEKLY_ONLY,True
LLOYDSME,0,,,,6,"Minervini weekly base, Weekly RS leader, Weekly VCP contraction, Weekly trend structure, Weekly RSI healthy, Anti-extension (above, not over-stretched from 30w)",C,True,False,1815.5,49.86610563997781,0.008835310418853215,0.35142468829704465,1.0988678877118723,0.8543529411764705,0.0367733729878987,54.919159792680794,True,2026-10-09,False,True,WEEKLY_ONLY,True
LUMAXTECH,0,,,,6,"Minervini weekly base, Weekly RS leader, Weekly VCP contraction, 13-4 weekly momentum, Weekly RSI healthy, Anti-extension (above, not over-stretched from 30w)",C,True,False,1827.4,53.462301583970444,0.2296033736171228,0.5763875998085177,0.6900686047842495,0.8344292237442923,0.05547061502329418,52.96398611177156,True,2026-10-09,False,True,WEEKLY_ONLY,True
MAGADSUGAR,0,,,,6,"Minervini weekly base, Weekly VCP contraction, Weekly trend structure, 13-4 weekly momentum, Weekly RSI healthy, Anti-extension (above, not over-stretched from 30w)",C,True,False,538.9,43.43048256353032,0.08992898573758579,-0.05586071114954971,1.0099029922427498,0.8487282300016504,0.08337158264811285,54.658486346612456,True,2026-10-09,False,True,WEEKLY_ONLY,True
MAHABANK,0,,,,6,"Weinstein Stage 2 (30w/40w), Minervini weekly base, Weekly VCP contraction, Weekly trend structure, Weekly RSI healthy, Anti-extension (above, not over-stretched from 30w)",C,True,False,83.16,49.51673800126295,-0.012937685459940673,0.4898608019084525,0.8414506618992681,0.88,0.04579883476463727,56.11476118426391,True,2026-10-09,False,True,WEEKLY_ONLY,True
MANBA,0,,,,6,"Minervini weekly base, Weekly RS leader, Weekly VCP contraction, Weekly trend structure, Weekly RSI healthy, Anti-extension (above, not over-stretched from 30w)",C,True,False,141.56,46.77002574841964,0.02890658556029102,0.06532315696943702,0.9801001605905172,0.9226753748367094,0.13931905907159492,64.48048373353558,True,2026-10-09,False,True,WEEKLY_ONLY,True
MAXESTATES,0,,,,6,"Weinstein Stage 2 (30w/40w), Minervini weekly base, Weekly RS leader, Weekly trend structure, 13-4 weekly momentum, Weekly RSI healthy",C,True,False,529.55,43.53626048389485,0.17808676307007776,0.11672287298213613,0.30522295024037777,0.8111979318356594,0.18796222156370376,59.15474708952421,True,2026-10-09,False,True,WEEKLY_ONLY,True
MCX,0,,,,6,"Weinstein Stage 2 (30w/40w), Minervini weekly base, Weekly RS leader, 13-4 weekly momentum, Weekly RSI healthy, Anti-extension (above, not over-stretched from 30w)",C,True,False,3318.2,60.209086897796006,0.2005379007314516,0.9142145354197753,0.7965207403417875,0.9531223338537235,0.13338341696562528,64.87862594108311,True,2026-10-09,False,True,WEEKLY_ONLY,True
MMFL,0,,,,6,"Minervini weekly base, Weekly RS leader, Weekly VCP contraction, 13-4 weekly momentum, Weekly RSI healthy, Anti-extension (above, not over-stretched from 30w)",C,True,False,552.15,50.017822457882616,0.054929259161045296,0.7851729672486689,0.47010189448751394,0.8026019190386122,0.06540772536798602,52.21438439892123,True,2026-10-09,False,True,WEEKLY_ONLY,True
MOTHERSON,0,,,,6,"Minervini weekly base, Weekly RS leader, Weekly VCP contraction, 13-4 weekly momentum, Weekly RSI healthy, Anti-extension (above, not over-stretched from 30w)",C,True,False,153.0,50.38167346111767,0.07036784992017875,0.4768647777973507,0.7217624650515323,0.8830149259961518,0.06473568698312133,53.78301693263985,True,2026-10-09,False,True,WEEKLY_ONLY,True
MPHASIS,0,,,,6,"Weekly VCP contraction, Wyckoff weekly absorption, Weekly trend structure, Weekly RSI healthy, Anti-extension (above, not over-stretched from 30w), Weekly volume confirm",C,True,False,2360.0,40.36275128639588,0.01640901815698048,-0.1293220517446012,1.2535315138222776,0.8145447613317427,0.040337702797508306,51.25933129875856,True,2026-10-09,False,True,WEEKLY_ONLY,True
MRPL,0,,,,6,"Minervini weekly base, Weekly RS leader, Weekly VCP contraction, 13-4 weekly momentum, Weekly RSI healthy, Anti-extension (above, not over-stretched from 30w)",C,True,False,172.13,45.173344286510016,0.05932669198685869,0.2218382089328501,0.8560531912533778,0.8119339622641509,0.0275088754552082,53.54337330144446,True,2026-10-09,False,True,WEEKLY_ONLY,True
MSTCLTD,0,,,,6,"Minervini weekly base, Weekly RS leader, Weekly VCP contraction, Weekly trend structure, 13-4 weekly momentum, Weekly RSI healthy",C,True,False,672.0,44.47716447093707,0.013683563620795702,0.2712379228594022,0.4710600777642632,0.844505459676592,0.176723558283237,56.96619982490907,True,2026-10-09,False,True,WEEKLY_ONLY,True
MUNJALAU,0,,,,6,"Minervini weekly base, Weekly VCP contraction, Weekly trend structure, 13-4 weekly momentum, Weekly RSI healthy, Anti-extension (above, not over-stretched from 30w)",C,True,False,101.32,35.32782875588491,0.008683886323166634,0.03776975637811719,0.1155785821504565,0.7826182160596495,0.06404834663996663,52.145745869405864,True,2026-10-09,False,True,WEEKLY_ONLY,True
NAHARINDUS,0,,,,6,"Minervini weekly base, Weekly RS leader, Weekly VCP contraction, 13-4 weekly momentum, Weekly RSI healthy, Anti-extension (above, not over-stretched from 30w)",C,True,False,127.29,41.53304565598949,0.0786373840842467,0.083411373856638,0.4921047690353276,0.8265584415584416,0.08283380039379094,55.836122323886194,True,2026-10-09,False,True,WEEKLY_ONLY,True
NETWEB,0,,,,6,"Minervini weekly base, Weekly RS leader, Weekly VCP contraction, 13-4 weekly momentum, Weekly RSI healthy, Anti-extension (above, not over-stretched from 30w)",C,True,False,4721.6,47.5868462498373,0.0974548151954775,0.1730708845200799,0.9385268368733057,0.8122484087390333,0.07427755430664396,54.05887908506729,True,2026-10-09,False,True,WEEKLY_ONLY,True
OFSS,0,,,,6,"Minervini weekly base, Weekly VCP contraction, Weekly trend structure, 13-4 weekly momentum, Weekly RSI healthy, Anti-extension (above, not over-stretched from 30w)",C,True,False,10510.0,41.364969374815715,-0.09793150802506223,0.19165444164837941,0.628500444444869,0.8381180223285486,0.04361375064046829,50.68763880109173,True,2026-10-09,False,True,WEEKLY_ONLY,True
ORIENTHOT,0,,,,6,"Weinstein Stage 2 (30w/40w), Minervini weekly base, Weekly RS leader, Weekly VCP contraction, 13-4 weekly momentum, Weekly RSI healthy",C,True,False,140.01,42.23060531049616,0.053582870213019884,0.0918503634604475,0.19873529681622804,0.9454631312011178,0.1781086063026918,61.41975872845876,True,2026-10-09,False,True,WEEKLY_ONLY,True
PCBL,0,,,,6,"Minervini weekly base, Weekly VCP contraction, Weekly trend structure, 13-4 weekly momentum, Weekly RSI healthy, Anti-extension (above, not over-stretched from 30w)",C,True,False,312.4,32.36488454711123,0.023297588423119464,-0.16909734518733488,0.3163380772836395,0.8173003460939203,0.041344409481959554,50.15983016966753,True,2026-10-09,False,True,WEEKLY_ONLY,True
PDMJEPAPER,0,,,,6,"Minervini weekly base, Weekly VCP contraction, Weekly trend structure, 13-4 weekly momentum, Weekly RSI healthy, Anti-extension (above, not over-stretched from 30w)",C,True,False,92.2,31.855495939424024,0.10650998239174347,-0.23065273288090316,0.4294738448406179,0.7367363697955719,0.06802701802114366,51.62226449712686,True,2026-10-09,False,True,WEEKLY_ONLY,True
PETRONET,0,,,,6,"Minervini weekly base, Weekly VCP contraction, 13-4 weekly momentum, Weekly RSI healthy, Anti-extension (above, not over-stretched from 30w), Weekly volume confirm",C,True,False,291.5,51.87845600648111,0.044990095872999625,0.07462777914033136,1.7642571997550638,0.9033787128928978,0.05542429475089596,56.62593731107283,True,2026-10-09,False,True,WEEKLY_ONLY,True
PRICOLLTD,0,,,,6,"Minervini weekly base, Weekly RS leader, Weekly VCP contraction, 13-4 weekly momentum, Anti-extension (above, not over-stretched from 30w), Weekly volume confirm",C,True,False,670.85,54.700807760818826,0.06950976484655236,0.28767079828115416,1.8320868046622902,0.815127582017011,0.04352627209190407,49.32582468265594,True,2026-10-09,False,True,WEEKLY_ONLY,True
RAIN,0,,,,6,"Weinstein Stage 2 (30w/40w), Minervini weekly base, Weekly RS leader, Weekly VCP contraction, 13-4 weekly momentum, Weekly RSI healthy",C,True,False,215.42,51.592033838794784,0.045309889412103566,0.6534103672826828,0.6258070903187584,0.8588548194870594,0.1943627185041583,60.98804638024995,True,2026-10-09,False,True,WEEKLY_ONLY,True
RISHABH,0,,,,6,"Minervini weekly base, Weekly RS leader, Weekly VCP contraction, Weekly trend structure, 13-4 weekly momentum, Weekly RSI healthy",C,True,False,677.9,52.747597529795186,0.027112568503294687,0.7421574384998018,0.9224926389780965,0.7956572769953051,0.16061590596840553,57.06400447994392,True,2026-10-09,False,True,WEEKLY_ONLY,True
RPSGVENT,0,,,,6,"Weinstein Stage 2 (30w/40w), Minervini weekly base, Wyckoff weekly absorption, Weekly RSI healthy, Anti-extension (above, not over-stretched from 30w), Weekly volume confirm",C,True,False,891.3,49.87234644587812,-0.0024064157788976637,0.08226581653967902,2.0928444192275717,0.7559796437659033,0.008839933696514516,53.64186302346542,True,2026-10-09,False,True,WEEKLY_ONLY,True
RSWM,0,,,,6,"Minervini weekly base, Weekly VCP contraction, Weekly trend structure, 13-4 weekly momentum, Weekly RSI healthy, Anti-extension (above, not over-stretched from 30w)",C,True,False,195.63,45.78206239282117,-0.01836516337715932,0.36270551216855496,0.7510282205870734,0.8219747899159664,0.04805902917699142,50.76279910073549,True,2026-10-09,False,True,WEEKLY_ONLY,True
SAHYADRI,0,,,,6,"Minervini weekly base, Weekly RS leader, Weekly VCP contraction, 13-4 weekly momentum, Weekly RSI healthy, Anti-extension (above, not over-stretched from 30w)",C,True,False,327.35,45.947095276275356,0.19273130966656127,0.2382366131439846,0.41278557077089634,0.8004645805812541,0.0999347261881864,52.69105349159638,True,2026-10-09,False,True,WEEKLY_ONLY,True
SAREGAMA,0,,,,6,"Minervini weekly base, Weekly RS leader, Weekly VCP contraction, 13-4 weekly momentum, Weekly RSI healthy, Anti-extension (above, not over-stretched from 30w)",C,True,False,485.6,40.20626364020101,0.01335556684043615,0.08660213396063243,0.32390004147428203,0.8452567449956484,0.09200485985078213,56.682272150732835,True,2026-10-09,False,True,WEEKLY_ONLY,True
SATIA,0,,,,6,"Minervini weekly base, Weekly VCP contraction, Weekly trend structure, 13-4 weekly momentum, Weekly RSI healthy, Anti-extension (above, not over-stretched from 30w)",C,True,False,68.06,41.96956662434017,0.23518428846571893,-0.14105799925551865,0.7036184015549806,0.8170198818315046,0.10704787294028724,58.81628455179221,True,2026-10-09,False,True,WEEKLY_ONLY,True
SEAMECLTD,0,,,,6,"Minervini weekly base, Weekly RS leader, Weekly VCP contraction, 13-4 weekly momentum, Weekly RSI healthy, Anti-extension (above, not over-stretched from 30w)",C,True,False,1571.2,53.1235912094682,0.10397343177482887,0.7956186903642619,0.6386300683751603,0.8497566252028124,0.01620399751963958,52.57105831454208,True,2026-10-09,False,True,WEEKLY_ONLY,True
SHRIPISTON,0,,,,6,"Minervini weekly base, Weekly RS leader, Weekly VCP contraction, 13-4 weekly momentum, Weekly RSI healthy, Anti-extension (above, not over-stretched from 30w)",C,True,False,4284.5,53.481789221226705,0.023878960276956462,0.6081727335032352,1.0119062233926697,0.884678918026017,0.09077897206470796,56.20719547074074,True,2026-10-09,False,True,WEEKLY_ONLY,True
SMSPHARMA,0,,,,6,"Weinstein Stage 2 (30w/40w), Minervini weekly base, Weekly RS leader, 13-4 weekly momentum, Weekly RSI healthy, Anti-extension (above, not over-stretched from 30w)",C,True,False,444.65,52.659729076281735,0.1051194221880638,0.6203590430352977,0.6729785151862143,0.8992820083374181,0.11332643956837313,59.558673270863046,True,2026-10-09,False,True,WEEKLY_ONLY,True
SOLARA,0,,,,6,"Minervini weekly base, Weekly RS leader, Weekly trend structure, 13-4 weekly momentum, Weekly RSI healthy, Anti-extension (above, not over-stretched from 30w)",C,True,False,644.35,42.33197327038786,0.13262431419940102,0.07168399168399175,0.4195180314867887,0.8324935400516796,0.13755329507235164,55.32378902891681,True,2026-10-09,False,True,WEEKLY_ONLY,True
SPLPETRO,0,,,,6,"Weinstein Stage 2 (30w/40w), Minervini weekly base, Weekly VCP contraction, 13-4 weekly momentum, Weekly RSI healthy, Anti-extension (above, not over-stretched from 30w)",C,True,False,788.55,40.64702844062005,0.08681113342656754,-0.001579577440353197,0.5350771287623413,0.8771412680756395,0.06956452658027054,55.029090207440554,True,2026-10-09,False,True,WEEKLY_ONLY,True
STAR,0,,,,6,"Weinstein Stage 2 (30w/40w), Minervini weekly base, Weekly RS leader, 13-4 weekly momentum, Weekly RSI healthy, Anti-extension (above, not over-stretched from 30w)",C,True,False,1085.3,43.92367344119364,0.007188202541539956,0.2815208318288671,0.5953818934654632,0.8607343794004101,0.023277150424120072,52.819369326031506,True,2026-10-09,False,True,WEEKLY_ONLY,True
STYLAMIND,0,,,,6,"Minervini weekly base, Weekly VCP contraction, Weekly trend structure, 13-4 weekly momentum, Weekly RSI healthy, Anti-extension (above, not over-stretched from 30w)",C,True,False,3271.0,45.86859396132584,-0.0042011838233648735,0.6209117938553024,0.315183483157997,0.7881927710843374,0.09152916832308787,58.35602456581991,True,2026-10-09,False,True,WEEKLY_ONLY,True
SUNDRMFAST,0,,,,6,"Minervini weekly base, Weekly RS leader, Weekly VCP contraction, Weekly trend structure, 13-4 weekly momentum, Weekly RSI healthy",C,True,False,1127.8,46.34255287644894,0.1987670223569158,0.13678842734428365,0.5131287868076704,0.8371437358047498,0.16233001931489593,59.03514850177321,True,2026-10-09,False,True,WEEKLY_ONLY,True
SUPRIYA,0,,,,6,"Minervini weekly base, Weekly VCP contraction, Weekly trend structure, 13-4 weekly momentum, Weekly RSI healthy, Anti-extension (above, not over-stretched from 30w)",C,True,False,847.65,41.517731868772366,-0.006954047189050794,0.17534389937600858,0.6107015526766633,0.7821724598066004,0.04138028560142887,50.6463396021402,True,2026-10-09,False,True,WEEKLY_ONLY,True
TBOTEK,0,,,,6,"Minervini weekly base, Weekly RS leader, Weekly VCP contraction, 13-4 weekly momentum, Weekly RSI healthy, Weekly volume confirm",C,True,False,1666.4,59.66228166100055,0.10731608277355043,0.06711067242091873,2.2742769593129033,0.9442429475829485,0.16831035021984564,62.553280963523605,True,2026-10-09,False,True,WEEKLY_ONLY,True
TI,0,,,,6,"Minervini weekly base, Weekly RS leader, 13-4 weekly momentum, Weekly RSI healthy, Anti-extension (above, not over-stretched from 30w), Weekly volume confirm",C,True,False,541.0,56.244784602365925,0.21410947175877748,0.1958944986589648,1.4554412872306879,0.8900954440036573,0.13229203671017073,58.197591251428506,True,2026-10-09,False,True,WEEKLY_ONLY,True
TNPETRO,0,,,,6,"Minervini weekly base, Weekly RS leader, Weekly VCP contraction, Weekly trend structure, 13-4 weekly momentum, Weekly RSI healthy",C,True,False,118.51,44.95631368326441,0.22191125106618914,0.07869364352840114,0.4527505381583137,0.8158267604223456,0.1959760786421482,59.32769315992175,True,2026-10-09,False,True,WEEKLY_ONLY,True
TORNTPHARM,0,,,,6,"Minervini weekly base, Weekly VCP contraction, Weekly trend structure, 13-4 weekly momentum, Weekly RSI healthy, Anti-extension (above, not over-stretched from 30w)",C,True,False,4656.9,43.93086049736284,-0.04990309089054379,0.3298656794461525,0.5624281813791333,0.8870285714285714,0.012419142317870436,50.12401897766077,True,2026-10-09,False,True,WEEKLY_ONLY,True
TRACXN,0,,,,6,"Weekly VCP contraction, Wyckoff weekly absorption, 13-4 weekly momentum, Weekly RSI healthy, Anti-extension (above, not over-stretched from 30w), Weekly volume confirm",C,True,False,34.66,42.66294786654902,0.15379490491575276,-0.32423475567716054,2.091276573580265,0.6200357612504563,0.10831610084701561,57.21500263299327,True,2026-10-09,False,True,WEEKLY_ONLY,True
UDS,0,,,,6,"Minervini weekly base, Weekly VCP contraction, Weekly trend structure, 13-4 weekly momentum, Weekly RSI healthy, Anti-extension (above, not over-stretched from 30w)",C,True,False,199.8,33.27179795836397,0.007906537382953216,-0.1814714044304624,0.4451721876064047,0.7677030472648682,0.07828877189845147,51.142667207541216,True,2026-10-09,False,True,WEEKLY_ONLY,True
UNIONBANK,0,,,,6,"Minervini weekly base, Weekly RS leader, Weekly VCP contraction, 13-4 weekly momentum, Weekly RSI healthy, Anti-extension (above, not over-stretched from 30w)",C,True,False,173.06,45.97878863120352,0.05197255959308156,0.27931014894900996,0.7579889852892071,0.8670472182718075,0.006756670080909439,50.32885022888779,True,2026-10-09,False,True,WEEKLY_ONLY,True
USHAMART,0,,,,6,"Weinstein Stage 2 (30w/40w), Minervini weekly base, Weekly VCP contraction, Weekly trend structure, Weekly RSI healthy, Anti-extension (above, not over-stretched from 30w)",C,True,False,502.05,46.15568718645074,-0.008386976571936433,0.07701864549532278,1.118991510544155,0.9252672734786823,0.05263801118245097,55.37834622713081,True,2026-10-09,False,True,WEEKLY_ONLY,True
VADILALIND,0,,,,6,"Minervini weekly base, Weekly RS leader, Weekly VCP contraction, Weekly trend structure, 13-4 weekly momentum, Weekly RSI healthy",C,True,False,7162.0,46.71131257028168,0.12629527278177766,0.3597426053596444,0.22358724425518478,0.8546884158863748,0.19323418077637775,59.40849623212042,True,2026-10-09,False,True,WEEKLY_ONLY,True
VRLLOG,0,,,,6,"Minervini weekly base, Weekly RS leader, Weekly VCP contraction, 13-4 weekly momentum, Weekly RSI healthy, Anti-extension (above, not over-stretched from 30w)",C,True,False,284.15,45.36881960245533,0.22896929954960132,0.06347651295396495,0.3795229752448073,0.9160218852936564,0.09486378794839506,57.13883762864543,True,2026-10-09,False,True,WEEKLY_ONLY,True
WCIL,0,,,,6,"Minervini weekly base, Weekly VCP contraction, Wyckoff weekly absorption, Weekly RSI healthy, Anti-extension (above, not over-stretched from 30w), Weekly volume confirm",C,True,False,97.52,51.26172845536528,0.029126190392035456,-0.20618639632671198,3.018208828868805,0.7051847909069132,0.03638102761220925,52.29266773209764,True,2026-10-09,False,True,WEEKLY_ONLY,True
SKYGOLD,10,"Protocol Fortified, Relative Strength Leader, Minervini Template, Stan Weinstein Stage 2, Qullamaggie Breakout, CANSLIM Pivot, Turtle Trading, Darvas Box, Wyckoff Closing Range, Sector Momentum Leader",921.0,156.87441109081647,10,"Weinstein Stage 2 (30w/40w), Weekly RS leader, Darvas weekly box, Weekly VCP contraction, Wyckoff weekly absorption, 52-week high breakout, Weekly trend structure, 13-4 weekly momentum, Weekly RSI healthy, Weekly volume confirm",A+,False,True,921.0,86.52021244400558,0.4763164799917974,1.6878739717072255,2.1861541642569335,1.0600828878228188,0.5481766917691479,78.83051517891572,True,2026-10-09,True,False,DAILY_ONLY,False
KMEW,2,"Relative Strength Leader, Minervini Template",3207.8,98.26585865541878,10,"Weinstein Stage 2 (30w/40w), Weekly RS leader, Darvas weekly box, Weekly VCP contraction, Wyckoff weekly absorption, 52-week high breakout, Weekly trend structure, 13-4 weekly momentum, Weekly RSI healthy, Weekly volume confirm",A+,False,True,3207.8,77.89851394777962,0.32954783641535546,1.7019879817495007,1.604379899031021,1.0103307086614173,0.4020983244254679,77.51184664803463,True,2026-10-09,True,False,DAILY_ONLY,False
PTCIL,2,"Relative Strength Leader, Minervini Template",24535.0,82.0490630784565,10,"Weinstein Stage 2 (30w/40w), Weekly RS leader, Darvas weekly box, Weekly VCP contraction, Wyckoff weekly absorption, 52-week high breakout, Weekly trend structure, 13-4 weekly momentum, Weekly RSI healthy, Weekly volume confirm",A+,False,True,24535.0,67.65927037243415,0.3938756959436427,0.5101249461439035,1.5232325639191338,1.0169948186528497,0.3194217883404021,72.05572056461756,True,2026-10-09,True,False,DAILY_ONLY,False
ZIMLAB,2,"Relative Strength Leader, Minervini Template",150.47,97.96999999999998,10,"Weinstein Stage 2 (30w/40w), Weekly RS leader, Darvas weekly box, Weekly VCP contraction, Wyckoff weekly absorption, 52-week high breakout, Weekly trend structure, 13-4 weekly momentum, Weekly RSI healthy, Weekly volume confirm",A+,False,True,150.47,84.54363915415496,0.3243266710317565,1.1130459476836307,4.145944313735358,1.041386907602539,0.3776486410509374,74.41809539730662,True,2026-10-09,True,False,DAILY_ONLY,False
CPPLUS,1,Relative Strength Leader,4185.2,99.44,10,"Weinstein Stage 2 (30w/40w), Weekly RS leader, Darvas weekly box, Weekly VCP contraction, Wyckoff weekly absorption, 52-week high breakout, Weekly trend structure, 13-4 weekly momentum, Weekly RSI healthy, Weekly volume confirm",A+,False,True,4185.2,78.25160512680327,0.14326672861430834,2.009703816139329,1.7644675638187888,1.022276502198339,0.3488590466544045,70.09494450495805,True,2026-10-09,True,False,DAILY_ONLY,False
NYKAA,1,Relative Strength Leader,343.0,72.86980280143231,10,"Weinstein Stage 2 (30w/40w), Minervini weekly base, Weekly RS leader, Weekly VCP contraction, Wyckoff weekly absorption, 52-week high breakout, 13-4 weekly momentum, Weekly RSI healthy, Anti-extension (above, not over-stretched from 30w), Weekly volume confirm",A+,True,False,343.0,55.30139807791133,0.03907904773694271,0.2934122585401231,1.4371607409732163,0.9812616563532877,0.14712778545435087,66.14130885786474,True,2026-10-09,True,True,BOTH,False
SHREEJISPG,6,"Relative Strength Leader, Minervini Template, Stan Weinstein Stage 2, Turtle Trading, Wyckoff Closing Range, Sector Momentum Leader",811.8,85.00548458575454,9,"Weinstein Stage 2 (30w/40w), Weekly RS leader, Darvas weekly box, Weekly VCP contraction, Wyckoff weekly absorption, 52-week high breakout, Weekly trend structure, 13-4 weekly momentum, Weekly volume confirm",A+,False,True,811.8,81.47996816600244,0.4713185319438151,2.2261747294366256,1.2922766139676904,1.0407692307692307,0.5040760914921699,85.02956984759315,True,2026-10-09,True,False,DAILY_ONLY,False
AVADHSUGAR,2,"Relative Strength Leader, Minervini Template",945.75,81.63297883695527,9,"Weinstein Stage 2 (30w/40w), Weekly RS leader, Darvas weekly box, Weekly VCP contraction, Wyckoff weekly absorption, 52-week high breakout, 13-4 weekly momentum, Weekly RSI healthy, Weekly volume confirm",A+,False,True,945.75,84.2816283630608,0.8343201304359715,1.189309573847988,1.5128795489033162,1.0688856386165466,0.6502289059403079,76.57994487160329,True,2026-10-09,True,False,DAILY_ONLY,False
PREMIERPOL,2,"Relative Strength Leader, Minervini Template",102.85,89.12614310667537,9,"Weinstein Stage 2 (30w/40w), Weekly RS leader, Weekly VCP contraction, Wyckoff weekly absorption, 52-week high breakout, Weekly trend structure, 13-4 weekly momentum, Weekly RSI healthy, Weekly volume confirm",A+,False,True,102.85,84.16492036429318,0.6257031948222564,1.3030188186072813,2.1651306927039133,0.9702830188679245,0.4759406617679732,68.23251228116126,True,2026-10-09,True,False,DAILY_ONLY,False
PVRINOX,2,"Relative Strength Leader, Minervini Template",1327.2,74.4544658292137,9,"Weinstein Stage 2 (30w/40w), Weekly RS leader, Weekly VCP contraction, Wyckoff weekly absorption, 52-week high breakout, Weekly trend structure, 13-4 weekly momentum, Weekly RSI healthy, Weekly volume confirm",A+,False,True,1327.2,70.42687110196849,0.3244848222823489,0.2176146788990827,2.599623381097563,0.9774635088174176,0.23441900658412185,69.11548367697476,True,2026-10-09,True,False,DAILY_ONLY,False
TEXINFRA,2,"Relative Strength Leader, Connors RSI Pullback",118.07,93.41,9,"Weinstein Stage 2 (30w/40w), Minervini weekly base, Weekly RS leader, Weekly VCP contraction, Weekly trend structure, 13-4 weekly momentum, Weekly RSI healthy, Anti-extension (above, not over-stretched from 30w), Weekly volume confirm",A+,True,False,118.07,53.14695838394582,0.03252558350678125,0.26146156584975855,1.4126039420779293,0.9326961325194347,0.11119440762642367,64.1620484831314,True,2026-10-09,True,True,BOTH,False
ARFIN,1,Relative Strength Leader,105.14,97.34,9,"Weinstein Stage 2 (30w/40w), Minervini weekly base, Weekly RS leader, Darvas weekly box, Weekly VCP contraction, Wyckoff weekly absorption, 52-week high breakout, Weekly RSI healthy, Weekly volume confirm",A+,True,False,105.14,80.19923774378638,0.17432445907736738,1.1201683899461425,6.99103210837973,0.9913200721334947,0.1789880221064334,67.51115945879025,True,2026-10-09,True,True,BOTH,False
MARINE,1,Minervini Template,455.65,1.0030258323195897,9,"Weinstein Stage 2 (30w/40w), Weekly RS leader, Darvas weekly box, Weekly VCP contraction, 52-week high breakout, Weekly trend structure, 13-4 weekly momentum, Weekly RSI healthy, Weekly volume confirm",A+,False,True,455.65,83.18834691237637,0.7625997448665791,1.1634226520872044,1.717248570155276,1.0132991118552475,0.5759881168174068,74.07467542869526,True,2026-10-09,True,False,DAILY_ONLY,False
SHANTIGOLD,1,PKScreener VCP,380.55,4.6114968727743735,9,"Weinstein Stage 2 (30w/40w), Weekly RS leader, Darvas weekly box, Wyckoff weekly absorption, 52-week high breakout, Weekly trend structure, 13-4 weekly momentum, Weekly RSI healthy, Weekly volume confirm",A+,False,True,380.55,86.09148631989349,0.7942854758398306,0.7771913852440466,2.0923206504165517,1.1424840258906046,0.651049740335933,75.89760037396674,True,2026-10-09,True,False,DAILY_ONLY,False
BHAGYANGR,0,,,,9,"Weinstein Stage 2 (30w/40w), Weekly RS leader, Weekly VCP contraction, Wyckoff weekly absorption, 52-week high breakout, Weekly trend structure, 13-4 weekly momentum, Weekly RSI healthy, Weekly volume confirm",A+,False,True,454.55,74.85973814636212,0.1865048101230733,3.5305491049966795,1.3406595551837133,0.9714682751215469,0.3732033836509183,66.94430704904482,True,2026-10-07,False,False,NEITHER,False
IBULLSLTD,0,,,,9,"Weinstein Stage 2 (30w/40w), Weekly RS leader, Darvas weekly box, Weekly VCP contraction, Wyckoff weekly absorption, 52-week high breakout, Weekly trend structure, Weekly RSI healthy, Weekly volume confirm",A+,False,True,36.62,84.40169593053804,0.23590958613623347,1.1228985507246376,2.929991398328956,1.1267692307692307,0.5551875079274607,73.42779367586176,True,2026-10-09,False,False,NEITHER,False
ONEPOINT,0,,,,9,"Weinstein Stage 2 (30w/40w), Weekly RS leader, Darvas weekly box, Wyckoff weekly absorption, 52-week high breakout, Weekly trend structure, 13-4 weekly momentum, Weekly RSI healthy, Weekly volume confirm",A+,False,True,80.36,79.04685917817774,0.4931252407221416,0.6165761713944817,2.3566988287703685,1.0786577181208055,0.39144286607276896,76.49212242466916,True,2026-10-09,False,False,NEITHER,False
SMCGLOBAL,0,,,,9,"Weekly RS leader, Darvas weekly box, Weekly VCP contraction, Wyckoff weekly absorption, 52-week high breakout, Weekly trend structure, 13-4 weekly momentum, Weekly RSI healthy, Weekly volume confirm",A+,False,True,115.95,86.07505403461082,0.5443526527997582,0.6893879727942458,17.906483978287213,1.0836448598130841,0.5646972014788029,77.07218127875848,True,2026-10-09,False,False,NEITHER,False
UNITEDPOLY,0,,,,9,"Weinstein Stage 2 (30w/40w), Weekly RS leader, Darvas weekly box, Wyckoff weekly absorption, 52-week high breakout, Weekly trend structure, 13-4 weekly momentum, Weekly RSI healthy, Weekly volume confirm",A+,False,True,50.12,81.27681591480129,0.6225315956722139,0.13035633350296139,8.051669207069887,1.0441666666666667,0.4625320972584135,78.31356884070874,True,2026-10-09,False,False,NEITHER,False
PATELRMART,7,"Protocol Fortified, Stan Weinstein Stage 2, CANSLIM Pivot, Turtle Trading, Darvas Box, Wyckoff Closing Range, Sector Momentum Leader",238.28,175.57568588795795,8,"Weinstein Stage 2 (30w/40w), Minervini weekly base, Weekly RS leader, Weekly VCP contraction, Wyckoff weekly absorption, Weekly RSI healthy, Anti-extension (above, not over-stretched from 30w), Weekly volume confirm",A,True,False,238.28,51.3953832463321,0.05695527599158434,0.05168377233189747,1.5283772592701288,0.8957894736842106,0.14226180075269637,59.868032328914,True,2026-10-09,True,True,BOTH,False
AVTNPL,2,"Relative Strength Leader, Minervini Template",94.78,93.41999999999999,8,"Weinstein Stage 2 (30w/40w), Weekly RS leader, Weekly VCP contraction, Wyckoff weekly absorption, Weekly trend structure, 13-4 weekly momentum, Weekly RSI healthy, Weekly volume confirm",A,False,True,94.78,75.61106416167004,0.3615598518954808,0.3838191747837776,6.400324152993727,0.9292156862745098,0.2873474755719063,68.64565648974337,True,2026-10-09,True,False,DAILY_ONLY,False
DBOL,2,"Relative Strength Leader, Minervini Template",141.33,95.94,8,"Weinstein Stage 2 (30w/40w), Weekly RS leader, Darvas weekly box, Wyckoff weekly absorption, 52-week high breakout, 13-4 weekly momentum, Weekly RSI healthy, Weekly volume confirm",A,False,True,141.33,78.66519846041334,0.27367947585841024,0.7571654821110074,2.9373791609744906,1.0167625899280577,0.23326159695432963,67.2660320617591,True,2026-10-09,True,False,DAILY_ONLY,False
MMP,2,"Relative Strength Leader, Minervini Template",501.35,80.84128431250775,8,"Weinstein Stage 2 (30w/40w), Weekly RS leader, Darvas weekly box, Weekly VCP contraction, Wyckoff weekly absorption, 52-week high breakout, 13-4 weekly momentum, Weekly volume confirm",A,False,True,501.35,76.00478801872568,0.7514606542722158,0.8122470303757701,1.2647575672080933,1.006726907630522,0.5937961989774945,82.08618258319717,True,2026-10-09,True,False,DAILY_ONLY,False
PASUPTAC,2,"Relative Strength Leader, Minervini Template",73.24,77.30881013378878,8,"Weinstein Stage 2 (30w/40w), Weekly RS leader, Weekly VCP contraction, Wyckoff weekly absorption, Weekly trend structure, 13-4 weekly momentum, Weekly RSI healthy, Weekly volume confirm",A,False,True,73.24,61.713315435189415,0.21721791970737203,0.6525270871911382,1.3536629951738346,0.9009718191061097,0.22670477653823234,62.77328379855822,True,2026-10-09,True,False,DAILY_ONLY,False
AETHER,1,Minervini Template,1748.1,0.43162942525399633,8,"Weinstein Stage 2 (30w/40w), Weekly RS leader, Weekly VCP contraction, 52-week high breakout, Weekly trend structure, 13-4 weekly momentum, Weekly RSI healthy, Weekly volume confirm",A,False,True,1748.1,68.34424297540481,0.16477874675242377,1.3301785811189513,1.3515375713115747,0.9722469410456062,0.2702399556002892,68.4502627907832,True,2026-10-09,True,False,DAILY_ONLY,False
CUB,1,Relative Strength Leader,231.42,81.27333957530685,8,"Weinstein Stage 2 (30w/40w), Minervini weekly base, Weekly RS leader, Weekly VCP contraction, Weekly trend structure, 13-4 weekly momentum, Weekly RSI healthy, Anti-extension (above, not over-stretched from 30w)",A,True,False,231.42,49.855732529331796,0.018567390256801986,0.4497544735524217,0.7233991592265376,0.9299577830982042,0.12199610188822269,59.55592341768425,True,2026-10-09,True,True,BOTH,False
DMCC,1,Relative Strength Leader,332.7,69.33457321349927,8,"Weinstein Stage 2 (30w/40w), Weekly RS leader, Darvas weekly box, Weekly VCP contraction, 52-week high breakout, 13-4 weekly momentum, Weekly RSI healthy, Weekly volume confirm",A,False,True,332.7,71.75798508055145,0.27321871471160875,0.09127128206072732,7.741973646493949,1.0081720264916727,0.22641683147618716,66.59408615143988,True,2026-10-09,True,False,DAILY_ONLY,False
GLAND,1,Minervini Template,3061.8,0.5732645209219343,8,"Weinstein Stage 2 (30w/40w), Weekly RS leader, Darvas weekly box, Weekly VCP contraction, 52-week high breakout, Weekly trend structure, 13-4 weekly momentum, Weekly RSI healthy",A,False,True,3061.8,59.96643524708451,0.24422505025808405,0.6038948359507028,0.8369497549405387,1.006508875739645,0.30588227164788456,73.40681698914759,True,2026-10-09,True,False,DAILY_ONLY,False
IPCALAB,1,Connors RSI Pullback,1915.4,91.45,8,"Weinstein Stage 2 (30w/40w), Minervini weekly base, Weekly RS leader, Weekly VCP contraction, Weekly trend structure, 13-4 weekly momentum, Weekly RSI healthy, Anti-extension (above, not over-stretched from 30w)",A,True,False,1915.4,50.08322690472308,0.07503210340671229,0.44027714786705574,0.545438498414105,0.9398429833169775,0.11981193346124598,61.81909023224567,True,2026-10-09,True,True,BOTH,False
MANOMAY,1,Relative Strength Leader,239.33,81.20081252608401,8,"Minervini weekly base, Weekly RS leader, Weekly VCP contraction, Wyckoff weekly absorption, 13-4 weekly momentum, Weekly RSI healthy, Anti-extension (above, not over-stretched from 30w), Weekly volume confirm",A,True,False,239.33,60.55701067536938,0.37057614644523174,0.1835714952458245,1.569801910501704,0.9209250250242258,0.14132249584692946,63.08950037326644,True,2026-10-09,True,True,BOTH,False
PCJEWELLER,1,PKScreener VCP,14.81,5.383487231741845,8,"Weinstein Stage 2 (30w/40w), Weekly RS leader, Weekly VCP contraction, Wyckoff weekly absorption, 52-week high breakout, 13-4 weekly momentum, Weekly RSI healthy, Weekly volume confirm",A,False,True,14.81,64.50112006858829,0.48248251644777973,0.15342677757017453,1.4051687261948878,0.9966352854756104,0.4688574470653958,67.74013016300341,True,2026-10-09,True,False,DAILY_ONLY,False
SGFIN,1,Relative Strength Leader,676.05,95.66,8,"Weinstein Stage 2 (30w/40w), Minervini weekly base, Weekly RS leader, Weekly VCP contraction, 13-4 weekly momentum, Weekly RSI healthy, Anti-extension (above, not over-stretched from 30w), Weekly volume confirm",A,True,False,676.05,67.87300861497211,0.05980557160344957,0.8418472210420558,2.2506594087251215,0.9293422072382852,0.12785591658880058,61.02974890184486,True,2026-10-09,True,True,BOTH,False
SOUTHBANK,1,Relative Strength Leader,47.91,74.43988253494547,8,"Weinstein Stage 2 (30w/40w), Minervini weekly base, Weekly RS leader, Weekly VCP contraction, Weekly trend structure, 13-4 weekly momentum, Weekly RSI healthy, Anti-extension (above, not over-stretched from 30w)",A,True,False,47.91,52.894277182609486,0.05612401317266591,0.4121728750733813,0.9990684272962724,0.9453433250099469,0.10567681220086395,59.58036244992597,True,2026-10-09,True,True,BOTH,False
VETO,1,Connors RSI Pullback,131.63,92.66,8,"Weinstein Stage 2 (30w/40w), Minervini weekly base, Weekly RS leader, Weekly VCP contraction, Weekly trend structure, 13-4 weekly momentum, Weekly RSI healthy, Anti-extension (above, not over-stretched from 30w)",A,True,False,131.63,47.56434231007195,0.07345804471937312,0.1258729286570266,1.0095914552736982,0.8443233172119343,0.09296432123614036,54.80594453929078,True,2026-10-09,True,True,BOTH,False
LOKESHMACH,0,,,,8,"Weinstein Stage 2 (30w/40w), Weekly RS leader, Darvas weekly box, Weekly VCP contraction, 52-week high breakout, 13-4 weekly momentum, Weekly RSI healthy, Weekly volume confirm",A,False,True,450.75,88.57945666377111,0.36446190910242304,1.3568627450980393,11.818480522365226,1.095515826046917,0.5102037175782834,77.53301883384277,True,2026-10-09,False,False,NEITHER,False
SBC,0,,,,8,"Weinstein Stage 2 (30w/40w), Weekly RS leader, Darvas weekly box, Wyckoff weekly absorption, 52-week high breakout, Weekly trend structure, 13-4 weekly momentum, Weekly volume confirm",A,False,True,62.43,86.44117959139535,0.4731004819858171,1.7441758241758243,2.158236176086573,1.0492436974789916,0.533165787527222,86.64496593675779,True,2026-10-09,False,False,NEITHER,False
MAYURUNIQ,6,"Protocol Fortified, Stan Weinstein Stage 2, Turtle Trading, Darvas Box, Wyckoff Closing Range, Sector Momentum Leader",788.4,114.86018606727382,7,"Weinstein Stage 2 (30w/40w), Minervini weekly base, Weekly VCP contraction, Wyckoff weekly absorption, Weekly RSI healthy, Anti-extension (above, not over-stretched from 30w), Weekly volume confirm",B,True,False,788.4,54.23052669064,-0.04679629166096,0.6165675215634812,1.257958774708789,0.8760121076840519,0.12249579318731259,60.17881556834231,True,2026-10-09,True,True,BOTH,False
PERSISTENT,6,"CANSLIM Pivot, PKScreener VCP, Turtle Trading, Darvas Box, Wyckoff Closing Range, Sector Momentum Leader",5770.0,90.12908257262112,7,"Minervini weekly base, Weekly RS leader, Weekly VCP contraction, Weekly trend structure, 13-4 weekly momentum, Weekly RSI healthy, Anti-extension (above, not over-stretched from 30w)",B,True,False,5770.0,47.47687295413636,0.1456579542592309,0.08457163405582979,0.9157445804350107,0.8805592076512512,0.11112194867785842,59.07968415675619,True,2026-10-09,True,True,BOTH,False
CPCAP,3,"Relative Strength Leader, Minervini Template, Connors RSI Pullback",146.39,93.55999999999999,7,"Weinstein Stage 2 (30w/40w), Weekly RS leader, Weekly VCP contraction, Weekly trend structure, 13-4 weekly momentum, Weekly RSI healthy, Weekly volume confirm",B,False,True,146.39,72.38286162710654,0.3012444444444444,0.20515352374137907,3.806548262658771,0.9120872274143301,0.3430809130774226,65.65394947568387,True,2026-10-09,True,False,DAILY_ONLY,False
EIMCOELECO,2,"Relative Strength Leader, Minervini Template",2261.8,76.94243891042026,7,"Weinstein Stage 2 (30w/40w), Weekly RS leader, Weekly VCP contraction, Weekly trend structure, 13-4 weekly momentum, Weekly RSI healthy, Weekly volume confirm",B,False,True,2261.8,58.84057493445239,0.29645765886266107,0.16966138168483913,1.449687041413128,0.9528317186207718,0.23742156543095105,68.10938292016358,True,2026-10-09,True,False,DAILY_ONLY,False
GALAXYSURF,2,"Relative Strength Leader, Minervini Template",2502.2,86.26365539809755,7,"Weinstein Stage 2 (30w/40w), Weekly RS leader, Weekly VCP contraction, Wyckoff weekly absorption, 13-4 weekly momentum, Weekly RSI healthy, Weekly volume confirm",B,False,True,2502.2,58.26818234156113,0.2649332775886193,0.12188665027495982,1.4744540058504445,0.9449395770392749,0.266414342166993,67.22629079705717,True,2026-10-09,True,False,DAILY_ONLY,False
GANDHAR,2,"Relative Strength Leader, Minervini Template",296.55,87.50890704923808,7,"Weinstein Stage 2 (30w/40w), Weekly RS leader, Weekly VCP contraction, 52-week high breakout, Weekly trend structure, 13-4 weekly momentum, Weekly RSI healthy",B,False,True,296.55,66.06642729567429,0.473342424454692,1.1615047374217897,0.38902715931514015,0.9872661816342512,0.49081294795251157,71.84855648377378,True,2026-10-09,True,False,DAILY_ONLY,False
INDOAMIN,2,"Relative Strength Leader, Minervini Template",157.72,91.18,7,"Weinstein Stage 2 (30w/40w), Weekly RS leader, Darvas weekly box, Wyckoff weekly absorption, 52-week high breakout, Weekly RSI healthy, Weekly volume confirm",B,False,True,157.72,72.8545695212128,0.2438222071081586,0.16110748688769894,26.53739007129005,1.0332132741974016,0.2740819635308367,70.58706955779829,True,2026-10-09,True,False,DAILY_ONLY,False
RAMRAT,2,"Minervini Template, Connors RSI Pullback",584.25,97.27999999999999,7,"Weinstein Stage 2 (30w/40w), Weekly RS leader, Weekly VCP contraction, Weekly trend structure, 13-4 weekly momentum, Weekly RSI healthy, Weekly volume confirm",B,False,True,584.25,68.425665408717,0.40255875508000427,0.8592082243437194,1.3348812898523452,0.9423387096774194,0.32405390839680664,67.66242443897906,True,2026-10-09,True,False,DAILY_ONLY,False
RBLBANK,2,"Relative Strength Leader, Minervini Template",418.0,75.74408784497071,7,"Weinstein Stage 2 (30w/40w), Minervini weekly base, Weekly RS leader, Weekly VCP contraction, 52-week high breakout, 13-4 weekly momentum, Weekly RSI healthy",B,True,False,418.0,52.32405177649201,0.10096472699104697,0.43718167247697526,0.6684176721599182,0.9729981239787959,0.1532477175096502,67.6354645320493,True,2026-10-09,True,True,BOTH,False
AJANTPHARM,1,Connors RSI Pullback,3410.1,90.28999999999999,7,"Minervini weekly base, Weekly RS leader, Weekly VCP contraction, Weekly trend structure, 13-4 weekly momentum, Weekly RSI healthy, Anti-extension (above, not over-stretched from 30w)",B,True,False,3410.1,52.189408399019015,0.02769499763710126,0.42960366225301994,1.1102339978519404,0.8983403582718651,0.06429845693080026,55.557822143550744,True,2026-10-09,True,True,BOTH,False
ALIVUS,1,Connors RSI Pullback,1326.3,90.33999999999999,7,"Minervini weekly base, Weekly RS leader, Weekly VCP contraction, Weekly trend structure, 13-4 weekly momentum, Weekly RSI healthy, Anti-extension (above, not over-stretched from 30w)",B,True,False,1326.3,51.822957704509804,0.1473446300239658,0.4253956192735173,0.728389488267212,0.8910392121852323,0.13923153026062743,61.89196517923618,True,2026-10-09,True,True,BOTH,False
ARIS,1,Minervini Template,140.31,0.4586925959529215,7,"Weinstein Stage 2 (30w/40w), Minervini weekly base, Weekly VCP contraction, Weekly trend structure, 13-4 weekly momentum, Weekly RSI healthy, Anti-extension (above, not over-stretched from 30w)",B,True,False,140.31,47.48607981164199,0.2833622761373227,-0.153994604543908,1.110893582208378,0.786932123378989,0.11982527383890061,55.76975118560406,True,2026-10-09,True,True,BOTH,False
BBOX,1,Relative Strength Leader,892.1,95.24,7,"Weinstein Stage 2 (30w/40w), Minervini weekly base, Weekly VCP contraction, Wyckoff weekly absorption, Weekly RSI healthy, Anti-extension (above, not over-stretched from 30w), Weekly volume confirm",B,True,False,892.1,67.01203520085141,-0.031538616891746085,0.5525004840886976,5.379893610990116,0.8098901832988378,0.1388087622355059,60.823666390888825,True,2026-10-09,True,True,BOTH,False
BIRLACABLE,1,Minervini Template,385.2,1.5585018417587493,7,"Weinstein Stage 2 (30w/40w), Weekly RS leader, Weekly VCP contraction, Weekly trend structure, 13-4 weekly momentum, Weekly RSI healthy, Weekly volume confirm",B,False,True,385.2,87.41327676806284,1.0467576388358508,1.45865340085837,1.556079194029197,0.9197708004481158,0.6829685838253933,71.77075904045753,True,2026-10-09,True,False,DAILY_ONLY,False
CENTUM,1,Connors RSI Pullback,4076.7,91.52,7,"Weinstein Stage 2 (30w/40w), Minervini weekly base, Weekly RS leader, Weekly VCP contraction, Weekly trend structure, 13-4 weekly momentum, Weekly RSI healthy",B,True,False,4076.7,53.93644268990704,0.11926258355426667,0.5157875931937463,1.0739324287734289,0.8154215421542154,0.16155767170618282,57.94649361361158,True,2026-10-09,True,True,BOTH,False
CHENNPETRO,1,Relative Strength Leader,1487.7,76.58235769922109,7,"Weinstein Stage 2 (30w/40w), Weekly RS leader, Weekly VCP contraction, Weekly trend structure, 13-4 weekly momentum, Weekly RSI healthy, Weekly volume confirm",B,False,True,1487.7,78.38914482465289,0.31496224480283397,0.95060808661446,2.8591158053542536,0.8868554396423249,0.27692557167379345,65.55649361911915,True,2026-10-09,True,False,DAILY_ONLY,False
DALMIASUG,1,Relative Strength Leader,435.55,71.1320069066277,7,"Weinstein Stage 2 (30w/40w), Minervini weekly base, Weekly RS leader, Weekly VCP contraction, 13-4 weekly momentum, Weekly RSI healthy, Anti-extension (above, not over-stretched from 30w)",B,True,False,435.55,49.91448713717952,0.2200280112044819,0.20526136046953525,0.7868641190513149,0.8375961538461538,0.14794288063384578,57.52744120957514,True,2026-10-09,True,True,BOTH,False
DPABHUSHAN,1,CANSLIM Pivot,2363.8,125.15555946382194,7,"Weekly RS leader, Darvas weekly box, Weekly VCP contraction, Wyckoff weekly absorption, 52-week high breakout, 13-4 weekly momentum, Weekly volume confirm",B,False,True,2363.8,97.33144943096684,0.9802296194109907,0.6564821303433779,3.5366542568247046,1.2283308927517425,0.9256189825698297,82.07461741464122,True,2026-10-09,True,False,DAILY_ONLY,False
FCL,1,Relative Strength Leader,57.94,79.33389450724201,7,"Weinstein Stage 2 (30w/40w), Weekly RS leader, Weekly VCP contraction, Weekly trend structure, 13-4 weekly momentum, Weekly RSI healthy, Weekly volume confirm",B,False,True,57.94,77.3424194268815,0.5679886755974073,1.3705361010823283,1.468480592483767,0.9285256183202298,0.4951872379506384,72.45592339055843,True,2026-10-09,True,False,DAILY_ONLY,False
FOSECOIND,1,Connors RSI Pullback,6236.5,92.46,7,"Weinstein Stage 2 (30w/40w), Minervini weekly base, Weekly RS leader, Weekly VCP contraction, Weekly trend structure, 13-4 weekly momentum, Weekly RSI healthy",B,True,False,6236.5,46.35287241647191,0.19233342892648886,0.13957702978664477,0.4731539696123902,0.8439677921374924,0.16686525100459992,61.55379455645896,True,2026-10-09,True,True,BOTH,False
GCSL,1,Minervini Template,701.0,0.8257157411963061,7,"Weinstein Stage 2 (30w/40w), Weekly RS leader, Darvas weekly box, Weekly VCP contraction, 52-week high breakout, Weekly trend structure, 13-4 weekly momentum",B,False,True,701.0,74.14852792416764,0.42746816135165466,2.0407513725853583,0.5315110842178409,1.0248538011695907,0.4900506720037087,81.62909030102227,True,2026-10-09,True,False,DAILY_ONLY,False
GNFC,1,Connors RSI Pullback,592.7,89.25999999999999,7,"Weinstein Stage 2 (30w/40w), Minervini weekly base, Weekly RS leader, Weekly VCP contraction, Weekly trend structure, 13-4 weekly momentum, Weekly RSI healthy",B,True,False,592.7,54.81935144417682,0.2232249310323393,0.23415539003640462,1.0304056154205723,0.9319182389937107,0.17625622653116732,63.39192857589738,True,2026-10-09,True,True,BOTH,False
KARURVYSYA,1,Relative Strength Leader,339.9,78.33473207680298,7,"Weinstein Stage 2 (30w/40w), Minervini weekly base, Weekly RS leader, Weekly VCP contraction, 13-4 weekly momentum, Weekly RSI healthy, Anti-extension (above, not over-stretched from 30w)",B,True,False,339.9,52.90509168286424,0.12070523517985321,0.511732884521418,0.6490889000964614,0.9477206351162071,0.10637037281443676,62.022168382716245,True,2026-10-09,True,True,BOTH,False
KRN,1,Connors RSI Pullback,1386.1,88.56,7,"Minervini weekly base, Weekly RS leader, Weekly VCP contraction, 13-4 weekly momentum, Weekly RSI healthy, Anti-extension (above, not over-stretched from 30w), Weekly volume confirm",B,True,False,1386.1,58.7379464416438,0.12608658096323966,0.6397728853859681,1.4894138666408099,0.8216360403082394,0.10297248475724807,56.47189535006094,True,2026-10-09,True,True,BOTH,False
LAURUSLABS,1,Minervini Template,2036.6,0.9201590117789208,7,"Weinstein Stage 2 (30w/40w), Weekly RS leader, Weekly VCP contraction, 52-week high breakout, Weekly trend structure, 13-4 weekly momentum, Weekly RSI healthy",B,False,True,2036.6,66.54255313224203,0.32435943252309274,1.3271282724882858,0.6556634177199621,0.9909015480057097,0.3389477976646329,77.02148074354395,True,2026-10-09,True,False,DAILY_ONLY,False
MUFIN,1,Connors RSI Pullback,130.42,94.90999999999998,7,"Minervini weekly base, Weekly RS leader, Weekly VCP contraction, 13-4 weekly momentum, Weekly RSI healthy, Anti-extension (above, not over-stretched from 30w), Weekly volume confirm",B,True,False,130.42,56.367473944390156,0.0015358529981726043,0.48170875907745847,1.5623955687903681,0.9216961130742048,0.048580534061586016,54.19676892528197,True,2026-10-09,True,True,BOTH,False
NAVINFLUOR,1,Connors RSI Pullback,8352.5,90.28999999999999,7,"Minervini weekly base, Weekly RS leader, Weekly VCP contraction, Weekly trend structure, 13-4 weekly momentum, Weekly RSI healthy, Anti-extension (above, not over-stretched from 30w)",B,True,False,8352.5,53.636196550617726,0.08305238589211617,0.7657288248578951,0.5166838724844632,0.9332923627018269,0.12177884151963937,65.85410137094954,True,2026-10-09,True,True,BOTH,False
NITINSPIN,1,Relative Strength Leader,608.8,77.51599966810751,7,"Weinstein Stage 2 (30w/40w), Minervini weekly base, Weekly RS leader, Weekly VCP contraction, Weekly trend structure, 13-4 weekly momentum, Weekly RSI healthy",B,True,False,608.8,54.727066380481105,0.12596663092394889,0.904780666472202,0.38871424926678666,0.9154887218045112,0.16120903117699809,63.70420353805813,True,2026-10-09,True,True,BOTH,False
PANAMAPET,1,Relative Strength Leader,495.9,78.3866313458324,7,"Weinstein Stage 2 (30w/40w), Weekly RS leader, Weekly VCP contraction, Weekly trend structure, 13-4 weekly momentum, Weekly RSI healthy, Weekly volume confirm",B,False,True,495.9,59.99600193078339,0.1656201110153248,0.7952939970267083,1.2377189304306182,0.8322248145409145,0.26341365296029207,62.88924070060202,True,2026-10-09,True,False,DAILY_ONLY,False
PLASTIBLEN,1,Relative Strength Leader,201.79,86.28,7,"Weinstein Stage 2 (30w/40w), Minervini weekly base, Weekly RS leader, Weekly VCP contraction, Weekly trend structure, 13-4 weekly momentum, Weekly RSI healthy",B,True,False,201.79,49.93814192725617,0.12094950869651755,0.1157605432525326,0.8560632672681556,0.9472280634580155,0.16327796630907593,62.11113309802357,True,2026-10-09,True,True,BOTH,False
RADICO,1,Relative Strength Leader,4550.0,77.16621696899719,7,"Weinstein Stage 2 (30w/40w), Minervini weekly base, Weekly RS leader, Weekly VCP contraction, Weekly trend structure, 13-4 weekly momentum, Weekly RSI healthy",B,True,False,4550.0,58.165831890230734,0.11939892852005252,0.525932034583688,1.1844243670708168,0.9585001053296819,0.19009144656000176,66.0357694579322,True,2026-10-09,True,True,BOTH,False
RKFORGE,1,Connors RSI Pullback,685.45,93.07,7,"Minervini weekly base, Weekly RS leader, Weekly VCP contraction, Weekly trend structure, 13-4 weekly momentum, Weekly RSI healthy, Anti-extension (above, not over-stretched from 30w)",B,True,False,685.45,48.54698246191788,0.21254203927390525,0.2437568359811939,0.45083718430338415,0.8869694757081575,0.11605434528138008,57.6563711537038,True,2026-10-09,True,True,BOTH,False
SHIVAUM,1,Minervini Template,552.75,0.5691969864221371,7,"Weinstein Stage 2 (30w/40w), Weekly RS leader, Weekly VCP contraction, 52-week high breakout, Weekly trend structure, 13-4 weekly momentum, Weekly RSI healthy",B,False,True,552.75,58.30834123445156,0.3005882352941176,0.8425,0.23723292397999876,0.9879356568364611,0.3737982196851002,78.64386205049973,True,2026-10-09,True,False,DAILY_ONLY,False
SOMANYCERA,1,Connors RSI Pullback,591.45,91.98999999999998,7,"Weinstein Stage 2 (30w/40w), Minervini weekly base, Weekly RS leader, Weekly VCP contraction, Weekly trend structure, 13-4 weekly momentum, Weekly RSI healthy",B,True,False,591.45,49.886103636141755,0.14276700485489102,0.3041211842917346,0.5082234350798157,0.9428503292035764,0.17718080672578457,65.11410518067817,True,2026-10-09,True,True,BOTH,False
SVLL,1,Relative Strength Leader,795.9,86.41999999999999,7,"Weinstein Stage 2 (30w/40w), Minervini weekly base, Weekly RS leader, Weekly VCP contraction, Weekly trend structure, 13-4 weekly momentum, Weekly RSI healthy",B,True,False,795.9,42.54237844410558,0.18862011502246978,0.016475095785440486,0.13453179270965557,0.8868460517847707,0.16472034661916568,59.16598170224571,True,2026-10-09,True,True,BOTH,False
TDPOWERSYS,1,Minervini Template,793.75,0.6478953294249328,7,"Weinstein Stage 2 (30w/40w), Weekly RS leader, 52-week high breakout, Weekly trend structure, 13-4 weekly momentum, Weekly RSI healthy, Weekly volume confirm",B,False,True,793.75,78.45425516781391,0.38154270923576306,1.649884013577477,1.7070694964064603,0.9708886451613578,0.26619151889606024,68.28898251612821,True,2026-10-09,True,False,DAILY_ONLY,False
THELEELA,1,Minervini Template,587.5,0.5487373401344735,7,"Weinstein Stage 2 (30w/40w), Weekly RS leader, Darvas weekly box, Weekly VCP contraction, 52-week high breakout, 13-4 weekly momentum, Weekly RSI healthy",B,False,True,587.5,53.99369607594163,0.17265469061876249,0.2973390572632677,0.7960186591030489,1.0009370266317923,0.22862112060710213,71.99549550442902,True,2026-10-09,True,False,DAILY_ONLY,False
UNIPARTS,1,Connors RSI Pullback,757.95,96.35,7,"Minervini weekly base, Weekly RS leader, Weekly VCP contraction, Weekly trend structure, 13-4 weekly momentum, Weekly RSI healthy, Anti-extension (above, not over-stretched from 30w)",B,True,False,757.95,52.024677117675935,0.08732089515385932,0.7072672106814626,0.6400114657799237,0.8275014901453829,0.13734722801021979,56.16202485005423,True,2026-10-09,True,True,BOTH,False
VINCOFE,1,Connors RSI Pullback,173.46,89.6,7,"Weinstein Stage 2 (30w/40w), Minervini weekly base, Weekly RS leader, Weekly VCP contraction, 13-4 weekly momentum, Weekly RSI healthy, Anti-extension (above, not over-stretched from 30w)",B,True,False,173.46,45.59875757440648,0.07464868960990056,0.23980211806955198,0.4290299222904596,0.9065063729664186,0.14128113229778266,59.034118711746764,True,2026-10-09,True,True,BOTH,False
CUPID,0,,,,7,"Weinstein Stage 2 (30w/40w), Weekly RS leader, Darvas weekly box, Weekly VCP contraction, 52-week high breakout, Weekly trend structure, 13-4 weekly momentum",B,False,True,366.1,85.89405078272338,0.7249339922948295,6.433200848013449,0.8905195279458474,1.1648107356630006,0.8900946949611017,87.00171338098068,True,2026-10-09,False,False,NEITHER,False
MENONBE,0,,,,7,"Weinstein Stage 2 (30w/40w), Weekly RS leader, Weekly VCP contraction, Weekly trend structure, 13-4 weekly momentum, Weekly RSI healthy, Weekly volume confirm",B,False,True,289.15,81.75960123402248,0.7011669720132114,1.3849708233431124,1.800906597846365,0.8762121212121211,0.4906370207131039,68.26007609607677,True,2026-10-09,False,False,NEITHER,False
OPTIEMUS,0,,,,7,"Weinstein Stage 2 (30w/40w), Weekly RS leader, Weekly VCP contraction, Weekly trend structure, 13-4 weekly momentum, Weekly RSI healthy, Weekly volume confirm",B,False,True,815.85,78.5905329099668,0.507901337042785,0.19696307104273947,4.161366411163737,0.9590900800384586,0.6004538196194887,76.79899303606624,True,2026-10-09,False,False,NEITHER,False
PARAGMILK,0,,,,7,"Weinstein Stage 2 (30w/40w), Weekly RS leader, Darvas weekly box, Wyckoff weekly absorption, 13-4 weekly momentum, Weekly RSI healthy, Weekly volume confirm",B,False,True,306.4,66.40007653492992,0.32764671567575077,0.10364955351622118,2.6306543295320903,0.8161355578514208,0.33526216093492817,72.97325105173972,True,2026-10-09,False,False,NEITHER,False
KRISHANA,10,"Relative Strength Leader, Minervini Template, Stan Weinstein Stage 2, Qullamaggie Breakout, CANSLIM Pivot, PKScreener VCP, Turtle Trading, Darvas Box, Wyckoff Closing Range, Sector Momentum Leader",197.11,168.91193067524503,6,"Weinstein Stage 2 (30w/40w), Weekly RS leader, Weekly VCP contraction, Weekly trend structure, 13-4 weekly momentum, Weekly RSI healthy",C,False,True,197.11,64.73842327336365,0.4059201447255907,0.728941363786084,0.9859697234353594,0.9550365840540147,0.30575743958157103,70.86706756558539,True,2026-10-09,True,False,DAILY_ONLY,False
ONWARDTEC,7,"Protocol Fortified, Qullamaggie Breakout, CANSLIM Pivot, Turtle Trading, Darvas Box, Wyckoff Closing Range, Sector Momentum Leader",307.0,126.622330850768,6,"Minervini weekly base, Weekly RS leader, Weekly VCP contraction, Weekly trend structure, Weekly RSI healthy, Anti-extension (above, not over-stretched from 30w)",C,True,False,307.0,41.674669106399676,0.07946556465729593,0.0033163035049530443,0.3749536480074658,0.9054599100577203,0.14906387511893718,65.49475824608251,True,2026-10-09,True,True,BOTH,False
SGMART,3,"Relative Strength Leader, Minervini Template, PKScreener VCP",775.6,84.31219733005983,6,"Weinstein Stage 2 (30w/40w), Weekly RS leader, Weekly VCP contraction, Weekly trend structure, 13-4 weekly momentum, Weekly RSI healthy",C,False,True,775.6,59.66883916378701,0.1779178155078145,1.2435637044048242,0.5140423413452411,0.9012317243815102,0.20399573235189075,66.24795009047622,True,2026-10-09,True,False,DAILY_ONLY,False
UEL,3,"Relative Strength Leader, Minervini Template, PKScreener VCP",214.94,97.34,6,"Weinstein Stage 2 (30w/40w), Weekly RS leader, Wyckoff weekly absorption, 13-4 weekly momentum, Weekly RSI healthy, Weekly volume confirm",C,False,True,214.94,69.14496470141401,0.674378812617261,0.7364211731508508,1.3737565106407128,0.7562983489368136,0.2961805324253867,57.826365249506956,True,2026-10-09,True,False,DAILY_ONLY,False
YUKEN,3,"Relative Strength Leader, Minervini Template, Connors RSI Pullback",1089.2,96.03999999999999,6,"Weinstein Stage 2 (30w/40w), Weekly RS leader, Weekly trend structure, 13-4 weekly momentum, Weekly RSI healthy, Weekly volume confirm",C,False,True,1089.2,74.1868392251708,0.41124389234360503,0.16344465543907494,4.19785035145269,0.9439702067393055,0.34006059205003486,69.04221439526258,True,2026-10-09,True,False,DAILY_ONLY,False
BOSCH-HCIL,2,"Relative Strength Leader, Minervini Template",1980.2,76.8346536775314,6,"Weinstein Stage 2 (30w/40w), Weekly RS leader, 52-week high breakout, 13-4 weekly momentum, Weekly RSI healthy, Weekly volume confirm",C,False,True,1980.2,63.38092101867861,0.4684464219503153,0.14581648880226283,1.321102923707154,0.9975818639798489,0.3355185057955328,72.34202540621332,True,2026-10-09,True,False,DAILY_ONLY,False
DYNAMATECH,2,"Minervini Template, Connors RSI Pullback",13321.0,90.53,6,"Weinstein Stage 2 (30w/40w), Minervini weekly base, Weekly RS leader, 13-4 weekly momentum, Weekly RSI healthy, Weekly volume confirm",C,True,False,13321.0,64.38957895658044,0.24723936808459057,0.7105768133498362,1.4437172989149296,0.9517719348385253,0.19931696620963452,66.13975817372796,True,2026-10-09,True,True,BOTH,False
INDSWFTLAB,2,"Relative Strength Leader, Connors RSI Pullback",360.9,94.86,6,"Weinstein Stage 2 (30w/40w), Weekly RS leader, Weekly VCP contraction, Weekly trend structure, 13-4 weekly momentum, Weekly RSI healthy",C,False,True,360.9,70.40840154403008,0.4644538079235241,2.4460038998567146,0.3969749727829445,0.8496762801648028,0.5748180296730895,70.53467015119608,True,2026-10-09,True,False,DAILY_ONLY,False
JGCHEM,2,"Minervini Template, Connors RSI Pullback",630.75,90.83999999999999,6,"Weinstein Stage 2 (30w/40w), Weekly RS leader, Weekly VCP contraction, Weekly trend structure, 13-4 weekly momentum, Weekly RSI healthy",C,False,True,630.75,57.8542012347547,0.38465827103289296,0.48784741506112117,0.5746875849567976,0.9167877906976745,0.3253109334160166,70.08978086823211,True,2026-10-09,True,False,DAILY_ONLY,False
KINGFA,2,"Minervini Template, Connors RSI Pullback",6611.0,96.71000000000001,6,"Weinstein Stage 2 (30w/40w), Weekly RS leader, 52-week high breakout, Weekly trend structure, 13-4 weekly momentum, Weekly RSI healthy",C,False,True,6611.0,58.38530943434563,0.28898583101966024,0.42157190187727145,0.8136643905728771,0.9974351237175618,0.24888880813993938,71.97738684449118,True,2026-10-09,True,False,DAILY_ONLY,False
MANALIPETC,2,"Relative Strength Leader, Minervini Template",85.87,74.27496752153408,6,"Weinstein Stage 2 (30w/40w), Weekly RS leader, Weekly VCP contraction, 13-4 weekly momentum, Weekly RSI healthy, Weekly volume confirm",C,False,True,85.87,69.00695478954445,0.38269730918222034,0.18327530999973418,2.401013939010891,0.9289347306907518,0.3314136540156818,66.99365643351335,True,2026-10-09,True,False,DAILY_ONLY,False
RUBYMILLS,2,"Relative Strength Leader, Connors RSI Pullback",479.0,92.49,6,"Weinstein Stage 2 (30w/40w), Weekly RS leader, Weekly VCP contraction, Weekly trend structure, 13-4 weekly momentum, Weekly RSI healthy",C,False,True,479.0,62.14735068044643,0.25499808502489474,1.16471377440012,0.6283985454114546,0.9176245210727969,0.4275320660883615,72.28758843524764,True,2026-10-09,True,False,DAILY_ONLY,False
SALSTEEL,2,"Relative Strength Leader, Minervini Template",85.89,84.72240496895944,6,"Weinstein Stage 2 (30w/40w), Weekly RS leader, Weekly trend structure, 13-4 weekly momentum, Weekly RSI healthy, Weekly volume confirm",C,False,True,85.89,84.31072786507815,0.5282917941993932,2.1153427983578954,2.0118127007578854,0.8387695187513602,0.3704757639168407,63.67307311831612,True,2026-10-09,True,False,DAILY_ONLY,False
SETL,2,"Relative Strength Leader, Connors RSI Pullback",387.95,98.52999999999999,6,"Weinstein Stage 2 (30w/40w), Weekly RS leader, Weekly VCP contraction, Weekly trend structure, 13-4 weekly momentum, Weekly RSI healthy",C,False,True,387.95,63.35358489223721,0.33453726766171954,1.179494382022472,0.7628920670392716,0.8286873973254437,0.597446495069419,67.35871959791656,True,2026-10-09,True,False,DAILY_ONLY,False
SHREEPUSHK,2,"Relative Strength Leader, Minervini Template",491.0,69.91176497055773,6,"Weinstein Stage 2 (30w/40w), Weekly RS leader, Weekly VCP contraction, Weekly trend structure, 13-4 weekly momentum, Weekly RSI healthy",C,False,True,491.0,49.06180907055426,0.15474918057683595,0.18571475421555061,0.6494076231230329,0.9042923220154437,0.22648035657753932,65.48844789522796,True,2026-10-09,True,False,DAILY_ONLY,False
SYNCOMF,2,"Relative Strength Leader, Minervini Template",23.28,80.38399644347876,6,"Weinstein Stage 2 (30w/40w), Weekly RS leader, Weekly trend structure, 13-4 weekly momentum, Weekly RSI healthy, Weekly volume confirm",C,False,True,23.28,68.22735670831351,0.6498363048953624,0.3769676402991522,1.472227665282336,0.8468534082877178,0.5148021813109361,75.41359578451505,True,2026-10-09,True,False,DAILY_ONLY,False
TATVA,2,"Relative Strength Leader, Minervini Template",1804.8,75.8124042226041,6,"Weinstein Stage 2 (30w/40w), Weekly RS leader, Weekly VCP contraction, Weekly trend structure, 13-4 weekly momentum, Weekly RSI healthy",C,False,True,1804.8,62.60559406429351,0.36221498713467026,0.6900282659726522,0.8863835242273616,0.96,0.26765379387702704,66.63981676826651,True,2026-10-09,True,False,DAILY_ONLY,False
TFCILTD,2,"Relative Strength Leader, Minervini Template",147.05,92.72005599454482,6,"Weinstein Stage 2 (30w/40w), Weekly RS leader, Weekly VCP contraction, 52-week high breakout, Weekly trend structure, 13-4 weekly momentum",C,False,True,147.05,80.24081882438279,0.9669879846609917,1.0016135752339217,1.0729295905722203,0.9902356902356904,0.5405463214201983,82.6814002547737,True,2026-10-09,True,False,DAILY_ONLY,False
UNIMECH,2,"Minervini Template, Connors RSI Pullback",1734.8,90.58,6,"Weinstein Stage 2 (30w/40w), Weekly RS leader, Weekly VCP contraction, Weekly trend structure, 13-4 weekly momentum, Weekly RSI healthy",C,False,True,1734.8,66.0147331722639,0.46396624472573844,0.8095337205705282,0.9546563311945723,0.9285943931814169,0.4277895463956216,76.55592963547672,True,2026-10-09,True,False,DAILY_ONLY,False
VENUSPIPES,2,"Relative Strength Leader, Connors RSI Pullback",2041.4,96.49999999999999,6,"Weinstein Stage 2 (30w/40w), Weekly RS leader, Weekly VCP contraction, 13-4 weekly momentum, Weekly RSI healthy, Weekly volume confirm",C,False,True,2041.4,57.02145902543113,0.1295094569825055,0.5333160959440424,1.2250730159573056,0.8694578495285119,0.3004963150232486,64.05948041512141,True,2026-10-09,True,False,DAILY_ONLY,False
WELSPUNLIV,2,"Minervini Template, Connors RSI Pullback",223.75,91.19,6,"Weinstein Stage 2 (30w/40w), Weekly RS leader, Weekly VCP contraction, Weekly trend structure, 13-4 weekly momentum, Weekly RSI healthy",C,False,True,223.75,61.70223232902204,0.3465126224080053,0.8236087622184391,0.7449498977263382,0.9136755300651855,0.38054063326085974,72.6904636994077,True,2026-10-09,True,False,DAILY_ONLY,False
AAREYDRUGS,1,Minervini Template,104.08,0.7229907113937003,6,"Weinstein Stage 2 (30w/40w), Weekly RS leader, Weekly trend structure, 13-4 weekly momentum, Weekly RSI healthy, Weekly volume confirm",C,False,True,104.08,65.32758352294005,0.25654953156089677,0.26926829268292685,2.0614456780187678,0.9650440563054276,0.23818776733109534,66.83199882832002,True,2026-10-09,True,False,DAILY_ONLY,False
AARTIPHARM,1,Connors RSI Pullback,855.5,90.83999999999999,6,"Weinstein Stage 2 (30w/40w), Minervini weekly base, Weekly RS leader, Weekly VCP contraction, 13-4 weekly momentum, Weekly RSI healthy",C,True,False,855.5,47.93292782247499,0.20878715455291896,0.033668211114300295,0.8711006425739068,0.8534516950955476,0.16239520186715078,57.008774076360204,True,2026-10-09,True,True,BOTH,False
AEROENTER,1,Connors RSI Pullback,123.31,89.94999999999999,6,"Minervini weekly base, Weekly VCP contraction, Weekly trend structure, 13-4 weekly momentum, Weekly RSI healthy, Anti-extension (above, not over-stretched from 30w)",C,True,False,123.31,45.53477887644279,-0.010424132676305486,0.39516354349784266,0.7099466025680117,0.7726190180721038,0.09078857654276268,53.434832973744115,True,2026-10-09,True,True,BOTH,False
AKUMS,1,Connors RSI Pullback,751.85,95.46,6,"Minervini weekly base, Weekly RS leader, Weekly VCP contraction, Weekly trend structure, 13-4 weekly momentum, Weekly RSI healthy",C,True,False,751.85,53.03824734410059,0.07108766568160041,0.6931640670101109,0.6430476303438522,0.896340022581844,0.18416004120627008,62.42408059563381,True,2026-10-09,True,True,BOTH,False
ANTHEM,1,Connors RSI Pullback,862.3,88.81,6,"Minervini weekly base, Weekly VCP contraction, Weekly trend structure, 13-4 weekly momentum, Weekly RSI healthy, Anti-extension (above, not over-stretched from 30w)",C,True,False,862.3,43.01196982435826,0.1425731894164215,0.07960562085722578,0.4039495630417724,0.8821032282418921,0.08181643946386621,56.73199162430933,True,2026-10-09,True,True,BOTH,False
APARINDS,1,Minervini Template,17984.0,0.5216690495761122,6,"Weinstein Stage 2 (30w/40w), Weekly RS leader, Weekly VCP contraction, Weekly trend structure, 13-4 weekly momentum, Weekly RSI healthy",C,False,True,17984.0,63.26223882579829,0.28371296343607266,1.1522287122599773,0.7031278356707602,0.9335063586815469,0.24359372848242042,67.93066698064689,True,2026-10-09,True,False,DAILY_ONLY,False
ARROWGREEN,1,Minervini Template,855.65,0.46858397763537135,6,"Weinstein Stage 2 (30w/40w), Weekly RS leader, Weekly VCP contraction, Weekly trend structure, 13-4 weekly momentum, Weekly RSI healthy",C,False,True,855.65,58.26350425912362,0.23921536874361293,0.6282644746742128,0.9114239052090841,0.8980844922592495,0.32982210841249177,65.58800928018556,True,2026-10-09,True,False,DAILY_ONLY,False
AZAD,1,Relative Strength Leader,2910.2,76.75726621056862,6,"Weinstein Stage 2 (30w/40w), Weekly RS leader, Weekly VCP contraction, Weekly trend structure, 13-4 weekly momentum, Weekly RSI healthy",C,False,True,2910.2,60.099186814586716,0.1737043758822343,0.7571549847835908,1.0481058840787558,0.9304006173021628,0.2688405490244876,68.02631364610147,True,2026-10-09,True,False,DAILY_ONLY,False
BALAMINES,1,Connors RSI Pullback,2040.8,90.58,6,"Minervini weekly base, Weekly VCP contraction, Weekly trend structure, Weekly RSI healthy, Anti-extension (above, not over-stretched from 30w), Weekly volume confirm",C,True,False,2040.8,63.06155469780103,-0.1549132127508358,0.4986559167978801,3.169032456511137,0.7760285809217352,0.09247200991162552,52.560882019917244,True,2026-10-09,True,True,BOTH,False
BHAGERIA,1,Connors RSI Pullback,364.9,91.38999999999999,6,"Weinstein Stage 2 (30w/40w), Weekly RS leader, Weekly VCP contraction, 13-4 weekly momentum, Weekly RSI healthy, Weekly volume confirm",C,False,True,364.9,78.99596533876786,0.7376756125803945,0.9884839307480584,1.788484196773246,0.8775854033494768,0.6608658836026777,74.02620537741586,True,2026-10-09,True,False,DAILY_ONLY,False
CAPLIPOINT,1,Connors RSI Pullback,2460.8,93.22999999999999,6,"Minervini weekly base, Weekly VCP contraction, Weekly trend structure, 13-4 weekly momentum, Weekly RSI healthy, Anti-extension (above, not over-stretched from 30w)",C,True,False,2460.8,42.87655978184958,-0.04606109108694911,0.2006410447304281,0.7040565721061016,0.8230100334448162,0.08619054290040355,52.36291431960161,True,2026-10-09,True,True,BOTH,False
CASTROLIND,1,Connors RSI Pullback,194.67,90.13,6,"Weinstein Stage 2 (30w/40w), Weekly VCP contraction, Weekly trend structure, 13-4 weekly momentum, Weekly RSI healthy, Anti-extension (above, not over-stretched from 30w)",C,True,False,194.67,45.93695424006786,0.09426732407884297,0.03221889113939702,0.7940328918289264,0.9570796747372209,0.0707073289160326,62.397684042819726,True,2026-10-09,True,True,BOTH,False
CEIGALL,1,Relative Strength Leader,369.0,72.67424960954139,6,"Weinstein Stage 2 (30w/40w), Minervini weekly base, Weekly RS leader, 13-4 weekly momentum, Weekly RSI healthy, Anti-extension (above, not over-stretched from 30w)",C,True,False,369.0,49.88779676383622,0.010080174759674154,0.4121434324962783,0.8624051611219009,0.9107402259848654,0.07684134404726982,58.28276087750732,True,2026-10-09,True,True,BOTH,False
COFORGE,1,Relative Strength Leader,1867.9,71.45294640276214,6,"Weinstein Stage 2 (30w/40w), Weekly RS leader, Weekly VCP contraction, Weekly trend structure, 13-4 weekly momentum, Weekly RSI healthy",C,False,True,1867.9,51.825312880582764,0.24501357064620177,0.09207856340821219,0.8194166443852826,0.9241539902655386,0.2233977652226029,62.02863668156107,True,2026-10-09,True,False,DAILY_ONLY,False
CYIENT,1,Relative Strength Leader,1158.8,86.69999999999999,6,"Weekly RS leader, Wyckoff weekly absorption, Weekly trend structure, 13-4 weekly momentum, Weekly RSI healthy, Weekly volume confirm",C,False,True,1158.8,59.81107478647117,0.3776377178461232,-0.002203984965930772,1.6204558926381896,0.9506152584085316,0.25464437431755943,69.02463866542818,True,2026-10-09,True,False,DAILY_ONLY,False
DIVGIITTS,1,Connors RSI Pullback,1016.3,89.24,6,"Minervini weekly base, Weekly RS leader, Weekly VCP contraction, 13-4 weekly momentum, Weekly RSI healthy, Anti-extension (above, not over-stretched from 30w)",C,True,False,1016.3,48.20704406570496,0.05354457551434688,0.598743669041746,0.5521996755155306,0.7664302899479908,0.10763652005287198,52.264210153673325,True,2026-10-09,True,True,BOTH,False
EMCURE,1,Connors RSI Pullback,1833.5,89.17999999999999,6,"Minervini weekly base, Weekly RS leader, Weekly VCP contraction, 13-4 weekly momentum, Weekly RSI healthy, Anti-extension (above, not over-stretched from 30w)",C,True,False,1833.5,46.217402646365414,0.012492185558818258,0.290799489593875,0.7731345682680079,0.8728043236146992,0.025193412358695325,51.7620139406374,True,2026-10-09,True,True,BOTH,False
ENGINERSIN,1,Minervini Template,293.1,0.4724105009038895,6,"Weinstein Stage 2 (30w/40w), Weekly RS leader, Weekly trend structure, 13-4 weekly momentum, Weekly RSI healthy, Weekly volume confirm",C,False,True,293.1,61.57744437885988,0.2331527958655495,0.4746934318314986,1.525360760848988,0.91194774600525,0.20825467579443036,63.54040116393328,True,2026-10-09,True,False,DAILY_ONLY,False
GHCLTEXTIL,1,Connors RSI Pullback,124.05,89.07999999999998,6,"Minervini weekly base, Weekly RS leader, Weekly VCP contraction, Weekly trend structure, 13-4 weekly momentum, Weekly RSI healthy",C,True,False,124.05,50.4944641234285,0.13443074285325962,0.622119147751732,0.3525040822311811,0.8579431713249999,0.1854267314176495,58.21549933493533,True,2026-10-09,True,True,BOTH,False
GLOBAL,1,Minervini Template,142.2,0.9371789076180471,6,"Weinstein Stage 2 (30w/40w), Weekly RS leader, 52-week high breakout, Weekly trend structure, 13-4 weekly momentum, Weekly RSI healthy",C,False,True,142.2,72.04116357229684,0.39850238159248574,1.3222155094382169,1.166284997103688,0.9944055944055943,0.30451034909761376,78.22798664520872,True,2026-10-09,True,False,DAILY_ONLY,False
GNA,1,Connors RSI Pullback,554.55,90.42,6,"Minervini weekly base, Weekly RS leader, Weekly VCP contraction, Weekly trend structure, 13-4 weekly momentum, Weekly RSI healthy",C,True,False,554.55,56.28232538339313,0.16649139065986196,0.7818625040865719,0.8102320995953214,0.855787037037037,0.18076977945387918,59.49446710592997,True,2026-10-09,True,True,BOTH,False
ICIL,1,Connors RSI Pullback,436.3,95.00999999999999,6,"Weinstein Stage 2 (30w/40w), Weekly RS leader, Weekly VCP contraction, Weekly trend structure, 13-4 weekly momentum, Weekly RSI healthy",C,False,True,436.3,50.649962267814175,0.06176105241847396,0.5925450683572211,0.4522251535755079,0.8978289721991433,0.20499648141597168,61.846126862080446,True,2026-10-09,True,False,DAILY_ONLY,False
IGPL,1,Minervini Template,566.8,0.6048951107048787,6,"Weinstein Stage 2 (30w/40w), Weekly RS leader, Weekly VCP contraction, Weekly trend structure, 13-4 weekly momentum, Weekly RSI healthy",C,False,True,566.8,57.5096052941218,0.32588458268611076,0.33577574039281766,0.9305068639389192,0.9293326402872845,0.23022744964421463,65.51637376370523,True,2026-10-09,True,False,DAILY_ONLY,False
INDORAMA,1,Minervini Template,92.39,0.8930453603548691,6,"Weinstein Stage 2 (30w/40w), Weekly RS leader, Weekly VCP contraction, Weekly trend structure, 13-4 weekly momentum, Weekly RSI healthy",C,False,True,92.39,69.0948311057303,0.9219887785842402,0.5509484719374167,0.6835409388900082,0.8227070123713041,0.7160210221479326,76.25787379323475,True,2026-10-09,True,False,DAILY_ONLY,False
IOLCP,1,Connors RSI Pullback,201.15,90.07,6,"Weinstein Stage 2 (30w/40w), Weekly RS leader, Weekly VCP contraction, Weekly trend structure, 13-4 weekly momentum, Weekly RSI healthy",C,False,True,201.15,60.61522909477553,0.17590320864525566,0.9999677457992735,0.8069892490282659,0.918325448162505,0.4250628699816495,72.44524795622333,True,2026-10-09,True,False,DAILY_ONLY,False
KROSS,1,Relative Strength Leader,243.05,71.59097531582447,6,"Weinstein Stage 2 (30w/40w), Weekly RS leader, Weekly VCP contraction, Weekly trend structure, 13-4 weekly momentum, Weekly RSI healthy",C,False,True,243.05,52.96585779110101,0.3074936833505344,0.28373737732745297,0.7118008325301264,0.8588339222614841,0.2083362965896003,61.06753044747655,True,2026-10-09,True,False,DAILY_ONLY,False
KTKBANK,1,Minervini Template,328.2,0.5564723249582237,6,"Weinstein Stage 2 (30w/40w), Minervini weekly base, Weekly RS leader, Weekly VCP contraction, 13-4 weekly momentum, Weekly RSI healthy",C,True,False,328.2,59.181480433974826,0.2061606458214098,0.9088450097647982,0.6510567290051305,0.9502026803693598,0.18427842428388572,66.83715992333819,True,2026-10-09,True,True,BOTH,False
MANORAMA,1,Relative Strength Leader,2043.4,77.08394375406388,6,"Weinstein Stage 2 (30w/40w), Weekly RS leader, Weekly VCP contraction, Weekly trend structure, 13-4 weekly momentum, Weekly RSI healthy",C,False,True,2043.4,53.89600491775403,0.27490603398488633,0.3644268982181669,0.4921722095410846,0.9510045687991147,0.27386344036866567,68.8192260937523,True,2026-10-09,True,False,DAILY_ONLY,False
MBAPL,1,Minervini Template,165.32,0.6151331894286577,6,"Weinstein Stage 2 (30w/40w), Weekly RS leader, Weekly VCP contraction, Weekly trend structure, 13-4 weekly momentum, Weekly RSI healthy",C,False,True,165.32,57.85346815520994,0.25958095238095225,0.8817953841489683,0.36653649322684917,0.945009704429218,0.2614425293417598,72.07868331172199,True,2026-10-09,True,False,DAILY_ONLY,False
NAZARA,1,Minervini Template,377.65,0.46603022482336887,6,"Weinstein Stage 2 (30w/40w), Weekly RS leader, Weekly VCP contraction, Weekly trend structure, 13-4 weekly momentum, Weekly RSI healthy",C,False,True,377.65,55.563810626209985,0.24104507114517237,0.4253632104191234,0.7464713859058661,0.9396616216353306,0.21884964625608286,71.30329930785003,True,2026-10-09,True,False,DAILY_ONLY,False
NOVARTIND,1,Relative Strength Leader,2049.0,79.69567309067871,6,"Weinstein Stage 2 (30w/40w), Weekly RS leader, Weekly VCP contraction, Weekly trend structure, 13-4 weekly momentum, Weekly RSI healthy",C,False,True,2049.0,68.77887262023312,0.3709353897163805,1.8156968642605413,0.7662327688822332,0.7914863880381658,0.4639844804845699,65.97338796785343,True,2026-10-09,True,False,DAILY_ONLY,False
QPOWER,1,Minervini Template,1547.4,0.46723386791406424,6,"Weinstein Stage 2 (30w/40w), Weekly RS leader, Weekly VCP contraction, 13-4 weekly momentum, Weekly RSI healthy, Weekly volume confirm",C,False,True,1547.4,62.6194510078364,0.2775259235564609,0.5527819475375253,1.3681573807449037,0.9238208955223881,0.2597710432783419,66.26184057538248,True,2026-10-09,True,False,DAILY_ONLY,False
REDINGTON,1,Connors RSI Pullback,380.0,93.58,6,"Weinstein Stage 2 (30w/40w), Weekly RS leader, Weekly VCP contraction, Weekly trend structure, 13-4 weekly momentum, Weekly RSI healthy",C,False,True,380.0,55.60164844028071,0.355206876859937,0.3386609541704846,0.6089271935776933,0.9058402860548271,0.33613243488801714,66.01078921297862,True,2026-10-09,True,False,DAILY_ONLY,False
RPTECH,1,Connors RSI Pullback,889.7,92.14999999999999,6,"Weinstein Stage 2 (30w/40w), Weekly RS leader, Weekly VCP contraction, Weekly trend structure, 13-4 weekly momentum, Weekly RSI healthy",C,False,True,889.7,61.16729001327176,0.13881092873258294,1.5547799140668537,0.45525911382423373,0.88553796077457,0.33004126119275534,65.78931797170051,True,2026-10-09,True,False,DAILY_ONLY,False
SAILIFE,1,Connors RSI Pullback,1487.9,91.88,6,"Minervini weekly base, Weekly RS leader, Weekly VCP contraction, Weekly trend structure, 13-4 weekly momentum, Weekly RSI healthy",C,True,False,1487.9,56.106094490646285,0.176205533596838,0.7272041080921303,0.7535874756107327,0.8767825574543312,0.18013309153800183,67.12643737720055,True,2026-10-09,True,True,BOTH,False
SAMBHV,1,Minervini Template,160.41,0.5593256290443521,6,"Weinstein Stage 2 (30w/40w), Weekly RS leader, Weekly VCP contraction, Weekly trend structure, 13-4 weekly momentum, Weekly RSI healthy",C,False,True,160.41,58.962533699891935,0.35195952749324455,0.3964481253986303,0.8376967595578956,0.9587592035187419,0.3303899871696035,77.7911041092087,True,2026-10-09,True,False,DAILY_ONLY,False
SHAREINDIA,1,Connors RSI Pullback,182.71,92.25,6,"Minervini weekly base, Weekly RS leader, Weekly VCP contraction, 13-4 weekly momentum, Weekly RSI healthy, Anti-extension (above, not over-stretched from 30w)",C,True,False,182.71,41.605671540620705,0.024711303230556814,0.3017820135713156,0.292181398366915,0.7829869090251861,0.14489074532234295,53.65450192240562,True,2026-10-09,True,True,BOTH,False
SONACOMS,1,Connors RSI Pullback,783.3,94.35999999999999,6,"Minervini weekly base, Weekly RS leader, Weekly VCP contraction, Weekly trend structure, 13-4 weekly momentum, Weekly RSI healthy",C,True,False,783.3,58.238813519706106,0.17164013806334255,0.8210007128012564,0.7939242102027028,0.9280805687203791,0.16722370184066862,64.29127503530484,True,2026-10-09,True,True,BOTH,False
SOTL,1,Minervini Template,764.8,0.5359102424357721,6,"Weinstein Stage 2 (30w/40w), Weekly RS leader, Weekly VCP contraction, Weekly trend structure, 13-4 weekly momentum, Weekly RSI healthy",C,False,True,764.8,57.92765428321694,0.2682431410731978,0.8986921197769417,0.4306846537760609,0.8888888636664478,0.39428556874684095,68.50771327969525,True,2026-10-09,True,False,DAILY_ONLY,False
THEJO,1,Connors RSI Pullback,2025.5,89.85,6,"Minervini weekly base, Weekly RS leader, Weekly VCP contraction, 13-4 weekly momentum, Weekly RSI healthy, Anti-extension (above, not over-stretched from 30w)",C,True,False,2025.5,43.890351175996244,0.06885634681639474,0.09798969287395387,0.6245159176796808,0.8879089677619637,0.08535950178915377,54.157951997145354,True,2026-10-09,True,True,BOTH,False
VISHNU,1,Connors RSI Pullback,654.85,90.91,6,"Minervini weekly base, Weekly RS leader, Weekly trend structure, 13-4 weekly momentum, Weekly RSI healthy, Anti-extension (above, not over-stretched from 30w)",C,True,False,654.85,49.37747811039111,0.09742771354531321,0.34516864221881716,0.7392600097597994,0.8801747311827958,0.07764345321520329,56.27432853536631,True,2026-10-09,True,True,BOTH,False
WOCKPHARMA,1,Connors RSI Pullback,1996.4,91.23,6,"Minervini weekly base, Weekly RS leader, Weekly VCP contraction, 13-4 weekly momentum, Weekly RSI healthy, Anti-extension (above, not over-stretched from 30w)",C,True,False,1996.4,50.55636257677375,0.1025570518781651,0.40740218540712037,0.8359371222389294,0.8241753539021025,0.11432160192113662,54.84011436975095,True,2026-10-09,True,True,BOTH,False
WSTCSTPAPR,1,Minervini Template,727.65,0.8122056102236186,6,"Weinstein Stage 2 (30w/40w), Weekly RS leader, Weekly VCP contraction, Weekly trend structure, 13-4 weekly momentum, Weekly RSI healthy",C,False,True,727.65,58.73507301280398,0.3588109845854315,0.5269068424647205,0.6861086064559817,0.9364864864864865,0.31279047688671724,71.2642417677078,True,2026-10-09,True,False,DAILY_ONLY,False
AEGISLOG,0,,,,6,"Weinstein Stage 2 (30w/40w), Weekly RS leader, Weekly VCP contraction, Weekly trend structure, 13-4 weekly momentum, Weekly RSI healthy",C,False,True,1388.9,56.32364155909283,0.11459756617595285,0.718524000745236,0.7765628357715739,0.9085497771719645,0.33020574949753456,64.24247112516156,True,2026-10-09,False,False,NEITHER,False
ARIHANTCAP,0,,,,6,"Weekly RS leader, Weekly VCP contraction, Wyckoff weekly absorption, 13-4 weekly momentum, Weekly RSI healthy, Weekly volume confirm",C,False,True,96.19,52.04689629246576,0.28944713838880776,-0.14680981992402786,1.484556093865263,0.806549166657986,0.29915099809884527,67.56757609611611,True,2026-10-09,False,False,NEITHER,False
AVALON,0,,,,6,"Weinstein Stage 2 (30w/40w), Weekly RS leader, Weekly VCP contraction, Weekly trend structure, 13-4 weekly momentum, Weekly RSI healthy",C,False,True,2300.5,59.66075112277121,0.301114208339734,0.8697171280499099,0.6289056990483788,0.8787242169595111,0.3617529185994907,70.18289615305372,True,2026-10-09,False,False,NEITHER,False
CONFIPET,0,,,,6,"Weinstein Stage 2 (30w/40w), Weekly RS leader, Weekly VCP contraction, Weekly trend structure, 13-4 weekly momentum, Weekly RSI healthy",C,False,True,83.67,58.063327705861894,0.09570380932817413,0.9585351803593471,0.8631642955154065,0.8987827856150192,0.20299638602618592,61.77735803670257,True,2026-10-09,False,False,NEITHER,False
DIVISLAB,0,,,,6,"Weinstein Stage 2 (30w/40w), Weekly RS leader, Weekly VCP contraction, Weekly trend structure, 13-4 weekly momentum, Weekly RSI healthy",C,False,True,9340.0,60.24595772618243,0.37193025162463944,0.4485312397934136,0.8956822514352458,0.9589322381930184,0.2555960572449015,76.32588350384637,True,2026-10-09,False,False,NEITHER,False
INDOBORAX,0,,,,6,"Weinstein Stage 2 (30w/40w), Weekly RS leader, Weekly VCP contraction, Weekly trend structure, 13-4 weekly momentum, Weekly RSI healthy",C,False,True,476.2,55.87193942021646,0.14453034793480768,1.2050003546851937,0.19315896871383526,0.8773028937164035,0.3244183231783733,65.72870469552996,True,2026-10-09,False,False,NEITHER,False
KOPRAN,0,,,,6,"Weinstein Stage 2 (30w/40w), Weekly RS leader, Weekly VCP contraction, Weekly trend structure, 13-4 weekly momentum, Weekly RSI healthy",C,False,True,251.05,53.46509820922242,0.29743351592869516,0.4718205991924711,0.464909590015507,0.8486293188492346,0.3246674500520826,64.08643856994192,True,2026-10-09,False,False,NEITHER,False
MUKANDLTD,0,,,,6,"Weinstein Stage 2 (30w/40w), Weekly RS leader, Weekly trend structure, 13-4 weekly momentum, Weekly RSI healthy, Weekly volume confirm",C,False,True,175.99,75.1487550771155,0.35274986687934695,0.36001676307755304,2.9271358941128507,0.9523268241002661,0.28078201743763503,72.64183554927897,True,2026-10-09,False,False,NEITHER,False
NEOGEN,0,,,,6,"Weinstein Stage 2 (30w/40w), Weekly RS leader, Weekly VCP contraction, Weekly trend structure, 13-4 weekly momentum, Weekly RSI healthy",C,False,True,2378.2,53.66712171496155,0.14112042711945172,0.5753114969952002,0.5080421848658059,0.9513941858842238,0.23585779564974055,65.83797603502168,True,2026-10-09,False,False,NEITHER,False
NRBBEARING,0,,,,6,"Weinstein Stage 2 (30w/40w), Weekly RS leader, Weekly VCP contraction, Weekly trend structure, 13-4 weekly momentum, Weekly RSI healthy",C,False,True,524.95,59.873353583295525,0.22380227313441536,0.9816508417795453,0.5865674281190497,0.937578098070923,0.32121248979911415,70.4161309214807,True,2026-10-09,False,False,NEITHER,False
PAISALO,0,,,,6,"Weinstein Stage 2 (30w/40w), Weekly RS leader, Weekly VCP contraction, Weekly trend structure, 13-4 weekly momentum, Weekly RSI healthy",C,False,True,80.9,57.2794473354698,0.10591932503378665,1.0536899300925482,0.697302646276902,0.8526560111919234,0.3140198992015579,66.92485359209238,True,2026-10-09,False,False,NEITHER,False
PAYTM,0,,,,6,"Weekly RS leader, Weekly VCP contraction, Weekly trend structure, 13-4 weekly momentum, Weekly RSI healthy, Weekly volume confirm",C,False,True,1636.0,58.39569261591655,0.21925766915034584,0.322661466333948,1.4993983252763887,0.8817030450013473,0.23786067671241978,62.692453892241375,True,2026-10-09,False,False,NEITHER,False
ROSSTECH,0,,,,6,"Weinstein Stage 2 (30w/40w), Weekly RS leader, Darvas weekly box, 52-week high breakout, Weekly trend structure, 13-4 weekly momentum",C,False,True,1574.8,72.94974923055089,0.5572417758195511,1.259575696002372,0.8479718375601071,1.0247266722830022,0.514339001137247,81.97522781869637,True,2026-10-09,False,False,NEITHER,False
RPEL,0,,,,6,"Weinstein Stage 2 (30w/40w), Weekly RS leader, Weekly VCP contraction, Weekly trend structure, 13-4 weekly momentum, Weekly RSI healthy",C,False,True,1734.1,69.0092150183921,0.3393836915112336,1.4130116742515555,1.0530198465712757,0.8921644510792393,0.44787132368357185,68.53635748671682,True,2026-10-09,False,False,NEITHER,False
RRKABEL,0,,,,6,"Weinstein Stage 2 (30w/40w), Weekly RS leader, Weekly VCP contraction, Weekly trend structure, 13-4 weekly momentum, Weekly RSI healthy",C,False,True,2705.6,63.29136715229914,0.21561758518952567,1.1375145443020043,0.936704454155121,0.9067631730425814,0.2414779599876845,64.51811060201712,True,2026-10-09,False,False,NEITHER,False
SANSERA,0,,,,6,"Weinstein Stage 2 (30w/40w), Weekly RS leader, Weekly VCP contraction, Weekly trend structure, 13-4 weekly momentum, Weekly RSI healthy",C,False,True,4124.7,69.05706129175172,0.24965457067996244,1.8609057230319577,0.8888460060978052,0.8695478022557183,0.29176915609602044,66.61441763973939,True,2026-10-09,False,False,NEITHER,False
SYRMA,0,,,,6,"Weinstein Stage 2 (30w/40w), Weekly RS leader, Weekly VCP contraction, Weekly trend structure, 13-4 weekly momentum, Weekly RSI healthy",C,False,True,1719.9,59.89620389448679,0.1857974175822188,1.0407269660855332,0.607050130618147,0.9436519384606482,0.34901240921996035,75.34192267000657,True,2026-10-09,False,False,NEITHER,False
UFLEX,0,,,,6,"Weinstein Stage 2 (30w/40w), Weekly RS leader, Weekly VCP contraction, Weekly trend structure, 13-4 weekly momentum, Weekly RSI healthy",C,False,True,621.7,48.85800526950203,0.37788116839574815,0.122026879032896,0.1672831254242984,0.8592950932964756,0.28220703843761075,64.95900626035254,True,2026-10-09,False,False,NEITHER,False
VALIANTORG,0,,,,6,"Weinstein Stage 2 (30w/40w), Weekly RS leader, 52-week high breakout, 13-4 weekly momentum, Weekly RSI healthy, Weekly volume confirm",C,False,True,467.7,84.53084759853307,0.676043793081953,0.47772511848341237,3.654264469829479,0.9731585394513351,0.5288127414213553,73.05447178478738,True,2026-10-09,False,False,NEITHER,False
VINDHYATEL,0,,,,6,"Weinstein Stage 2 (30w/40w), Weekly RS leader, Weekly VCP contraction, Weekly trend structure, 13-4 weekly momentum, Weekly RSI healthy",C,False,True,2814.4,68.23293002291581,0.42121322835701847,1.0429682542650291,1.0001305182756615,0.953193763772496,0.4137245889222667,67.81960349386608,True,2026-10-09,False,False,NEITHER,False
VSSL,0,,,,6,"Weinstein Stage 2 (30w/40w), Weekly RS leader, Weekly VCP contraction, Weekly trend structure, 13-4 weekly momentum, Weekly RSI healthy",C,False,True,373.4,51.26632424601936,0.36452344445176754,0.2905066702948935,0.2297987315230873,0.8719206071220081,0.23839334805866153,65.5907325916809,True,2026-10-09,False,False,NEITHER,False
WELCORP,0,,,,6,"Weinstein Stage 2 (30w/40w), Weekly RS leader, Weekly VCP contraction, Weekly trend structure, 13-4 weekly momentum, Weekly RSI healthy",C,False,True,2640.4,77.90103925388075,0.6373558476835595,2.1230973392934054,0.7524083909744708,0.9104827586206897,0.5800547420497297,79.7643783438429,True,2026-10-09,False,False,NEITHER,False
WELENT,0,,,,6,"Weinstein Stage 2 (30w/40w), Weekly RS leader, Weekly VCP contraction, Weekly trend structure, 13-4 weekly momentum, Weekly RSI healthy",C,False,True,735.9,50.42556096538821,0.19853420195439742,0.4060721350735823,0.3905517678626392,0.8740942851405243,0.24988457274022716,62.63539987277221,True,2026-10-09,False,False,NEITHER,False
TCPLPACK,10,"Relative Strength Leader, Minervini Template, Stan Weinstein Stage 2, Qullamaggie Breakout, CANSLIM Pivot, PKScreener VCP, Turtle Trading, Darvas Box, Wyckoff Closing Range, Sector Momentum Leader",4274.7,383.7292267609565,5,"Weinstein Stage 2 (30w/40w), Weekly RS leader, Weekly VCP contraction, 13-4 weekly momentum, Weekly RSI healthy",WEAK,False,True,4274.7,60.881167906320414,0.4268586793785609,0.2662264146031237,1.000842951845745,0.9691219693579127,0.3686786607163099,67.83673357611573,True,2026-10-09,True,False,DAILY_ONLY,False
MACPOWER,3,"Relative Strength Leader, Minervini Template, Connors RSI Pullback",1898.8,97.72999999999999,5,"Weekly RS leader, Weekly VCP contraction, Weekly trend structure, 13-4 weekly momentum, Weekly RSI healthy",WEAK,False,True,1898.8,66.30538521470991,0.3853717813422164,1.2562355517420514,0.8974106096123147,0.8496890148515333,0.3650769077276451,62.462230626499164,True,2026-10-09,True,False,DAILY_ONLY,False
AEROFLEX,2,"Relative Strength Leader, Connors RSI Pullback",520.5,91.42999999999999,5,"Weinstein Stage 2 (30w/40w), Weekly RS leader, Weekly VCP contraction, 13-4 weekly momentum, Weekly RSI healthy",WEAK,False,True,520.5,72.08960188492367,0.2598100240605463,2.011354456270305,1.0403296167628304,0.8910382234805052,0.23850406002237828,63.75810445035611,True,2026-10-09,True,False,DAILY_ONLY,False
AXISCADES,2,"Relative Strength Leader, Minervini Template",2082.3,70.04565240453107,5,"Weinstein Stage 2 (30w/40w), Minervini weekly base, Weekly RS leader, 13-4 weekly momentum, Weekly RSI healthy",WEAK,False,False,2082.3,55.16951232539465,0.2987587704010757,0.24778280145799703,0.9890445176595904,0.8862359182216223,0.1694482075880983,61.15687892165486,True,2026-10-09,True,False,DAILY_ONLY,False
FILATEX,2,"Minervini Template, Connors RSI Pullback",109.06,89.75999999999999,5,"Weinstein Stage 2 (30w/40w), Weekly RS leader, Weekly VCP contraction, Weekly trend structure, 13-4 weekly momentum",WEAK,False,True,109.06,70.50117902198167,0.7580015516720506,1.0235870944215257,0.4292553539626668,0.9571704200733557,0.7018716997151068,82.82621343962784,True,2026-10-09,True,False,DAILY_ONLY,False
MOREPENLAB,2,"Minervini Template, Connors RSI Pullback",129.55,95.80999999999999,5,"Weinstein Stage 2 (30w/40w), Weekly RS leader, Weekly VCP contraction, Weekly trend structure, 13-4 weekly momentum",WEAK,False,True,129.55,84.50740743015331,1.119654798548955,1.6031149149265622,0.9507543406033429,0.9575726692957036,0.9102526194749345,84.9460935192561,True,2026-10-09,True,False,DAILY_ONLY,False
MOTISONS,2,"Relative Strength Leader, Minervini Template",18.06,70.4234529563243,5,"Weinstein Stage 2 (30w/40w), Weekly RS leader, Weekly VCP contraction, 13-4 weekly momentum, Weekly RSI healthy",WEAK,False,True,18.06,47.420836155457664,0.2718310029987685,0.014037088239990503,0.4138813072818973,0.9130434465653599,0.24577499229933028,64.42169183322352,True,2026-10-09,True,False,DAILY_ONLY,False
NRAIL,2,"Minervini Template, Connors RSI Pullback",636.15,91.58,5,"Weinstein Stage 2 (30w/40w), Weekly RS leader, Weekly VCP contraction, 13-4 weekly momentum, Weekly RSI healthy",WEAK,False,True,636.15,60.38753567608854,0.4858350036954555,0.4334722769779149,0.7927520132794168,0.9005520640060385,0.2796106631432555,65.18840252660613,True,2026-10-09,True,False,DAILY_ONLY,False
PRECWIRE,2,"Minervini Template, Connors RSI Pullback",482.7,92.71,5,"Weinstein Stage 2 (30w/40w), Minervini weekly base, Weekly RS leader, 13-4 weekly momentum, Weekly RSI healthy",WEAK,False,False,482.7,63.03172030454961,0.25311175035169975,1.2383601684850292,0.7025662655241118,0.9196036912721242,0.17701212895900456,61.87429989807686,True,2026-10-09,True,False,DAILY_ONLY,False
SHILPAMED,2,"Minervini Template, Connors RSI Pullback",1021.7,92.41999999999999,5,"Weinstein Stage 2 (30w/40w), Weekly RS leader, Weekly VCP contraction, Weekly trend structure, 13-4 weekly momentum",WEAK,False,True,1021.7,73.28744900807258,0.6301387370532308,1.787190686460602,0.36262019508891014,0.9330593607305937,0.5933384951665104,83.2249053154877,True,2026-10-09,True,False,DAILY_ONLY,False
SSWL,2,"Minervini Template, Connors RSI Pullback",406.8,93.47,5,"Weinstein Stage 2 (30w/40w), Weekly RS leader, Weekly VCP contraction, Weekly trend structure, 13-4 weekly momentum",WEAK,False,True,406.8,69.84433866621067,0.6601487443449332,0.8752219032302719,0.7573663167479578,0.9690329009743089,0.5292433461302667,83.394623907263,True,2026-10-09,True,False,DAILY_ONLY,False
BIL,1,Relative Strength Leader,1042.1,72.30237978710387,5,"Weinstein Stage 2 (30w/40w), Weekly RS leader, 13-4 weekly momentum, Weekly RSI healthy, Weekly volume confirm",WEAK,False,True,1042.1,64.77243785636226,0.4278276835775492,0.3068722950764209,1.660928445416293,0.9061739130434782,0.2915659716233703,67.67689015955864,True,2026-10-09,True,False,DAILY_ONLY,False
BLUSPRING,1,Relative Strength Leader,146.96,97.83,5,"Weinstein Stage 2 (30w/40w), Weekly RS leader, Weekly VCP contraction, 13-4 weekly momentum, Weekly RSI healthy",WEAK,False,True,146.96,61.318876563503764,0.3000707608788895,0.8038541524245686,0.6860231879473251,0.963672131147541,0.4789122127194752,69.89078781577186,True,2026-10-09,True,False,DAILY_ONLY,False
CARTRADE,1,Relative Strength Leader,2951.0,72.77405894051708,5,"Weekly RS leader, Weekly VCP contraction, Weekly trend structure, 13-4 weekly momentum, Weekly RSI healthy",WEAK,False,True,2951.0,44.77133937032288,0.0502153466529387,0.20705167746315856,0.3623919000637192,0.896824190852454,0.22764467861091003,60.557792144736865,True,2026-10-09,True,False,DAILY_ONLY,False
CNL,1,Connors RSI Pullback,1041.8,88.53999999999999,5,"Weekly RS leader, Weekly VCP contraction, Weekly trend structure, 13-4 weekly momentum, Weekly RSI healthy",WEAK,False,True,1041.8,49.535739171018115,0.22981742070404043,0.6809456078524252,0.049372998522317496,0.7848420952969684,0.22403052183465538,59.53310844313763,True,2026-10-09,True,False,DAILY_ONLY,False
CYIENTDLM,1,Minervini Template,952.35,0.9835202591254724,5,"Weinstein Stage 2 (30w/40w), Weekly RS leader, Weekly VCP contraction, Weekly trend structure, 13-4 weekly momentum",WEAK,False,True,952.35,72.3945379536695,0.7453495049737526,1.020473082991431,0.7183321430841636,0.9438553022794847,0.6619645261905102,84.09339411913987,True,2026-10-09,True,False,DAILY_ONLY,False
DHAMPURSUG,1,Minervini Template,184.58,0.5034351034002328,5,"Weinstein Stage 2 (30w/40w), Weekly RS leader, 13-4 weekly momentum, Weekly RSI healthy, Weekly volume confirm",WEAK,False,True,184.58,62.80427466102749,0.28806696489275363,0.3214402899500324,1.716378339998383,0.9232693161792548,0.2310622161319923,65.43370174880698,True,2026-10-09,True,False,DAILY_ONLY,False
DIFFNKG,1,Relative Strength Leader,428.25,68.90618057783556,5,"Minervini weekly base, Weekly RS leader, Weekly VCP contraction, 13-4 weekly momentum, Weekly RSI healthy",WEAK,False,False,428.25,43.904539226487074,0.06558090460007393,0.14827119792421017,0.525928792464367,0.823716060568849,0.16720479557569565,56.589315038050714,True,2026-10-09,True,False,DAILY_ONLY,False
ENTERO,1,Connors RSI Pullback,1676.2,89.35,5,"Weinstein Stage 2 (30w/40w), Weekly RS leader, Weekly VCP contraction, 13-4 weekly momentum, Weekly RSI healthy",WEAK,False,True,1676.2,54.17145781414097,0.3842596136795766,0.4926090828138914,0.29499702642145487,0.8730208333333334,0.2399793794879539,63.10166543714398,True,2026-10-09,True,False,DAILY_ONLY,False
GALAPREC,1,Connors RSI Pullback,1071.9,92.56,5,"Weinstein Stage 2 (30w/40w), Minervini weekly base, Weekly VCP contraction, Weekly RSI healthy, Anti-extension (above, not over-stretched from 30w)",WEAK,False,False,1071.9,45.88067356230178,-0.09749933142425227,0.3773209123032446,0.7903508972593934,0.8507142857142858,0.10478957670779031,55.70424097858809,True,2026-10-09,True,False,DAILY_ONLY,False
IRISDOREME,1,Relative Strength Leader,59.81,85.50458074888952,5,"Weekly RS leader, Weekly VCP contraction, Weekly trend structure, 13-4 weekly momentum, Weekly RSI healthy",WEAK,False,True,59.81,57.95520081407993,0.34919913218007226,0.7726732965212428,0.4185819159650375,0.8795588235294118,0.3155174187022075,66.4596108586583,True,2026-10-09,True,False,DAILY_ONLY,False
KAPSTON,1,Connors RSI Pullback,539.3,92.19,5,"Weekly RS leader, Weekly VCP contraction, Weekly trend structure, 13-4 weekly momentum, Weekly RSI healthy",WEAK,False,True,539.3,59.70132217572886,0.29857937840548754,1.140419057110298,0.36591567164811317,0.875202838877591,0.2853686893095411,63.50947086100181,True,2026-10-09,True,False,DAILY_ONLY,False
KOVAI,1,Connors RSI Pullback,5876.0,90.27,5,"Minervini weekly base, Weekly VCP contraction, 13-4 weekly momentum, Weekly RSI healthy, Anti-extension (above, not over-stretched from 30w)",WEAK,False,False,5876.0,63.64346199793479,-0.01649638081265159,1.6620734248420188,0.976835301760757,0.9118559900682806,0.10840348212674276,65.90823144130627,True,2026-10-09,True,False,DAILY_ONLY,False
MAWANASUG,1,Minervini Template,146.44,0.5166086310519845,5,"Weinstein Stage 2 (30w/40w), Weekly RS leader, Weekly VCP contraction, 13-4 weekly momentum, Weekly RSI healthy",WEAK,False,True,146.44,62.167668732914294,0.3074999999999999,0.6823066645491227,1.153209853894432,0.8929268292682927,0.2948425206409444,63.938833624484886,True,2026-10-09,True,False,DAILY_ONLY,False
MPSLTD,1,Connors RSI Pullback,2473.2,92.96,5,"Minervini weekly base, Weekly RS leader, Weekly VCP contraction, 13-4 weekly momentum, Weekly RSI healthy",WEAK,False,False,2473.2,45.18837108144257,0.2384576865297947,0.11490778774788946,0.26509068020160054,0.8302114803625377,0.15269531811326023,55.20701308430501,True,2026-10-09,True,False,DAILY_ONLY,False
NGLFINE,1,Connors RSI Pullback,2925.0,92.31,5,"Minervini weekly base, Weekly VCP contraction, Weekly trend structure, Weekly RSI healthy, Anti-extension (above, not over-stretched from 30w)",WEAK,False,False,2925.0,50.7185147956594,-0.08355430209250048,0.9002474756390424,0.7139831704975433,0.8125377834208359,0.05515690764835332,55.163107320540135,True,2026-10-09,True,False,DAILY_ONLY,False
ORIENTBELL,1,Relative Strength Leader,400.4,79.9885438783552,5,"Weinstein Stage 2 (30w/40w), Weekly RS leader, 13-4 weekly momentum, Weekly RSI healthy, Weekly volume confirm",WEAK,False,True,400.4,64.48376989359048,0.2587612045832417,0.3335681117178657,2.006711222485782,0.9205655564148234,0.20138790677710122,64.79668004081972,True,2026-10-09,True,False,DAILY_ONLY,False
PGIL,1,Minervini Template,1281.1,0.49445882957571924,5,"Weinstein Stage 2 (30w/40w), Weekly RS leader, Weekly VCP contraction, 13-4 weekly momentum, Weekly RSI healthy",WEAK,False,True,1281.1,60.8614226624279,0.28238238238238234,0.9855185849631762,0.5607231350857205,0.9434420627194539,0.30971609111486775,66.71835864479232,True,2026-10-09,True,False,DAILY_ONLY,False
PITTIENG,1,Connors RSI Pullback,1023.6,90.38999999999999,5,"Minervini weekly base, Weekly VCP contraction, 13-4 weekly momentum, Weekly RSI healthy, Anti-extension (above, not over-stretched from 30w)",WEAK,False,False,1023.6,43.36267104645898,0.058769981363353985,0.05997337720029816,0.8688523939267193,0.835333262508788,0.053966038278667805,51.35164733275116,True,2026-10-09,True,False,DAILY_ONLY,False
PRIMO,1,Relative Strength Leader,26.3,73.07999791079077,5,"Weinstein Stage 2 (30w/40w), Minervini weekly base, Weekly RS leader, Weekly RSI healthy, Anti-extension (above, not over-stretched from 30w)",WEAK,False,False,26.3,48.739782666415934,0.09537691583873897,0.12249251632276859,1.0720371319685766,0.8825503581655197,0.130858532713841,56.953288848442156,True,2026-10-09,True,False,DAILY_ONLY,False
QUADFUTURE,1,Minervini Template,511.25,0.4703249602810884,5,"Weinstein Stage 2 (30w/40w), Weekly RS leader, Weekly VCP contraction, 13-4 weekly momentum, Weekly RSI healthy",WEAK,False,True,511.25,50.52741462822206,0.2356495468277946,0.320377024488937,0.3249071208678692,0.9013575264405862,0.3447341577572713,64.68472859627758,True,2026-10-09,True,False,DAILY_ONLY,False
RACLGEAR,1,Connors RSI Pullback,1460.6,89.96,5,"Minervini weekly base, Weekly RS leader, 13-4 weekly momentum, Weekly RSI healthy, Anti-extension (above, not over-stretched from 30w)",WEAK,False,False,1460.6,43.35050085774448,0.15252895425248325,0.22275241523344813,0.49238647835033295,0.7576905312012283,0.052790913471288586,51.592279983518175,True,2026-10-09,True,False,DAILY_ONLY,False
RGL,1,Minervini Template,160.74,0.622693734643384,5,"Weinstein Stage 2 (30w/40w), Weekly RS leader, Weekly VCP contraction, 13-4 weekly momentum, Weekly RSI healthy",WEAK,False,True,160.74,51.680879462257344,0.34916905173298174,0.18662329863552918,0.3540486541587903,0.924856140262158,0.3281992411631108,70.71401561840449,True,2026-10-09,True,False,DAILY_ONLY,False
RPGLIFE,1,Connors RSI Pullback,2719.2,93.57,5,"Minervini weekly base, Weekly VCP contraction, Weekly trend structure, Weekly RSI healthy, Anti-extension (above, not over-stretched from 30w)",WEAK,False,False,2719.2,43.38177859956234,-0.04819906438821453,0.18467428125061147,0.62575811630396,0.8693650353445026,0.11524514913748769,54.90309811421811,True,2026-10-09,True,False,DAILY_ONLY,False
SAKAR,1,Relative Strength Leader,1011.5,93.31506327271266,5,"Weekly RS leader, Weekly VCP contraction, Weekly trend structure, 13-4 weekly momentum, Weekly RSI healthy",WEAK,False,True,1011.5,66.7135347859455,0.2268041237113403,1.8218718525688997,0.8222895872384334,0.8224580396630011,0.2428223846861089,60.67337474489778,True,2026-10-09,True,False,DAILY_ONLY,False
SBCL,1,Connors RSI Pullback,1041.6,91.06,5,"Weekly RS leader, Weekly VCP contraction, Weekly trend structure, 13-4 weekly momentum, Weekly RSI healthy",WEAK,False,True,1041.6,59.99585577532285,0.3970742083812788,1.0797845530283334,0.2475359955001117,0.8567903609734858,0.34248349317915433,65.19157986106826,True,2026-10-09,True,False,DAILY_ONLY,False
SUBEXLTD,1,Relative Strength Leader,19.18,83.96949699368537,5,"Weinstein Stage 2 (30w/40w), Weekly RS leader, Weekly VCP contraction, 13-4 weekly momentum, Weekly RSI healthy",WEAK,False,True,19.18,61.351596021487744,0.44973549989691963,0.45966510645842895,1.0287504006731671,0.8412280983248291,0.4613704424064436,64.64761868925335,True,2026-10-09,True,False,DAILY_ONLY,False
SUNFLAG,1,Minervini Template,439.8,0.456821105714953,5,"Weinstein Stage 2 (30w/40w), Weekly RS leader, Weekly trend structure, Weekly RSI healthy, Weekly volume confirm",WEAK,False,True,439.8,67.1545198884411,0.28706446911793626,0.6485778503393391,1.718681058462359,0.9337579617834395,0.2944426886992727,71.2418409950601,True,2026-10-09,True,False,DAILY_ONLY,False
TASTYBITE,1,Connors RSI Pullback,8758.0,88.66999999999999,5,"Minervini weekly base, Weekly VCP contraction, Weekly trend structure, 13-4 weekly momentum, Anti-extension (above, not over-stretched from 30w)",WEAK,False,False,8758.0,33.23172544421394,-0.03591007581403005,-0.013786893675570955,0.14661634492100048,0.8306145675265554,0.030543902792894272,47.05525962384217,True,2026-10-09,True,False,DAILY_ONLY,False
UNIVCABLES,1,Connors RSI Pullback,1518.8,93.61999999999999,5,"Weekly RS leader, Weekly VCP contraction, Weekly trend structure, 13-4 weekly momentum, Weekly RSI healthy",WEAK,False,True,1518.8,66.20344291973132,0.3486287939504473,1.1714461336656528,1.049386823712607,0.8557101690848151,0.2733425520088082,62.69592777549455,True,2026-10-09,True,False,DAILY_ONLY,False
UTTAMSUGAR,1,Minervini Template,298.05,0.45143891462494323,5,"Weinstein Stage 2 (30w/40w), Minervini weekly base, Weekly RS leader, 13-4 weekly momentum, Weekly RSI healthy",WEAK,False,False,298.05,52.79664328584181,0.29366369202903875,0.16559610830750038,0.9762279749014546,0.8369388389794695,0.18132928115038469,59.420839417143114,True,2026-10-09,True,False,DAILY_ONLY,False
WINDLAS,1,Connors RSI Pullback,949.2,90.39,5,"Minervini weekly base, Weekly VCP contraction, 13-4 weekly momentum, Weekly RSI healthy, Anti-extension (above, not over-stretched from 30w)",WEAK,False,False,949.2,43.245153517349664,0.15232422207131258,0.0457290786004787,0.7150705208769725,0.80311361400519,0.0682576404715944,51.25927953893474,True,2026-10-09,True,False,DAILY_ONLY,False
20MICRONS,0,,,,5,"Minervini weekly base, Weekly VCP contraction, Weekly trend structure, 13-4 weekly momentum, Anti-extension (above, not over-stretched from 30w)",WEAK,False,False,196.12,35.75259765256116,-0.005126858529060141,-0.07067710915956671,0.4339833575430347,0.8311842418037308,0.037694127109031056,49.1833676229628,True,2026-10-09,False,False,NEITHER,False
63MOONS,0,,,,5,"Minervini weekly base, Weekly VCP contraction, 13-4 weekly momentum, Weekly RSI healthy, Anti-extension (above, not over-stretched from 30w)",WEAK,False,False,766.3,36.875098912233234,0.13185668877720924,-0.08627414848502712,0.1584114542674236,0.8017933345214939,0.07313263048584069,50.283896265817255,True,2026-10-09,False,False,NEITHER,False
AARTIDRUGS,0,,,,5,"Minervini weekly base, Weekly VCP contraction, 13-4 weekly momentum, Weekly RSI healthy, Anti-extension (above, not over-stretched from 30w)",WEAK,False,False,413.3,34.8780977035847,0.04158269333324727,-0.19348182986706963,0.7133526466280877,0.7781238651415806,0.053391724928150114,52.80315139027576,True,2026-10-09,False,False,NEITHER,False
AEGISVOPAK,0,,,,5,"Minervini weekly base, Weekly RS leader, Weekly VCP contraction, 13-4 weekly momentum, Weekly RSI healthy",WEAK,False,False,284.8,41.4184243250246,0.005720769002468096,0.030021152662845996,0.49581596664381894,0.8873655995260957,0.1815548674241258,56.44645779529919,True,2026-10-09,False,False,NEITHER,False
ALICON,0,,,,5,"Weekly RS leader, Weekly trend structure, 13-4 weekly momentum, Weekly RSI healthy, Weekly volume confirm",WEAK,False,True,861.7,55.192681519265705,0.36789042221397605,0.01728631759617083,1.2170356744841337,0.8492648569171876,0.2577392198288072,67.56870124539148,True,2026-10-09,False,False,NEITHER,False
ALKYLAMINE,0,,,,5,"Minervini weekly base, Weekly VCP contraction, Weekly RSI healthy, Anti-extension (above, not over-stretched from 30w), Weekly volume confirm",WEAK,False,False,1807.6,56.94053526217745,-0.07586912065439677,-0.013778316596554485,6.015491147131427,0.8546572104018912,0.045026420386450675,50.60342370009786,True,2026-10-09,False,False,NEITHER,False
ANANTRAJ,0,,,,5,"Minervini weekly base, Weekly VCP contraction, Weekly trend structure, 13-4 weekly momentum, Anti-extension (above, not over-stretched from 30w)",WEAK,False,False,570.75,32.22917440844912,-0.024173677476984845,-0.17647967457837288,0.5967875480306997,0.7687592485185101,0.036413933894437686,49.284973786109255,True,2026-10-09,False,False,NEITHER,False
ANDHRSUGAR,0,,,,5,"Minervini weekly base, Weekly VCP contraction, 13-4 weekly momentum, Weekly RSI healthy, Anti-extension (above, not over-stretched from 30w)",WEAK,False,False,88.43,39.396831772558244,0.05176199558159489,0.09536036086693267,0.3519956630459762,0.8353871834811535,0.014934725570162089,50.410711786158515,True,2026-10-09,False,False,NEITHER,False
ANTELOPUS,0,,,,5,"Weinstein Stage 2 (30w/40w), Weekly RS leader, Weekly VCP contraction, 13-4 weekly momentum, Weekly RSI healthy",WEAK,False,True,1101.5,57.43595598339576,0.34773035170902555,1.0133431715479548,0.16049884518290083,0.8532806407684198,0.3560344639544003,63.67710780472517,True,2026-10-09,False,False,NEITHER,False
APOLLO,0,,,,5,"Minervini weekly base, Weekly VCP contraction, 13-4 weekly momentum, Weekly RSI healthy, Anti-extension (above, not over-stretched from 30w)",WEAK,False,False,388.35,44.966303615660294,-0.049556504114620314,0.2239019105174398,0.8039326561972535,0.832987858211758,0.09059157180634007,54.41971539142301,True,2026-10-09,False,False,NEITHER,False
ASHIANA,0,,,,5,"Weinstein Stage 2 (30w/40w), Minervini weekly base, Weekly VCP contraction, Weekly RSI healthy, Anti-extension (above, not over-stretched from 30w)",WEAK,False,False,372.55,40.635634494899925,-0.001913609902082558,0.26093631845821785,0.13807348228377575,0.8578414143502813,0.04023874729819922,54.43368627881529,True,2026-10-09,False,False,NEITHER,False
ASTEC,0,,,,5,"Weinstein Stage 2 (30w/40w), Minervini weekly base, 13-4 weekly momentum, Weekly RSI healthy, Anti-extension (above, not over-stretched from 30w)",WEAK,False,False,729.3,37.725531141066014,0.05818338230226683,-0.047600391772771866,0.5474349678858224,0.7744093443058137,0.07109288118424424,55.59337526257513,True,2026-10-09,False,False,NEITHER,False
ASTRAMICRO,0,,,,5,"Minervini weekly base, Weekly VCP contraction, Weekly trend structure, Weekly RSI healthy, Anti-extension (above, not over-stretched from 30w)",WEAK,False,False,1652.9,48.123842449224206,-0.08230791559558981,0.5177345481585167,0.7797385295160274,0.8445108069869826,0.12528130938248197,58.94664751834647,True,2026-10-09,False,False,NEITHER,False
ATHERENERG,0,,,,5,"Weekly RS leader, Weekly VCP contraction, Weekly trend structure, 13-4 weekly momentum, Weekly RSI healthy",WEAK,False,True,1434.4,61.565854878585206,0.170174533253852,1.4113643084327125,0.7746135577053479,0.8224770642201835,0.22949098739211496,60.678297596421096,True,2026-10-09,False,False,NEITHER,False
BAJAJHIND,0,,,,5,"Weinstein Stage 2 (30w/40w), Minervini weekly base, 13-4 weekly momentum, Weekly RSI healthy, Anti-extension (above, not over-stretched from 30w)",WEAK,False,False,20.42,40.901592503934424,0.17694521907959837,-0.0822471910112359,0.6359966678425049,0.7853846153846155,0.0839408276959469,54.129317100709216,True,2026-10-09,False,False,NEITHER,False
BAJAJHLDNG,0,,,,5,"Minervini weekly base, Weekly VCP contraction, 13-4 weekly momentum, Weekly RSI healthy, Anti-extension (above, not over-stretched from 30w)",WEAK,False,False,10820.0,38.62897027273336,0.021466065557704805,-0.08746670145594448,0.8429436492212008,0.8315416689728606,0.03371755325709447,50.25355850786822,True,2026-10-09,False,False,NEITHER,False
BALPHARMA,0,,,,5,"Weinstein Stage 2 (30w/40w), Weekly RS leader, Weekly VCP contraction, 13-4 weekly momentum, Weekly RSI healthy",WEAK,False,True,106.79,49.817912960423364,0.3610807525687556,0.3004791075874651,0.06822314392010112,0.8673339948493858,0.26236787868011835,68.50380297142048,True,2026-10-05,False,False,NEITHER,False
BEML,0,,,,5,"Minervini weekly base, Weekly trend structure, 13-4 weekly momentum, Weekly RSI healthy, Anti-extension (above, not over-stretched from 30w)",WEAK,False,False,1894.7,35.9350825738106,0.023223415173368123,-0.12411927936334555,0.5459974702436222,0.839779437165051,0.05025667225217078,51.441560523090864,True,2026-10-09,False,False,NEITHER,False
BHARATSE,0,,,,5,"Minervini weekly base, Weekly VCP contraction, Weekly RSI healthy, Anti-extension (above, not over-stretched from 30w), Weekly volume confirm",WEAK,False,False,210.18,41.507954027660325,-0.12422171431419826,-0.024237826488274994,1.4982431325761332,0.8037672932620712,0.045465143855645096,51.6734148132994,True,2026-10-09,False,False,NEITHER,False
BLUESTONE,0,,,,5,"Weekly RS leader, Weekly VCP contraction, Weekly trend structure, 13-4 weekly momentum, Weekly RSI healthy",WEAK,False,True,817.65,49.524575471644404,0.4080419886550497,0.1646606569575515,0.14199372308814465,0.8430250329088917,0.2770626395210115,63.003509392367704,True,2026-10-09,False,False,NEITHER,False
CGCL,0,,,,5,"Minervini weekly base, Weekly VCP contraction, 13-4 weekly momentum, Weekly RSI healthy, Anti-extension (above, not over-stretched from 30w)",WEAK,False,False,241.82,42.39064043030952,-0.04052754314531137,0.2752852947024762,0.4873403326329038,0.8412593137266351,0.1044881285981224,54.82865238870533,True,2026-10-09,False,False,NEITHER,False
CLSEL,0,,,,5,"Minervini weekly base, Weekly VCP contraction, 13-4 weekly momentum, Weekly RSI healthy, Anti-extension (above, not over-stretched from 30w)",WEAK,False,False,287.4,41.041550957884226,0.008172757617345816,0.13441596964651237,0.44360507948707517,0.8939463706234301,0.03899753422413864,52.771354204406975,True,2026-10-09,False,False,NEITHER,False
CONCORDBIO,0,,,,5,"Minervini weekly base, Weekly VCP contraction, 13-4 weekly momentum, Weekly RSI healthy, Anti-extension (above, not over-stretched from 30w)",WEAK,False,False,1361.4,36.790699669961306,0.04970609875093279,-0.14563222941443954,0.5704810005916002,0.8311393762762681,0.07330351431678185,50.49008036501619,True,2026-10-09,False,False,NEITHER,False
COSMOFIRST,0,,,,5,"Minervini weekly base, Weekly VCP contraction, Weekly trend structure, 13-4 weekly momentum, Anti-extension (above, not over-stretched from 30w)",WEAK,False,False,813.05,33.734917352801446,-0.017035924166979077,-0.09071720038607456,0.3093835272932619,0.8163152610441766,0.025883572436481917,48.16617696768785,True,2026-10-09,False,False,NEITHER,False
DEEPINDS,0,,,,5,"Weinstein Stage 2 (30w/40w), Weekly RS leader, Weekly VCP contraction, 13-4 weekly momentum, Weekly RSI healthy",WEAK,False,True,746.4,62.980279061289366,0.6102402123633721,0.5386481267530185,0.6120930431815397,0.9047272727272727,0.3387936167896725,68.80575753614393,True,2026-10-09,False,False,NEITHER,False
EBGNG,0,,,,5,"Weinstein Stage 2 (30w/40w), Weekly RS leader, Weekly VCP contraction, 13-4 weekly momentum, Weekly RSI healthy",WEAK,False,True,685.5,61.5389350887666,0.08148619768631638,1.0450476582220745,1.1053759939319323,0.939041095890411,0.3093555401062418,64.89103572138617,True,2026-10-09,False,False,NEITHER,False
ECLERX,0,,,,5,"Minervini weekly base, Weekly VCP contraction, 13-4 weekly momentum, Weekly RSI healthy, Anti-extension (above, not over-stretched from 30w)",WEAK,False,False,1866.8,37.91548393690776,0.15177591139365876,-0.08531382921616193,0.3662298412320099,0.7478818806453902,0.12578389403898188,53.88378050083882,True,2026-10-09,False,False,NEITHER,False
EMIL,0,,,,5,"Weinstein Stage 2 (30w/40w), Weekly RS leader, Weekly VCP contraction, 13-4 weekly momentum, Weekly RSI healthy",WEAK,False,True,191.17,60.38337594654968,0.4228192849924086,0.32692434428622086,0.9926330556974736,0.9147765523415976,0.37208928427768984,66.7611125158692,True,2026-10-09,False,False,NEITHER,False
EMKAY,0,,,,5,"Minervini weekly base, Weekly VCP contraction, Weekly RSI healthy, Anti-extension (above, not over-stretched from 30w), Weekly volume confirm",WEAK,False,False,267.9,39.74861130103791,-0.0047161134784194925,-0.19095846920967718,1.4199332073616986,0.7268067832695065,0.09504617826755635,54.1142452125061,True,2026-10-09,False,False,NEITHER,False
EPL,0,,,,5,"Minervini weekly base, Weekly VCP contraction, 13-4 weekly momentum, Weekly RSI healthy, Anti-extension (above, not over-stretched from 30w)",WEAK,False,False,232.43,38.11861442741669,-0.021594534481035432,0.10880992501600151,0.41139869562496406,0.8481918075954837,0.011676596881741748,50.255632920703306,True,2026-10-09,False,False,NEITHER,False
ETERNAL,0,,,,5,"Minervini weekly base, Weekly VCP contraction, Weekly trend structure, 13-4 weekly momentum, Weekly RSI healthy",WEAK,False,False,323.45,43.52205243825753,0.11669258351717815,-0.07134650779183982,0.7314548288872492,0.8778667099575346,0.15807513886222105,60.899421535954396,True,2026-10-09,False,False,NEITHER,False
EXPLEOSOL,0,,,,5,"Minervini weekly base, Weekly RS leader, 13-4 weekly momentum, Weekly RSI healthy, Anti-extension (above, not over-stretched from 30w)",WEAK,False,False,861.9,40.605839795674115,0.20966462559842403,-0.015884563583650313,0.09932290270205857,0.8347520285379183,0.12555237003585512,57.71128398449279,True,2026-10-09,False,False,NEITHER,False
FMGOETZE,0,,,,5,"Minervini weekly base, Weekly VCP contraction, 13-4 weekly momentum, Weekly RSI healthy, Anti-extension (above, not over-stretched from 30w)",WEAK,False,False,443.2,39.23764573666343,0.15418051729664106,0.04704044148394071,0.09695931525157958,0.8163518668423223,0.10571749882990329,54.2896678244761,True,2026-10-09,False,False,NEITHER,False
FSL,0,,,,5,"Minervini weekly base, Weekly VCP contraction, Weekly RSI healthy, Anti-extension (above, not over-stretched from 30w), Weekly volume confirm",WEAK,False,False,268.1,41.395299495834095,0.03230529752788924,-0.1802771629797446,1.440992072548257,0.7369237134364103,0.06456338961621794,51.14634779981061,True,2026-10-09,False,False,NEITHER,False
GARFIBRES,0,,,,5,"Minervini weekly base, Weekly VCP contraction, 13-4 weekly momentum, Weekly RSI healthy, Anti-extension (above, not over-stretched from 30w)",WEAK,False,False,765.1,40.79594433627943,0.0575567983175469,0.027921124095862115,0.42833496546524424,0.8872379826719824,0.0765806050472061,53.51115785077768,True,2026-10-09,False,False,NEITHER,False
GFLLIMITED,0,,,,5,"Weekly VCP contraction, Weekly trend structure, 13-4 weekly momentum, Weekly RSI healthy, Anti-extension (above, not over-stretched from 30w)",WEAK,False,False,55.6,41.696127358731225,0.21397381934909432,-0.08627770921561917,0.8285596979682367,0.6864197530864198,0.13277509278174876,56.561197868760786,True,2026-10-09,False,False,NEITHER,False
GLENMARK,0,,,,5,"Minervini weekly base, Weekly VCP contraction, 13-4 weekly momentum, Weekly RSI healthy, Anti-extension (above, not over-stretched from 30w)",WEAK,False,False,2293.0,46.4338743931849,0.005423668648047997,0.18356187031983073,1.0083412839766992,0.9045087892925853,0.006659230151553914,51.11774009462779,True,2026-10-09,False,False,NEITHER,False
GOACARBON,0,,,,5,"Weinstein Stage 2 (30w/40w), Minervini weekly base, 13-4 weekly momentum, Weekly RSI healthy, Anti-extension (above, not over-stretched from 30w)",WEAK,False,False,401.8,34.72331195401748,-0.0016151377495718933,-0.10562047857540346,0.43599432187251463,0.8118811981316015,0.0667445412702474,53.84109987424815,True,2026-10-09,False,False,NEITHER,False
GODREJAGRO,0,,,,5,"Weinstein Stage 2 (30w/40w), Minervini weekly base, 13-4 weekly momentum, Weekly RSI healthy, Anti-extension (above, not over-stretched from 30w)",WEAK,False,False,628.45,41.684110073385696,0.13966301076625598,-0.030695908109082515,0.5330709761656607,0.8998424656803978,0.07593491495107406,56.474271364892566,True,2026-10-09,False,False,NEITHER,False
GOODLUCK,0,,,,5,"Weinstein Stage 2 (30w/40w), Minervini weekly base, Weekly trend structure, Weekly RSI healthy, Anti-extension (above, not over-stretched from 30w)",WEAK,False,False,500.25,42.79723135735307,-0.03982095611906644,0.18681856202455327,0.5237743731373286,0.8991953499219673,0.09503799263698896,55.64126598899003,True,2026-10-09,False,False,NEITHER,False
GPPL,0,,,,5,"Weekly RS leader, Weekly trend structure, 13-4 weekly momentum, Weekly RSI healthy, Anti-extension (above, not over-stretched from 30w)",WEAK,False,False,167.9,46.88107910538031,0.1213110036398426,0.10171247867862121,0.8902640630063837,0.864702334955171,0.10061059141364992,64.67406415022114,True,2026-10-09,False,False,NEITHER,False
GRANULES,0,,,,5,"Minervini weekly base, Weekly VCP contraction, 13-4 weekly momentum, Weekly RSI healthy, Anti-extension (above, not over-stretched from 30w)",WEAK,False,False,815.25,46.15957098021704,-0.0819258649824266,0.43689783695984374,0.6843894364492076,0.8826395046296583,0.04397611969154401,53.331191943339874,True,2026-10-09,False,False,NEITHER,False
GREAVESCOT,0,,,,5,"Weinstein Stage 2 (30w/40w), Minervini weekly base, Weekly VCP contraction, Weekly RSI healthy, Anti-extension (above, not over-stretched from 30w)",WEAK,False,False,207.22,34.67213775125204,-0.2074408237628681,0.004706152170513178,0.6801242373980584,0.7683655554980412,0.08436046634712115,52.15639090081786,True,2026-10-09,False,False,NEITHER,False
GRINDWELL,0,,,,5,"Minervini weekly base, Weekly VCP contraction, Weekly trend structure, Weekly RSI healthy, Anti-extension (above, not over-stretched from 30w)",WEAK,False,False,1990.6,44.71982260013285,-0.033032203648328484,0.1927199809071125,0.9308757768555702,0.8108350305498981,0.061972212614591925,54.67539470086812,True,2026-10-09,False,False,NEITHER,False
GULFOILLUB,0,,,,5,"Minervini weekly base, Weekly VCP contraction, 13-4 weekly momentum, Weekly RSI healthy, Anti-extension (above, not over-stretched from 30w)",WEAK,False,False,1077.3,40.31573523690871,0.05765742185533784,-0.06181640977971947,0.5802210251180433,0.874517493854768,0.0782547042473093,53.708798428058905,True,2026-10-09,False,False,NEITHER,False
HAL,0,,,,5,"Minervini weekly base, Weekly VCP contraction, 13-4 weekly momentum, Weekly RSI healthy, Anti-extension (above, not over-stretched from 30w)",WEAK,False,False,4655.6,40.8714361147705,0.03511004627922287,-0.026714198553729696,0.7034496699980753,0.904017570881564,0.04162180058560539,52.13873226046598,True,2026-10-09,False,False,NEITHER,False
HERITGFOOD,0,,,,5,"Minervini weekly base, Weekly VCP contraction, 13-4 weekly momentum, Weekly RSI healthy, Anti-extension (above, not over-stretched from 30w)",WEAK,False,False,390.15,36.00618010339714,0.16767324821409346,-0.19874194734552508,0.4515453427447031,0.7802643987960924,0.11462540050676975,56.72146388220342,True,2026-10-09,False,False,NEITHER,False
HINDOILEXP,0,,,,5,"Weinstein Stage 2 (30w/40w), Minervini weekly base, 13-4 weekly momentum, Weekly RSI healthy, Anti-extension (above, not over-stretched from 30w)",WEAK,False,False,169.34,38.91643675211147,0.10182833827828364,0.020735420313891417,0.3220050055803073,0.8406473289696106,0.058509514879622665,53.4655119803158,True,2026-10-09,False,False,NEITHER,False
HNDFDS,0,,,,5,"Minervini weekly base, Weekly VCP contraction, 13-4 weekly momentum, Weekly RSI healthy, Anti-extension (above, not over-stretched from 30w)",WEAK,False,False,573.0,40.030130689950816,0.006057435310288017,0.0897679979133359,0.5508685364804689,0.8454444854297307,0.033198795697991924,50.69083985443797,True,2026-10-09,False,False,NEITHER,False
IDFCFIRSTB,0,,,,5,"Minervini weekly base, Weekly VCP contraction, Weekly trend structure, 13-4 weekly momentum, Anti-extension (above, not over-stretched from 30w)",WEAK,False,False,79.52,43.74611650548022,-0.013316828730731589,0.0715249600241139,0.9646542908126101,0.8874009536700529,0.04260543209538423,49.1847229915608,True,2026-10-09,False,False,NEITHER,False
INDIGOPNTS,0,,,,5,"Minervini weekly base, Weekly VCP contraction, Weekly trend structure, 13-4 weekly momentum, Anti-extension (above, not over-stretched from 30w)",WEAK,False,False,1022.7,35.10156773707382,-0.024096889092452112,-0.023168624458822396,0.41338612813895265,0.7630882744740909,0.024640269086628492,46.37132453978384,True,2026-10-09,False,False,NEITHER,False
INDIQUBE,0,,,,5,"Minervini weekly base, Weekly VCP contraction, 13-4 weekly momentum, Weekly RSI healthy, Anti-extension (above, not over-stretched from 30w)",WEAK,False,False,194.47,37.246092453585625,0.09185334531236644,-0.1384458667893932,0.43468703922960344,0.8257048083908307,0.12102607813948958,55.945462820654214,True,2026-10-09,False,False,NEITHER,False
INDNIPPON,0,,,,5,"Minervini weekly base, Weekly RS leader, Weekly VCP contraction, 13-4 weekly momentum, Weekly RSI healthy",WEAK,False,False,1188.0,40.073194715630635,0.016688061617458283,0.20716028020429245,0.26754192310870406,0.7595907928388747,0.1898164574823277,57.58169366992144,True,2026-10-09,False,False,NEITHER,False
JAGSNPHARM,0,,,,5,"Minervini weekly base, Weekly VCP contraction, 13-4 weekly momentum, Weekly RSI healthy, Anti-extension (above, not over-stretched from 30w)",WEAK,False,False,225.6,36.702219258853454,-0.014583468855207227,0.038884971530465995,0.20171662042652627,0.867203795015083,0.05142855151097485,53.10173824483227,True,2026-10-09,False,False,NEITHER,False
JAYBARMARU,0,,,,5,"Weinstein Stage 2 (30w/40w), Weekly VCP contraction, Weekly RSI healthy, Anti-extension (above, not over-stretched from 30w), Weekly volume confirm",WEAK,False,False,126.68,39.57665299696795,-0.3217042550328453,0.3096513336094475,1.3316081960672725,0.615283093010555,0.01864684559847912,50.413293179331774,True,2026-10-09,False,False,NEITHER,False
JINDALSAW,0,,,,5,"Minervini weekly base, Weekly VCP contraction, 13-4 weekly momentum, Weekly RSI healthy, Anti-extension (above, not over-stretched from 30w)",WEAK,False,False,269.6,43.636924909486744,-0.022480014747581434,0.31881092458928295,0.5107547259655134,0.8425,0.06449332638236113,53.459466753972066,True,2026-10-09,False,False,NEITHER,False
JSFB,0,,,,5,"Minervini weekly base, Weekly VCP contraction, Weekly trend structure, 13-4 weekly momentum, Anti-extension (above, not over-stretched from 30w)",WEAK,False,False,489.35,39.25155852203841,0.03216619637240559,0.033801613373139805,0.48599191039808753,0.8062443202210239,0.017352619250534555,48.84769074734121,True,2026-10-09,False,False,NEITHER,False
JUSTDIAL,0,,,,5,"Minervini weekly base, Weekly VCP contraction, 13-4 weekly momentum, Weekly RSI healthy, Anti-extension (above, not over-stretched from 30w)",WEAK,False,False,648.05,30.721188712301668,0.14892299268671016,-0.22151481710972787,0.042246124727542265,0.7375939198812475,0.07762574794704291,50.75337267178274,True,2026-10-09,False,False,NEITHER,False
JYOTICNC,0,,,,5,"Weekly RS leader, Weekly VCP contraction, Weekly trend structure, 13-4 weekly momentum, Weekly RSI healthy",WEAK,False,True,999.7,47.83659118624027,0.25503736779898367,0.03660304302396167,0.6651187068865091,0.8811034915488417,0.22122640266390275,60.84401688004419,True,2026-10-09,False,False,NEITHER,False
KALYANKJIL,0,,,,5,"Minervini weekly base, Weekly RS leader, Weekly VCP contraction, 13-4 weekly momentum, Weekly RSI healthy",WEAK,False,False,554.0,45.6660207019968,0.1682463291421583,0.147283682325263,0.5224279931287786,0.8571700357760652,0.1650303100236209,56.737637815087226,True,2026-10-09,False,False,NEITHER,False
KAMATHOTEL,0,,,,5,"Weekly RS leader, Weekly trend structure, 13-4 weekly momentum, Weekly RSI healthy, Weekly volume confirm",WEAK,False,True,251.05,60.95017587297349,0.3283771242023734,-0.17742467248100502,2.6273018182518757,0.7616808111379529,0.33482799567552235,70.17755964510027,True,2026-10-09,False,False,NEITHER,False
KAMDHENU,0,,,,5,"Weekly RS leader, Weekly VCP contraction, 13-4 weekly momentum, Weekly RSI healthy, Weekly volume confirm",WEAK,False,True,36.47,52.83075004148196,0.11578121267144081,0.2770570117809694,1.2040743087916912,0.8345537611735929,0.2212959369279409,60.37170693133066,True,2026-10-09,False,False,NEITHER,False
KECL,0,,,,5,"Minervini weekly base, Weekly VCP contraction, 13-4 weekly momentum, Weekly RSI healthy, Anti-extension (above, not over-stretched from 30w)",WEAK,False,False,121.37,43.99614566936107,0.05365046816226382,0.045211825088184554,1.1032245680150001,0.7830322580645162,0.02050769221294415,50.392867351343185,True,2026-10-09,False,False,NEITHER,False
KIRIINDUS,0,,,,5,"Weekly RS leader, Weekly VCP contraction, Weekly trend structure, 13-4 weekly momentum, Weekly RSI healthy",WEAK,False,True,544.25,44.96144607421791,0.4034296470647487,-0.06774578386424057,0.4577221302292863,0.6986521181001284,0.25558004295809206,64.25180610884199,True,2026-10-09,False,False,NEITHER,False
KIRLOSENG,0,,,,5,"Weinstein Stage 2 (30w/40w), Minervini weekly base, Weekly VCP contraction, Weekly RSI healthy, Anti-extension (above, not over-stretched from 30w)",WEAK,False,False,2210.4,55.65126950329329,-0.11109049749899047,1.49015125860435,0.6861955323711882,0.81436525627344,0.129290368049938,60.852920854436874,True,2026-10-09,False,False,NEITHER,False
KPRMILL,0,,,,5,"Minervini weekly base, Weekly VCP contraction, Weekly trend structure, 13-4 weekly momentum, Anti-extension (above, not over-stretched from 30w)",WEAK,False,False,1053.8,38.93224090336787,-0.04863040585620326,0.054530009727192796,0.7355994106040464,0.7916906828921009,0.016624355969406944,48.76282431731482,True,2026-10-09,False,False,NEITHER,False
KRISHNADEF,0,,,,5,"Minervini weekly base, Wyckoff weekly absorption, Weekly RSI healthy, Anti-extension (above, not over-stretched from 30w), Weekly volume confirm",WEAK,False,False,1230.3,66.37104049098681,-0.06455288497861267,0.4867802021339549,7.33101716724051,0.8796428286743719,0.11166523516030512,58.93310278110606,True,2026-10-09,False,False,NEITHER,False
KRYSTAL,0,,,,5,"Minervini weekly base, Weekly VCP contraction, 13-4 weekly momentum, Weekly RSI healthy, Anti-extension (above, not over-stretched from 30w)",WEAK,False,False,626.75,42.248692618025636,0.046052535742288514,0.026399572354835144,0.638080909324183,0.8993399024873862,0.04661976882088654,53.843428410018525,True,2026-10-09,False,False,NEITHER,False
LIKHITHA,0,,,,5,"Weinstein Stage 2 (30w/40w), Minervini weekly base, Weekly VCP contraction, Weekly RSI healthy, Anti-extension (above, not over-stretched from 30w)",WEAK,False,False,222.94,32.88893530172442,-0.08255144032921813,-0.0656328822419292,0.4996725134275866,0.8196323529411764,0.025500270042258032,52.393711985497816,True,2026-10-09,False,False,NEITHER,False
LLOYDSENT,0,,,,5,"Minervini weekly base, Weekly VCP contraction, Weekly trend structure, Weekly RSI healthy, Anti-extension (above, not over-stretched from 30w)",WEAK,False,False,73.73,40.88802878732446,-0.05691993205174206,0.04593230077888033,0.7249108958738649,0.870484092756867,0.05197846118782685,51.835116137238884,True,2026-10-09,False,False,NEITHER,False
MAHLOG,0,,,,5,"Minervini weekly base, Weekly VCP contraction, 13-4 weekly momentum, Weekly RSI healthy, Anti-extension (above, not over-stretched from 30w)",WEAK,False,False,400.35,42.01847413235215,0.03396174426238807,0.14618102568623415,0.45454370115259823,0.8954220716196861,0.0401489671105981,53.63735885693006,True,2026-10-09,False,False,NEITHER,False
MANAKCOAT,0,,,,5,"Weekly VCP contraction, Weekly trend structure, 13-4 weekly momentum, Weekly RSI healthy, Anti-extension (above, not over-stretched from 30w)",WEAK,False,False,127.53,33.26650752670229,0.037077121774949484,-0.1236349253950445,0.4352517744782522,0.697851514926882,0.11247623195886752,56.03405772163614,True,2026-10-09,False,False,NEITHER,False
MANGLMCEM,0,,,,5,"Minervini weekly base, Weekly VCP contraction, 13-4 weekly momentum, Weekly RSI healthy, Anti-extension (above, not over-stretched from 30w)",WEAK,False,False,954.3,42.41320389837853,-0.008980187591617228,0.2988492554934583,0.4232427722114734,0.8520535714285714,0.029236366290801508,51.14526376017341,True,2026-10-09,False,False,NEITHER,False
MANINDS,0,,,,5,"Weinstein Stage 2 (30w/40w), Weekly RS leader, Weekly trend structure, 13-4 weekly momentum, Weekly RSI healthy",WEAK,False,True,867.9,64.85740576552904,0.5320388349514562,1.2710977727637855,0.3659556952131049,0.8347600661342395,0.42855576346787766,65.78122230344971,True,2026-10-09,False,False,NEITHER,False
MARKSANS,0,,,,5,"Weekly RS leader, Weekly VCP contraction, Weekly trend structure, 13-4 weekly momentum, Weekly RSI healthy",WEAK,False,True,309.1,54.44403664856253,0.13786009358490037,0.7069780214918759,0.6332457924303351,0.8807522132743417,0.220293681052232,61.073294040053234,True,2026-10-09,False,False,NEITHER,False
MATRIMONY,0,,,,5,"Minervini weekly base, Weekly RS leader, Weekly VCP contraction, 13-4 weekly momentum, Weekly RSI healthy",WEAK,False,False,528.75,46.6697700585287,0.2241489286238132,0.04646529681371936,0.44600756251762036,0.9336004305700859,0.1692330675625469,59.78009496922539,True,2026-10-09,False,False,NEITHER,False
MGEL,0,,,,5,"Weinstein Stage 2 (30w/40w), Minervini weekly base, Weekly VCP contraction, Weekly RSI healthy, Anti-extension (above, not over-stretched from 30w)",WEAK,False,False,15.81,35.86366276791692,-0.05553132985945419,-0.06280497531225726,0.3579468285947001,0.8706577269423231,0.08252713545113784,56.02266011051075,True,2026-10-09,False,False,NEITHER,False
MOBIKWIK,0,,,,5,"Darvas weekly box, Weekly VCP contraction, Wyckoff weekly absorption, Weekly RSI healthy, Weekly volume confirm",WEAK,False,True,245.49,60.152259466541295,0.10855725167328178,-0.13023914968999106,17.441076958748805,0.8274013815297792,0.22566665389644938,64.74829609123668,True,2026-10-09,False,False,NEITHER,False
MVGJL,0,,,,5,"Weinstein Stage 2 (30w/40w), Weekly RS leader, Weekly trend structure, 13-4 weekly momentum, Weekly RSI healthy",WEAK,False,True,207.87,52.547879271353686,0.33122003282178847,0.10881740356570724,0.8263142306408965,0.8883712770632541,0.24343994968694557,62.85543619408181,True,2026-10-09,False,False,NEITHER,False
NAUKRI,0,,,,5,"Minervini weekly base, Weekly VCP contraction, 13-4 weekly momentum, Weekly RSI healthy, Anti-extension (above, not over-stretched from 30w)",WEAK,False,False,1219.0,40.214744619135665,0.015541286700693435,-0.07913312410286,0.8213149138255156,0.8645732283670277,0.09877352919336432,53.72954212053425,True,2026-10-09,False,False,NEITHER,False
NILKAMAL,0,,,,5,"Minervini weekly base, Weekly RS leader, Weekly VCP contraction, 13-4 weekly momentum, Weekly RSI healthy",WEAK,False,False,1776.0,47.37612799660831,0.36248561565017257,0.15211990099159656,0.1699604090752004,0.8262386601535241,0.17043504706058119,56.654581780255874,True,2026-10-09,False,False,NEITHER,False
NPST,0,,,,5,"Weinstein Stage 2 (30w/40w), Minervini weekly base, Weekly VCP contraction, 13-4 weekly momentum, Weekly RSI healthy",WEAK,False,False,1752.2,42.77417613413223,0.0829730332289016,-0.07601592386290401,0.7532850087612057,0.8523281395183891,0.19920756714868082,59.90154326879745,True,2026-10-09,False,False,NEITHER,False
OAL,0,,,,5,"Weinstein Stage 2 (30w/40w), Weekly RS leader, Weekly VCP contraction, 13-4 weekly momentum, Weekly RSI healthy",WEAK,False,True,518.0,59.11531799247348,0.5027712667933597,0.5414010876371067,0.3629056698772745,0.9087719298245615,0.4175899873201884,70.69028134908525,True,2026-10-09,False,False,NEITHER,False
OMAXAUTO,0,,,,5,"Weinstein Stage 2 (30w/40w), Minervini weekly base, Weekly VCP contraction, Weekly RSI healthy, Anti-extension (above, not over-stretched from 30w)",WEAK,False,False,200.45,46.57801340715512,-0.1620611776694676,0.587061681997529,0.8074539409927145,0.7706555988311262,0.08356766973259602,55.62604472449286,True,2026-10-09,False,False,NEITHER,False
PARADEEP,0,,,,5,"Minervini weekly base, Weekly VCP contraction, 13-4 weekly momentum, Weekly RSI healthy, Anti-extension (above, not over-stretched from 30w)",WEAK,False,False,146.75,31.16943704889151,0.04504556192314135,-0.16343260433771845,0.21226041117871675,0.7351451677850347,0.07768609801815127,52.39949501155786,True,2026-10-09,False,False,NEITHER,False
PARAS,0,,,,5,"Minervini weekly base, Weekly RS leader, Weekly VCP contraction, 13-4 weekly momentum, Weekly RSI healthy",WEAK,False,False,1267.9,49.499365066108616,0.012506683586884781,0.7574236996881383,0.4662624006625535,0.8004871295782695,0.16086918255611285,56.1820851482338,True,2026-10-09,False,False,NEITHER,False
PNB,0,,,,5,"Weekly VCP contraction, Weekly trend structure, 13-4 weekly momentum, Weekly RSI healthy, Anti-extension (above, not over-stretched from 30w)",WEAK,False,False,116.98,45.791852029717106,0.10976184361949293,0.026796125139082694,0.958466537426077,0.8907256928402982,0.0698719588057678,56.310501050944424,True,2026-10-09,False,False,NEITHER,False
PONNIERODE,0,,,,5,"Minervini weekly base, Weekly RS leader, 13-4 weekly momentum, Weekly RSI healthy, Anti-extension (above, not over-stretched from 30w)",WEAK,False,False,345.6,47.82671337813733,0.09177069444725627,0.22332173272231093,1.107939604525615,0.7595604395604396,0.06180847083612874,51.6659865890049,True,2026-10-09,False,False,NEITHER,False
PPLPHARMA,0,,,,5,"Minervini weekly base, Weekly VCP contraction, 13-4 weekly momentum, Weekly RSI healthy, Anti-extension (above, not over-stretched from 30w)",WEAK,False,False,196.88,40.25251179568413,0.11131178556251231,-0.023848492157183765,0.34244089499185165,0.8488768430878268,0.09307941999908342,54.47573471249784,True,2026-10-09,False,False,NEITHER,False
PRIMESECU,0,,,,5,"Weinstein Stage 2 (30w/40w), Weekly VCP contraction, 13-4 weekly momentum, Weekly RSI healthy, Anti-extension (above, not over-stretched from 30w)",WEAK,False,False,299.45,42.6663462595742,0.06927339065400351,-0.03215899836059255,0.7638072657108207,0.9213846153846154,0.04604045578266962,56.48290785443945,True,2026-10-09,False,False,NEITHER,False
PRIVISCL,0,,,,5,"Minervini weekly base, Weekly VCP contraction, Weekly RSI healthy, Anti-extension (above, not over-stretched from 30w), Weekly volume confirm",WEAK,False,False,3424.1,54.24063466970078,-0.06254498160163346,0.363882259161981,1.7266418410321438,0.9071170750090224,0.012893368289143288,51.29042141436589,True,2026-10-09,False,False,NEITHER,False
QUESS,0,,,,5,"Weekly RS leader, Weekly VCP contraction, Weekly trend structure, 13-4 weekly momentum, Weekly RSI healthy",WEAK,False,True,321.35,46.550417606340886,0.1259324016925989,0.37192819093754514,0.2561085200930208,0.8266237942122187,0.20889142646718614,58.64203517398758,True,2026-10-09,False,False,NEITHER,False
RATEGAIN,0,,,,5,"Minervini weekly base, Weekly VCP contraction, Weekly trend structure, Weekly RSI healthy, Anti-extension (above, not over-stretched from 30w)",WEAK,False,False,853.65,41.208384176973524,-0.09637981478831359,0.2498535871156662,0.4940189719768084,0.813,0.09750452650072702,54.686659403747655,True,2026-10-09,False,False,NEITHER,False
RAYMOND,0,,,,5,"Weinstein Stage 2 (30w/40w), Weekly RS leader, Weekly VCP contraction, Weekly trend structure, 13-4 weekly momentum",WEAK,False,True,1186.6,75.56210127319775,0.8784232659015805,1.0474506513558692,0.7113428841357897,0.9561643835616438,0.8792562794970067,83.86326548051517,True,2026-10-09,False,False,NEITHER,False
RITCO,0,,,,5,"Minervini weekly base, Weekly RS leader, Weekly VCP contraction, 13-4 weekly momentum, Anti-extension (above, not over-stretched from 30w)",WEAK,False,False,272.55,41.04309756260818,0.06091867059296874,0.053944290669893924,0.4821688952170164,0.8230409331826761,0.04424752602286333,49.10239953932658,True,2026-10-09,False,False,NEITHER,False
RML,0,,,,5,"Weinstein Stage 2 (30w/40w), Weekly RS leader, Weekly VCP contraction, 13-4 weekly momentum, Weekly RSI healthy",WEAK,False,True,1285.2,49.53619784757431,0.003173055658487689,0.5724565414198182,0.5116355503807509,0.8925000000000001,0.25185523483505956,62.291896672100805,True,2026-10-09,False,False,NEITHER,False
ROLEXRINGS,0,,,,5,"Minervini weekly base, Weekly RS leader, 13-4 weekly momentum, Weekly RSI healthy, Anti-extension (above, not over-stretched from 30w)",WEAK,False,False,169.14,50.103526811809715,0.19897916791957382,0.26403111191998696,0.7206983705127776,0.852305379697806,0.11165637497370623,54.1727680783061,True,2026-10-09,False,False,NEITHER,False
RSYSTEMS,0,,,,5,"Weekly VCP contraction, Wyckoff weekly absorption, Weekly RSI healthy, Anti-extension (above, not over-stretched from 30w), Weekly volume confirm",WEAK,False,False,274.3,51.4785420199141,0.16749610634919176,-0.31621274778671415,2.879882801739627,0.6609629730653486,0.09845527925794123,54.73186752824296,True,2026-10-09,False,False,NEITHER,False
SENORES,0,,,,5,"Minervini weekly base, Weekly VCP contraction, 13-4 weekly momentum, Weekly RSI healthy, Anti-extension (above, not over-stretched from 30w)",WEAK,False,False,1320.0,52.359234233059425,-0.06898014209335168,0.8029091797905656,0.9569055859073234,0.8255159474671669,0.09929310017430161,55.23937583398352,True,2026-10-09,False,False,NEITHER,False
SHANTIGEAR,0,,,,5,"Weinstein Stage 2 (30w/40w), Minervini weekly base, Weekly RS leader, 13-4 weekly momentum, Weekly RSI healthy",WEAK,False,False,562.4,41.469052199678146,0.2765573814892728,0.08496258945232604,0.1305720833993347,0.7569313593539704,0.16438963319478542,56.23458798805084,True,2026-10-09,False,False,NEITHER,False
SIGACHI,0,,,,5,"Minervini weekly base, Weekly VCP contraction, Weekly trend structure, 13-4 weekly momentum, Weekly RSI healthy",WEAK,False,False,28.52,36.60465043559809,0.26210591068972344,-0.2765628381882784,0.6686967785926168,0.7012730349284455,0.15371010171202382,52.303917491652655,True,2026-10-09,False,False,NEITHER,False
SIS,0,,,,5,"Minervini weekly base, Weekly VCP contraction, Weekly trend structure, Weekly RSI healthy, Anti-extension (above, not over-stretched from 30w)",WEAK,False,False,416.3,42.870938138927,-0.04408725602755448,0.3060065805264325,0.371007525661547,0.8655785204987129,0.05473847275012267,55.5692651209231,True,2026-10-09,False,False,NEITHER,False
SKIPPER,0,,,,5,"Minervini weekly base, Weekly VCP contraction, 13-4 weekly momentum, Weekly RSI healthy, Anti-extension (above, not over-stretched from 30w)",WEAK,False,False,530.25,40.22482559085172,-0.02957405488197884,0.027587229014819803,0.6065035936949054,0.8596790053406752,0.05331609578205102,52.43972275999285,True,2026-10-09,False,False,NEITHER,False
SRHHYPOLTD,0,,,,5,"Weinstein Stage 2 (30w/40w), Minervini weekly base, 13-4 weekly momentum, Weekly RSI healthy, Anti-extension (above, not over-stretched from 30w)",WEAK,False,False,533.85,39.65218522900188,0.0823668503590369,-0.0678548625904678,0.651483278377812,0.7967910447761194,0.07727486821088506,54.29629480117822,True,2026-10-09,False,False,NEITHER,False
STLNETWORK,0,,,,5,"Weinstein Stage 2 (30w/40w), Weekly RS leader, 13-4 weekly momentum, Weekly RSI healthy, Weekly volume confirm",WEAK,False,True,46.35,78.33556508258675,0.8063133388784702,0.6155454561591371,2.08473187621582,0.820353982300885,0.6091142586359503,69.55407375256038,True,2026-10-09,False,False,NEITHER,False
STYLEBAAZA,0,,,,5,"Minervini weekly base, Weekly RS leader, 13-4 weekly momentum, Weekly RSI healthy, Anti-extension (above, not over-stretched from 30w)",WEAK,False,False,376.05,50.075381313267215,0.25224780315094275,0.14283547774085514,0.8145001943844502,0.8410869936622957,0.09524342532428627,55.231499727954855,True,2026-10-09,False,False,NEITHER,False
SUDARSCHEM,0,,,,5,"Minervini weekly base, Weekly VCP contraction, Weekly trend structure, 13-4 weekly momentum, Weekly RSI healthy",WEAK,False,False,1166.8,43.65778392501192,0.17289189339920608,-0.10676608116254671,0.6748337327532041,0.8615202422151271,0.16062557865227495,57.2669689639283,True,2026-10-09,False,False,NEITHER,False
SURAKSHA,0,,,,5,"Minervini weekly base, Weekly RS leader, 13-4 weekly momentum, Weekly RSI healthy, Anti-extension (above, not over-stretched from 30w)",WEAK,False,False,316.25,43.92390338316254,0.19655699813245797,0.0843476997028394,0.31544217230577815,0.8784722222222222,0.09446360359783705,54.81167101815203,True,2026-10-09,False,False,NEITHER,False
TALBROAUTO,0,,,,5,"Minervini weekly base, Weekly VCP contraction, 13-4 weekly momentum, Weekly RSI healthy, Anti-extension (above, not over-stretched from 30w)",WEAK,False,False,402.05,45.513480551646495,-0.013533584168525015,0.37943172253080726,0.5558273742475752,0.8276039730394968,0.09939965285900058,53.76661560667697,True,2026-10-09,False,False,NEITHER,False
TEGA,0,,,,5,"Minervini weekly base, Weekly RS leader, 13-4 weekly momentum, Weekly RSI healthy, Anti-extension (above, not over-stretched from 30w)",WEAK,False,False,1935.0,47.59299359663177,0.1607252629046909,-0.0038819115640043034,1.0034535316792468,0.8803457688808007,0.12259497352299085,57.0993297228323,True,2026-10-09,False,False,NEITHER,False
TEXMOPIPES,0,,,,5,"Weinstein Stage 2 (30w/40w), Minervini weekly base, 13-4 weekly momentum, Weekly RSI healthy, Anti-extension (above, not over-stretched from 30w)",WEAK,False,False,51.21,41.93415706867719,0.1489791418137898,-0.058466619329539005,0.8960296774494799,0.793953488372093,0.10635018040042821,53.934787786322445,True,2026-10-09,False,False,NEITHER,False
TEXRAIL,0,,,,5,"Minervini weekly base, Weekly trend structure, 13-4 weekly momentum, Anti-extension (above, not over-stretched from 30w), Weekly volume confirm",WEAK,False,False,110.99,37.5314401243611,-0.04028393651591167,-0.19162428843263923,1.3916831479813403,0.7805823989144862,0.028440834576758733,48.31640892232335,True,2026-10-09,False,False,NEITHER,False
TRENT,0,,,,5,"Weinstein Stage 2 (30w/40w), Weekly VCP contraction, Wyckoff weekly absorption, Anti-extension (above, not over-stretched from 30w), Weekly volume confirm",WEAK,False,False,2918.2,37.05153334468402,0.005305205633468146,-0.3770091868227037,2.1846656734059247,0.5954588669674442,0.03534833775237793,49.73223261540485,True,2026-10-09,False,False,NEITHER,False
TTKHLTCARE,0,,,,5,"Minervini weekly base, Weekly VCP contraction, 13-4 weekly momentum, Weekly RSI healthy, Anti-extension (above, not over-stretched from 30w)",WEAK,False,False,1016.6,36.67177110685044,0.1158082524517372,-0.11435841187459173,0.39571774969497775,0.8152365677626303,0.06027993656272248,50.705493820863424,True,2026-10-09,False,False,NEITHER,False
TVSSRICHAK,0,,,,5,"Minervini weekly base, Weekly VCP contraction, 13-4 weekly momentum, Weekly RSI healthy, Anti-extension (above, not over-stretched from 30w)",WEAK,False,False,4374.2,37.59954308320189,0.059210979972994515,0.15557102905070597,0.1432091748402368,0.7650040926307227,0.05863398828780916,51.25476406241957,True,2026-10-09,False,False,NEITHER,False
UNITDSPR,0,,,,5,"Weekly VCP contraction, Wyckoff weekly absorption, 13-4 weekly momentum, Anti-extension (above, not over-stretched from 30w), Weekly volume confirm",WEAK,False,False,1366.0,44.39689955394425,-0.014216606672472598,0.034213520991852375,1.2259736549308615,0.8737367140005995,0.002017818434522317,47.28065572625719,True,2026-10-09,False,False,NEITHER,False
URBANCO,0,,,,5,"Minervini weekly base, Weekly VCP contraction, 13-4 weekly momentum, Weekly RSI healthy, Anti-extension (above, not over-stretched from 30w)",WEAK,False,False,159.76,47.166439301167564,0.20346516007532944,0.019267541157306223,0.8593683433998642,0.8684024511601804,0.14203745190212508,55.88738358687456,True,2026-10-09,False,False,NEITHER,False
VENKEYS,0,,,,5,"Minervini weekly base, Weekly VCP contraction, 13-4 weekly momentum, Weekly RSI healthy, Anti-extension (above, not over-stretched from 30w)",WEAK,False,False,1595.8,41.046334101400404,0.08043706117140625,0.07710210220725777,0.4325292992175047,0.8792770833287091,0.0633833914536749,54.052374696530755,True,2026-10-09,False,False,NEITHER,False
VIDHIING,0,,,,5,"Minervini weekly base, Weekly VCP contraction, 13-4 weekly momentum, Weekly RSI healthy, Anti-extension (above, not over-stretched from 30w)",WEAK,False,False,332.4,37.05921728738087,0.12240421019960035,-0.07953173774325428,0.2539675122084393,0.8570323443833691,0.06860985974768853,53.03376786179563,True,2026-10-09,False,False,NEITHER,False
VIVIANA,0,,,,5,"Weinstein Stage 2 (30w/40w), Weekly VCP contraction, Weekly RSI healthy, Anti-extension (above, not over-stretched from 30w), Weekly volume confirm",WEAK,False,False,817.85,39.26563561449678,0.060839226222912046,-0.48528193333706704,3.641628811769625,0.4403053278367536,0.060884576540723635,54.077219080429394,True,2026-10-09,False,False,NEITHER,False
VMART,0,,,,5,"Weinstein Stage 2 (30w/40w), Minervini weekly base, Weekly VCP contraction, 13-4 weekly momentum, Weekly RSI healthy",WEAK,False,False,821.95,44.582031842848984,0.0581092846636162,-0.03539371471544317,0.845728404674576,0.92685843149518,0.1503514645307514,59.48608366383951,True,2026-10-09,False,False,NEITHER,False
VOLTAMP,0,,,,5,"Minervini weekly base, Weekly RS leader, 13-4 weekly momentum, Weekly RSI healthy, Anti-extension (above, not over-stretched from 30w)",WEAK,False,False,10302.0,45.50606577228557,0.0890953855404073,0.44798802819728767,0.33727292051221536,0.8096035235900696,0.03375281864713365,53.47226851239451,True,2026-10-09,False,False,NEITHER,False
WABAG,0,,,,5,"Minervini weekly base, Weekly VCP contraction, 13-4 weekly momentum, Weekly RSI healthy, Anti-extension (above, not over-stretched from 30w)",WEAK,False,False,1936.8,43.14001173236403,-0.1259115026930686,0.36266506234564955,0.6503962087979845,0.8351875808538163,0.09455227960179392,53.463078871010296,True,2026-10-09,False,False,NEITHER,False
WESTLIFE,0,,,,5,"Weinstein Stage 2 (30w/40w), Minervini weekly base, Weekly VCP contraction, 13-4 weekly momentum, Weekly RSI healthy",WEAK,False,False,580.6,38.963755332757955,0.14460504326253254,-0.09466060540593013,0.28519995339054666,0.8411169841815184,0.15201777752201112,58.955541495182175,True,2026-10-09,False,False,NEITHER,False
YASHO,0,,,,5,"Weekly RS leader, Weekly VCP contraction, Weekly trend structure, 13-4 weekly momentum, Weekly RSI healthy",WEAK,False,True,4125.0,65.59859210484768,0.35806355055812755,1.5196414521581292,0.6231707109842305,0.8259911894273128,0.43304164036687187,71.34710100104209,True,2026-10-09,False,False,NEITHER,False
YATHARTH,0,,,,5,"Weinstein Stage 2 (30w/40w), Minervini weekly base, Weekly RS leader, 13-4 weekly momentum, Weekly RSI healthy",WEAK,False,False,1022.2,50.641173223629714,0.23266661421295032,0.2646740850822189,0.6223195458526326,0.8633445945945947,0.1949801338994245,61.70839190009307,True,2026-10-09,False,False,NEITHER,False
ZUARIIND,0,,,,5,"Minervini weekly base, Weekly VCP contraction, 13-4 weekly momentum, Weekly RSI healthy, Anti-extension (above, not over-stretched from 30w)",WEAK,False,False,268.6,32.569687269043186,0.0023906172021757044,-0.21800440135941213,0.9424209728919117,0.7113271176369839,0.03261762005176704,50.10622862847483,True,2026-10-09,False,False,NEITHER,False
ZYDUSLIFE,0,,,,5,"Minervini weekly base, Weekly VCP contraction, Weekly trend structure, Weekly RSI healthy, Anti-extension (above, not over-stretched from 30w)",WEAK,False,False,1117.5,44.908111885066376,-0.028063816436968647,0.12587873955291418,0.9121995693673016,0.906988087122201,0.05274693909609368,53.578078333927834,True,2026-10-09,False,False,NEITHER,False
ABDL,1,Relative Strength Leader,711.55,80.71713173550425,4,"Weinstein Stage 2 (30w/40w), Weekly RS leader, Weekly VCP contraction, Weekly RSI healthy",WEAK,False,True,711.55,53.5771212870592,0.09680154142581876,0.3167802797556656,1.0378543642468678,0.9439506653261279,0.21158101588078043,66.08791776106146,True,2026-10-09,True,False,DAILY_ONLY,False
DEEDEV,1,Connors RSI Pullback,604.15,88.78999999999999,4,"Minervini weekly base, Weekly VCP contraction, Weekly RSI healthy, Anti-extension (above, not over-stretched from 30w)",WEAK,False,False,604.15,56.53231387238711,-0.13389689337896715,1.2305429819898364,1.1801257636333218,0.7962450887490591,0.06534576946493213,53.55037795406145,True,2026-10-09,True,False,DAILY_ONLY,False
DOLPHIN,1,Relative Strength Leader,640.05,80.3382194462161,4,"Weinstein Stage 2 (30w/40w), Weekly RS leader, 13-4 weekly momentum, Weekly RSI healthy",WEAK,False,True,640.05,64.41497131944143,0.6618200964376084,0.6713669659161017,0.6285309257319314,0.8539693128752501,0.3682470431367208,66.55588838005418,True,2026-10-09,True,False,DAILY_ONLY,False
FINCABLES,1,Connors RSI Pullback,1388.7,88.67,4,"Weinstein Stage 2 (30w/40w), Weekly RS leader, 13-4 weekly momentum, Weekly RSI healthy",WEAK,False,True,1388.7,58.190315265520425,0.32630505377745633,0.7411624365587117,0.4492742170274859,0.9270360480640855,0.25699049931657897,64.90123343929304,True,2026-10-09,True,False,DAILY_ONLY,False
GMMPFAUDLR,1,Connors RSI Pullback,1299.8,94.28,4,"Weinstein Stage 2 (30w/40w), Weekly RS leader, 13-4 weekly momentum, Weekly RSI healthy",WEAK,False,True,1299.8,60.36201652359118,0.7248064607258466,0.22963557133280488,0.5659796773756538,0.8475482659703288,0.3474905385535119,63.66034700691071,True,2026-10-09,True,False,DAILY_ONLY,False
JASH,1,Relative Strength Leader,560.95,71.13659107271418,4,"Weinstein Stage 2 (30w/40w), Weekly RS leader, Weekly VCP contraction, Weekly RSI healthy",WEAK,False,True,560.95,46.566004322507844,0.05505955585719269,0.16996563595318603,0.6365498914940969,0.9056344492892864,0.20186400475670044,62.453105789548054,True,2026-10-09,True,False,DAILY_ONLY,False
KDDL,1,Connors RSI Pullback,3759.2,95.48,4,"Weekly RS leader, Weekly VCP contraction, 13-4 weekly momentum, Weekly RSI healthy",WEAK,False,True,3759.2,51.0428094191956,0.15857187390403493,0.40917022802615177,0.5613144964633275,0.8803747072599531,0.20757068695895767,63.074300948295964,True,2026-10-09,True,False,DAILY_ONLY,False
LLOYDSENGG,1,Connors RSI Pullback,94.42,92.32999999999998,4,"Weinstein Stage 2 (30w/40w), Weekly RS leader, Weekly VCP contraction, Weekly RSI healthy",WEAK,False,True,94.42,55.33510082754853,0.045029584414779444,0.5069183055881847,1.1226651840994752,0.9061420610875827,0.24279246863239717,63.707238382096634,True,2026-10-09,True,False,DAILY_ONLY,False
RATNAVEER,1,Minervini Template,343.6,1.4300829837481883,4,"Weinstein Stage 2 (30w/40w), Weekly RS leader, Weekly trend structure, 13-4 weekly momentum",WEAK,False,True,343.6,76.21227853159277,0.9087829036456734,1.2321835662249123,0.5055128204470944,0.9692524682651623,0.6531902566879395,81.22928607180415,True,2026-10-09,True,False,DAILY_ONLY,False
SMLMAH,1,Connors RSI Pullback,5811.5,89.52,4,"Weekly RS leader, Weekly VCP contraction, 13-4 weekly momentum, Weekly RSI healthy",WEAK,False,True,5811.5,57.412054728054315,0.3987099897934421,0.82338970156006,0.3096433808071473,0.8424295136623904,0.2478251497824761,57.90481216385593,True,2026-10-09,True,False,DAILY_ONLY,False
WHEELS,1,Connors RSI Pullback,2207.2,88.58999999999999,4,"Weinstein Stage 2 (30w/40w), Weekly RS leader, 13-4 weekly momentum, Weekly RSI healthy",WEAK,False,True,2207.2,65.14814300047885,0.4587271400525117,1.3839542611111066,0.33815359007848084,0.8835868694955964,0.44408460534051664,73.16538970388979,True,2026-10-09,True,False,DAILY_ONLY,False
5PAISA,0,,,,4,"Minervini weekly base, Weekly RSI healthy, Anti-extension (above, not over-stretched from 30w), Weekly volume confirm",WEAK,False,False,339.55,56.41872182601982,-0.07163362952836638,0.03300878427146192,8.609851761139325,0.8143662071207729,0.01745652114087844,50.0023504091637,True,2026-10-09,False,False,NEITHER,False
ACUTAAS,0,,,,4,"Minervini weekly base, Weekly VCP contraction, Weekly RSI healthy, Anti-extension (above, not over-stretched from 30w)",WEAK,False,False,3160.6,55.72152029183817,-0.06993525879419638,1.155341905208572,0.9079053881724126,0.845712356033711,0.042366860709774974,53.61074245932869,True,2026-10-09,False,False,NEITHER,False
AHCL,0,,,,4,"Weinstein Stage 2 (30w/40w), Weekly RS leader, 13-4 weekly momentum, Weekly RSI healthy",WEAK,False,True,28.11,69.78743138145377,0.8030788790809491,1.1750232485790075,0.5692497805734704,0.7548334783307483,0.7077729693258185,71.52107347239902,True,2026-10-09,False,False,NEITHER,False
ALBERTDAVD,0,,,,4,"Minervini weekly base, 13-4 weekly momentum, Weekly RSI healthy, Anti-extension (above, not over-stretched from 30w)",WEAK,False,False,791.65,39.842550141078554,0.13757350918148314,-0.006182658850406586,0.3530760957677032,0.8495466231055259,0.058308863160833606,51.269258849357364,True,2026-10-09,False,False,NEITHER,False
ALEMBICLTD,0,,,,4,"Minervini weekly base, 13-4 weekly momentum, Weekly RSI healthy, Anti-extension (above, not over-stretched from 30w)",WEAK,False,False,99.25,40.8632737623917,0.13280323627813728,0.014011618394656145,0.38538384159414757,0.8431022678459261,0.10044090370101329,54.844070931519155,True,2026-10-09,False,False,NEITHER,False
ANUHPHR,0,,,,4,"Weekly VCP contraction, 13-4 weekly momentum, Weekly RSI healthy, Anti-extension (above, not over-stretched from 30w)",WEAK,False,False,82.02,38.5489545343913,0.06078833541139006,0.016411399777799707,0.5613080583921358,0.8243216080402009,0.03437177958634698,50.655440290272054,True,2026-10-09,False,False,NEITHER,False
ASAHIINDIA,0,,,,4,"Weekly VCP contraction, 13-4 weekly momentum, Weekly RSI healthy, Anti-extension (above, not over-stretched from 30w)",WEAK,False,False,945.95,39.74749218279173,0.036060723796464744,0.05327180068358084,0.4216854431586803,0.8825809878062175,0.06347792481978008,55.60436500178198,True,2026-10-09,False,False,NEITHER,False
ASIANHOTNR,0,,,,4,"Minervini weekly base, 13-4 weekly momentum, Weekly RSI healthy, Anti-extension (above, not over-stretched from 30w)",WEAK,False,False,334.4,34.95472142480356,0.05739130434782602,0.018425441705571366,0.11605782031072687,0.7890514620858325,0.06418299827215072,51.8269206246998,True,2026-10-09,False,False,NEITHER,False
ATL,0,,,,4,"Weekly VCP contraction, 13-4 weekly momentum, Weekly RSI healthy, Anti-extension (above, not over-stretched from 30w)",WEAK,False,False,26.18,36.93392264527481,0.12264152412534313,-0.2541310217063891,1.1757408924496433,0.676660659841096,0.06886228255178851,53.86369897656003,True,2026-10-09,False,False,NEITHER,False
BANSALWIRE,0,,,,4,"Minervini weekly base, Weekly VCP contraction, Weekly RSI healthy, Anti-extension (above, not over-stretched from 30w)",WEAK,False,False,315.8,37.868194995116305,-0.046497619684279456,-0.04418884432866732,0.6914234841451202,0.8535135135135136,0.025407908518091896,50.79690615876143,True,2026-10-09,False,False,NEITHER,False
BLACKBUCK,0,,,,4,"Weekly VCP contraction, 13-4 weekly momentum, Weekly RSI healthy, Anti-extension (above, not over-stretched from 30w)",WEAK,False,False,592.05,33.283771563508175,0.022715451772950424,-0.1363238512035012,0.5487299292417326,0.7915106951871658,0.030354001226737152,51.086713639355736,True,2026-10-09,False,False,NEITHER,False
CHEMPLASTS,0,,,,4,"Weekly VCP contraction, Weekly RSI healthy, Anti-extension (above, not over-stretched from 30w), Weekly volume confirm",WEAK,False,False,214.68,35.27792244855744,0.06768783100423126,-0.4136028505301398,2.0972556027452645,0.5202471905375908,0.015608493037529647,51.60877423747412,True,2026-10-09,False,False,NEITHER,False
COFFEEDAY,0,,,,4,"Weekly VCP contraction, Weekly RSI healthy, Anti-extension (above, not over-stretched from 30w), Weekly volume confirm",WEAK,False,False,30.81,45.72934073393456,-0.035076739570034765,-0.30151893961276377,2.9141953152857445,0.687723225997571,0.040948707026648976,50.02206933566143,True,2026-10-09,False,False,NEITHER,False
COMSYN,0,,,,4,"Weekly RS leader, Weekly VCP contraction, 13-4 weekly momentum, Weekly RSI healthy",WEAK,False,True,261.15,54.081168408604384,0.34876812118443823,0.6515979212018381,0.24135322334436274,0.8293598414273007,0.2822012665012683,61.30467358771606,True,2026-10-09,False,False,NEITHER,False
CRISIL,0,,,,4,"Weekly VCP contraction, 13-4 weekly momentum, Weekly RSI healthy, Anti-extension (above, not over-stretched from 30w)",WEAK,False,False,4423.8,37.49384120229667,0.08214957838897718,-0.04134481765807507,0.2571013539575318,0.8837398672060738,0.04141149759527497,50.902127976278045,True,2026-10-09,False,False,NEITHER,False
DELTACORP,0,,,,4,"Weinstein Stage 2 (30w/40w), Weekly RS leader, Weekly RSI healthy, Weekly volume confirm",WEAK,False,True,81.31,69.87421755767996,0.2615345804269311,0.033494680260452325,9.279245693313543,0.9250284253528855,0.2608838423143155,65.43494497043125,True,2026-10-09,False,False,NEITHER,False
DEVYANI,0,,,,4,"Minervini weekly base, Weekly VCP contraction, 13-4 weekly momentum, Anti-extension (above, not over-stretched from 30w)",WEAK,False,False,123.59,30.17514932478371,0.09887079806708443,-0.24400536316394938,0.32042030310819286,0.7280706921944036,0.030417565229753443,46.792870548478625,True,2026-10-09,False,False,NEITHER,False
DIXON,0,,,,4,"Minervini weekly base, Weekly VCP contraction, 13-4 weekly momentum, Anti-extension (above, not over-stretched from 30w)",WEAK,False,False,12774.0,27.105014385746426,-0.047475571882717116,-0.2671923228442622,0.42326827242290727,0.7302959113385803,0.030007360291166196,47.96430055732015,True,2026-10-09,False,False,NEITHER,False
DLF,0,,,,4,"Minervini weekly base, Weekly VCP contraction, Weekly RSI healthy, Anti-extension (above, not over-stretched from 30w)",WEAK,False,False,648.6,36.91693755823447,-0.04229946274420249,-0.11274911568492652,0.8361903717057099,0.8350198382476128,0.05104899753237287,51.01464975980496,True,2026-10-09,False,False,NEITHER,False
DWARKESH,0,,,,4,"Minervini weekly base, 13-4 weekly momentum, Weekly RSI healthy, Anti-extension (above, not over-stretched from 30w)",WEAK,False,False,44.6,39.37354971160885,0.04921823447984974,-0.00027547182330944775,0.8749879207822283,0.7445742715170255,0.008187402614980039,51.096908642650575,True,2026-10-09,False,False,NEITHER,False
EMUDHRA,0,,,,4,"Weinstein Stage 2 (30w/40w), Minervini weekly base, 13-4 weekly momentum, Weekly RSI healthy",WEAK,False,False,570.15,42.94521266476234,0.25101481075150844,-0.1408086867807603,0.520684587857686,0.830545462055838,0.15846477768036366,55.58337492060832,True,2026-10-09,False,False,NEITHER,False
ETHOSLTD,0,,,,4,"Minervini weekly base, Weekly VCP contraction, 13-4 weekly momentum, Anti-extension (above, not over-stretched from 30w)",WEAK,False,False,2563.1,37.600251298976126,0.0345509586276489,-0.07009398302273606,0.7940171444296922,0.7896423417583751,0.018955085035500963,48.71961859859652,True,2026-10-09,False,False,NEITHER,False
EXICOM,0,,,,4,"Minervini weekly base, Weekly VCP contraction, 13-4 weekly momentum, Anti-extension (above, not over-stretched from 30w)",WEAK,False,False,145.43,32.04077007511368,-0.1447306178418899,0.007621410344281099,0.3498528631258235,0.7687794122095319,0.012485211535555804,47.68463307446252,True,2026-10-09,False,False,NEITHER,False
FIVESTAR,0,,,,4,"Minervini weekly base, Weekly VCP contraction, 13-4 weekly momentum, Anti-extension (above, not over-stretched from 30w)",WEAK,False,False,502.25,35.02047825340979,-0.07746517006300901,-0.04621942438871962,0.794025975173233,0.7568664624196932,0.027430560296939056,47.95063814440346,True,2026-10-09,False,False,NEITHER,False
GEOJITFSL,0,,,,4,"Minervini weekly base, Weekly VCP contraction, Weekly trend structure, Anti-extension (above, not over-stretched from 30w)",WEAK,False,False,75.55,37.80774193554685,-0.048488683273187005,-0.012448832279977617,0.5729872708456081,0.8734104046242774,0.028157891678736433,49.034897419133415,True,2026-10-09,False,False,NEITHER,False
GIPCL,0,,,,4,"Minervini weekly base, Weekly VCP contraction, 13-4 weekly momentum, Anti-extension (above, not over-stretched from 30w)",WEAK,False,False,166.58,35.46103273890594,0.036533838830520304,-0.07620267648531454,0.4501470045342273,0.8031900668952121,0.03638634499167444,49.05144738068996,True,2026-10-09,False,False,NEITHER,False
HESTERBIO,0,,,,4,"Minervini weekly base, Weekly VCP contraction, 13-4 weekly momentum, Anti-extension (above, not over-stretched from 30w)",WEAK,False,False,2058.7,37.22457863298426,-0.025113455352801295,0.1870688809313954,0.10155927217891518,0.7671411257578903,0.02924410964389209,48.31028076451707,True,2026-10-09,False,False,NEITHER,False
HEXT,0,,,,4,"Weekly trend structure, Weekly RSI healthy, Anti-extension (above, not over-stretched from 30w), Weekly volume confirm",WEAK,False,False,538.5,49.18354684062064,-0.021353930031803747,-0.23433405478772062,9.423273627461569,0.679264893977924,0.06107642956193946,50.79461404137547,True,2026-10-09,False,False,NEITHER,False
IDBI,0,,,,4,"Minervini weekly base, Weekly VCP contraction, 13-4 weekly momentum, Anti-extension (above, not over-stretched from 30w)",WEAK,False,False,83.09,32.71089970423324,0.0024128436702164358,-0.11095655024669815,0.5203063345825603,0.7018922278071007,0.04194184967886495,48.0855132959739,True,2026-10-09,False,False,NEITHER,False
IKIO,0,,,,4,"Minervini weekly base, Weekly VCP contraction, 13-4 weekly momentum, Anti-extension (above, not over-stretched from 30w)",WEAK,False,False,179.27,24.709612919648762,-0.14937129300118623,-0.1493309512805573,0.128431090730728,0.750711883203556,0.01985242809521953,46.45452000624459,True,2026-10-09,False,False,NEITHER,False
INDHOTEL,0,,,,4,"Minervini weekly base, Weekly VCP contraction, Weekly RSI healthy, Anti-extension (above, not over-stretched from 30w)",WEAK,False,False,715.65,43.15975815053782,-0.04871725161193907,-0.022721498192421308,1.1272914433998427,0.9448771810558614,0.04063294254442114,52.50934973313914,True,2026-10-09,False,False,NEITHER,False
INDOCO,0,,,,4,"Minervini weekly base, Weekly VCP contraction, 13-4 weekly momentum, Anti-extension (above, not over-stretched from 30w)",WEAK,False,False,230.7,23.937311803276764,-0.1127089710604895,-0.19631133066598683,0.1762801324389546,0.7275870405151404,0.01599175664957203,47.96820485921929,True,2026-10-09,False,False,NEITHER,False
ITDC,0,,,,4,"Minervini weekly base, Weekly VCP contraction, Weekly RSI healthy, Anti-extension (above, not over-stretched from 30w)",WEAK,False,False,658.2,31.93514669528026,-0.07781441320318794,0.05099389272579935,0.043776020721325255,0.8041637825883511,0.0686207622826113,52.8082215100028,True,2026-10-09,False,False,NEITHER,False
JINDWORLD,0,,,,4,"Weekly RS leader, Weekly VCP contraction, 13-4 weekly momentum, Weekly RSI healthy",WEAK,False,True,42.62,46.24447537345198,0.4511405782143125,0.1186352154042487,0.08399719024609073,0.6875302281981504,0.2712016056850629,55.985184418086355,True,2026-10-09,False,False,NEITHER,False
JNKINDIA,0,,,,4,"Minervini weekly base, Weekly VCP contraction, Weekly RSI healthy, Anti-extension (above, not over-stretched from 30w)",WEAK,False,False,424.35,38.76588214928683,-0.16627219225833723,0.3805566805005949,0.2970138441477036,0.7610380898633594,0.05889390869273847,53.46608141929444,True,2026-10-09,False,False,NEITHER,False
KESORAMIND,0,,,,4,"Minervini weekly base, Weekly RS leader, 13-4 weekly momentum, Weekly volume confirm",WEAK,False,False,11.06,63.753691885459446,0.06653810241616198,1.13102117111021,1.7953549073256183,0.775596060482479,-0.007656418797925829,47.6208467263882,True,2026-10-09,False,False,NEITHER,False
KIRLOSIND,0,,,,4,"Minervini weekly base, Weekly VCP contraction, Weekly trend structure, Anti-extension (above, not over-stretched from 30w)",WEAK,False,False,3512.3,28.43563963177666,-0.14751020430414763,-0.10583310673127744,0.3405511811023622,0.7704049561445465,0.016025697211063835,48.20186847669285,True,2026-10-09,False,False,NEITHER,False
KOHINOOR,0,,,,4,"Minervini weekly base, 13-4 weekly momentum, Weekly RSI healthy, Anti-extension (above, not over-stretched from 30w)",WEAK,False,False,29.29,38.9245145642502,0.20188752529076104,-0.12357864737356594,0.4684929699502135,0.7613724738910902,0.1032707589424344,53.070492951643324,True,2026-10-09,False,False,NEITHER,False
LANDMARK,0,,,,4,"Minervini weekly base, Weekly VCP contraction, 13-4 weekly momentum, Anti-extension (above, not over-stretched from 30w)",WEAK,False,False,464.7,29.35451207270746,0.09945083377828223,-0.19438843251191118,0.08275026768881436,0.7041800357863295,0.03872273948506061,48.83864432766274,True,2026-10-09,False,False,NEITHER,False
LMW,0,,,,4,"Minervini weekly base, Weekly VCP contraction, 13-4 weekly momentum, Anti-extension (above, not over-stretched from 30w)",WEAK,False,False,16133.0,40.22004799802819,0.0021343028768927574,0.09750442883065458,0.6544022412032203,0.8006054290109672,0.015766494688425836,47.37313333393187,True,2026-10-09,False,False,NEITHER,False
LODHA,0,,,,4,"Minervini weekly base, Weekly VCP contraction, Weekly trend structure, Anti-extension (above, not over-stretched from 30w)",WEAK,False,False,1064.8,34.16664230819191,-0.12468497419163604,-0.07557680000059352,0.6812853992849359,0.7944836498874948,0.046880934437039376,47.751258072154926,True,2026-10-09,False,False,NEITHER,False
MANCREDIT,0,,,,4,"Minervini weekly base, Weekly VCP contraction, Weekly RSI healthy, Anti-extension (above, not over-stretched from 30w)",WEAK,False,False,227.2,40.91440047390072,-0.03967031760747053,0.2638998535076753,0.3842842365848839,0.7936167052654831,0.09475687664022467,55.379919295544425,True,2026-10-09,False,False,NEITHER,False
MANINFRA,0,,,,4,"Minervini weekly base, 13-4 weekly momentum, Weekly RSI healthy, Anti-extension (above, not over-stretched from 30w)",WEAK,False,False,117.16,36.693679339445076,0.11954131191319184,-0.20325172840528483,0.5983409908035735,0.7883569500997464,0.06247137837335867,51.05886450014105,True,2026-10-09,False,False,NEITHER,False
MANYAVAR,0,,,,4,"Minervini weekly base, 13-4 weekly momentum, Weekly RSI healthy, Anti-extension (above, not over-stretched from 30w)",WEAK,False,False,500.75,35.80720452006942,0.29538082843674784,-0.2713947673522781,0.28248305880065183,0.7205440809873739,0.12121766232014117,52.78263538310646,True,2026-10-09,False,False,NEITHER,False
MEDANTA,0,,,,4,"Minervini weekly base, Weekly VCP contraction, 13-4 weekly momentum, Anti-extension (above, not over-stretched from 30w)",WEAK,False,False,1312.7,42.4568915291557,-0.017753339833149417,-0.02685228706451892,1.1591113264965176,0.8501943005181347,0.025354650338693455,47.68632554163014,True,2026-10-09,False,False,NEITHER,False
MINDACORP,0,,,,4,"Minervini weekly base, Weekly VCP contraction, 13-4 weekly momentum, Anti-extension (above, not over-stretched from 30w)",WEAK,False,False,636.3,37.804895101018005,-0.08854533165272382,0.08270962302579488,0.583170015059664,0.8274382314694407,0.01046714415415175,46.24556680696596,True,2026-10-09,False,False,NEITHER,False
MOL,0,,,,4,"Weekly VCP contraction, 13-4 weekly momentum, Weekly RSI healthy, Anti-extension (above, not over-stretched from 30w)",WEAK,False,False,58.41,35.10463025406973,0.24170915950640537,-0.27897792297579727,0.5487624660666774,0.6843585359607294,0.10283150084019853,52.103248520238,True,2026-10-09,False,False,NEITHER,False
MONARCH,0,,,,4,"Minervini weekly base, Weekly VCP contraction, 13-4 weekly momentum, Anti-extension (above, not over-stretched from 30w)",WEAK,False,False,337.05,35.50124777076351,-0.06317622275538193,0.07804224494525003,0.28542070612743364,0.8303534308644842,0.0015355857222243635,45.338657626552866,True,2026-10-09,False,False,NEITHER,False
NELCO,0,,,,4,"Minervini weekly base, Weekly VCP contraction, 13-4 weekly momentum, Anti-extension (above, not over-stretched from 30w)",WEAK,False,False,853.35,35.23399017032984,-0.04155666490762566,-0.026595286509030425,0.44243661292646713,0.7619196428571429,0.0488500804120929,49.115037719404654,True,2026-10-09,False,False,NEITHER,False
PARIN,0,,,,4,"Minervini weekly base, Weekly VCP contraction, Weekly RSI healthy, Anti-extension (above, not over-stretched from 30w)",WEAK,False,False,694.95,44.72598705221418,-0.028381684725620304,0.2774816176470589,0.7009747779751332,0.8807984790874526,0.01707690699320669,51.54925992401195,True,2026-10-09,False,False,NEITHER,False
PFOCUS,0,,,,4,"Minervini weekly base, Weekly RS leader, 13-4 weekly momentum, Weekly volume confirm",WEAK,False,False,261.1,63.317514470439576,0.01718024666582174,0.5525033379169586,3.2371498141974677,0.7114441416893733,-0.0811158945405778,45.919405920202735,True,2026-10-09,False,False,NEITHER,False
PIXTRANS,0,,,,4,"Minervini weekly base, Weekly VCP contraction, Weekly RSI healthy, Anti-extension (above, not over-stretched from 30w)",WEAK,False,False,1753.3,41.67299112713337,-0.03194756959962575,0.21691902377277894,0.4894460386047926,0.8393011010052657,0.05614788392350647,54.50718174109934,True,2026-10-09,False,False,NEITHER,False
POLYMED,0,,,,4,"Minervini weekly base, Weekly VCP contraction, 13-4 weekly momentum, Anti-extension (above, not over-stretched from 30w)",WEAK,False,False,1587.1,31.651131842777765,-0.04672416543879576,-0.16120774514541347,0.7203579241722614,0.7593706859669447,0.006727719800263821,45.8639697060202,True,2026-10-09,False,False,NEITHER,False
PRABHA,0,,,,4,"Weinstein Stage 2 (30w/40w), Weekly RS leader, 13-4 weekly momentum, Weekly RSI healthy",WEAK,False,True,219.22,48.6200958038839,0.43901802067639095,0.0007304046525584695,0.37506024266986787,0.8341705105888336,0.2576083573918219,61.460648569092704,True,2026-10-09,False,False,NEITHER,False
PROZONER,0,,,,4,"Minervini weekly base, 13-4 weekly momentum, Weekly RSI healthy, Anti-extension (above, not over-stretched from 30w)",WEAK,False,False,53.62,43.18139445781681,0.213396733793773,-0.10752332946360843,1.173350454070709,0.7368421392542274,0.079727754557643,56.55141727968737,True,2026-10-09,False,False,NEITHER,False
RAJRATAN,0,,,,4,"Minervini weekly base, Weekly VCP contraction, 13-4 weekly momentum, Anti-extension (above, not over-stretched from 30w)",WEAK,False,False,450.8,41.32416139474669,-0.06104036407581237,0.4135710265207706,0.3373959874288544,0.7993616282332966,0.003318653758099079,47.36242358969466,True,2026-10-09,False,False,NEITHER,False
RANEHOLDIN,0,,,,4,"Minervini weekly base, Weekly VCP contraction, Weekly trend structure, Anti-extension (above, not over-stretched from 30w)",WEAK,False,False,1517.6,34.03653591631998,-0.13161663382801791,-0.010383878277698044,0.2888871652772178,0.8220421148442091,0.05003271638393624,49.402380527652014,True,2026-10-09,False,False,NEITHER,False
RBA,0,,,,4,"Minervini weekly base, Weekly RS leader, 13-4 weekly momentum, Weekly RSI healthy",WEAK,False,False,91.1,47.18284821115425,0.23911866376005264,0.26686128995432323,0.2935402666626427,0.8196131241508737,0.18273287620189335,59.78206695793927,True,2026-10-09,False,False,NEITHER,False
REMSONSIND,0,,,,4,"13-4 weekly momentum, Weekly RSI healthy, Anti-extension (above, not over-stretched from 30w), Weekly volume confirm",WEAK,False,False,101.46,49.11634617989783,0.25697805561565423,-0.21023782839241234,2.059934929133213,0.6677104130829172,0.0938482505607692,52.9505905115463,True,2026-10-09,False,False,NEITHER,False
SAGILITY,0,,,,4,"Weekly VCP contraction, 13-4 weekly momentum, Weekly RSI healthy, Anti-extension (above, not over-stretched from 30w)",WEAK,False,False,44.0,36.60379217169602,0.03693340598428185,-0.04798655103515037,0.6465906961886757,0.762564544539109,0.03783659896223326,51.366067540867924,True,2026-10-09,False,False,NEITHER,False
SARLAPOLY,0,,,,4,"Minervini weekly base, Weekly trend structure, Weekly RSI healthy, Anti-extension (above, not over-stretched from 30w)",WEAK,False,False,96.89,39.939956092461706,-0.03836646955534595,0.03954354784433467,0.6697849303945366,0.8728828828828828,0.028937554664675055,51.51180824007423,True,2026-10-09,False,False,NEITHER,False
SATIN,0,,,,4,"Minervini weekly base, Weekly RSI healthy, Anti-extension (above, not over-stretched from 30w), Weekly volume confirm",WEAK,False,False,223.87,64.0821518549287,-0.1278245037088822,0.5195139972693055,3.7435020190473254,0.8166264975475954,0.043850063588864244,53.33742651465629,True,2026-10-09,False,False,NEITHER,False
SHARDAMOTR,0,,,,4,"Minervini weekly base, Weekly VCP contraction, 13-4 weekly momentum, Anti-extension (above, not over-stretched from 30w)",WEAK,False,False,872.3,33.79733683675721,0.027018330698195703,-0.15616241910727457,0.7098334055789215,0.7488801165510063,0.027626780550244808,49.189130053712134,True,2026-10-09,False,False,NEITHER,False
SHIVALIK,0,,,,4,"Weekly RS leader, Weekly VCP contraction, 13-4 weekly momentum, Weekly RSI healthy",WEAK,False,True,349.45,52.02775636313102,0.5908355202363111,-0.18746034880632556,0.9471402671003931,0.7429303306026128,0.27340024883019926,58.14027791188687,True,2026-10-09,False,False,NEITHER,False
SHOPERSTOP,0,,,,4,"Weekly VCP contraction, 13-4 weekly momentum, Weekly RSI healthy, Anti-extension (above, not over-stretched from 30w)",WEAK,False,False,385.1,28.39360632126995,0.054346338124572346,-0.26745293692643113,0.09605445883467584,0.6901433691756272,0.0713540580154226,50.352628774369144,True,2026-10-09,False,False,NEITHER,False
SHRINGARMS,0,,,,4,"Minervini weekly base, Weekly VCP contraction, Weekly RSI healthy, Anti-extension (above, not over-stretched from 30w)",WEAK,False,False,221.13,42.35285775964763,-0.034155916368105554,0.0448402978535245,1.0383914691202534,0.8297560975609756,0.03866965472006054,51.53360429534781,True,2026-10-09,False,False,NEITHER,False
SIMPLEXINF,0,,,,4,"Minervini weekly base, Weekly VCP contraction, Anti-extension (above, not over-stretched from 30w), Weekly volume confirm",WEAK,False,False,246.13,38.2211596749672,-0.09427782888684455,-0.1458268082128773,1.3585570630713295,0.7739937106918239,0.04210681882219131,49.817046466380035,True,2026-10-09,False,False,NEITHER,False
SMARTWORKS,0,,,,4,"Minervini weekly base, Weekly VCP contraction, 13-4 weekly momentum, Anti-extension (above, not over-stretched from 30w)",WEAK,False,False,474.3,33.55919877787919,0.018466797439433025,-0.19164891350660418,0.7279171063997866,0.7662358642972537,0.01602693631760262,46.04377689758787,True,2026-10-09,False,False,NEITHER,False
STARHEALTH,0,,,,4,"Minervini weekly base, Weekly VCP contraction, Weekly RSI healthy, Anti-extension (above, not over-stretched from 30w)",WEAK,False,False,552.1,44.32613341732775,-0.08479071694985496,0.15321148825065278,1.0626536670390991,0.8835013257003416,0.020109012108212605,51.971067830339244,True,2026-10-09,False,False,NEITHER,False
SUNTV,0,,,,4,"Weekly RS leader, Wyckoff weekly absorption, Weekly RSI healthy, Weekly volume confirm",WEAK,False,True,635.9,60.607756925737604,0.285730288124749,0.12684693329480035,1.7058596160659354,0.9578249384178371,0.2045239037310599,68.43035443020415,True,2026-10-09,False,False,NEITHER,False
SWELECTES,0,,,,4,"Weinstein Stage 2 (30w/40w), Weekly RSI healthy, Anti-extension (above, not over-stretched from 30w), Weekly volume confirm",WEAK,False,False,618.05,36.901737129363546,-0.036348747398075476,-0.3345984604098442,2.059972556149931,0.636285965570218,0.012635442873247773,51.72973666673309,True,2026-10-09,False,False,NEITHER,False
TARSONS,0,,,,4,"Weekly RS leader, Weekly VCP contraction, 13-4 weekly momentum, Weekly RSI healthy",WEAK,False,True,320.95,41.27176572015358,0.05819325063434899,0.07520938023450574,0.19236154153215296,0.8558666666666667,0.21092187417965852,58.62509074161762,True,2026-10-09,False,False,NEITHER,False
TATATECH,0,,,,4,"Minervini weekly base, Weekly VCP contraction, 13-4 weekly momentum, Anti-extension (above, not over-stretched from 30w)",WEAK,False,False,715.85,40.482748078669374,-0.0037575503984931258,0.017489492175988275,0.7999400934294493,0.8034231200897868,0.027366666165482247,49.025503604176954,True,2026-10-09,False,False,NEITHER,False
THEMISMED,0,,,,4,"Minervini weekly base, Weekly VCP contraction, 13-4 weekly momentum, Anti-extension (above, not over-stretched from 30w)",WEAK,False,False,108.57,28.46083646460523,-0.06793261232779702,-0.16661872067526529,0.2806900101848967,0.741595919754206,0.04065686791883604,49.286996324423434,True,2026-10-09,False,False,NEITHER,False
TINNARUBR,0,,,,4,"Weekly VCP contraction, Weekly trend structure, 13-4 weekly momentum, Anti-extension (above, not over-stretched from 30w)",WEAK,False,False,885.85,27.760866049887316,-0.0850861857137255,-0.13339685181665661,0.2699951199640406,0.6722401809491376,0.006970934748851221,45.36819365865051,True,2026-10-09,False,False,NEITHER,False
UJJIVANSFB,0,,,,4,"Minervini weekly base, Weekly VCP contraction, 13-4 weekly momentum, Anti-extension (above, not over-stretched from 30w)",WEAK,False,False,61.45,44.37456377630873,-0.05852607383996544,0.25973762890048513,0.9931999627191542,0.8310792260075465,0.0004504368180836268,47.573174275111974,True,2026-10-09,False,False,NEITHER,False
VARROC,0,,,,4,"Weekly RS leader, Weekly VCP contraction, 13-4 weekly momentum, Weekly RSI healthy",WEAK,False,True,793.6,48.967826394342154,0.20223234668797496,0.31191381512188565,0.39102201533498937,0.8699846408463827,0.20202717570924145,61.89662318078772,True,2026-10-09,False,False,NEITHER,False
VENUSREM,0,,,,4,"Weinstein Stage 2 (30w/40w), Weekly RS leader, Weekly VCP contraction, Weekly RSI healthy",WEAK,False,True,1796.699951171875,68.40395738544584,0.05077073546839528,2.8895922064216366,1.0934602904820767,0.884543017611066,0.27780238664825463,63.45114344602136,True,2026-10-01,False,False,NEITHER,False
VGL,0,,,,4,"Minervini weekly base, Weekly VCP contraction, 13-4 weekly momentum, Anti-extension (above, not over-stretched from 30w)",WEAK,False,False,62.44,29.901894783793608,-0.015297269354144327,-0.1752740621442459,0.5437411778990878,0.7367551622418879,0.008647698981986255,48.968230784973166,True,2026-10-09,False,False,NEITHER,False
WENDT,0,,,,4,"Minervini weekly base, Weekly VCP contraction, 13-4 weekly momentum, Anti-extension (above, not over-stretched from 30w)",WEAK,False,False,7748.5,34.13755221313156,-0.010651582001420579,-0.12669924054572934,0.5648793530314558,0.8460071476637082,0.018777162431801206,47.53642079259767,True,2026-10-09,False,False,NEITHER,False
WINDMACHIN,0,,,,4,"Minervini weekly base, Weekly VCP contraction, Weekly RSI healthy, Anti-extension (above, not over-stretched from 30w)",WEAK,False,False,296.2,37.19480359849528,-0.04957482496090204,0.004067796610169427,0.5097274558123469,0.8612969039166593,0.01751277066790132,50.62865239056402,True,2026-10-09,False,False,NEITHER,False
ABB,0,,,,3,"Minervini weekly base, Weekly RS leader, 13-4 weekly momentum",WEAK,False,False,6780.0,45.684170273799054,0.003484006301549769,0.328166862593368,0.7564027151274568,0.865646676300073,-0.029380548135928716,47.034573819277995,True,2026-10-09,False,False,NEITHER,False
ADANIENT,0,,,,3,"Minervini weekly base, Weekly trend structure, Weekly volume confirm",WEAK,False,False,2634.4,40.812878345733765,-0.16561620395318666,0.0331953760962469,1.399745951656752,0.811833590138675,-0.0439803661327364,42.91535860279332,True,2026-10-09,False,False,NEITHER,False
AGARWALEYE,0,,,,3,"Weekly VCP contraction, 13-4 weekly momentum, Anti-extension (above, not over-stretched from 30w)",WEAK,False,False,477.75,32.2356332029737,-0.007891159566600359,-0.10734306968738982,0.22562723165165988,0.8411091549295775,0.010526537570116146,48.248252815608176,True,2026-10-09,False,False,NEITHER,False
ANDHRAPAP,0,,,,3,"13-4 weekly momentum, Weekly RSI healthy, Anti-extension (above, not over-stretched from 30w)",WEAK,False,False,67.21,32.58087801641432,0.09179036547129504,-0.14685831136161698,0.24675113978835952,0.7797964039787239,0.051971406123644426,52.855713269219315,True,2026-10-09,False,False,NEITHER,False
APOLLOHOSP,0,,,,3,"Wyckoff weekly absorption, 13-4 weekly momentum, Weekly volume confirm",WEAK,False,False,8027.5,54.23050064244949,-0.09095744757320778,0.0477170377843128,2.7397095324377503,0.8850118516068574,-0.03828764434500856,41.42283942553935,True,2026-10-09,False,False,NEITHER,False
AUTOIND,0,,,,3,"Minervini weekly base, Weekly VCP contraction, Anti-extension (above, not over-stretched from 30w)",WEAK,False,False,82.11,36.41539972084937,-0.15905366127332132,0.1472684134430422,0.4941176279233554,0.7895192307692308,0.034265582070207655,49.71849343918209,True,2026-10-09,False,False,NEITHER,False
AVL,0,,,,3,"Minervini weekly base, Weekly VCP contraction, Anti-extension (above, not over-stretched from 30w)",WEAK,False,False,581.05,40.819482822983446,-0.08416670186047459,0.042217278218862564,1.0370379387225985,0.8259387562330625,0.014541458328192865,49.73800740872036,True,2026-10-09,False,False,NEITHER,False
BECTORFOOD,0,,,,3,"Weekly VCP contraction, 13-4 weekly momentum, Anti-extension (above, not over-stretched from 30w)",WEAK,False,False,205.41,32.57245236472954,0.21625740106205393,-0.19090487570314063,0.12373043059853041,0.7379849952162674,0.027068843386669653,47.436076954126946,True,2026-10-09,False,False,NEITHER,False
BHARTIHEXA,0,,,,3,"Wyckoff weekly absorption, Anti-extension (above, not over-stretched from 30w), Weekly volume confirm",WEAK,False,False,1531.9,52.164251072599114,-0.03486339429043683,-0.11595716944828738,3.8573069714835233,0.791958815699707,0.0084188464998504,49.729030492268045,True,2026-10-09,False,False,NEITHER,False
BLUEJET,0,,,,3,"Minervini weekly base, Weekly VCP contraction, Anti-extension (above, not over-stretched from 30w)",WEAK,False,False,514.6,24.007990215406004,-0.17366292702184472,-0.2391920130020896,0.3294029453726725,0.7442280648439117,0.01631043122465349,45.837818224432084,True,2026-10-09,False,False,NEITHER,False
BSE,0,,,,3,"Minervini weekly base, Wyckoff weekly absorption, Weekly volume confirm",WEAK,False,False,3287.2,45.40408583476567,-0.1375800409855964,0.3819120459401242,1.3252344027595437,0.7411757532440125,-0.06777601536584765,47.06581603176352,True,2026-10-09,False,False,NEITHER,False
BTML,0,,,,3,"Weekly VCP contraction, 13-4 weekly momentum, Anti-extension (above, not over-stretched from 30w)",WEAK,False,False,7.02,29.692934815352352,0.10725549385587052,-0.20498300558833715,0.23927137993665096,0.6936758971724215,0.020892913111990923,47.49816658154658,True,2026-10-09,False,False,NEITHER,False
CHALET,0,,,,3,"Weekly VCP contraction, 13-4 weekly momentum, Anti-extension (above, not over-stretched from 30w)",WEAK,False,False,820.9,34.62656344303571,-0.02132938458459921,-0.13667454079916896,0.738568267240382,0.8319000661598998,0.012399650035087225,47.40249378364802,True,2026-10-09,False,False,NEITHER,False
DATAPATTNS,0,,,,3,"Minervini weekly base, Weekly trend structure, 13-4 weekly momentum",WEAK,False,False,4084.8,42.632012282327906,-0.057401783277698404,0.4592749946884205,0.3333309987968143,0.81696,-0.02013124906780825,48.17744073832911,True,2026-10-09,False,False,NEITHER,False
DEEPAKFERT,0,,,,3,"Minervini weekly base, Weekly RSI healthy, Anti-extension (above, not over-stretched from 30w)",WEAK,False,False,1392.6,41.07953111865188,-0.08131393879656279,-0.06339433434720732,1.1695304490952594,0.834086048829936,0.019067537674997484,50.84960364465856,True,2026-10-09,False,False,NEITHER,False
DOLLAR,0,,,,3,"Weekly VCP contraction, 13-4 weekly momentum, Anti-extension (above, not over-stretched from 30w)",WEAK,False,False,271.5,32.03073809644518,0.01815381889852996,-0.24179442681091057,0.8414996982923981,0.7135009773311338,0.01472527511257331,48.32432111958827,True,2026-10-09,False,False,NEITHER,False
ELECTCAST,0,,,,3,"Minervini weekly base, 13-4 weekly momentum, Weekly volume confirm",WEAK,False,False,75.18,37.87077231666703,-0.014877621900483695,-0.189259769122343,1.5911930685487,0.7688929179632922,-0.02028822139201865,48.794422537633345,True,2026-10-09,False,False,NEITHER,False
ELLEN,0,,,,3,"Weinstein Stage 2 (30w/40w), 13-4 weekly momentum, Weekly RSI healthy",WEAK,False,True,348.15,40.69416251177855,0.18317757009345792,-0.21851851851851856,0.8656157658016577,0.7351916565822141,0.20839122283696615,58.64212740986348,True,2026-10-09,False,False,NEITHER,False
ESTER,0,,,,3,"Minervini weekly base, Weekly RSI healthy, Anti-extension (above, not over-stretched from 30w)",WEAK,False,False,93.27,31.119211992796565,0.033033208511120016,-0.1910302966135342,0.5015048195347032,0.7062375819602407,0.026025354101252934,50.57345964769178,True,2026-10-09,False,False,NEITHER,False
EXIDEIND,0,,,,3,"Minervini weekly base, Weekly VCP contraction, Anti-extension (above, not over-stretched from 30w)",WEAK,False,False,394.4,33.85759514434824,-0.07068801679531056,-0.010882293018628864,0.3335003337647352,0.7945205577142801,0.004861017644374688,46.615619790171884,True,2026-10-09,False,False,NEITHER,False
GAIL,0,,,,3,"Weekly VCP contraction, 13-4 weekly momentum, Anti-extension (above, not over-stretched from 30w)",WEAK,False,False,166.64,39.88729893518367,-0.038025193162731785,-0.03837316293659654,0.8847240707944061,0.9163497767787916,0.0031997147425243742,46.5419604685721,True,2026-10-09,False,False,NEITHER,False
GEEKAYWIRE,0,,,,3,"Weekly RS leader, 13-4 weekly momentum, Weekly RSI healthy",WEAK,False,True,32.14,49.70782172698731,0.29195410533495436,-0.043475251437601226,0.8326788217871093,0.8840055528746081,0.2746712817815088,60.63833485232256,True,2026-10-09,False,False,NEITHER,False
GLAXO,0,,,,3,"Weekly VCP contraction, 13-4 weekly momentum, Anti-extension (above, not over-stretched from 30w)",WEAK,False,False,2540.3,36.45442127299527,0.04187517466689017,-0.05869601718417983,0.5445204924637426,0.8140160988710482,0.01702397672956627,47.14324265577168,True,2026-10-09,False,False,NEITHER,False
HIKAL,0,,,,3,"Minervini weekly base, Weekly VCP contraction, Anti-extension (above, not over-stretched from 30w)",WEAK,False,False,213.66,28.67112307497529,-0.1255723928001342,-0.1363816690719417,0.24165724990940704,0.8207683142139126,0.04264958157415319,49.46581243745931,True,2026-10-09,False,False,NEITHER,False
HUHTAMAKI,0,,,,3,"Weekly VCP contraction, 13-4 weekly momentum, Anti-extension (above, not over-stretched from 30w)",WEAK,False,False,225.25,32.79221928315922,0.06687820201124328,-0.03133200130949465,0.06609951273689502,0.6825757575757576,0.05097787894920216,48.33973903234414,True,2026-10-09,False,False,NEITHER,False
IDEA,0,,,,3,"Minervini weekly base, 13-4 weekly momentum, Anti-extension (above, not over-stretched from 30w)",WEAK,False,False,13.0,47.07218891775579,-0.08386184746815595,0.43805310341342607,0.9286104004947046,0.8233058917926933,0.01631312928705798,49.22838384937403,True,2026-10-09,False,False,NEITHER,False
IKS,0,,,,3,"Minervini weekly base, Weekly VCP contraction, Anti-extension (above, not over-stretched from 30w)",WEAK,False,False,1716.6,41.942725078570085,-0.10969346935532431,0.12078873554649139,0.9866091767239935,0.8713705583756345,0.020930885256783358,49.68881340588521,True,2026-10-09,False,False,NEITHER,False
INDIGO,0,,,,3,"Weekly VCP contraction, Anti-extension (above, not over-stretched from 30w), Weekly volume confirm",WEAK,False,False,4833.0,37.06002789357089,-0.09017319277108438,-0.157279860505667,1.3788469823960705,0.8095477386934673,0.003865493544232558,45.968164835359794,True,2026-10-09,False,False,NEITHER,False
INNOVANA,0,,,,3,"Wyckoff weekly absorption, 13-4 weekly momentum, Weekly volume confirm",WEAK,False,False,301.5,24.203174742231457,-0.0581068595715698,-0.399402390438247,1.6029653821032006,0.5743404000171612,-0.10382102235442338,39.684796097355694,True,2026-10-09,False,False,NEITHER,False
JSWHL,0,,,,3,"Wyckoff weekly absorption, 13-4 weekly momentum, Weekly volume confirm",WEAK,False,False,11346.0,28.49352911813083,0.008712660028449504,-0.3383484954513646,1.693008149692448,0.4978499341816586,-0.06256971239248794,39.7794979869426,True,2026-10-09,False,False,NEITHER,False
JUNIPER,0,,,,3,"13-4 weekly momentum, Weekly RSI healthy, Anti-extension (above, not over-stretched from 30w)",WEAK,False,False,214.58,30.65667552240433,0.07872512555401534,-0.19178907721280603,0.31400987465797714,0.7489703315881326,0.04495613227967524,51.870822819211945,True,2026-10-09,False,False,NEITHER,False
KENNAMET,0,,,,3,"Weekly RS leader, 13-4 weekly momentum, Weekly RSI healthy",WEAK,False,True,4165.7,58.010516920328044,0.48119049375889245,0.6932907993773727,0.3742259301760589,0.8110786604361371,0.2922345093530239,66.50049607189007,True,2026-10-09,False,False,NEITHER,False
KERNEX,0,,,,3,"Weekly VCP contraction, Weekly trend structure, Anti-extension (above, not over-stretched from 30w)",WEAK,False,False,1736.3,39.958935101654326,-0.1952259559675551,0.5327506401471223,0.49271989716847914,0.672984496124031,0.01446650216208059,49.615286617390744,True,2026-10-09,False,False,NEITHER,False
KIRLFER,0,,,,3,"Weekly VCP contraction, Weekly RSI healthy, Anti-extension (above, not over-stretched from 30w)",WEAK,False,False,458.7,40.60213360466726,-0.013791555433457003,0.031069142775884018,0.8424209117623458,0.8645022138515281,0.011977875564335577,50.278542798175216,True,2026-10-09,False,False,NEITHER,False
KOTYARK,0,,,,3,"Minervini weekly base, Wyckoff weekly absorption, Weekly volume confirm",WEAK,False,False,32.28,45.50266544968091,-0.08250454112098493,0.18035692719721297,1.6929675719589263,0.7170580139425748,-0.09576901200723932,47.94095966038477,True,2026-10-09,False,False,NEITHER,False
KRISHIVAL,0,,,,3,"Minervini weekly base, Weekly trend structure, 13-4 weekly momentum",WEAK,False,False,380.3,30.211421787226307,-0.037872373969489836,-0.1812032084384425,0.4885682449681942,0.7492474487189044,-0.00210717052730189,44.5739298463448,True,2026-10-09,False,False,NEITHER,False
MAHSEAMLES,0,,,,3,"Minervini weekly base, 13-4 weekly momentum, Weekly volume confirm",WEAK,False,False,618.1,44.57339973129528,0.04873437738508768,0.07440966856734255,1.2883850835485149,0.8048177083333333,-0.007627969760196962,47.64462056744422,True,2026-10-09,False,False,NEITHER,False
NORTHARC,0,,,,3,"Minervini weekly base, Weekly VCP contraction, Anti-extension (above, not over-stretched from 30w)",WEAK,False,False,281.45,35.2469090179147,-0.1347986149353202,0.04125050947309461,0.5230729784578367,0.8426646706586826,0.003958279229334736,48.33775486410214,True,2026-10-09,False,False,NEITHER,False
ORCHPHARMA,0,,,,3,"Minervini weekly base, Weekly VCP contraction, Weekly RSI healthy",WEAK,False,False,983.95,46.076231558549445,-0.02824550702460371,0.31967547239624405,0.5905366540635261,0.860472234368168,0.157817534113036,57.31752918392019,True,2026-10-09,False,False,NEITHER,False
PDSL,0,,,,3,"Minervini weekly base, Weekly VCP contraction, Anti-extension (above, not over-stretched from 30w)",WEAK,False,False,336.0,35.24920279840755,-0.05404969782990843,0.09240094094899165,0.19487207329670267,0.8066006320520083,0.028022270992323968,47.624817358085146,True,2026-10-09,False,False,NEITHER,False
PENIND,0,,,,3,"13-4 weekly momentum, Weekly RSI healthy, Anti-extension (above, not over-stretched from 30w)",WEAK,False,False,171.5,27.77635218713401,-0.003891491990886009,-0.2904720729952268,0.8654477225794575,0.6127188415138943,0.05222686441086484,51.357425225512856,True,2026-10-09,False,False,NEITHER,False
PNGJL,0,,,,3,"Wyckoff weekly absorption, 13-4 weekly momentum, Weekly volume confirm",WEAK,False,False,599.95,41.17670113594892,0.020236395636523463,-0.09612052730696796,1.3996005448558622,0.8147066541413646,-0.001708328977145171,49.965967416828576,True,2026-10-09,False,False,NEITHER,False
POLICYBZR,0,,,,3,"Wyckoff weekly absorption, 13-4 weekly momentum, Weekly volume confirm",WEAK,False,False,1012.0,15.240394154559088,-0.3596557932380432,-0.42019022238771175,1.8800727366938723,0.5152224952435335,-0.3593504002842886,26.91848137503156,True,2026-10-09,False,False,NEITHER,False
POLYPLEX,0,,,,3,"Minervini weekly base, Weekly trend structure, 13-4 weekly momentum",WEAK,False,False,1001.3,35.624521925967784,-0.055066462089358836,0.006774088310734339,0.5799832962961738,0.7928396045449847,-0.0003355476100040379,45.6333027108979,True,2026-10-09,False,False,NEITHER,False
POONAWALLA,0,,,,3,"Weekly VCP contraction, Weekly trend structure, Anti-extension (above, not over-stretched from 30w)",WEAK,False,False,447.3,34.16727345612558,-0.06226415094339621,-0.1546820762310207,0.867660380105464,0.7841865021998978,0.020681372679673713,49.09170467096359,True,2026-10-09,False,False,NEITHER,False
PROTEAN,0,,,,3,"Minervini weekly base, Weekly RSI healthy, Anti-extension (above, not over-stretched from 30w)",WEAK,False,False,640.65,38.044624976529974,0.10814374690207473,-0.2494227803024074,0.7692930728878604,0.7248893848902428,0.1395603157260262,56.20839289539876,True,2026-10-09,False,False,NEITHER,False
PVP,0,,,,3,"Weekly RS leader, 13-4 weekly momentum, Weekly RSI healthy",WEAK,False,True,50.97,66.6741807207574,0.8467391049103239,0.7029735877144572,0.7800172675807141,0.7075235890094782,0.37345956191936425,58.24773316633829,True,2026-10-09,False,False,NEITHER,False
RANASUG,0,,,,3,"Minervini weekly base, 13-4 weekly momentum, Anti-extension (above, not over-stretched from 30w)",WEAK,False,False,13.18,36.19088619905975,0.10477784265285495,-0.11957249399462311,0.5940742414667051,0.8012157683112997,0.0051349820355454405,48.7262053635719,True,2026-10-09,False,False,NEITHER,False
RAYMONDREL,0,,,,3,"Weinstein Stage 2 (30w/40w), Weekly RSI healthy, Weekly volume confirm",WEAK,False,True,698.2,53.004061086908976,-0.002571428571428558,0.15408498129946535,1.4502668587416616,0.9410337469004268,0.21654369126372155,58.354899261045084,True,2026-10-09,False,False,NEITHER,False
REGAAL,0,,,,3,"Minervini weekly base, 13-4 weekly momentum, Anti-extension (above, not over-stretched from 30w)",WEAK,False,False,84.09,36.10220968491714,0.04025819002525366,-0.08360097517805676,0.4859622932538368,0.8164077669902913,0.01961091800318048,48.751579749084605,True,2026-10-09,False,False,NEITHER,False
RELIABLE,0,,,,3,"Minervini weekly base, Weekly VCP contraction, Anti-extension (above, not over-stretched from 30w)",WEAK,False,False,139.8,38.27608903454135,-0.03604040116669205,0.21483026660031612,0.21190662681095712,0.7991500955292502,0.012229521521296523,49.73178687291904,True,2026-10-09,False,False,NEITHER,False
SAIL,0,,,,3,"Minervini weekly base, Weekly RS leader, 13-4 weekly momentum",WEAK,False,False,171.55,48.42414498620851,0.034809742915234976,0.31494514756187164,1.0665852271864436,0.8287853564958643,-0.017645174023649454,49.579804030844464,True,2026-10-09,False,False,NEITHER,False
SANGHVIMOV,0,,,,3,"Minervini weekly base, Weekly VCP contraction, Anti-extension (above, not over-stretched from 30w)",WEAK,False,False,392.6,38.08993151307491,-0.14167178794869983,0.01962549238731559,1.0700035842158564,0.7465667329611766,0.01526884631500942,47.93402659505662,True,2026-10-09,False,False,NEITHER,False
SAPPHIRE,0,,,,3,"Weekly VCP contraction, 13-4 weekly momentum, Anti-extension (above, not over-stretched from 30w)",WEAK,False,False,207.08,29.972412665549413,0.13375311754656383,-0.2583094880151835,0.24691748829253127,0.6669243156199678,0.07092988366477788,49.06381908544033,True,2026-10-09,False,False,NEITHER,False
SJS,0,,,,3,"Minervini weekly base, 13-4 weekly momentum, Weekly volume confirm",WEAK,False,False,1994.8,49.483579898126976,-0.08637900099807605,0.3261921172675286,1.7340952470109077,0.7701930501930502,-0.04971099797619071,43.369046478625975,True,2026-10-09,False,False,NEITHER,False
SPAL,0,,,,3,"Minervini weekly base, Weekly VCP contraction, Anti-extension (above, not over-stretched from 30w)",WEAK,False,False,913.6,34.194991623946905,-0.2099799808834062,0.2918586376454315,0.24232894311634467,0.749804529776041,0.00849506359729446,48.71019765543844,True,2026-10-09,False,False,NEITHER,False
SSDL,0,,,,3,"Minervini weekly base, 13-4 weekly momentum, Weekly RSI healthy",WEAK,False,False,66.89,41.88872368674857,0.24474895661093,-0.20565835704379065,0.8216858883065647,0.7707762152213887,0.1641957146226515,57.849756144288904,True,2026-10-09,False,False,NEITHER,False
STEELXIND,0,,,,3,"Minervini weekly base, 13-4 weekly momentum, Weekly volume confirm",WEAK,False,False,10.37,40.21107232155698,-0.13655288906139562,-0.027204488889604694,1.6927977872598636,0.7433691857911412,-0.04341676375614397,45.75630049840508,True,2026-10-09,False,False,NEITHER,False
SUVEN,0,,,,3,"Minervini weekly base, Weekly VCP contraction, Anti-extension (above, not over-stretched from 30w)",WEAK,False,False,282.75,38.0435453246004,-0.20986448182927064,0.3502220288206832,0.6461221409965,0.7010040801324177,0.02419304929663154,47.8362789457432,True,2026-10-09,False,False,NEITHER,False
TCS,0,,,,3,"Wyckoff weekly absorption, 13-4 weekly momentum, Weekly volume confirm",WEAK,False,False,2156.0,33.66406969638068,0.0477628582659293,-0.258494318704223,1.4355082708809237,0.655885045682424,-0.04768592766922573,41.300323867031615,True,2026-10-09,False,False,NEITHER,False
TECHM,0,,,,3,"Weekly VCP contraction, 13-4 weekly momentum, Anti-extension (above, not over-stretched from 30w)",WEAK,False,False,1514.1,43.47914705140745,0.04076158178551226,0.07721146082503738,0.9173041067462828,0.8378895437563322,0.023794197599479067,49.850946690998335,True,2026-10-09,False,False,NEITHER,False
THYROCARE,0,,,,3,"Minervini weekly base, Weekly trend structure, 13-4 weekly momentum",WEAK,False,False,499.7,39.87662946295218,-0.03102581312448749,0.20818933445645915,0.5324942890787681,0.754833836858006,-0.0007578343985109682,46.61104885691768,True,2026-10-09,False,False,NEITHER,False
TITAN,0,,,,3,"Minervini weekly base, 13-4 weekly momentum, Weekly volume confirm",WEAK,False,False,4410.0,50.32487946060138,-0.03804203517555027,0.25271683574042325,1.7073692521501647,0.8502515730493839,-0.026502213821238848,44.521458002308556,True,2026-10-09,False,False,NEITHER,False
TVSMOTOR,0,,,,3,"Weekly VCP contraction, 13-4 weekly momentum, Anti-extension (above, not over-stretched from 30w)",WEAK,False,False,3866.8,44.35030935648908,0.06726281244655574,0.11174273099033005,0.8738666781088913,0.8622588917382095,0.022560432646047242,49.04756786770442,True,2026-10-09,False,False,NEITHER,False
TVSSCS,0,,,,3,"Minervini weekly base, Weekly VCP contraction, Anti-extension (above, not over-stretched from 30w)",WEAK,False,False,124.54,33.07464453314442,-0.12085276873876405,-0.004794625160419064,0.3535011409541366,0.8501023890784983,0.0011629569885428584,48.221656852088216,True,2026-10-09,False,False,NEITHER,False
UNICHEMLAB,0,,,,3,"Minervini weekly base, Weekly VCP contraction, Weekly RSI healthy",WEAK,False,False,531.1,33.96072170205951,-0.16853228962818,0.0920119118636542,0.19541822692203153,0.7728463192168813,0.1685582746885111,56.13117087912996,True,2026-10-09,False,False,NEITHER,False
UNIDT,0,,,,3,"Minervini weekly base, 13-4 weekly momentum, Anti-extension (above, not over-stretched from 30w)",WEAK,False,False,218.61,42.723077211675985,-0.03209135947729724,0.15215100785292957,0.9873039540645171,0.8037132352941176,0.013582785675018133,49.52414403576975,True,2026-10-09,False,False,NEITHER,False
WONDERLA,0,,,,3,"13-4 weekly momentum, Weekly RSI healthy, Anti-extension (above, not over-stretched from 30w)",WEAK,False,False,508.55,35.92489418092746,0.07675758858074566,-0.12581990810918786,0.5551207218660875,0.8477667949628674,0.016257751164226092,50.67590524516868,True,2026-10-09,False,False,NEITHER,False
ZOTA,0,,,,3,"Minervini weekly base, Weekly RSI healthy, Anti-extension (above, not over-stretched from 30w)",WEAK,False,False,1324.1,35.30255306124554,-0.06868735903596379,-0.09098162508646424,0.7776629884839278,0.7616424667392553,0.07063186857800101,54.680850862339156,True,2026-10-09,False,False,NEITHER,False
AARTIIND,0,,,,2,"Minervini weekly base, 13-4 weekly momentum",WEAK,False,False,460.15,41.53483730054647,-0.04758373770601154,0.21974798025842657,0.6425893899885603,0.8356406546345406,-0.03151007611652894,45.97157055241963,True,2026-10-09,False,False,NEITHER,False
ACCELYA,0,,,,2,"13-4 weekly momentum, Weekly volume confirm",WEAK,False,False,1061.6,45.65875690423525,-0.04265490429496177,-0.24818736834934574,7.430295943967034,0.7386176968464622,-0.06327207968062011,31.978150440393804,True,2026-10-09,False,False,NEITHER,False
ADANIGREEN,0,,,,2,"Minervini weekly base, Weekly volume confirm",WEAK,False,False,1255.8,48.40563780944725,-0.182741103766361,0.17993041659890086,2.1158242801532867,0.7697211155378486,-0.04189576397495693,45.600433354489844,True,2026-10-09,False,False,NEITHER,False
ADSL,0,,,,2,"Wyckoff weekly absorption, Weekly volume confirm",WEAK,False,False,109.97,37.83796631238178,-0.0710832735171637,-0.41431709291041907,3.925940724700092,0.5449584263004201,-0.026984656783303803,46.75756614691041,True,2026-10-09,False,False,NEITHER,False
ALLCARGO,0,,,,2,"13-4 weekly momentum, Anti-extension (above, not over-stretched from 30w)",WEAK,False,False,10.53,15.195924213118353,0.31954886902651647,-0.6704225430813034,0.2632946440903937,0.288098501225765,0.12005389215586441,49.04903706123068,True,2026-10-09,False,False,NEITHER,False
ALLDIGI,0,,,,2,"13-4 weekly momentum, Anti-extension (above, not over-stretched from 30w)",WEAK,False,False,791.1,36.75418813058456,0.017579432014140917,-0.04731660430171525,0.5551547713299354,0.8457447077037988,0.005442474886465931,49.755613150862274,True,2026-10-09,False,False,NEITHER,False
ALOKINDS,0,,,,2,"Wyckoff weekly absorption, Weekly volume confirm",WEAK,False,False,9.0,26.531161450226755,-0.2845786920045855,-0.48542023340320406,4.023152104228853,0.4878048578772048,-0.22549553654648452,38.51659033366546,True,2026-10-09,False,False,NEITHER,False
ANGELONE,0,,,,2,"Minervini weekly base, Weekly volume confirm",WEAK,False,False,292.0,44.81005856162642,-0.1535816347698088,0.2922185284566443,1.286483425769644,0.8126037811606143,-0.041638006762351104,48.2653084754101,True,2026-10-09,False,False,NEITHER,False
ARMANFIN,0,,,,2,"Minervini weekly base, 13-4 weekly momentum",WEAK,False,False,1694.2,34.74677673368786,-0.0655267512410369,0.039067770622508435,0.5965698935375588,0.784860522261403,-0.03849173171426757,43.50530929936445,True,2026-10-09,False,False,NEITHER,False
AXISBANK,0,,,,2,"Wyckoff weekly absorption, Weekly volume confirm",WEAK,False,False,1259.1,44.012027012425364,-0.0488025636887609,0.06749495078078538,1.2755458489244207,0.8884375944279468,-0.013136651707345095,49.19494412657731,True,2026-10-09,False,False,NEITHER,False
BAJAJCON,0,,,,2,"Minervini weekly base, Weekly RSI healthy",WEAK,False,False,506.95,44.16507422934965,-0.2436404326743753,0.9193927357717508,0.5288758615771136,0.7325867052023122,-0.010642663301683663,51.72958222089299,True,2026-10-09,False,False,NEITHER,False
BAJFINANCE,0,,,,2,"13-4 weekly momentum, Weekly volume confirm",WEAK,False,False,960.0,39.53881402075909,-0.05928466438020574,-0.05659877149302406,1.2882898200330477,0.8160489460021506,-0.013440395171127707,44.98510907872089,True,2026-10-09,False,False,NEITHER,False
BALUFORGE,0,,,,2,"Minervini weekly base, 13-4 weekly momentum",WEAK,False,False,481.2,26.354406639204537,0.03492564899605144,-0.28668651053411154,0.4250562047286889,0.7099468052863445,-0.008161867277092802,46.88036748623818,True,2026-10-09,False,False,NEITHER,False
BANKINDIA,0,,,,2,"Wyckoff weekly absorption, Weekly volume confirm",WEAK,False,False,134.46,41.00423554618,-0.07204965035362687,0.09530857955019001,1.2203589890313404,0.7784944002300145,-0.045972764186177274,42.78143435236603,True,2026-10-09,False,False,NEITHER,False
BETA,0,,,,2,"Weekly VCP contraction, Anti-extension (above, not over-stretched from 30w)",WEAK,False,False,1950.2,39.49033021533657,-0.17601826949192279,0.12663200462160606,1.1633538759851951,0.6945404280160311,0.06334911910443165,49.45210102351887,True,2026-10-09,False,False,NEITHER,False
BHAGCHEM,0,,,,2,"Minervini weekly base, Weekly volume confirm",WEAK,False,False,222.13,31.773323320821184,-0.24888018715986804,-0.11820529920786038,1.7065794712742437,0.7009466843743737,-0.12493348306603978,36.93138794855828,True,2026-10-09,False,False,NEITHER,False
BIRLANU,0,,,,2,"13-4 weekly momentum, Weekly volume confirm",WEAK,False,False,1308.1,32.25757604536478,0.002104109476310345,-0.31099471471069084,1.6777584646977337,0.6615691927971113,-0.05881972744887467,42.575829370847174,True,2026-10-09,False,False,NEITHER,False
BSOFT,0,,,,2,"Wyckoff weekly absorption, Weekly volume confirm",WEAK,False,False,285.3,30.71039843158922,-0.016715471302800267,-0.18944717527158994,1.2274413004111613,0.6107877428264328,-0.09305858193208565,41.508709830493316,True,2026-10-09,False,False,NEITHER,False
CANTABIL,0,,,,2,"Weekly VCP contraction, Anti-extension (above, not over-stretched from 30w)",WEAK,False,False,238.23,34.21863033390675,-0.04881383635115799,-0.02126042712592069,0.6106427206537929,0.7452424356353468,0.009317256205237491,48.97072433962632,True,2026-10-09,False,False,NEITHER,False
CAPITALSFB,0,,,,2,"Minervini weekly base, Weekly volume confirm",WEAK,False,False,269.2,42.544334373114154,-0.08513169073916738,-0.013369610965789147,1.4828310343624318,0.845813840036218,-0.018303471391678747,45.342770185546456,True,2026-10-09,False,False,NEITHER,False
CEMPRO,0,,,,2,"Weekly VCP contraction, Anti-extension (above, not over-stretched from 30w)",WEAK,False,False,1125.1,37.412226602993,-0.2819122000656631,0.37911632476619483,0.5935435599052826,0.6822095763467223,0.03306788782530887,48.783258807387014,True,2026-10-09,False,False,NEITHER,False
CLEAN,0,,,,2,"13-4 weekly momentum, Anti-extension (above, not over-stretched from 30w)",WEAK,False,False,794.4,29.7490672275267,0.03648208074772574,-0.2538287838431278,0.5218253406365205,0.7287726579112523,0.017974555554130897,47.68598613306991,True,2026-10-09,False,False,NEITHER,False
COHANCE,0,,,,2,"Weekly VCP contraction, Anti-extension (above, not over-stretched from 30w)",WEAK,False,False,441.0,17.420114376029346,-0.024120367434616985,-0.5125725338491296,0.6617110546356108,0.48047067792149173,0.04333425338117581,48.24125831014728,True,2026-10-09,False,False,NEITHER,False
CUMMINSIND,0,,,,2,"Minervini weekly base, Weekly volume confirm",WEAK,False,False,4830.0,43.88733804468337,-0.1336722739202323,0.2335367043274308,1.3593844316118229,0.7983707217786988,-0.079986058320477,40.96817983646938,True,2026-10-09,False,False,NEITHER,False
DCMSRIND,0,,,,2,"13-4 weekly momentum, Weekly volume confirm",WEAK,False,False,38.91,22.615096560236335,-0.030159495615617815,-0.7658767555990218,4.919608531993463,0.21851502586704308,-0.03135767889622547,39.82273598984456,True,2026-10-09,False,False,NEITHER,False
DHARMAJ,0,,,,2,"13-4 weekly momentum, Weekly volume confirm",WEAK,False,False,259.45,37.58623767391632,-0.00211538461538463,-0.1522626683602154,1.2657452589787268,0.7997842320637963,-0.021786258887556895,46.24456248513423,True,2026-10-09,False,False,NEITHER,False
FINOPB,0,,,,2,"13-4 weekly momentum, Weekly volume confirm",WEAK,False,False,139.42,26.369515753058707,0.029689854392378923,-0.5351116944399699,2.0539054361459335,0.4112684365781711,-0.0009029405937442449,44.067312334920096,True,2026-10-09,False,False,NEITHER,False
GENESYS,0,,,,2,"Weekly VCP contraction, Anti-extension (above, not over-stretched from 30w)",WEAK,False,False,276.05,12.314105463431904,-0.15361028616908523,-0.42876357992757375,0.49314724952110484,0.451062091503268,0.03405225346741406,49.04991640983275,True,2026-10-09,False,False,NEITHER,False
GENUSPOWER,0,,,,2,"Minervini weekly base, 13-4 weekly momentum",WEAK,False,False,296.55,35.83363828568932,-0.06311330386091962,-0.03792743955358746,0.7541860290395734,0.8182917823509913,-0.027844372746410495,45.89810245478984,True,2026-10-09,False,False,NEITHER,False
GMRAIRPORT,0,,,,2,"Wyckoff weekly absorption, Weekly volume confirm",WEAK,False,False,92.31,47.98354314735846,-0.17953961205841684,0.02169343175407268,2.6450904823164674,0.7982532037981243,-0.07740742713513826,37.978621125914756,True,2026-10-09,False,False,NEITHER,False
GOKULAGRO,0,,,,2,"Minervini weekly base, 13-4 weekly momentum",WEAK,False,False,206.74,37.809150632452855,-0.05038816028463444,0.10659710090762142,0.6248521008203428,0.7957660112160915,-0.060351033178120024,44.26569837034717,True,2026-10-09,False,False,NEITHER,False
GRAUWEIL,0,,,,2,"Weekly VCP contraction, Anti-extension (above, not over-stretched from 30w)",WEAK,False,False,81.32,27.127541676387107,0.010033173832093123,-0.24104189154096678,1.019338833218083,0.5662751333164155,0.0028077442580103666,48.96217473330444,True,2026-10-09,False,False,NEITHER,False
GUJALKALI,0,,,,2,"Minervini weekly base, 13-4 weekly momentum",WEAK,False,False,605.45,36.72862869917912,0.05655872214638036,0.0974933780487226,0.28862304884936824,0.7629261420533392,-0.06103513572781028,46.00042967687786,True,2026-10-09,False,False,NEITHER,False
GUJTHEM,0,,,,2,"Minervini weekly base, 13-4 weekly momentum",WEAK,False,False,363.5,34.26503642903311,-0.039206764289067,-0.13404069914958194,0.7680375579275388,0.7601098422295398,-0.007003453092410562,46.50356580399958,True,2026-10-09,False,False,NEITHER,False
GVPIL,0,,,,2,"Weekly trend structure, Weekly volume confirm",WEAK,False,False,656.65,51.29137184261248,-0.19190116013076441,0.9937559990982414,1.4435349780551452,0.6115533614000338,-0.05426191102027377,48.18088543725409,True,2026-10-09,False,False,NEITHER,False
HATHWAY,0,,,,2,"Wyckoff weekly absorption, Weekly volume confirm",WEAK,False,False,9.75,26.665060642339995,-0.11604712275241313,-0.31338027246744227,1.435318086204571,0.6780250293745614,-0.08379013859837633,38.98914285050203,True,2026-10-09,False,False,NEITHER,False
HLEGLAS,0,,,,2,"Weinstein Stage 2 (30w/40w), Weekly RSI healthy",WEAK,False,False,423.7,32.851010338335996,0.013597882948943152,-0.15169131974252203,0.42616795088230003,0.6416619815119453,0.16727722211703933,55.884915106797365,True,2026-10-09,False,False,NEITHER,False
HMAAGRO,0,,,,2,"Weekly RSI healthy, Anti-extension (above, not over-stretched from 30w)",WEAK,False,False,23.28,32.39778188486038,0.062043791923927394,-0.23294893880088163,0.690295922782059,0.679906508726621,0.017289851776800026,50.13710675258521,True,2026-10-09,False,False,NEITHER,False
ICICIBANK,0,,,,2,"Weekly VCP contraction, Anti-extension (above, not over-stretched from 30w)",WEAK,False,False,1355.0,42.803871034725475,-0.024819137305946204,-0.010053431372898713,1.1206876837713342,0.923258988082846,0.015262241673485596,49.40368189755175,True,2026-10-09,False,False,NEITHER,False
IFCI,0,,,,2,"13-4 weekly momentum, Weekly volume confirm",WEAK,False,False,67.35,38.991412592869764,-0.13051896726008705,0.16502332468576242,1.268921597805733,0.6265116279069767,-0.055240717499389545,46.11423701206741,True,2026-10-09,False,False,NEITHER,False
IMAGICAA,0,,,,2,"Minervini weekly base, 13-4 weekly momentum",WEAK,False,False,46.86,29.27784134727166,0.006443269283945341,-0.1452024760878602,0.2961833422546965,0.7558064516129032,-0.00860366404303435,46.23876713359565,True,2026-10-09,False,False,NEITHER,False
INGERRAND,0,,,,2,"Minervini weekly base, 13-4 weekly momentum",WEAK,False,False,4026.5,32.090231335491694,-0.09149368231046928,0.028621708590828465,0.27985760988366365,0.8126135216952574,-0.06108804571057723,43.821927473467724,True,2026-10-09,False,False,NEITHER,False
ITC,0,,,,2,"Wyckoff weekly absorption, Weekly volume confirm",WEAK,False,False,266.0,42.18432672289033,-0.05590062111801242,-0.30741479500957836,2.990825687263527,0.6542526003609496,-0.05919473263169332,39.147567277052836,True,2026-10-09,False,False,NEITHER,False
JAGRAN,0,,,,2,"Weekly VCP contraction, Anti-extension (above, not over-stretched from 30w)",WEAK,False,False,61.49,37.48765333382642,-0.037865746411985035,-0.01788373872127258,0.576970203396563,0.8936138272331899,0.005265751891506245,49.02405339121534,True,2026-10-09,False,False,NEITHER,False
JAYNECOIND,0,,,,2,"Minervini weekly base, Weekly RSI healthy",WEAK,False,False,91.4,42.458563947046805,-0.0008745447529273642,0.296821731649483,0.5315686706222325,0.7811965811965812,-0.008016908303269472,51.886069103992135,True,2026-10-09,False,False,NEITHER,False
JINDALSTEL,0,,,,2,"13-4 weekly momentum, Weekly volume confirm",WEAK,False,False,1016.7,45.44425736978603,-0.03117995695170417,0.0032708425659324636,2.0901898259674416,0.779758558027656,-0.1097290440850084,39.105808818816556,True,2026-10-09,False,False,NEITHER,False
JINDRILL,0,,,,2,"Minervini weekly base, 13-4 weekly momentum",WEAK,False,False,572.35,30.952645656184778,-0.04937557054654362,-0.024214416417752793,0.09789539221667684,0.812535463036213,-0.015138685052218487,47.30581274037559,True,2026-10-09,False,False,NEITHER,False
KOTHARIPET,0,,,,2,"Minervini weekly base, 13-4 weekly momentum",WEAK,False,False,118.43,26.87503798460625,-0.09283801431205418,-0.1616117726065801,0.5361998730167568,0.7617546733782962,-0.07834159372642364,40.94335931906158,True,2026-10-09,False,False,NEITHER,False
KUANTUM,0,,,,2,"13-4 weekly momentum, Anti-extension (above, not over-stretched from 30w)",WEAK,False,False,75.92,27.93883430424834,0.0369057298108153,-0.2795772471487118,0.6169207475267409,0.6988485852503898,0.004996958843285011,46.99878957003833,True,2026-10-09,False,False,NEITHER,False
LINCOLN,0,,,,2,"Minervini weekly base, 13-4 weekly momentum",WEAK,False,False,558.3,32.676226018186725,-0.0903516598480073,0.058690704059469745,0.5276466017096061,0.727128038449713,-0.08819724708708168,40.83881939744553,True,2026-10-09,False,False,NEITHER,False
LTFOODS,0,,,,2,"13-4 weekly momentum, Anti-extension (above, not over-stretched from 30w)",WEAK,False,False,408.05,36.345684878454634,0.051193728710370534,0.02007106710437756,0.26442310651864986,0.8335428457631499,0.008022514791112115,49.568557893384096,True,2026-10-09,False,False,NEITHER,False
MAMATA,0,,,,2,"Minervini weekly base, 13-4 weekly momentum",WEAK,False,False,390.2,36.625029450530846,0.027901884733196436,-0.12466559179926051,0.7379471206803732,0.8430369762409009,-0.011359336962035628,45.99693379205915,True,2026-10-09,False,False,NEITHER,False
MASTEK,0,,,,2,"Minervini weekly base, Anti-extension (above, not over-stretched from 30w)",WEAK,False,False,1679.9,30.56850261032476,0.008366241530904928,-0.2113948202528535,0.5384998748888589,0.7179668671309308,0.02070070552658023,48.84338348309701,True,2026-10-09,False,False,NEITHER,False
MASTERTR,0,,,,2,"Weekly VCP contraction, Anti-extension (above, not over-stretched from 30w)",WEAK,False,False,82.52,14.116766648034979,-0.1146872566191608,-0.439135477051562,0.46447110613879095,0.5016413373860182,0.012304184413128036,46.39677426523704,True,2026-10-09,False,False,NEITHER,False
METROPOLIS,0,,,,2,"Minervini weekly base, 13-4 weekly momentum",WEAK,False,False,529.25,39.755180568025196,-0.068139821067429,0.06545092274354314,0.7768554710717605,0.8689762919425675,-0.006337375742018495,46.57907294817551,True,2026-10-09,False,False,NEITHER,False
NAHARSPING,0,,,,2,"Minervini weekly base, 13-4 weekly momentum",WEAK,False,False,253.3,38.16148122022746,-0.055315137783470525,0.23935765879274196,0.4890564584527994,0.728273551896627,-0.03659081763367714,46.119694567630674,True,2026-10-09,False,False,NEITHER,False
NATIONALUM,0,,,,2,"Minervini weekly base, 13-4 weekly momentum",WEAK,False,False,315.9,42.13452917095144,-0.1075020906176598,0.4584780974908296,0.9146120999670786,0.7124924701820683,-0.16093596963629367,38.803350734384615,True,2026-10-09,False,False,NEITHER,False
NOCIL,0,,,,2,"Minervini weekly base, 13-4 weekly momentum",WEAK,False,False,164.84,30.667379523349435,-0.05164444741748686,-0.08249968469551516,0.46880215485732135,0.7804924355202362,-0.026089554444641873,47.361311460261845,True,2026-10-09,False,False,NEITHER,False
PAKKA,0,,,,2,"13-4 weekly momentum, Weekly volume confirm",WEAK,False,False,70.84,18.200788591492383,-0.04925516079734382,-0.5177671685274634,1.55218637266216,0.4430269087180842,-0.13634331447878928,37.586932305503616,True,2026-10-09,False,False,NEITHER,False
POWERMECH,0,,,,2,"Minervini weekly base, Weekly trend structure",WEAK,False,False,2419.0,32.96263516848359,-0.08314615891064536,-0.09676320726044485,0.6129097564115621,0.804819297674378,-0.01701393379191875,47.83932920806462,True,2026-10-09,False,False,NEITHER,False
RATNAMANI,0,,,,2,"Minervini weekly base, 13-4 weekly momentum",WEAK,False,False,2523.6,34.871910100157656,-0.059035220002807476,0.08286512943103053,0.41676407245149655,0.7577790442576794,-0.0072378565685446705,48.95667330089694,True,2026-10-09,False,False,NEITHER,False
RHETAN,0,,,,2,"Wyckoff weekly absorption, Weekly volume confirm",WEAK,False,False,17.4,14.047076269682908,-0.34782609441632995,-0.2047531687661015,1.263962220637627,0.49899628715186506,-0.32301866077063063,39.62206005861182,True,2026-10-09,False,False,NEITHER,False
RICOAUTO,0,,,,2,"Minervini weekly base, 13-4 weekly momentum",WEAK,False,False,115.18,36.113813407457656,-0.12990214616337614,0.2852312903713259,0.4609005665938428,0.7321400737501916,-0.08772803987354535,42.83771713808989,True,2026-10-09,False,False,NEITHER,False
SARVESHWAR,0,,,,2,"13-4 weekly momentum, Anti-extension (above, not over-stretched from 30w)",WEAK,False,False,3.66,23.634520397655137,0.022346390502469227,-0.38898161271268605,1.065668610262131,0.5512048303605097,0.011701823548673477,48.72272840819436,True,2026-10-09,False,False,NEITHER,False
SCI,0,,,,2,"Minervini weekly base, Weekly volume confirm",WEAK,False,False,277.25,60.96418772231334,-0.02354085914682913,0.2839451247256226,3.332249751026467,0.7544221953722469,-0.03341562913137308,48.82862818539702,True,2026-10-09,False,False,NEITHER,False
SENCO,0,,,,2,"Weekly trend structure, Weekly volume confirm",WEAK,False,False,334.75,54.58632904082007,-0.07297533064234374,0.031982449759350384,6.167604926165759,0.7807488027796073,-0.013621301846554608,47.84967267649084,True,2026-10-09,False,False,NEITHER,False
SEPC,0,,,,2,"Wyckoff weekly absorption, Weekly volume confirm",WEAK,False,False,5.28,12.601740316722868,-0.19512194419885798,-0.5529212690602625,1.3799638328570383,0.4331419345162911,-0.1728891401335779,35.29359430777731,True,2026-10-09,False,False,NEITHER,False
SIEMENS,0,,,,2,"Minervini weekly base, 13-4 weekly momentum",WEAK,False,False,3595.0,43.191168564968066,0.03322342311392834,0.14782546335523983,0.7239111947739835,0.8663903418827859,-0.023667922265530952,45.75988541776729,True,2026-10-09,False,False,NEITHER,False
SIGMA,0,,,,2,"13-4 weekly momentum, Anti-extension (above, not over-stretched from 30w)",WEAK,False,False,44.17,33.703146972501415,0.16503415393534704,-0.15000169355121096,0.3136297648044564,0.6946719661884254,0.03529679166422152,49.54165833185275,True,2026-10-09,False,False,NEITHER,False
SUNCLAY,0,,,,2,"Wyckoff weekly absorption, Weekly volume confirm",WEAK,False,False,1224.4,44.616614984517945,-0.09034175334323913,-0.2186810776317626,7.099962640549866,0.7111449336218414,-0.07491601255232674,41.47176929256702,True,2026-10-09,False,False,NEITHER,False
SUPREMEINF,0,,,,2,"13-4 weekly momentum, Weekly volume confirm",WEAK,False,False,51.14,19.92778703658544,-0.3635345243164998,-0.5327119987284343,2.748223319982637,0.46121934764409067,-0.3481752138739622,28.585905082442707,True,2026-10-09,False,False,NEITHER,False
TATACOMM,0,,,,2,"Minervini weekly base, Weekly volume confirm",WEAK,False,False,1656.7,36.54310117225732,-0.10747761901724251,-0.10610367724459635,1.2547706793767401,0.7851658767772512,-0.03494119651759195,43.550380776777146,True,2026-10-09,False,False,NEITHER,False
TIIL,0,,,,2,"Minervini weekly base, 13-4 weekly momentum",WEAK,False,False,2631.1,40.19127728554504,0.061269785341970584,0.1100195543744995,0.6876547582091989,0.7379743539018023,-0.006381334248859055,46.00386993929267,True,2026-10-09,False,False,NEITHER,False
TITAGARH,0,,,,2,"Minervini weekly base, 13-4 weekly momentum",WEAK,False,False,777.2,31.481804130649607,-0.06899725560752146,-0.13555294824788444,0.5710920356042175,0.8013718271974685,-0.029035489831243582,43.793914891493536,True,2026-10-09,False,False,NEITHER,False
VRAJ,0,,,,2,"Minervini weekly base, 13-4 weekly momentum",WEAK,False,False,120.1,28.33289193770115,0.0264957264957264,-0.18548658877112467,0.22683990439132265,0.7711075441412519,-0.021325491727771297,45.434167439186076,True,2026-10-09,False,False,NEITHER,False
WIPRO,0,,,,2,"Wyckoff weekly absorption, Weekly volume confirm",WEAK,False,False,162.57,26.73632861980886,-0.06288231182354498,-0.3217862361822903,1.4738605914872442,0.6176190006920065,-0.11219951025689345,32.08338160151564,True,2026-10-09,False,False,NEITHER,False
A2ZINFRA,0,,,,1,13-4 weekly momentum,WEAK,False,False,14.0,27.947512171047112,0.03168756925910543,-0.24119244330212586,0.7191083330918444,0.7220216833773627,-0.08180664721136571,44.681873387448235,True,2026-10-09,False,False,NEITHER,False
ABLBL,0,,,,1,Weekly volume confirm,WEAK,False,False,72.46,26.039584295592665,-0.237626716417647,-0.4899540374846959,3.128094443122334,0.4830875461911585,-0.2250051951854636,21.72344420977167,True,2026-10-09,False,False,NEITHER,False
ABREL,0,,,,1,Weekly volume confirm,WEAK,False,False,1022.3,14.799996176158153,-0.292272214539504,-0.37084098056677406,1.4045256850325056,0.535048141561119,-0.22089657975126314,28.06157662841551,True,2026-10-09,False,False,NEITHER,False
ABSLAMC,0,,,,1,Minervini weekly base,WEAK,False,False,1004.05,42.49536919131678,-0.10238057717919835,0.25299542845539147,0.9049013100366128,0.8402403413482359,-0.02641041596664342,48.819954497595525,True,2026-10-09,False,False,NEITHER,False
ADANIENSOL,0,,,,1,Minervini weekly base,WEAK,False,False,1262.0,36.41471848642806,-0.2370012091898428,0.3630718078286119,0.6114659672574955,0.7054220234768027,-0.10937764850703939,41.20113521206331,True,2026-10-09,False,False,NEITHER,False
ADANIPOWER,0,,,,1,Minervini weekly base,WEAK,False,False,189.0,42.38072799646139,-0.13481344637061188,0.26252507583781415,1.1945768973469246,0.7435090569197859,-0.08905565623754634,41.739631114620664,True,2026-10-09,False,False,NEITHER,False
AFFLE,0,,,,1,13-4 weekly momentum,WEAK,False,False,1417.5,23.298877577992997,-0.04248853240796058,-0.27950595587587,0.3456128973762116,0.7109896347074739,-0.05415503592866235,40.69825193791965,True,2026-10-09,False,False,NEITHER,False
ALLTIME,0,,,,1,Weekly volume confirm,WEAK,False,False,179.55,18.378629311718417,-0.2406428322377916,-0.34146339989221186,1.432790763172819,0.5705433525114696,-0.18841954640466166,36.962335323802705,True,2026-10-09,False,False,NEITHER,False
AMBIKCO,0,,,,1,Minervini weekly base,WEAK,False,False,1472.8,32.185082505985726,-0.1360556857440045,0.0673728947009895,0.3070327563919377,0.78054755060612,-0.04797642040824081,44.1806909305284,True,2026-10-09,False,False,NEITHER,False
AMBUJACEM,0,,,,1,Weekly volume confirm,WEAK,False,False,351.5,18.229789159726625,-0.19463858364319386,-0.37946442136513225,1.2448274584809644,0.5999828267831921,-0.16367623522677616,23.09396459432749,True,2026-10-09,False,False,NEITHER,False
ANNAPURNA,0,,,,1,13-4 weekly momentum,WEAK,False,False,125.14,10.683559490717414,-0.051969696969697,-0.5098315765604203,0.6882560689131898,0.4360278745644599,-0.14299606401147447,34.19325275051888,True,2026-10-09,False,False,NEITHER,False
ASALCBR,0,,,,1,Weekly volume confirm,WEAK,False,False,570.3,12.148068491827402,-0.309163951763445,-0.4371469471419763,1.5119896533433534,0.44788029387426426,-0.2638693245796977,24.157215072824854,True,2026-10-09,False,False,NEITHER,False
ASHOKLEY,0,,,,1,13-4 weekly momentum,WEAK,False,False,145.06,33.54452972993318,-0.07892567819932927,0.07986305558698215,0.7920937595992826,0.6848694386214826,-0.09864033588447234,39.32960798980959,True,2026-10-09,False,False,NEITHER,False
ASIANTILES,0,,,,1,13-4 weekly momentum,WEAK,False,False,45.59,15.486059657240832,-0.06654381946015775,-0.21612792091455657,0.0859932695027979,0.5766506628869028,-0.19118386708669635,35.645559462948,True,2026-10-09,False,False,NEITHER,False
ASTERDM,0,,,,1,Minervini weekly base,WEAK,False,False,699.85,32.23603569602007,-0.13481273472955368,0.025330743346168028,0.509452050529652,0.7852014019802289,-0.069177289110405,43.070481637219714,True,2026-10-09,False,False,NEITHER,False
ASTRAL,0,,,,1,13-4 weekly momentum,WEAK,False,False,1409.8,36.5141748483325,0.058642417335910135,-0.009621533003106642,0.5064466062528566,0.7983362957808152,-0.05884347760453628,45.06497368676517,True,2026-10-09,False,False,NEITHER,False
ATUL,0,,,,1,13-4 weekly momentum,WEAK,False,False,5882.5,35.01790464189097,-0.05203553293021723,-0.01997572586496943,0.6939786963344218,0.8233295768369849,-0.09209820618978355,35.65866675448659,True,2026-10-09,False,False,NEITHER,False
AUBANK,0,,,,1,Minervini weekly base,WEAK,False,False,982.0,45.66998509781717,-0.08315111187193436,0.28785277079339755,1.117356648528157,0.858316599034171,-0.032802563991572074,44.27058197759322,True,2026-10-09,False,False,NEITHER,False
AWFIS,0,,,,1,Weekly volume confirm,WEAK,False,False,247.03,10.371471584488397,-0.18525728873875247,-0.583598820058997,1.2960595895614266,0.3863465601622004,-0.16026745355517616,37.20310645602081,True,2026-10-09,False,False,NEITHER,False
AXITA,0,,,,1,13-4 weekly momentum,WEAK,False,False,7.38,30.73848248266204,-0.00848927143382927,-0.028649521874334005,0.6860016213923494,0.6087225557597252,-0.06253646296496529,40.28456153699844,True,2026-10-09,False,False,NEITHER,False
BAJAJ-AUTO,0,,,,1,13-4 weekly momentum,WEAK,False,False,9778.0,39.158967883491854,-0.03721937770775896,0.10832263218478211,0.8630420661658449,0.7841218925421011,-0.06295763380351428,38.88876401558816,True,2026-10-09,False,False,NEITHER,False
BAJAJELEC,0,,,,1,13-4 weekly momentum,WEAK,False,False,298.0,10.54802662736088,-0.09185901884439707,-0.4463533597265531,0.27005672312456686,0.5360290048532356,-0.12704840334154496,32.92022462989665,True,2026-10-09,False,False,NEITHER,False
BALMLAWRIE,0,,,,1,Weekly volume confirm,WEAK,False,False,156.98,33.59859354828314,-0.10282451733778264,-0.19950141738988625,1.4462680139418913,0.7790475561311377,-0.08332474884486439,35.14117774655294,True,2026-10-09,False,False,NEITHER,False
BANARISUG,0,,,,1,13-4 weekly momentum,WEAK,False,False,3301.4,30.06121475151828,-0.053003024990221914,-0.046243014616266565,0.3142997982391783,0.7638410491169713,-0.0717795777718755,40.57735735199808,True,2026-10-09,False,False,NEITHER,False
BASF,0,,,,1,13-4 weekly momentum,WEAK,False,False,3347.4,22.745954869688674,-0.04906541955606014,-0.26605206311793084,0.33431663473526146,0.7140573343935617,-0.0732798094872142,38.513861063007504,True,2026-10-09,False,False,NEITHER,False
BCG,0,,,,1,13-4 weekly momentum,WEAK,False,False,9.05,20.345116272785596,-0.049369793609661095,-0.3728343860981119,0.8014206236727952,0.5989411122190677,-0.06575823403194461,43.794506329587,True,2026-10-09,False,False,NEITHER,False
BEL,0,,,,1,Weekly volume confirm,WEAK,False,False,368.15,33.32104440178729,-0.11136610875455688,-0.1046694193592056,1.2547262189874806,0.7786456089926113,-0.10799143363605933,34.80649039868773,True,2026-10-09,False,False,NEITHER,False
BESTAGRO,0,,,,1,13-4 weekly momentum,WEAK,False,False,16.78,22.00529662744352,0.08845146481987554,-0.26477350228635477,0.22446705317087387,0.49043594619849273,-0.013150815223723564,45.31523835707063,True,2026-10-09,False,False,NEITHER,False
BFINVEST,0,,,,1,Minervini weekly base,WEAK,False,False,427.1,25.99810521871384,-0.12344792201128785,-0.09283052730862684,0.06568836032490798,0.7304600497404675,-0.002797046556491278,46.68088521866702,True,2026-10-09,False,False,NEITHER,False
BHARATFORG,0,,,,1,Minervini weekly base,WEAK,False,False,1816.9,43.14275006104248,-0.14175720358998578,0.49548875980406804,0.7069291070190714,0.791677559912854,-0.07614019590165139,42.002755847312386,True,2026-10-09,False,False,NEITHER,False
BHARATWIRE,0,,,,1,Weekly volume confirm,WEAK,False,False,167.78,33.128769439786566,-0.22453318761927976,-0.01589539213941027,1.4298703426876482,0.640381679389313,-0.14375388487827986,39.90470468882609,True,2026-10-09,False,False,NEITHER,False
BIKAJI,0,,,,1,Weekly volume confirm,WEAK,False,False,472.05,19.39811483992298,-0.26476981334974004,-0.3513802046380189,1.5963183918340735,0.6154502804674672,-0.24280566927910535,24.734947965747992,True,2026-10-09,False,False,NEITHER,False
BLSE,0,,,,1,13-4 weekly momentum,WEAK,False,False,149.35,10.454127313755302,-0.43177916637736435,-0.18343885661769987,1.186469524881802,0.4395232647594886,-0.38636130462269525,28.42018466965125,True,2026-10-09,False,False,NEITHER,False
BORANA,0,,,,1,13-4 weekly momentum,WEAK,False,False,258.2,28.635485251107948,-0.14897822941916727,0.128644469020897,0.5832069990107531,0.6147619047619047,-0.18686129400727783,34.374967140383504,True,2026-10-09,False,False,NEITHER,False
BRIGADE,0,,,,1,13-4 weekly momentum,WEAK,False,False,548.8,24.16395507146964,-0.04159703357374944,-0.22106354877447232,0.3414366553430102,0.6866455445198163,-0.020182895547678128,44.77829072006024,True,2026-10-09,False,False,NEITHER,False
CARYSIL,0,,,,1,Minervini weekly base,WEAK,False,False,1021.3,37.158198849695324,-0.12714701860843702,0.10048233714774724,0.6761750024431196,0.7993940252568563,-0.028371389775219105,44.21845486901236,True,2026-10-09,False,False,NEITHER,False
CCL,0,,,,1,Minervini weekly base,WEAK,False,False,1051.5,40.46275864638177,-0.13144194812824017,0.27436575660421947,0.6681078586978725,0.8488404343264919,-0.050552358689596316,44.18610223270821,True,2026-10-09,False,False,NEITHER,False
CELLO,0,,,,1,Weekly volume confirm,WEAK,False,False,364.95,39.42920843515711,-0.005653631976117124,-0.38915884642495946,7.7110342321221,0.5440275923039563,-0.02784522355813616,46.748961838473036,True,2026-10-09,False,False,NEITHER,False
CENTEXT,0,,,,1,13-4 weekly momentum,WEAK,False,False,17.87,13.04150699435741,-0.05399679315010397,-0.4736377143323285,0.5438315607108977,0.5142446043165468,-0.10452996512622333,40.55851540889947,True,2026-10-09,False,False,NEITHER,False
CGPOWER,0,,,,1,Minervini weekly base,WEAK,False,False,855.55,40.639674282943034,-0.06660481912724392,0.13809167880348028,0.6341067195628773,0.8722091739278527,-0.001612340285318454,49.98979243779321,True,2026-10-09,False,False,NEITHER,False
CHOICEIN,0,,,,1,Minervini weekly base,WEAK,False,False,713.1,30.649087748349018,-0.14598802395209576,-0.10403319747982098,0.6565036216038619,0.8287042417199303,-0.025122692129472306,42.88110940040462,True,2026-10-09,False,False,NEITHER,False
CHOLAFIN,0,,,,1,13-4 weekly momentum,WEAK,False,False,1587.6,35.93014415320614,-0.12146063101590121,-0.015356586719901255,1.0712476942939049,0.8131113956466068,-0.049972871132094275,40.470177820415024,True,2026-10-09,False,False,NEITHER,False
COALINDIA,0,,,,1,13-4 weekly momentum,WEAK,False,False,411.55,41.75516857913237,-0.01624401304635592,0.14305219856876805,0.7614599005529668,0.8596976023542806,-0.03848127584177701,47.49416322103138,True,2026-10-09,False,False,NEITHER,False
COLPAL,0,,,,1,Weekly volume confirm,WEAK,False,False,1817.8,44.44607655382755,-0.11430516152132308,-0.16548996822775242,2.5340362258116547,0.7979404861791396,-0.08007271908844717,41.05918339501713,True,2026-10-09,False,False,NEITHER,False
CONCOR,0,,,,1,13-4 weekly momentum,WEAK,False,False,442.0,28.912584129192062,-0.04208806718598501,-0.1697929953209968,0.5216984298837029,0.8069550998205056,-0.08526381454465969,38.96195629044266,True,2026-10-09,False,False,NEITHER,False
COROMANDEL,0,,,,1,Weekly volume confirm,WEAK,False,False,1703.4,26.61679119868424,-0.17542394224361224,-0.22910174910185954,1.5229209566576525,0.684985819155507,-0.12689293932805193,33.97424949634312,True,2026-10-09,False,False,NEITHER,False
CSLFINANCE,0,,,,1,13-4 weekly momentum,WEAK,False,False,203.28,21.570347978408034,-0.055708224249978455,-0.2567777317585227,0.4000865653465127,0.6531520897351841,-0.0691794475743755,39.74076648527706,True,2026-10-09,False,False,NEITHER,False
DCMSHRIRAM,0,,,,1,Weekly volume confirm,WEAK,False,False,955.55,39.92811782280883,-0.09073504902541574,-0.1941800435282014,2.49348669138404,0.6849182810235214,-0.09761129042396174,40.247582851092616,True,2026-10-09,False,False,NEITHER,False
DEEPAKNTR,0,,,,1,Minervini weekly base,WEAK,False,False,1621.9,39.33981241020785,-0.008936855308682046,-0.08941609186075372,0.9174116733217628,0.858479243234671,-0.006622466646713028,48.544498922845314,True,2026-10-09,False,False,NEITHER,False
DHANUKA,0,,,,1,Weekly volume confirm,WEAK,False,False,860.0,20.67166366788281,-0.1761581300406102,-0.4171303827754165,1.6571699386963252,0.5624754910663874,-0.1596748360804908,27.214085876070286,True,2026-10-09,False,False,NEITHER,False
DMART,0,,,,1,Weekly volume confirm,WEAK,False,False,3516.8,34.040226795882866,-0.13827156505676585,-0.18600127777704312,1.8185130188018184,0.7572782084409991,-0.1336664991962004,36.033993825249524,True,2026-10-09,False,False,NEITHER,False
DREDGECORP,0,,,,1,Weekly volume confirm,WEAK,False,False,884.95,43.23618532014882,-0.15622620251705988,0.4356748295738888,1.2078100314729776,0.6881415241057544,-0.12757798475379795,40.541127914276764,True,2026-10-09,False,False,NEITHER,False
DSSL,0,,,,1,Weekly volume confirm,WEAK,False,False,1015.45,45.158891753264875,-0.23334633428468832,0.06812401695913417,3.2786411014287915,0.5277913151642782,-0.14043029816033456,42.60463788998957,True,2026-10-09,False,False,NEITHER,False
ECOSMOBLTY,0,,,,1,Weekly volume confirm,WEAK,False,False,104.66,12.138301901544143,-0.17413904991282947,-0.5309594068108218,1.2596732085568443,0.4108186242916276,-0.1492584032639316,34.44061983572462,True,2026-10-09,False,False,NEITHER,False
EICHERMOT,0,,,,1,13-4 weekly momentum,WEAK,False,False,7050.0,38.559355473035936,-0.03281155192133445,0.022803537478923497,0.7924159797607027,0.863441518677281,-0.03750320395627354,42.85648086964269,True,2026-10-09,False,False,NEITHER,False
ENDURANCE,0,,,,1,13-4 weekly momentum,WEAK,False,False,2407.5,28.46993252211132,-0.1001289425343368,-0.16317726042283942,0.6067626663975965,0.78369140625,-0.074522042658005,39.685135516424154,True,2026-10-09,False,False,NEITHER,False
ENRIN,0,,,,1,Minervini weekly base,WEAK,False,False,3101.0,35.500721029363234,-0.1207575814841596,-0.04002261314033562,0.935126655198559,0.7815020161290323,-0.05625158742487782,46.31872246646121,True,2026-10-09,False,False,NEITHER,False
EPIGRAL,0,,,,1,13-4 weekly momentum,WEAK,False,False,996.4,17.77881949030126,0.019230794684496955,-0.41680165297345817,0.5099965383512721,0.5686822256794404,-0.0957717628666041,40.81591868233877,True,2026-10-09,False,False,NEITHER,False
EQUITASBNK,0,,,,1,Minervini weekly base,WEAK,False,False,66.02,33.48792830145902,-0.19722760560667751,0.17556980376384823,0.3925173993266884,0.7868891394434142,-0.06409480345408962,42.00017785699944,True,2026-10-09,False,False,NEITHER,False
ERIS,0,,,,1,Weekly volume confirm,WEAK,False,False,1170.7,28.433678124702567,-0.18201506432317582,-0.26254244829117224,1.8588484569922377,0.676426567077878,-0.13602662572980884,30.794369505236062,True,2026-10-09,False,False,NEITHER,False
ESABINDIA,0,,,,1,13-4 weekly momentum,WEAK,False,False,5394.5,35.394180137281325,-0.056771290984327316,0.11224878113015913,0.5128229745809804,0.7402015955639376,-0.07931302297689281,40.948304951089334,True,2026-10-09,False,False,NEITHER,False
EVEREADY,0,,,,1,13-4 weekly momentum,WEAK,False,False,321.15,31.608778453035946,-0.10471011712379297,-0.15011571038991678,0.7608090027337421,0.8208717228380601,-0.026732773361192137,45.91337964638178,True,2026-10-09,False,False,NEITHER,False
EXCELINDUS,0,,,,1,13-4 weekly momentum,WEAK,False,False,923.6,30.428565311344478,0.027273907260742858,-0.18457342268454546,0.3301794868251972,0.8021619326502202,-0.0172698204789916,45.47313589580988,True,2026-10-09,False,False,NEITHER,False
FAZE3Q,0,,,,1,Weekly volume confirm,WEAK,False,False,408.3,22.443584428660806,-0.30696769399937884,-0.14875428917837696,1.2513577224125132,0.6281055421387647,-0.17771251052737874,36.3470466207962,True,2026-10-09,False,False,NEITHER,False
FORTIS,0,,,,1,Weekly volume confirm,WEAK,False,False,786.25,27.51987229478816,-0.1868965950373369,-0.2576779408658034,1.504916582958262,0.7127447529397615,-0.13516273264305576,30.05736070827851,True,2026-10-09,False,False,NEITHER,False
GANECOS,0,,,,1,Minervini weekly base,WEAK,False,False,966.1,23.657710572786122,-0.12562021892939368,-0.21255393966239966,0.3756166568844342,0.7645306606798861,-0.044437501611184586,45.7204247142878,True,2026-10-09,False,False,NEITHER,False
GANESHHOU,0,,,,1,Minervini weekly base,WEAK,False,False,699.5,25.442062309078725,-0.19433448951214127,-0.156618212562587,0.3253739245430604,0.7789353201738882,-0.03346467330577491,42.83236577015532,True,2026-10-09,False,False,NEITHER,False
GARUDA,0,,,,1,13-4 weekly momentum,WEAK,False,False,163.63,23.335541058775906,-0.07647586203808099,-0.179182367744536,0.30579517066050405,0.6563577938104892,-0.055622991753785794,42.38422466717434,True,2026-10-09,False,False,NEITHER,False
GENCON,0,,,,1,Weekly volume confirm,WEAK,False,False,35.8,26.147905927981938,-0.13962990927969798,-0.2665437616727897,1.6445699785620271,0.5970647189231,-0.12604768654920503,38.76156318072328,True,2026-10-09,False,False,NEITHER,False
GILLETTE,0,,,,1,Weekly volume confirm,WEAK,False,False,7100.5,31.33439933811249,-0.08760050899733285,-0.2341331126677454,1.2610847220878227,0.7560398321349264,-0.06437367398922333,37.31416894854172,True,2026-10-09,False,False,NEITHER,False
GMBREW,0,,,,1,Weekly volume confirm,WEAK,False,False,885.75,50.96156979045454,-0.05756235249376851,1.371285650586529e-05,6.307506760970591,0.6731353568738936,-0.05179177996361971,44.13588376613948,True,2026-10-09,False,False,NEITHER,False
GOKUL,0,,,,1,13-4 weekly momentum,WEAK,False,False,38.05,33.74908283717386,-0.08796742841133776,-0.1042843594626629,0.9915027819168074,0.8130342012883732,-0.059177441055913826,41.650743033567316,True,2026-10-09,False,False,NEITHER,False
GOLDIAM,0,,,,1,Minervini weekly base,WEAK,False,False,305.9,32.021091836332296,-0.19074074074074077,0.10164656836793773,0.3104494939240302,0.7682069076405682,-0.041326285134065936,44.41941165390261,True,2026-10-09,False,False,NEITHER,False
GPTHEALTH,0,,,,1,13-4 weekly momentum,WEAK,False,False,139.62,30.989980520755818,-0.10894956554391433,-0.047755711247200794,0.5336807616300356,0.7978285714285714,-0.048643103787327696,42.68768634177293,True,2026-10-09,False,False,NEITHER,False
GRASIM,0,,,,1,13-4 weekly momentum,WEAK,False,False,2890.0,33.678991610837514,-0.0978955387078887,0.03130666497997625,0.3833461185873238,0.8472340058228442,-0.04716277201044826,39.95020074430895,True,2026-10-09,False,False,NEITHER,False
GRAVITA,0,,,,1,Weekly volume confirm,WEAK,False,False,1466.4,32.73355810225512,-0.20931736260984823,-0.10716026655981792,1.50951254185948,0.7663043576027396,-0.10395593519436121,40.44953250295226,True,2026-10-09,False,False,NEITHER,False
GSFC,0,,,,1,13-4 weekly momentum,WEAK,False,False,147.28,29.363408664961092,-0.05519351754047741,-0.2161526949754925,0.8480846087529696,0.7605911852775411,-0.058520885562060684,39.60519844956723,True,2026-10-09,False,False,NEITHER,False
GUJENERGY,0,,,,1,Weekly volume confirm,WEAK,False,False,223.7,14.591084624553094,-0.19987407914370325,-0.4604992460077122,1.2656742695673895,0.5223583009474871,-0.26404654442448505,29.19700545763679,True,2026-10-09,False,False,NEITHER,False
GULPOLY,0,,,,1,Minervini weekly base,WEAK,False,False,160.21,28.819553316240487,-0.15045608746525096,0.11071280008725326,0.1508018109433896,0.7093279088650181,-0.11542710987420272,40.45933410139103,True,2026-10-09,False,False,NEITHER,False
GVT&D,0,,,,1,Minervini weekly base,WEAK,False,False,4194.4,41.04666721077834,-0.1009853113290553,0.3958245658934094,0.6394491767014161,0.744209174830042,-0.05285994363021625,48.411248407462935,True,2026-10-09,False,False,NEITHER,False
HCG,0,,,,1,13-4 weekly momentum,WEAK,False,False,589.2,31.063312410600552,-0.11584637092704364,-0.14639623324882278,1.0414416856286726,0.7322438105051313,-0.0728900591113884,37.51039428058515,True,2026-10-09,False,False,NEITHER,False
HCLTECH,0,,,,1,13-4 weekly momentum,WEAK,False,False,1216.7,34.26237738852342,0.05585574133372995,-0.14958138206246852,0.9209939478013575,0.7036981017968854,-0.017662365837513277,44.265502448195264,True,2026-10-09,False,False,NEITHER,False
HDFCAMC,0,,,,1,Weekly volume confirm,WEAK,False,False,2262.5,29.800309779640614,-0.1806098652726047,-0.16232403376700455,1.2065929618252382,0.779167783031342,-0.11111246674644903,38.25615599255713,True,2026-10-09,False,False,NEITHER,False
HEROMOTOCO,0,,,,1,13-4 weekly momentum,WEAK,False,False,4895.5,35.606231248182155,0.003719755711080408,-0.07921212907141162,0.8576252882103956,0.7927265430424337,-0.04623343703143387,42.24185729278649,True,2026-10-09,False,False,NEITHER,False
HINDALCO,0,,,,1,13-4 weekly momentum,WEAK,False,False,900.35,39.42847197564282,-0.06935760128211366,0.16938674978734936,0.8866970579867879,0.7695976769545997,-0.09533084603888595,39.04608837396771,True,2026-10-09,False,False,NEITHER,False
HINDCOPPER,0,,,,1,13-4 weekly momentum,WEAK,False,False,468.85,36.72588694664816,-0.05619400610750591,0.36811323281745567,0.4157314047520177,0.6202004984121248,-0.08989791043400931,42.886714994705976,True,2026-10-09,False,False,NEITHER,False
HINDZINC,0,,,,1,13-4 weekly momentum,WEAK,False,False,543.5,37.14189212321346,0.01219850571572989,0.11063668600440257,0.4421765504265196,0.7550208058725741,-0.045080973793057186,45.68264399382348,True,2026-10-09,False,False,NEITHER,False
HITECH,0,,,,1,Weekly volume confirm,WEAK,False,False,70.94,28.538235560622624,-0.18394110490097104,-0.4016027146871666,2.5743074532920844,0.5730209874901351,-0.14504368963965195,31.698868702883658,True,2026-10-09,False,False,NEITHER,False
HTMEDIA,0,,,,1,Minervini weekly base,WEAK,False,False,22.26,21.644232213442205,-0.12396693688815275,-0.19435393861291772,0.20684499261030828,0.7111821259613068,-0.05396025275171346,42.96911037234352,True,2026-10-09,False,False,NEITHER,False
HUDCO,0,,,,1,Weekly volume confirm,WEAK,False,False,159.75,27.016134083293228,-0.21700353850235032,-0.2922626036648651,1.839165719260646,0.6677989964286993,-0.16470000435147827,30.44603673757328,True,2026-10-09,False,False,NEITHER,False
HYUNDAI,0,,,,1,13-4 weekly momentum,WEAK,False,False,1940.0,30.42954395674235,-0.013287067919461992,-0.1857115027944336,0.533371616171121,0.7682002204059045,-0.019745321917172192,41.47826200110666,True,2026-10-09,False,False,NEITHER,False
ICICIGI,0,,,,1,Weekly RSI healthy,WEAK,False,False,1690.2,36.18140993250736,-0.07447155558437268,-0.0862518239665927,0.8691159479672909,0.8216464026094613,-0.004924402038127324,51.42105724848776,True,2026-10-09,False,False,NEITHER,False
IGARASHI,0,,,,1,Minervini weekly base,WEAK,False,False,396.1,21.70564372548285,-0.1641898828723899,-0.26494488249622117,0.16815889394786607,0.7119364645658746,-0.02331905056635757,43.96179970466096,True,2026-10-09,False,False,NEITHER,False
IGCL,0,,,,1,Weekly volume confirm,WEAK,False,False,55.09,20.069896192159327,-0.23411650540426931,-0.49365810243780184,2.1607508144428995,0.4945242302101967,-0.15148683868647447,35.5594198267422,True,2026-10-09,False,False,NEITHER,False
IITL,0,,,,1,13-4 weekly momentum,WEAK,False,False,125.67,20.477065907708017,-0.014352941176470568,-0.36718866852598664,0.898300190163223,0.5845116279069767,-0.12351792352612279,38.756059187803714,True,2026-10-09,False,False,NEITHER,False
INDIACEM,0,,,,1,Weekly volume confirm,WEAK,False,False,297.45,23.222014966649855,-0.21826544021024974,-0.23925831202046044,1.556951225358424,0.6122890232075571,-0.20816898569453135,26.651943677029692,True,2026-10-09,False,False,NEITHER,False
INDIAGLYCO,0,,,,1,Weekly volume confirm,WEAK,False,False,329.6,14.3956387877428,-0.691313509716694,-0.6452590563721827,7.135135570164538,0.27038556193601315,-0.6262996197197477,29.015134328298842,True,2026-10-09,False,False,NEITHER,False
INDIANHUME,0,,,,1,13-4 weekly momentum,WEAK,False,False,342.2,31.706109061553484,-0.05603941645755639,-0.03527569409080633,0.24916608700267998,0.8020387123704813,-0.0035119204569698057,44.84191348254011,True,2026-10-09,False,False,NEITHER,False
INDOSTAR,0,,,,1,Weekly volume confirm,WEAK,False,False,188.95,23.374234644973082,-0.29901684823994346,-0.2211459388035777,1.7446197872853455,0.6470890410958904,-0.1811815468648611,34.844003904079656,True,2026-10-09,False,False,NEITHER,False
INFOBEAN,0,,,,1,Weekly volume confirm,WEAK,False,False,156.19,46.77002708109332,-0.037749303392832445,0.2546719353713405,1.8543038641014953,0.6101603376583641,-0.022840530049603947,48.35549905351696,True,2026-10-09,False,False,NEITHER,False
INOXGREEN,0,,,,1,Weekly volume confirm,WEAK,False,False,128.92,23.9193786990477,-0.32735052939223597,-0.4500234717549346,21.54156698100836,0.46207885304659496,-0.26218437498656555,31.148713527965626,True,2026-10-09,False,False,NEITHER,False
INOXWIND,0,,,,1,Weekly volume confirm,WEAK,False,False,66.65,12.743381338011728,-0.1931969554827926,-0.5559035235418772,1.4764611764374558,0.41839296122514763,-0.20236636788172907,27.8029561423768,True,2026-10-09,False,False,NEITHER,False
INTELLECT,0,,,,1,Weekly volume confirm,WEAK,False,False,584.1,14.339631596589069,-0.2227658535586996,-0.41504105576902406,1.2392145385615665,0.4738280402711361,-0.1619604016204923,28.282323129551557,True,2026-10-09,False,False,NEITHER,False
IONEXCHANG,0,,,,1,Minervini weekly base,WEAK,False,False,390.75,28.46789086920888,-0.16278153744432156,-0.018845398734362973,0.2580926531466421,0.806727179139854,-0.0031027532376416444,48.28382488396138,True,2026-10-09,False,False,NEITHER,False
IRCTC,0,,,,1,Weekly volume confirm,WEAK,False,False,458.8,24.478958374274086,-0.08735642775966623,-0.35005466230936066,1.275856620432362,0.63223356322417,-0.09582522285191356,34.391246126275774,True,2026-10-09,False,False,NEITHER,False
IRMENERGY,0,,,,1,13-4 weekly momentum,WEAK,False,False,255.8,28.962587457377374,-0.02401676323582802,-0.2520820884102475,0.5801905886307854,0.6821527360164815,-0.025706944057317577,45.34517469619087,True,2026-10-09,False,False,NEITHER,False
IXIGO,0,,,,1,Weekly volume confirm,WEAK,False,False,150.75,11.326160058531642,-0.27237182484164535,-0.5263901797632111,1.3056057619143295,0.44449359490778007,-0.13833836741172595,39.27580670450417,True,2026-10-09,False,False,NEITHER,False
IZMO,0,,,,1,Minervini weekly base,WEAK,False,False,858.25,30.65882478354311,-0.1501634030576926,-0.17340849500232436,0.8963527359190887,0.7301769458681423,-0.0063369108713993705,47.800793845615836,True,2026-10-09,False,False,NEITHER,False
JAICORPLTD,0,,,,1,Weekly volume confirm,WEAK,False,False,86.03,20.597143149940653,-0.2224400288651135,-0.4670446077239113,2.1039690725947464,0.49877740041381213,-0.18306007337567565,30.035348999878423,True,2026-10-09,False,False,NEITHER,False
JAYSREETEA,0,,,,1,13-4 weekly momentum,WEAK,False,False,81.95,27.329045206015284,-0.017150363402768654,-0.14989627901613412,0.28789846340604347,0.727151749947569,-0.06230691319671322,42.26871365982103,True,2026-10-09,False,False,NEITHER,False
JETFREIGHT,0,,,,1,Minervini weekly base,WEAK,False,False,19.63,43.325513780160406,-0.046161318135465756,0.5228859175452762,0.44519485437212253,0.7564546983765266,-0.0614242019777791,45.5601612572923,True,2026-10-09,False,False,NEITHER,False
JISLJALEQS,0,,,,1,Weekly volume confirm,WEAK,False,False,27.02,22.469134538696927,-0.15641582798108544,-0.46957203124397406,2.149087974162263,0.4843161777486162,-0.12154839988128203,38.5180292428666,True,2026-10-09,False,False,NEITHER,False
JKIL,0,,,,1,Weekly volume confirm,WEAK,False,False,431.45,25.54780323448004,-0.13100162996890652,-0.31576117257870673,1.3930371274945081,0.647481409726588,-0.10916279949333837,33.7156189533591,True,2026-10-09,False,False,NEITHER,False
JKPAPER,0,,,,1,13-4 weekly momentum,WEAK,False,False,365.5,33.07820391903448,0.01076286083425404,-0.12189076247602859,0.4687014079620115,0.8269230769230769,-0.013578872233209277,46.14781148582249,True,2026-10-09,False,False,NEITHER,False
JSL,0,,,,1,13-4 weekly momentum,WEAK,False,False,709.05,34.22365918405865,-0.006109244458840424,-0.07738508944192135,0.676357753719133,0.8064531379508878,-0.024462723530753423,45.12834397267312,True,2026-10-09,False,False,NEITHER,False
JSLL,0,,,,1,Weekly volume confirm,WEAK,False,False,385.15,22.87803434899989,-0.34472860582684295,-0.49182512425336644,5.081604074749039,0.4653603729781841,-0.3309940245985204,28.078809538090567,True,2026-10-09,False,False,NEITHER,False
JSWCEMENT,0,,,,1,Weekly volume confirm,WEAK,False,False,112.43,30.87924980495572,-0.1865866082544947,-0.19784525326532776,1.4735162075868644,0.7840307167736662,-0.10439632570018895,36.373992145174576,True,2026-10-09,False,False,NEITHER,False
JSWDULUX,0,,,,1,13-4 weekly momentum,WEAK,False,False,3005.1,39.25812729284711,0.024407704107721084,-0.08759218763168941,1.0558888670742572,0.8149299887576072,-0.008360784551273285,46.60893101296826,True,2026-10-09,False,False,NEITHER,False
JSWSTEEL,0,,,,1,13-4 weekly momentum,WEAK,False,False,1168.0,40.191128875849444,-0.06214872562771767,0.005916117166748114,1.155734852275659,0.8645447816432272,-0.06532178110126129,38.74124677928219,True,2026-10-09,False,False,NEITHER,False
JUBLCPL,0,,,,1,13-4 weekly momentum,WEAK,False,False,1906.8,26.51581151505148,-0.08756820966232826,-0.17307772203732652,0.4780970772755926,0.6926010433195958,-0.011860302851395787,46.63941532794651,True,2026-10-09,False,False,NEITHER,False
JUBLFOOD,0,,,,1,13-4 weekly momentum,WEAK,False,False,422.75,26.342866179019254,-0.03218289877761382,-0.29611107531652636,0.9565730971634921,0.6676413989897901,-0.06922541379967244,39.384308078157915,True,2026-10-09,False,False,NEITHER,False
JUBLPHARMA,0,,,,1,13-4 weekly momentum,WEAK,False,False,931.9,32.32547490777348,-0.02849566272527071,-0.16676346488883342,0.7333914508318022,0.7906182137367574,-0.016196585018837487,46.43209611821487,True,2026-10-09,False,False,NEITHER,False
KANSAINER,0,,,,1,Weekly volume confirm,WEAK,False,False,181.29,34.88394359375883,-0.10535925510242117,-0.2587913210927546,1.9954746021255014,0.6948831223772639,-0.08235608763395591,39.02374919982214,True,2026-10-09,False,False,NEITHER,False
KAYNES,0,,,,1,13-4 weekly momentum,WEAK,False,False,3264.0,11.674035555041604,-0.02161209062848668,-0.5404111517882286,0.6571432594690422,0.4236210253082414,-0.0887865477738985,41.54358065932487,True,2026-10-09,False,False,NEITHER,False
KEC,0,,,,1,Weekly volume confirm,WEAK,False,False,369.85,23.283144695278814,-0.25887320426079063,-0.5617733807746825,4.100624234359021,0.41898979133460434,-0.23840496361257377,23.489946973141556,True,2026-10-09,False,False,NEITHER,False
KFINTECH,0,,,,1,13-4 weekly momentum,WEAK,False,False,842.35,26.692879626308667,-0.05254065008557374,-0.2039574802971571,0.5933454141215655,0.7026794578712439,-0.05519796040043594,41.95311427188672,True,2026-10-09,False,False,NEITHER,False
KHAICHEM,0,,,,1,13-4 weekly momentum,WEAK,False,False,48.13,8.828550505010366,-0.06598690618835756,-0.6104754512291874,0.7852587785997459,0.36250110049065243,-0.09328197638553676,36.86766431828096,True,2026-10-09,False,False,NEITHER,False
KIMS,0,,,,1,Weekly volume confirm,WEAK,False,False,705.5,38.59713424407741,-0.13424962711557697,0.006994040229539644,1.2288691274163994,0.8222610722610723,-0.061729049790024575,41.119126786416686,True,2026-10-09,False,False,NEITHER,False
KIRLOSBROS,0,,,,1,Minervini weekly base,WEAK,False,False,1690.1,28.929382775731085,-0.11662188194839718,-0.12824231128853014,0.47671161277256685,0.7749533001413368,-0.036601178918330105,43.13156338876267,True,2026-10-09,False,False,NEITHER,False
LAXMIINDIA,0,,,,1,13-4 weekly momentum,WEAK,False,False,106.22,23.350491342466505,-0.04194103573002195,-0.2905423514963744,0.6346299450476129,0.6655805654328518,-0.07433820115191195,39.96900569687978,True,2026-10-09,False,False,NEITHER,False
LEMONTREE,0,,,,1,Weekly volume confirm,WEAK,False,False,110.43,28.870387664546442,-0.06739298551903461,-0.3284071950441366,1.3677467860462187,0.6339265323455239,-0.007058403937672401,45.966564773289065,True,2026-10-09,False,False,NEITHER,False
LTM,0,,,,1,13-4 weekly momentum,WEAK,False,False,4070.0,26.340735904700892,0.00812445487586122,-0.2432127468157066,0.6273609763944887,0.6415030485276705,-0.0311359484157135,42.6760503426485,True,2026-10-09,False,False,NEITHER,False
LTTS,0,,,,1,13-4 weekly momentum,WEAK,False,False,3270.1,26.562219716994427,-0.002470853301361209,-0.23066378973939594,0.3921418898641693,0.6997405991011733,-0.03615407531601473,42.80764320757195,True,2026-10-09,False,False,NEITHER,False
LUMAXIND,0,,,,1,13-4 weekly momentum,WEAK,False,False,5270.0,35.15797512947066,-0.011248792913798211,0.07592920234003753,0.41007364943561414,0.7672464086770704,-0.030232319238029295,45.37761682874247,True,2026-10-09,False,False,NEITHER,False
M&M,0,,,,1,Weekly volume confirm,WEAK,False,False,2796.2,30.620791079198817,-0.1064740566056136,-0.18215741629032145,1.2863334232471924,0.7358432077828062,-0.10620031366332246,33.41781957559817,True,2026-10-09,False,False,NEITHER,False
M&MFIN,0,,,,1,13-4 weekly momentum,WEAK,False,False,319.45,38.793631970925375,-0.04169793265040245,0.15787755325977582,0.6305486843704567,0.7697590361445783,-0.022752493035072995,44.030799503578066,True,2026-10-09,False,False,NEITHER,False
MAHLIFE,0,,,,1,Weekly volume confirm,WEAK,False,False,349.1,39.14308058648879,-0.07864870513728672,-0.04701476833145357,1.2203247583620038,0.8252287384495064,-0.004017146616145575,45.500196384565704,True,2026-10-09,False,False,NEITHER,False
MAITHANALL,0,,,,1,13-4 weekly momentum,WEAK,False,False,879.25,22.51593841925219,-0.14474059021412433,-0.20444224818899126,0.4846886461054122,0.7309389520101656,-0.10175778569893645,39.63054830982555,True,2026-10-09,False,False,NEITHER,False
MANAPPURAM,0,,,,1,Minervini weekly base,WEAK,False,False,314.8,39.70317259305401,-0.07499382379666253,0.11438552004953029,0.7018041529976429,0.8274265842304939,-0.003492461455906809,47.78404171382419,True,2026-10-09,False,False,NEITHER,False
MANKIND,0,,,,1,"Anti-extension (above, not over-stretched from 30w)",WEAK,False,False,2368.5,40.861949710720594,-0.06201738212342678,-0.03715594372627351,0.9931182642753691,0.8964799394398183,0.006620134232329044,49.46176594788266,True,2026-10-09,False,False,NEITHER,False
MARATHON,0,,,,1,13-4 weekly momentum,WEAK,False,False,353.65,10.985586982078683,-0.1353512345513206,-0.380775600201428,0.4102729586257378,0.5228316402855308,-0.15751823989518857,37.71148067933438,True,2026-10-09,False,False,NEITHER,False
MARUTI,0,,,,1,Weekly volume confirm,WEAK,False,False,11420.0,23.65719993539155,-0.1674107398723158,-0.29082746115117675,1.2876086294578988,0.6640582693192044,-0.12530990986375545,30.435057044682807,True,2026-10-09,False,False,NEITHER,False
MASFIN,0,,,,1,Weekly volume confirm,WEAK,False,False,266.7,31.855678914949557,-0.1707695608266433,-0.11929326797251916,1.4372586269649508,0.7451173629771488,-0.12772907801261577,30.915735520107333,True,2026-10-09,False,False,NEITHER,False
MAXHEALTH,0,,,,1,Weekly volume confirm,WEAK,False,False,883.8,27.39029507041472,-0.2024185367094995,-0.23437333545675787,1.4746186121704095,0.7245851795447747,-0.13362760493560358,34.61580026044176,True,2026-10-09,False,False,NEITHER,False
MBEL,0,,,,1,Weekly volume confirm,WEAK,False,False,266.61,36.21447563557106,-0.16264297399559635,-0.29004034517120003,9.531961153367854,0.49938289384262935,-0.07702470722593335,42.31406964575912,True,2026-10-09,False,False,NEITHER,False
MEIL,0,,,,1,Weekly volume confirm,WEAK,False,False,277.25,38.48613399609518,-0.07920958359368546,-0.3914618167564142,8.830521857125488,0.5601010101010101,-0.03395866199261766,46.39538289350622,True,2026-10-09,False,False,NEITHER,False
MFSL,0,,,,1,Weekly volume confirm,WEAK,False,False,1309.7,28.167156871373948,-0.19802827776658638,-0.17196684552613872,1.554688258507677,0.6920475561426684,-0.16409953023939342,34.010153765954826,True,2026-10-09,False,False,NEITHER,False
MINDTECK,0,,,,1,Weekly volume confirm,WEAK,False,False,139.37,10.095704611600251,-0.33358322913144733,-0.4939103406883626,1.3452169488802206,0.4553458164347167,-0.2539354289026507,26.799225041560263,True,2026-10-09,False,False,NEITHER,False
MOLDTKPAC,0,,,,1,13-4 weekly momentum,WEAK,False,False,326.35,3.030659503030651,-0.5103307502054362,-0.559230862191224,1.166729297397593,0.40353360106898495,-0.4874393326175617,22.803930380105314,True,2026-10-09,False,False,NEITHER,False
MONTECARLO,0,,,,1,13-4 weekly momentum,WEAK,False,False,511.55,24.835157256662377,-0.020136019682308937,-0.20224959111798713,0.36582831357399426,0.6164623935330251,-0.023293118636015506,44.9204403041383,True,2026-10-09,False,False,NEITHER,False
NAM-INDIA,0,,,,1,Minervini weekly base,WEAK,False,False,1045.0,38.16012952292859,-0.1382864335154138,0.22418499827683114,0.5680254661101528,0.82315872390705,-0.039887436563847196,45.029496939712395,True,2026-10-09,False,False,NEITHER,False
NAVA,0,,,,1,Weekly volume confirm,WEAK,False,False,549.1,37.855328714478,-0.07589830094467054,-0.10751788916618543,1.549011656722086,0.7495672296462105,-0.06735956438926342,44.1171320666411,True,2026-10-09,False,False,NEITHER,False
NCC,0,,,,1,Weekly volume confirm,WEAK,False,False,125.06,26.440723947197583,-0.1287700291007675,-0.397521218881412,2.1131964198478363,0.5845361460740768,-0.13964104720343967,34.2919220397911,True,2026-10-09,False,False,NEITHER,False
NCLIND,0,,,,1,Weekly volume confirm,WEAK,False,False,165.42,33.57105203386613,-0.10430126640029991,-0.1637668425428297,1.2923866700790514,0.7851559370791178,-0.05898125715387918,38.50463472609887,True,2026-10-09,False,False,NEITHER,False
NESCO,0,,,,1,13-4 weekly momentum,WEAK,False,False,1038.5,27.05449965146368,-0.04896482013888248,-0.23356476682910887,0.6919164576073447,0.734599126400772,-0.060367735263656484,42.82089643343113,True,2026-10-09,False,False,NEITHER,False
NIACL,0,,,,1,13-4 weekly momentum,WEAK,False,False,162.23,24.581005007252635,-0.11793170065726788,-0.15193559502872855,0.46323068364098613,0.6687139155749965,-0.041903775871958364,45.37935028390519,True,2026-10-09,False,False,NEITHER,False
NIBE,0,,,,1,Weekly volume confirm,WEAK,False,False,1213.2,31.851807371960994,-0.24480639307149776,-0.09071406214961819,1.2601646120258652,0.6571165417190485,-0.07904426734726,41.65935966873237,True,2026-10-09,False,False,NEITHER,False
NIITLTD,0,,,,1,Minervini weekly base,WEAK,False,False,82.08,23.343409209180926,-0.17696074196007072,-0.22398934657769198,0.22335722521494333,0.7468840509642164,-0.013838872298847057,44.12308212850883,True,2026-10-09,False,False,NEITHER,False
NIVABUPA,0,,,,1,Weekly volume confirm,WEAK,False,False,77.65,47.73828950200334,-0.1024159278400929,-0.021300685857021162,2.2269708205689747,0.8495623490554786,-0.038969295004001106,44.18339041474329,True,2026-10-09,False,False,NEITHER,False
NSIL,0,,,,1,13-4 weekly momentum,WEAK,False,False,5093.5,21.030972434755988,-0.06865971841287255,-0.33820567790554146,0.8488568261058179,0.5834478808705613,-0.0768023342565566,34.786878629842946,True,2026-10-09,False,False,NEITHER,False
NSLNISP,0,,,,1,13-4 weekly momentum,WEAK,False,False,39.23,27.189795055186543,-0.09441365936373458,-0.12686401661384283,0.5088463841307997,0.729860465116279,-0.08480823632232623,43.08145985529731,True,2026-10-09,False,False,NEITHER,False
NUVOCO,0,,,,1,13-4 weekly momentum,WEAK,False,False,317.1,23.778519935348903,-0.009681486848372889,-0.2674136640206818,0.09598842569290125,0.7209275789469303,-0.016052620544688367,45.395377728786926,True,2026-10-09,False,False,NEITHER,False
OIL,0,,,,1,13-4 weekly momentum,WEAK,False,False,443.5,39.174304661232114,0.04578643130883919,0.08764533887281778,0.5054902557797057,0.8369245638917571,-0.04058323549819743,45.599973879651714,True,2026-10-09,False,False,NEITHER,False
ONESOURCE,0,,,,1,Minervini weekly base,WEAK,False,False,1461.3,26.240934334016767,-0.10178869133258783,-0.21884853897356005,0.5650198512649177,0.7591168831168831,-0.09555482753154607,38.92104919070302,True,2026-10-09,False,False,NEITHER,False
ONGC,0,,,,1,Weekly volume confirm,WEAK,False,False,221.27,33.916708578541204,-0.0928659115114,-0.05409608016558398,1.2317511955773017,0.7226392942737728,-0.13020793985488557,34.69099243228281,True,2026-10-09,False,False,NEITHER,False
ORIENTTECH,0,,,,1,Weekly volume confirm,WEAK,False,False,233.41,33.18286231890565,-0.07362282195417269,-0.4308335219174424,4.2300444370759465,0.5000993466664322,-0.09914395488017327,40.40713931901167,True,2026-10-09,False,False,NEITHER,False
ORISSAMINE,0,,,,1,13-4 weekly momentum,WEAK,False,False,3530.0,14.96852583179546,-0.06815900810410003,-0.36674797972140183,0.22065724690944255,0.5750215928186568,-0.11411815072645944,38.17233314227338,True,2026-10-09,False,False,NEITHER,False
PAGEIND,0,,,,1,Weekly trend structure,WEAK,False,False,36875.0,34.96271101107672,-0.05879960058805089,-0.09993590857179468,0.6691952622104548,0.8454814096864225,-0.012392963532120263,48.33201666605419,True,2026-10-09,False,False,NEITHER,False
PARACABLES,0,,,,1,Minervini weekly base,WEAK,False,False,55.85,37.995509539367106,-0.16579533165361293,0.24442956040119945,0.5594206034414307,0.737780743084916,-0.023191544730680167,46.47991712333801,True,2026-10-09,False,False,NEITHER,False
PASHUPATI,0,,,,1,Weekly volume confirm,WEAK,False,False,69.09,40.485986703406304,-0.20972678490238694,-0.022162536880418582,7.822015216654504,0.5841411348248696,-0.2127854900452965,24.17631735979174,True,2026-10-09,False,False,NEITHER,False
PGEL,0,,,,1,Weekly volume confirm,WEAK,False,False,511.8,35.91733656204987,-0.12193811442270419,-0.12613394102403053,1.3403903073866001,0.7946023959801699,-0.048397653138750725,43.925767955515965,True,2026-10-09,False,False,NEITHER,False
PLATIND,0,,,,1,Weekly volume confirm,WEAK,False,False,198.44,28.724341413268668,-0.12964912280701757,-0.3046951498114786,1.7195383090728904,0.6636789297658863,-0.1020706126414242,36.353711455180324,True,2026-10-09,False,False,NEITHER,False
POWERINDIA,0,,,,1,Minervini weekly base,WEAK,False,False,30605.0,48.05964016153666,-0.06111616244077589,0.7348999117922188,0.6521402228355665,0.7892821166664947,-0.047607679052073214,48.62271889866814,True,2026-10-09,False,False,NEITHER,False
PREMIERENE,0,,,,1,Minervini weekly base,WEAK,False,False,895.35,27.29998195457638,-0.1985767641138615,-0.12464850131394489,0.7722124945449848,0.7895502645502646,-0.1034563365278598,40.50871284984665,True,2026-10-09,False,False,NEITHER,False
PRESTIGE,0,,,,1,Minervini weekly base,WEAK,False,False,1406.8,31.487807312720903,-0.1873003264618891,-0.13136963446993755,1.0723830804308043,0.7802853137135874,-0.041278632884576026,42.32490719405841,True,2026-10-09,False,False,NEITHER,False
PROSTARM,0,,,,1,13-4 weekly momentum,WEAK,False,False,127.46,21.557914080955392,-0.03519794556709144,-0.3503567686923863,0.7687580960859169,0.6107331186574487,-0.07991491972824813,43.637408960775836,True,2026-10-09,False,False,NEITHER,False
PRSMJOHNSN,0,,,,1,13-4 weekly momentum,WEAK,False,False,97.47,10.534458287034546,-0.1351375098549169,-0.3706740900883292,0.1377685866213121,0.587522625593451,-0.16802999744317432,31.67736916044909,True,2026-10-09,False,False,NEITHER,False
PTC,0,,,,1,Weekly volume confirm,WEAK,False,False,148.0,39.98909051851555,-0.032357416466706646,0.031218639345630406,1.2024042502166015,0.7271127865675917,-0.0777974586406448,44.03584268910607,True,2026-10-09,False,False,NEITHER,False
PURVA,0,,,,1,Minervini weekly base,WEAK,False,False,207.26,25.0685240990934,-0.0749799060146843,-0.17096,0.08533471175832855,0.7214062262660228,-0.020457926878266735,44.95796119159482,True,2026-10-09,False,False,NEITHER,False
PVSL,0,,,,1,13-4 weekly momentum,WEAK,False,False,91.22,17.9040014003255,-0.02386299648010992,-0.37189284112398746,0.48922075276372295,0.5596319018404908,-0.08333891849444347,39.87705261780868,True,2026-10-09,False,False,NEITHER,False
RADIANTCMS,0,,,,1,13-4 weekly momentum,WEAK,False,False,33.54,17.39723650945156,-0.06064635125994711,-0.3627727627132574,0.462063362633831,0.6220419367642955,-0.08082257744785719,41.486023904475815,True,2026-10-09,False,False,NEITHER,False
RAINBOW,0,,,,1,Weekly volume confirm,WEAK,False,False,1250.2,38.37024495532734,-0.147756369876476,-0.06933597294309124,1.746828169224111,0.7765217391304348,-0.0826946129490575,36.66911392765328,True,2026-10-09,False,False,NEITHER,False
RAMCOIND,0,,,,1,Minervini weekly base,WEAK,False,False,291.8,22.126033100121408,-0.20375454491099043,-0.15965198560588978,0.15884893943134795,0.7403774183868775,-0.044429472559263126,42.890116475613524,True,2026-10-09,False,False,NEITHER,False
RELIANCE,0,,,,1,Weekly volume confirm,WEAK,False,False,1170.3,31.482486391637906,-0.10513843377765142,-0.1490837188541585,1.2236412469110196,0.7294397421368024,-0.10707310934638674,32.27472999108451,True,2026-10-09,False,False,NEITHER,False
RENUKA,0,,,,1,13-4 weekly momentum,WEAK,False,False,21.72,23.008946915326288,-0.04443464859555202,-0.2869336620869426,0.773331252799502,0.6928229580768426,-0.10078247283859769,41.27061894239784,True,2026-10-09,False,False,NEITHER,False
RIIL,0,,,,1,Weekly volume confirm,WEAK,False,False,683.4,33.84308927199389,-0.13842663958302193,-0.2647402697395228,1.9951944325135234,0.7121494380731161,-0.08829759073727597,40.01431014695998,True,2026-10-09,False,False,NEITHER,False
ROTO,0,,,,1,Minervini weekly base,WEAK,False,False,60.09,27.93369568415621,-0.1293846699907114,-0.18185552754579815,0.6720882727774721,0.7462263561058522,-0.03527360426213581,42.486450800236256,True,2026-10-09,False,False,NEITHER,False
RPOWER,0,,,,1,Weekly volume confirm,WEAK,False,False,20.01,12.313162561199814,-0.2034235934917804,-0.58810211515454,1.534078512442166,0.39444116263672063,-0.18322085852432177,31.458677740107987,True,2026-10-09,False,False,NEITHER,False
RUPA,0,,,,1,Weekly volume confirm,WEAK,False,False,124.74,21.198034462960475,-0.24902734655970193,-0.36092958418556165,1.552236072507653,0.6136564743788891,-0.14099637139099483,32.705411616287364,True,2026-10-09,False,False,NEITHER,False
SANSTAR,0,,,,1,Minervini weekly base,WEAK,False,False,101.9,35.23390385648935,-0.09998234498016567,0.06723917487797415,0.5497177173321652,0.741144780920577,-0.028326950770971946,45.46209924533344,True,2026-10-09,False,False,NEITHER,False
SARDAEN,0,,,,1,13-4 weekly momentum,WEAK,False,False,481.15,27.19766529935807,-0.03584000213302119,-0.14913073986330894,0.30335888041551584,0.774032010880042,-0.08207583865534393,41.807993552269494,True,2026-10-09,False,False,NEITHER,False
SBFC,0,,,,1,13-4 weekly momentum,WEAK,False,False,84.4,28.001070024488918,-0.08220964723507862,-0.22397941943507538,1.1454401361123416,0.686178861788618,-0.0840854429615835,38.41930441364918,True,2026-10-09,False,False,NEITHER,False
SBICARD,0,,,,1,13-4 weekly momentum,WEAK,False,False,562.0,14.32779297795048,-0.08117391062254165,-0.3881542112121351,0.42100387907081094,0.5844236923765953,-0.11527180323972538,33.296394001250746,True,2026-10-09,False,False,NEITHER,False
SBILIFE,0,,,,1,Weekly volume confirm,WEAK,False,False,1684.6,36.08212288821895,-0.09571100009521083,-0.06819389246971475,1.2146155664504512,0.7912484749138633,-0.06802540147541433,39.31480579535648,True,2026-10-09,False,False,NEITHER,False
SCHNEIDER,0,,,,1,Minervini weekly base,WEAK,False,False,1176.9,41.1982997858345,-0.16779801963310537,0.4192342478142901,0.6837449799241426,0.7602713178294574,-0.03724154952266381,48.33170929537384,True,2026-10-09,False,False,NEITHER,False
SDBL,0,,,,1,13-4 weekly momentum,WEAK,False,False,71.2,17.088458304632155,0.05716409225099328,-0.43545830598287405,0.30103183402264555,0.5235294117647059,-0.06311680211450472,42.42185391427176,True,2026-10-09,False,False,NEITHER,False
SEJALLTD,0,,,,1,Weekly volume confirm,WEAK,False,False,670.3,35.995948697777095,-0.11200897969203383,-0.14042060721606509,1.575384443005502,0.646570880265114,-0.03567600860036904,47.239431250058054,True,2026-10-09,False,False,NEITHER,False
SESHAPAPER,0,,,,1,13-4 weekly momentum,WEAK,False,False,222.49,32.37313340594558,-0.009173916828150608,-0.12617242296427078,0.8689281236233014,0.7657283068618176,-0.07394917101267356,41.56847446098611,True,2026-10-09,False,False,NEITHER,False
SFL,0,,,,1,Minervini weekly base,WEAK,False,False,603.65,24.639997268918528,-0.2112243438800352,-0.11251440452186678,0.3608283054781073,0.7251486469434654,-0.05555989554833968,42.93079442156307,True,2026-10-09,False,False,NEITHER,False
SHANKARA,0,,,,1,13-4 weekly momentum,WEAK,False,False,117.57,25.685658121182676,-0.10066546437411716,-0.1283363304876206,0.6258474984767334,0.6946939032376058,-0.08252607764142263,34.71294282346305,True,2026-10-09,False,False,NEITHER,False
SHK,0,,,,1,13-4 weekly momentum,WEAK,False,False,136.61,20.459153541627018,0.043461670567028765,-0.39460021713015603,0.43901689052123594,0.5642293371578901,-0.026192034052050863,44.37654290321184,True,2026-10-09,False,False,NEITHER,False
SHRIRAMFIN,0,,,,1,Minervini weekly base,WEAK,False,False,940.45,46.939263584406966,-0.09927207931191673,0.43076921219786124,1.1906690472412087,0.815159954756637,-0.060139911353344906,42.14110535887529,True,2026-10-09,False,False,NEITHER,False
SIGNPOST,0,,,,1,Minervini weekly base,WEAK,False,False,260.3,28.655361950658246,-0.17888253457025938,0.025710543743173275,0.16452117890494777,0.7743079430439233,-0.03127188203324337,48.05394726237248,True,2026-10-09,False,False,NEITHER,False
SJVN,0,,,,1,Weekly volume confirm,WEAK,False,False,55.27,18.89932198354353,-0.21607799712611864,-0.37371797851032984,1.435039963252182,0.6140153024065543,-0.2040997999730545,22.793127306434485,True,2026-10-09,False,False,NEITHER,False
SPIC,0,,,,1,13-4 weekly momentum,WEAK,False,False,61.15,20.761441059843786,-0.07851370240523015,-0.32319376467547334,0.5947700068437354,0.6504552585301147,-0.0697628156043738,38.581033851857335,True,2026-10-09,False,False,NEITHER,False
STERTOOLS,0,,,,1,Weekly volume confirm,WEAK,False,False,225.24,38.481790963815406,-0.05867920474734978,-0.2694964710353708,2.1994540516775207,0.6807857206812602,-0.009118725083654883,47.43822698002518,True,2026-10-09,False,False,NEITHER,False
SUNDARMFIN,0,,,,1,13-4 weekly momentum,WEAK,False,False,4113.6,30.023784620382408,-0.10083278589492695,-0.05935740688594382,0.7914179904240543,0.7329477834988032,-0.09295463110726766,37.08417757365411,True,2026-10-09,False,False,NEITHER,False
SUPREMEIND,0,,,,1,13-4 weekly momentum,WEAK,False,False,3474.8,37.238697312502595,0.046752590004237815,-0.171780540401008,1.016432371649333,0.817321543121562,-0.016365348410083986,47.78090809923334,True,2026-10-09,False,False,NEITHER,False
SWIGGY,0,,,,1,13-4 weekly momentum,WEAK,False,False,234.2,10.101525456133263,-0.14290942360475756,-0.4622890447391702,0.509288866894185,0.5091857675494149,-0.12116996761926876,34.834512963200126,True,2026-10-09,False,False,NEITHER,False
TARC,0,,,,1,13-4 weekly momentum,WEAK,False,False,117.47,21.476502584696153,-0.05426293482128541,-0.22277358426372007,0.2635134293779444,0.6305421260104034,-0.07836065882497824,40.59896628947939,True,2026-10-09,False,False,NEITHER,False
TARIL,0,,,,1,Weekly volume confirm,WEAK,False,False,290.65,26.856874093452213,-0.15616092981592677,-0.407930176185177,1.8949818564254561,0.5804339623924256,-0.0513095316711487,44.67181690391328,True,2026-10-09,False,False,NEITHER,False
TEMBO,0,,,,1,13-4 weekly momentum,WEAK,False,False,55.06,35.92762541056311,-0.012110892669949913,-0.043172718687986444,1.0544625308555866,0.6589762383310653,-0.031747525653952065,45.481269180072985,True,2026-10-09,False,False,NEITHER,False
TERASOFT,0,,,,1,Weekly volume confirm,WEAK,False,False,225.64,10.143505125830567,-0.43138747972515346,-0.49321806806756385,1.8292393420263207,0.37915422643317903,-0.3317892758645121,32.90151288083514,True,2026-10-09,False,False,NEITHER,False
THANGAMAYL,0,,,,1,Weekly trend structure,WEAK,False,False,4889.5,45.76019013872114,-0.25033606386785634,1.4251541211767442,0.29427138053021273,0.6580753701211306,-0.003531009583145331,49.123973508722386,True,2026-10-09,False,False,NEITHER,False
THOMASCOOK,0,,,,1,13-4 weekly momentum,WEAK,False,False,96.75,15.059949807245857,-0.056234894601295604,-0.36361358950147415,0.22086345522698866,0.5750824386733826,-0.05224602183039104,40.753824075728495,True,2026-10-09,False,False,NEITHER,False
TIINDIA,0,,,,1,Weekly volume confirm,WEAK,False,False,2213.0,28.961151106775027,-0.25155278195327313,-0.29848640288665074,2.41903706773876,0.6638900713511809,-0.2124212888130304,29.02119756651871,True,2026-10-09,False,False,NEITHER,False
TIMKEN,0,,,,1,13-4 weekly momentum,WEAK,False,False,2962.8,31.001510606898833,-0.07482273691144026,-0.0067353684804476455,0.5271979943311628,0.7554632169160961,-0.115524888561801,39.9744082466605,True,2026-10-09,False,False,NEITHER,False
TIPSFILMS,0,,,,1,Weekly volume confirm,WEAK,False,False,316.25,31.0767174657811,-0.04987233227916199,-0.2536873156342183,1.4069947361796955,0.6598852373500261,-0.0908481094817192,41.46553863112774,True,2026-10-09,False,False,NEITHER,False
TIPSMUSIC,0,,,,1,Minervini weekly base,WEAK,False,False,636.35,38.5450634151302,-0.10568475733689253,0.17893655111398976,0.4096034445581128,0.8587719298245614,-0.006290555356662089,49.08220483315877,True,2026-10-09,False,False,NEITHER,False
TNPL,0,,,,1,13-4 weekly momentum,WEAK,False,False,141.31,34.62152398630809,0.009788901395544336,-0.08223072954438826,0.3365839344329418,0.8707960159644385,-0.002796605585901688,47.88067289827469,True,2026-10-09,False,False,NEITHER,False
TPLPLASTEH,0,,,,1,Minervini weekly base,WEAK,False,False,67.08,31.134582214939712,-0.1722786219866007,-0.042592175296155,0.7445348737140228,0.7569806533664393,-0.03144920071669719,46.43670207011151,True,2026-10-09,False,False,NEITHER,False
UNOMINDA,0,,,,1,13-4 weekly momentum,WEAK,False,False,1108.0,34.813004802063425,-0.04982418043250847,-0.08958094028351893,0.834975229122604,0.8035667050000455,-0.033858232821310535,44.02545236438485,True,2026-10-09,False,False,NEITHER,False
V2RETAIL,0,,,,1,Weekly volume confirm,WEAK,False,False,154.5,28.626146733026612,-0.29846068656722824,-0.34982958033354483,7.415624442825945,0.5959498553519769,-0.2780013966005702,26.095060308098184,True,2026-10-09,False,False,NEITHER,False
VERANDA,0,,,,1,Minervini weekly base,WEAK,False,False,212.76,31.48673489065292,-0.10586256470396771,-0.044805626501927875,0.12150229408887443,0.7807706422018348,-0.018910727339208733,45.6920200869587,True,2026-10-05,False,False,NEITHER,False
VGUARD,0,,,,1,13-4 weekly momentum,WEAK,False,False,288.2,25.123963493208382,-0.05244853139488592,-0.1687334390138039,0.24886765094117425,0.754093021284357,-0.08344022287843653,36.69924003619544,True,2026-10-09,False,False,NEITHER,False
VIMTALABS,0,,,,1,13-4 weekly momentum,WEAK,False,False,537.45,25.132811144727043,-0.050609392018227006,-0.23910886644549711,0.3289509401267821,0.6963131197820652,-0.005888304759563128,44.563844187678235,True,2026-10-09,False,False,NEITHER,False
VIYASH,0,,,,1,Minervini weekly base,WEAK,False,False,234.06,33.870218831304136,-0.15745136686458783,0.08341051320993476,0.5179046538377063,0.7854362416107382,-0.03545775181039942,45.67131108797208,True,2026-10-09,False,False,NEITHER,False
VPRPL,0,,,,1,13-4 weekly momentum,WEAK,False,False,27.11,4.777100994504185,0.024952711456451393,-0.7222620650498697,0.5414775429085105,0.26996614712530154,-0.1990743006495318,35.5326580492204,True,2026-10-09,False,False,NEITHER,False
VTL,0,,,,1,Minervini weekly base,WEAK,False,False,528.2,35.37569015930552,-0.16265139641009507,0.3249082067027518,0.24619864874392092,0.7742431621967021,-0.10037451427792199,40.85845226366047,True,2026-10-09,False,False,NEITHER,False
WAAREEINDO,0,,,,1,Weekly volume confirm,WEAK,False,False,198.04,-0.14921338697334985,-0.4915532734274711,-0.7217366915789925,1.2396966500518636,0.2731586206896552,-0.4410165818797328,27.43416977223555,True,2026-10-09,False,False,NEITHER,False
WALCHANNAG,0,,,,1,Weekly volume confirm,WEAK,False,False,207.3,50.12648036121303,-0.2057471264367816,0.06476962042459711,2.958712879727797,0.6564281444364752,-0.06881263989088156,46.660087984815206,True,2026-10-09,False,False,NEITHER,False
WANBURY,0,,,,1,Weekly volume confirm,WEAK,False,False,196.42,16.373008173655638,-0.34054055405412476,-0.22593103448275864,1.258634412070587,0.5473596117017753,-0.24545939156722854,34.239727767506125,True,2026-10-09,False,False,NEITHER,False
YATRA,0,,,,1,13-4 weekly momentum,WEAK,False,False,94.74,9.554736734793291,-0.17011214995742885,-0.41601428530446805,0.4568619995719541,0.469009900990099,-0.11429523997290746,38.498485599855634,True,2026-10-09,False,False,NEITHER,False
ZENTEC,0,,,,1,Minervini weekly base,WEAK,False,False,1528.8,31.62480907688519,-0.18655540781316493,0.0779430726835002,0.6110539174506786,0.7484470656037528,-0.09269332408746606,42.273550226344305,True,2026-10-09,False,False,NEITHER,False
ZFCVINDIA,0,,,,1,13-4 weekly momentum,WEAK,False,False,2082.2,26.90076657193476,-0.10780702869316572,-0.06129194195230392,0.574105712213927,0.6852198491852546,-0.14472701611074346,34.13828428739032,True,2026-10-09,False,False,NEITHER,False
ZYDUSWELL,0,,,,1,Minervini weekly base,WEAK,False,False,490.7,30.555617084262906,-0.17008989765930804,0.07824624271169456,0.26769567505094904,0.801993984767396,-0.04614117463910595,45.73861684466957,True,2026-10-09,False,False,NEITHER,False
MODIS,9,"Protocol Fortified, Minervini Template, Stan Weinstein Stage 2, CANSLIM Pivot, PKScreener VCP, Turtle Trading, Darvas Box, Wyckoff Closing Range, Sector Momentum Leader",398.05,242.64212118900497,0,,,,,,,,,,,,,,,True,False,DAILY_ONLY,False
PWL,8,"Protocol Fortified, Relative Strength Leader, Stan Weinstein Stage 2, Qullamaggie Breakout, Turtle Trading, Darvas Box, Wyckoff Closing Range, Sector Momentum Leader",143.69,84.9376453505296,0,,,,,,,,,,,,,,,True,False,DAILY_ONLY,False
ATLANTAELE,2,"Relative Strength Leader, Connors RSI Pullback",1769.5,91.72,0,,,,,,,,,,,,,,,True,False,DAILY_ONLY,False
EPACKPEB,1,Relative Strength Leader,253.62,74.24937419792084,0,,,,,,,,,,,,,,,True,False,DAILY_ONLY,False
MEESHO,1,Minervini Template,232.74,0.5809857100632624,0,,,,,,,,,,,,,,,True,False,DAILY_ONLY,False
SUDEEPPHRM,1,Connors RSI Pullback,1050.3,95.28999999999999,0,,,,,,,,,,,,,,,True,False,DAILY_ONLY,False
VIDYAWIRES,1,Relative Strength Leader,98.06,74.34140527168549,0,,,,,,,,,,,,,,,True,False,DAILY_ONLY,False
360ONE,0,,,,0,,WEAK,False,False,1048.0,33.64080403119951,-0.07174490699734282,-0.03255895297678679,0.4071954595949159,0.8526805059100664,-0.03988695174164343,42.59634437462051,True,2026-10-09,False,False,NEITHER,False
3MINDIA,0,,,,0,,WEAK,False,False,30170.0,36.48020685096423,-0.13466401388029614,0.03436746821958203,1.003417921860829,0.8048102003963432,-0.07909570488753652,39.23986517127596,True,2026-10-09,False,False,NEITHER,False
AADHARHFC,0,,,,0,,WEAK,False,False,443.65,27.12225703651103,-0.1700495554555589,-0.13937924345295838,0.5941336186717201,0.7880106571936056,-0.07998105742612445,40.48637737063372,True,2026-10-09,False,False,NEITHER,False
AAVAS,0,,,,0,,WEAK,False,False,1193.0,20.569439589312466,-0.21816634057784645,-0.26886067555300464,0.7928600980976358,0.6732885510256172,-0.10818851991551548,36.01589073996325,True,2026-10-09,False,False,NEITHER,False
ABBOTINDIA,0,,,,0,,WEAK,False,False,26000.0,36.445624781318784,-0.020489444765707354,-0.11688004972856936,0.7444428450988053,0.8679955656835525,-0.008610068635184,45.85129543370033,True,2026-10-09,False,False,NEITHER,False
ABFRL,0,,,,0,,WEAK,False,False,43.65,9.226525310958321,-0.2727424247402882,-0.47529752711878714,0.9478985727896897,0.4937782720198433,-0.24771211455729636,28.104740379321427,True,2026-10-09,False,False,NEITHER,False
ACC,0,,,,0,,WEAK,False,False,1133.0,13.157175260994098,-0.1816540267244493,-0.3956535013642102,0.663796356444387,0.5735056477420835,-0.1497004892703563,22.287371109288543,True,2026-10-09,False,False,NEITHER,False
ACI,0,,,,0,,WEAK,False,False,455.05,19.798805265156588,-0.13726421562506907,-0.28562511474205987,0.7358755963560275,0.6671042862373114,-0.1498711190830028,34.81579025674364,True,2026-10-09,False,False,NEITHER,False
ADVENZYMES,0,,,,0,,WEAK,False,False,267.15,23.87617674033504,-0.18659204920381656,-0.12462441423940973,0.7122757683282385,0.6403403445850372,-0.15559453425006461,33.36411249746848,True,2026-10-09,False,False,NEITHER,False
AFCONS,0,,,,0,,WEAK,False,False,242.04,5.983185623836576,-0.19002615228127795,-0.47400210262095444,0.1697460781269883,0.5083878432706932,-0.17846292297551644,33.75178910187934,True,2026-10-09,False,False,NEITHER,False
AFIL,0,,,,0,,WEAK,False,False,7.59,22.724856055144116,-0.22153846153846157,-0.1384790421689649,0.8359728021970528,0.6837837602844321,-0.17544812727139494,37.10631923452923,True,2026-10-09,False,False,NEITHER,False
AGARIND,0,,,,0,,WEAK,False,False,374.8,1.1848158808712705,-0.2974262169884987,-0.5774736879333611,0.3487667173681918,0.39814979925812993,-0.1696835391254997,32.69797473718009,True,2026-10-09,False,False,NEITHER,False
AGIIL,0,,,,0,,WEAK,False,False,254.1,13.912806038932398,-0.2642104732945041,-0.11674591681826296,0.14667406996650936,0.5853795139818254,-0.22756518709813006,32.2524991544184,True,2026-10-09,False,False,NEITHER,False
AHLUCONT,0,,,,0,,WEAK,False,False,557.6,8.123051219844868,-0.33771455617931867,-0.42658837749950307,0.8258736295609733,0.5179030163469739,-0.2611928336480527,25.115442896110537,True,2026-10-09,False,False,NEITHER,False
AIAENG,0,,,,0,,WEAK,False,False,3737.7,32.702213811697895,-0.19894305991688688,0.14665800048279176,0.6027860947414801,0.7242761124120729,-0.10689060406318089,36.845239827104876,True,2026-10-09,False,False,NEITHER,False
AJMERA,0,,,,0,,WEAK,False,False,116.92,18.005635457086502,-0.1241456033075139,-0.42714271765935663,0.9500809609755473,0.5327520788353628,-0.033571929459490175,41.424369135919676,True,2026-10-09,False,False,NEITHER,False
ALKEM,0,,,,0,,WEAK,False,False,5279.0,40.57330454691463,-0.06721084153150303,-0.0226270229173946,1.1005135392397187,0.898471462348305,-0.022915457442990467,46.612771455926534,True,2026-10-09,False,False,NEITHER,False
AMBER,0,,,,0,,WEAK,False,False,6445.0,21.982749429129647,-0.1714873377040751,-0.22204116120465933,0.6531385083761667,0.7181858702919546,-0.13212289875889313,38.56313347486158,True,2026-10-09,False,False,NEITHER,False
AMRUTANJAN,0,,,,0,,WEAK,False,False,508.9,23.729148946511962,-0.04884863448956234,-0.2714508293260651,0.3679605901089598,0.6754521775020025,-0.035295367331667715,42.737146847431475,True,2026-10-09,False,False,NEITHER,False
ANUP,0,,,,0,,WEAK,False,False,1488.2,9.116313619164858,-0.30929710117831555,-0.37544994955991196,0.5108661953668598,0.5934462838137793,-0.22040928728811646,31.879189150671337,True,2026-10-09,False,False,NEITHER,False
ANURAS,0,,,,0,,WEAK,False,False,1132.4,35.36929989644324,-0.10580461306852929,0.014167860223873951,0.9338808633197917,0.8013001184732246,-0.10251743691148828,32.814371443537695,True,2026-10-09,False,False,NEITHER,False
APEX,0,,,,0,,WEAK,False,False,331.3,35.29119763155524,-0.14599014053195436,0.48237914730319176,0.2735350178604652,0.6481843560442537,-0.17221689614508254,40.10360903577167,True,2026-10-09,False,False,NEITHER,False
APOLLOTYRE,0,,,,0,,WEAK,False,False,400.05,26.23894174353147,-0.09100205759618984,-0.1702192847112174,0.42242707216536074,0.749566029791106,-0.04301281157735324,40.24117768330025,True,2026-10-09,False,False,NEITHER,False
APTECHT,0,,,,0,,WEAK,False,False,84.86,25.611666819905018,-0.15216302223127443,-0.2580252951700204,0.9855363849392064,0.6604919273188509,-0.0939622390044413,40.17223871077405,True,2026-10-09,False,False,NEITHER,False
APTUS,0,,,,0,,WEAK,False,False,215.73,19.446750574056065,-0.2398519757605685,-0.31123222467594536,1.0018558502446304,0.6721900542358977,-0.14729724855198983,35.38592505195092,True,2026-10-09,False,False,NEITHER,False
AQYLON,0,,,,0,,WEAK,False,False,15.75,-15.037995600368392,-0.5974955387150818,-0.9819318575433732,0.32297188534475546,0.009184208861027552,-0.5959535473427213,29.55976646193018,True,2026-10-09,False,False,NEITHER,False
ARE&M,0,,,,0,,WEAK,False,False,721.0,18.757676672793412,-0.18507856359423325,-0.2746917112634374,0.41650063698459483,0.7087388269454409,-0.1358958300738154,33.14077342679893,True,2026-10-09,False,False,NEITHER,False
ARKADE,0,,,,0,,WEAK,False,False,118.88,20.763190110615803,-0.10319853508255361,-0.31291181907038157,0.38082080949263025,0.6604444444444444,-0.018866682477982233,43.53469435767715,True,2026-10-09,False,False,NEITHER,False
ARVINDFASN,0,,,,0,,WEAK,False,False,402.8,25.691744437823484,-0.13260202364268037,-0.19680580779920975,0.9419485152173208,0.71038216256661,-0.09499155253022472,38.99765652487162,True,2026-10-09,False,False,NEITHER,False
ARVSMART,0,,,,0,,WEAK,False,False,598.2,34.68238262404244,-0.019968313913839575,-0.0063409037728372475,0.2746399891043924,0.8480178109833394,-0.0035465296171422276,48.86216086902867,True,2026-10-09,False,False,NEITHER,False
ASAL,0,,,,0,,WEAK,False,False,405.4,16.943176146340942,-0.22589270469649025,-0.27832665776591015,0.6392846861657666,0.6624183006535947,-0.15712582925134366,29.920182175972386,True,2026-10-09,False,False,NEITHER,False
ASHAPURMIN,0,,,,0,,WEAK,False,False,470.8,12.88124231450927,-0.268854640353251,-0.31762937029407556,0.7944263463260749,0.5109479656659148,-0.22822653588634648,32.55041196425945,True,2026-10-09,False,False,NEITHER,False
ASHOKA,0,,,,0,,WEAK,False,False,102.02,5.0997249118390435,-0.22471310252157906,-0.47035612819981454,0.2430602094393538,0.4756177156177156,-0.15895632778883265,29.213761466473287,True,2026-10-09,False,False,NEITHER,False
ASIANPAINT,0,,,,0,,WEAK,False,False,2339.1,34.20054773799923,-0.12648444344317233,0.009775359991770705,0.7528005314607763,0.7902314737621152,-0.07867210486474818,34.47531497031774,True,2026-10-09,False,False,NEITHER,False
ASTRAZEN,0,,,,0,,WEAK,False,False,5837.0,10.21986704037377,-0.2777239734167183,-0.3669751889064591,0.6037277158518443,0.5952663146572527,-0.25360030308601383,17.166357772839177,True,2026-10-09,False,False,NEITHER,False
ATALREAL,0,,,,0,,WEAK,False,False,11.34,-6.412882715261839,-0.6131013235542073,-0.4982300969650455,0.14914020958334084,0.3089918191895899,-0.5712827443705889,27.256574886471014,True,2026-10-09,False,False,NEITHER,False
ATGL,0,,,,0,,WEAK,False,False,563.45,21.891565750428462,-0.2216466625262702,-0.10254475360085402,0.3168131974973438,0.6555175724890974,-0.1270623810640101,38.74123754384523,True,2026-10-09,False,False,NEITHER,False
ATULAUTO,0,,,,0,,WEAK,False,False,416.6,22.653526185478214,-0.14626326487357844,-0.16645501290542675,0.26870530067286463,0.703039459040514,-0.10877617555283478,40.343793048064114,True,2026-10-09,False,False,NEITHER,False
AURIONPRO,0,,,,0,,WEAK,False,False,601.6,9.734492111224181,-0.29662351808469734,-0.458829911224209,1.0684267104871181,0.48700940394074266,-0.22590999307392837,28.458654180241297,True,2026-10-09,False,False,NEITHER,False
AUTOAXLES,0,,,,0,,WEAK,False,False,1600.1,33.19019857098674,-0.08217168727867885,-0.055602768143254266,0.7855136997601652,0.7697172431812513,-0.07168206665739242,38.0726133705817,True,2026-10-09,False,False,NEITHER,False
AVANTEL,0,,,,0,,WEAK,False,False,143.98,16.992526854263353,-0.20095455880345492,-0.29269233427407426,0.4147003600570926,0.6705276912034152,-0.08934447779986956,41.68471241729928,True,2026-10-09,False,False,NEITHER,False
AVANTIFEED,0,,,,0,,WEAK,False,False,699.1,18.03139086628196,-0.23543965348639595,0.09642117918800697,0.4589493504174557,0.4436109849583089,-0.32839036356945317,29.69838653028893,True,2026-10-09,False,False,NEITHER,False
AWHCL,0,,,,0,,WEAK,False,False,334.05,7.834705696316058,-0.28046369421928297,-0.3722288551678573,0.4268421411466726,0.5528536646435598,-0.23195393419261412,27.63483856239155,True,2026-10-09,False,False,NEITHER,False
AWL,0,,,,0,,WEAK,False,False,182.18,25.418623902542496,-0.04115789473684206,-0.3190865726582257,0.8122164262611481,0.6473371484227979,-0.03647003392648354,42.746740924977274,True,2026-10-09,False,False,NEITHER,False
BAJAJFINSV,0,,,,0,,WEAK,False,False,1734.7,31.747724995193686,-0.09462421711899793,-0.13377227879870235,0.8988722246884988,0.7909704885227637,-0.0505032286069215,39.0890500912372,True,2026-10-09,False,False,NEITHER,False
BAJAJHCARE,0,,,,0,,WEAK,False,False,320.0,20.295674244112583,-0.07815703496305293,-0.3143202708987357,0.4599081129060485,0.6347056103657569,-0.006957834148256592,46.19761048372755,True,2026-10-09,False,False,NEITHER,False
BAJAJHFL,0,,,,0,,WEAK,False,False,81.51,29.23379983516979,-0.0744862009487407,-0.259,1.1126497216846654,0.7184663040333641,-0.040994889740623874,39.45357178971364,True,2026-10-09,False,False,NEITHER,False
BAJEL,0,,,,0,,WEAK,False,False,157.26,21.56115770808623,-0.1666770006718371,-0.20934940698854332,0.4875879982992971,0.7184394495518471,-0.12751022543121218,36.77346443753882,True,2026-10-09,False,False,NEITHER,False
BALAJITELE,0,,,,0,,WEAK,False,False,91.04,27.109553819813115,-0.013544272436094795,-0.2758511047086447,0.6400820074303838,0.6833296023380548,-0.008336478330196117,48.355310252020544,True,2026-10-09,False,False,NEITHER,False
BALKRISIND,0,,,,0,,WEAK,False,False,2010.3,25.7275523845592,-0.10457916675139656,-0.11500093828815405,0.3500112409945492,0.7269526648967984,-0.08850719932346608,40.68795790533046,True,2026-10-09,False,False,NEITHER,False
BANCOINDIA,0,,,,0,,WEAK,False,False,590.8,23.70776896157303,-0.12234447259748282,-0.238312918420981,0.5082204694179984,0.6960199002773275,-0.04100336119007,44.42547330077058,True,2026-10-09,False,False,NEITHER,False
BANDHANBNK,0,,,,0,,WEAK,False,False,157.0,28.02676362525378,-0.24590057482649708,-0.06472440546929525,0.9863360455575433,0.7173441000538867,-0.13643108508523952,40.833044823161806,True,2026-10-09,False,False,NEITHER,False
BANKBARODA,0,,,,0,,WEAK,False,False,235.8,33.83706538968879,-0.060370580324680456,-0.08811875719608608,0.9834165815052751,0.7478547200854442,-0.06803780425060636,39.481613399670266,True,2026-10-09,False,False,NEITHER,False
BATAINDIA,0,,,,0,,WEAK,False,False,613.25,11.41527240010268,-0.06968651245218793,-0.4503271890626168,0.21011058411116637,0.5190367744379021,-0.07626850841176779,34.60297461797509,True,2026-10-09,False,False,NEITHER,False
BAYERCROP,0,,,,0,,WEAK,False,False,3492.0,20.620424071028474,-0.14258055268997727,-0.27843152132096094,0.876438790607728,0.6993988485266942,-0.1724884761502412,23.058607884770012,True,2026-10-09,False,False,NEITHER,False
BBL,0,,,,0,,WEAK,False,False,2189.0,21.12471812150733,-0.19536120531268453,-0.3279435763501102,1.0941179675382935,0.6501273549127775,-0.12860004283974155,38.952683353848286,True,2026-10-09,False,False,NEITHER,False
BBTC,0,,,,0,,WEAK,False,False,1222.1,10.787533001454225,-0.196673923108464,-0.3433470045263828,0.2824330731009389,0.5779161457513528,-0.17561957569521214,32.098986443802545,True,2026-10-09,False,False,NEITHER,False
BCLIND,0,,,,0,,WEAK,False,False,30.26,21.38301305747862,-0.10681373401788807,-0.24356420401176726,0.2687300257967359,0.7333980581778318,-0.1040907426996314,39.229882049683575,True,2026-10-09,False,False,NEITHER,False
BDL,0,,,,0,,WEAK,False,False,1075.9,16.521218037183615,-0.1995092667319499,-0.2973184921855162,0.6268598475430804,0.6612536264481049,-0.15678085094331456,35.54848701209259,True,2026-10-09,False,False,NEITHER,False
BERGEPAINT,0,,,,0,,WEAK,False,False,471.9,36.62944096575355,-0.043815295411621435,-0.11153350257797001,0.9754966622990618,0.7997020798108624,-0.02967339681171906,45.54156851056186,True,2026-10-09,False,False,NEITHER,False
BFUTILITIE,0,,,,0,,WEAK,False,False,469.1,9.730669561175024,-0.18953004510464388,-0.4215426438883372,0.18365139184478652,0.5624700239808154,-0.13602681646007797,36.893247894113124,True,2026-10-09,False,False,NEITHER,False
BHARATRAS,0,,,,0,,WEAK,False,False,964.7,4.001399529975336,-0.28078327673875436,-0.6038514345832887,0.9577303228146535,0.32305169794497524,-0.266569526352002,24.65134700508972,True,2026-10-09,False,False,NEITHER,False
BHARTIARTL,0,,,,0,,WEAK,False,False,1805.1,39.5345054766712,-0.04820997003936822,-0.05777739037218088,1.1999425524580387,0.8405691790385849,-0.02586279528154773,45.03112346524153,True,2026-10-09,False,False,NEITHER,False
BIOCON,0,,,,0,,WEAK,False,False,349.4,31.707856525578737,-0.16511350059737162,-0.010276334334254122,0.7268089536649891,0.7813932791440145,-0.12154476281209502,30.260524607376937,True,2026-10-09,False,False,NEITHER,False
BIRLACORPN,0,,,,0,,WEAK,False,False,817.3,21.3766689389279,-0.1423135093865403,-0.3026239868743369,0.9084802218097404,0.6150544623587737,-0.10775960958921404,36.65572351812583,True,2026-10-09,False,False,NEITHER,False
BIRLAMONEY,0,,,,0,,WEAK,False,False,115.34,13.217604535535418,-0.2305536711385744,-0.3441001080653695,0.3912793957263898,0.6413121828509373,-0.12063615740023721,36.95209675164377,True,2026-10-09,False,False,NEITHER,False
BLS,0,,,,0,,WEAK,False,False,216.23,14.649899801580155,-0.08621474214196612,-0.3526304024369241,0.3169836869932745,0.6079684183984336,-0.14649206422310326,35.71400341894562,True,2026-10-09,False,False,NEITHER,False
BLUEDART,0,,,,0,,WEAK,False,False,4560.4,26.69834446878035,-0.07278788009351456,-0.171137768084333,0.7512696286780282,0.648152359295054,-0.08478814084709148,35.65780211857896,True,2026-10-09,False,False,NEITHER,False
BLUESTARCO,0,,,,0,,WEAK,False,False,1574.0,32.39079209909127,-0.04830367701362004,-0.18848735513892756,0.9285692080302999,0.7780605408116347,-0.025064882155717647,47.92996289969977,True,2026-10-09,False,False,NEITHER,False
BOMDYEING,0,,,,0,,WEAK,False,False,97.11,11.151779151881836,-0.23734712552218018,-0.44439450166973216,0.7715648729754795,0.539067934593973,-0.16935131375762472,31.191413283772434,True,2026-10-09,False,False,NEITHER,False
BORORENEW,0,,,,0,,WEAK,False,False,430.4,9.821537207358038,-0.3280774206507222,-0.3304814243670089,0.42349542094963044,0.5969486823855755,-0.16831989543512366,34.45050195236057,True,2026-10-09,False,False,NEITHER,False
BOROSCI,0,,,,0,,WEAK,False,False,107.27,17.527747298359998,-0.321762787580797,-0.2204781663816755,0.998209767355311,0.5933075121093427,-0.18703233125629262,35.00406662781846,True,2026-10-09,False,False,NEITHER,False
BPCL,0,,,,0,,WEAK,False,False,287.8,34.05860895156053,-0.07086359967715894,-0.10813188438568155,1.1086425228536192,0.7348397918680101,-0.05416064847096944,38.86211369193203,True,2026-10-09,False,False,NEITHER,False
BRIGHOTEL,0,,,,0,,WEAK,False,False,55.48,18.258694189775415,-0.13231152343464525,-0.3157375586201524,0.4926965621207155,0.6319626315231909,-0.08980044435707502,32.19022304391531,True,2026-10-09,False,False,NEITHER,False
BRITANNIA,0,,,,0,,WEAK,False,False,4825.0,29.42491047273091,-0.0836246310748956,-0.16454779678396214,0.7180259835990049,0.782228879985424,-0.0843618697837907,33.02367117015929,True,2026-10-09,False,False,NEITHER,False
BUTTERFLY,0,,,,0,,WEAK,False,False,542.45,15.475703374736149,-0.25864426547731667,-0.23517800493479024,0.35454412377402683,0.6584329866784295,-0.15943316607881777,32.49572760182956,True,2026-10-09,False,False,NEITHER,False
CAMLINFINE,0,,,,0,,WEAK,False,False,89.98,2.9190713784457367,-0.2999299707883165,-0.549220982291136,0.48384459571514093,0.42453409434100137,-0.22986944798750097,29.90173928719497,True,2026-10-09,False,False,NEITHER,False
CAMPUS,0,,,,0,,WEAK,False,False,197.0,17.099000951956445,-0.14167537417348497,-0.2931210859264727,0.32419783694137494,0.6891947213653462,-0.13884148861852452,30.650320842906595,True,2026-10-09,False,False,NEITHER,False
CAMS,0,,,,0,,WEAK,False,False,672.5,31.76847912277663,-0.14656501060922533,-0.11408635532146472,0.963748157015515,0.8026242460704367,-0.09482536950907874,37.354447479500834,True,2026-10-09,False,False,NEITHER,False
CANBK,0,,,,0,,WEAK,False,False,119.59,34.49576364251055,-0.07136200393235514,-0.030261329372608836,0.9152735302289533,0.758395305715345,-0.06607068267883393,39.26211001247371,True,2026-10-09,False,False,NEITHER,False
CANFINHOME,0,,,,0,,WEAK,False,False,718.15,28.984714341666407,-0.2206728160607705,-0.07981949518902531,1.0865155297270597,0.7459801193288772,-0.13335911495106173,32.13018434802814,True,2026-10-09,False,False,NEITHER,False
CAPACITE,0,,,,0,,WEAK,False,False,172.56,11.425934551444946,-0.281,-0.3974860206792825,0.9023104768414044,0.5491169451073986,-0.22294072214172062,31.636788734064012,True,2026-10-09,False,False,NEITHER,False
CARERATING,0,,,,0,,WEAK,False,False,1544.2,37.78307754854046,-0.06502783795927047,0.0570874639892871,0.7071948315919737,0.8472187971537891,-0.057872499617766936,40.74866045709342,True,2026-10-09,False,False,NEITHER,False
CARRARO,0,,,,0,,WEAK,False,False,508.5,35.72397275229922,-0.09537483097857014,0.10271473517584928,0.5728514686389619,0.7713469870676065,-0.0400124998372417,45.81968703233531,True,2026-10-09,False,False,NEITHER,False
CCAVENUE,0,,,,0,,WEAK,False,False,14.9,24.22873341803683,-0.1767955974600861,-0.238241287994732,0.8104987881678436,0.7268292682926829,-0.019285199920981592,45.14717261466251,True,2026-10-09,False,False,NEITHER,False
CDSL,0,,,,0,,WEAK,False,False,1260.0,26.273346032945767,-0.11202354558102257,-0.2079403026992932,0.6135668830487937,0.7596902150885108,-0.030010439700840767,43.43982884371319,True,2026-10-09,False,False,NEITHER,False
CEATLTD,0,,,,0,,WEAK,False,False,3262.3,26.167397196336992,-0.14767536707852458,-0.06901366264683673,0.2620357262169885,0.7425864014673134,-0.049099082899257386,43.9600829961653,True,2026-10-09,False,False,NEITHER,False
CENTRALBK,0,,,,0,,WEAK,False,False,30.1,26.388400327851866,-0.07668707334773861,-0.18896816499361135,0.5382928500188467,0.7476272157302377,-0.06739897655423474,39.107695753397934,True,2026-10-09,False,False,NEITHER,False
CENTRUM,0,,,,0,,WEAK,False,False,19.58,12.2515053259276,-0.20309319319508934,-0.417261878297982,0.8772983356770921,0.5454038765398252,-0.17877165108590407,33.69199564388913,True,2026-10-09,False,False,NEITHER,False
CENTURYPLY,0,,,,0,,WEAK,False,False,665.7,27.334405484654454,-0.15620777249512896,-0.1344035353904911,0.6829391310963571,0.7760138084455052,-0.110431210815203,32.13711353961973,True,2026-10-09,False,False,NEITHER,False
CERA,0,,,,0,,WEAK,False,False,5002.5,23.22154492104145,-0.20765027322404372,-0.15195960842100453,0.45620352062503505,0.7507799543945038,-0.10767806206354302,35.49860087925943,True,2026-10-09,False,False,NEITHER,False
CESC,0,,,,0,,WEAK,False,False,133.23,27.185501484602003,-0.15717034088254545,-0.1656616084147826,1.1020907742377157,0.6756237487834724,-0.15489105731295208,31.0297007005001,True,2026-10-09,False,False,NEITHER,False
CEWATER,0,,,,0,,WEAK,False,False,257.95,4.629209050611569,-0.26843449933386687,-0.4795197804212251,0.29633424139889203,0.4994191674733785,-0.11446652239911359,40.650314442257766,True,2026-10-09,False,False,NEITHER,False
CHAMBLFERT,0,,,,0,,WEAK,False,False,374.3,25.247685592469796,-0.1639878469739513,-0.2306018783004674,1.100808733646619,0.7345393844589806,-0.1449304539119412,29.097406834110714,True,2026-10-09,False,False,NEITHER,False
CHOLAHLDNG,0,,,,0,,WEAK,False,False,1400.4,19.200085263333396,-0.15168236337108454,-0.23723441347628615,0.3657659768981531,0.6790240011690075,-0.09320840597093938,39.23136858572688,True,2026-10-09,False,False,NEITHER,False
CIEINDIA,0,,,,0,,WEAK,False,False,370.75,21.69943722919484,-0.20148608712581462,-0.1108165236993881,0.34575816095407075,0.7149812936836835,-0.1470141148605383,32.063771981658604,True,2026-10-09,False,False,NEITHER,False
CIPLA,0,,,,0,,WEAK,False,False,1301.0,31.066988405283322,-0.09615118943074985,-0.15917191096547068,0.7393222522806824,0.7849404731688313,-0.04698815075609949,38.14870913117167,True,2026-10-09,False,False,NEITHER,False
CMSINFO,0,,,,0,,WEAK,False,False,213.85,12.294716674310582,-0.17597520671361366,-0.3984264944375304,0.6169798659701867,0.5545396918160802,-0.20857885534637083,27.360974813381148,True,2026-10-09,False,False,NEITHER,False
COASTCORP,0,,,,0,,WEAK,False,False,36.33,18.295463937169078,-0.2803307260975766,-0.03346747366560099,0.4629029073434755,0.5483297494848807,-0.2381843125580698,34.15920758527561,True,2026-10-09,False,False,NEITHER,False
COCHINSHIP,0,,,,0,,WEAK,False,False,1230.0,21.328220157261498,-0.13160484993920207,-0.3035435908020001,0.9648680759274066,0.6572360637521143,-0.15767371263869714,34.69629997611497,True,2026-10-09,False,False,NEITHER,False
CONTROLPR,0,,,,0,,WEAK,False,False,611.35,26.022734582133218,-0.05283137588057474,-0.22760104677288207,0.3082401833285671,0.7529624503649617,-0.0013723042381340578,49.23451193290831,True,2026-10-09,False,False,NEITHER,False
CREDITACC,0,,,,0,,WEAK,False,False,1267.5,28.636308258816534,-0.17124363818053456,-0.08158827445680661,0.5906014163360968,0.7757037943696451,-0.0736545157086722,42.13996622197956,True,2026-10-09,False,False,NEITHER,False
CRIZAC,0,,,,0,,WEAK,False,False,162.94,9.50186681353031,-0.18538147925420367,-0.40255639032120427,0.49335592866292455,0.505405004594031,-0.1648542396214666,37.810974972736496,True,2026-10-09,False,False,NEITHER,False
CROMPTON,0,,,,0,,WEAK,False,False,205.11,17.971281514529664,-0.20681414483777616,-0.2786211956669903,0.7051314371138518,0.6685241239855146,-0.18179703396077765,30.938902749858443,True,2026-10-09,False,False,NEITHER,False
CSBBANK,0,,,,0,,WEAK,False,False,300.35,16.875014853589892,-0.1666204076399962,-0.22947663056489775,0.5919209268282528,0.5228934318141488,-0.13915572754181812,38.64304966572442,True,2026-10-09,False,False,NEITHER,False
DABUR,0,,,,0,,WEAK,False,False,386.7,27.45235003477126,-0.11676045036248595,-0.1958657167708331,0.7479306970179175,0.7335519600022153,-0.07568569529136268,39.090338857629696,True,2026-10-09,False,False,NEITHER,False
DALBHARAT,0,,,,0,,WEAK,False,False,1598.6,17.337544900061598,-0.10517772180240703,-0.2789441534748437,0.18120929238080447,0.6923989112431027,-0.10735952301548671,32.10137209943868,True,2026-10-09,False,False,NEITHER,False
DAMCAPITAL,0,,,,0,,WEAK,False,False,143.45,15.637585101579237,-0.05861115709004716,-0.42079701611067355,0.3877487638064177,0.5049597130907114,-0.03087196368715115,42.835714450574415,True,2026-10-09,False,False,NEITHER,False
DATAMATICS,0,,,,0,,WEAK,False,False,745.8,24.97412503458171,-0.16640699631618805,-0.15031832500052156,0.29890889661396314,0.743177019399897,-0.04084140840680441,44.50225133036002,True,2026-10-09,False,False,NEITHER,False
DAVANGERE,0,,,,0,,WEAK,False,False,2.26,3.459753145015906,-0.3542857142857143,-0.38419619808776617,0.4219818996563129,0.4109090909090909,-0.30915019440657726,32.81389189743217,True,2026-10-09,False,False,NEITHER,False
DBCORP,0,,,,0,,WEAK,False,False,172.95,14.143496769256029,-0.1299880579610293,-0.3315872654928296,0.20604495246469198,0.6361298216350858,-0.13360267200670006,29.074153277541896,True,2026-10-09,False,False,NEITHER,False
DBL,0,,,,0,,WEAK,False,False,395.65,22.686040543819253,-0.06959095732026543,-0.2436435392275499,0.20159415455624433,0.7369627383797502,-0.07035121184364199,42.17705348393719,True,2026-10-09,False,False,NEITHER,False
DBREALTY,0,,,,0,,WEAK,False,False,84.98,12.674400141963634,-0.2563227225301895,-0.46947181991694065,1.1826902647829756,0.5197553516819572,-0.21245540199448626,33.896809943929995,True,2026-10-09,False,False,NEITHER,False
DCAL,0,,,,0,,WEAK,False,False,149.68,7.177162802486885,-0.23574166282697318,-0.490711115656847,0.45745980604167646,0.4891503267973856,-0.14985138189098948,33.1928228171012,True,2026-10-09,False,False,NEITHER,False
DCW,0,,,,0,,WEAK,False,False,44.19,21.745654138719733,-0.09417461867092258,-0.3515209366465516,0.8361307547167423,0.615113398378833,-0.03630580217126429,43.4006370393246,True,2026-10-09,False,False,NEITHER,False
DCXINDIA,0,,,,0,,WEAK,False,False,150.41,12.634102152784637,-0.24858869273180195,-0.3793942910496273,0.6692752714963999,0.5968414081923248,-0.17637267402239634,33.50269004698025,True,2026-10-09,False,False,NEITHER,False
DDEVPLSTIK,0,,,,0,,WEAK,False,False,244.17,25.479335174437352,-0.13828936552986248,-0.22197726054781963,0.6486850726196757,0.6828229994229879,-0.04381572229567808,40.088728416887506,True,2026-10-09,False,False,NEITHER,False
DECCANCE,0,,,,0,,WEAK,False,False,547.75,12.5406504040261,-0.04993789998191833,-0.45099809202368757,0.3943144006911684,0.4983938967162311,-0.07161482107273248,37.807696693352895,True,2026-10-09,False,False,NEITHER,False
DELHIVERY,0,,,,0,,WEAK,False,False,400.5,22.7528894800003,-0.23025175976102086,-0.13843176349057806,0.5473899051450757,0.7643129770992366,-0.12046323237702578,37.59532937131607,True,2026-10-09,False,False,NEITHER,False
DEN,0,,,,0,,WEAK,False,False,25.85,25.97258577501567,-0.11442276371871418,-0.2537528736872662,0.9356224380039061,0.7190542267428418,-0.06271528645271242,40.500411074207456,True,2026-10-09,False,False,NEITHER,False
DENTA,0,,,,0,,WEAK,False,False,259.8,7.888348095215972,-0.25740776440051893,-0.41933074035697837,0.2135247658624807,0.5466475589591167,-0.08857751241190327,41.715607427275195,True,2026-10-09,False,False,NEITHER,False
DIAMONDYD,0,,,,0,,WEAK,False,False,1049.4,34.31852583303589,-0.11834317511882853,0.03436160451405845,0.4743751550972966,0.8432747629260812,-0.03289272573847133,42.512764846548436,True,2026-10-09,False,False,NEITHER,False
DIGITIDE,0,,,,0,,WEAK,False,False,69.9,-2.112050666693335,-0.35391442441406185,-0.5891377300074262,0.21687205257980743,0.37596816205044253,-0.22989067277340106,29.65307328199286,True,2026-10-09,False,False,NEITHER,False
DJML,0,,,,0,,WEAK,False,False,72.05,8.75791039490371,-0.36424601750728236,-0.25391674177873436,0.2798076645603373,0.5780351681398267,-0.24849278310448208,35.92959444459582,True,2026-10-09,False,False,NEITHER,False
DLINKINDIA,0,,,,0,,WEAK,False,False,407.1,25.257516402065455,-0.19616943392710995,-0.0851268793511818,0.24068785003942683,0.7805708657550849,-0.07210864231367921,41.11564876556217,True,2026-10-09,False,False,NEITHER,False
DODLA,0,,,,0,,WEAK,False,False,995.7,22.70521617344773,-0.10947140529342558,-0.23696759899138864,0.4661547462252306,0.7143073550722754,-0.0699843898998638,37.663273949305065,True,2026-10-09,False,False,NEITHER,False
DOLATALGO,0,,,,0,,WEAK,False,False,59.58,20.71179466736924,-0.17433485343231814,-0.24388369514606367,1.0955936727093685,0.6229905957754582,-0.17503600822834206,31.81457378591432,True,2026-10-09,False,False,NEITHER,False
DOMS,0,,,,0,,WEAK,False,False,2059.4,22.8271119952811,-0.13188446769033046,-0.19212964231062368,0.3314707790182279,0.7487536127713439,-0.07918451766594456,36.57929537629451,True,2026-10-09,False,False,NEITHER,False
DRREDDY,0,,,,0,,WEAK,False,False,1197.0,39.05445495453654,-0.03801337858394516,-0.04730229953446585,1.011364727811471,0.8513611549999699,-0.033447683582350986,46.51129233537554,True,2026-10-09,False,False,NEITHER,False
EASEMYTRIP,0,,,,0,,WEAK,False,False,5.76,15.359312876739438,-0.16521740284218445,-0.2844720666429966,0.6089391661921144,0.5433962068595092,-0.16392490645014413,36.082587273225734,True,2026-10-09,False,False,NEITHER,False
EFCIL,0,,,,0,,WEAK,False,False,169.35,14.084544458070251,-0.11911573472041614,-0.46101211514781015,0.8712621180929587,0.5042429564458694,-0.10348102313536935,37.121692197240186,True,2026-10-09,False,False,NEITHER,False
EIDPARRY,0,,,,0,,WEAK,False,False,688.9,17.67333834687934,-0.09193965882744604,-0.32888455918168535,0.51180193878732,0.6161896243291592,-0.1038349445069702,35.65087122584377,True,2026-10-09,False,False,NEITHER,False
EIEL,0,,,,0,,WEAK,False,False,179.96,16.732896971889712,-0.2639371918823419,-0.27674626355304466,0.43522687857887593,0.698439794466495,-0.09327564623026607,40.95498821568568,True,2026-10-09,False,False,NEITHER,False
EIHAHOTELS,0,,,,0,,WEAK,False,False,290.65,24.759207182004815,-0.08085876801931546,-0.23114343933129322,0.41642724471734804,0.7284556049651343,-0.05128220167240476,41.59338392753134,True,2026-10-09,False,False,NEITHER,False
EIHOTEL,0,,,,0,,WEAK,False,False,291.3,23.32788848523347,-0.11259477464517287,-0.24122419801185901,0.40113926520073234,0.722523172031297,-0.05783548997811828,42.72579232528986,True,2026-10-09,False,False,NEITHER,False
EKC,0,,,,0,,WEAK,False,False,102.88,21.002709837139065,-0.09930501872734232,-0.26406241724944524,0.280614101817935,0.6703198367568998,-0.06848190621639834,43.00918983978232,True,2026-10-09,False,False,NEITHER,False
ELECON,0,,,,0,,WEAK,False,False,416.4,19.813980485304484,-0.18440895121742162,-0.2494001239062894,0.36170465051837686,0.6676861648378108,-0.10014195729574075,42.76945772402951,True,2026-10-09,False,False,NEITHER,False
ELECTHERM,0,,,,0,,WEAK,False,False,690.8,10.82317225983868,-0.3829388119696293,-0.4051237890204521,1.1817289410876337,0.5409553641346907,-0.23075066441460876,34.77135251167549,True,2026-10-09,False,False,NEITHER,False
ELIN,0,,,,0,,WEAK,False,False,75.03,-0.03236033463614785,-0.252018723695283,-0.6305215083771177,0.3778420776188321,0.33647247926678986,-0.28528335957422635,26.94512964740379,True,2026-10-09,False,False,NEITHER,False
EMAMILTD,0,,,,0,,WEAK,False,False,369.45,23.899992985506138,-0.12327953167755801,-0.3053801500031328,0.9847305527977831,0.6727890198350048,-0.08645821053148807,38.43120866507061,True,2026-10-09,False,False,NEITHER,False
EMBDL,0,,,,0,,WEAK,False,False,55.51,17.17953986602754,-0.16198668795003668,-0.4161144401158333,0.7565214608553162,0.5698008729556205,-0.042397196589702944,43.348135514855166,True,2026-10-09,False,False,NEITHER,False
EMSLIMITED,0,,,,0,,WEAK,False,False,320.05,8.10545555275452,-0.2985430221193015,-0.41547373477193306,0.36984337926533406,0.5570679419596671,-0.1009698965303752,40.005098502162774,True,2026-10-09,False,False,NEITHER,False
EPACK,0,,,,0,,WEAK,False,False,170.47,6.725605183945399,-0.26943514752974884,-0.5181060070671378,0.7368742776414298,0.47570809849730206,-0.22917618240133156,27.868694568180075,True,2026-10-09,False,False,NEITHER,False
ESCORTS,0,,,,0,,WEAK,False,False,2730.5,26.970182848724367,-0.07182678813004206,-0.2371499363821431,0.9418549973950979,0.6959539061610783,-0.0744920013779076,38.41997923696348,True,2026-10-09,False,False,NEITHER,False
ESSARSHPNG,0,,,,0,,WEAK,False,False,16.25,4.863691188126572,-0.2822437969044338,-0.4594144947204323,0.6995211211369557,0.375635705744153,-0.2459746699984943,31.241106720767007,True,2026-10-09,False,False,NEITHER,False
EUREKAFORB,0,,,,0,,WEAK,False,False,339.0,13.573912108945756,-0.2504974372115826,-0.37523034417035495,1.1956948781252337,0.5072572290769188,-0.23971995769925308,26.928915018826686,True,2026-10-09,False,False,NEITHER,False
EUROPRATIK,0,,,,0,,WEAK,False,False,176.69,6.5537776745488765,-0.4365752660678306,-0.32746780055995395,0.9763983760139555,0.45344191961367375,-0.32103719453879914,29.68803073852237,True,2026-10-09,False,False,NEITHER,False
FACT,0,,,,0,,WEAK,False,False,729.4,19.25112227861291,-0.14744899724491067,-0.18251611095544973,0.10997075356972105,0.6890232541298477,-0.12639208384525477,36.39875247118436,True,2026-10-09,False,False,NEITHER,False
FDC,0,,,,0,,WEAK,False,False,330.15,18.548103271279462,-0.23629421854596266,-0.2668347194206654,0.5183400788321297,0.70184723834535,-0.10663630057976048,35.837520014368295,True,2026-10-09,False,False,NEITHER,False
FEDFINA,0,,,,0,,WEAK,False,False,146.39,32.68338593369741,-0.08127272897904014,-0.061121076711527444,0.5523412307372635,0.820203964053616,-0.031137204815506362,44.96093473734879,True,2026-10-09,False,False,NEITHER,False
FIEMIND,0,,,,0,,WEAK,False,False,1747.7,21.952628141825926,-0.20978279947393763,-0.08468413545067277,0.5759830658610982,0.6533946344010637,-0.1854909612320129,32.4274772022448,True,2026-10-09,False,False,NEITHER,False
FINPIPE,0,,,,0,,WEAK,False,False,151.16,29.19857968222002,-0.09198825482824724,-0.2025836156825951,0.8704748260418115,0.7472607547955616,-0.07546839416985908,36.553122941819574,True,2026-10-09,False,False,NEITHER,False
FISCHER,0,,,,0,,WEAK,False,False,30.37,-1.800601664115157,-0.21344016136438904,-0.686074228201215,0.3197787689046319,0.24992826187726444,-0.17707088590334086,34.97868220339852,True,2026-10-09,False,False,NEITHER,False
FLAIR,0,,,,0,,WEAK,False,False,220.52,14.754819446894327,-0.15065024041795627,-0.29685427795023955,0.36356001034436125,0.6404589198050239,-0.19511636266969148,27.685058853897615,True,2026-10-09,False,False,NEITHER,False
FORCEMOT,0,,,,0,,WEAK,False,False,16900.0,31.97731425328486,-0.06724929090766407,0.07395471773098272,0.695684939542227,0.6407591406626231,-0.10624193965000465,39.94339703023623,True,2026-10-09,False,False,NEITHER,False
FUSION,0,,,,0,,WEAK,False,False,164.03,20.233805352672796,-0.29913687956972357,-0.15308753509411321,0.5863539627733034,0.6750205761316872,-0.1287142413038101,37.89713397247507,True,2026-10-09,False,False,NEITHER,False
GALLANTT,0,,,,0,,WEAK,False,False,503.75,14.290605929839671,-0.24265567491629103,-0.2308465083336828,0.6123450912202257,0.5333365382536575,-0.21426799542386207,36.830456002179716,True,2026-10-09,False,False,NEITHER,False
GANGAFORGE,0,,,,0,,WEAK,False,False,1.48,-0.5310943906758663,-0.33031675364089974,-0.5934066051245452,0.41749544582035536,0.35662649782878236,-0.32997769487283707,37.117451892249264,True,2026-10-09,False,False,NEITHER,False
GATEWAY,0,,,,0,,WEAK,False,False,51.01,32.430050204237915,-0.11202897454553962,-0.1378951357483421,1.0054261946063754,0.8177690612142223,-0.074719032843725,38.2153337718303,True,2026-10-09,False,False,NEITHER,False
GEMAROMA,0,,,,0,,WEAK,False,False,148.11,6.179533918405905,-0.2828991729712418,-0.4120985817254055,0.11861024276994556,0.565521204473721,-0.11875130198063985,39.73811802429989,True,2026-10-09,False,False,NEITHER,False
GHCL,0,,,,0,,WEAK,False,False,386.25,17.79591981171751,-0.11420706154591886,-0.3718693069849405,0.8361989254186237,0.5945212047583212,-0.12080942608758934,28.908298481459667,True,2026-10-09,False,False,NEITHER,False
GICHSGFIN,0,,,,0,,WEAK,False,False,131.53,27.182876312908043,-0.13026513445805565,-0.2202033562207688,0.969571498428827,0.7346616932202346,-0.09225808897808417,34.77178150014663,True,2026-10-09,False,False,NEITHER,False
GICRE,0,,,,0,,WEAK,False,False,312.6,28.694482378783402,-0.11046799686158171,-0.15415088225880447,0.9344127610801128,0.7768373642722285,-0.12107144317448773,31.54649302281061,True,2026-10-09,False,False,NEITHER,False
GKENERGY,0,,,,0,,WEAK,False,False,113.08,9.803642401883808,-0.20894293249168094,-0.39865247328028963,0.43677789714954063,0.47387488303817094,-0.10739558210679366,41.76439492512709,True,2026-10-09,False,False,NEITHER,False
GLOBUSSPR,0,,,,0,,WEAK,False,False,780.95,17.736590834356274,-0.150535481091158,-0.29853846977030585,0.5783394395546466,0.6279446348952354,-0.12274730399659196,37.330209035923666,True,2026-10-09,False,False,NEITHER,False
GMDCLTD,0,,,,0,,WEAK,False,False,462.15,18.147753807776915,-0.20292871001322266,-0.22500569843814178,0.8627181306007361,0.6089814275370308,-0.21694364127010143,31.804978714854485,True,2026-10-09,False,False,NEITHER,False
GMRP&UI,0,,,,0,,WEAK,False,False,98.1,34.01929259681594,-0.00638107298199897,-0.1255905351171115,0.8758651406051265,0.7197358606275895,-0.032881378117127484,46.68931096589535,True,2026-10-09,False,False,NEITHER,False
GOCOLORS,0,,,,0,,WEAK,False,False,292.75,6.017492376595028,-0.13909716068499378,-0.5667776544580096,0.3218745415526157,0.4091830246769027,-0.07995510764710563,39.63223104020136,True,2026-10-09,False,False,NEITHER,False
GODAVARIB,0,,,,0,,WEAK,False,False,221.26,17.127374981002056,-0.18263764306452845,-0.12337557309631186,0.12889438624407967,0.6267988668555241,-0.19805438987746868,34.46485124702646,True,2026-10-09,False,False,NEITHER,False
GODFRYPHLP,0,,,,0,,WEAK,False,False,1813.2,12.41972192445717,-0.13027803729507537,-0.4461940164619106,0.5475473547256586,0.5307227982124346,-0.14010447758020675,35.31769447820098,True,2026-10-09,False,False,NEITHER,False
GODIGIT,0,,,,0,,WEAK,False,False,272.85,25.53001945621852,-0.12548076923076912,-0.24813997082119188,0.7761056895617933,0.7295454545454546,-0.06120435591661151,45.5901834475754,True,2026-10-09,False,False,NEITHER,False
GODREJCP,0,,,,0,,WEAK,False,False,860.5,20.681398216717458,-0.20502193312126293,-0.2236131555485067,0.6793178472011606,0.6855599672960743,-0.1340511606896776,31.992621715600848,True,2026-10-09,False,False,NEITHER,False
GODREJIND,0,,,,0,,WEAK,False,False,985.4,21.423131430954864,-0.3049304973274032,-0.08666236194112731,0.3665478269217859,0.6828828828828829,-0.11066319798343846,37.80614627522066,True,2026-10-09,False,False,NEITHER,False
GODREJPROP,0,,,,0,,WEAK,False,False,1550.0,16.84936843310718,-0.26981140321619734,-0.25546521462369143,0.6587921217895644,0.6621990620052071,-0.14468110823828312,34.58612062610921,True,2026-10-09,False,False,NEITHER,False
GOKEX,0,,,,0,,WEAK,False,False,667.7,24.637404978420317,-0.19819873911738206,-0.15518438587286487,0.7853930955520081,0.6992355041667407,-0.09420191551130035,38.51227682221563,True,2026-10-09,False,False,NEITHER,False
GOODYEAR,0,,,,0,,WEAK,False,False,676.85,9.611708648944726,-0.10410628273004197,-0.4025361815602996,0.39359916084474206,0.48201652346350127,-0.17982746493139568,23.27808381992429,True,2026-10-09,False,False,NEITHER,False
GOPAL,0,,,,0,,WEAK,False,False,253.35,26.25140998091031,-0.05765298773155936,-0.2694970690209533,0.7324905017888834,0.6975261136699027,-0.07506536249026916,39.39008379167606,True,2026-10-09,False,False,NEITHER,False
GPIL,0,,,,0,,WEAK,False,False,206.47,23.043258630635002,-0.18489447713006513,-0.14871439321413427,1.0404040249187083,0.6478815559799855,-0.2048406681078133,27.94754838071792,True,2026-10-09,False,False,NEITHER,False
GREENLAM,0,,,,0,,WEAK,False,False,206.34,21.20967517292746,-0.1997673255157364,-0.18290772306896386,0.3784986668027428,0.7407647066685978,-0.1289323412724159,34.33327532809989,True,2026-10-09,False,False,NEITHER,False
GREENPANEL,0,,,,0,,WEAK,False,False,153.78,8.924142789836369,-0.19120979472972,-0.502325132779949,0.6370723400573631,0.49101805131057275,-0.17400756009964233,32.95546348766459,True,2026-10-09,False,False,NEITHER,False
GREENPOWER,0,,,,0,,WEAK,False,False,8.56,15.056370861376859,-0.15748030230725352,-0.34355828028824653,0.5890747632814298,0.5733422521788232,-0.15640090772907433,30.435775498626185,True,2026-10-09,False,False,NEITHER,False
GRINFRA,0,,,,0,,WEAK,False,False,787.55,15.391662960477582,-0.13370363969880827,-0.37770664076000005,0.491388549624835,0.6028140241767534,-0.101973254521642,32.770684179247596,True,2026-10-09,False,False,NEITHER,False
GRMOVER,0,,,,0,,WEAK,False,False,80.02,12.632934399808914,-0.17995492418064551,-0.388771506878693,1.1640481797652247,0.43149097501647854,-0.3185940442244203,25.175175657372264,True,2026-10-09,False,False,NEITHER,False
GRSE,0,,,,0,,WEAK,False,False,2046.0,18.84170626838387,-0.2291977892503263,-0.22481583583783393,0.9604786810150152,0.6145179645986474,-0.20105693966629087,29.306091858083605,True,2026-10-09,False,False,NEITHER,False
GTLINFRA,0,,,,0,,WEAK,False,False,1.06,17.7369200237081,-0.2030075445136884,-0.29333333333333333,0.7248908094977131,0.6347305552333415,-0.1497326237898531,35.51136677652683,True,2026-10-09,False,False,NEITHER,False
HAPPSTMNDS,0,,,,0,,WEAK,False,False,306.1,10.43289104131162,-0.19995418412080967,-0.37954016633418675,0.28956172552216125,0.5813401125112009,-0.16506933714421007,34.9571999833755,True,2026-10-09,False,False,NEITHER,False
HARDWYN,0,,,,0,,WEAK,False,False,9.19,8.327479641858769,-0.47953073791122114,-0.04907602792533505,0.38896163326985145,0.454950477866353,-0.33846817053227085,29.918650645296125,True,2026-10-09,False,False,NEITHER,False
HARIOMPIPE,0,,,,0,,WEAK,False,False,334.85,23.260568915165862,-0.12515840229830433,-0.28614935728578694,0.4146788067224744,0.6917750682819225,-0.05966660065164438,41.65754350163418,True,2026-10-09,False,False,NEITHER,False
HAVELLS,0,,,,0,,WEAK,False,False,1041.5,20.475538664498483,-0.12361159659727472,-0.2981531124377409,0.6867021076522557,0.6907189317363929,-0.12974871144798852,29.769670933309712,True,2026-10-09,False,False,NEITHER,False
HBLENGINE,0,,,,0,,WEAK,False,False,719.05,26.949518443190215,-0.05980431402969455,-0.18197490496751945,0.5791478782494904,0.6434110468764168,-0.04096467408068492,46.62896086311607,True,2026-10-09,False,False,NEITHER,False
HCC,0,,,,0,,WEAK,False,False,19.01,16.975212204929424,-0.20426954852761303,-0.33624300261434625,0.5984264503970143,0.644406779661017,-0.11119769656417341,41.58955349138868,True,2026-10-09,False,False,NEITHER,False
HDBFS,0,,,,0,,WEAK,False,False,588.65,25.029528381254394,-0.22079556491067964,-0.19663080186718984,1.0155099843705602,0.7409703109720512,-0.12153913180772713,35.38456569951671,True,2026-10-09,False,False,NEITHER,False
HDFCBANK,0,,,,0,,WEAK,False,False,707.25,26.284227536000284,-0.14267532634146196,-0.26705320013480427,1.141757056130905,0.7045051607430358,-0.06132007168203472,35.578227741657315,True,2026-10-09,False,False,NEITHER,False
HDFCLIFE,0,,,,0,,WEAK,False,False,556.65,31.045948310692552,-0.01946452698507517,-0.2524635215309421,1.0169262469798017,0.7084768523401589,-0.026169522089807787,44.865279130726364,True,2026-10-09,False,False,NEITHER,False
HEGAM,0,,,,0,,WEAK,False,False,233.56,-0.5591585365578373,-0.5690668631851971,-0.5440992108745764,0.9215735162465962,0.3098023510233002,-0.5675606594816548,26.722972805715358,True,2026-10-09,False,False,NEITHER,False
HEIDELBERG,0,,,,0,,WEAK,False,False,124.27,19.420520444154267,-0.17485961336685163,-0.3493775492335204,1.1761289585943597,0.6289350718302292,-0.15215606277126398,26.068318527172053,True,2026-10-09,False,False,NEITHER,False
HEMIPROP,0,,,,0,,WEAK,False,False,110.35,19.540076152242968,-0.20571506645421,-0.2556994193405828,0.7280269075367818,0.6687878787878787,-0.16405525759141026,30.131974654733625,True,2026-10-09,False,False,NEITHER,False
HERANBA,0,,,,0,,WEAK,False,False,162.05,10.550268398373476,-0.11385134616450077,-0.48775091868664533,0.4803734608058966,0.49556574923547403,-0.11865482672350766,38.69182671671251,True,2026-10-09,False,False,NEITHER,False
HGINFRA,0,,,,0,,WEAK,False,False,401.75,3.3908964034213724,-0.28462320807257724,-0.5685156338444658,0.581648890773481,0.4226647254720397,-0.24461690136907663,25.12778582192155,True,2026-10-09,False,False,NEITHER,False
HGS,0,,,,0,,WEAK,False,False,355.55,17.856942346319126,-0.12834424449623705,-0.2715637143561689,0.23469475655180613,0.6609389449339385,-0.10769006058555908,32.74905599484981,True,2026-10-09,False,False,NEITHER,False
HIMATSEIDE,0,,,,0,,WEAK,False,False,59.52,8.329123941401331,-0.31059580302710565,-0.4928648578161481,1.0756681371267407,0.4614306883729351,-0.2382390377142428,28.975056756609803,True,2026-10-09,False,False,NEITHER,False
HINDPETRO,0,,,,0,,WEAK,False,False,326.0,26.98519579567935,-0.13282282423917813,-0.23454805173680737,1.1261387712274393,0.6741963262268929,-0.09059705405650702,34.727785256212115,True,2026-10-09,False,False,NEITHER,False
HINDUNILVR,0,,,,0,,WEAK,False,False,1856.7,24.215570670511866,-0.1366595760767173,-0.2525091224330026,0.8648998259572881,0.7087318281925964,-0.11407121330912506,27.561761448665706,True,2026-10-09,False,False,NEITHER,False
HINDWAREAP,0,,,,0,,WEAK,False,False,170.5,4.309212442193849,-0.3115283496785889,-0.5105497430382296,0.586338032580052,0.4341736559715524,-0.19513588092259584,32.58690824512681,True,2026-10-09,False,False,NEITHER,False
HOMEFIRST,0,,,,0,,WEAK,False,False,1076.6,32.97253029098624,-0.11948961888143383,-0.1153023823670114,0.974097849655205,0.8208479465154684,-0.04960541555351538,41.6433999008944,True,2026-10-09,False,False,NEITHER,False
HONAUT,0,,,,0,,WEAK,False,False,32495.0,29.38819907907559,-0.14638173320611914,-0.10659691752137435,0.4695601395180001,0.7831063983612483,-0.05199458238662309,40.55640010790706,True,2026-10-09,False,False,NEITHER,False
HONDAPOWER,0,,,,0,,WEAK,False,False,1827.0,20.553445267886254,-0.1240050316444361,-0.317333769263238,0.7846283231322713,0.6647594734911355,-0.12795343227040357,29.992083267381787,True,2026-10-09,False,False,NEITHER,False
HPL,0,,,,0,,WEAK,False,False,257.9,11.092948875663492,-0.2743732795503053,-0.41907518698532,0.883892694488305,0.539343720332286,-0.2124836769278002,28.95102314440905,True,2026-10-09,False,False,NEITHER,False
HUBTOWN,0,,,,0,,WEAK,False,False,155.42,9.82522893380131,-0.2487068996547429,-0.4996136608310233,1.0627443349526313,0.4584660766961652,-0.20006862141158058,33.45399299485507,True,2026-10-09,False,False,NEITHER,False
ICEMAKE,0,,,,0,,WEAK,False,False,661.0,29.81957540844818,-0.13243266150112576,-0.08980156931517425,0.9682347868858432,0.7207881448952671,-0.12686630254742517,39.989243405836454,True,2026-10-09,False,False,NEITHER,False
ICICIPRULI,0,,,,0,,WEAK,False,False,460.55,22.875870770698363,-0.09758010288612506,-0.22678889418322856,0.5768228977164724,0.6538600400077458,-0.08753008152884839,39.22787359019269,True,2026-10-09,False,False,NEITHER,False
ICRA,0,,,,0,,WEAK,False,False,4424.8,19.884552302652217,-0.14735660036734644,-0.2774624825464985,0.5973672788091878,0.6823722969948814,-0.11874656971349873,32.49532642849512,True,2026-10-09,False,False,NEITHER,False
IDEAFORGE,0,,,,0,,WEAK,False,False,668.6,39.447421103006235,-0.25772966971967803,0.40035602242289303,0.8434654861491588,0.673822121441169,-0.09240024393967866,43.14365418548541,True,2026-10-09,False,False,NEITHER,False
IEX,0,,,,0,,WEAK,False,False,104.78,23.7128891373683,-0.12420594671897134,-0.2298770548659974,0.8867588942791851,0.6720976678221112,-0.13998146207148973,32.40015017777675,True,2026-10-09,False,False,NEITHER,False
IFBIND,0,,,,0,,WEAK,False,False,1161.0,15.595503998593223,-0.15900036218761315,-0.3356983278385277,0.33936380020130447,0.5748093731721636,-0.04792493038343366,39.55048069407871,True,2026-10-09,False,False,NEITHER,False
IFGLEXPOR,0,,,,0,,WEAK,False,False,180.51,14.67019979486659,-0.20987947524615003,-0.31883622881163187,0.5335758077212579,0.539993633425629,-0.04820642796008876,43.05827072337698,True,2026-10-09,False,False,NEITHER,False
IGIL,0,,,,0,,WEAK,False,False,309.05,31.59364972348981,-0.10238901128024303,-0.096897045402214,0.7223033415871273,0.8019089789807682,-0.09519829128999899,39.53452128923136,True,2026-10-09,False,False,NEITHER,False
IGL,0,,,,0,,WEAK,False,False,146.15,27.322459936416607,-0.04146929882280315,-0.3037821341843523,1.0767240791221186,0.673415517668527,-0.05125639766174091,41.84806973247611,True,2026-10-09,False,False,NEITHER,False
IMFA,0,,,,0,,WEAK,False,False,1182.5,28.128439877261425,-0.15129633320702562,-0.027967761615772413,0.5935139420876779,0.7077498548813347,-0.13559952061947134,38.94099140660568,True,2026-10-09,False,False,NEITHER,False
INDIAMART,0,,,,0,,WEAK,False,False,1606.8,16.472306038243612,-0.16486486486486485,-0.3086889333135019,0.5186395293987069,0.6544999283429634,-0.14119515673586347,29.599641402730484,True,2026-10-09,False,False,NEITHER,False
INDIANB,0,,,,0,,WEAK,False,False,829.8,39.136954481285215,-0.046973712683612834,0.09175775861528979,0.7947585754827362,0.8467149031086633,-0.025367689935723033,47.819942911077234,True,2026-10-09,False,False,NEITHER,False
INDIASHLTR,0,,,,0,,WEAK,False,False,643.45,21.46137349091083,-0.19573775411829963,-0.25962577769849693,0.7864943400086946,0.7055590037397621,-0.12510107450049748,36.37573696975444,True,2026-10-09,False,False,NEITHER,False
INDOFARM,0,,,,0,,WEAK,False,False,133.54,11.991262020219855,-0.15121084061640744,-0.42232988252045867,0.5298495823689875,0.49151606168798856,-0.0517578059765823,42.88324491784858,True,2026-10-09,False,False,NEITHER,False
INDOTHAI,0,,,,0,,WEAK,False,False,36.75,-11.969737299819219,-0.8313501522327943,-0.9020090112156027,0.45520350196536874,0.0789853387091327,-0.8030294816567054,21.53542646423847,True,2026-10-09,False,False,NEITHER,False
INDRAMEDCO,0,,,,0,,WEAK,False,False,329.05,14.180781868223942,-0.12640238682488736,-0.41346908632624846,0.7978994349689783,0.5191693407789926,-0.125692925981257,35.99563508853818,True,2026-10-09,False,False,NEITHER,False
INDUSINDBK,0,,,,0,,WEAK,False,False,861.65,38.90630170686697,-0.1517523032540007,0.1306027580822875,1.0541519104306603,0.7994155211921701,-0.07186318514003126,38.0856824258277,True,2026-10-09,False,False,NEITHER,False
INDUSTOWER,0,,,,0,,WEAK,False,False,380.85,39.46820564902436,-0.027002150237840583,0.11728313027465975,0.7162897496712504,0.8207332807106944,-0.029648505197062983,47.0569775813677,True,2026-10-09,False,False,NEITHER,False
INFY,0,,,,0,,WEAK,False,False,1023.4,24.968134807279228,-0.041760299625468233,-0.29925945626927075,1.0776490636469584,0.6050611970383548,-0.09096961662681671,38.66812541073308,True,2026-10-09,False,False,NEITHER,False
INSECTICID,0,,,,0,,WEAK,False,False,581.3,22.82562847566999,-0.11790591805766315,-0.21449930411079798,0.32168136839112427,0.7500645161290322,-0.10682366550093282,37.35246566408716,True,2026-10-09,False,False,NEITHER,False
INTERARCH,0,,,,0,,WEAK,False,False,1700.1,30.69484965512496,-0.06792151844685934,-0.11920836121008382,1.0696407350600967,0.619991051663102,-0.055306211007705545,42.36718577720557,True,2026-10-09,False,False,NEITHER,False
IOB,0,,,,0,,WEAK,False,False,30.58,25.83598243187046,-0.11567384671051328,-0.2398707345771921,0.9202307535340261,0.7315789607213027,-0.08778139852452677,32.80208667412306,True,2026-10-09,False,False,NEITHER,False
IOC,0,,,,0,,WEAK,False,False,126.35,29.51866739011472,-0.08264165922463507,-0.13672659609914484,0.9128513124577621,0.6831251421869241,-0.08663212645187639,35.06127993868206,True,2026-10-09,False,False,NEITHER,False
IPL,0,,,,0,,WEAK,False,False,128.95,12.342703371748904,-0.17634567164359494,-0.36774843907871324,0.23472579947101194,0.6079398960741207,-0.129590052286982,32.95746389867455,True,2026-10-09,False,False,NEITHER,False
IRB,0,,,,0,,WEAK,False,False,17.48,26.467856675082196,-0.13634669794628995,-0.18817141976369456,1.0228522004274117,0.7333672194349129,-0.13492660305446708,33.899473939888026,True,2026-10-09,False,False,NEITHER,False
IRCON,0,,,,0,,WEAK,False,False,104.56,14.582316594949916,-0.1988512280620529,-0.39951152920969724,0.9283680247992488,0.5689244595737281,-0.19078248143408733,29.964307398196837,True,2026-10-09,False,False,NEITHER,False
IREDA,0,,,,0,,WEAK,False,False,104.4,20.68826482300923,-0.16854772646487837,-0.3001271480918273,0.918181552947293,0.6657392056731536,-0.13689098363591365,30.637226436617908,True,2026-10-09,False,False,NEITHER,False
IRFC,0,,,,0,,WEAK,False,False,74.7,15.579763161937594,-0.16907676604992472,-0.39816389517550865,1.0236683048995545,0.550363160257186,-0.18402569144918382,22.247100736014247,True,2026-10-09,False,False,NEITHER,False
IRIS,0,,,,0,,WEAK,False,False,214.82,16.549004777689404,-0.1655855901562353,-0.3152056371033032,0.7108773945697954,0.5535171260541086,-0.12054291285201665,38.24524684977936,True,2026-10-09,False,False,NEITHER,False
ITCHOTELS,0,,,,0,,WEAK,False,False,154.52,21.674125719007307,-0.17452856464186717,-0.27756459356768115,0.5699354177869266,0.6862865209045343,-0.03817573720806086,42.210939432012296,True,2026-10-09,False,False,NEITHER,False
ITI,0,,,,0,,WEAK,False,False,240.13,17.80157262667519,-0.17267872523686478,-0.2947723935389134,0.6915679167269257,0.6440391472954191,-0.14443602465227826,29.890056339730535,True,2026-10-09,False,False,NEITHER,False
IVALUE,0,,,,0,,WEAK,False,False,232.43,21.41862804464071,-0.24030073304027677,-0.21990270019356306,0.5983139207272851,0.6836176470588236,-0.08305367399194924,44.55863123202709,True,2026-10-09,False,False,NEITHER,False
J&KBANK,0,,,,0,,WEAK,False,False,138.23,33.25187740674398,-0.2824811607610307,0.2857408357674751,0.5484345052990411,0.6851548946716233,-0.05430090048380058,45.22632525245348,True,2026-10-09,False,False,NEITHER,False
JBMA,0,,,,0,,WEAK,False,False,528.6,17.96936107575244,-0.22691518214162043,-0.20347423748133786,0.39064407590618994,0.7167653005593015,-0.1620897094383927,34.00284327216518,True,2026-10-09,False,False,NEITHER,False
JINDALPHOT,0,,,,0,,WEAK,False,False,1021.6,16.559261982531922,-0.1085514834205934,-0.34323368691738987,0.22966115616995128,0.631943594846165,-0.0507884508918818,43.261437530310864,True,2026-10-09,False,False,NEITHER,False
JINDALPOLY,0,,,,0,,WEAK,False,False,646.8,29.547863588413847,-0.09954056662684618,0.11700200955924078,0.296874824096277,0.6301330125853315,-0.0666195163734347,48.24966978394244,True,2026-10-09,False,False,NEITHER,False
JIOFIN,0,,,,0,,WEAK,False,False,214.62,22.674278577439384,-0.11091662588506401,-0.30188991377392616,0.8473625071328902,0.6789415174134477,-0.09848361260042668,32.70948935035494,True,2026-10-09,False,False,NEITHER,False
JITFINFRA,0,,,,0,,WEAK,False,False,268.25,18.291163421944216,-0.1748692864847684,-0.2296094468816242,0.5393018858272787,0.6193004820037173,-0.13184892829299197,39.048342460331156,True,2026-10-09,False,False,NEITHER,False
JKCEMENT,0,,,,0,,WEAK,False,False,4874.0,23.85856482168871,-0.0971566175789571,-0.2611175255149588,0.6064345186065984,0.7232080614267368,-0.07469642497978055,39.99732183858874,True,2026-10-09,False,False,NEITHER,False
JKLAKSHMI,0,,,,0,,WEAK,False,False,467.3,12.37110250367353,-0.15789957171490343,-0.44494556927520423,0.7477721065088221,0.5340740820051327,-0.18553096386160325,27.858791903310745,True,2026-10-09,False,False,NEITHER,False
JKTYRE,0,,,,0,,WEAK,False,False,333.4,21.239516314725492,-0.1792479810727875,-0.11913531048020731,0.6869636232258935,0.5503424717107877,-0.13419855581813225,33.64190414379446,True,2026-10-09,False,False,NEITHER,False
JLHL,0,,,,0,,WEAK,False,False,255.7,30.42316021703512,-0.12178871828584203,-0.15456899027289617,0.9161637542933622,0.7520588235294118,-0.0754843842400054,37.257664901177755,True,2026-10-09,False,False,NEITHER,False
JMFINANCIL,0,,,,0,,WEAK,False,False,117.82,22.687491046526002,-0.05449001345873927,-0.2929975580953822,0.6165390202597332,0.661947980919299,-0.07177912413740949,40.21078153277269,True,2026-10-09,False,False,NEITHER,False
JPOLYINVST,0,,,,0,,WEAK,False,False,936.4,22.518624977051985,-0.1387048914133322,-0.11501746375010025,0.3717878225923353,0.6294279967290374,-0.10816073922926155,41.17563630025203,True,2026-10-09,False,False,NEITHER,False
JPPOWER,0,,,,0,,WEAK,False,False,14.53,20.33235845637858,-0.14629849534627126,-0.21331886626036456,0.6692068504488751,0.5930612244897959,-0.16692150139068868,36.54029746997719,True,2026-10-09,False,False,NEITHER,False
JSWENERGY,0,,,,0,,WEAK,False,False,462.3,28.576251982054256,-0.16469420940754154,-0.15041697783438923,1.0213269818386672,0.751392806908543,-0.1395215009937548,32.377987379797375,True,2026-10-09,False,False,NEITHER,False
JTEKTINDIA,0,,,,0,,WEAK,False,False,111.75,15.844112811150113,-0.22465897753393282,-0.27723296797171004,0.5079929715643781,0.6558106166543712,-0.13606678812539777,36.19996649117424,True,2026-10-09,False,False,NEITHER,False
JUBLINGREA,0,,,,0,,WEAK,False,False,625.8,31.53794679445205,-0.13068395795888121,-0.0321217250199064,0.6046498023175886,0.789820066762411,-0.06906356102423492,42.067263061221546,True,2026-10-09,False,False,NEITHER,False
JWL,0,,,,0,,WEAK,False,False,214.4,15.045561468627149,-0.16510899458122819,-0.3588516629388191,0.681157434854442,0.5984647592463364,-0.17421051316093655,29.684965200231034,True,2026-10-09,False,False,NEITHER,False
JYOTHYLAB,0,,,,0,,WEAK,False,False,187.94,16.14425534665478,-0.06283032665786015,-0.39014593813560317,0.4501135061057196,0.5885560668025526,-0.09154088011153096,36.477350854480314,True,2026-10-09,False,False,NEITHER,False
JYOTISTRUC,0,,,,0,,WEAK,False,False,8.93,13.102415084506495,-0.23740393075070299,-0.38835618036463015,0.8502904505918844,0.576500976885126,-0.2059869597273989,33.0494019220358,True,2026-10-09,False,False,NEITHER,False
KALAMANDIR,0,,,,0,,WEAK,False,False,75.14,4.116888783844956,-0.24367934569423078,-0.5884204648438469,0.7649241487941488,0.34267231130635784,-0.20259272370968318,27.546996159338732,True,2026-10-09,False,False,NEITHER,False
KALPATARU,0,,,,0,,WEAK,False,False,260.9,17.97707778188072,-0.09425443132628208,-0.29780646327089644,0.26743511527494407,0.6352568596186989,-0.12701112626699404,38.17758697420187,True,2026-10-09,False,False,NEITHER,False
KCP,0,,,,0,,WEAK,False,False,152.23,26.84707914726986,-0.10197658947802013,-0.23036874245916772,0.8167931193680584,0.7372607960779568,-0.05403336718353929,40.296052978507895,True,2026-10-09,False,False,NEITHER,False
KEI,0,,,,0,,WEAK,False,False,4585.0,34.95134754408214,-0.10962229342654628,0.07298130400283753,0.539366919022346,0.7772503814205798,-0.0775309899300971,43.2890447111793,True,2026-10-09,False,False,NEITHER,False
KELLTONTEC,0,,,,0,,WEAK,False,False,11.97,6.45646528594468,-0.22070310758135703,-0.49937264423297056,0.46651250773751163,0.48917042647677467,-0.18691271424914424,31.436586794460595,True,2026-10-09,False,False,NEITHER,False
KICL,0,,,,0,,WEAK,False,False,4820.6,31.293016615319072,-0.13084732225910578,-0.038992575414434016,0.6451905626134301,0.7367689581454611,-0.0406785862935064,42.998575356559506,True,2026-10-09,False,False,NEITHER,False
KIOCL,0,,,,0,,WEAK,False,False,358.75,25.105412663979983,-0.058275394397326874,-0.29379921259842523,0.9173860552816883,0.565361290523021,-0.045826910333377005,47.35680221205658,True,2026-10-09,False,False,NEITHER,False
KIRLPNU,0,,,,0,,WEAK,False,False,667.25,28.907058321596196,-0.25183605060747727,0.13930928340873683,0.48447626316680026,0.6101747480570722,-0.0973407229914312,42.266961014127006,True,2026-10-09,False,False,NEITHER,False
KITEX,0,,,,0,,WEAK,False,False,115.01,9.718645450517158,-0.24689350900000429,-0.3937909023298444,0.7163566477520974,0.4962994833569611,-0.21849782352634847,29.81081070693847,True,2026-10-09,False,False,NEITHER,False
KKCL,0,,,,0,,WEAK,False,False,460.1,34.38417512912402,-0.0782329848221589,-0.15282004530413507,1.1558895759172738,0.8099639290331045,-0.036840997666504435,42.04914031592409,True,2026-10-09,False,False,NEITHER,False
KNRCON,0,,,,0,,WEAK,False,False,112.92,15.553651282175752,-0.1232460365649578,-0.41508945062951397,0.6691693514370285,0.5705466403507395,-0.0967130966255098,37.79421243536479,True,2026-10-09,False,False,NEITHER,False
KPEL,0,,,,0,,WEAK,False,False,208.13,3.4823754448457045,-0.36603006577480846,-0.5085976740110858,0.6487186329390467,0.4503504544459093,-0.30916952527963676,27.978974942971362,True,2026-10-09,False,False,NEITHER,False
KPIGREEN,0,,,,0,,WEAK,False,False,325.3,20.269328363431352,-0.19499419738029866,-0.2633588374987802,0.7375912831476275,0.6012676372923274,-0.14541138473729798,41.115878108958796,True,2026-10-09,False,False,NEITHER,False
KPITTECH,0,,,,0,,WEAK,False,False,479.0,4.47111856051214,-0.14010742389839337,-0.5804997503183428,0.46954313374277956,0.3767959985542257,-0.25410677777288376,26.952211948827156,True,2026-10-09,False,False,NEITHER,False
KRSNAA,0,,,,0,,WEAK,False,False,535.5,19.25747001064803,-0.03442590999050121,-0.34846133812821745,0.3323246694778661,0.6337540779830434,-0.042302092333504224,40.142658029076586,True,2026-10-09,False,False,NEITHER,False
KSB,0,,,,0,,WEAK,False,False,784.55,28.662139912175412,-0.16559425684658335,-0.01833414451063109,0.44827081739220864,0.766726583302723,-0.07863642464736778,42.53486451249059,True,2026-10-09,False,False,NEITHER,False
KSCL,0,,,,0,,WEAK,False,False,676.8,10.168253778306081,-0.22202426518394636,-0.360566799592975,0.24897272868064954,0.6175745824641806,-0.19097415978448062,37.04469086348331,True,2026-10-09,False,False,NEITHER,False
KSOLVES,0,,,,0,,WEAK,False,False,242.37,19.328181808559698,-0.14778177407340076,-0.2246174934423779,0.37521573673141156,0.6939515671857722,-0.13068582285994565,33.447269463568304,True,2026-10-09,False,False,NEITHER,False
LANCER,0,,,,0,,WEAK,False,False,11.02,-11.465868572491226,-0.9203757190318783,-0.8961601884570083,0.6034309605249487,0.04254826254826255,-0.9182293417017268,23.27837419531825,True,2026-10-09,False,False,NEITHER,False
LAOPALA,0,,,,0,,WEAK,False,False,154.76,17.146229335550807,-0.11471495280359945,-0.3394289756065473,0.3351381323741113,0.6337427568741141,-0.10270002565803307,34.50912111617214,True,2026-10-09,False,False,NEITHER,False
LATENTVIEW,0,,,,0,,WEAK,False,False,232.01,9.821823987005907,-0.2295865691441793,-0.47240477544059123,0.9314029406381303,0.4483285024154589,-0.19377893276004424,30.682098449032495,True,2026-10-09,False,False,NEITHER,False
LAXMIDENTL,0,,,,0,,WEAK,False,False,195.92,17.787102366068904,-0.10848195805763172,-0.38467335503876954,0.5712323529585756,0.5682134771931545,-0.05125171108172901,40.220281392713225,True,2026-10-09,False,False,NEITHER,False
LEMERITE,0,,,,0,,WEAK,False,False,19.1,-2.6155971290219977,-0.15821949976021532,-0.7954155968816239,0.4076177065909969,0.17755879942536623,-0.5672761080486037,23.226211862483808,True,2026-10-09,False,False,NEITHER,False
LIBERTSHOE,0,,,,0,,WEAK,False,False,210.31,9.602960202972055,-0.2325852604712435,-0.37080029917726254,0.22940990941863448,0.6030394265232975,-0.14875503164471587,36.96892341338388,True,2026-10-09,False,False,NEITHER,False
LICI,0,,,,0,,WEAK,False,False,394.25,31.29707601544942,-0.11014555724527486,-0.10115460322781278,0.46980913987119804,0.8612875433603919,-0.025925840584485084,44.15321113248285,True,2026-10-09,False,False,NEITHER,False
LINDEINDIA,0,,,,0,,WEAK,False,False,5996.0,30.421726854496647,-0.1460019435018599,-0.031028713245981443,0.776997911571013,0.7462006068966797,-0.13158325844084387,36.11518129634586,True,2026-10-09,False,False,NEITHER,False
LT,0,,,,0,,WEAK,False,False,3703.3,38.9005585202368,-0.061457764161198636,-0.011767554059812668,1.1005485266859856,0.8422233011225694,-0.05441715849144383,40.23007576250433,True,2026-10-09,False,False,NEITHER,False
LTF,0,,,,0,,WEAK,False,False,261.2,31.65018878591554,-0.1869260700389106,0.030656342764999067,0.8019032272959017,0.771411681310327,-0.09904638756930632,38.53731865432965,True,2026-10-09,False,False,NEITHER,False
LUPIN,0,,,,0,,WEAK,False,False,1956.5,30.13922345262556,-0.21055721167490749,0.005811279478658449,0.80610808357904,0.7752506390831062,-0.13568851246889094,28.53645710024253,True,2026-10-09,False,False,NEITHER,False
LUXIND,0,,,,0,,WEAK,False,False,1130.2,27.18194619905981,-0.11290837064121517,-0.1235507739243199,0.7790911370533933,0.621039535342576,-0.08844354846110214,45.34692551549486,True,2026-10-09,False,False,NEITHER,False
MAANALU,0,,,,0,,WEAK,False,False,102.47,21.190782986636528,-0.1574576740183491,-0.2320893425867947,1.1035278668995114,0.5546714136250889,-0.18264412386610965,33.79243503932112,True,2026-10-09,False,False,NEITHER,False
MAHSCOOTER,0,,,,0,,WEAK,False,False,12155.0,28.126227616369484,-0.06398305189900955,-0.28041213129759057,1.1357628100479225,0.696904161217351,-0.03485477297900324,43.7493290067262,True,2026-10-09,False,False,NEITHER,False
MAPMYINDIA,0,,,,0,,WEAK,False,False,873.1,5.505432547765571,-0.19170855543420873,-0.48611353756969766,0.17664016816909714,0.43826953058272744,-0.07243552938618034,39.754379280753135,True,2026-10-09,False,False,NEITHER,False
MARICO,0,,,,0,,WEAK,False,False,786.15,41.55198949701652,-0.07361282667200242,0.10562103298455527,0.8931377840686964,0.8842087747015277,-0.0303806142175968,43.392021778916124,True,2026-10-09,False,False,NEITHER,False
MAXIND,0,,,,0,,WEAK,False,False,154.73,29.7834900639091,-0.0575013600184775,-0.2749976509815437,1.028791451305383,0.6876583430843967,-0.01720874749574723,47.16468285242879,True,2026-10-09,False,False,NEITHER,False
MAZDOCK,0,,,,0,,WEAK,False,False,2010.0,18.94514830331919,-0.1679564768278341,-0.2946863917846372,0.7646831703101588,0.690965180583585,-0.16936197387431462,32.18081228956761,True,2026-10-09,False,False,NEITHER,False
MCLEODRUSS,0,,,,0,,WEAK,False,False,41.23,18.819982180421416,-0.2499545373036719,-0.2026687153359391,0.7811134237262761,0.5258257629686078,-0.20950713985954955,38.03028784597992,True,2026-10-09,False,False,NEITHER,False
MCLOUD,0,,,,0,,WEAK,False,False,24.5,1.635778631254273,-0.16524702958885817,-0.676482253875975,0.37634892696172473,0.31333929191727194,-0.0699263536214372,41.80051244842815,True,2026-10-09,False,False,NEITHER,False
MEDIASSIST,0,,,,0,,WEAK,False,False,301.15,14.144802746013156,-0.15308537630739416,-0.4246159221215937,0.7966841506550445,0.5264982221946716,-0.1283357117695992,36.497398992856745,True,2026-10-09,False,False,NEITHER,False
MEDICO,0,,,,0,,WEAK,False,False,22.8,-1.4575468308547883,-0.4258373073366496,-0.5479777830936152,0.4001430117550541,0.4008438743293346,-0.4259866909377122,27.562947465660486,True,2026-10-09,False,False,NEITHER,False
MEDPLUS,0,,,,0,,WEAK,False,False,625.3,15.69777194835512,-0.24306982389572618,-0.20262689330981698,0.5088484148660789,0.6117198126909774,-0.20462495553704133,25.846585525052333,True,2026-10-09,False,False,NEITHER,False
METROBRAND,0,,,,0,,WEAK,False,False,864.65,17.416406851409718,-0.18130221165435556,-0.2870796709573459,0.49093597856759197,0.6780800311807431,-0.12017466078097366,35.757675721235714,True,2026-10-09,False,False,NEITHER,False
MGL,0,,,,0,,WEAK,False,False,1042.8,28.474478795524487,-0.059137491244069085,-0.1730353507153085,0.37547769280743243,0.801884494183444,-0.033873834404242284,42.346254738784076,True,2026-10-09,False,False,NEITHER,False
MHRIL,0,,,,0,,WEAK,False,False,188.02,9.954164628603575,-0.1955331207513915,-0.4535096449032848,0.5769016230909214,0.5326345609065156,-0.17307319600208454,26.50975052922422,True,2026-10-09,False,False,NEITHER,False
MIRZAINT,0,,,,0,,WEAK,False,False,27.27,8.730871930012798,-0.31585550470568646,-0.3148241074686502,0.16196646322734798,0.6297921589028472,-0.14380802196747958,36.82786327490872,True,2026-10-09,False,False,NEITHER,False
MMTC,0,,,,0,,WEAK,False,False,54.87,20.420312316956213,-0.1571428373871281,-0.22225375440812445,0.40435215078193826,0.7003190946854133,-0.13369996528089245,36.523533425374715,True,2026-10-09,False,False,NEITHER,False
MOIL,0,,,,0,,WEAK,False,False,234.96,12.499267904748484,-0.14248175182481748,-0.38338448083580434,0.3471672293591924,0.5894320476528864,-0.16085814823768194,31.618578011685173,True,2026-10-09,False,False,NEITHER,False
MOSCHIP,0,,,,0,,WEAK,False,False,189.1,16.904415641402103,-0.20150327610997665,-0.29809584859674765,0.31034883944995456,0.655572861838799,-0.07946939408992897,41.40686448639264,True,2026-10-09,False,False,NEITHER,False
MRF,0,,,,0,,WEAK,False,False,122090.0,25.784547585694884,-0.09017595051821048,-0.21292233065550148,0.5924218433024189,0.7476035247441878,-0.05698311123028516,34.57333397240147,True,2026-10-09,False,False,NEITHER,False
MSPL,0,,,,0,,WEAK,False,False,30.34,23.874659637759187,-0.22483391739591652,-0.18396988297559513,1.129514369766234,0.6578491045676204,-0.16864564830083165,37.354017296057606,True,2026-10-09,False,False,NEITHER,False
MSUMI,0,,,,0,,WEAK,False,False,33.55,20.488976090210027,-0.15204381215160134,-0.23443630786677472,0.6315767919632781,0.6351364230235014,-0.1229175446368953,31.179855891356922,True,2026-10-09,False,False,NEITHER,False
MTNL,0,,,,0,,WEAK,False,False,22.91,11.993025012822738,-0.21728733714716164,-0.4665890665182828,0.9830050491356018,0.5128721947413709,-0.17934328746958703,33.358520058513406,True,2026-10-09,False,False,NEITHER,False
MUFTI,0,,,,0,,WEAK,False,False,68.61,14.345324022982044,-0.17755587989682742,-0.39005916721508904,0.5732699410595291,0.6027877715081535,-0.12170728683803907,34.623885865573584,True,2026-10-09,False,False,NEITHER,False
MUNJALSHOW,0,,,,0,,WEAK,False,False,121.31,31.55278831132026,-0.06625783034495325,-0.09624815146962218,0.40212704055709425,0.8465456902759775,-0.044235035944750034,42.12888079799008,True,2026-10-09,False,False,NEITHER,False
MUTHOOTFIN,0,,,,0,,WEAK,False,False,2624.7,21.120756605587246,-0.16127689592044703,-0.1615530635667205,0.6195088603480846,0.6378824074872638,-0.15669721129591424,34.53485774318533,True,2026-10-09,False,False,NEITHER,False
MUTHOOTMF,0,,,,0,,WEAK,False,False,168.46,21.707312555513212,-0.28394115475036674,0.002380116905968732,0.2806543448010958,0.6410929978432014,-0.1368771605320196,36.5520051632482,True,2026-10-09,False,False,NEITHER,False
NACLIND,0,,,,0,,WEAK,False,False,129.11,1.6489962532661266,-0.44956513751775606,-0.40262806142995033,0.2995914572907697,0.5269795918367347,-0.23297799927809051,35.34738604576981,True,2026-10-09,False,False,NEITHER,False
NARMADA,0,,,,0,,WEAK,False,False,11.13,7.420982829207626,-0.3599769758114403,-0.12154696661567854,0.2639748122441547,0.492804979020431,-0.322766131855059,35.049711858516105,True,2026-10-09,False,False,NEITHER,False
NATCOPHARM,0,,,,0,,WEAK,False,False,789.4,24.719792446494857,-0.1964977608409807,-0.06185786172700747,0.791091454151491,0.64454394619593,-0.1721402955981756,34.63557380070564,True,2026-10-09,False,False,NEITHER,False
NAVKARCORP,0,,,,0,,WEAK,False,False,84.58,14.092830266226555,-0.22545785381213335,-0.28954222736787116,0.31759211428798884,0.6438794123554141,-0.12832580511315025,32.870649530637394,True,2026-10-09,False,False,NEITHER,False
NAVNETEDUL,0,,,,0,,WEAK,False,False,121.15,20.064532058336113,-0.19260248226578924,-0.21265685258549305,0.29130628045662477,0.7381193140341422,-0.11348037615436968,33.50723215332415,True,2026-10-09,False,False,NEITHER,False
NBCC,0,,,,0,,WEAK,False,False,74.46,14.824575400677157,-0.2501025102025748,-0.332439036869127,0.8320069335805662,0.596504121551857,-0.1895756608908634,28.98613653060721,True,2026-10-09,False,False,NEITHER,False
NDRAUTO,0,,,,0,,WEAK,False,False,682.35,18.71904077392543,-0.19783122975764933,-0.3122830881131683,0.7070424356937461,0.6346295294216895,-0.11101420090553844,38.82348879674432,True,2026-10-09,False,False,NEITHER,False
NDTV,0,,,,0,,WEAK,False,False,63.79,9.552578350207991,-0.23107520848635887,-0.392649712068986,0.44500747299807397,0.5415110216251232,-0.1636621062479072,27.634880331017868,True,2026-10-09,False,False,NEITHER,False
NESTLEIND,0,,,,0,,WEAK,False,False,1333.0,41.30444469077419,-0.08397468064334879,0.12266734164180582,0.9044781980841067,0.8583386992916935,-0.04011078522577089,43.14508786350304,True,2026-10-09,False,False,NEITHER,False
NETWORK18,0,,,,0,,WEAK,False,False,24.69,7.111292986764703,-0.20789220598116864,-0.5288168076139026,0.6343363303220371,0.46374904623615,-0.19256554359497935,29.052758705252998,True,2026-10-09,False,False,NEITHER,False
NEWGEN,0,,,,0,,WEAK,False,False,449.3,8.719594765380563,-0.12155852682649215,-0.4789196560132557,0.28266986893488383,0.43603817992686905,-0.07544702063683138,38.92929629211224,True,2026-10-09,False,False,NEITHER,False
NFL,0,,,,0,,WEAK,False,False,61.74,18.927128444157226,-0.1501206672474389,-0.32856347801498564,0.8819422198475964,0.6376255927222558,-0.13450836509154585,27.55250405324361,True,2026-10-09,False,False,NEITHER,False
NH,0,,,,0,,WEAK,False,False,1719.5,30.95959244947254,-0.14994767337516812,-0.026322883680575226,0.5234228493368512,0.8215873095862849,-0.07160561629756153,40.8008316017886,True,2026-10-09,False,False,NEITHER,False
NHPC,0,,,,0,,WEAK,False,False,72.99,30.558311730881112,-0.0830651428100424,-0.14295057993829963,0.5662564190865825,0.8429083936947848,-0.05628026965385021,40.87792915682,True,2026-10-09,False,False,NEITHER,False
NIITMTS,0,,,,0,,WEAK,False,False,200.98,7.504347742997208,-0.16111358178286173,-0.3832255079691098,0.29512159461213344,0.45907253427551264,-0.17697157340278702,35.40005994800201,True,2026-10-09,False,False,NEITHER,False
NILASPACES,0,,,,0,,WEAK,False,False,10.97,12.54624085593076,-0.12450117846900177,-0.4268547361640487,0.5487027771607899,0.5493240048668433,-0.1308825849978974,35.999856001846965,True,2026-10-09,False,False,NEITHER,False
NITCO,0,,,,0,,WEAK,False,False,77.63,13.087578516408977,-0.27121664995796746,-0.3191545142470349,0.5139747139961928,0.6501674958787531,-0.18918635934871167,37.018337014351836,True,2026-10-09,False,False,NEITHER,False
NLCINDIA,0,,,,0,,WEAK,False,False,243.55,22.60122629539166,-0.2258539943086446,-0.08442591213563988,0.5307909049575081,0.6286193119494803,-0.17530583958947768,32.839962101014805,True,2026-10-09,False,False,NEITHER,False
NMDC,0,,,,0,,WEAK,False,False,71.8,30.98738180695682,-0.15449833315874018,-0.04080592539441652,1.0405099602788448,0.7364858095528097,-0.15137714341626174,31.03691537541893,True,2026-10-09,False,False,NEITHER,False
NTPC,0,,,,0,,WEAK,False,False,312.0,33.28892511271087,-0.08468913177927573,-0.05667019382907745,1.005061406821012,0.7610289022180452,-0.12001469543434588,32.54508416768823,True,2026-10-09,False,False,NEITHER,False
NTPCGREEN,0,,,,0,,WEAK,False,False,92.6,34.62849217572405,-0.015940472884636847,-0.07009441356404889,0.6335362474635005,0.7719883481110585,-0.04621300306364852,47.82793610132726,True,2026-10-09,False,False,NEITHER,False
NUCLEUS,0,,,,0,,WEAK,False,False,639.75,17.727355062503555,-0.14977740763996783,-0.3559095046581304,0.8971172246767178,0.6109120727577106,-0.13510258099950678,32.37224209073298,True,2026-10-09,False,False,NEITHER,False
OBEROIRLTY,0,,,,0,,WEAK,False,False,1698.8,37.17268992779936,-0.11646039417738474,0.06717453793256811,0.6892636438828641,0.8562696178411797,-0.019344704761982173,46.0299705036994,True,2026-10-09,False,False,NEITHER,False
OLAELEC,0,,,,0,,WEAK,False,False,35.13,22.748575673508157,-0.13066072426006803,-0.2931589645729761,1.1728521245110293,0.6062122439602547,-0.07258136105496633,44.19503736636506,True,2026-10-09,False,False,NEITHER,False
OLECTRA,0,,,,0,,WEAK,False,False,1044.8,16.418242339046582,-0.2657145465189781,-0.31110539111644053,0.8403245819969206,0.6624389871191151,-0.17056823946142755,34.652189854924956,True,2026-10-09,False,False,NEITHER,False
OMINFRAL,0,,,,0,,WEAK,False,False,69.59,7.956100992232187,-0.23532761581898354,-0.4558262214034794,0.5517257778293851,0.5197728428602306,-0.18568604579232845,30.918493332945758,True,2026-10-09,False,False,NEITHER,False
ONIDA,0,,,,0,,WEAK,False,False,28.79,26.967839465529735,-0.3171252347201513,0.11719051178078255,0.8502124631314423,0.5848060180317479,-0.19778198585024062,37.59723575482374,True,2026-10-09,False,False,NEITHER,False
ORIENTCEM,0,,,,0,,WEAK,False,False,111.62,8.414216895827966,-0.19086623798999436,-0.4938278303038959,0.5848384932592983,0.4939228175992317,-0.1629061672641525,23.413982996675557,True,2026-10-09,False,False,NEITHER,False
ORIENTELEC,0,,,,0,,WEAK,False,False,164.77,26.117544214947852,-0.07666011309717158,-0.17895492830051873,0.2938378546904156,0.7640841532886055,-0.062108055169248666,42.511521737036254,True,2026-10-09,False,False,NEITHER,False
OSWALPUMPS,0,,,,0,,WEAK,False,False,254.35,-2.787951368334012,-0.3800877222342468,-0.671361204227281,0.4369315254800073,0.3219620253164557,-0.27252013086544497,29.4237479865981,True,2026-10-09,False,False,NEITHER,False
PANACEABIO,0,,,,0,,WEAK,False,False,345.25,12.087951876853063,-0.3683680654579189,-0.20714205919954454,0.38938947638451393,0.5336166924265843,-0.17231376479537855,36.932478022695534,True,2026-10-09,False,False,NEITHER,False
PARKHOTELS,0,,,,0,,WEAK,False,False,102.61,18.358780346088505,-0.1904978920548126,-0.3334218555669317,0.8388411178129838,0.6525192044608171,-0.1106447479494092,30.420864373597468,True,2026-10-09,False,False,NEITHER,False
PATANJALI,0,,,,0,,WEAK,False,False,360.45,17.460825721632602,-0.12320279120695576,-0.38518199795637176,0.7761844474169396,0.5948430975043587,-0.11106240505056277,39.75136544698596,True,2026-10-09,False,False,NEITHER,False
PATELENG,0,,,,0,,WEAK,False,False,24.98,15.38006277287869,-0.21322834645669286,-0.3301153288629052,0.5011579274913136,0.6438144456492639,-0.10220315988669271,39.82000829042591,True,2026-10-09,False,False,NEITHER,False
PFC,0,,,,0,,WEAK,False,False,327.8,26.826145412792215,-0.17724846423702068,-0.14844533912507973,1.1918137917306553,0.6874583538344011,-0.17698404055776146,33.0354919817167,True,2026-10-09,False,False,NEITHER,False
PFIZER,0,,,,0,,WEAK,False,False,3808.2,17.706442900822832,-0.18206361098782542,-0.27433262170258244,0.5084670631455652,0.6937319794517739,-0.16269159624819657,29.7806387667692,True,2026-10-09,False,False,NEITHER,False
PFS,0,,,,0,,WEAK,False,False,26.6,21.819605646909785,-0.1324200870064517,-0.24021704440815583,0.534867659146033,0.6567901234567901,-0.08379067771209243,41.07009337051624,True,2026-10-09,False,False,NEITHER,False
PGHH,0,,,,0,,WEAK,False,False,6942.5,7.641162380394157,-0.2175506082343457,-0.5024798953552814,0.626303965835539,0.49007909906195046,-0.20918533288591842,23.238597161832715,True,2026-10-09,False,False,NEITHER,False
PGHL,0,,,,0,,WEAK,False,False,5205.0,26.336890690611646,-0.2329373858833319,-0.1283069635417502,0.6318710321706256,0.752106292962364,-0.08380479919016068,36.081983663335095,True,2026-10-09,False,False,NEITHER,False
PHOENIXLTD,0,,,,0,,WEAK,False,False,1813.1,40.11038349954199,-0.1511985467256639,0.1362507443467893,1.0325092425429485,0.8367137269468681,-0.015681940715053598,46.21001407939093,True,2026-10-09,False,False,NEITHER,False
PICCADIL,0,,,,0,,WEAK,False,False,580.7,26.608868455775347,-0.13416406673811743,-0.10222480395881373,0.333430052920845,0.7183753899420724,-0.05778978577498227,43.8365928240818,True,2026-10-09,False,False,NEITHER,False
PIDILITIND,0,,,,0,,WEAK,False,False,1482.0,37.817169788725735,-0.06620502034605014,-0.011868602970154019,0.7596884315987634,0.8679355783308931,-0.01559264888991334,43.329168627398424,True,2026-10-09,False,False,NEITHER,False
PIGL,0,,,,0,,WEAK,False,False,94.15,9.401507841113254,-0.17585782772621128,-0.47160172931807987,0.48776055738177587,0.5094696885563956,-0.11696017721900871,39.185434271284684,True,2026-10-09,False,False,NEITHER,False
PIIND,0,,,,0,,WEAK,False,False,2118.2,15.682323216174243,-0.18470389118744335,-0.4026550280467158,1.0983768634282607,0.5555313178435375,-0.2131283687347489,28.593022633755325,True,2026-10-09,False,False,NEITHER,False
PILANIINVS,0,,,,0,,WEAK,False,False,3937.7,24.199983216734466,-0.11203066862103961,-0.2550283631881135,0.9449201414615143,0.6598231181484027,-0.10520469390790992,35.357033267298235,True,2026-10-09,False,False,NEITHER,False
PNBGILTS,0,,,,0,,WEAK,False,False,70.44,25.786439023771756,-0.17702599120968932,-0.26154363555188564,1.0948488647363044,0.7167758507245098,-0.08709313117600667,37.608167908362226,True,2026-10-09,False,False,NEITHER,False
PNCINFRA,0,,,,0,,WEAK,False,False,134.74,0.5807001085821675,-0.442823202548559,-0.5314351233665826,0.5187720484698218,0.4581734379363716,-0.32802589600831134,25.586748564447078,True,2026-10-09,False,False,NEITHER,False
POCL,0,,,,0,,WEAK,False,False,441.2,21.090176208177407,-0.22254110213510725,-0.15209022073789502,0.36834419793310885,0.6842983216658921,-0.1223312573477197,40.06686782787853,True,2026-10-09,False,False,NEITHER,False
POKARNA,0,,,,0,,WEAK,False,False,687.05,18.650804132378028,-0.3406134085845055,-0.06561139319489895,0.8209015913618016,0.5997875359366459,-0.21717238232100963,33.81188427583358,True,2026-10-09,False,False,NEITHER,False
POLYCAB,0,,,,0,,WEAK,False,False,8255.0,40.69638597211804,-0.10374029640084681,0.07298430041763027,1.097844373056184,0.815228125617223,-0.04837245987791442,45.286947916177255,True,2026-10-09,False,False,NEITHER,False
POWERGRID,0,,,,0,,WEAK,False,False,249.15,30.694312185124303,-0.11582052736607418,-0.10987588203996546,0.9760741657764985,0.7703068231276762,-0.12505689639877365,30.928668371204907,True,2026-10-09,False,False,NEITHER,False
PRAJIND,0,,,,0,,WEAK,False,False,285.8,22.789566212758448,-0.18753474848055773,-0.17407104875251145,0.7985738499811723,0.6759619386270158,-0.15910544115987033,35.07844418632416,True,2026-10-09,False,False,NEITHER,False
PRAKASH,0,,,,0,,WEAK,False,False,118.7,25.33394680519387,-0.06606131494299239,-0.26747238092565573,0.7255590808457549,0.6970239752346462,-0.09097325863183593,40.56448637265875,True,2026-10-09,False,False,NEITHER,False
PRECAM,0,,,,0,,WEAK,False,False,111.2,12.214957980409476,-0.23634964055237728,-0.42230895106029276,0.8583312348294303,0.5439386260651962,-0.1935769590462648,33.502955869605145,True,2026-10-09,False,False,NEITHER,False
PRINCEPIPE,0,,,,0,,WEAK,False,False,248.95,26.222677661057222,-0.0666008975403285,-0.2481965587473619,0.5942209255218172,0.7093250338834075,-0.052441440085457626,41.42978720701052,True,2026-10-09,False,False,NEITHER,False
PSB,0,,,,0,,WEAK,False,False,21.01,20.42656198789698,-0.1458531836774255,-0.29320769808991454,0.7828295769726216,0.6575825315191918,-0.10096910901009551,30.777305372108188,True,2026-10-09,False,False,NEITHER,False
PSPPROJECT,0,,,,0,,WEAK,False,False,747.45,24.311720824253722,-0.3009258940006754,-0.02656765805113226,0.5986299763994966,0.6539370078740158,-0.11997582807042464,36.08049083373504,True,2026-10-09,False,False,NEITHER,False
PUNJABCHEM,0,,,,0,,WEAK,False,False,1009.4,21.378201649393066,-0.08638432802551188,-0.2372535165276708,0.23857947611812047,0.6597640266589854,-0.04886189313734124,42.789959077397036,True,2026-10-09,False,False,NEITHER,False
PYRAMID,0,,,,0,,WEAK,False,False,149.18,29.283674358511664,-0.09552146104121984,-0.08813708059797598,0.4511396208587957,0.7532541628624753,-0.07868882013909666,42.6162562226194,True,2026-10-09,False,False,NEITHER,False
QUICKHEAL,0,,,,0,,WEAK,False,False,137.75,5.64159921447743,-0.17903328260407947,-0.5608862140907738,0.6145595198813241,0.37089392101173085,-0.14895237695884306,34.92504628829512,True,2026-10-09,False,False,NEITHER,False
RAILTEL,0,,,,0,,WEAK,False,False,248.15,15.910387900450706,-0.18946309293477226,-0.34681725825774534,0.6355926735197983,0.6257223218524863,-0.15117398291516818,31.502092804776225,True,2026-10-09,False,False,NEITHER,False
RALLIS,0,,,,0,,WEAK,False,False,198.06,15.501663158638161,-0.13537349427124312,-0.33697663359159113,0.39919801783087927,0.6368180985074359,-0.13192951516765192,29.420022658134812,True,2026-10-09,False,False,NEITHER,False
RAMCOCEM,0,,,,0,,WEAK,False,False,807.55,21.483658431337012,-0.14047987976111254,-0.20507157504512552,0.5842574408167447,0.6667384550193156,-0.11073762528724812,29.321499063043518,True,2026-10-09,False,False,NEITHER,False
RAMCOSYS,0,,,,0,,WEAK,False,False,542.9,19.34413741529996,-0.3260923331022544,-0.040219258255364654,0.09249989066251398,0.5611369509043928,-0.008175388405747141,47.17909082762677,True,2026-10-09,False,False,NEITHER,False
RAMKY,0,,,,0,,WEAK,False,False,267.5,2.458366601287989,-0.3350595378209239,-0.5710044706284712,0.7300255292521586,0.3806194444358484,-0.34303767831181586,20.11598353283219,True,2026-10-09,False,False,NEITHER,False
RAYMONDLSL,0,,,,0,,WEAK,False,False,596.4,10.459118998361417,-0.19833323447270823,-0.5090428719749471,0.9770139864891372,0.4791007385851031,-0.19475618365591849,32.42096771202583,True,2026-10-09,False,False,NEITHER,False
RCF,0,,,,0,,WEAK,False,False,104.44,17.739293309738382,-0.19535869925305427,-0.2735210958755224,0.5381457408788178,0.6777235067386552,-0.14078881734941284,30.800009250443523,True,2026-10-09,False,False,NEITHER,False
RECLTD,0,,,,0,,WEAK,False,False,300.0,30.230909508767525,-0.13395833214033537,-0.15430690183950124,1.0200892572587172,0.7866908654110253,-0.10936337471480288,37.27115345528211,True,2026-10-09,False,False,NEITHER,False
REDTAPE,0,,,,0,,WEAK,False,False,112.77,22.524061949237925,-0.1557432155256998,-0.1622916940830582,0.22015012568504214,0.7200529403468025,-0.1019420856939523,39.924187194635884,True,2026-10-09,False,False,NEITHER,False
REFEX,0,,,,0,,WEAK,False,False,254.4,18.272857397475576,-0.25971525580746047,-0.28521728035823424,0.5001164752108123,0.6673984477402081,-0.09841747180176857,39.618915654795956,True,2026-10-09,False,False,NEITHER,False
RELAXO,0,,,,0,,WEAK,False,False,286.0,10.31593910429362,-0.2672233799238406,-0.334498501784253,0.07701660764622224,0.6360130927937339,-0.14114507660243586,37.290609898629,True,2026-10-09,False,False,NEITHER,False
RELIGARE,0,,,,0,,WEAK,False,False,217.59,26.62225775767086,-0.19545206071784738,-0.17797510402147176,0.9453696183820907,0.7771071428571429,-0.08751226358620229,39.81847032836011,True,2026-10-09,False,False,NEITHER,False
RELTD,0,,,,0,,WEAK,False,False,141.49,28.287941223901647,-0.18739947181382943,-0.07225752346572922,0.6886634373321138,0.7202341674623581,-0.05297025274057492,42.281481095885866,True,2026-10-09,False,False,NEITHER,False
REPCOHOME,0,,,,0,,WEAK,False,False,329.4,26.527546944330126,-0.18799288181534024,-0.15182986588045233,0.9481821558263032,0.7320793130535063,-0.1251594722744625,33.040156695179405,True,2026-10-09,False,False,NEITHER,False
REPRO,0,,,,0,,WEAK,False,False,294.0,11.090678868612091,-0.1914191554873097,-0.4020744504756881,0.5930694859060669,0.49830508474576274,-0.15335992232725418,34.11668928140719,True,2026-10-09,False,False,NEITHER,False
RESPONIND,0,,,,0,,WEAK,False,False,151.72,20.376293067210995,-0.19404340942611542,-0.16404199529790953,0.2613660749660077,0.6301784309194259,-0.09504988780110477,43.36703865027977,True,2026-10-09,False,False,NEITHER,False
RHIM,0,,,,0,,WEAK,False,False,369.1,25.551760651111138,-0.11608708552886404,-0.17017795178941497,0.39881197834483356,0.7309715074622534,-0.038870140735075685,44.016663755625814,True,2026-10-09,False,False,NEITHER,False
RITES,0,,,,0,,WEAK,False,False,198.66,24.86763454479577,-0.10628752054537993,-0.19098673173878067,0.20225804971223874,0.7864107205957853,-0.04430702217022965,43.30999787128368,True,2026-10-09,False,False,NEITHER,False
ROHLTD,0,,,,0,,WEAK,False,False,287.55,16.012160154625594,-0.11251588251394784,-0.4350330261255987,1.0271209341313152,0.515038727042941,-0.09724611289247753,36.033868187008785,True,2026-10-09,False,False,NEITHER,False
ROSSARI,0,,,,0,,WEAK,False,False,409.8,17.304528739148985,-0.21823733220717534,-0.3801355728907396,1.0907260041792903,0.5942275966492044,-0.15893350846488105,33.076464093893605,True,2026-10-09,False,False,NEITHER,False
ROUTE,0,,,,0,,WEAK,False,False,416.7,6.418638449880694,-0.2285541111688143,-0.44057324419056665,0.1958574593894598,0.5323723475832918,-0.16985711270566858,27.870249669388116,True,2026-10-09,False,False,NEITHER,False
RPPINFRA,0,,,,0,,WEAK,False,False,51.62,3.110601033458404,-0.1834862542980209,-0.5771625227247588,0.3570109799598038,0.39707692307692305,-0.19441091566200225,33.16560070353253,True,2026-10-09,False,False,NEITHER,False
RTNINDIA,0,,,,0,,WEAK,False,False,24.95,7.365005138620638,-0.2567768773662885,-0.5205611152755459,0.8136335381748101,0.4577981651376147,-0.21149937033625493,29.649749656339665,True,2026-10-09,False,False,NEITHER,False
RTNPOWER,0,,,,0,,WEAK,False,False,6.54,8.793138237541168,-0.2725250092874515,-0.4303135661339935,0.6382965872529084,0.547738712716944,-0.23873821176255758,24.52451455408027,True,2026-10-09,False,False,NEITHER,False
RUSHIL,0,,,,0,,WEAK,False,False,15.62,15.498134005572016,-0.02798747278692515,-0.4515630794518376,0.28541373305715706,0.5281039116233982,-0.03327008998996093,43.04220200041792,True,2026-10-09,False,False,NEITHER,False
RUSTOMJEE,0,,,,0,,WEAK,False,False,361.2,14.632797642170967,-0.1482136295300488,-0.4168550439730988,0.5640736022494022,0.5697160883280757,-0.06957175202633045,38.991165063408005,True,2026-10-09,False,False,NEITHER,False
RVNL,0,,,,0,,WEAK,False,False,190.65,11.092782679978004,-0.1780451146219748,-0.43905031776455516,0.8144507015340758,0.47877409511306673,-0.21431577423038414,28.03981524901532,True,2026-10-09,False,False,NEITHER,False
SAATVIKGL,0,,,,0,,WEAK,False,False,395.95,22.272046146517887,-0.11854410231513735,-0.2588675713617221,0.562172307986347,0.6983245149911816,-0.09148271755949378,42.48961277091478,True,2026-10-09,False,False,NEITHER,False
SAFARI,0,,,,0,,WEAK,False,False,1319.6,13.746762710428971,-0.19002982982940986,-0.4086939170236694,0.9221322261594096,0.5269926416965622,-0.13227481941988506,32.57767205793411,True,2026-10-09,False,False,NEITHER,False
SAGCEM,0,,,,0,,WEAK,False,False,142.51,11.999368543351181,-0.21082069689351246,-0.4308024013288927,0.721809892650839,0.5531361275322931,-0.16357553194111948,28.65372120603341,True,2026-10-09,False,False,NEITHER,False
SAKSOFT,0,,,,0,,WEAK,False,False,138.79,19.497831660086803,-0.18597176845500818,-0.2823655783839465,0.5702564892828429,0.6244569870997898,-0.06290473446096172,39.52313763888961,True,2026-10-09,False,False,NEITHER,False
SALASAR,0,,,,0,,WEAK,False,False,4.08,2.5101583217211694,-0.339805806904556,-0.5451505152126996,0.7428183338421924,0.37124659553881734,-0.3441920289069223,19.714173355976627,True,2026-10-09,False,False,NEITHER,False
SALZERELEC,0,,,,0,,WEAK,False,False,497.25,12.654154107741189,-0.18563419660167124,-0.45436155442725656,0.8578587059296694,0.5244430413877655,-0.1648351100115452,31.511485884275714,True,2026-10-09,False,False,NEITHER,False
SAMHI,0,,,,0,,WEAK,False,False,141.9,18.26168084610869,-0.18014791715503808,-0.27697949673050926,0.5775237533297043,0.6530142568207945,-0.1152686352067549,36.42573329103113,True,2026-10-09,False,False,NEITHER,False
SAMMAANCAP,0,,,,0,,WEAK,False,False,126.44,17.207638011172936,-0.24041814910327808,-0.22056467113462674,0.6561915185362028,0.6552993107012945,-0.1850677378671637,34.540911513659665,True,2026-10-09,False,False,NEITHER,False
SANDHAR,0,,,,0,,WEAK,False,False,530.3,28.361544814223343,-0.2063889069541257,0.030713461655951235,0.4728344738941345,0.6992969734452584,-0.10398996712632917,40.04606152938125,True,2026-10-09,False,False,NEITHER,False
SANDUMA,0,,,,0,,WEAK,False,False,177.68,26.650567586452567,-0.12400667517400532,-0.1330881334309304,0.790204361457429,0.6524385632860342,-0.12474252572521763,37.982950647785636,True,2026-10-09,False,False,NEITHER,False
SANOFI,0,,,,0,,WEAK,False,False,2945.4,16.56296510122639,-0.13418969265651903,-0.3544629980878461,0.5714419983320579,0.6192963476201537,-0.09684885012540713,30.994535372524965,True,2026-10-09,False,False,NEITHER,False
SANOFICONR,0,,,,0,,WEAK,False,False,3581.7,18.2243123433323,-0.21569188980777765,-0.21944950777994365,0.5659225729229413,0.6920682809171936,-0.1889891800001026,26.059879914511257,True,2026-10-09,False,False,NEITHER,False
SASKEN,0,,,,0,,WEAK,False,False,1566.1,31.52222211867272,-0.23280179279145952,0.1389947613041056,0.7399698613324359,0.567327049670479,-0.10450544014068613,42.33932846833855,True,2026-10-09,False,False,NEITHER,False
SAURASHCEM,0,,,,0,,WEAK,False,False,49.25,6.458237046538986,-0.1077898674040274,-0.5338822800205761,0.30163669180953007,0.4398499550153951,-0.15500449442601358,34.566559831185515,True,2026-10-09,False,False,NEITHER,False
SBIN,0,,,,0,,WEAK,False,False,959.1,39.06782277634335,-0.07422779922779921,0.10871266756832787,0.9333607243338305,0.7907895812841033,-0.05855396231148702,40.41496312259841,True,2026-10-09,False,False,NEITHER,False
SCHAEFFLER,0,,,,0,,WEAK,False,False,3667.6,32.18518057823256,-0.10217870257037942,-0.10152187258222645,0.789224047181508,0.8251068616422947,-0.09475843942000461,38.732352755092975,True,2026-10-09,False,False,NEITHER,False
SCILAL,0,,,,0,,WEAK,False,False,37.03,27.61225676387695,-0.12131995458508105,-0.24103503038301677,1.1954807321664642,0.6826545120655496,-0.11464341293449028,34.96720026727127,True,2026-10-09,False,False,NEITHER,False
SCODATUBES,0,,,,0,,WEAK,False,False,120.24,17.48231759703215,-0.19356140122139898,-0.29178936939265565,0.6577266646648637,0.6625523629641232,-0.12707631587059343,40.342415174819614,True,2026-10-09,False,False,NEITHER,False
SERVOTECH,0,,,,0,,WEAK,False,False,69.05,7.37910330496405,-0.30169737169409416,-0.4605239804431245,0.6887279360239005,0.4881209547099863,-0.20051431639452744,29.60044861514801,True,2026-10-09,False,False,NEITHER,False
SHAH,0,,,,0,,WEAK,False,False,2.96,3.022553872998043,-0.3634408732703245,-0.27272730340162965,0.07877034383557754,0.5034013507466475,-0.3250054643984415,32.30585184542964,True,2026-10-09,False,False,NEITHER,False
SHAKTIPUMP,0,,,,0,,WEAK,False,False,419.0,7.363156884698134,-0.2752540317970351,-0.4842956829673768,0.6720139887229221,0.5058245537297237,-0.1891370531728293,29.998498198251397,True,2026-10-09,False,False,NEITHER,False
SHALBY,0,,,,0,,WEAK,False,False,131.84,8.397156146044463,-0.23152248848119727,-0.4769291870513209,0.6261789191838646,0.48293040293040296,-0.1574444719617027,32.25379828049134,True,2026-10-09,False,False,NEITHER,False
SHARDACROP,0,,,,0,,WEAK,False,False,723.9,18.67449676005115,-0.1998822393679136,-0.10274501354690857,0.4697421609865757,0.5643082183946042,-0.17814960836347615,35.89547499155718,True,2026-10-09,False,False,NEITHER,False
SHREDIGCEM,0,,,,0,,WEAK,False,False,62.68,21.279305629528572,-0.1478222117204523,-0.28813374182755935,0.8383553267040519,0.654198859246284,-0.11139799921122177,35.61112154104636,True,2026-10-09,False,False,NEITHER,False
SHREECEM,0,,,,0,,WEAK,False,False,22080.0,26.701092830604615,-0.1682362079206413,-0.2460476383534156,1.1216739021453335,0.7330403439341048,-0.09862932489625069,32.03895849243055,True,2026-10-09,False,False,NEITHER,False
SHRIRAMPPS,0,,,,0,,WEAK,False,False,66.83,15.856174519837587,-0.25711426544984217,-0.26285023935057417,0.5137488694226005,0.6720635394129111,-0.1698892852383388,32.015536429329,True,2026-10-09,False,False,NEITHER,False
SIGNATURE,0,,,,0,,WEAK,False,False,710.05,20.066090745161837,-0.1635153202309133,-0.3107648673519131,0.9706946675506006,0.6153479374095302,-0.10868841839314365,38.02667668362959,True,2026-10-09,False,False,NEITHER,False
SILGO,0,,,,0,,WEAK,False,False,70.42,35.54918258993399,-0.058556188142493415,0.025633501951907167,0.572061332369537,0.8169373839106153,-0.0471809202293714,45.87213094862807,True,2026-10-09,False,False,NEITHER,False
SILVERTUC,0,,,,0,,WEAK,False,False,131.18,-2.2709471835646187,-0.2675779561476036,-0.8228843313780935,0.8705898419855278,0.11744839272639893,-0.1951504481319811,32.102884677974856,True,2026-10-09,False,False,NEITHER,False
SINDHUTRAD,0,,,,0,,WEAK,False,False,20.86,21.940722136573726,-0.20533333333333337,-0.2065424391948305,0.7022318184676285,0.7278436884529006,-0.13766019034254193,37.99381165169364,True,2026-10-09,False,False,NEITHER,False
SIYSIL,0,,,,0,,WEAK,False,False,539.65,21.88873131099912,-0.1564816142507791,-0.23995858707802675,0.42997753196535715,0.6524106018458029,-0.05536016371795187,41.64353131522589,True,2026-10-09,False,False,NEITHER,False
SKFINDIA,0,,,,0,,WEAK,False,False,1398.8,2.3036179601007314,-0.11006492139830848,-0.7054793376976345,0.47506279398958434,0.28241243688656514,-0.10651024591983206,30.68476706592884,True,2026-10-09,False,False,NEITHER,False
SKMEGGPROD,0,,,,0,,WEAK,False,False,206.97,25.682215266625995,-0.3526718482879623,0.22688826657983285,0.304591718836644,0.5591906174526713,-0.08423483981293212,42.90005849032505,True,2026-10-09,False,False,NEITHER,False
SNOWMAN,0,,,,0,,WEAK,False,False,34.16,20.136796860718192,-0.05791501430616752,-0.33856949695071736,0.6445771620840378,0.631101791288749,-0.087785507636553,37.2790195458496,True,2026-10-09,False,False,NEITHER,False
SOBHA,0,,,,0,,WEAK,False,False,1161.7,24.428159621355363,-0.23132405050817528,-0.196651693404153,1.0979149055518331,0.6734767467168713,-0.12534289840524496,33.139844516240714,True,2026-10-09,False,False,NEITHER,False
SOLEX,0,,,,0,,WEAK,False,False,643.65,3.92709367030829,-0.354551932330042,-0.5839181342848981,1.1155286220378775,0.32451242074426473,-0.35456033574031015,24.268935542834257,True,2026-10-09,False,False,NEITHER,False
SONATSOFTW,0,,,,0,,WEAK,False,False,239.15,17.704361058455547,-0.14720323059681983,-0.33484154707514946,0.5725336021160518,0.6123444615032364,-0.12222087645080945,39.0349799560092,True,2026-10-09,False,False,NEITHER,False
SOUTHWEST,0,,,,0,,WEAK,False,False,189.24,37.46351179113294,-0.16498258870067262,0.46811488720451644,0.5069169220751454,0.6881454545454546,-0.15642008739803898,39.874612021734826,True,2026-10-09,False,False,NEITHER,False
SPANDANA,0,,,,0,,WEAK,False,False,211.08,17.155454206373918,-0.3098577871907594,-0.17272190848792957,0.4146378201263567,0.6608641328540844,-0.13557107597291024,37.38102190293524,True,2026-10-09,False,False,NEITHER,False
SPARC,0,,,,0,,WEAK,False,False,185.6,35.16793401045555,-0.2985638861724349,0.38497132757163444,0.6487688069864656,0.6422145328719723,-0.032098248317695956,47.2046597420232,True,2026-10-09,False,False,NEITHER,False
SPMLINFRA,0,,,,0,,WEAK,False,False,152.18,14.193290469444241,-0.21211491168071983,-0.36888816439928984,0.7461081346305392,0.6071414470604322,-0.19537251957637825,31.610067474624074,True,2026-10-09,False,False,NEITHER,False
SRF,0,,,,0,,WEAK,False,False,2519.5,30.023491178234984,-0.09021582869538947,-0.16384634157170963,0.5789876257752811,0.78783387392571,-0.033037465571755784,42.59250786688747,True,2026-10-09,False,False,NEITHER,False
SRM,0,,,,0,,WEAK,False,False,408.35,17.37924484448637,-0.184360321625348,-0.26568959193040775,0.5064232850741615,0.6282790865921649,-0.14063240006177755,36.86063342134679,True,2026-10-09,False,False,NEITHER,False
STANLEY,0,,,,0,,WEAK,False,False,128.34,7.263579033919996,-0.1784137092120942,-0.5732668329177057,0.6061958536089935,0.42217105263157895,-0.11114497425349781,35.40287920376028,True,2026-10-09,False,False,NEITHER,False
STARCEMENT,0,,,,0,,WEAK,False,False,168.46,12.70010091634473,-0.17928478754592558,-0.36259274227630744,0.44545215658109344,0.6198960676412477,-0.184655293106944,26.031224744454363,True,2026-10-09,False,False,NEITHER,False
STYRENIX,0,,,,0,,WEAK,False,False,1999.2,27.49104637740189,-0.11073806240334283,-0.1427095815623879,0.43701161286267276,0.7613195687533235,-0.07383496010596127,41.76716560732891,True,2026-10-09,False,False,NEITHER,False
SUBROS,0,,,,0,,WEAK,False,False,676.75,14.947245233469163,-0.17287031041592693,-0.3939078950202246,0.6706722040588731,0.5795268484739257,-0.0919277356791264,38.423876388878,True,2026-10-09,False,False,NEITHER,False
SULA,0,,,,0,,WEAK,False,False,130.96,8.966385883685433,-0.12670049255279336,-0.48587740037797555,0.33318100479166907,0.4973483449715876,-0.14532886526116437,31.810788272445294,True,2026-10-09,False,False,NEITHER,False
SUMEETINDS,0,,,,0,,WEAK,False,False,11.74,-7.747983406913876,-0.6298864989238091,-0.6544009544266658,0.19246167053773983,0.28987654320987655,-0.4952133654676292,34.08786405569863,True,2026-10-09,False,False,NEITHER,False
SUMICHEM,0,,,,0,,WEAK,False,False,417.3,22.214071580356656,-0.18569985064707684,-0.20737846343686728,0.49968277702399055,0.7294817042300603,-0.10744598281749194,39.08077208788414,True,2026-10-09,False,False,NEITHER,False
SUNPHARMA,0,,,,0,,WEAK,False,False,1760.0,38.30810054337349,-0.09067424438129679,0.06294524164960746,0.724535896813124,0.8598368161648787,-0.04001691944611748,40.84950682415202,True,2026-10-09,False,False,NEITHER,False
SUNTECK,0,,,,0,,WEAK,False,False,271.15,11.577184794478015,-0.16685703054848955,-0.3865787394678982,0.2710180686753225,0.5769405385894206,-0.11037140355804628,35.3215826417628,True,2026-10-09,False,False,NEITHER,False
SUPRAJIT,0,,,,0,,WEAK,False,False,457.65,34.99904096993188,-0.0972983736499754,0.02838253537314528,0.5701393776798496,0.821591656925372,-0.01423752544107595,45.326881555540055,True,2026-10-09,False,False,NEITHER,False
SURAJEST,0,,,,0,,WEAK,False,False,202.34,26.460664567555668,-0.011094279866967094,-0.2756756915014309,0.5440077849973195,0.634294670846395,-0.011799409440358526,48.566146198547585,True,2026-10-09,False,False,NEITHER,False
SURYAROSNI,0,,,,0,,WEAK,False,False,208.33,20.436694078690003,-0.18063417409093796,-0.2620575325439456,0.5588992284447608,0.676232199665112,-0.10805735235290104,39.65484563468667,True,2026-10-09,False,False,NEITHER,False
SURYODAY,0,,,,0,,WEAK,False,False,147.93,26.46869543924792,-0.19084139140279133,-0.012409593584718048,0.18290504786924602,0.6785779816513762,-0.05701380089752563,45.80078646484911,True,2026-10-09,False,False,NEITHER,False
SUYOG,0,,,,0,,WEAK,False,False,645.05,18.66929967917419,-0.259157022481854,-0.15680344028371174,0.4038244274144253,0.7013136115882781,-0.1538865849781898,39.05793693233224,True,2026-10-09,False,False,NEITHER,False
SUZLON,0,,,,0,,WEAK,False,False,37.6,16.283030673189145,-0.3026705994649802,-0.3076781614943723,1.1462782097526203,0.6113821138211383,-0.2374823392675599,25.611777021783666,True,2026-10-09,False,False,NEITHER,False
SWANCORP,0,,,,0,,WEAK,False,False,261.5,11.594140279742643,-0.18035969800603213,-0.411738763777281,0.6305482944313555,0.5300428997315345,-0.16001696742136418,28.113789263502213,True,2026-10-09,False,False,NEITHER,False
SWARAJENG,0,,,,0,,WEAK,False,False,3439.1,30.845623054802715,-0.09004072369603366,-0.16664801568149912,0.8877682089986011,0.7963737991093287,-0.059224741367240666,40.75445425637756,True,2026-10-09,False,False,NEITHER,False
SWSOLAR,0,,,,0,,WEAK,False,False,162.12,13.29405809799089,-0.31464807478980383,-0.350246468802041,0.8039344281077975,0.6216257959670457,-0.18219788219475763,32.95517298679901,True,2026-10-09,False,False,NEITHER,False
SYMPHONY,0,,,,0,,WEAK,False,False,540.75,8.167106692547307,-0.24249326745555944,-0.38796626164680503,0.3192368494076308,0.5620903669785944,-0.2073973106709539,27.730480892069522,True,2026-10-09,False,False,NEITHER,False
SYNGENE,0,,,,0,,WEAK,False,False,347.4,8.564691908907438,-0.17354586664511895,-0.4650957551444038,0.352370811436751,0.513120439573552,-0.1623016688717185,29.82577033654009,True,2026-10-09,False,False,NEITHER,False
TAJGVK,0,,,,0,,WEAK,False,False,325.9,26.946573311324748,-0.11796196192856034,-0.2077961862970905,0.669530064477073,0.7480970762228045,-0.02136111892077848,44.2235258773933,True,2026-10-09,False,False,NEITHER,False
TAKE,0,,,,0,,WEAK,False,False,13.35,2.5168295732680788,-0.4108561301899285,-0.1723496159583482,0.7547074114009712,0.26625449067628326,-0.5098939002266685,34.68118961440007,True,2026-10-09,False,False,NEITHER,False
TANLA,0,,,,0,,WEAK,False,False,498.35,21.731396079338,-0.09423847883798464,-0.2845157172345406,0.2584850154183065,0.6799705635313783,-0.03679295358661981,44.101530140027506,True,2026-10-09,False,False,NEITHER,False
TATACHEM,0,,,,0,,WEAK,False,False,589.75,15.57958180362956,-0.18209554124653593,-0.33689452325335134,0.49831953481417796,0.6340046268036833,-0.1374493602778404,38.36011605400538,True,2026-10-09,False,False,NEITHER,False
TATACONSUM,0,,,,0,,WEAK,False,False,955.0,27.695322173836,-0.141109830892165,-0.14506805209610418,0.7545748168211488,0.7508232336939471,-0.11733313952086044,26.797180348679774,True,2026-10-09,False,False,NEITHER,False
TATAELXSI,0,,,,0,,WEAK,False,False,3130.0,14.777292531412268,-0.1518304857097057,-0.41079412327288023,0.9581964629495123,0.5354841764096663,-0.18521320460392976,26.347639721104173,True,2026-10-09,False,False,NEITHER,False
TATAINVEST,0,,,,0,,WEAK,False,False,599.25,13.667445912752754,-0.13621621621621627,-0.35197359345618284,0.34046539998944675,0.5566917892405485,-0.09234878724556225,41.09667773742609,True,2026-10-09,False,False,NEITHER,False
TATAPOWER,0,,,,0,,WEAK,False,False,342.15,32.634811911993054,-0.10267503028147407,-0.11748228816344364,1.1928333351886982,0.740525207071025,-0.11935744403890054,36.19738225495499,True,2026-10-09,False,False,NEITHER,False
TATASTEEL,0,,,,0,,WEAK,False,False,173.8,34.93486684030819,-0.09095665159968669,0.020270571314094932,0.8321484873311057,0.790482370157016,-0.09977992048095874,37.84645920169972,True,2026-10-09,False,False,NEITHER,False
TCI,0,,,,0,,WEAK,False,False,851.45,21.277132445599435,-0.08862444268704461,-0.28329632717899866,0.46602330551300797,0.6918902736334125,-0.0767379924371541,37.173089774160275,True,2026-10-09,False,False,NEITHER,False
TCIEXP,0,,,,0,,WEAK,False,False,466.15,13.958720469561275,-0.16721750781598932,-0.31008589281591203,0.2104843726238559,0.6437441393708755,-0.11292879963229586,37.95777478804598,True,2026-10-09,False,False,NEITHER,False
TEAMLEASE,0,,,,0,,WEAK,False,False,1068.0,13.152992302105638,-0.22462612090171796,-0.4011103175251838,0.7837949333490926,0.5704518896774363,-0.1679629327275535,27.807358462843638,True,2026-10-09,False,False,NEITHER,False
TECHNOE,0,,,,0,,WEAK,False,False,954.9,22.968586700941998,-0.0841886656338453,-0.29688938655907593,0.6949822781795021,0.6921308440327747,-0.10615548105096975,42.12554498407054,True,2026-10-09,False,False,NEITHER,False
TEJASNET,0,,,,0,,WEAK,False,False,447.2,18.304923200472803,-0.20800499306794584,-0.25503913194442684,0.46666158621274867,0.6936021713842574,-0.12070915414145454,41.976345661307924,True,2026-10-09,False,False,NEITHER,False
THERMAX,0,,,,0,,WEAK,False,False,3256.3,25.715142940826375,-0.3228737783322936,0.014206613137551782,1.0242445966515275,0.6195004414579808,-0.20504856153933276,32.37674782950184,True,2026-10-09,False,False,NEITHER,False
THOMASCOTT,0,,,,0,,WEAK,False,False,269.7,25.394567769539755,-0.1670784120830765,-0.180243161094225,0.687111689461824,0.5865593892130248,-0.045009993729375704,47.067343489308925,True,2026-10-09,False,False,NEITHER,False
TIMETECHNO,0,,,,0,,WEAK,False,False,176.35,30.021350827774768,-0.0353928575691157,-0.1998500680391737,0.6275015705694647,0.7816497979457377,-0.03274041531966607,43.74666133815773,True,2026-10-09,False,False,NEITHER,False
TIRUMALCHM,0,,,,0,,WEAK,False,False,142.72,8.413104213888651,-0.14783852614744086,-0.48634156248019544,0.4523126067125387,0.48585531914893615,-0.18424426528303534,34.149580005353414,True,2026-10-09,False,False,NEITHER,False
TMPV,0,,,,0,,WEAK,False,False,279.9,8.577970915913001,-0.17177100195359452,-0.5843260215365651,0.9540170615156185,0.39279313175762326,-0.16144317651097503,30.25130822206721,True,2026-10-09,False,False,NEITHER,False
TORNTPOWER,0,,,,0,,WEAK,False,False,1188.6,27.72577692026668,-0.16260393155152886,-0.027615974162996326,0.7964331937338145,0.6538658897365357,-0.15188963834739028,36.862801064820175,True,2026-10-09,False,False,NEITHER,False
TRANSRAILL,0,,,,0,,WEAK,False,False,464.65,22.28957955587132,-0.07552595314206945,-0.3819199695897334,0.9131365359742748,0.612518304381819,-0.05429126698132043,46.04537062823097,True,2026-10-09,False,False,NEITHER,False
TRAVELFOOD,0,,,,0,,WEAK,False,False,1183.9,31.518916455339518,-0.08933018199389042,-0.1123611638386599,0.7473002499804975,0.8113003703041312,-0.05837548801101187,42.268372745951304,True,2026-10-09,False,False,NEITHER,False
TRF,0,,,,0,,WEAK,False,False,216.94,18.851201488398925,-0.07677247448951596,-0.37946225339663,0.8448884114570261,0.5594120856853038,-0.07862324117612023,42.16604228752005,True,2026-10-09,False,False,NEITHER,False
TRIDENT,0,,,,0,,WEAK,False,False,21.96,26.474776375682765,-0.13848567292330394,-0.20933290837953533,0.9443190365412059,0.724480040442774,-0.10316376672827474,31.76124488694809,True,2026-10-09,False,False,NEITHER,False
TRITURBINE,0,,,,0,,WEAK,False,False,511.1,30.32918205745962,-0.15381436014976135,-0.02178161564053671,0.7413784431094165,0.6511847320351905,-0.12770667280505682,36.06533409116654,True,2026-10-09,False,False,NEITHER,False
TRIVENI,0,,,,0,,WEAK,False,False,235.67,5.4301300455983075,-0.4880784366601656,-0.3292903193082821,0.8801571665865525,0.48298820002877274,-0.30873362040123387,36.455838899967425,True,2026-10-09,False,False,NEITHER,False
TSFINV,0,,,,0,,WEAK,False,False,403.9,18.105928266358834,-0.1503996525335528,-0.3852816066157565,0.7713793923863341,0.5900069515432634,-0.019613781458593438,45.45504602604395,True,2026-10-09,False,False,NEITHER,False
TTKPRESTIG,0,,,,0,,WEAK,False,False,515.15,21.007833909515575,-0.17498034030792575,-0.18030514393820207,0.07762023589436272,0.6751959990012403,-0.053682522859777045,39.829263113092246,True,2026-10-09,False,False,NEITHER,False
TTML,0,,,,0,,WEAK,False,False,32.89,9.417623162563139,-0.20324610046996183,-0.4299826765145356,0.43108398722365565,0.5474367343144707,-0.1784209484946769,29.447087214928843,True,2026-10-09,False,False,NEITHER,False
TVSELECT,0,,,,0,,WEAK,False,False,385.9,10.31997450218956,-0.24569977444074131,-0.3767764980744651,0.42616032474538396,0.5219449688818517,-0.1424698508066618,38.07270858115052,True,2026-10-09,False,False,NEITHER,False
TVSHLTD,0,,,,0,,WEAK,False,False,11441.0,23.132440345287286,-0.18371860730593603,-0.13473438075845634,0.6823271093193496,0.7063035331459431,-0.1642367130034775,27.58555720558134,True,2026-10-09,False,False,NEITHER,False
UBL,0,,,,0,,WEAK,False,False,1168.2,17.641748189010887,-0.11493812267148473,-0.33937175839019207,0.6181302244745727,0.6380221456882768,-0.14008866350998692,24.94328811075148,True,2026-10-09,False,False,NEITHER,False
UCOBANK,0,,,,0,,WEAK,False,False,23.25,25.429597738514012,-0.12921350802836595,-0.25665922494272353,0.9960764593831204,0.691176501177908,-0.08430439281355483,34.46270688719768,True,2026-10-09,False,False,NEITHER,False
UGROCAP,0,,,,0,,WEAK,False,False,79.93,5.63766585576748,-0.18447099012506796,-0.560582723023693,0.49466648225534976,0.41522077922077927,-0.15291299689422674,26.512054467602013,True,2026-10-09,False,False,NEITHER,False
ULTRACEMCO,0,,,,0,,WEAK,False,False,10675.0,34.63913681097518,-0.06985791490823445,-0.11302871337476461,0.9528547355856938,0.8308843465726219,-0.05371426758954223,38.534513596249745,True,2026-10-09,False,False,NEITHER,False
UNIECOM,0,,,,0,,WEAK,False,False,82.82,16.045088929051307,-0.06513146603915998,-0.39723432548042426,0.3916984666772598,0.568350256012991,-0.061043863191765704,37.46278531566493,True,2026-10-09,False,False,NEITHER,False
UNITECH,0,,,,0,,WEAK,False,False,4.06,14.893814178565123,-0.12121209944387579,-0.4498645071758822,0.9034219417609526,0.5119798345381038,-0.0900261581398228,41.6435664020544,True,2026-10-09,False,False,NEITHER,False
UPL,0,,,,0,,WEAK,False,False,488.45,20.317373809406647,-0.1707808700995186,-0.27612196929917987,1.1653393316167928,0.6072126156428057,-0.1808752906049639,27.950542326971615,True,2026-10-09,False,False,NEITHER,False
URJA,0,,,,0,,WEAK,False,False,8.33,17.444550095425154,-0.1286611261117513,-0.35275834700303577,0.7560594696651036,0.6058181818181818,-0.147040752524479,31.97922742112027,True,2026-10-09,False,False,NEITHER,False
UTIAMC,0,,,,0,,WEAK,False,False,877.7,19.483205039946192,-0.09067567123218367,-0.30367181653729924,0.3329024205553678,0.6481436816222658,-0.03468756808652208,41.76499239740102,True,2026-10-09,False,False,NEITHER,False
UTKARSHBNK,0,,,,0,,WEAK,False,False,13.58,24.997221032834943,-0.07240439333775128,-0.28777566561794476,0.9054839811159809,0.6164321187802839,-0.01994275173203666,43.705014400674955,True,2026-10-09,False,False,NEITHER,False
VAIBHAVGBL,0,,,,0,,WEAK,False,False,201.67,27.3847469662979,-0.2234810135804286,-0.08110352578023305,0.8442955297009405,0.7049415603270407,-0.09428524790167199,39.117706760173604,True,2026-10-09,False,False,NEITHER,False
VAKRANGEE,0,,,,0,,WEAK,False,False,5.04,14.624376199769827,-0.17105262117702857,-0.38536583936193136,0.9027405219169492,0.5228215581435127,-0.16703392917761153,27.49320488150981,True,2026-10-09,False,False,NEITHER,False
VASCONEQ,0,,,,0,,WEAK,False,False,30.68,12.192482934697832,-0.057160444474351424,-0.5633982999054659,0.8520717531839265,0.41131520989785875,-0.08920884398592235,41.97170472526445,True,2026-10-09,False,False,NEITHER,False
VBL,0,,,,0,,WEAK,False,False,441.0,35.44061291988001,-0.07657588401987447,-0.0026746371599403185,0.6133637290782784,0.7943308932465399,-0.04667329956945071,46.3324844111127,True,2026-10-09,False,False,NEITHER,False
VEDL,0,,,,0,,WEAK,False,False,264.0,12.342062918088768,-0.03137034737078537,-0.44336578325235165,1.0749858371951282,0.3320754716981132,-0.28435297275855465,35.88902410922495,True,2026-10-09,False,False,NEITHER,False
VEEDOL,0,,,,0,,WEAK,False,False,1352.2,26.853542905824682,-0.05619450131228676,-0.2474870498633588,0.6738489189900158,0.7145768989528581,-0.04211038542335394,40.426302551090394,True,2026-10-09,False,False,NEITHER,False
VENTIVE,0,,,,0,,WEAK,False,False,551.7,28.100687117135223,-0.11629022779517406,-0.2237776996130847,1.1273891098809734,0.6948800195447798,-0.09114122701427486,35.42171353916565,True,2026-10-09,False,False,NEITHER,False
VESUVIUS,0,,,,0,,WEAK,False,False,409.0,25.984459172735583,-0.11948331539289558,-0.18805868586682006,0.772899094398343,0.6747701106170656,-0.09912607018972644,37.86470266735143,True,2026-10-09,False,False,NEITHER,False
VIKRAMSOLR,0,,,,0,,WEAK,False,False,142.32,1.6658400038130345,-0.30012296174925224,-0.5645709122155369,0.45978296117470235,0.4015801423562378,-0.24516159698257903,28.45378423472667,True,2026-10-09,False,False,NEITHER,False
VIKRAN,0,,,,0,,WEAK,False,False,55.84,6.082433903753523,-0.24657616733920773,-0.4636644277400226,0.3421505706668112,0.4730534053561684,-0.15429881007581248,38.995959317518114,True,2026-10-09,False,False,NEITHER,False
VINATIORGA,0,,,,0,,WEAK,False,False,1124.5,18.711982769669735,-0.15075469028082455,-0.3424354013855542,0.8213875590829268,0.6510229656853623,-0.1321820471678355,23.698325604579352,True,2026-10-09,False,False,NEITHER,False
VIPIND,0,,,,0,,WEAK,False,False,269.55,16.04508106445958,-0.11039603960396038,-0.37755453735547573,0.6182654928961709,0.6026157106106613,-0.12087493836052038,33.44014177155594,True,2026-10-09,False,False,NEITHER,False
VISACHROME,0,,,,0,,WEAK,False,False,33.9,9.980112124650134,-0.15797313926194423,-0.412987012987013,0.16143958181307946,0.4600977179640244,-0.1286989625416373,42.9445220906944,True,2026-10-09,False,False,NEITHER,False
VMM,0,,,,0,,WEAK,False,False,97.5,19.119519440759223,-0.17922384671641567,-0.3331053212366549,0.9318831456139868,0.640688689003444,-0.12835137696701493,31.60920528586759,True,2026-10-09,False,False,NEITHER,False
VOLTAS,0,,,,0,,WEAK,False,False,1033.7,20.409820898130207,-0.19662699990114452,-0.26836427553027165,1.0605119485741152,0.6552589755901175,-0.1847493124046284,29.756993669495145,True,2026-10-09,False,False,NEITHER,False
VSTIND,0,,,,0,,WEAK,False,False,201.58,22.534996187822628,-0.18913919931255652,-0.18398110945857582,0.4080515079980478,0.736260849287899,-0.11463787090089926,31.98548443326426,True,2026-10-09,False,False,NEITHER,False
VSTTILLERS,0,,,,0,,WEAK,False,False,4235.1,26.218791056990927,-0.0845450972229903,-0.22256052896990042,0.8273200732833904,0.6685808323471407,-0.08341229012637384,40.52132228421282,True,2026-10-09,False,False,NEITHER,False
WAAREEENER,0,,,,0,,WEAK,False,False,2323.0,14.872460668905681,-0.2046170457905302,-0.30217524590692935,0.6621373543553178,0.6255052358564589,-0.19668805330139275,29.704237572485496,True,2026-10-09,False,False,NEITHER,False
WAAREERTL,0,,,,0,,WEAK,False,False,802.45,17.74396499143012,-0.2104201420462205,-0.2918725427316131,0.7930291624239406,0.5909057437407953,-0.13472684504937354,35.58646521353391,True,2026-10-09,False,False,NEITHER,False
WEBELSOLAR,0,,,,0,,WEAK,False,False,65.57,9.009850040951772,-0.3411430946175589,-0.4490212693500517,1.063580016922383,0.477062097636215,-0.28261927449502344,31.541097960348623,True,2026-10-09,False,False,NEITHER,False
WEL,0,,,,0,,WEAK,False,False,75.54,4.224434050463855,-0.2638144474157684,-0.4218451757264613,0.07346643023003462,0.4118876481375318,-0.24105319112760365,37.35778284411573,True,2026-10-09,False,False,NEITHER,False
WHIRLPOOL,0,,,,0,,WEAK,False,False,816.75,24.40200494854561,0.03330687834364898,-0.2974484950273505,0.3850059823787004,0.5717703741430914,-0.006705675724947099,48.49479002862205,True,2026-10-09,False,False,NEITHER,False
XCHANGING,0,,,,0,,WEAK,False,False,60.3,25.937735473975632,-0.040985926703928865,-0.2774246113718447,0.8688403184815404,0.6038064175588322,-0.020699626564832315,41.96748252548119,True,2026-10-09,False,False,NEITHER,False
XPROINDIA,0,,,,0,,WEAK,False,False,1095.0,23.957049564584032,-0.24783626646980683,0.0021059301522925455,0.31828689637052,0.6962816140898834,-0.08301338947103976,44.70786460681491,True,2026-10-09,False,False,NEITHER,False
YESBANK,0,,,,0,,WEAK,False,False,20.5,31.164423687968466,-0.14369258384784867,-0.14583333333333337,0.9376426323444432,0.795190048641828,-0.06904225506658007,39.4534585085449,True,2026-10-09,False,False,NEITHER,False
ZAGGLE,0,,,,0,,WEAK,False,False,168.3,3.989415313498882,-0.19004761808598714,-0.5328892431250747,0.3688213487172935,0.4151455415240437,-0.19529384482168127,30.150313411547145,True,2026-10-09,False,False,NEITHER,False
ZEEL,0,,,,0,,WEAK,False,False,69.97,12.285270680317057,-0.2649869380634353,-0.3570119826710072,0.6042937724793724,0.6053377561559421,-0.22760499449059668,36.52462548435953,True,2026-10-09,False,False,NEITHER,False
ZEEMEDIA,0,,,,0,,WEAK,False,False,7.03,13.497908399005258,-0.14891043520568303,-0.3784261945908708,0.3283010992424896,0.6076058932952985,-0.12536806702556139,39.68571310208198,True,2026-10-09,False,False,NEITHER,False
ZENSARTECH,0,,,,0,,WEAK,False,False,448.55,14.339545725694414,-0.0960299045178743,-0.4227125797958289,0.44675842638578467,0.5608888521666127,-0.07872512345971865,38.98086843157856,True,2026-10-09,False,False,NEITHER,False
ZUARI,0,,,,0,,WEAK,False,False,206.98,21.737012911935977,-0.12378291876048153,-0.2074286623110414,0.5211364422392413,0.5989004523860003,-0.07532441306158175,41.030160186498655,True,2026-10-09,False,False,NEITHER,False
